net,layer,shape,kind,x1,y1,x2,y2,width,via_name
VSS,met4-met5,STRIPE,via,250963,254640,252563,256240,1600,via4_1600x1600
VSS,met4-met5,STRIPE,via,223340,254640,224940,256240,1600,via4_1600x1600
VSS,met4-met5,STRIPE,via,195414,254640,197014,256240,1600,via4_1600x1600
VSS,met4-met5,STRIPE,via,168558,254640,170158,256240,1600,via4_1600x1600
VSS,met4-met5,STRIPE,via,142757,254640,144357,256240,1600,via4_1600x1600
VSS,met4-met5,STRIPE,via,115375,254640,116975,256240,1600,via4_1600x1600
VSS,met4-met5,STRIPE,via,92818,254640,94418,256240,1600,via4_1600x1600
VSS,met4-met5,STRIPE,via,64136,254640,65736,256240,1600,via4_1600x1600
VSS,met4-met5,STRIPE,via,35192,254640,36792,256240,1600,via4_1600x1600
VSS,met4-met5,STRIPE,via,250963,227440,252563,229040,1600,via4_1600x1600
VSS,met4-met5,STRIPE,via,223340,227440,224940,229040,1600,via4_1600x1600
VSS,met4-met5,STRIPE,via,195414,227440,197014,229040,1600,via4_1600x1600
VSS,met4-met5,STRIPE,via,168558,227440,170158,229040,1600,via4_1600x1600
VSS,met4-met5,STRIPE,via,142757,227440,144357,229040,1600,via4_1600x1600
VSS,met4-met5,STRIPE,via,115375,227440,116975,229040,1600,via4_1600x1600
VSS,met4-met5,STRIPE,via,92818,227440,94418,229040,1600,via4_1600x1600
VSS,met4-met5,STRIPE,via,64136,227440,65736,229040,1600,via4_1600x1600
VSS,met4-met5,STRIPE,via,35192,227440,36792,229040,1600,via4_1600x1600
VSS,met4-met5,STRIPE,via,250963,200240,252563,201840,1600,via4_1600x1600
VSS,met4-met5,STRIPE,via,223340,200240,224940,201840,1600,via4_1600x1600
VSS,met4-met5,STRIPE,via,195414,200240,197014,201840,1600,via4_1600x1600
VSS,met4-met5,STRIPE,via,168558,200240,170158,201840,1600,via4_1600x1600
VSS,met4-met5,STRIPE,via,142757,200240,144357,201840,1600,via4_1600x1600
VSS,met4-met5,STRIPE,via,115375,200240,116975,201840,1600,via4_1600x1600
VSS,met4-met5,STRIPE,via,92818,200240,94418,201840,1600,via4_1600x1600
VSS,met4-met5,STRIPE,via,64136,200240,65736,201840,1600,via4_1600x1600
VSS,met4-met5,STRIPE,via,35192,200240,36792,201840,1600,via4_1600x1600
VSS,met4-met5,STRIPE,via,250963,173040,252563,174640,1600,via4_1600x1600
VSS,met4-met5,STRIPE,via,223340,173040,224940,174640,1600,via4_1600x1600
VSS,met4-met5,STRIPE,via,195414,173040,197014,174640,1600,via4_1600x1600
VSS,met4-met5,STRIPE,via,168558,173040,170158,174640,1600,via4_1600x1600
VSS,met4-met5,STRIPE,via,142757,173040,144357,174640,1600,via4_1600x1600
VSS,met4-met5,STRIPE,via,115375,173040,116975,174640,1600,via4_1600x1600
VSS,met4-met5,STRIPE,via,92818,173040,94418,174640,1600,via4_1600x1600
VSS,met4-met5,STRIPE,via,64136,173040,65736,174640,1600,via4_1600x1600
VSS,met4-met5,STRIPE,via,35192,173040,36792,174640,1600,via4_1600x1600
VSS,met4-met5,STRIPE,via,250963,145840,252563,147440,1600,via4_1600x1600
VSS,met4-met5,STRIPE,via,223340,145840,224940,147440,1600,via4_1600x1600
VSS,met4-met5,STRIPE,via,195414,145840,197014,147440,1600,via4_1600x1600
VSS,met4-met5,STRIPE,via,168558,145840,170158,147440,1600,via4_1600x1600
VSS,met4-met5,STRIPE,via,142757,145840,144357,147440,1600,via4_1600x1600
VSS,met4-met5,STRIPE,via,115375,145840,116975,147440,1600,via4_1600x1600
VSS,met4-met5,STRIPE,via,92818,145840,94418,147440,1600,via4_1600x1600
VSS,met4-met5,STRIPE,via,64136,145840,65736,147440,1600,via4_1600x1600
VSS,met4-met5,STRIPE,via,35192,145840,36792,147440,1600,via4_1600x1600
VSS,met4-met5,STRIPE,via,250963,118640,252563,120240,1600,via4_1600x1600
VSS,met4-met5,STRIPE,via,223340,118640,224940,120240,1600,via4_1600x1600
VSS,met4-met5,STRIPE,via,195414,118640,197014,120240,1600,via4_1600x1600
VSS,met4-met5,STRIPE,via,168558,118640,170158,120240,1600,via4_1600x1600
VSS,met4-met5,STRIPE,via,142757,118640,144357,120240,1600,via4_1600x1600
VSS,met4-met5,STRIPE,via,115375,118640,116975,120240,1600,via4_1600x1600
VSS,met4-met5,STRIPE,via,92818,118640,94418,120240,1600,via4_1600x1600
VSS,met4-met5,STRIPE,via,64136,118640,65736,120240,1600,via4_1600x1600
VSS,met4-met5,STRIPE,via,35192,118640,36792,120240,1600,via4_1600x1600
VSS,met4-met5,STRIPE,via,250963,91440,252563,93040,1600,via4_1600x1600
VSS,met4-met5,STRIPE,via,223340,91440,224940,93040,1600,via4_1600x1600
VSS,met4-met5,STRIPE,via,195414,91440,197014,93040,1600,via4_1600x1600
VSS,met4-met5,STRIPE,via,168558,91440,170158,93040,1600,via4_1600x1600
VSS,met4-met5,STRIPE,via,142757,91440,144357,93040,1600,via4_1600x1600
VSS,met4-met5,STRIPE,via,115375,91440,116975,93040,1600,via4_1600x1600
VSS,met4-met5,STRIPE,via,92818,91440,94418,93040,1600,via4_1600x1600
VSS,met4-met5,STRIPE,via,64136,91440,65736,93040,1600,via4_1600x1600
VSS,met4-met5,STRIPE,via,35192,91440,36792,93040,1600,via4_1600x1600
VSS,met4-met5,STRIPE,via,250963,64240,252563,65840,1600,via4_1600x1600
VSS,met4-met5,STRIPE,via,223340,64240,224940,65840,1600,via4_1600x1600
VSS,met4-met5,STRIPE,via,195414,64240,197014,65840,1600,via4_1600x1600
VSS,met4-met5,STRIPE,via,168558,64240,170158,65840,1600,via4_1600x1600
VSS,met4-met5,STRIPE,via,142757,64240,144357,65840,1600,via4_1600x1600
VSS,met4-met5,STRIPE,via,115375,64240,116975,65840,1600,via4_1600x1600
VSS,met4-met5,STRIPE,via,92818,64240,94418,65840,1600,via4_1600x1600
VSS,met4-met5,STRIPE,via,64136,64240,65736,65840,1600,via4_1600x1600
VSS,met4-met5,STRIPE,via,35192,64240,36792,65840,1600,via4_1600x1600
VSS,met4-met5,STRIPE,via,250963,37040,252563,38640,1600,via4_1600x1600
VSS,met4-met5,STRIPE,via,223340,37040,224940,38640,1600,via4_1600x1600
VSS,met4-met5,STRIPE,via,195414,37040,197014,38640,1600,via4_1600x1600
VSS,met4-met5,STRIPE,via,168558,37040,170158,38640,1600,via4_1600x1600
VSS,met4-met5,STRIPE,via,142757,37040,144357,38640,1600,via4_1600x1600
VSS,met4-met5,STRIPE,via,115375,37040,116975,38640,1600,via4_1600x1600
VSS,met4-met5,STRIPE,via,92818,37040,94418,38640,1600,via4_1600x1600
VSS,met4-met5,STRIPE,via,64136,37040,65736,38640,1600,via4_1600x1600
VSS,met4-met5,STRIPE,via,35192,37040,36792,38640,1600,via4_1600x1600
VSS,met3-met4,STRIPE,via,250963,266320,252563,266800,1600,via3_1600x480
VSS,met2-met3,STRIPE,via,250963,266320,252563,266800,1600,via2_1600x480
VSS,met1-met2,STRIPE,via,250963,266320,252563,266800,1600,via_1600x480
VSS,met3-met4,STRIPE,via,223340,266320,224940,266800,1600,via3_1600x480
VSS,met2-met3,STRIPE,via,223340,266320,224940,266800,1600,via2_1600x480
VSS,met1-met2,STRIPE,via,223340,266320,224940,266800,1600,via_1600x480
VSS,met3-met4,STRIPE,via,195414,266320,197014,266800,1600,via3_1600x480
VSS,met2-met3,STRIPE,via,195414,266320,197014,266800,1600,via2_1600x480
VSS,met1-met2,STRIPE,via,195414,266320,197014,266800,1600,via_1600x480
VSS,met3-met4,STRIPE,via,168558,266320,170158,266800,1600,via3_1600x480
VSS,met2-met3,STRIPE,via,168558,266320,170158,266800,1600,via2_1600x480
VSS,met1-met2,STRIPE,via,168558,266320,170158,266800,1600,via_1600x480
VSS,met3-met4,STRIPE,via,142757,266320,144357,266800,1600,via3_1600x480
VSS,met2-met3,STRIPE,via,142757,266320,144357,266800,1600,via2_1600x480
VSS,met1-met2,STRIPE,via,142757,266320,144357,266800,1600,via_1600x480
VSS,met3-met4,STRIPE,via,115375,266320,116975,266800,1600,via3_1600x480
VSS,met2-met3,STRIPE,via,115375,266320,116975,266800,1600,via2_1600x480
VSS,met1-met2,STRIPE,via,115375,266320,116975,266800,1600,via_1600x480
VSS,met3-met4,STRIPE,via,92818,266320,94418,266800,1600,via3_1600x480
VSS,met2-met3,STRIPE,via,92818,266320,94418,266800,1600,via2_1600x480
VSS,met1-met2,STRIPE,via,92818,266320,94418,266800,1600,via_1600x480
VSS,met3-met4,STRIPE,via,64136,266320,65736,266800,1600,via3_1600x480
VSS,met2-met3,STRIPE,via,64136,266320,65736,266800,1600,via2_1600x480
VSS,met1-met2,STRIPE,via,64136,266320,65736,266800,1600,via_1600x480
VSS,met3-met4,STRIPE,via,35192,266320,36792,266800,1600,via3_1600x480
VSS,met2-met3,STRIPE,via,35192,266320,36792,266800,1600,via2_1600x480
VSS,met1-met2,STRIPE,via,35192,266320,36792,266800,1600,via_1600x480
VSS,met3-met4,STRIPE,via,250963,260880,252563,261360,1600,via3_1600x480
VSS,met2-met3,STRIPE,via,250963,260880,252563,261360,1600,via2_1600x480
VSS,met1-met2,STRIPE,via,250963,260880,252563,261360,1600,via_1600x480
VSS,met3-met4,STRIPE,via,223340,260880,224940,261360,1600,via3_1600x480
VSS,met2-met3,STRIPE,via,223340,260880,224940,261360,1600,via2_1600x480
VSS,met1-met2,STRIPE,via,223340,260880,224940,261360,1600,via_1600x480
VSS,met3-met4,STRIPE,via,195414,260880,197014,261360,1600,via3_1600x480
VSS,met2-met3,STRIPE,via,195414,260880,197014,261360,1600,via2_1600x480
VSS,met1-met2,STRIPE,via,195414,260880,197014,261360,1600,via_1600x480
VSS,met3-met4,STRIPE,via,168558,260880,170158,261360,1600,via3_1600x480
VSS,met2-met3,STRIPE,via,168558,260880,170158,261360,1600,via2_1600x480
VSS,met1-met2,STRIPE,via,168558,260880,170158,261360,1600,via_1600x480
VSS,met3-met4,STRIPE,via,142757,260880,144357,261360,1600,via3_1600x480
VSS,met2-met3,STRIPE,via,142757,260880,144357,261360,1600,via2_1600x480
VSS,met1-met2,STRIPE,via,142757,260880,144357,261360,1600,via_1600x480
VSS,met3-met4,STRIPE,via,115375,260880,116975,261360,1600,via3_1600x480
VSS,met2-met3,STRIPE,via,115375,260880,116975,261360,1600,via2_1600x480
VSS,met1-met2,STRIPE,via,115375,260880,116975,261360,1600,via_1600x480
VSS,met3-met4,STRIPE,via,92818,260880,94418,261360,1600,via3_1600x480
VSS,met2-met3,STRIPE,via,92818,260880,94418,261360,1600,via2_1600x480
VSS,met1-met2,STRIPE,via,92818,260880,94418,261360,1600,via_1600x480
VSS,met3-met4,STRIPE,via,64136,260880,65736,261360,1600,via3_1600x480
VSS,met2-met3,STRIPE,via,64136,260880,65736,261360,1600,via2_1600x480
VSS,met1-met2,STRIPE,via,64136,260880,65736,261360,1600,via_1600x480
VSS,met3-met4,STRIPE,via,35192,260880,36792,261360,1600,via3_1600x480
VSS,met2-met3,STRIPE,via,35192,260880,36792,261360,1600,via2_1600x480
VSS,met1-met2,STRIPE,via,35192,260880,36792,261360,1600,via_1600x480
VSS,met3-met4,STRIPE,via,250963,255440,252563,255920,1600,via3_1600x480
VSS,met2-met3,STRIPE,via,250963,255440,252563,255920,1600,via2_1600x480
VSS,met1-met2,STRIPE,via,250963,255440,252563,255920,1600,via_1600x480
VSS,met3-met4,STRIPE,via,223340,255440,224940,255920,1600,via3_1600x480
VSS,met2-met3,STRIPE,via,223340,255440,224940,255920,1600,via2_1600x480
VSS,met1-met2,STRIPE,via,223340,255440,224940,255920,1600,via_1600x480
VSS,met3-met4,STRIPE,via,195414,255440,197014,255920,1600,via3_1600x480
VSS,met2-met3,STRIPE,via,195414,255440,197014,255920,1600,via2_1600x480
VSS,met1-met2,STRIPE,via,195414,255440,197014,255920,1600,via_1600x480
VSS,met3-met4,STRIPE,via,168558,255440,170158,255920,1600,via3_1600x480
VSS,met2-met3,STRIPE,via,168558,255440,170158,255920,1600,via2_1600x480
VSS,met1-met2,STRIPE,via,168558,255440,170158,255920,1600,via_1600x480
VSS,met3-met4,STRIPE,via,142757,255440,144357,255920,1600,via3_1600x480
VSS,met2-met3,STRIPE,via,142757,255440,144357,255920,1600,via2_1600x480
VSS,met1-met2,STRIPE,via,142757,255440,144357,255920,1600,via_1600x480
VSS,met3-met4,STRIPE,via,115375,255440,116975,255920,1600,via3_1600x480
VSS,met2-met3,STRIPE,via,115375,255440,116975,255920,1600,via2_1600x480
VSS,met1-met2,STRIPE,via,115375,255440,116975,255920,1600,via_1600x480
VSS,met3-met4,STRIPE,via,92818,255440,94418,255920,1600,via3_1600x480
VSS,met2-met3,STRIPE,via,92818,255440,94418,255920,1600,via2_1600x480
VSS,met1-met2,STRIPE,via,92818,255440,94418,255920,1600,via_1600x480
VSS,met3-met4,STRIPE,via,64136,255440,65736,255920,1600,via3_1600x480
VSS,met2-met3,STRIPE,via,64136,255440,65736,255920,1600,via2_1600x480
VSS,met1-met2,STRIPE,via,64136,255440,65736,255920,1600,via_1600x480
VSS,met3-met4,STRIPE,via,35192,255440,36792,255920,1600,via3_1600x480
VSS,met2-met3,STRIPE,via,35192,255440,36792,255920,1600,via2_1600x480
VSS,met1-met2,STRIPE,via,35192,255440,36792,255920,1600,via_1600x480
VSS,met3-met4,STRIPE,via,250963,250000,252563,250480,1600,via3_1600x480
VSS,met2-met3,STRIPE,via,250963,250000,252563,250480,1600,via2_1600x480
VSS,met1-met2,STRIPE,via,250963,250000,252563,250480,1600,via_1600x480
VSS,met3-met4,STRIPE,via,223340,250000,224940,250480,1600,via3_1600x480
VSS,met2-met3,STRIPE,via,223340,250000,224940,250480,1600,via2_1600x480
VSS,met1-met2,STRIPE,via,223340,250000,224940,250480,1600,via_1600x480
VSS,met3-met4,STRIPE,via,195414,250000,197014,250480,1600,via3_1600x480
VSS,met2-met3,STRIPE,via,195414,250000,197014,250480,1600,via2_1600x480
VSS,met1-met2,STRIPE,via,195414,250000,197014,250480,1600,via_1600x480
VSS,met3-met4,STRIPE,via,168558,250000,170158,250480,1600,via3_1600x480
VSS,met2-met3,STRIPE,via,168558,250000,170158,250480,1600,via2_1600x480
VSS,met1-met2,STRIPE,via,168558,250000,170158,250480,1600,via_1600x480
VSS,met3-met4,STRIPE,via,142757,250000,144357,250480,1600,via3_1600x480
VSS,met2-met3,STRIPE,via,142757,250000,144357,250480,1600,via2_1600x480
VSS,met1-met2,STRIPE,via,142757,250000,144357,250480,1600,via_1600x480
VSS,met3-met4,STRIPE,via,115375,250000,116975,250480,1600,via3_1600x480
VSS,met2-met3,STRIPE,via,115375,250000,116975,250480,1600,via2_1600x480
VSS,met1-met2,STRIPE,via,115375,250000,116975,250480,1600,via_1600x480
VSS,met3-met4,STRIPE,via,92818,250000,94418,250480,1600,via3_1600x480
VSS,met2-met3,STRIPE,via,92818,250000,94418,250480,1600,via2_1600x480
VSS,met1-met2,STRIPE,via,92818,250000,94418,250480,1600,via_1600x480
VSS,met3-met4,STRIPE,via,64136,250000,65736,250480,1600,via3_1600x480
VSS,met2-met3,STRIPE,via,64136,250000,65736,250480,1600,via2_1600x480
VSS,met1-met2,STRIPE,via,64136,250000,65736,250480,1600,via_1600x480
VSS,met3-met4,STRIPE,via,35192,250000,36792,250480,1600,via3_1600x480
VSS,met2-met3,STRIPE,via,35192,250000,36792,250480,1600,via2_1600x480
VSS,met1-met2,STRIPE,via,35192,250000,36792,250480,1600,via_1600x480
VSS,met3-met4,STRIPE,via,250963,244560,252563,245040,1600,via3_1600x480
VSS,met2-met3,STRIPE,via,250963,244560,252563,245040,1600,via2_1600x480
VSS,met1-met2,STRIPE,via,250963,244560,252563,245040,1600,via_1600x480
VSS,met3-met4,STRIPE,via,223340,244560,224940,245040,1600,via3_1600x480
VSS,met2-met3,STRIPE,via,223340,244560,224940,245040,1600,via2_1600x480
VSS,met1-met2,STRIPE,via,223340,244560,224940,245040,1600,via_1600x480
VSS,met3-met4,STRIPE,via,195414,244560,197014,245040,1600,via3_1600x480
VSS,met2-met3,STRIPE,via,195414,244560,197014,245040,1600,via2_1600x480
VSS,met1-met2,STRIPE,via,195414,244560,197014,245040,1600,via_1600x480
VSS,met3-met4,STRIPE,via,168558,244560,170158,245040,1600,via3_1600x480
VSS,met2-met3,STRIPE,via,168558,244560,170158,245040,1600,via2_1600x480
VSS,met1-met2,STRIPE,via,168558,244560,170158,245040,1600,via_1600x480
VSS,met3-met4,STRIPE,via,142757,244560,144357,245040,1600,via3_1600x480
VSS,met2-met3,STRIPE,via,142757,244560,144357,245040,1600,via2_1600x480
VSS,met1-met2,STRIPE,via,142757,244560,144357,245040,1600,via_1600x480
VSS,met3-met4,STRIPE,via,115375,244560,116975,245040,1600,via3_1600x480
VSS,met2-met3,STRIPE,via,115375,244560,116975,245040,1600,via2_1600x480
VSS,met1-met2,STRIPE,via,115375,244560,116975,245040,1600,via_1600x480
VSS,met3-met4,STRIPE,via,92818,244560,94418,245040,1600,via3_1600x480
VSS,met2-met3,STRIPE,via,92818,244560,94418,245040,1600,via2_1600x480
VSS,met1-met2,STRIPE,via,92818,244560,94418,245040,1600,via_1600x480
VSS,met3-met4,STRIPE,via,64136,244560,65736,245040,1600,via3_1600x480
VSS,met2-met3,STRIPE,via,64136,244560,65736,245040,1600,via2_1600x480
VSS,met1-met2,STRIPE,via,64136,244560,65736,245040,1600,via_1600x480
VSS,met3-met4,STRIPE,via,35192,244560,36792,245040,1600,via3_1600x480
VSS,met2-met3,STRIPE,via,35192,244560,36792,245040,1600,via2_1600x480
VSS,met1-met2,STRIPE,via,35192,244560,36792,245040,1600,via_1600x480
VSS,met3-met4,STRIPE,via,250963,239120,252563,239600,1600,via3_1600x480
VSS,met2-met3,STRIPE,via,250963,239120,252563,239600,1600,via2_1600x480
VSS,met1-met2,STRIPE,via,250963,239120,252563,239600,1600,via_1600x480
VSS,met3-met4,STRIPE,via,223340,239120,224940,239600,1600,via3_1600x480
VSS,met2-met3,STRIPE,via,223340,239120,224940,239600,1600,via2_1600x480
VSS,met1-met2,STRIPE,via,223340,239120,224940,239600,1600,via_1600x480
VSS,met3-met4,STRIPE,via,195414,239120,197014,239600,1600,via3_1600x480
VSS,met2-met3,STRIPE,via,195414,239120,197014,239600,1600,via2_1600x480
VSS,met1-met2,STRIPE,via,195414,239120,197014,239600,1600,via_1600x480
VSS,met3-met4,STRIPE,via,168558,239120,170158,239600,1600,via3_1600x480
VSS,met2-met3,STRIPE,via,168558,239120,170158,239600,1600,via2_1600x480
VSS,met1-met2,STRIPE,via,168558,239120,170158,239600,1600,via_1600x480
VSS,met3-met4,STRIPE,via,142757,239120,144357,239600,1600,via3_1600x480
VSS,met2-met3,STRIPE,via,142757,239120,144357,239600,1600,via2_1600x480
VSS,met1-met2,STRIPE,via,142757,239120,144357,239600,1600,via_1600x480
VSS,met3-met4,STRIPE,via,115375,239120,116975,239600,1600,via3_1600x480
VSS,met2-met3,STRIPE,via,115375,239120,116975,239600,1600,via2_1600x480
VSS,met1-met2,STRIPE,via,115375,239120,116975,239600,1600,via_1600x480
VSS,met3-met4,STRIPE,via,92818,239120,94418,239600,1600,via3_1600x480
VSS,met2-met3,STRIPE,via,92818,239120,94418,239600,1600,via2_1600x480
VSS,met1-met2,STRIPE,via,92818,239120,94418,239600,1600,via_1600x480
VSS,met3-met4,STRIPE,via,64136,239120,65736,239600,1600,via3_1600x480
VSS,met2-met3,STRIPE,via,64136,239120,65736,239600,1600,via2_1600x480
VSS,met1-met2,STRIPE,via,64136,239120,65736,239600,1600,via_1600x480
VSS,met3-met4,STRIPE,via,35192,239120,36792,239600,1600,via3_1600x480
VSS,met2-met3,STRIPE,via,35192,239120,36792,239600,1600,via2_1600x480
VSS,met1-met2,STRIPE,via,35192,239120,36792,239600,1600,via_1600x480
VSS,met3-met4,STRIPE,via,250963,233680,252563,234160,1600,via3_1600x480
VSS,met2-met3,STRIPE,via,250963,233680,252563,234160,1600,via2_1600x480
VSS,met1-met2,STRIPE,via,250963,233680,252563,234160,1600,via_1600x480
VSS,met3-met4,STRIPE,via,223340,233680,224940,234160,1600,via3_1600x480
VSS,met2-met3,STRIPE,via,223340,233680,224940,234160,1600,via2_1600x480
VSS,met1-met2,STRIPE,via,223340,233680,224940,234160,1600,via_1600x480
VSS,met3-met4,STRIPE,via,195414,233680,197014,234160,1600,via3_1600x480
VSS,met2-met3,STRIPE,via,195414,233680,197014,234160,1600,via2_1600x480
VSS,met1-met2,STRIPE,via,195414,233680,197014,234160,1600,via_1600x480
VSS,met3-met4,STRIPE,via,168558,233680,170158,234160,1600,via3_1600x480
VSS,met2-met3,STRIPE,via,168558,233680,170158,234160,1600,via2_1600x480
VSS,met1-met2,STRIPE,via,168558,233680,170158,234160,1600,via_1600x480
VSS,met3-met4,STRIPE,via,142757,233680,144357,234160,1600,via3_1600x480
VSS,met2-met3,STRIPE,via,142757,233680,144357,234160,1600,via2_1600x480
VSS,met1-met2,STRIPE,via,142757,233680,144357,234160,1600,via_1600x480
VSS,met3-met4,STRIPE,via,115375,233680,116975,234160,1600,via3_1600x480
VSS,met2-met3,STRIPE,via,115375,233680,116975,234160,1600,via2_1600x480
VSS,met1-met2,STRIPE,via,115375,233680,116975,234160,1600,via_1600x480
VSS,met3-met4,STRIPE,via,92818,233680,94418,234160,1600,via3_1600x480
VSS,met2-met3,STRIPE,via,92818,233680,94418,234160,1600,via2_1600x480
VSS,met1-met2,STRIPE,via,92818,233680,94418,234160,1600,via_1600x480
VSS,met3-met4,STRIPE,via,64136,233680,65736,234160,1600,via3_1600x480
VSS,met2-met3,STRIPE,via,64136,233680,65736,234160,1600,via2_1600x480
VSS,met1-met2,STRIPE,via,64136,233680,65736,234160,1600,via_1600x480
VSS,met3-met4,STRIPE,via,35192,233680,36792,234160,1600,via3_1600x480
VSS,met2-met3,STRIPE,via,35192,233680,36792,234160,1600,via2_1600x480
VSS,met1-met2,STRIPE,via,35192,233680,36792,234160,1600,via_1600x480
VSS,met3-met4,STRIPE,via,250963,228240,252563,228720,1600,via3_1600x480
VSS,met2-met3,STRIPE,via,250963,228240,252563,228720,1600,via2_1600x480
VSS,met1-met2,STRIPE,via,250963,228240,252563,228720,1600,via_1600x480
VSS,met3-met4,STRIPE,via,223340,228240,224940,228720,1600,via3_1600x480
VSS,met2-met3,STRIPE,via,223340,228240,224940,228720,1600,via2_1600x480
VSS,met1-met2,STRIPE,via,223340,228240,224940,228720,1600,via_1600x480
VSS,met3-met4,STRIPE,via,195414,228240,197014,228720,1600,via3_1600x480
VSS,met2-met3,STRIPE,via,195414,228240,197014,228720,1600,via2_1600x480
VSS,met1-met2,STRIPE,via,195414,228240,197014,228720,1600,via_1600x480
VSS,met3-met4,STRIPE,via,168558,228240,170158,228720,1600,via3_1600x480
VSS,met2-met3,STRIPE,via,168558,228240,170158,228720,1600,via2_1600x480
VSS,met1-met2,STRIPE,via,168558,228240,170158,228720,1600,via_1600x480
VSS,met3-met4,STRIPE,via,142757,228240,144357,228720,1600,via3_1600x480
VSS,met2-met3,STRIPE,via,142757,228240,144357,228720,1600,via2_1600x480
VSS,met1-met2,STRIPE,via,142757,228240,144357,228720,1600,via_1600x480
VSS,met3-met4,STRIPE,via,115375,228240,116975,228720,1600,via3_1600x480
VSS,met2-met3,STRIPE,via,115375,228240,116975,228720,1600,via2_1600x480
VSS,met1-met2,STRIPE,via,115375,228240,116975,228720,1600,via_1600x480
VSS,met3-met4,STRIPE,via,92818,228240,94418,228720,1600,via3_1600x480
VSS,met2-met3,STRIPE,via,92818,228240,94418,228720,1600,via2_1600x480
VSS,met1-met2,STRIPE,via,92818,228240,94418,228720,1600,via_1600x480
VSS,met3-met4,STRIPE,via,64136,228240,65736,228720,1600,via3_1600x480
VSS,met2-met3,STRIPE,via,64136,228240,65736,228720,1600,via2_1600x480
VSS,met1-met2,STRIPE,via,64136,228240,65736,228720,1600,via_1600x480
VSS,met3-met4,STRIPE,via,35192,228240,36792,228720,1600,via3_1600x480
VSS,met2-met3,STRIPE,via,35192,228240,36792,228720,1600,via2_1600x480
VSS,met1-met2,STRIPE,via,35192,228240,36792,228720,1600,via_1600x480
VSS,met3-met4,STRIPE,via,250963,222800,252563,223280,1600,via3_1600x480
VSS,met2-met3,STRIPE,via,250963,222800,252563,223280,1600,via2_1600x480
VSS,met1-met2,STRIPE,via,250963,222800,252563,223280,1600,via_1600x480
VSS,met3-met4,STRIPE,via,223340,222800,224940,223280,1600,via3_1600x480
VSS,met2-met3,STRIPE,via,223340,222800,224940,223280,1600,via2_1600x480
VSS,met1-met2,STRIPE,via,223340,222800,224940,223280,1600,via_1600x480
VSS,met3-met4,STRIPE,via,195414,222800,197014,223280,1600,via3_1600x480
VSS,met2-met3,STRIPE,via,195414,222800,197014,223280,1600,via2_1600x480
VSS,met1-met2,STRIPE,via,195414,222800,197014,223280,1600,via_1600x480
VSS,met3-met4,STRIPE,via,168558,222800,170158,223280,1600,via3_1600x480
VSS,met2-met3,STRIPE,via,168558,222800,170158,223280,1600,via2_1600x480
VSS,met1-met2,STRIPE,via,168558,222800,170158,223280,1600,via_1600x480
VSS,met3-met4,STRIPE,via,142757,222800,144357,223280,1600,via3_1600x480
VSS,met2-met3,STRIPE,via,142757,222800,144357,223280,1600,via2_1600x480
VSS,met1-met2,STRIPE,via,142757,222800,144357,223280,1600,via_1600x480
VSS,met3-met4,STRIPE,via,115375,222800,116975,223280,1600,via3_1600x480
VSS,met2-met3,STRIPE,via,115375,222800,116975,223280,1600,via2_1600x480
VSS,met1-met2,STRIPE,via,115375,222800,116975,223280,1600,via_1600x480
VSS,met3-met4,STRIPE,via,92818,222800,94418,223280,1600,via3_1600x480
VSS,met2-met3,STRIPE,via,92818,222800,94418,223280,1600,via2_1600x480
VSS,met1-met2,STRIPE,via,92818,222800,94418,223280,1600,via_1600x480
VSS,met3-met4,STRIPE,via,64136,222800,65736,223280,1600,via3_1600x480
VSS,met2-met3,STRIPE,via,64136,222800,65736,223280,1600,via2_1600x480
VSS,met1-met2,STRIPE,via,64136,222800,65736,223280,1600,via_1600x480
VSS,met3-met4,STRIPE,via,35192,222800,36792,223280,1600,via3_1600x480
VSS,met2-met3,STRIPE,via,35192,222800,36792,223280,1600,via2_1600x480
VSS,met1-met2,STRIPE,via,35192,222800,36792,223280,1600,via_1600x480
VSS,met3-met4,STRIPE,via,250963,217360,252563,217840,1600,via3_1600x480
VSS,met2-met3,STRIPE,via,250963,217360,252563,217840,1600,via2_1600x480
VSS,met1-met2,STRIPE,via,250963,217360,252563,217840,1600,via_1600x480
VSS,met3-met4,STRIPE,via,223340,217360,224940,217840,1600,via3_1600x480
VSS,met2-met3,STRIPE,via,223340,217360,224940,217840,1600,via2_1600x480
VSS,met1-met2,STRIPE,via,223340,217360,224940,217840,1600,via_1600x480
VSS,met3-met4,STRIPE,via,195414,217360,197014,217840,1600,via3_1600x480
VSS,met2-met3,STRIPE,via,195414,217360,197014,217840,1600,via2_1600x480
VSS,met1-met2,STRIPE,via,195414,217360,197014,217840,1600,via_1600x480
VSS,met3-met4,STRIPE,via,168558,217360,170158,217840,1600,via3_1600x480
VSS,met2-met3,STRIPE,via,168558,217360,170158,217840,1600,via2_1600x480
VSS,met1-met2,STRIPE,via,168558,217360,170158,217840,1600,via_1600x480
VSS,met3-met4,STRIPE,via,142757,217360,144357,217840,1600,via3_1600x480
VSS,met2-met3,STRIPE,via,142757,217360,144357,217840,1600,via2_1600x480
VSS,met1-met2,STRIPE,via,142757,217360,144357,217840,1600,via_1600x480
VSS,met3-met4,STRIPE,via,115375,217360,116975,217840,1600,via3_1600x480
VSS,met2-met3,STRIPE,via,115375,217360,116975,217840,1600,via2_1600x480
VSS,met1-met2,STRIPE,via,115375,217360,116975,217840,1600,via_1600x480
VSS,met3-met4,STRIPE,via,92818,217360,94418,217840,1600,via3_1600x480
VSS,met2-met3,STRIPE,via,92818,217360,94418,217840,1600,via2_1600x480
VSS,met1-met2,STRIPE,via,92818,217360,94418,217840,1600,via_1600x480
VSS,met3-met4,STRIPE,via,64136,217360,65736,217840,1600,via3_1600x480
VSS,met2-met3,STRIPE,via,64136,217360,65736,217840,1600,via2_1600x480
VSS,met1-met2,STRIPE,via,64136,217360,65736,217840,1600,via_1600x480
VSS,met3-met4,STRIPE,via,35192,217360,36792,217840,1600,via3_1600x480
VSS,met2-met3,STRIPE,via,35192,217360,36792,217840,1600,via2_1600x480
VSS,met1-met2,STRIPE,via,35192,217360,36792,217840,1600,via_1600x480
VSS,met3-met4,STRIPE,via,250963,211920,252563,212400,1600,via3_1600x480
VSS,met2-met3,STRIPE,via,250963,211920,252563,212400,1600,via2_1600x480
VSS,met1-met2,STRIPE,via,250963,211920,252563,212400,1600,via_1600x480
VSS,met3-met4,STRIPE,via,223340,211920,224940,212400,1600,via3_1600x480
VSS,met2-met3,STRIPE,via,223340,211920,224940,212400,1600,via2_1600x480
VSS,met1-met2,STRIPE,via,223340,211920,224940,212400,1600,via_1600x480
VSS,met3-met4,STRIPE,via,195414,211920,197014,212400,1600,via3_1600x480
VSS,met2-met3,STRIPE,via,195414,211920,197014,212400,1600,via2_1600x480
VSS,met1-met2,STRIPE,via,195414,211920,197014,212400,1600,via_1600x480
VSS,met3-met4,STRIPE,via,168558,211920,170158,212400,1600,via3_1600x480
VSS,met2-met3,STRIPE,via,168558,211920,170158,212400,1600,via2_1600x480
VSS,met1-met2,STRIPE,via,168558,211920,170158,212400,1600,via_1600x480
VSS,met3-met4,STRIPE,via,142757,211920,144357,212400,1600,via3_1600x480
VSS,met2-met3,STRIPE,via,142757,211920,144357,212400,1600,via2_1600x480
VSS,met1-met2,STRIPE,via,142757,211920,144357,212400,1600,via_1600x480
VSS,met3-met4,STRIPE,via,115375,211920,116975,212400,1600,via3_1600x480
VSS,met2-met3,STRIPE,via,115375,211920,116975,212400,1600,via2_1600x480
VSS,met1-met2,STRIPE,via,115375,211920,116975,212400,1600,via_1600x480
VSS,met3-met4,STRIPE,via,92818,211920,94418,212400,1600,via3_1600x480
VSS,met2-met3,STRIPE,via,92818,211920,94418,212400,1600,via2_1600x480
VSS,met1-met2,STRIPE,via,92818,211920,94418,212400,1600,via_1600x480
VSS,met3-met4,STRIPE,via,64136,211920,65736,212400,1600,via3_1600x480
VSS,met2-met3,STRIPE,via,64136,211920,65736,212400,1600,via2_1600x480
VSS,met1-met2,STRIPE,via,64136,211920,65736,212400,1600,via_1600x480
VSS,met3-met4,STRIPE,via,35192,211920,36792,212400,1600,via3_1600x480
VSS,met2-met3,STRIPE,via,35192,211920,36792,212400,1600,via2_1600x480
VSS,met1-met2,STRIPE,via,35192,211920,36792,212400,1600,via_1600x480
VSS,met3-met4,STRIPE,via,250963,206480,252563,206960,1600,via3_1600x480
VSS,met2-met3,STRIPE,via,250963,206480,252563,206960,1600,via2_1600x480
VSS,met1-met2,STRIPE,via,250963,206480,252563,206960,1600,via_1600x480
VSS,met3-met4,STRIPE,via,223340,206480,224940,206960,1600,via3_1600x480
VSS,met2-met3,STRIPE,via,223340,206480,224940,206960,1600,via2_1600x480
VSS,met1-met2,STRIPE,via,223340,206480,224940,206960,1600,via_1600x480
VSS,met3-met4,STRIPE,via,195414,206480,197014,206960,1600,via3_1600x480
VSS,met2-met3,STRIPE,via,195414,206480,197014,206960,1600,via2_1600x480
VSS,met1-met2,STRIPE,via,195414,206480,197014,206960,1600,via_1600x480
VSS,met3-met4,STRIPE,via,168558,206480,170158,206960,1600,via3_1600x480
VSS,met2-met3,STRIPE,via,168558,206480,170158,206960,1600,via2_1600x480
VSS,met1-met2,STRIPE,via,168558,206480,170158,206960,1600,via_1600x480
VSS,met3-met4,STRIPE,via,142757,206480,144357,206960,1600,via3_1600x480
VSS,met2-met3,STRIPE,via,142757,206480,144357,206960,1600,via2_1600x480
VSS,met1-met2,STRIPE,via,142757,206480,144357,206960,1600,via_1600x480
VSS,met3-met4,STRIPE,via,115375,206480,116975,206960,1600,via3_1600x480
VSS,met2-met3,STRIPE,via,115375,206480,116975,206960,1600,via2_1600x480
VSS,met1-met2,STRIPE,via,115375,206480,116975,206960,1600,via_1600x480
VSS,met3-met4,STRIPE,via,92818,206480,94418,206960,1600,via3_1600x480
VSS,met2-met3,STRIPE,via,92818,206480,94418,206960,1600,via2_1600x480
VSS,met1-met2,STRIPE,via,92818,206480,94418,206960,1600,via_1600x480
VSS,met3-met4,STRIPE,via,64136,206480,65736,206960,1600,via3_1600x480
VSS,met2-met3,STRIPE,via,64136,206480,65736,206960,1600,via2_1600x480
VSS,met1-met2,STRIPE,via,64136,206480,65736,206960,1600,via_1600x480
VSS,met3-met4,STRIPE,via,35192,206480,36792,206960,1600,via3_1600x480
VSS,met2-met3,STRIPE,via,35192,206480,36792,206960,1600,via2_1600x480
VSS,met1-met2,STRIPE,via,35192,206480,36792,206960,1600,via_1600x480
VSS,met3-met4,STRIPE,via,250963,201040,252563,201520,1600,via3_1600x480
VSS,met2-met3,STRIPE,via,250963,201040,252563,201520,1600,via2_1600x480
VSS,met1-met2,STRIPE,via,250963,201040,252563,201520,1600,via_1600x480
VSS,met3-met4,STRIPE,via,223340,201040,224940,201520,1600,via3_1600x480
VSS,met2-met3,STRIPE,via,223340,201040,224940,201520,1600,via2_1600x480
VSS,met1-met2,STRIPE,via,223340,201040,224940,201520,1600,via_1600x480
VSS,met3-met4,STRIPE,via,195414,201040,197014,201520,1600,via3_1600x480
VSS,met2-met3,STRIPE,via,195414,201040,197014,201520,1600,via2_1600x480
VSS,met1-met2,STRIPE,via,195414,201040,197014,201520,1600,via_1600x480
VSS,met3-met4,STRIPE,via,168558,201040,170158,201520,1600,via3_1600x480
VSS,met2-met3,STRIPE,via,168558,201040,170158,201520,1600,via2_1600x480
VSS,met1-met2,STRIPE,via,168558,201040,170158,201520,1600,via_1600x480
VSS,met3-met4,STRIPE,via,142757,201040,144357,201520,1600,via3_1600x480
VSS,met2-met3,STRIPE,via,142757,201040,144357,201520,1600,via2_1600x480
VSS,met1-met2,STRIPE,via,142757,201040,144357,201520,1600,via_1600x480
VSS,met3-met4,STRIPE,via,115375,201040,116975,201520,1600,via3_1600x480
VSS,met2-met3,STRIPE,via,115375,201040,116975,201520,1600,via2_1600x480
VSS,met1-met2,STRIPE,via,115375,201040,116975,201520,1600,via_1600x480
VSS,met3-met4,STRIPE,via,92818,201040,94418,201520,1600,via3_1600x480
VSS,met2-met3,STRIPE,via,92818,201040,94418,201520,1600,via2_1600x480
VSS,met1-met2,STRIPE,via,92818,201040,94418,201520,1600,via_1600x480
VSS,met3-met4,STRIPE,via,64136,201040,65736,201520,1600,via3_1600x480
VSS,met2-met3,STRIPE,via,64136,201040,65736,201520,1600,via2_1600x480
VSS,met1-met2,STRIPE,via,64136,201040,65736,201520,1600,via_1600x480
VSS,met3-met4,STRIPE,via,35192,201040,36792,201520,1600,via3_1600x480
VSS,met2-met3,STRIPE,via,35192,201040,36792,201520,1600,via2_1600x480
VSS,met1-met2,STRIPE,via,35192,201040,36792,201520,1600,via_1600x480
VSS,met3-met4,STRIPE,via,250963,195600,252563,196080,1600,via3_1600x480
VSS,met2-met3,STRIPE,via,250963,195600,252563,196080,1600,via2_1600x480
VSS,met1-met2,STRIPE,via,250963,195600,252563,196080,1600,via_1600x480
VSS,met3-met4,STRIPE,via,223340,195600,224940,196080,1600,via3_1600x480
VSS,met2-met3,STRIPE,via,223340,195600,224940,196080,1600,via2_1600x480
VSS,met1-met2,STRIPE,via,223340,195600,224940,196080,1600,via_1600x480
VSS,met3-met4,STRIPE,via,195414,195600,197014,196080,1600,via3_1600x480
VSS,met2-met3,STRIPE,via,195414,195600,197014,196080,1600,via2_1600x480
VSS,met1-met2,STRIPE,via,195414,195600,197014,196080,1600,via_1600x480
VSS,met3-met4,STRIPE,via,168558,195600,170158,196080,1600,via3_1600x480
VSS,met2-met3,STRIPE,via,168558,195600,170158,196080,1600,via2_1600x480
VSS,met1-met2,STRIPE,via,168558,195600,170158,196080,1600,via_1600x480
VSS,met3-met4,STRIPE,via,142757,195600,144357,196080,1600,via3_1600x480
VSS,met2-met3,STRIPE,via,142757,195600,144357,196080,1600,via2_1600x480
VSS,met1-met2,STRIPE,via,142757,195600,144357,196080,1600,via_1600x480
VSS,met3-met4,STRIPE,via,115375,195600,116975,196080,1600,via3_1600x480
VSS,met2-met3,STRIPE,via,115375,195600,116975,196080,1600,via2_1600x480
VSS,met1-met2,STRIPE,via,115375,195600,116975,196080,1600,via_1600x480
VSS,met3-met4,STRIPE,via,92818,195600,94418,196080,1600,via3_1600x480
VSS,met2-met3,STRIPE,via,92818,195600,94418,196080,1600,via2_1600x480
VSS,met1-met2,STRIPE,via,92818,195600,94418,196080,1600,via_1600x480
VSS,met3-met4,STRIPE,via,64136,195600,65736,196080,1600,via3_1600x480
VSS,met2-met3,STRIPE,via,64136,195600,65736,196080,1600,via2_1600x480
VSS,met1-met2,STRIPE,via,64136,195600,65736,196080,1600,via_1600x480
VSS,met3-met4,STRIPE,via,35192,195600,36792,196080,1600,via3_1600x480
VSS,met2-met3,STRIPE,via,35192,195600,36792,196080,1600,via2_1600x480
VSS,met1-met2,STRIPE,via,35192,195600,36792,196080,1600,via_1600x480
VSS,met3-met4,STRIPE,via,250963,190160,252563,190640,1600,via3_1600x480
VSS,met2-met3,STRIPE,via,250963,190160,252563,190640,1600,via2_1600x480
VSS,met1-met2,STRIPE,via,250963,190160,252563,190640,1600,via_1600x480
VSS,met3-met4,STRIPE,via,223340,190160,224940,190640,1600,via3_1600x480
VSS,met2-met3,STRIPE,via,223340,190160,224940,190640,1600,via2_1600x480
VSS,met1-met2,STRIPE,via,223340,190160,224940,190640,1600,via_1600x480
VSS,met3-met4,STRIPE,via,195414,190160,197014,190640,1600,via3_1600x480
VSS,met2-met3,STRIPE,via,195414,190160,197014,190640,1600,via2_1600x480
VSS,met1-met2,STRIPE,via,195414,190160,197014,190640,1600,via_1600x480
VSS,met3-met4,STRIPE,via,168558,190160,170158,190640,1600,via3_1600x480
VSS,met2-met3,STRIPE,via,168558,190160,170158,190640,1600,via2_1600x480
VSS,met1-met2,STRIPE,via,168558,190160,170158,190640,1600,via_1600x480
VSS,met3-met4,STRIPE,via,142757,190160,144357,190640,1600,via3_1600x480
VSS,met2-met3,STRIPE,via,142757,190160,144357,190640,1600,via2_1600x480
VSS,met1-met2,STRIPE,via,142757,190160,144357,190640,1600,via_1600x480
VSS,met3-met4,STRIPE,via,115375,190160,116975,190640,1600,via3_1600x480
VSS,met2-met3,STRIPE,via,115375,190160,116975,190640,1600,via2_1600x480
VSS,met1-met2,STRIPE,via,115375,190160,116975,190640,1600,via_1600x480
VSS,met3-met4,STRIPE,via,92818,190160,94418,190640,1600,via3_1600x480
VSS,met2-met3,STRIPE,via,92818,190160,94418,190640,1600,via2_1600x480
VSS,met1-met2,STRIPE,via,92818,190160,94418,190640,1600,via_1600x480
VSS,met3-met4,STRIPE,via,64136,190160,65736,190640,1600,via3_1600x480
VSS,met2-met3,STRIPE,via,64136,190160,65736,190640,1600,via2_1600x480
VSS,met1-met2,STRIPE,via,64136,190160,65736,190640,1600,via_1600x480
VSS,met3-met4,STRIPE,via,35192,190160,36792,190640,1600,via3_1600x480
VSS,met2-met3,STRIPE,via,35192,190160,36792,190640,1600,via2_1600x480
VSS,met1-met2,STRIPE,via,35192,190160,36792,190640,1600,via_1600x480
VSS,met3-met4,STRIPE,via,250963,184720,252563,185200,1600,via3_1600x480
VSS,met2-met3,STRIPE,via,250963,184720,252563,185200,1600,via2_1600x480
VSS,met1-met2,STRIPE,via,250963,184720,252563,185200,1600,via_1600x480
VSS,met3-met4,STRIPE,via,223340,184720,224940,185200,1600,via3_1600x480
VSS,met2-met3,STRIPE,via,223340,184720,224940,185200,1600,via2_1600x480
VSS,met1-met2,STRIPE,via,223340,184720,224940,185200,1600,via_1600x480
VSS,met3-met4,STRIPE,via,195414,184720,197014,185200,1600,via3_1600x480
VSS,met2-met3,STRIPE,via,195414,184720,197014,185200,1600,via2_1600x480
VSS,met1-met2,STRIPE,via,195414,184720,197014,185200,1600,via_1600x480
VSS,met3-met4,STRIPE,via,168558,184720,170158,185200,1600,via3_1600x480
VSS,met2-met3,STRIPE,via,168558,184720,170158,185200,1600,via2_1600x480
VSS,met1-met2,STRIPE,via,168558,184720,170158,185200,1600,via_1600x480
VSS,met3-met4,STRIPE,via,142757,184720,144357,185200,1600,via3_1600x480
VSS,met2-met3,STRIPE,via,142757,184720,144357,185200,1600,via2_1600x480
VSS,met1-met2,STRIPE,via,142757,184720,144357,185200,1600,via_1600x480
VSS,met3-met4,STRIPE,via,115375,184720,116975,185200,1600,via3_1600x480
VSS,met2-met3,STRIPE,via,115375,184720,116975,185200,1600,via2_1600x480
VSS,met1-met2,STRIPE,via,115375,184720,116975,185200,1600,via_1600x480
VSS,met3-met4,STRIPE,via,92818,184720,94418,185200,1600,via3_1600x480
VSS,met2-met3,STRIPE,via,92818,184720,94418,185200,1600,via2_1600x480
VSS,met1-met2,STRIPE,via,92818,184720,94418,185200,1600,via_1600x480
VSS,met3-met4,STRIPE,via,64136,184720,65736,185200,1600,via3_1600x480
VSS,met2-met3,STRIPE,via,64136,184720,65736,185200,1600,via2_1600x480
VSS,met1-met2,STRIPE,via,64136,184720,65736,185200,1600,via_1600x480
VSS,met3-met4,STRIPE,via,35192,184720,36792,185200,1600,via3_1600x480
VSS,met2-met3,STRIPE,via,35192,184720,36792,185200,1600,via2_1600x480
VSS,met1-met2,STRIPE,via,35192,184720,36792,185200,1600,via_1600x480
VSS,met3-met4,STRIPE,via,250963,179280,252563,179760,1600,via3_1600x480
VSS,met2-met3,STRIPE,via,250963,179280,252563,179760,1600,via2_1600x480
VSS,met1-met2,STRIPE,via,250963,179280,252563,179760,1600,via_1600x480
VSS,met3-met4,STRIPE,via,223340,179280,224940,179760,1600,via3_1600x480
VSS,met2-met3,STRIPE,via,223340,179280,224940,179760,1600,via2_1600x480
VSS,met1-met2,STRIPE,via,223340,179280,224940,179760,1600,via_1600x480
VSS,met3-met4,STRIPE,via,195414,179280,197014,179760,1600,via3_1600x480
VSS,met2-met3,STRIPE,via,195414,179280,197014,179760,1600,via2_1600x480
VSS,met1-met2,STRIPE,via,195414,179280,197014,179760,1600,via_1600x480
VSS,met3-met4,STRIPE,via,168558,179280,170158,179760,1600,via3_1600x480
VSS,met2-met3,STRIPE,via,168558,179280,170158,179760,1600,via2_1600x480
VSS,met1-met2,STRIPE,via,168558,179280,170158,179760,1600,via_1600x480
VSS,met3-met4,STRIPE,via,142757,179280,144357,179760,1600,via3_1600x480
VSS,met2-met3,STRIPE,via,142757,179280,144357,179760,1600,via2_1600x480
VSS,met1-met2,STRIPE,via,142757,179280,144357,179760,1600,via_1600x480
VSS,met3-met4,STRIPE,via,115375,179280,116975,179760,1600,via3_1600x480
VSS,met2-met3,STRIPE,via,115375,179280,116975,179760,1600,via2_1600x480
VSS,met1-met2,STRIPE,via,115375,179280,116975,179760,1600,via_1600x480
VSS,met3-met4,STRIPE,via,92818,179280,94418,179760,1600,via3_1600x480
VSS,met2-met3,STRIPE,via,92818,179280,94418,179760,1600,via2_1600x480
VSS,met1-met2,STRIPE,via,92818,179280,94418,179760,1600,via_1600x480
VSS,met3-met4,STRIPE,via,64136,179280,65736,179760,1600,via3_1600x480
VSS,met2-met3,STRIPE,via,64136,179280,65736,179760,1600,via2_1600x480
VSS,met1-met2,STRIPE,via,64136,179280,65736,179760,1600,via_1600x480
VSS,met3-met4,STRIPE,via,35192,179280,36792,179760,1600,via3_1600x480
VSS,met2-met3,STRIPE,via,35192,179280,36792,179760,1600,via2_1600x480
VSS,met1-met2,STRIPE,via,35192,179280,36792,179760,1600,via_1600x480
VSS,met3-met4,STRIPE,via,250963,173840,252563,174320,1600,via3_1600x480
VSS,met2-met3,STRIPE,via,250963,173840,252563,174320,1600,via2_1600x480
VSS,met1-met2,STRIPE,via,250963,173840,252563,174320,1600,via_1600x480
VSS,met3-met4,STRIPE,via,223340,173840,224940,174320,1600,via3_1600x480
VSS,met2-met3,STRIPE,via,223340,173840,224940,174320,1600,via2_1600x480
VSS,met1-met2,STRIPE,via,223340,173840,224940,174320,1600,via_1600x480
VSS,met3-met4,STRIPE,via,195414,173840,197014,174320,1600,via3_1600x480
VSS,met2-met3,STRIPE,via,195414,173840,197014,174320,1600,via2_1600x480
VSS,met1-met2,STRIPE,via,195414,173840,197014,174320,1600,via_1600x480
VSS,met3-met4,STRIPE,via,168558,173840,170158,174320,1600,via3_1600x480
VSS,met2-met3,STRIPE,via,168558,173840,170158,174320,1600,via2_1600x480
VSS,met1-met2,STRIPE,via,168558,173840,170158,174320,1600,via_1600x480
VSS,met3-met4,STRIPE,via,142757,173840,144357,174320,1600,via3_1600x480
VSS,met2-met3,STRIPE,via,142757,173840,144357,174320,1600,via2_1600x480
VSS,met1-met2,STRIPE,via,142757,173840,144357,174320,1600,via_1600x480
VSS,met3-met4,STRIPE,via,115375,173840,116975,174320,1600,via3_1600x480
VSS,met2-met3,STRIPE,via,115375,173840,116975,174320,1600,via2_1600x480
VSS,met1-met2,STRIPE,via,115375,173840,116975,174320,1600,via_1600x480
VSS,met3-met4,STRIPE,via,92818,173840,94418,174320,1600,via3_1600x480
VSS,met2-met3,STRIPE,via,92818,173840,94418,174320,1600,via2_1600x480
VSS,met1-met2,STRIPE,via,92818,173840,94418,174320,1600,via_1600x480
VSS,met3-met4,STRIPE,via,64136,173840,65736,174320,1600,via3_1600x480
VSS,met2-met3,STRIPE,via,64136,173840,65736,174320,1600,via2_1600x480
VSS,met1-met2,STRIPE,via,64136,173840,65736,174320,1600,via_1600x480
VSS,met3-met4,STRIPE,via,35192,173840,36792,174320,1600,via3_1600x480
VSS,met2-met3,STRIPE,via,35192,173840,36792,174320,1600,via2_1600x480
VSS,met1-met2,STRIPE,via,35192,173840,36792,174320,1600,via_1600x480
VSS,met3-met4,STRIPE,via,250963,168400,252563,168880,1600,via3_1600x480
VSS,met2-met3,STRIPE,via,250963,168400,252563,168880,1600,via2_1600x480
VSS,met1-met2,STRIPE,via,250963,168400,252563,168880,1600,via_1600x480
VSS,met3-met4,STRIPE,via,223340,168400,224940,168880,1600,via3_1600x480
VSS,met2-met3,STRIPE,via,223340,168400,224940,168880,1600,via2_1600x480
VSS,met1-met2,STRIPE,via,223340,168400,224940,168880,1600,via_1600x480
VSS,met3-met4,STRIPE,via,195414,168400,197014,168880,1600,via3_1600x480
VSS,met2-met3,STRIPE,via,195414,168400,197014,168880,1600,via2_1600x480
VSS,met1-met2,STRIPE,via,195414,168400,197014,168880,1600,via_1600x480
VSS,met3-met4,STRIPE,via,168558,168400,170158,168880,1600,via3_1600x480
VSS,met2-met3,STRIPE,via,168558,168400,170158,168880,1600,via2_1600x480
VSS,met1-met2,STRIPE,via,168558,168400,170158,168880,1600,via_1600x480
VSS,met3-met4,STRIPE,via,142757,168400,144357,168880,1600,via3_1600x480
VSS,met2-met3,STRIPE,via,142757,168400,144357,168880,1600,via2_1600x480
VSS,met1-met2,STRIPE,via,142757,168400,144357,168880,1600,via_1600x480
VSS,met3-met4,STRIPE,via,115375,168400,116975,168880,1600,via3_1600x480
VSS,met2-met3,STRIPE,via,115375,168400,116975,168880,1600,via2_1600x480
VSS,met1-met2,STRIPE,via,115375,168400,116975,168880,1600,via_1600x480
VSS,met3-met4,STRIPE,via,92818,168400,94418,168880,1600,via3_1600x480
VSS,met2-met3,STRIPE,via,92818,168400,94418,168880,1600,via2_1600x480
VSS,met1-met2,STRIPE,via,92818,168400,94418,168880,1600,via_1600x480
VSS,met3-met4,STRIPE,via,64136,168400,65736,168880,1600,via3_1600x480
VSS,met2-met3,STRIPE,via,64136,168400,65736,168880,1600,via2_1600x480
VSS,met1-met2,STRIPE,via,64136,168400,65736,168880,1600,via_1600x480
VSS,met3-met4,STRIPE,via,35192,168400,36792,168880,1600,via3_1600x480
VSS,met2-met3,STRIPE,via,35192,168400,36792,168880,1600,via2_1600x480
VSS,met1-met2,STRIPE,via,35192,168400,36792,168880,1600,via_1600x480
VSS,met3-met4,STRIPE,via,250963,162960,252563,163440,1600,via3_1600x480
VSS,met2-met3,STRIPE,via,250963,162960,252563,163440,1600,via2_1600x480
VSS,met1-met2,STRIPE,via,250963,162960,252563,163440,1600,via_1600x480
VSS,met3-met4,STRIPE,via,223340,162960,224940,163440,1600,via3_1600x480
VSS,met2-met3,STRIPE,via,223340,162960,224940,163440,1600,via2_1600x480
VSS,met1-met2,STRIPE,via,223340,162960,224940,163440,1600,via_1600x480
VSS,met3-met4,STRIPE,via,195414,162960,197014,163440,1600,via3_1600x480
VSS,met2-met3,STRIPE,via,195414,162960,197014,163440,1600,via2_1600x480
VSS,met1-met2,STRIPE,via,195414,162960,197014,163440,1600,via_1600x480
VSS,met3-met4,STRIPE,via,168558,162960,170158,163440,1600,via3_1600x480
VSS,met2-met3,STRIPE,via,168558,162960,170158,163440,1600,via2_1600x480
VSS,met1-met2,STRIPE,via,168558,162960,170158,163440,1600,via_1600x480
VSS,met3-met4,STRIPE,via,142757,162960,144357,163440,1600,via3_1600x480
VSS,met2-met3,STRIPE,via,142757,162960,144357,163440,1600,via2_1600x480
VSS,met1-met2,STRIPE,via,142757,162960,144357,163440,1600,via_1600x480
VSS,met3-met4,STRIPE,via,115375,162960,116975,163440,1600,via3_1600x480
VSS,met2-met3,STRIPE,via,115375,162960,116975,163440,1600,via2_1600x480
VSS,met1-met2,STRIPE,via,115375,162960,116975,163440,1600,via_1600x480
VSS,met3-met4,STRIPE,via,92818,162960,94418,163440,1600,via3_1600x480
VSS,met2-met3,STRIPE,via,92818,162960,94418,163440,1600,via2_1600x480
VSS,met1-met2,STRIPE,via,92818,162960,94418,163440,1600,via_1600x480
VSS,met3-met4,STRIPE,via,64136,162960,65736,163440,1600,via3_1600x480
VSS,met2-met3,STRIPE,via,64136,162960,65736,163440,1600,via2_1600x480
VSS,met1-met2,STRIPE,via,64136,162960,65736,163440,1600,via_1600x480
VSS,met3-met4,STRIPE,via,35192,162960,36792,163440,1600,via3_1600x480
VSS,met2-met3,STRIPE,via,35192,162960,36792,163440,1600,via2_1600x480
VSS,met1-met2,STRIPE,via,35192,162960,36792,163440,1600,via_1600x480
VSS,met3-met4,STRIPE,via,250963,157520,252563,158000,1600,via3_1600x480
VSS,met2-met3,STRIPE,via,250963,157520,252563,158000,1600,via2_1600x480
VSS,met1-met2,STRIPE,via,250963,157520,252563,158000,1600,via_1600x480
VSS,met3-met4,STRIPE,via,223340,157520,224940,158000,1600,via3_1600x480
VSS,met2-met3,STRIPE,via,223340,157520,224940,158000,1600,via2_1600x480
VSS,met1-met2,STRIPE,via,223340,157520,224940,158000,1600,via_1600x480
VSS,met3-met4,STRIPE,via,195414,157520,197014,158000,1600,via3_1600x480
VSS,met2-met3,STRIPE,via,195414,157520,197014,158000,1600,via2_1600x480
VSS,met1-met2,STRIPE,via,195414,157520,197014,158000,1600,via_1600x480
VSS,met3-met4,STRIPE,via,168558,157520,170158,158000,1600,via3_1600x480
VSS,met2-met3,STRIPE,via,168558,157520,170158,158000,1600,via2_1600x480
VSS,met1-met2,STRIPE,via,168558,157520,170158,158000,1600,via_1600x480
VSS,met3-met4,STRIPE,via,142757,157520,144357,158000,1600,via3_1600x480
VSS,met2-met3,STRIPE,via,142757,157520,144357,158000,1600,via2_1600x480
VSS,met1-met2,STRIPE,via,142757,157520,144357,158000,1600,via_1600x480
VSS,met3-met4,STRIPE,via,115375,157520,116975,158000,1600,via3_1600x480
VSS,met2-met3,STRIPE,via,115375,157520,116975,158000,1600,via2_1600x480
VSS,met1-met2,STRIPE,via,115375,157520,116975,158000,1600,via_1600x480
VSS,met3-met4,STRIPE,via,92818,157520,94418,158000,1600,via3_1600x480
VSS,met2-met3,STRIPE,via,92818,157520,94418,158000,1600,via2_1600x480
VSS,met1-met2,STRIPE,via,92818,157520,94418,158000,1600,via_1600x480
VSS,met3-met4,STRIPE,via,64136,157520,65736,158000,1600,via3_1600x480
VSS,met2-met3,STRIPE,via,64136,157520,65736,158000,1600,via2_1600x480
VSS,met1-met2,STRIPE,via,64136,157520,65736,158000,1600,via_1600x480
VSS,met3-met4,STRIPE,via,35192,157520,36792,158000,1600,via3_1600x480
VSS,met2-met3,STRIPE,via,35192,157520,36792,158000,1600,via2_1600x480
VSS,met1-met2,STRIPE,via,35192,157520,36792,158000,1600,via_1600x480
VSS,met3-met4,STRIPE,via,250963,152080,252563,152560,1600,via3_1600x480
VSS,met2-met3,STRIPE,via,250963,152080,252563,152560,1600,via2_1600x480
VSS,met1-met2,STRIPE,via,250963,152080,252563,152560,1600,via_1600x480
VSS,met3-met4,STRIPE,via,223340,152080,224940,152560,1600,via3_1600x480
VSS,met2-met3,STRIPE,via,223340,152080,224940,152560,1600,via2_1600x480
VSS,met1-met2,STRIPE,via,223340,152080,224940,152560,1600,via_1600x480
VSS,met3-met4,STRIPE,via,195414,152080,197014,152560,1600,via3_1600x480
VSS,met2-met3,STRIPE,via,195414,152080,197014,152560,1600,via2_1600x480
VSS,met1-met2,STRIPE,via,195414,152080,197014,152560,1600,via_1600x480
VSS,met3-met4,STRIPE,via,168558,152080,170158,152560,1600,via3_1600x480
VSS,met2-met3,STRIPE,via,168558,152080,170158,152560,1600,via2_1600x480
VSS,met1-met2,STRIPE,via,168558,152080,170158,152560,1600,via_1600x480
VSS,met3-met4,STRIPE,via,142757,152080,144357,152560,1600,via3_1600x480
VSS,met2-met3,STRIPE,via,142757,152080,144357,152560,1600,via2_1600x480
VSS,met1-met2,STRIPE,via,142757,152080,144357,152560,1600,via_1600x480
VSS,met3-met4,STRIPE,via,115375,152080,116975,152560,1600,via3_1600x480
VSS,met2-met3,STRIPE,via,115375,152080,116975,152560,1600,via2_1600x480
VSS,met1-met2,STRIPE,via,115375,152080,116975,152560,1600,via_1600x480
VSS,met3-met4,STRIPE,via,92818,152080,94418,152560,1600,via3_1600x480
VSS,met2-met3,STRIPE,via,92818,152080,94418,152560,1600,via2_1600x480
VSS,met1-met2,STRIPE,via,92818,152080,94418,152560,1600,via_1600x480
VSS,met3-met4,STRIPE,via,64136,152080,65736,152560,1600,via3_1600x480
VSS,met2-met3,STRIPE,via,64136,152080,65736,152560,1600,via2_1600x480
VSS,met1-met2,STRIPE,via,64136,152080,65736,152560,1600,via_1600x480
VSS,met3-met4,STRIPE,via,35192,152080,36792,152560,1600,via3_1600x480
VSS,met2-met3,STRIPE,via,35192,152080,36792,152560,1600,via2_1600x480
VSS,met1-met2,STRIPE,via,35192,152080,36792,152560,1600,via_1600x480
VSS,met3-met4,STRIPE,via,250963,146640,252563,147120,1600,via3_1600x480
VSS,met2-met3,STRIPE,via,250963,146640,252563,147120,1600,via2_1600x480
VSS,met1-met2,STRIPE,via,250963,146640,252563,147120,1600,via_1600x480
VSS,met3-met4,STRIPE,via,223340,146640,224940,147120,1600,via3_1600x480
VSS,met2-met3,STRIPE,via,223340,146640,224940,147120,1600,via2_1600x480
VSS,met1-met2,STRIPE,via,223340,146640,224940,147120,1600,via_1600x480
VSS,met3-met4,STRIPE,via,195414,146640,197014,147120,1600,via3_1600x480
VSS,met2-met3,STRIPE,via,195414,146640,197014,147120,1600,via2_1600x480
VSS,met1-met2,STRIPE,via,195414,146640,197014,147120,1600,via_1600x480
VSS,met3-met4,STRIPE,via,168558,146640,170158,147120,1600,via3_1600x480
VSS,met2-met3,STRIPE,via,168558,146640,170158,147120,1600,via2_1600x480
VSS,met1-met2,STRIPE,via,168558,146640,170158,147120,1600,via_1600x480
VSS,met3-met4,STRIPE,via,142757,146640,144357,147120,1600,via3_1600x480
VSS,met2-met3,STRIPE,via,142757,146640,144357,147120,1600,via2_1600x480
VSS,met1-met2,STRIPE,via,142757,146640,144357,147120,1600,via_1600x480
VSS,met3-met4,STRIPE,via,115375,146640,116975,147120,1600,via3_1600x480
VSS,met2-met3,STRIPE,via,115375,146640,116975,147120,1600,via2_1600x480
VSS,met1-met2,STRIPE,via,115375,146640,116975,147120,1600,via_1600x480
VSS,met3-met4,STRIPE,via,92818,146640,94418,147120,1600,via3_1600x480
VSS,met2-met3,STRIPE,via,92818,146640,94418,147120,1600,via2_1600x480
VSS,met1-met2,STRIPE,via,92818,146640,94418,147120,1600,via_1600x480
VSS,met3-met4,STRIPE,via,64136,146640,65736,147120,1600,via3_1600x480
VSS,met2-met3,STRIPE,via,64136,146640,65736,147120,1600,via2_1600x480
VSS,met1-met2,STRIPE,via,64136,146640,65736,147120,1600,via_1600x480
VSS,met3-met4,STRIPE,via,35192,146640,36792,147120,1600,via3_1600x480
VSS,met2-met3,STRIPE,via,35192,146640,36792,147120,1600,via2_1600x480
VSS,met1-met2,STRIPE,via,35192,146640,36792,147120,1600,via_1600x480
VSS,met3-met4,STRIPE,via,250963,141200,252563,141680,1600,via3_1600x480
VSS,met2-met3,STRIPE,via,250963,141200,252563,141680,1600,via2_1600x480
VSS,met1-met2,STRIPE,via,250963,141200,252563,141680,1600,via_1600x480
VSS,met3-met4,STRIPE,via,223340,141200,224940,141680,1600,via3_1600x480
VSS,met2-met3,STRIPE,via,223340,141200,224940,141680,1600,via2_1600x480
VSS,met1-met2,STRIPE,via,223340,141200,224940,141680,1600,via_1600x480
VSS,met3-met4,STRIPE,via,195414,141200,197014,141680,1600,via3_1600x480
VSS,met2-met3,STRIPE,via,195414,141200,197014,141680,1600,via2_1600x480
VSS,met1-met2,STRIPE,via,195414,141200,197014,141680,1600,via_1600x480
VSS,met3-met4,STRIPE,via,168558,141200,170158,141680,1600,via3_1600x480
VSS,met2-met3,STRIPE,via,168558,141200,170158,141680,1600,via2_1600x480
VSS,met1-met2,STRIPE,via,168558,141200,170158,141680,1600,via_1600x480
VSS,met3-met4,STRIPE,via,142757,141200,144357,141680,1600,via3_1600x480
VSS,met2-met3,STRIPE,via,142757,141200,144357,141680,1600,via2_1600x480
VSS,met1-met2,STRIPE,via,142757,141200,144357,141680,1600,via_1600x480
VSS,met3-met4,STRIPE,via,115375,141200,116975,141680,1600,via3_1600x480
VSS,met2-met3,STRIPE,via,115375,141200,116975,141680,1600,via2_1600x480
VSS,met1-met2,STRIPE,via,115375,141200,116975,141680,1600,via_1600x480
VSS,met3-met4,STRIPE,via,92818,141200,94418,141680,1600,via3_1600x480
VSS,met2-met3,STRIPE,via,92818,141200,94418,141680,1600,via2_1600x480
VSS,met1-met2,STRIPE,via,92818,141200,94418,141680,1600,via_1600x480
VSS,met3-met4,STRIPE,via,64136,141200,65736,141680,1600,via3_1600x480
VSS,met2-met3,STRIPE,via,64136,141200,65736,141680,1600,via2_1600x480
VSS,met1-met2,STRIPE,via,64136,141200,65736,141680,1600,via_1600x480
VSS,met3-met4,STRIPE,via,35192,141200,36792,141680,1600,via3_1600x480
VSS,met2-met3,STRIPE,via,35192,141200,36792,141680,1600,via2_1600x480
VSS,met1-met2,STRIPE,via,35192,141200,36792,141680,1600,via_1600x480
VSS,met3-met4,STRIPE,via,250963,135760,252563,136240,1600,via3_1600x480
VSS,met2-met3,STRIPE,via,250963,135760,252563,136240,1600,via2_1600x480
VSS,met1-met2,STRIPE,via,250963,135760,252563,136240,1600,via_1600x480
VSS,met3-met4,STRIPE,via,223340,135760,224940,136240,1600,via3_1600x480
VSS,met2-met3,STRIPE,via,223340,135760,224940,136240,1600,via2_1600x480
VSS,met1-met2,STRIPE,via,223340,135760,224940,136240,1600,via_1600x480
VSS,met3-met4,STRIPE,via,195414,135760,197014,136240,1600,via3_1600x480
VSS,met2-met3,STRIPE,via,195414,135760,197014,136240,1600,via2_1600x480
VSS,met1-met2,STRIPE,via,195414,135760,197014,136240,1600,via_1600x480
VSS,met3-met4,STRIPE,via,168558,135760,170158,136240,1600,via3_1600x480
VSS,met2-met3,STRIPE,via,168558,135760,170158,136240,1600,via2_1600x480
VSS,met1-met2,STRIPE,via,168558,135760,170158,136240,1600,via_1600x480
VSS,met3-met4,STRIPE,via,142757,135760,144357,136240,1600,via3_1600x480
VSS,met2-met3,STRIPE,via,142757,135760,144357,136240,1600,via2_1600x480
VSS,met1-met2,STRIPE,via,142757,135760,144357,136240,1600,via_1600x480
VSS,met3-met4,STRIPE,via,115375,135760,116975,136240,1600,via3_1600x480
VSS,met2-met3,STRIPE,via,115375,135760,116975,136240,1600,via2_1600x480
VSS,met1-met2,STRIPE,via,115375,135760,116975,136240,1600,via_1600x480
VSS,met3-met4,STRIPE,via,92818,135760,94418,136240,1600,via3_1600x480
VSS,met2-met3,STRIPE,via,92818,135760,94418,136240,1600,via2_1600x480
VSS,met1-met2,STRIPE,via,92818,135760,94418,136240,1600,via_1600x480
VSS,met3-met4,STRIPE,via,64136,135760,65736,136240,1600,via3_1600x480
VSS,met2-met3,STRIPE,via,64136,135760,65736,136240,1600,via2_1600x480
VSS,met1-met2,STRIPE,via,64136,135760,65736,136240,1600,via_1600x480
VSS,met3-met4,STRIPE,via,35192,135760,36792,136240,1600,via3_1600x480
VSS,met2-met3,STRIPE,via,35192,135760,36792,136240,1600,via2_1600x480
VSS,met1-met2,STRIPE,via,35192,135760,36792,136240,1600,via_1600x480
VSS,met3-met4,STRIPE,via,250963,130320,252563,130800,1600,via3_1600x480
VSS,met2-met3,STRIPE,via,250963,130320,252563,130800,1600,via2_1600x480
VSS,met1-met2,STRIPE,via,250963,130320,252563,130800,1600,via_1600x480
VSS,met3-met4,STRIPE,via,223340,130320,224940,130800,1600,via3_1600x480
VSS,met2-met3,STRIPE,via,223340,130320,224940,130800,1600,via2_1600x480
VSS,met1-met2,STRIPE,via,223340,130320,224940,130800,1600,via_1600x480
VSS,met3-met4,STRIPE,via,195414,130320,197014,130800,1600,via3_1600x480
VSS,met2-met3,STRIPE,via,195414,130320,197014,130800,1600,via2_1600x480
VSS,met1-met2,STRIPE,via,195414,130320,197014,130800,1600,via_1600x480
VSS,met3-met4,STRIPE,via,168558,130320,170158,130800,1600,via3_1600x480
VSS,met2-met3,STRIPE,via,168558,130320,170158,130800,1600,via2_1600x480
VSS,met1-met2,STRIPE,via,168558,130320,170158,130800,1600,via_1600x480
VSS,met3-met4,STRIPE,via,142757,130320,144357,130800,1600,via3_1600x480
VSS,met2-met3,STRIPE,via,142757,130320,144357,130800,1600,via2_1600x480
VSS,met1-met2,STRIPE,via,142757,130320,144357,130800,1600,via_1600x480
VSS,met3-met4,STRIPE,via,115375,130320,116975,130800,1600,via3_1600x480
VSS,met2-met3,STRIPE,via,115375,130320,116975,130800,1600,via2_1600x480
VSS,met1-met2,STRIPE,via,115375,130320,116975,130800,1600,via_1600x480
VSS,met3-met4,STRIPE,via,92818,130320,94418,130800,1600,via3_1600x480
VSS,met2-met3,STRIPE,via,92818,130320,94418,130800,1600,via2_1600x480
VSS,met1-met2,STRIPE,via,92818,130320,94418,130800,1600,via_1600x480
VSS,met3-met4,STRIPE,via,64136,130320,65736,130800,1600,via3_1600x480
VSS,met2-met3,STRIPE,via,64136,130320,65736,130800,1600,via2_1600x480
VSS,met1-met2,STRIPE,via,64136,130320,65736,130800,1600,via_1600x480
VSS,met3-met4,STRIPE,via,35192,130320,36792,130800,1600,via3_1600x480
VSS,met2-met3,STRIPE,via,35192,130320,36792,130800,1600,via2_1600x480
VSS,met1-met2,STRIPE,via,35192,130320,36792,130800,1600,via_1600x480
VSS,met3-met4,STRIPE,via,250963,124880,252563,125360,1600,via3_1600x480
VSS,met2-met3,STRIPE,via,250963,124880,252563,125360,1600,via2_1600x480
VSS,met1-met2,STRIPE,via,250963,124880,252563,125360,1600,via_1600x480
VSS,met3-met4,STRIPE,via,223340,124880,224940,125360,1600,via3_1600x480
VSS,met2-met3,STRIPE,via,223340,124880,224940,125360,1600,via2_1600x480
VSS,met1-met2,STRIPE,via,223340,124880,224940,125360,1600,via_1600x480
VSS,met3-met4,STRIPE,via,195414,124880,197014,125360,1600,via3_1600x480
VSS,met2-met3,STRIPE,via,195414,124880,197014,125360,1600,via2_1600x480
VSS,met1-met2,STRIPE,via,195414,124880,197014,125360,1600,via_1600x480
VSS,met3-met4,STRIPE,via,168558,124880,170158,125360,1600,via3_1600x480
VSS,met2-met3,STRIPE,via,168558,124880,170158,125360,1600,via2_1600x480
VSS,met1-met2,STRIPE,via,168558,124880,170158,125360,1600,via_1600x480
VSS,met3-met4,STRIPE,via,142757,124880,144357,125360,1600,via3_1600x480
VSS,met2-met3,STRIPE,via,142757,124880,144357,125360,1600,via2_1600x480
VSS,met1-met2,STRIPE,via,142757,124880,144357,125360,1600,via_1600x480
VSS,met3-met4,STRIPE,via,115375,124880,116975,125360,1600,via3_1600x480
VSS,met2-met3,STRIPE,via,115375,124880,116975,125360,1600,via2_1600x480
VSS,met1-met2,STRIPE,via,115375,124880,116975,125360,1600,via_1600x480
VSS,met3-met4,STRIPE,via,92818,124880,94418,125360,1600,via3_1600x480
VSS,met2-met3,STRIPE,via,92818,124880,94418,125360,1600,via2_1600x480
VSS,met1-met2,STRIPE,via,92818,124880,94418,125360,1600,via_1600x480
VSS,met3-met4,STRIPE,via,64136,124880,65736,125360,1600,via3_1600x480
VSS,met2-met3,STRIPE,via,64136,124880,65736,125360,1600,via2_1600x480
VSS,met1-met2,STRIPE,via,64136,124880,65736,125360,1600,via_1600x480
VSS,met3-met4,STRIPE,via,35192,124880,36792,125360,1600,via3_1600x480
VSS,met2-met3,STRIPE,via,35192,124880,36792,125360,1600,via2_1600x480
VSS,met1-met2,STRIPE,via,35192,124880,36792,125360,1600,via_1600x480
VSS,met3-met4,STRIPE,via,250963,119440,252563,119920,1600,via3_1600x480
VSS,met2-met3,STRIPE,via,250963,119440,252563,119920,1600,via2_1600x480
VSS,met1-met2,STRIPE,via,250963,119440,252563,119920,1600,via_1600x480
VSS,met3-met4,STRIPE,via,223340,119440,224940,119920,1600,via3_1600x480
VSS,met2-met3,STRIPE,via,223340,119440,224940,119920,1600,via2_1600x480
VSS,met1-met2,STRIPE,via,223340,119440,224940,119920,1600,via_1600x480
VSS,met3-met4,STRIPE,via,195414,119440,197014,119920,1600,via3_1600x480
VSS,met2-met3,STRIPE,via,195414,119440,197014,119920,1600,via2_1600x480
VSS,met1-met2,STRIPE,via,195414,119440,197014,119920,1600,via_1600x480
VSS,met3-met4,STRIPE,via,168558,119440,170158,119920,1600,via3_1600x480
VSS,met2-met3,STRIPE,via,168558,119440,170158,119920,1600,via2_1600x480
VSS,met1-met2,STRIPE,via,168558,119440,170158,119920,1600,via_1600x480
VSS,met3-met4,STRIPE,via,142757,119440,144357,119920,1600,via3_1600x480
VSS,met2-met3,STRIPE,via,142757,119440,144357,119920,1600,via2_1600x480
VSS,met1-met2,STRIPE,via,142757,119440,144357,119920,1600,via_1600x480
VSS,met3-met4,STRIPE,via,115375,119440,116975,119920,1600,via3_1600x480
VSS,met2-met3,STRIPE,via,115375,119440,116975,119920,1600,via2_1600x480
VSS,met1-met2,STRIPE,via,115375,119440,116975,119920,1600,via_1600x480
VSS,met3-met4,STRIPE,via,92818,119440,94418,119920,1600,via3_1600x480
VSS,met2-met3,STRIPE,via,92818,119440,94418,119920,1600,via2_1600x480
VSS,met1-met2,STRIPE,via,92818,119440,94418,119920,1600,via_1600x480
VSS,met3-met4,STRIPE,via,64136,119440,65736,119920,1600,via3_1600x480
VSS,met2-met3,STRIPE,via,64136,119440,65736,119920,1600,via2_1600x480
VSS,met1-met2,STRIPE,via,64136,119440,65736,119920,1600,via_1600x480
VSS,met3-met4,STRIPE,via,35192,119440,36792,119920,1600,via3_1600x480
VSS,met2-met3,STRIPE,via,35192,119440,36792,119920,1600,via2_1600x480
VSS,met1-met2,STRIPE,via,35192,119440,36792,119920,1600,via_1600x480
VSS,met3-met4,STRIPE,via,250963,114000,252563,114480,1600,via3_1600x480
VSS,met2-met3,STRIPE,via,250963,114000,252563,114480,1600,via2_1600x480
VSS,met1-met2,STRIPE,via,250963,114000,252563,114480,1600,via_1600x480
VSS,met3-met4,STRIPE,via,223340,114000,224940,114480,1600,via3_1600x480
VSS,met2-met3,STRIPE,via,223340,114000,224940,114480,1600,via2_1600x480
VSS,met1-met2,STRIPE,via,223340,114000,224940,114480,1600,via_1600x480
VSS,met3-met4,STRIPE,via,195414,114000,197014,114480,1600,via3_1600x480
VSS,met2-met3,STRIPE,via,195414,114000,197014,114480,1600,via2_1600x480
VSS,met1-met2,STRIPE,via,195414,114000,197014,114480,1600,via_1600x480
VSS,met3-met4,STRIPE,via,168558,114000,170158,114480,1600,via3_1600x480
VSS,met2-met3,STRIPE,via,168558,114000,170158,114480,1600,via2_1600x480
VSS,met1-met2,STRIPE,via,168558,114000,170158,114480,1600,via_1600x480
VSS,met3-met4,STRIPE,via,142757,114000,144357,114480,1600,via3_1600x480
VSS,met2-met3,STRIPE,via,142757,114000,144357,114480,1600,via2_1600x480
VSS,met1-met2,STRIPE,via,142757,114000,144357,114480,1600,via_1600x480
VSS,met3-met4,STRIPE,via,115375,114000,116975,114480,1600,via3_1600x480
VSS,met2-met3,STRIPE,via,115375,114000,116975,114480,1600,via2_1600x480
VSS,met1-met2,STRIPE,via,115375,114000,116975,114480,1600,via_1600x480
VSS,met3-met4,STRIPE,via,92818,114000,94418,114480,1600,via3_1600x480
VSS,met2-met3,STRIPE,via,92818,114000,94418,114480,1600,via2_1600x480
VSS,met1-met2,STRIPE,via,92818,114000,94418,114480,1600,via_1600x480
VSS,met3-met4,STRIPE,via,64136,114000,65736,114480,1600,via3_1600x480
VSS,met2-met3,STRIPE,via,64136,114000,65736,114480,1600,via2_1600x480
VSS,met1-met2,STRIPE,via,64136,114000,65736,114480,1600,via_1600x480
VSS,met3-met4,STRIPE,via,35192,114000,36792,114480,1600,via3_1600x480
VSS,met2-met3,STRIPE,via,35192,114000,36792,114480,1600,via2_1600x480
VSS,met1-met2,STRIPE,via,35192,114000,36792,114480,1600,via_1600x480
VSS,met3-met4,STRIPE,via,250963,108560,252563,109040,1600,via3_1600x480
VSS,met2-met3,STRIPE,via,250963,108560,252563,109040,1600,via2_1600x480
VSS,met1-met2,STRIPE,via,250963,108560,252563,109040,1600,via_1600x480
VSS,met3-met4,STRIPE,via,223340,108560,224940,109040,1600,via3_1600x480
VSS,met2-met3,STRIPE,via,223340,108560,224940,109040,1600,via2_1600x480
VSS,met1-met2,STRIPE,via,223340,108560,224940,109040,1600,via_1600x480
VSS,met3-met4,STRIPE,via,195414,108560,197014,109040,1600,via3_1600x480
VSS,met2-met3,STRIPE,via,195414,108560,197014,109040,1600,via2_1600x480
VSS,met1-met2,STRIPE,via,195414,108560,197014,109040,1600,via_1600x480
VSS,met3-met4,STRIPE,via,168558,108560,170158,109040,1600,via3_1600x480
VSS,met2-met3,STRIPE,via,168558,108560,170158,109040,1600,via2_1600x480
VSS,met1-met2,STRIPE,via,168558,108560,170158,109040,1600,via_1600x480
VSS,met3-met4,STRIPE,via,142757,108560,144357,109040,1600,via3_1600x480
VSS,met2-met3,STRIPE,via,142757,108560,144357,109040,1600,via2_1600x480
VSS,met1-met2,STRIPE,via,142757,108560,144357,109040,1600,via_1600x480
VSS,met3-met4,STRIPE,via,115375,108560,116975,109040,1600,via3_1600x480
VSS,met2-met3,STRIPE,via,115375,108560,116975,109040,1600,via2_1600x480
VSS,met1-met2,STRIPE,via,115375,108560,116975,109040,1600,via_1600x480
VSS,met3-met4,STRIPE,via,92818,108560,94418,109040,1600,via3_1600x480
VSS,met2-met3,STRIPE,via,92818,108560,94418,109040,1600,via2_1600x480
VSS,met1-met2,STRIPE,via,92818,108560,94418,109040,1600,via_1600x480
VSS,met3-met4,STRIPE,via,64136,108560,65736,109040,1600,via3_1600x480
VSS,met2-met3,STRIPE,via,64136,108560,65736,109040,1600,via2_1600x480
VSS,met1-met2,STRIPE,via,64136,108560,65736,109040,1600,via_1600x480
VSS,met3-met4,STRIPE,via,35192,108560,36792,109040,1600,via3_1600x480
VSS,met2-met3,STRIPE,via,35192,108560,36792,109040,1600,via2_1600x480
VSS,met1-met2,STRIPE,via,35192,108560,36792,109040,1600,via_1600x480
VSS,met3-met4,STRIPE,via,250963,103120,252563,103600,1600,via3_1600x480
VSS,met2-met3,STRIPE,via,250963,103120,252563,103600,1600,via2_1600x480
VSS,met1-met2,STRIPE,via,250963,103120,252563,103600,1600,via_1600x480
VSS,met3-met4,STRIPE,via,223340,103120,224940,103600,1600,via3_1600x480
VSS,met2-met3,STRIPE,via,223340,103120,224940,103600,1600,via2_1600x480
VSS,met1-met2,STRIPE,via,223340,103120,224940,103600,1600,via_1600x480
VSS,met3-met4,STRIPE,via,195414,103120,197014,103600,1600,via3_1600x480
VSS,met2-met3,STRIPE,via,195414,103120,197014,103600,1600,via2_1600x480
VSS,met1-met2,STRIPE,via,195414,103120,197014,103600,1600,via_1600x480
VSS,met3-met4,STRIPE,via,168558,103120,170158,103600,1600,via3_1600x480
VSS,met2-met3,STRIPE,via,168558,103120,170158,103600,1600,via2_1600x480
VSS,met1-met2,STRIPE,via,168558,103120,170158,103600,1600,via_1600x480
VSS,met3-met4,STRIPE,via,142757,103120,144357,103600,1600,via3_1600x480
VSS,met2-met3,STRIPE,via,142757,103120,144357,103600,1600,via2_1600x480
VSS,met1-met2,STRIPE,via,142757,103120,144357,103600,1600,via_1600x480
VSS,met3-met4,STRIPE,via,115375,103120,116975,103600,1600,via3_1600x480
VSS,met2-met3,STRIPE,via,115375,103120,116975,103600,1600,via2_1600x480
VSS,met1-met2,STRIPE,via,115375,103120,116975,103600,1600,via_1600x480
VSS,met3-met4,STRIPE,via,92818,103120,94418,103600,1600,via3_1600x480
VSS,met2-met3,STRIPE,via,92818,103120,94418,103600,1600,via2_1600x480
VSS,met1-met2,STRIPE,via,92818,103120,94418,103600,1600,via_1600x480
VSS,met3-met4,STRIPE,via,64136,103120,65736,103600,1600,via3_1600x480
VSS,met2-met3,STRIPE,via,64136,103120,65736,103600,1600,via2_1600x480
VSS,met1-met2,STRIPE,via,64136,103120,65736,103600,1600,via_1600x480
VSS,met3-met4,STRIPE,via,35192,103120,36792,103600,1600,via3_1600x480
VSS,met2-met3,STRIPE,via,35192,103120,36792,103600,1600,via2_1600x480
VSS,met1-met2,STRIPE,via,35192,103120,36792,103600,1600,via_1600x480
VSS,met3-met4,STRIPE,via,250963,97680,252563,98160,1600,via3_1600x480
VSS,met2-met3,STRIPE,via,250963,97680,252563,98160,1600,via2_1600x480
VSS,met1-met2,STRIPE,via,250963,97680,252563,98160,1600,via_1600x480
VSS,met3-met4,STRIPE,via,223340,97680,224940,98160,1600,via3_1600x480
VSS,met2-met3,STRIPE,via,223340,97680,224940,98160,1600,via2_1600x480
VSS,met1-met2,STRIPE,via,223340,97680,224940,98160,1600,via_1600x480
VSS,met3-met4,STRIPE,via,195414,97680,197014,98160,1600,via3_1600x480
VSS,met2-met3,STRIPE,via,195414,97680,197014,98160,1600,via2_1600x480
VSS,met1-met2,STRIPE,via,195414,97680,197014,98160,1600,via_1600x480
VSS,met3-met4,STRIPE,via,168558,97680,170158,98160,1600,via3_1600x480
VSS,met2-met3,STRIPE,via,168558,97680,170158,98160,1600,via2_1600x480
VSS,met1-met2,STRIPE,via,168558,97680,170158,98160,1600,via_1600x480
VSS,met3-met4,STRIPE,via,142757,97680,144357,98160,1600,via3_1600x480
VSS,met2-met3,STRIPE,via,142757,97680,144357,98160,1600,via2_1600x480
VSS,met1-met2,STRIPE,via,142757,97680,144357,98160,1600,via_1600x480
VSS,met3-met4,STRIPE,via,115375,97680,116975,98160,1600,via3_1600x480
VSS,met2-met3,STRIPE,via,115375,97680,116975,98160,1600,via2_1600x480
VSS,met1-met2,STRIPE,via,115375,97680,116975,98160,1600,via_1600x480
VSS,met3-met4,STRIPE,via,92818,97680,94418,98160,1600,via3_1600x480
VSS,met2-met3,STRIPE,via,92818,97680,94418,98160,1600,via2_1600x480
VSS,met1-met2,STRIPE,via,92818,97680,94418,98160,1600,via_1600x480
VSS,met3-met4,STRIPE,via,64136,97680,65736,98160,1600,via3_1600x480
VSS,met2-met3,STRIPE,via,64136,97680,65736,98160,1600,via2_1600x480
VSS,met1-met2,STRIPE,via,64136,97680,65736,98160,1600,via_1600x480
VSS,met3-met4,STRIPE,via,35192,97680,36792,98160,1600,via3_1600x480
VSS,met2-met3,STRIPE,via,35192,97680,36792,98160,1600,via2_1600x480
VSS,met1-met2,STRIPE,via,35192,97680,36792,98160,1600,via_1600x480
VSS,met3-met4,STRIPE,via,250963,92240,252563,92720,1600,via3_1600x480
VSS,met2-met3,STRIPE,via,250963,92240,252563,92720,1600,via2_1600x480
VSS,met1-met2,STRIPE,via,250963,92240,252563,92720,1600,via_1600x480
VSS,met3-met4,STRIPE,via,223340,92240,224940,92720,1600,via3_1600x480
VSS,met2-met3,STRIPE,via,223340,92240,224940,92720,1600,via2_1600x480
VSS,met1-met2,STRIPE,via,223340,92240,224940,92720,1600,via_1600x480
VSS,met3-met4,STRIPE,via,195414,92240,197014,92720,1600,via3_1600x480
VSS,met2-met3,STRIPE,via,195414,92240,197014,92720,1600,via2_1600x480
VSS,met1-met2,STRIPE,via,195414,92240,197014,92720,1600,via_1600x480
VSS,met3-met4,STRIPE,via,168558,92240,170158,92720,1600,via3_1600x480
VSS,met2-met3,STRIPE,via,168558,92240,170158,92720,1600,via2_1600x480
VSS,met1-met2,STRIPE,via,168558,92240,170158,92720,1600,via_1600x480
VSS,met3-met4,STRIPE,via,142757,92240,144357,92720,1600,via3_1600x480
VSS,met2-met3,STRIPE,via,142757,92240,144357,92720,1600,via2_1600x480
VSS,met1-met2,STRIPE,via,142757,92240,144357,92720,1600,via_1600x480
VSS,met3-met4,STRIPE,via,115375,92240,116975,92720,1600,via3_1600x480
VSS,met2-met3,STRIPE,via,115375,92240,116975,92720,1600,via2_1600x480
VSS,met1-met2,STRIPE,via,115375,92240,116975,92720,1600,via_1600x480
VSS,met3-met4,STRIPE,via,92818,92240,94418,92720,1600,via3_1600x480
VSS,met2-met3,STRIPE,via,92818,92240,94418,92720,1600,via2_1600x480
VSS,met1-met2,STRIPE,via,92818,92240,94418,92720,1600,via_1600x480
VSS,met3-met4,STRIPE,via,64136,92240,65736,92720,1600,via3_1600x480
VSS,met2-met3,STRIPE,via,64136,92240,65736,92720,1600,via2_1600x480
VSS,met1-met2,STRIPE,via,64136,92240,65736,92720,1600,via_1600x480
VSS,met3-met4,STRIPE,via,35192,92240,36792,92720,1600,via3_1600x480
VSS,met2-met3,STRIPE,via,35192,92240,36792,92720,1600,via2_1600x480
VSS,met1-met2,STRIPE,via,35192,92240,36792,92720,1600,via_1600x480
VSS,met3-met4,STRIPE,via,250963,86800,252563,87280,1600,via3_1600x480
VSS,met2-met3,STRIPE,via,250963,86800,252563,87280,1600,via2_1600x480
VSS,met1-met2,STRIPE,via,250963,86800,252563,87280,1600,via_1600x480
VSS,met3-met4,STRIPE,via,223340,86800,224940,87280,1600,via3_1600x480
VSS,met2-met3,STRIPE,via,223340,86800,224940,87280,1600,via2_1600x480
VSS,met1-met2,STRIPE,via,223340,86800,224940,87280,1600,via_1600x480
VSS,met3-met4,STRIPE,via,195414,86800,197014,87280,1600,via3_1600x480
VSS,met2-met3,STRIPE,via,195414,86800,197014,87280,1600,via2_1600x480
VSS,met1-met2,STRIPE,via,195414,86800,197014,87280,1600,via_1600x480
VSS,met3-met4,STRIPE,via,168558,86800,170158,87280,1600,via3_1600x480
VSS,met2-met3,STRIPE,via,168558,86800,170158,87280,1600,via2_1600x480
VSS,met1-met2,STRIPE,via,168558,86800,170158,87280,1600,via_1600x480
VSS,met3-met4,STRIPE,via,142757,86800,144357,87280,1600,via3_1600x480
VSS,met2-met3,STRIPE,via,142757,86800,144357,87280,1600,via2_1600x480
VSS,met1-met2,STRIPE,via,142757,86800,144357,87280,1600,via_1600x480
VSS,met3-met4,STRIPE,via,115375,86800,116975,87280,1600,via3_1600x480
VSS,met2-met3,STRIPE,via,115375,86800,116975,87280,1600,via2_1600x480
VSS,met1-met2,STRIPE,via,115375,86800,116975,87280,1600,via_1600x480
VSS,met3-met4,STRIPE,via,92818,86800,94418,87280,1600,via3_1600x480
VSS,met2-met3,STRIPE,via,92818,86800,94418,87280,1600,via2_1600x480
VSS,met1-met2,STRIPE,via,92818,86800,94418,87280,1600,via_1600x480
VSS,met3-met4,STRIPE,via,64136,86800,65736,87280,1600,via3_1600x480
VSS,met2-met3,STRIPE,via,64136,86800,65736,87280,1600,via2_1600x480
VSS,met1-met2,STRIPE,via,64136,86800,65736,87280,1600,via_1600x480
VSS,met3-met4,STRIPE,via,35192,86800,36792,87280,1600,via3_1600x480
VSS,met2-met3,STRIPE,via,35192,86800,36792,87280,1600,via2_1600x480
VSS,met1-met2,STRIPE,via,35192,86800,36792,87280,1600,via_1600x480
VSS,met3-met4,STRIPE,via,250963,81360,252563,81840,1600,via3_1600x480
VSS,met2-met3,STRIPE,via,250963,81360,252563,81840,1600,via2_1600x480
VSS,met1-met2,STRIPE,via,250963,81360,252563,81840,1600,via_1600x480
VSS,met3-met4,STRIPE,via,223340,81360,224940,81840,1600,via3_1600x480
VSS,met2-met3,STRIPE,via,223340,81360,224940,81840,1600,via2_1600x480
VSS,met1-met2,STRIPE,via,223340,81360,224940,81840,1600,via_1600x480
VSS,met3-met4,STRIPE,via,195414,81360,197014,81840,1600,via3_1600x480
VSS,met2-met3,STRIPE,via,195414,81360,197014,81840,1600,via2_1600x480
VSS,met1-met2,STRIPE,via,195414,81360,197014,81840,1600,via_1600x480
VSS,met3-met4,STRIPE,via,168558,81360,170158,81840,1600,via3_1600x480
VSS,met2-met3,STRIPE,via,168558,81360,170158,81840,1600,via2_1600x480
VSS,met1-met2,STRIPE,via,168558,81360,170158,81840,1600,via_1600x480
VSS,met3-met4,STRIPE,via,142757,81360,144357,81840,1600,via3_1600x480
VSS,met2-met3,STRIPE,via,142757,81360,144357,81840,1600,via2_1600x480
VSS,met1-met2,STRIPE,via,142757,81360,144357,81840,1600,via_1600x480
VSS,met3-met4,STRIPE,via,115375,81360,116975,81840,1600,via3_1600x480
VSS,met2-met3,STRIPE,via,115375,81360,116975,81840,1600,via2_1600x480
VSS,met1-met2,STRIPE,via,115375,81360,116975,81840,1600,via_1600x480
VSS,met3-met4,STRIPE,via,92818,81360,94418,81840,1600,via3_1600x480
VSS,met2-met3,STRIPE,via,92818,81360,94418,81840,1600,via2_1600x480
VSS,met1-met2,STRIPE,via,92818,81360,94418,81840,1600,via_1600x480
VSS,met3-met4,STRIPE,via,64136,81360,65736,81840,1600,via3_1600x480
VSS,met2-met3,STRIPE,via,64136,81360,65736,81840,1600,via2_1600x480
VSS,met1-met2,STRIPE,via,64136,81360,65736,81840,1600,via_1600x480
VSS,met3-met4,STRIPE,via,35192,81360,36792,81840,1600,via3_1600x480
VSS,met2-met3,STRIPE,via,35192,81360,36792,81840,1600,via2_1600x480
VSS,met1-met2,STRIPE,via,35192,81360,36792,81840,1600,via_1600x480
VSS,met3-met4,STRIPE,via,250963,75920,252563,76400,1600,via3_1600x480
VSS,met2-met3,STRIPE,via,250963,75920,252563,76400,1600,via2_1600x480
VSS,met1-met2,STRIPE,via,250963,75920,252563,76400,1600,via_1600x480
VSS,met3-met4,STRIPE,via,223340,75920,224940,76400,1600,via3_1600x480
VSS,met2-met3,STRIPE,via,223340,75920,224940,76400,1600,via2_1600x480
VSS,met1-met2,STRIPE,via,223340,75920,224940,76400,1600,via_1600x480
VSS,met3-met4,STRIPE,via,195414,75920,197014,76400,1600,via3_1600x480
VSS,met2-met3,STRIPE,via,195414,75920,197014,76400,1600,via2_1600x480
VSS,met1-met2,STRIPE,via,195414,75920,197014,76400,1600,via_1600x480
VSS,met3-met4,STRIPE,via,168558,75920,170158,76400,1600,via3_1600x480
VSS,met2-met3,STRIPE,via,168558,75920,170158,76400,1600,via2_1600x480
VSS,met1-met2,STRIPE,via,168558,75920,170158,76400,1600,via_1600x480
VSS,met3-met4,STRIPE,via,142757,75920,144357,76400,1600,via3_1600x480
VSS,met2-met3,STRIPE,via,142757,75920,144357,76400,1600,via2_1600x480
VSS,met1-met2,STRIPE,via,142757,75920,144357,76400,1600,via_1600x480
VSS,met3-met4,STRIPE,via,115375,75920,116975,76400,1600,via3_1600x480
VSS,met2-met3,STRIPE,via,115375,75920,116975,76400,1600,via2_1600x480
VSS,met1-met2,STRIPE,via,115375,75920,116975,76400,1600,via_1600x480
VSS,met3-met4,STRIPE,via,92818,75920,94418,76400,1600,via3_1600x480
VSS,met2-met3,STRIPE,via,92818,75920,94418,76400,1600,via2_1600x480
VSS,met1-met2,STRIPE,via,92818,75920,94418,76400,1600,via_1600x480
VSS,met3-met4,STRIPE,via,64136,75920,65736,76400,1600,via3_1600x480
VSS,met2-met3,STRIPE,via,64136,75920,65736,76400,1600,via2_1600x480
VSS,met1-met2,STRIPE,via,64136,75920,65736,76400,1600,via_1600x480
VSS,met3-met4,STRIPE,via,35192,75920,36792,76400,1600,via3_1600x480
VSS,met2-met3,STRIPE,via,35192,75920,36792,76400,1600,via2_1600x480
VSS,met1-met2,STRIPE,via,35192,75920,36792,76400,1600,via_1600x480
VSS,met3-met4,STRIPE,via,250963,70480,252563,70960,1600,via3_1600x480
VSS,met2-met3,STRIPE,via,250963,70480,252563,70960,1600,via2_1600x480
VSS,met1-met2,STRIPE,via,250963,70480,252563,70960,1600,via_1600x480
VSS,met3-met4,STRIPE,via,223340,70480,224940,70960,1600,via3_1600x480
VSS,met2-met3,STRIPE,via,223340,70480,224940,70960,1600,via2_1600x480
VSS,met1-met2,STRIPE,via,223340,70480,224940,70960,1600,via_1600x480
VSS,met3-met4,STRIPE,via,195414,70480,197014,70960,1600,via3_1600x480
VSS,met2-met3,STRIPE,via,195414,70480,197014,70960,1600,via2_1600x480
VSS,met1-met2,STRIPE,via,195414,70480,197014,70960,1600,via_1600x480
VSS,met3-met4,STRIPE,via,168558,70480,170158,70960,1600,via3_1600x480
VSS,met2-met3,STRIPE,via,168558,70480,170158,70960,1600,via2_1600x480
VSS,met1-met2,STRIPE,via,168558,70480,170158,70960,1600,via_1600x480
VSS,met3-met4,STRIPE,via,142757,70480,144357,70960,1600,via3_1600x480
VSS,met2-met3,STRIPE,via,142757,70480,144357,70960,1600,via2_1600x480
VSS,met1-met2,STRIPE,via,142757,70480,144357,70960,1600,via_1600x480
VSS,met3-met4,STRIPE,via,115375,70480,116975,70960,1600,via3_1600x480
VSS,met2-met3,STRIPE,via,115375,70480,116975,70960,1600,via2_1600x480
VSS,met1-met2,STRIPE,via,115375,70480,116975,70960,1600,via_1600x480
VSS,met3-met4,STRIPE,via,92818,70480,94418,70960,1600,via3_1600x480
VSS,met2-met3,STRIPE,via,92818,70480,94418,70960,1600,via2_1600x480
VSS,met1-met2,STRIPE,via,92818,70480,94418,70960,1600,via_1600x480
VSS,met3-met4,STRIPE,via,64136,70480,65736,70960,1600,via3_1600x480
VSS,met2-met3,STRIPE,via,64136,70480,65736,70960,1600,via2_1600x480
VSS,met1-met2,STRIPE,via,64136,70480,65736,70960,1600,via_1600x480
VSS,met3-met4,STRIPE,via,35192,70480,36792,70960,1600,via3_1600x480
VSS,met2-met3,STRIPE,via,35192,70480,36792,70960,1600,via2_1600x480
VSS,met1-met2,STRIPE,via,35192,70480,36792,70960,1600,via_1600x480
VSS,met3-met4,STRIPE,via,250963,65040,252563,65520,1600,via3_1600x480
VSS,met2-met3,STRIPE,via,250963,65040,252563,65520,1600,via2_1600x480
VSS,met1-met2,STRIPE,via,250963,65040,252563,65520,1600,via_1600x480
VSS,met3-met4,STRIPE,via,223340,65040,224940,65520,1600,via3_1600x480
VSS,met2-met3,STRIPE,via,223340,65040,224940,65520,1600,via2_1600x480
VSS,met1-met2,STRIPE,via,223340,65040,224940,65520,1600,via_1600x480
VSS,met3-met4,STRIPE,via,195414,65040,197014,65520,1600,via3_1600x480
VSS,met2-met3,STRIPE,via,195414,65040,197014,65520,1600,via2_1600x480
VSS,met1-met2,STRIPE,via,195414,65040,197014,65520,1600,via_1600x480
VSS,met3-met4,STRIPE,via,168558,65040,170158,65520,1600,via3_1600x480
VSS,met2-met3,STRIPE,via,168558,65040,170158,65520,1600,via2_1600x480
VSS,met1-met2,STRIPE,via,168558,65040,170158,65520,1600,via_1600x480
VSS,met3-met4,STRIPE,via,142757,65040,144357,65520,1600,via3_1600x480
VSS,met2-met3,STRIPE,via,142757,65040,144357,65520,1600,via2_1600x480
VSS,met1-met2,STRIPE,via,142757,65040,144357,65520,1600,via_1600x480
VSS,met3-met4,STRIPE,via,115375,65040,116975,65520,1600,via3_1600x480
VSS,met2-met3,STRIPE,via,115375,65040,116975,65520,1600,via2_1600x480
VSS,met1-met2,STRIPE,via,115375,65040,116975,65520,1600,via_1600x480
VSS,met3-met4,STRIPE,via,92818,65040,94418,65520,1600,via3_1600x480
VSS,met2-met3,STRIPE,via,92818,65040,94418,65520,1600,via2_1600x480
VSS,met1-met2,STRIPE,via,92818,65040,94418,65520,1600,via_1600x480
VSS,met3-met4,STRIPE,via,64136,65040,65736,65520,1600,via3_1600x480
VSS,met2-met3,STRIPE,via,64136,65040,65736,65520,1600,via2_1600x480
VSS,met1-met2,STRIPE,via,64136,65040,65736,65520,1600,via_1600x480
VSS,met3-met4,STRIPE,via,35192,65040,36792,65520,1600,via3_1600x480
VSS,met2-met3,STRIPE,via,35192,65040,36792,65520,1600,via2_1600x480
VSS,met1-met2,STRIPE,via,35192,65040,36792,65520,1600,via_1600x480
VSS,met3-met4,STRIPE,via,250963,59600,252563,60080,1600,via3_1600x480
VSS,met2-met3,STRIPE,via,250963,59600,252563,60080,1600,via2_1600x480
VSS,met1-met2,STRIPE,via,250963,59600,252563,60080,1600,via_1600x480
VSS,met3-met4,STRIPE,via,223340,59600,224940,60080,1600,via3_1600x480
VSS,met2-met3,STRIPE,via,223340,59600,224940,60080,1600,via2_1600x480
VSS,met1-met2,STRIPE,via,223340,59600,224940,60080,1600,via_1600x480
VSS,met3-met4,STRIPE,via,195414,59600,197014,60080,1600,via3_1600x480
VSS,met2-met3,STRIPE,via,195414,59600,197014,60080,1600,via2_1600x480
VSS,met1-met2,STRIPE,via,195414,59600,197014,60080,1600,via_1600x480
VSS,met3-met4,STRIPE,via,168558,59600,170158,60080,1600,via3_1600x480
VSS,met2-met3,STRIPE,via,168558,59600,170158,60080,1600,via2_1600x480
VSS,met1-met2,STRIPE,via,168558,59600,170158,60080,1600,via_1600x480
VSS,met3-met4,STRIPE,via,142757,59600,144357,60080,1600,via3_1600x480
VSS,met2-met3,STRIPE,via,142757,59600,144357,60080,1600,via2_1600x480
VSS,met1-met2,STRIPE,via,142757,59600,144357,60080,1600,via_1600x480
VSS,met3-met4,STRIPE,via,115375,59600,116975,60080,1600,via3_1600x480
VSS,met2-met3,STRIPE,via,115375,59600,116975,60080,1600,via2_1600x480
VSS,met1-met2,STRIPE,via,115375,59600,116975,60080,1600,via_1600x480
VSS,met3-met4,STRIPE,via,92818,59600,94418,60080,1600,via3_1600x480
VSS,met2-met3,STRIPE,via,92818,59600,94418,60080,1600,via2_1600x480
VSS,met1-met2,STRIPE,via,92818,59600,94418,60080,1600,via_1600x480
VSS,met3-met4,STRIPE,via,64136,59600,65736,60080,1600,via3_1600x480
VSS,met2-met3,STRIPE,via,64136,59600,65736,60080,1600,via2_1600x480
VSS,met1-met2,STRIPE,via,64136,59600,65736,60080,1600,via_1600x480
VSS,met3-met4,STRIPE,via,35192,59600,36792,60080,1600,via3_1600x480
VSS,met2-met3,STRIPE,via,35192,59600,36792,60080,1600,via2_1600x480
VSS,met1-met2,STRIPE,via,35192,59600,36792,60080,1600,via_1600x480
VSS,met3-met4,STRIPE,via,250963,54160,252563,54640,1600,via3_1600x480
VSS,met2-met3,STRIPE,via,250963,54160,252563,54640,1600,via2_1600x480
VSS,met1-met2,STRIPE,via,250963,54160,252563,54640,1600,via_1600x480
VSS,met3-met4,STRIPE,via,223340,54160,224940,54640,1600,via3_1600x480
VSS,met2-met3,STRIPE,via,223340,54160,224940,54640,1600,via2_1600x480
VSS,met1-met2,STRIPE,via,223340,54160,224940,54640,1600,via_1600x480
VSS,met3-met4,STRIPE,via,195414,54160,197014,54640,1600,via3_1600x480
VSS,met2-met3,STRIPE,via,195414,54160,197014,54640,1600,via2_1600x480
VSS,met1-met2,STRIPE,via,195414,54160,197014,54640,1600,via_1600x480
VSS,met3-met4,STRIPE,via,168558,54160,170158,54640,1600,via3_1600x480
VSS,met2-met3,STRIPE,via,168558,54160,170158,54640,1600,via2_1600x480
VSS,met1-met2,STRIPE,via,168558,54160,170158,54640,1600,via_1600x480
VSS,met3-met4,STRIPE,via,142757,54160,144357,54640,1600,via3_1600x480
VSS,met2-met3,STRIPE,via,142757,54160,144357,54640,1600,via2_1600x480
VSS,met1-met2,STRIPE,via,142757,54160,144357,54640,1600,via_1600x480
VSS,met3-met4,STRIPE,via,115375,54160,116975,54640,1600,via3_1600x480
VSS,met2-met3,STRIPE,via,115375,54160,116975,54640,1600,via2_1600x480
VSS,met1-met2,STRIPE,via,115375,54160,116975,54640,1600,via_1600x480
VSS,met3-met4,STRIPE,via,92818,54160,94418,54640,1600,via3_1600x480
VSS,met2-met3,STRIPE,via,92818,54160,94418,54640,1600,via2_1600x480
VSS,met1-met2,STRIPE,via,92818,54160,94418,54640,1600,via_1600x480
VSS,met3-met4,STRIPE,via,64136,54160,65736,54640,1600,via3_1600x480
VSS,met2-met3,STRIPE,via,64136,54160,65736,54640,1600,via2_1600x480
VSS,met1-met2,STRIPE,via,64136,54160,65736,54640,1600,via_1600x480
VSS,met3-met4,STRIPE,via,35192,54160,36792,54640,1600,via3_1600x480
VSS,met2-met3,STRIPE,via,35192,54160,36792,54640,1600,via2_1600x480
VSS,met1-met2,STRIPE,via,35192,54160,36792,54640,1600,via_1600x480
VSS,met3-met4,STRIPE,via,250963,48720,252563,49200,1600,via3_1600x480
VSS,met2-met3,STRIPE,via,250963,48720,252563,49200,1600,via2_1600x480
VSS,met1-met2,STRIPE,via,250963,48720,252563,49200,1600,via_1600x480
VSS,met3-met4,STRIPE,via,223340,48720,224940,49200,1600,via3_1600x480
VSS,met2-met3,STRIPE,via,223340,48720,224940,49200,1600,via2_1600x480
VSS,met1-met2,STRIPE,via,223340,48720,224940,49200,1600,via_1600x480
VSS,met3-met4,STRIPE,via,195414,48720,197014,49200,1600,via3_1600x480
VSS,met2-met3,STRIPE,via,195414,48720,197014,49200,1600,via2_1600x480
VSS,met1-met2,STRIPE,via,195414,48720,197014,49200,1600,via_1600x480
VSS,met3-met4,STRIPE,via,168558,48720,170158,49200,1600,via3_1600x480
VSS,met2-met3,STRIPE,via,168558,48720,170158,49200,1600,via2_1600x480
VSS,met1-met2,STRIPE,via,168558,48720,170158,49200,1600,via_1600x480
VSS,met3-met4,STRIPE,via,142757,48720,144357,49200,1600,via3_1600x480
VSS,met2-met3,STRIPE,via,142757,48720,144357,49200,1600,via2_1600x480
VSS,met1-met2,STRIPE,via,142757,48720,144357,49200,1600,via_1600x480
VSS,met3-met4,STRIPE,via,115375,48720,116975,49200,1600,via3_1600x480
VSS,met2-met3,STRIPE,via,115375,48720,116975,49200,1600,via2_1600x480
VSS,met1-met2,STRIPE,via,115375,48720,116975,49200,1600,via_1600x480
VSS,met3-met4,STRIPE,via,92818,48720,94418,49200,1600,via3_1600x480
VSS,met2-met3,STRIPE,via,92818,48720,94418,49200,1600,via2_1600x480
VSS,met1-met2,STRIPE,via,92818,48720,94418,49200,1600,via_1600x480
VSS,met3-met4,STRIPE,via,64136,48720,65736,49200,1600,via3_1600x480
VSS,met2-met3,STRIPE,via,64136,48720,65736,49200,1600,via2_1600x480
VSS,met1-met2,STRIPE,via,64136,48720,65736,49200,1600,via_1600x480
VSS,met3-met4,STRIPE,via,35192,48720,36792,49200,1600,via3_1600x480
VSS,met2-met3,STRIPE,via,35192,48720,36792,49200,1600,via2_1600x480
VSS,met1-met2,STRIPE,via,35192,48720,36792,49200,1600,via_1600x480
VSS,met3-met4,STRIPE,via,250963,43280,252563,43760,1600,via3_1600x480
VSS,met2-met3,STRIPE,via,250963,43280,252563,43760,1600,via2_1600x480
VSS,met1-met2,STRIPE,via,250963,43280,252563,43760,1600,via_1600x480
VSS,met3-met4,STRIPE,via,223340,43280,224940,43760,1600,via3_1600x480
VSS,met2-met3,STRIPE,via,223340,43280,224940,43760,1600,via2_1600x480
VSS,met1-met2,STRIPE,via,223340,43280,224940,43760,1600,via_1600x480
VSS,met3-met4,STRIPE,via,195414,43280,197014,43760,1600,via3_1600x480
VSS,met2-met3,STRIPE,via,195414,43280,197014,43760,1600,via2_1600x480
VSS,met1-met2,STRIPE,via,195414,43280,197014,43760,1600,via_1600x480
VSS,met3-met4,STRIPE,via,168558,43280,170158,43760,1600,via3_1600x480
VSS,met2-met3,STRIPE,via,168558,43280,170158,43760,1600,via2_1600x480
VSS,met1-met2,STRIPE,via,168558,43280,170158,43760,1600,via_1600x480
VSS,met3-met4,STRIPE,via,142757,43280,144357,43760,1600,via3_1600x480
VSS,met2-met3,STRIPE,via,142757,43280,144357,43760,1600,via2_1600x480
VSS,met1-met2,STRIPE,via,142757,43280,144357,43760,1600,via_1600x480
VSS,met3-met4,STRIPE,via,115375,43280,116975,43760,1600,via3_1600x480
VSS,met2-met3,STRIPE,via,115375,43280,116975,43760,1600,via2_1600x480
VSS,met1-met2,STRIPE,via,115375,43280,116975,43760,1600,via_1600x480
VSS,met3-met4,STRIPE,via,92818,43280,94418,43760,1600,via3_1600x480
VSS,met2-met3,STRIPE,via,92818,43280,94418,43760,1600,via2_1600x480
VSS,met1-met2,STRIPE,via,92818,43280,94418,43760,1600,via_1600x480
VSS,met3-met4,STRIPE,via,64136,43280,65736,43760,1600,via3_1600x480
VSS,met2-met3,STRIPE,via,64136,43280,65736,43760,1600,via2_1600x480
VSS,met1-met2,STRIPE,via,64136,43280,65736,43760,1600,via_1600x480
VSS,met3-met4,STRIPE,via,35192,43280,36792,43760,1600,via3_1600x480
VSS,met2-met3,STRIPE,via,35192,43280,36792,43760,1600,via2_1600x480
VSS,met1-met2,STRIPE,via,35192,43280,36792,43760,1600,via_1600x480
VSS,met3-met4,STRIPE,via,250963,37840,252563,38320,1600,via3_1600x480
VSS,met2-met3,STRIPE,via,250963,37840,252563,38320,1600,via2_1600x480
VSS,met1-met2,STRIPE,via,250963,37840,252563,38320,1600,via_1600x480
VSS,met3-met4,STRIPE,via,223340,37840,224940,38320,1600,via3_1600x480
VSS,met2-met3,STRIPE,via,223340,37840,224940,38320,1600,via2_1600x480
VSS,met1-met2,STRIPE,via,223340,37840,224940,38320,1600,via_1600x480
VSS,met3-met4,STRIPE,via,195414,37840,197014,38320,1600,via3_1600x480
VSS,met2-met3,STRIPE,via,195414,37840,197014,38320,1600,via2_1600x480
VSS,met1-met2,STRIPE,via,195414,37840,197014,38320,1600,via_1600x480
VSS,met3-met4,STRIPE,via,168558,37840,170158,38320,1600,via3_1600x480
VSS,met2-met3,STRIPE,via,168558,37840,170158,38320,1600,via2_1600x480
VSS,met1-met2,STRIPE,via,168558,37840,170158,38320,1600,via_1600x480
VSS,met3-met4,STRIPE,via,142757,37840,144357,38320,1600,via3_1600x480
VSS,met2-met3,STRIPE,via,142757,37840,144357,38320,1600,via2_1600x480
VSS,met1-met2,STRIPE,via,142757,37840,144357,38320,1600,via_1600x480
VSS,met3-met4,STRIPE,via,115375,37840,116975,38320,1600,via3_1600x480
VSS,met2-met3,STRIPE,via,115375,37840,116975,38320,1600,via2_1600x480
VSS,met1-met2,STRIPE,via,115375,37840,116975,38320,1600,via_1600x480
VSS,met3-met4,STRIPE,via,92818,37840,94418,38320,1600,via3_1600x480
VSS,met2-met3,STRIPE,via,92818,37840,94418,38320,1600,via2_1600x480
VSS,met1-met2,STRIPE,via,92818,37840,94418,38320,1600,via_1600x480
VSS,met3-met4,STRIPE,via,64136,37840,65736,38320,1600,via3_1600x480
VSS,met2-met3,STRIPE,via,64136,37840,65736,38320,1600,via2_1600x480
VSS,met1-met2,STRIPE,via,64136,37840,65736,38320,1600,via_1600x480
VSS,met3-met4,STRIPE,via,35192,37840,36792,38320,1600,via3_1600x480
VSS,met2-met3,STRIPE,via,35192,37840,36792,38320,1600,via2_1600x480
VSS,met1-met2,STRIPE,via,35192,37840,36792,38320,1600,via_1600x480
VSS,met3-met4,STRIPE,via,250963,32400,252563,32880,1600,via3_1600x480
VSS,met2-met3,STRIPE,via,250963,32400,252563,32880,1600,via2_1600x480
VSS,met1-met2,STRIPE,via,250963,32400,252563,32880,1600,via_1600x480
VSS,met3-met4,STRIPE,via,223340,32400,224940,32880,1600,via3_1600x480
VSS,met2-met3,STRIPE,via,223340,32400,224940,32880,1600,via2_1600x480
VSS,met1-met2,STRIPE,via,223340,32400,224940,32880,1600,via_1600x480
VSS,met3-met4,STRIPE,via,195414,32400,197014,32880,1600,via3_1600x480
VSS,met2-met3,STRIPE,via,195414,32400,197014,32880,1600,via2_1600x480
VSS,met1-met2,STRIPE,via,195414,32400,197014,32880,1600,via_1600x480
VSS,met3-met4,STRIPE,via,168558,32400,170158,32880,1600,via3_1600x480
VSS,met2-met3,STRIPE,via,168558,32400,170158,32880,1600,via2_1600x480
VSS,met1-met2,STRIPE,via,168558,32400,170158,32880,1600,via_1600x480
VSS,met3-met4,STRIPE,via,142757,32400,144357,32880,1600,via3_1600x480
VSS,met2-met3,STRIPE,via,142757,32400,144357,32880,1600,via2_1600x480
VSS,met1-met2,STRIPE,via,142757,32400,144357,32880,1600,via_1600x480
VSS,met3-met4,STRIPE,via,115375,32400,116975,32880,1600,via3_1600x480
VSS,met2-met3,STRIPE,via,115375,32400,116975,32880,1600,via2_1600x480
VSS,met1-met2,STRIPE,via,115375,32400,116975,32880,1600,via_1600x480
VSS,met3-met4,STRIPE,via,92818,32400,94418,32880,1600,via3_1600x480
VSS,met2-met3,STRIPE,via,92818,32400,94418,32880,1600,via2_1600x480
VSS,met1-met2,STRIPE,via,92818,32400,94418,32880,1600,via_1600x480
VSS,met3-met4,STRIPE,via,64136,32400,65736,32880,1600,via3_1600x480
VSS,met2-met3,STRIPE,via,64136,32400,65736,32880,1600,via2_1600x480
VSS,met1-met2,STRIPE,via,64136,32400,65736,32880,1600,via_1600x480
VSS,met3-met4,STRIPE,via,35192,32400,36792,32880,1600,via3_1600x480
VSS,met2-met3,STRIPE,via,35192,32400,36792,32880,1600,via2_1600x480
VSS,met1-met2,STRIPE,via,35192,32400,36792,32880,1600,via_1600x480
VSS,met3-met4,STRIPE,via,250963,26960,252563,27440,1600,via3_1600x480
VSS,met2-met3,STRIPE,via,250963,26960,252563,27440,1600,via2_1600x480
VSS,met1-met2,STRIPE,via,250963,26960,252563,27440,1600,via_1600x480
VSS,met3-met4,STRIPE,via,223340,26960,224940,27440,1600,via3_1600x480
VSS,met2-met3,STRIPE,via,223340,26960,224940,27440,1600,via2_1600x480
VSS,met1-met2,STRIPE,via,223340,26960,224940,27440,1600,via_1600x480
VSS,met3-met4,STRIPE,via,195414,26960,197014,27440,1600,via3_1600x480
VSS,met2-met3,STRIPE,via,195414,26960,197014,27440,1600,via2_1600x480
VSS,met1-met2,STRIPE,via,195414,26960,197014,27440,1600,via_1600x480
VSS,met3-met4,STRIPE,via,168558,26960,170158,27440,1600,via3_1600x480
VSS,met2-met3,STRIPE,via,168558,26960,170158,27440,1600,via2_1600x480
VSS,met1-met2,STRIPE,via,168558,26960,170158,27440,1600,via_1600x480
VSS,met3-met4,STRIPE,via,142757,26960,144357,27440,1600,via3_1600x480
VSS,met2-met3,STRIPE,via,142757,26960,144357,27440,1600,via2_1600x480
VSS,met1-met2,STRIPE,via,142757,26960,144357,27440,1600,via_1600x480
VSS,met3-met4,STRIPE,via,115375,26960,116975,27440,1600,via3_1600x480
VSS,met2-met3,STRIPE,via,115375,26960,116975,27440,1600,via2_1600x480
VSS,met1-met2,STRIPE,via,115375,26960,116975,27440,1600,via_1600x480
VSS,met3-met4,STRIPE,via,92818,26960,94418,27440,1600,via3_1600x480
VSS,met2-met3,STRIPE,via,92818,26960,94418,27440,1600,via2_1600x480
VSS,met1-met2,STRIPE,via,92818,26960,94418,27440,1600,via_1600x480
VSS,met3-met4,STRIPE,via,64136,26960,65736,27440,1600,via3_1600x480
VSS,met2-met3,STRIPE,via,64136,26960,65736,27440,1600,via2_1600x480
VSS,met1-met2,STRIPE,via,64136,26960,65736,27440,1600,via_1600x480
VSS,met3-met4,STRIPE,via,35192,26960,36792,27440,1600,via3_1600x480
VSS,met2-met3,STRIPE,via,35192,26960,36792,27440,1600,via2_1600x480
VSS,met1-met2,STRIPE,via,35192,26960,36792,27440,1600,via_1600x480
VSS,met3-met4,STRIPE,via,250963,21520,252563,22000,1600,via3_1600x480
VSS,met2-met3,STRIPE,via,250963,21520,252563,22000,1600,via2_1600x480
VSS,met1-met2,STRIPE,via,250963,21520,252563,22000,1600,via_1600x480
VSS,met3-met4,STRIPE,via,223340,21520,224940,22000,1600,via3_1600x480
VSS,met2-met3,STRIPE,via,223340,21520,224940,22000,1600,via2_1600x480
VSS,met1-met2,STRIPE,via,223340,21520,224940,22000,1600,via_1600x480
VSS,met3-met4,STRIPE,via,195414,21520,197014,22000,1600,via3_1600x480
VSS,met2-met3,STRIPE,via,195414,21520,197014,22000,1600,via2_1600x480
VSS,met1-met2,STRIPE,via,195414,21520,197014,22000,1600,via_1600x480
VSS,met3-met4,STRIPE,via,168558,21520,170158,22000,1600,via3_1600x480
VSS,met2-met3,STRIPE,via,168558,21520,170158,22000,1600,via2_1600x480
VSS,met1-met2,STRIPE,via,168558,21520,170158,22000,1600,via_1600x480
VSS,met3-met4,STRIPE,via,142757,21520,144357,22000,1600,via3_1600x480
VSS,met2-met3,STRIPE,via,142757,21520,144357,22000,1600,via2_1600x480
VSS,met1-met2,STRIPE,via,142757,21520,144357,22000,1600,via_1600x480
VSS,met3-met4,STRIPE,via,115375,21520,116975,22000,1600,via3_1600x480
VSS,met2-met3,STRIPE,via,115375,21520,116975,22000,1600,via2_1600x480
VSS,met1-met2,STRIPE,via,115375,21520,116975,22000,1600,via_1600x480
VSS,met3-met4,STRIPE,via,92818,21520,94418,22000,1600,via3_1600x480
VSS,met2-met3,STRIPE,via,92818,21520,94418,22000,1600,via2_1600x480
VSS,met1-met2,STRIPE,via,92818,21520,94418,22000,1600,via_1600x480
VSS,met3-met4,STRIPE,via,64136,21520,65736,22000,1600,via3_1600x480
VSS,met2-met3,STRIPE,via,64136,21520,65736,22000,1600,via2_1600x480
VSS,met1-met2,STRIPE,via,64136,21520,65736,22000,1600,via_1600x480
VSS,met3-met4,STRIPE,via,35192,21520,36792,22000,1600,via3_1600x480
VSS,met2-met3,STRIPE,via,35192,21520,36792,22000,1600,via2_1600x480
VSS,met1-met2,STRIPE,via,35192,21520,36792,22000,1600,via_1600x480
VSS,met3-met4,STRIPE,via,250963,16080,252563,16560,1600,via3_1600x480
VSS,met2-met3,STRIPE,via,250963,16080,252563,16560,1600,via2_1600x480
VSS,met1-met2,STRIPE,via,250963,16080,252563,16560,1600,via_1600x480
VSS,met3-met4,STRIPE,via,223340,16080,224940,16560,1600,via3_1600x480
VSS,met2-met3,STRIPE,via,223340,16080,224940,16560,1600,via2_1600x480
VSS,met1-met2,STRIPE,via,223340,16080,224940,16560,1600,via_1600x480
VSS,met3-met4,STRIPE,via,195414,16080,197014,16560,1600,via3_1600x480
VSS,met2-met3,STRIPE,via,195414,16080,197014,16560,1600,via2_1600x480
VSS,met1-met2,STRIPE,via,195414,16080,197014,16560,1600,via_1600x480
VSS,met3-met4,STRIPE,via,168558,16080,170158,16560,1600,via3_1600x480
VSS,met2-met3,STRIPE,via,168558,16080,170158,16560,1600,via2_1600x480
VSS,met1-met2,STRIPE,via,168558,16080,170158,16560,1600,via_1600x480
VSS,met3-met4,STRIPE,via,142757,16080,144357,16560,1600,via3_1600x480
VSS,met2-met3,STRIPE,via,142757,16080,144357,16560,1600,via2_1600x480
VSS,met1-met2,STRIPE,via,142757,16080,144357,16560,1600,via_1600x480
VSS,met3-met4,STRIPE,via,115375,16080,116975,16560,1600,via3_1600x480
VSS,met2-met3,STRIPE,via,115375,16080,116975,16560,1600,via2_1600x480
VSS,met1-met2,STRIPE,via,115375,16080,116975,16560,1600,via_1600x480
VSS,met3-met4,STRIPE,via,92818,16080,94418,16560,1600,via3_1600x480
VSS,met2-met3,STRIPE,via,92818,16080,94418,16560,1600,via2_1600x480
VSS,met1-met2,STRIPE,via,92818,16080,94418,16560,1600,via_1600x480
VSS,met3-met4,STRIPE,via,64136,16080,65736,16560,1600,via3_1600x480
VSS,met2-met3,STRIPE,via,64136,16080,65736,16560,1600,via2_1600x480
VSS,met1-met2,STRIPE,via,64136,16080,65736,16560,1600,via_1600x480
VSS,met3-met4,STRIPE,via,35192,16080,36792,16560,1600,via3_1600x480
VSS,met2-met3,STRIPE,via,35192,16080,36792,16560,1600,via2_1600x480
VSS,met1-met2,STRIPE,via,35192,16080,36792,16560,1600,via_1600x480
VSS,met3-met4,STRIPE,via,250963,10640,252563,11120,1600,via3_1600x480
VSS,met2-met3,STRIPE,via,250963,10640,252563,11120,1600,via2_1600x480
VSS,met1-met2,STRIPE,via,250963,10640,252563,11120,1600,via_1600x480
VSS,met3-met4,STRIPE,via,223340,10640,224940,11120,1600,via3_1600x480
VSS,met2-met3,STRIPE,via,223340,10640,224940,11120,1600,via2_1600x480
VSS,met1-met2,STRIPE,via,223340,10640,224940,11120,1600,via_1600x480
VSS,met3-met4,STRIPE,via,195414,10640,197014,11120,1600,via3_1600x480
VSS,met2-met3,STRIPE,via,195414,10640,197014,11120,1600,via2_1600x480
VSS,met1-met2,STRIPE,via,195414,10640,197014,11120,1600,via_1600x480
VSS,met3-met4,STRIPE,via,168558,10640,170158,11120,1600,via3_1600x480
VSS,met2-met3,STRIPE,via,168558,10640,170158,11120,1600,via2_1600x480
VSS,met1-met2,STRIPE,via,168558,10640,170158,11120,1600,via_1600x480
VSS,met3-met4,STRIPE,via,142757,10640,144357,11120,1600,via3_1600x480
VSS,met2-met3,STRIPE,via,142757,10640,144357,11120,1600,via2_1600x480
VSS,met1-met2,STRIPE,via,142757,10640,144357,11120,1600,via_1600x480
VSS,met3-met4,STRIPE,via,115375,10640,116975,11120,1600,via3_1600x480
VSS,met2-met3,STRIPE,via,115375,10640,116975,11120,1600,via2_1600x480
VSS,met1-met2,STRIPE,via,115375,10640,116975,11120,1600,via_1600x480
VSS,met3-met4,STRIPE,via,92818,10640,94418,11120,1600,via3_1600x480
VSS,met2-met3,STRIPE,via,92818,10640,94418,11120,1600,via2_1600x480
VSS,met1-met2,STRIPE,via,92818,10640,94418,11120,1600,via_1600x480
VSS,met3-met4,STRIPE,via,64136,10640,65736,11120,1600,via3_1600x480
VSS,met2-met3,STRIPE,via,64136,10640,65736,11120,1600,via2_1600x480
VSS,met1-met2,STRIPE,via,64136,10640,65736,11120,1600,via_1600x480
VSS,met3-met4,STRIPE,via,35192,10640,36792,11120,1600,via3_1600x480
VSS,met2-met3,STRIPE,via,35192,10640,36792,11120,1600,via2_1600x480
VSS,met1-met2,STRIPE,via,35192,10640,36792,11120,1600,via_1600x480
VSS,met5,STRIPE,wire,10120,254640,269560,256240,1600,
VSS,met5,STRIPE,wire,10120,227440,269560,229040,1600,
VSS,met5,STRIPE,wire,10120,200240,269560,201840,1600,
VSS,met5,STRIPE,wire,10120,173040,269560,174640,1600,
VSS,met5,STRIPE,wire,10120,145840,269560,147440,1600,
VSS,met5,STRIPE,wire,10120,118640,269560,120240,1600,
VSS,met5,STRIPE,wire,10120,91440,269560,93040,1600,
VSS,met5,STRIPE,wire,10120,64240,269560,65840,1600,
VSS,met5,STRIPE,wire,10120,37040,269560,38640,1600,
VSS,met4,STRIPE,wire,250963,10640,252563,269520,1600,
VSS,met4,STRIPE,wire,223340,10640,224940,269520,1600,
VSS,met4,STRIPE,wire,195414,10640,197014,269520,1600,
VSS,met4,STRIPE,wire,168558,10640,170158,269520,1600,
VSS,met4,STRIPE,wire,142757,10640,144357,269520,1600,
VSS,met4,STRIPE,wire,115375,10640,116975,269520,1600,
VSS,met4,STRIPE,wire,92818,10640,94418,269520,1600,
VSS,met4,STRIPE,wire,64136,10640,65736,269520,1600,
VSS,met4,STRIPE,wire,35192,10640,36792,269520,1600,
VSS,met1,FOLLOWPIN,wire,10120,266320,269560,266800,480,
VSS,met1,FOLLOWPIN,wire,10120,260880,269560,261360,480,
VSS,met1,FOLLOWPIN,wire,10120,255440,269560,255920,480,
VSS,met1,FOLLOWPIN,wire,10120,250000,269560,250480,480,
VSS,met1,FOLLOWPIN,wire,10120,244560,269560,245040,480,
VSS,met1,FOLLOWPIN,wire,10120,239120,269560,239600,480,
VSS,met1,FOLLOWPIN,wire,10120,233680,269560,234160,480,
VSS,met1,FOLLOWPIN,wire,10120,228240,269560,228720,480,
VSS,met1,FOLLOWPIN,wire,10120,222800,269560,223280,480,
VSS,met1,FOLLOWPIN,wire,10120,217360,269560,217840,480,
VSS,met1,FOLLOWPIN,wire,10120,211920,269560,212400,480,
VSS,met1,FOLLOWPIN,wire,10120,206480,269560,206960,480,
VSS,met1,FOLLOWPIN,wire,10120,201040,269560,201520,480,
VSS,met1,FOLLOWPIN,wire,10120,195600,269560,196080,480,
VSS,met1,FOLLOWPIN,wire,10120,190160,269560,190640,480,
VSS,met1,FOLLOWPIN,wire,10120,184720,269560,185200,480,
VSS,met1,FOLLOWPIN,wire,10120,179280,269560,179760,480,
VSS,met1,FOLLOWPIN,wire,10120,173840,269560,174320,480,
VSS,met1,FOLLOWPIN,wire,10120,168400,269560,168880,480,
VSS,met1,FOLLOWPIN,wire,10120,162960,269560,163440,480,
VSS,met1,FOLLOWPIN,wire,10120,157520,269560,158000,480,
VSS,met1,FOLLOWPIN,wire,10120,152080,269560,152560,480,
VSS,met1,FOLLOWPIN,wire,10120,146640,269560,147120,480,
VSS,met1,FOLLOWPIN,wire,10120,141200,269560,141680,480,
VSS,met1,FOLLOWPIN,wire,10120,135760,269560,136240,480,
VSS,met1,FOLLOWPIN,wire,10120,130320,269560,130800,480,
VSS,met1,FOLLOWPIN,wire,10120,124880,269560,125360,480,
VSS,met1,FOLLOWPIN,wire,10120,119440,269560,119920,480,
VSS,met1,FOLLOWPIN,wire,10120,114000,269560,114480,480,
VSS,met1,FOLLOWPIN,wire,10120,108560,269560,109040,480,
VSS,met1,FOLLOWPIN,wire,10120,103120,269560,103600,480,
VSS,met1,FOLLOWPIN,wire,10120,97680,269560,98160,480,
VSS,met1,FOLLOWPIN,wire,10120,92240,269560,92720,480,
VSS,met1,FOLLOWPIN,wire,10120,86800,269560,87280,480,
VSS,met1,FOLLOWPIN,wire,10120,81360,269560,81840,480,
VSS,met1,FOLLOWPIN,wire,10120,75920,269560,76400,480,
VSS,met1,FOLLOWPIN,wire,10120,70480,269560,70960,480,
VSS,met1,FOLLOWPIN,wire,10120,65040,269560,65520,480,
VSS,met1,FOLLOWPIN,wire,10120,59600,269560,60080,480,
VSS,met1,FOLLOWPIN,wire,10120,54160,269560,54640,480,
VSS,met1,FOLLOWPIN,wire,10120,48720,269560,49200,480,
VSS,met1,FOLLOWPIN,wire,10120,43280,269560,43760,480,
VSS,met1,FOLLOWPIN,wire,10120,37840,269560,38320,480,
VSS,met1,FOLLOWPIN,wire,10120,32400,269560,32880,480,
VSS,met1,FOLLOWPIN,wire,10120,26960,269560,27440,480,
VSS,met1,FOLLOWPIN,wire,10120,21520,269560,22000,480,
VSS,met1,FOLLOWPIN,wire,10120,16080,269560,16560,480,
VSS,met1,FOLLOWPIN,wire,10120,10640,269560,11120,480,
VDD,met4-met5,STRIPE,via,266945,241040,268545,242640,1600,via4_1600x1600
VDD,met4-met5,STRIPE,via,239202,241040,240802,242640,1600,via4_1600x1600
VDD,met4-met5,STRIPE,via,212381,241040,213981,242640,1600,via4_1600x1600
VDD,met4-met5,STRIPE,via,183331,241040,184931,242640,1600,via4_1600x1600
VDD,met4-met5,STRIPE,via,157504,241040,159104,242640,1600,via4_1600x1600
VDD,met4-met5,STRIPE,via,130457,241040,132057,242640,1600,via4_1600x1600
VDD,met4-met5,STRIPE,via,100913,241040,102513,242640,1600,via4_1600x1600
VDD,met4-met5,STRIPE,via,73521,241040,75121,242640,1600,via4_1600x1600
VDD,met4-met5,STRIPE,via,48295,241040,49895,242640,1600,via4_1600x1600
VDD,met4-met5,STRIPE,via,20424,241040,22024,242640,1600,via4_1600x1600
VDD,met4-met5,STRIPE,via,266945,213840,268545,215440,1600,via4_1600x1600
VDD,met4-met5,STRIPE,via,239202,213840,240802,215440,1600,via4_1600x1600
VDD,met4-met5,STRIPE,via,212381,213840,213981,215440,1600,via4_1600x1600
VDD,met4-met5,STRIPE,via,183331,213840,184931,215440,1600,via4_1600x1600
VDD,met4-met5,STRIPE,via,157504,213840,159104,215440,1600,via4_1600x1600
VDD,met4-met5,STRIPE,via,130457,213840,132057,215440,1600,via4_1600x1600
VDD,met4-met5,STRIPE,via,100913,213840,102513,215440,1600,via4_1600x1600
VDD,met4-met5,STRIPE,via,73521,213840,75121,215440,1600,via4_1600x1600
VDD,met4-met5,STRIPE,via,48295,213840,49895,215440,1600,via4_1600x1600
VDD,met4-met5,STRIPE,via,20424,213840,22024,215440,1600,via4_1600x1600
VDD,met4-met5,STRIPE,via,266945,186640,268545,188240,1600,via4_1600x1600
VDD,met4-met5,STRIPE,via,239202,186640,240802,188240,1600,via4_1600x1600
VDD,met4-met5,STRIPE,via,212381,186640,213981,188240,1600,via4_1600x1600
VDD,met4-met5,STRIPE,via,183331,186640,184931,188240,1600,via4_1600x1600
VDD,met4-met5,STRIPE,via,157504,186640,159104,188240,1600,via4_1600x1600
VDD,met4-met5,STRIPE,via,130457,186640,132057,188240,1600,via4_1600x1600
VDD,met4-met5,STRIPE,via,100913,186640,102513,188240,1600,via4_1600x1600
VDD,met4-met5,STRIPE,via,73521,186640,75121,188240,1600,via4_1600x1600
VDD,met4-met5,STRIPE,via,48295,186640,49895,188240,1600,via4_1600x1600
VDD,met4-met5,STRIPE,via,20424,186640,22024,188240,1600,via4_1600x1600
VDD,met4-met5,STRIPE,via,266945,159440,268545,161040,1600,via4_1600x1600
VDD,met4-met5,STRIPE,via,239202,159440,240802,161040,1600,via4_1600x1600
VDD,met4-met5,STRIPE,via,212381,159440,213981,161040,1600,via4_1600x1600
VDD,met4-met5,STRIPE,via,183331,159440,184931,161040,1600,via4_1600x1600
VDD,met4-met5,STRIPE,via,157504,159440,159104,161040,1600,via4_1600x1600
VDD,met4-met5,STRIPE,via,130457,159440,132057,161040,1600,via4_1600x1600
VDD,met4-met5,STRIPE,via,100913,159440,102513,161040,1600,via4_1600x1600
VDD,met4-met5,STRIPE,via,73521,159440,75121,161040,1600,via4_1600x1600
VDD,met4-met5,STRIPE,via,48295,159440,49895,161040,1600,via4_1600x1600
VDD,met4-met5,STRIPE,via,20424,159440,22024,161040,1600,via4_1600x1600
VDD,met4-met5,STRIPE,via,266945,132240,268545,133840,1600,via4_1600x1600
VDD,met4-met5,STRIPE,via,239202,132240,240802,133840,1600,via4_1600x1600
VDD,met4-met5,STRIPE,via,212381,132240,213981,133840,1600,via4_1600x1600
VDD,met4-met5,STRIPE,via,183331,132240,184931,133840,1600,via4_1600x1600
VDD,met4-met5,STRIPE,via,157504,132240,159104,133840,1600,via4_1600x1600
VDD,met4-met5,STRIPE,via,130457,132240,132057,133840,1600,via4_1600x1600
VDD,met4-met5,STRIPE,via,100913,132240,102513,133840,1600,via4_1600x1600
VDD,met4-met5,STRIPE,via,73521,132240,75121,133840,1600,via4_1600x1600
VDD,met4-met5,STRIPE,via,48295,132240,49895,133840,1600,via4_1600x1600
VDD,met4-met5,STRIPE,via,20424,132240,22024,133840,1600,via4_1600x1600
VDD,met4-met5,STRIPE,via,266945,105040,268545,106640,1600,via4_1600x1600
VDD,met4-met5,STRIPE,via,239202,105040,240802,106640,1600,via4_1600x1600
VDD,met4-met5,STRIPE,via,212381,105040,213981,106640,1600,via4_1600x1600
VDD,met4-met5,STRIPE,via,183331,105040,184931,106640,1600,via4_1600x1600
VDD,met4-met5,STRIPE,via,157504,105040,159104,106640,1600,via4_1600x1600
VDD,met4-met5,STRIPE,via,130457,105040,132057,106640,1600,via4_1600x1600
VDD,met4-met5,STRIPE,via,100913,105040,102513,106640,1600,via4_1600x1600
VDD,met4-met5,STRIPE,via,73521,105040,75121,106640,1600,via4_1600x1600
VDD,met4-met5,STRIPE,via,48295,105040,49895,106640,1600,via4_1600x1600
VDD,met4-met5,STRIPE,via,20424,105040,22024,106640,1600,via4_1600x1600
VDD,met4-met5,STRIPE,via,266945,77840,268545,79440,1600,via4_1600x1600
VDD,met4-met5,STRIPE,via,239202,77840,240802,79440,1600,via4_1600x1600
VDD,met4-met5,STRIPE,via,212381,77840,213981,79440,1600,via4_1600x1600
VDD,met4-met5,STRIPE,via,183331,77840,184931,79440,1600,via4_1600x1600
VDD,met4-met5,STRIPE,via,157504,77840,159104,79440,1600,via4_1600x1600
VDD,met4-met5,STRIPE,via,130457,77840,132057,79440,1600,via4_1600x1600
VDD,met4-met5,STRIPE,via,100913,77840,102513,79440,1600,via4_1600x1600
VDD,met4-met5,STRIPE,via,73521,77840,75121,79440,1600,via4_1600x1600
VDD,met4-met5,STRIPE,via,48295,77840,49895,79440,1600,via4_1600x1600
VDD,met4-met5,STRIPE,via,20424,77840,22024,79440,1600,via4_1600x1600
VDD,met4-met5,STRIPE,via,266945,50640,268545,52240,1600,via4_1600x1600
VDD,met4-met5,STRIPE,via,239202,50640,240802,52240,1600,via4_1600x1600
VDD,met4-met5,STRIPE,via,212381,50640,213981,52240,1600,via4_1600x1600
VDD,met4-met5,STRIPE,via,183331,50640,184931,52240,1600,via4_1600x1600
VDD,met4-met5,STRIPE,via,157504,50640,159104,52240,1600,via4_1600x1600
VDD,met4-met5,STRIPE,via,130457,50640,132057,52240,1600,via4_1600x1600
VDD,met4-met5,STRIPE,via,100913,50640,102513,52240,1600,via4_1600x1600
VDD,met4-met5,STRIPE,via,73521,50640,75121,52240,1600,via4_1600x1600
VDD,met4-met5,STRIPE,via,48295,50640,49895,52240,1600,via4_1600x1600
VDD,met4-met5,STRIPE,via,20424,50640,22024,52240,1600,via4_1600x1600
VDD,met4-met5,STRIPE,via,266945,23440,268545,25040,1600,via4_1600x1600
VDD,met4-met5,STRIPE,via,239202,23440,240802,25040,1600,via4_1600x1600
VDD,met4-met5,STRIPE,via,212381,23440,213981,25040,1600,via4_1600x1600
VDD,met4-met5,STRIPE,via,183331,23440,184931,25040,1600,via4_1600x1600
VDD,met4-met5,STRIPE,via,157504,23440,159104,25040,1600,via4_1600x1600
VDD,met4-met5,STRIPE,via,130457,23440,132057,25040,1600,via4_1600x1600
VDD,met4-met5,STRIPE,via,100913,23440,102513,25040,1600,via4_1600x1600
VDD,met4-met5,STRIPE,via,73521,23440,75121,25040,1600,via4_1600x1600
VDD,met4-met5,STRIPE,via,48295,23440,49895,25040,1600,via4_1600x1600
VDD,met4-met5,STRIPE,via,20424,23440,22024,25040,1600,via4_1600x1600
VDD,met3-met4,STRIPE,via,266945,269040,268545,269520,1600,via3_1600x480
VDD,met2-met3,STRIPE,via,266945,269040,268545,269520,1600,via2_1600x480
VDD,met1-met2,STRIPE,via,266945,269040,268545,269520,1600,via_1600x480
VDD,met3-met4,STRIPE,via,239202,269040,240802,269520,1600,via3_1600x480
VDD,met2-met3,STRIPE,via,239202,269040,240802,269520,1600,via2_1600x480
VDD,met1-met2,STRIPE,via,239202,269040,240802,269520,1600,via_1600x480
VDD,met3-met4,STRIPE,via,212381,269040,213981,269520,1600,via3_1600x480
VDD,met2-met3,STRIPE,via,212381,269040,213981,269520,1600,via2_1600x480
VDD,met1-met2,STRIPE,via,212381,269040,213981,269520,1600,via_1600x480
VDD,met3-met4,STRIPE,via,183331,269040,184931,269520,1600,via3_1600x480
VDD,met2-met3,STRIPE,via,183331,269040,184931,269520,1600,via2_1600x480
VDD,met1-met2,STRIPE,via,183331,269040,184931,269520,1600,via_1600x480
VDD,met3-met4,STRIPE,via,157504,269040,159104,269520,1600,via3_1600x480
VDD,met2-met3,STRIPE,via,157504,269040,159104,269520,1600,via2_1600x480
VDD,met1-met2,STRIPE,via,157504,269040,159104,269520,1600,via_1600x480
VDD,met3-met4,STRIPE,via,130457,269040,132057,269520,1600,via3_1600x480
VDD,met2-met3,STRIPE,via,130457,269040,132057,269520,1600,via2_1600x480
VDD,met1-met2,STRIPE,via,130457,269040,132057,269520,1600,via_1600x480
VDD,met3-met4,STRIPE,via,100913,269040,102513,269520,1600,via3_1600x480
VDD,met2-met3,STRIPE,via,100913,269040,102513,269520,1600,via2_1600x480
VDD,met1-met2,STRIPE,via,100913,269040,102513,269520,1600,via_1600x480
VDD,met3-met4,STRIPE,via,73521,269040,75121,269520,1600,via3_1600x480
VDD,met2-met3,STRIPE,via,73521,269040,75121,269520,1600,via2_1600x480
VDD,met1-met2,STRIPE,via,73521,269040,75121,269520,1600,via_1600x480
VDD,met3-met4,STRIPE,via,48295,269040,49895,269520,1600,via3_1600x480
VDD,met2-met3,STRIPE,via,48295,269040,49895,269520,1600,via2_1600x480
VDD,met1-met2,STRIPE,via,48295,269040,49895,269520,1600,via_1600x480
VDD,met3-met4,STRIPE,via,20424,269040,22024,269520,1600,via3_1600x480
VDD,met2-met3,STRIPE,via,20424,269040,22024,269520,1600,via2_1600x480
VDD,met1-met2,STRIPE,via,20424,269040,22024,269520,1600,via_1600x480
VDD,met3-met4,STRIPE,via,266945,263600,268545,264080,1600,via3_1600x480
VDD,met2-met3,STRIPE,via,266945,263600,268545,264080,1600,via2_1600x480
VDD,met1-met2,STRIPE,via,266945,263600,268545,264080,1600,via_1600x480
VDD,met3-met4,STRIPE,via,239202,263600,240802,264080,1600,via3_1600x480
VDD,met2-met3,STRIPE,via,239202,263600,240802,264080,1600,via2_1600x480
VDD,met1-met2,STRIPE,via,239202,263600,240802,264080,1600,via_1600x480
VDD,met3-met4,STRIPE,via,212381,263600,213981,264080,1600,via3_1600x480
VDD,met2-met3,STRIPE,via,212381,263600,213981,264080,1600,via2_1600x480
VDD,met1-met2,STRIPE,via,212381,263600,213981,264080,1600,via_1600x480
VDD,met3-met4,STRIPE,via,183331,263600,184931,264080,1600,via3_1600x480
VDD,met2-met3,STRIPE,via,183331,263600,184931,264080,1600,via2_1600x480
VDD,met1-met2,STRIPE,via,183331,263600,184931,264080,1600,via_1600x480
VDD,met3-met4,STRIPE,via,157504,263600,159104,264080,1600,via3_1600x480
VDD,met2-met3,STRIPE,via,157504,263600,159104,264080,1600,via2_1600x480
VDD,met1-met2,STRIPE,via,157504,263600,159104,264080,1600,via_1600x480
VDD,met3-met4,STRIPE,via,130457,263600,132057,264080,1600,via3_1600x480
VDD,met2-met3,STRIPE,via,130457,263600,132057,264080,1600,via2_1600x480
VDD,met1-met2,STRIPE,via,130457,263600,132057,264080,1600,via_1600x480
VDD,met3-met4,STRIPE,via,100913,263600,102513,264080,1600,via3_1600x480
VDD,met2-met3,STRIPE,via,100913,263600,102513,264080,1600,via2_1600x480
VDD,met1-met2,STRIPE,via,100913,263600,102513,264080,1600,via_1600x480
VDD,met3-met4,STRIPE,via,73521,263600,75121,264080,1600,via3_1600x480
VDD,met2-met3,STRIPE,via,73521,263600,75121,264080,1600,via2_1600x480
VDD,met1-met2,STRIPE,via,73521,263600,75121,264080,1600,via_1600x480
VDD,met3-met4,STRIPE,via,48295,263600,49895,264080,1600,via3_1600x480
VDD,met2-met3,STRIPE,via,48295,263600,49895,264080,1600,via2_1600x480
VDD,met1-met2,STRIPE,via,48295,263600,49895,264080,1600,via_1600x480
VDD,met3-met4,STRIPE,via,20424,263600,22024,264080,1600,via3_1600x480
VDD,met2-met3,STRIPE,via,20424,263600,22024,264080,1600,via2_1600x480
VDD,met1-met2,STRIPE,via,20424,263600,22024,264080,1600,via_1600x480
VDD,met3-met4,STRIPE,via,266945,258160,268545,258640,1600,via3_1600x480
VDD,met2-met3,STRIPE,via,266945,258160,268545,258640,1600,via2_1600x480
VDD,met1-met2,STRIPE,via,266945,258160,268545,258640,1600,via_1600x480
VDD,met3-met4,STRIPE,via,239202,258160,240802,258640,1600,via3_1600x480
VDD,met2-met3,STRIPE,via,239202,258160,240802,258640,1600,via2_1600x480
VDD,met1-met2,STRIPE,via,239202,258160,240802,258640,1600,via_1600x480
VDD,met3-met4,STRIPE,via,212381,258160,213981,258640,1600,via3_1600x480
VDD,met2-met3,STRIPE,via,212381,258160,213981,258640,1600,via2_1600x480
VDD,met1-met2,STRIPE,via,212381,258160,213981,258640,1600,via_1600x480
VDD,met3-met4,STRIPE,via,183331,258160,184931,258640,1600,via3_1600x480
VDD,met2-met3,STRIPE,via,183331,258160,184931,258640,1600,via2_1600x480
VDD,met1-met2,STRIPE,via,183331,258160,184931,258640,1600,via_1600x480
VDD,met3-met4,STRIPE,via,157504,258160,159104,258640,1600,via3_1600x480
VDD,met2-met3,STRIPE,via,157504,258160,159104,258640,1600,via2_1600x480
VDD,met1-met2,STRIPE,via,157504,258160,159104,258640,1600,via_1600x480
VDD,met3-met4,STRIPE,via,130457,258160,132057,258640,1600,via3_1600x480
VDD,met2-met3,STRIPE,via,130457,258160,132057,258640,1600,via2_1600x480
VDD,met1-met2,STRIPE,via,130457,258160,132057,258640,1600,via_1600x480
VDD,met3-met4,STRIPE,via,100913,258160,102513,258640,1600,via3_1600x480
VDD,met2-met3,STRIPE,via,100913,258160,102513,258640,1600,via2_1600x480
VDD,met1-met2,STRIPE,via,100913,258160,102513,258640,1600,via_1600x480
VDD,met3-met4,STRIPE,via,73521,258160,75121,258640,1600,via3_1600x480
VDD,met2-met3,STRIPE,via,73521,258160,75121,258640,1600,via2_1600x480
VDD,met1-met2,STRIPE,via,73521,258160,75121,258640,1600,via_1600x480
VDD,met3-met4,STRIPE,via,48295,258160,49895,258640,1600,via3_1600x480
VDD,met2-met3,STRIPE,via,48295,258160,49895,258640,1600,via2_1600x480
VDD,met1-met2,STRIPE,via,48295,258160,49895,258640,1600,via_1600x480
VDD,met3-met4,STRIPE,via,20424,258160,22024,258640,1600,via3_1600x480
VDD,met2-met3,STRIPE,via,20424,258160,22024,258640,1600,via2_1600x480
VDD,met1-met2,STRIPE,via,20424,258160,22024,258640,1600,via_1600x480
VDD,met3-met4,STRIPE,via,266945,252720,268545,253200,1600,via3_1600x480
VDD,met2-met3,STRIPE,via,266945,252720,268545,253200,1600,via2_1600x480
VDD,met1-met2,STRIPE,via,266945,252720,268545,253200,1600,via_1600x480
VDD,met3-met4,STRIPE,via,239202,252720,240802,253200,1600,via3_1600x480
VDD,met2-met3,STRIPE,via,239202,252720,240802,253200,1600,via2_1600x480
VDD,met1-met2,STRIPE,via,239202,252720,240802,253200,1600,via_1600x480
VDD,met3-met4,STRIPE,via,212381,252720,213981,253200,1600,via3_1600x480
VDD,met2-met3,STRIPE,via,212381,252720,213981,253200,1600,via2_1600x480
VDD,met1-met2,STRIPE,via,212381,252720,213981,253200,1600,via_1600x480
VDD,met3-met4,STRIPE,via,183331,252720,184931,253200,1600,via3_1600x480
VDD,met2-met3,STRIPE,via,183331,252720,184931,253200,1600,via2_1600x480
VDD,met1-met2,STRIPE,via,183331,252720,184931,253200,1600,via_1600x480
VDD,met3-met4,STRIPE,via,157504,252720,159104,253200,1600,via3_1600x480
VDD,met2-met3,STRIPE,via,157504,252720,159104,253200,1600,via2_1600x480
VDD,met1-met2,STRIPE,via,157504,252720,159104,253200,1600,via_1600x480
VDD,met3-met4,STRIPE,via,130457,252720,132057,253200,1600,via3_1600x480
VDD,met2-met3,STRIPE,via,130457,252720,132057,253200,1600,via2_1600x480
VDD,met1-met2,STRIPE,via,130457,252720,132057,253200,1600,via_1600x480
VDD,met3-met4,STRIPE,via,100913,252720,102513,253200,1600,via3_1600x480
VDD,met2-met3,STRIPE,via,100913,252720,102513,253200,1600,via2_1600x480
VDD,met1-met2,STRIPE,via,100913,252720,102513,253200,1600,via_1600x480
VDD,met3-met4,STRIPE,via,73521,252720,75121,253200,1600,via3_1600x480
VDD,met2-met3,STRIPE,via,73521,252720,75121,253200,1600,via2_1600x480
VDD,met1-met2,STRIPE,via,73521,252720,75121,253200,1600,via_1600x480
VDD,met3-met4,STRIPE,via,48295,252720,49895,253200,1600,via3_1600x480
VDD,met2-met3,STRIPE,via,48295,252720,49895,253200,1600,via2_1600x480
VDD,met1-met2,STRIPE,via,48295,252720,49895,253200,1600,via_1600x480
VDD,met3-met4,STRIPE,via,20424,252720,22024,253200,1600,via3_1600x480
VDD,met2-met3,STRIPE,via,20424,252720,22024,253200,1600,via2_1600x480
VDD,met1-met2,STRIPE,via,20424,252720,22024,253200,1600,via_1600x480
VDD,met3-met4,STRIPE,via,266945,247280,268545,247760,1600,via3_1600x480
VDD,met2-met3,STRIPE,via,266945,247280,268545,247760,1600,via2_1600x480
VDD,met1-met2,STRIPE,via,266945,247280,268545,247760,1600,via_1600x480
VDD,met3-met4,STRIPE,via,239202,247280,240802,247760,1600,via3_1600x480
VDD,met2-met3,STRIPE,via,239202,247280,240802,247760,1600,via2_1600x480
VDD,met1-met2,STRIPE,via,239202,247280,240802,247760,1600,via_1600x480
VDD,met3-met4,STRIPE,via,212381,247280,213981,247760,1600,via3_1600x480
VDD,met2-met3,STRIPE,via,212381,247280,213981,247760,1600,via2_1600x480
VDD,met1-met2,STRIPE,via,212381,247280,213981,247760,1600,via_1600x480
VDD,met3-met4,STRIPE,via,183331,247280,184931,247760,1600,via3_1600x480
VDD,met2-met3,STRIPE,via,183331,247280,184931,247760,1600,via2_1600x480
VDD,met1-met2,STRIPE,via,183331,247280,184931,247760,1600,via_1600x480
VDD,met3-met4,STRIPE,via,157504,247280,159104,247760,1600,via3_1600x480
VDD,met2-met3,STRIPE,via,157504,247280,159104,247760,1600,via2_1600x480
VDD,met1-met2,STRIPE,via,157504,247280,159104,247760,1600,via_1600x480
VDD,met3-met4,STRIPE,via,130457,247280,132057,247760,1600,via3_1600x480
VDD,met2-met3,STRIPE,via,130457,247280,132057,247760,1600,via2_1600x480
VDD,met1-met2,STRIPE,via,130457,247280,132057,247760,1600,via_1600x480
VDD,met3-met4,STRIPE,via,100913,247280,102513,247760,1600,via3_1600x480
VDD,met2-met3,STRIPE,via,100913,247280,102513,247760,1600,via2_1600x480
VDD,met1-met2,STRIPE,via,100913,247280,102513,247760,1600,via_1600x480
VDD,met3-met4,STRIPE,via,73521,247280,75121,247760,1600,via3_1600x480
VDD,met2-met3,STRIPE,via,73521,247280,75121,247760,1600,via2_1600x480
VDD,met1-met2,STRIPE,via,73521,247280,75121,247760,1600,via_1600x480
VDD,met3-met4,STRIPE,via,48295,247280,49895,247760,1600,via3_1600x480
VDD,met2-met3,STRIPE,via,48295,247280,49895,247760,1600,via2_1600x480
VDD,met1-met2,STRIPE,via,48295,247280,49895,247760,1600,via_1600x480
VDD,met3-met4,STRIPE,via,20424,247280,22024,247760,1600,via3_1600x480
VDD,met2-met3,STRIPE,via,20424,247280,22024,247760,1600,via2_1600x480
VDD,met1-met2,STRIPE,via,20424,247280,22024,247760,1600,via_1600x480
VDD,met3-met4,STRIPE,via,266945,241840,268545,242320,1600,via3_1600x480
VDD,met2-met3,STRIPE,via,266945,241840,268545,242320,1600,via2_1600x480
VDD,met1-met2,STRIPE,via,266945,241840,268545,242320,1600,via_1600x480
VDD,met3-met4,STRIPE,via,239202,241840,240802,242320,1600,via3_1600x480
VDD,met2-met3,STRIPE,via,239202,241840,240802,242320,1600,via2_1600x480
VDD,met1-met2,STRIPE,via,239202,241840,240802,242320,1600,via_1600x480
VDD,met3-met4,STRIPE,via,212381,241840,213981,242320,1600,via3_1600x480
VDD,met2-met3,STRIPE,via,212381,241840,213981,242320,1600,via2_1600x480
VDD,met1-met2,STRIPE,via,212381,241840,213981,242320,1600,via_1600x480
VDD,met3-met4,STRIPE,via,183331,241840,184931,242320,1600,via3_1600x480
VDD,met2-met3,STRIPE,via,183331,241840,184931,242320,1600,via2_1600x480
VDD,met1-met2,STRIPE,via,183331,241840,184931,242320,1600,via_1600x480
VDD,met3-met4,STRIPE,via,157504,241840,159104,242320,1600,via3_1600x480
VDD,met2-met3,STRIPE,via,157504,241840,159104,242320,1600,via2_1600x480
VDD,met1-met2,STRIPE,via,157504,241840,159104,242320,1600,via_1600x480
VDD,met3-met4,STRIPE,via,130457,241840,132057,242320,1600,via3_1600x480
VDD,met2-met3,STRIPE,via,130457,241840,132057,242320,1600,via2_1600x480
VDD,met1-met2,STRIPE,via,130457,241840,132057,242320,1600,via_1600x480
VDD,met3-met4,STRIPE,via,100913,241840,102513,242320,1600,via3_1600x480
VDD,met2-met3,STRIPE,via,100913,241840,102513,242320,1600,via2_1600x480
VDD,met1-met2,STRIPE,via,100913,241840,102513,242320,1600,via_1600x480
VDD,met3-met4,STRIPE,via,73521,241840,75121,242320,1600,via3_1600x480
VDD,met2-met3,STRIPE,via,73521,241840,75121,242320,1600,via2_1600x480
VDD,met1-met2,STRIPE,via,73521,241840,75121,242320,1600,via_1600x480
VDD,met3-met4,STRIPE,via,48295,241840,49895,242320,1600,via3_1600x480
VDD,met2-met3,STRIPE,via,48295,241840,49895,242320,1600,via2_1600x480
VDD,met1-met2,STRIPE,via,48295,241840,49895,242320,1600,via_1600x480
VDD,met3-met4,STRIPE,via,20424,241840,22024,242320,1600,via3_1600x480
VDD,met2-met3,STRIPE,via,20424,241840,22024,242320,1600,via2_1600x480
VDD,met1-met2,STRIPE,via,20424,241840,22024,242320,1600,via_1600x480
VDD,met3-met4,STRIPE,via,266945,236400,268545,236880,1600,via3_1600x480
VDD,met2-met3,STRIPE,via,266945,236400,268545,236880,1600,via2_1600x480
VDD,met1-met2,STRIPE,via,266945,236400,268545,236880,1600,via_1600x480
VDD,met3-met4,STRIPE,via,239202,236400,240802,236880,1600,via3_1600x480
VDD,met2-met3,STRIPE,via,239202,236400,240802,236880,1600,via2_1600x480
VDD,met1-met2,STRIPE,via,239202,236400,240802,236880,1600,via_1600x480
VDD,met3-met4,STRIPE,via,212381,236400,213981,236880,1600,via3_1600x480
VDD,met2-met3,STRIPE,via,212381,236400,213981,236880,1600,via2_1600x480
VDD,met1-met2,STRIPE,via,212381,236400,213981,236880,1600,via_1600x480
VDD,met3-met4,STRIPE,via,183331,236400,184931,236880,1600,via3_1600x480
VDD,met2-met3,STRIPE,via,183331,236400,184931,236880,1600,via2_1600x480
VDD,met1-met2,STRIPE,via,183331,236400,184931,236880,1600,via_1600x480
VDD,met3-met4,STRIPE,via,157504,236400,159104,236880,1600,via3_1600x480
VDD,met2-met3,STRIPE,via,157504,236400,159104,236880,1600,via2_1600x480
VDD,met1-met2,STRIPE,via,157504,236400,159104,236880,1600,via_1600x480
VDD,met3-met4,STRIPE,via,130457,236400,132057,236880,1600,via3_1600x480
VDD,met2-met3,STRIPE,via,130457,236400,132057,236880,1600,via2_1600x480
VDD,met1-met2,STRIPE,via,130457,236400,132057,236880,1600,via_1600x480
VDD,met3-met4,STRIPE,via,100913,236400,102513,236880,1600,via3_1600x480
VDD,met2-met3,STRIPE,via,100913,236400,102513,236880,1600,via2_1600x480
VDD,met1-met2,STRIPE,via,100913,236400,102513,236880,1600,via_1600x480
VDD,met3-met4,STRIPE,via,73521,236400,75121,236880,1600,via3_1600x480
VDD,met2-met3,STRIPE,via,73521,236400,75121,236880,1600,via2_1600x480
VDD,met1-met2,STRIPE,via,73521,236400,75121,236880,1600,via_1600x480
VDD,met3-met4,STRIPE,via,48295,236400,49895,236880,1600,via3_1600x480
VDD,met2-met3,STRIPE,via,48295,236400,49895,236880,1600,via2_1600x480
VDD,met1-met2,STRIPE,via,48295,236400,49895,236880,1600,via_1600x480
VDD,met3-met4,STRIPE,via,20424,236400,22024,236880,1600,via3_1600x480
VDD,met2-met3,STRIPE,via,20424,236400,22024,236880,1600,via2_1600x480
VDD,met1-met2,STRIPE,via,20424,236400,22024,236880,1600,via_1600x480
VDD,met3-met4,STRIPE,via,266945,230960,268545,231440,1600,via3_1600x480
VDD,met2-met3,STRIPE,via,266945,230960,268545,231440,1600,via2_1600x480
VDD,met1-met2,STRIPE,via,266945,230960,268545,231440,1600,via_1600x480
VDD,met3-met4,STRIPE,via,239202,230960,240802,231440,1600,via3_1600x480
VDD,met2-met3,STRIPE,via,239202,230960,240802,231440,1600,via2_1600x480
VDD,met1-met2,STRIPE,via,239202,230960,240802,231440,1600,via_1600x480
VDD,met3-met4,STRIPE,via,212381,230960,213981,231440,1600,via3_1600x480
VDD,met2-met3,STRIPE,via,212381,230960,213981,231440,1600,via2_1600x480
VDD,met1-met2,STRIPE,via,212381,230960,213981,231440,1600,via_1600x480
VDD,met3-met4,STRIPE,via,183331,230960,184931,231440,1600,via3_1600x480
VDD,met2-met3,STRIPE,via,183331,230960,184931,231440,1600,via2_1600x480
VDD,met1-met2,STRIPE,via,183331,230960,184931,231440,1600,via_1600x480
VDD,met3-met4,STRIPE,via,157504,230960,159104,231440,1600,via3_1600x480
VDD,met2-met3,STRIPE,via,157504,230960,159104,231440,1600,via2_1600x480
VDD,met1-met2,STRIPE,via,157504,230960,159104,231440,1600,via_1600x480
VDD,met3-met4,STRIPE,via,130457,230960,132057,231440,1600,via3_1600x480
VDD,met2-met3,STRIPE,via,130457,230960,132057,231440,1600,via2_1600x480
VDD,met1-met2,STRIPE,via,130457,230960,132057,231440,1600,via_1600x480
VDD,met3-met4,STRIPE,via,100913,230960,102513,231440,1600,via3_1600x480
VDD,met2-met3,STRIPE,via,100913,230960,102513,231440,1600,via2_1600x480
VDD,met1-met2,STRIPE,via,100913,230960,102513,231440,1600,via_1600x480
VDD,met3-met4,STRIPE,via,73521,230960,75121,231440,1600,via3_1600x480
VDD,met2-met3,STRIPE,via,73521,230960,75121,231440,1600,via2_1600x480
VDD,met1-met2,STRIPE,via,73521,230960,75121,231440,1600,via_1600x480
VDD,met3-met4,STRIPE,via,48295,230960,49895,231440,1600,via3_1600x480
VDD,met2-met3,STRIPE,via,48295,230960,49895,231440,1600,via2_1600x480
VDD,met1-met2,STRIPE,via,48295,230960,49895,231440,1600,via_1600x480
VDD,met3-met4,STRIPE,via,20424,230960,22024,231440,1600,via3_1600x480
VDD,met2-met3,STRIPE,via,20424,230960,22024,231440,1600,via2_1600x480
VDD,met1-met2,STRIPE,via,20424,230960,22024,231440,1600,via_1600x480
VDD,met3-met4,STRIPE,via,266945,225520,268545,226000,1600,via3_1600x480
VDD,met2-met3,STRIPE,via,266945,225520,268545,226000,1600,via2_1600x480
VDD,met1-met2,STRIPE,via,266945,225520,268545,226000,1600,via_1600x480
VDD,met3-met4,STRIPE,via,239202,225520,240802,226000,1600,via3_1600x480
VDD,met2-met3,STRIPE,via,239202,225520,240802,226000,1600,via2_1600x480
VDD,met1-met2,STRIPE,via,239202,225520,240802,226000,1600,via_1600x480
VDD,met3-met4,STRIPE,via,212381,225520,213981,226000,1600,via3_1600x480
VDD,met2-met3,STRIPE,via,212381,225520,213981,226000,1600,via2_1600x480
VDD,met1-met2,STRIPE,via,212381,225520,213981,226000,1600,via_1600x480
VDD,met3-met4,STRIPE,via,183331,225520,184931,226000,1600,via3_1600x480
VDD,met2-met3,STRIPE,via,183331,225520,184931,226000,1600,via2_1600x480
VDD,met1-met2,STRIPE,via,183331,225520,184931,226000,1600,via_1600x480
VDD,met3-met4,STRIPE,via,157504,225520,159104,226000,1600,via3_1600x480
VDD,met2-met3,STRIPE,via,157504,225520,159104,226000,1600,via2_1600x480
VDD,met1-met2,STRIPE,via,157504,225520,159104,226000,1600,via_1600x480
VDD,met3-met4,STRIPE,via,130457,225520,132057,226000,1600,via3_1600x480
VDD,met2-met3,STRIPE,via,130457,225520,132057,226000,1600,via2_1600x480
VDD,met1-met2,STRIPE,via,130457,225520,132057,226000,1600,via_1600x480
VDD,met3-met4,STRIPE,via,100913,225520,102513,226000,1600,via3_1600x480
VDD,met2-met3,STRIPE,via,100913,225520,102513,226000,1600,via2_1600x480
VDD,met1-met2,STRIPE,via,100913,225520,102513,226000,1600,via_1600x480
VDD,met3-met4,STRIPE,via,73521,225520,75121,226000,1600,via3_1600x480
VDD,met2-met3,STRIPE,via,73521,225520,75121,226000,1600,via2_1600x480
VDD,met1-met2,STRIPE,via,73521,225520,75121,226000,1600,via_1600x480
VDD,met3-met4,STRIPE,via,48295,225520,49895,226000,1600,via3_1600x480
VDD,met2-met3,STRIPE,via,48295,225520,49895,226000,1600,via2_1600x480
VDD,met1-met2,STRIPE,via,48295,225520,49895,226000,1600,via_1600x480
VDD,met3-met4,STRIPE,via,20424,225520,22024,226000,1600,via3_1600x480
VDD,met2-met3,STRIPE,via,20424,225520,22024,226000,1600,via2_1600x480
VDD,met1-met2,STRIPE,via,20424,225520,22024,226000,1600,via_1600x480
VDD,met3-met4,STRIPE,via,266945,220080,268545,220560,1600,via3_1600x480
VDD,met2-met3,STRIPE,via,266945,220080,268545,220560,1600,via2_1600x480
VDD,met1-met2,STRIPE,via,266945,220080,268545,220560,1600,via_1600x480
VDD,met3-met4,STRIPE,via,239202,220080,240802,220560,1600,via3_1600x480
VDD,met2-met3,STRIPE,via,239202,220080,240802,220560,1600,via2_1600x480
VDD,met1-met2,STRIPE,via,239202,220080,240802,220560,1600,via_1600x480
VDD,met3-met4,STRIPE,via,212381,220080,213981,220560,1600,via3_1600x480
VDD,met2-met3,STRIPE,via,212381,220080,213981,220560,1600,via2_1600x480
VDD,met1-met2,STRIPE,via,212381,220080,213981,220560,1600,via_1600x480
VDD,met3-met4,STRIPE,via,183331,220080,184931,220560,1600,via3_1600x480
VDD,met2-met3,STRIPE,via,183331,220080,184931,220560,1600,via2_1600x480
VDD,met1-met2,STRIPE,via,183331,220080,184931,220560,1600,via_1600x480
VDD,met3-met4,STRIPE,via,157504,220080,159104,220560,1600,via3_1600x480
VDD,met2-met3,STRIPE,via,157504,220080,159104,220560,1600,via2_1600x480
VDD,met1-met2,STRIPE,via,157504,220080,159104,220560,1600,via_1600x480
VDD,met3-met4,STRIPE,via,130457,220080,132057,220560,1600,via3_1600x480
VDD,met2-met3,STRIPE,via,130457,220080,132057,220560,1600,via2_1600x480
VDD,met1-met2,STRIPE,via,130457,220080,132057,220560,1600,via_1600x480
VDD,met3-met4,STRIPE,via,100913,220080,102513,220560,1600,via3_1600x480
VDD,met2-met3,STRIPE,via,100913,220080,102513,220560,1600,via2_1600x480
VDD,met1-met2,STRIPE,via,100913,220080,102513,220560,1600,via_1600x480
VDD,met3-met4,STRIPE,via,73521,220080,75121,220560,1600,via3_1600x480
VDD,met2-met3,STRIPE,via,73521,220080,75121,220560,1600,via2_1600x480
VDD,met1-met2,STRIPE,via,73521,220080,75121,220560,1600,via_1600x480
VDD,met3-met4,STRIPE,via,48295,220080,49895,220560,1600,via3_1600x480
VDD,met2-met3,STRIPE,via,48295,220080,49895,220560,1600,via2_1600x480
VDD,met1-met2,STRIPE,via,48295,220080,49895,220560,1600,via_1600x480
VDD,met3-met4,STRIPE,via,20424,220080,22024,220560,1600,via3_1600x480
VDD,met2-met3,STRIPE,via,20424,220080,22024,220560,1600,via2_1600x480
VDD,met1-met2,STRIPE,via,20424,220080,22024,220560,1600,via_1600x480
VDD,met3-met4,STRIPE,via,266945,214640,268545,215120,1600,via3_1600x480
VDD,met2-met3,STRIPE,via,266945,214640,268545,215120,1600,via2_1600x480
VDD,met1-met2,STRIPE,via,266945,214640,268545,215120,1600,via_1600x480
VDD,met3-met4,STRIPE,via,239202,214640,240802,215120,1600,via3_1600x480
VDD,met2-met3,STRIPE,via,239202,214640,240802,215120,1600,via2_1600x480
VDD,met1-met2,STRIPE,via,239202,214640,240802,215120,1600,via_1600x480
VDD,met3-met4,STRIPE,via,212381,214640,213981,215120,1600,via3_1600x480
VDD,met2-met3,STRIPE,via,212381,214640,213981,215120,1600,via2_1600x480
VDD,met1-met2,STRIPE,via,212381,214640,213981,215120,1600,via_1600x480
VDD,met3-met4,STRIPE,via,183331,214640,184931,215120,1600,via3_1600x480
VDD,met2-met3,STRIPE,via,183331,214640,184931,215120,1600,via2_1600x480
VDD,met1-met2,STRIPE,via,183331,214640,184931,215120,1600,via_1600x480
VDD,met3-met4,STRIPE,via,157504,214640,159104,215120,1600,via3_1600x480
VDD,met2-met3,STRIPE,via,157504,214640,159104,215120,1600,via2_1600x480
VDD,met1-met2,STRIPE,via,157504,214640,159104,215120,1600,via_1600x480
VDD,met3-met4,STRIPE,via,130457,214640,132057,215120,1600,via3_1600x480
VDD,met2-met3,STRIPE,via,130457,214640,132057,215120,1600,via2_1600x480
VDD,met1-met2,STRIPE,via,130457,214640,132057,215120,1600,via_1600x480
VDD,met3-met4,STRIPE,via,100913,214640,102513,215120,1600,via3_1600x480
VDD,met2-met3,STRIPE,via,100913,214640,102513,215120,1600,via2_1600x480
VDD,met1-met2,STRIPE,via,100913,214640,102513,215120,1600,via_1600x480
VDD,met3-met4,STRIPE,via,73521,214640,75121,215120,1600,via3_1600x480
VDD,met2-met3,STRIPE,via,73521,214640,75121,215120,1600,via2_1600x480
VDD,met1-met2,STRIPE,via,73521,214640,75121,215120,1600,via_1600x480
VDD,met3-met4,STRIPE,via,48295,214640,49895,215120,1600,via3_1600x480
VDD,met2-met3,STRIPE,via,48295,214640,49895,215120,1600,via2_1600x480
VDD,met1-met2,STRIPE,via,48295,214640,49895,215120,1600,via_1600x480
VDD,met3-met4,STRIPE,via,20424,214640,22024,215120,1600,via3_1600x480
VDD,met2-met3,STRIPE,via,20424,214640,22024,215120,1600,via2_1600x480
VDD,met1-met2,STRIPE,via,20424,214640,22024,215120,1600,via_1600x480
VDD,met3-met4,STRIPE,via,266945,209200,268545,209680,1600,via3_1600x480
VDD,met2-met3,STRIPE,via,266945,209200,268545,209680,1600,via2_1600x480
VDD,met1-met2,STRIPE,via,266945,209200,268545,209680,1600,via_1600x480
VDD,met3-met4,STRIPE,via,239202,209200,240802,209680,1600,via3_1600x480
VDD,met2-met3,STRIPE,via,239202,209200,240802,209680,1600,via2_1600x480
VDD,met1-met2,STRIPE,via,239202,209200,240802,209680,1600,via_1600x480
VDD,met3-met4,STRIPE,via,212381,209200,213981,209680,1600,via3_1600x480
VDD,met2-met3,STRIPE,via,212381,209200,213981,209680,1600,via2_1600x480
VDD,met1-met2,STRIPE,via,212381,209200,213981,209680,1600,via_1600x480
VDD,met3-met4,STRIPE,via,183331,209200,184931,209680,1600,via3_1600x480
VDD,met2-met3,STRIPE,via,183331,209200,184931,209680,1600,via2_1600x480
VDD,met1-met2,STRIPE,via,183331,209200,184931,209680,1600,via_1600x480
VDD,met3-met4,STRIPE,via,157504,209200,159104,209680,1600,via3_1600x480
VDD,met2-met3,STRIPE,via,157504,209200,159104,209680,1600,via2_1600x480
VDD,met1-met2,STRIPE,via,157504,209200,159104,209680,1600,via_1600x480
VDD,met3-met4,STRIPE,via,130457,209200,132057,209680,1600,via3_1600x480
VDD,met2-met3,STRIPE,via,130457,209200,132057,209680,1600,via2_1600x480
VDD,met1-met2,STRIPE,via,130457,209200,132057,209680,1600,via_1600x480
VDD,met3-met4,STRIPE,via,100913,209200,102513,209680,1600,via3_1600x480
VDD,met2-met3,STRIPE,via,100913,209200,102513,209680,1600,via2_1600x480
VDD,met1-met2,STRIPE,via,100913,209200,102513,209680,1600,via_1600x480
VDD,met3-met4,STRIPE,via,73521,209200,75121,209680,1600,via3_1600x480
VDD,met2-met3,STRIPE,via,73521,209200,75121,209680,1600,via2_1600x480
VDD,met1-met2,STRIPE,via,73521,209200,75121,209680,1600,via_1600x480
VDD,met3-met4,STRIPE,via,48295,209200,49895,209680,1600,via3_1600x480
VDD,met2-met3,STRIPE,via,48295,209200,49895,209680,1600,via2_1600x480
VDD,met1-met2,STRIPE,via,48295,209200,49895,209680,1600,via_1600x480
VDD,met3-met4,STRIPE,via,20424,209200,22024,209680,1600,via3_1600x480
VDD,met2-met3,STRIPE,via,20424,209200,22024,209680,1600,via2_1600x480
VDD,met1-met2,STRIPE,via,20424,209200,22024,209680,1600,via_1600x480
VDD,met3-met4,STRIPE,via,266945,203760,268545,204240,1600,via3_1600x480
VDD,met2-met3,STRIPE,via,266945,203760,268545,204240,1600,via2_1600x480
VDD,met1-met2,STRIPE,via,266945,203760,268545,204240,1600,via_1600x480
VDD,met3-met4,STRIPE,via,239202,203760,240802,204240,1600,via3_1600x480
VDD,met2-met3,STRIPE,via,239202,203760,240802,204240,1600,via2_1600x480
VDD,met1-met2,STRIPE,via,239202,203760,240802,204240,1600,via_1600x480
VDD,met3-met4,STRIPE,via,212381,203760,213981,204240,1600,via3_1600x480
VDD,met2-met3,STRIPE,via,212381,203760,213981,204240,1600,via2_1600x480
VDD,met1-met2,STRIPE,via,212381,203760,213981,204240,1600,via_1600x480
VDD,met3-met4,STRIPE,via,183331,203760,184931,204240,1600,via3_1600x480
VDD,met2-met3,STRIPE,via,183331,203760,184931,204240,1600,via2_1600x480
VDD,met1-met2,STRIPE,via,183331,203760,184931,204240,1600,via_1600x480
VDD,met3-met4,STRIPE,via,157504,203760,159104,204240,1600,via3_1600x480
VDD,met2-met3,STRIPE,via,157504,203760,159104,204240,1600,via2_1600x480
VDD,met1-met2,STRIPE,via,157504,203760,159104,204240,1600,via_1600x480
VDD,met3-met4,STRIPE,via,130457,203760,132057,204240,1600,via3_1600x480
VDD,met2-met3,STRIPE,via,130457,203760,132057,204240,1600,via2_1600x480
VDD,met1-met2,STRIPE,via,130457,203760,132057,204240,1600,via_1600x480
VDD,met3-met4,STRIPE,via,100913,203760,102513,204240,1600,via3_1600x480
VDD,met2-met3,STRIPE,via,100913,203760,102513,204240,1600,via2_1600x480
VDD,met1-met2,STRIPE,via,100913,203760,102513,204240,1600,via_1600x480
VDD,met3-met4,STRIPE,via,73521,203760,75121,204240,1600,via3_1600x480
VDD,met2-met3,STRIPE,via,73521,203760,75121,204240,1600,via2_1600x480
VDD,met1-met2,STRIPE,via,73521,203760,75121,204240,1600,via_1600x480
VDD,met3-met4,STRIPE,via,48295,203760,49895,204240,1600,via3_1600x480
VDD,met2-met3,STRIPE,via,48295,203760,49895,204240,1600,via2_1600x480
VDD,met1-met2,STRIPE,via,48295,203760,49895,204240,1600,via_1600x480
VDD,met3-met4,STRIPE,via,20424,203760,22024,204240,1600,via3_1600x480
VDD,met2-met3,STRIPE,via,20424,203760,22024,204240,1600,via2_1600x480
VDD,met1-met2,STRIPE,via,20424,203760,22024,204240,1600,via_1600x480
VDD,met3-met4,STRIPE,via,266945,198320,268545,198800,1600,via3_1600x480
VDD,met2-met3,STRIPE,via,266945,198320,268545,198800,1600,via2_1600x480
VDD,met1-met2,STRIPE,via,266945,198320,268545,198800,1600,via_1600x480
VDD,met3-met4,STRIPE,via,239202,198320,240802,198800,1600,via3_1600x480
VDD,met2-met3,STRIPE,via,239202,198320,240802,198800,1600,via2_1600x480
VDD,met1-met2,STRIPE,via,239202,198320,240802,198800,1600,via_1600x480
VDD,met3-met4,STRIPE,via,212381,198320,213981,198800,1600,via3_1600x480
VDD,met2-met3,STRIPE,via,212381,198320,213981,198800,1600,via2_1600x480
VDD,met1-met2,STRIPE,via,212381,198320,213981,198800,1600,via_1600x480
VDD,met3-met4,STRIPE,via,183331,198320,184931,198800,1600,via3_1600x480
VDD,met2-met3,STRIPE,via,183331,198320,184931,198800,1600,via2_1600x480
VDD,met1-met2,STRIPE,via,183331,198320,184931,198800,1600,via_1600x480
VDD,met3-met4,STRIPE,via,157504,198320,159104,198800,1600,via3_1600x480
VDD,met2-met3,STRIPE,via,157504,198320,159104,198800,1600,via2_1600x480
VDD,met1-met2,STRIPE,via,157504,198320,159104,198800,1600,via_1600x480
VDD,met3-met4,STRIPE,via,130457,198320,132057,198800,1600,via3_1600x480
VDD,met2-met3,STRIPE,via,130457,198320,132057,198800,1600,via2_1600x480
VDD,met1-met2,STRIPE,via,130457,198320,132057,198800,1600,via_1600x480
VDD,met3-met4,STRIPE,via,100913,198320,102513,198800,1600,via3_1600x480
VDD,met2-met3,STRIPE,via,100913,198320,102513,198800,1600,via2_1600x480
VDD,met1-met2,STRIPE,via,100913,198320,102513,198800,1600,via_1600x480
VDD,met3-met4,STRIPE,via,73521,198320,75121,198800,1600,via3_1600x480
VDD,met2-met3,STRIPE,via,73521,198320,75121,198800,1600,via2_1600x480
VDD,met1-met2,STRIPE,via,73521,198320,75121,198800,1600,via_1600x480
VDD,met3-met4,STRIPE,via,48295,198320,49895,198800,1600,via3_1600x480
VDD,met2-met3,STRIPE,via,48295,198320,49895,198800,1600,via2_1600x480
VDD,met1-met2,STRIPE,via,48295,198320,49895,198800,1600,via_1600x480
VDD,met3-met4,STRIPE,via,20424,198320,22024,198800,1600,via3_1600x480
VDD,met2-met3,STRIPE,via,20424,198320,22024,198800,1600,via2_1600x480
VDD,met1-met2,STRIPE,via,20424,198320,22024,198800,1600,via_1600x480
VDD,met3-met4,STRIPE,via,266945,192880,268545,193360,1600,via3_1600x480
VDD,met2-met3,STRIPE,via,266945,192880,268545,193360,1600,via2_1600x480
VDD,met1-met2,STRIPE,via,266945,192880,268545,193360,1600,via_1600x480
VDD,met3-met4,STRIPE,via,239202,192880,240802,193360,1600,via3_1600x480
VDD,met2-met3,STRIPE,via,239202,192880,240802,193360,1600,via2_1600x480
VDD,met1-met2,STRIPE,via,239202,192880,240802,193360,1600,via_1600x480
VDD,met3-met4,STRIPE,via,212381,192880,213981,193360,1600,via3_1600x480
VDD,met2-met3,STRIPE,via,212381,192880,213981,193360,1600,via2_1600x480
VDD,met1-met2,STRIPE,via,212381,192880,213981,193360,1600,via_1600x480
VDD,met3-met4,STRIPE,via,183331,192880,184931,193360,1600,via3_1600x480
VDD,met2-met3,STRIPE,via,183331,192880,184931,193360,1600,via2_1600x480
VDD,met1-met2,STRIPE,via,183331,192880,184931,193360,1600,via_1600x480
VDD,met3-met4,STRIPE,via,157504,192880,159104,193360,1600,via3_1600x480
VDD,met2-met3,STRIPE,via,157504,192880,159104,193360,1600,via2_1600x480
VDD,met1-met2,STRIPE,via,157504,192880,159104,193360,1600,via_1600x480
VDD,met3-met4,STRIPE,via,130457,192880,132057,193360,1600,via3_1600x480
VDD,met2-met3,STRIPE,via,130457,192880,132057,193360,1600,via2_1600x480
VDD,met1-met2,STRIPE,via,130457,192880,132057,193360,1600,via_1600x480
VDD,met3-met4,STRIPE,via,100913,192880,102513,193360,1600,via3_1600x480
VDD,met2-met3,STRIPE,via,100913,192880,102513,193360,1600,via2_1600x480
VDD,met1-met2,STRIPE,via,100913,192880,102513,193360,1600,via_1600x480
VDD,met3-met4,STRIPE,via,73521,192880,75121,193360,1600,via3_1600x480
VDD,met2-met3,STRIPE,via,73521,192880,75121,193360,1600,via2_1600x480
VDD,met1-met2,STRIPE,via,73521,192880,75121,193360,1600,via_1600x480
VDD,met3-met4,STRIPE,via,48295,192880,49895,193360,1600,via3_1600x480
VDD,met2-met3,STRIPE,via,48295,192880,49895,193360,1600,via2_1600x480
VDD,met1-met2,STRIPE,via,48295,192880,49895,193360,1600,via_1600x480
VDD,met3-met4,STRIPE,via,20424,192880,22024,193360,1600,via3_1600x480
VDD,met2-met3,STRIPE,via,20424,192880,22024,193360,1600,via2_1600x480
VDD,met1-met2,STRIPE,via,20424,192880,22024,193360,1600,via_1600x480
VDD,met3-met4,STRIPE,via,266945,187440,268545,187920,1600,via3_1600x480
VDD,met2-met3,STRIPE,via,266945,187440,268545,187920,1600,via2_1600x480
VDD,met1-met2,STRIPE,via,266945,187440,268545,187920,1600,via_1600x480
VDD,met3-met4,STRIPE,via,239202,187440,240802,187920,1600,via3_1600x480
VDD,met2-met3,STRIPE,via,239202,187440,240802,187920,1600,via2_1600x480
VDD,met1-met2,STRIPE,via,239202,187440,240802,187920,1600,via_1600x480
VDD,met3-met4,STRIPE,via,212381,187440,213981,187920,1600,via3_1600x480
VDD,met2-met3,STRIPE,via,212381,187440,213981,187920,1600,via2_1600x480
VDD,met1-met2,STRIPE,via,212381,187440,213981,187920,1600,via_1600x480
VDD,met3-met4,STRIPE,via,183331,187440,184931,187920,1600,via3_1600x480
VDD,met2-met3,STRIPE,via,183331,187440,184931,187920,1600,via2_1600x480
VDD,met1-met2,STRIPE,via,183331,187440,184931,187920,1600,via_1600x480
VDD,met3-met4,STRIPE,via,157504,187440,159104,187920,1600,via3_1600x480
VDD,met2-met3,STRIPE,via,157504,187440,159104,187920,1600,via2_1600x480
VDD,met1-met2,STRIPE,via,157504,187440,159104,187920,1600,via_1600x480
VDD,met3-met4,STRIPE,via,130457,187440,132057,187920,1600,via3_1600x480
VDD,met2-met3,STRIPE,via,130457,187440,132057,187920,1600,via2_1600x480
VDD,met1-met2,STRIPE,via,130457,187440,132057,187920,1600,via_1600x480
VDD,met3-met4,STRIPE,via,100913,187440,102513,187920,1600,via3_1600x480
VDD,met2-met3,STRIPE,via,100913,187440,102513,187920,1600,via2_1600x480
VDD,met1-met2,STRIPE,via,100913,187440,102513,187920,1600,via_1600x480
VDD,met3-met4,STRIPE,via,73521,187440,75121,187920,1600,via3_1600x480
VDD,met2-met3,STRIPE,via,73521,187440,75121,187920,1600,via2_1600x480
VDD,met1-met2,STRIPE,via,73521,187440,75121,187920,1600,via_1600x480
VDD,met3-met4,STRIPE,via,48295,187440,49895,187920,1600,via3_1600x480
VDD,met2-met3,STRIPE,via,48295,187440,49895,187920,1600,via2_1600x480
VDD,met1-met2,STRIPE,via,48295,187440,49895,187920,1600,via_1600x480
VDD,met3-met4,STRIPE,via,20424,187440,22024,187920,1600,via3_1600x480
VDD,met2-met3,STRIPE,via,20424,187440,22024,187920,1600,via2_1600x480
VDD,met1-met2,STRIPE,via,20424,187440,22024,187920,1600,via_1600x480
VDD,met3-met4,STRIPE,via,266945,182000,268545,182480,1600,via3_1600x480
VDD,met2-met3,STRIPE,via,266945,182000,268545,182480,1600,via2_1600x480
VDD,met1-met2,STRIPE,via,266945,182000,268545,182480,1600,via_1600x480
VDD,met3-met4,STRIPE,via,239202,182000,240802,182480,1600,via3_1600x480
VDD,met2-met3,STRIPE,via,239202,182000,240802,182480,1600,via2_1600x480
VDD,met1-met2,STRIPE,via,239202,182000,240802,182480,1600,via_1600x480
VDD,met3-met4,STRIPE,via,212381,182000,213981,182480,1600,via3_1600x480
VDD,met2-met3,STRIPE,via,212381,182000,213981,182480,1600,via2_1600x480
VDD,met1-met2,STRIPE,via,212381,182000,213981,182480,1600,via_1600x480
VDD,met3-met4,STRIPE,via,183331,182000,184931,182480,1600,via3_1600x480
VDD,met2-met3,STRIPE,via,183331,182000,184931,182480,1600,via2_1600x480
VDD,met1-met2,STRIPE,via,183331,182000,184931,182480,1600,via_1600x480
VDD,met3-met4,STRIPE,via,157504,182000,159104,182480,1600,via3_1600x480
VDD,met2-met3,STRIPE,via,157504,182000,159104,182480,1600,via2_1600x480
VDD,met1-met2,STRIPE,via,157504,182000,159104,182480,1600,via_1600x480
VDD,met3-met4,STRIPE,via,130457,182000,132057,182480,1600,via3_1600x480
VDD,met2-met3,STRIPE,via,130457,182000,132057,182480,1600,via2_1600x480
VDD,met1-met2,STRIPE,via,130457,182000,132057,182480,1600,via_1600x480
VDD,met3-met4,STRIPE,via,100913,182000,102513,182480,1600,via3_1600x480
VDD,met2-met3,STRIPE,via,100913,182000,102513,182480,1600,via2_1600x480
VDD,met1-met2,STRIPE,via,100913,182000,102513,182480,1600,via_1600x480
VDD,met3-met4,STRIPE,via,73521,182000,75121,182480,1600,via3_1600x480
VDD,met2-met3,STRIPE,via,73521,182000,75121,182480,1600,via2_1600x480
VDD,met1-met2,STRIPE,via,73521,182000,75121,182480,1600,via_1600x480
VDD,met3-met4,STRIPE,via,48295,182000,49895,182480,1600,via3_1600x480
VDD,met2-met3,STRIPE,via,48295,182000,49895,182480,1600,via2_1600x480
VDD,met1-met2,STRIPE,via,48295,182000,49895,182480,1600,via_1600x480
VDD,met3-met4,STRIPE,via,20424,182000,22024,182480,1600,via3_1600x480
VDD,met2-met3,STRIPE,via,20424,182000,22024,182480,1600,via2_1600x480
VDD,met1-met2,STRIPE,via,20424,182000,22024,182480,1600,via_1600x480
VDD,met3-met4,STRIPE,via,266945,176560,268545,177040,1600,via3_1600x480
VDD,met2-met3,STRIPE,via,266945,176560,268545,177040,1600,via2_1600x480
VDD,met1-met2,STRIPE,via,266945,176560,268545,177040,1600,via_1600x480
VDD,met3-met4,STRIPE,via,239202,176560,240802,177040,1600,via3_1600x480
VDD,met2-met3,STRIPE,via,239202,176560,240802,177040,1600,via2_1600x480
VDD,met1-met2,STRIPE,via,239202,176560,240802,177040,1600,via_1600x480
VDD,met3-met4,STRIPE,via,212381,176560,213981,177040,1600,via3_1600x480
VDD,met2-met3,STRIPE,via,212381,176560,213981,177040,1600,via2_1600x480
VDD,met1-met2,STRIPE,via,212381,176560,213981,177040,1600,via_1600x480
VDD,met3-met4,STRIPE,via,183331,176560,184931,177040,1600,via3_1600x480
VDD,met2-met3,STRIPE,via,183331,176560,184931,177040,1600,via2_1600x480
VDD,met1-met2,STRIPE,via,183331,176560,184931,177040,1600,via_1600x480
VDD,met3-met4,STRIPE,via,157504,176560,159104,177040,1600,via3_1600x480
VDD,met2-met3,STRIPE,via,157504,176560,159104,177040,1600,via2_1600x480
VDD,met1-met2,STRIPE,via,157504,176560,159104,177040,1600,via_1600x480
VDD,met3-met4,STRIPE,via,130457,176560,132057,177040,1600,via3_1600x480
VDD,met2-met3,STRIPE,via,130457,176560,132057,177040,1600,via2_1600x480
VDD,met1-met2,STRIPE,via,130457,176560,132057,177040,1600,via_1600x480
VDD,met3-met4,STRIPE,via,100913,176560,102513,177040,1600,via3_1600x480
VDD,met2-met3,STRIPE,via,100913,176560,102513,177040,1600,via2_1600x480
VDD,met1-met2,STRIPE,via,100913,176560,102513,177040,1600,via_1600x480
VDD,met3-met4,STRIPE,via,73521,176560,75121,177040,1600,via3_1600x480
VDD,met2-met3,STRIPE,via,73521,176560,75121,177040,1600,via2_1600x480
VDD,met1-met2,STRIPE,via,73521,176560,75121,177040,1600,via_1600x480
VDD,met3-met4,STRIPE,via,48295,176560,49895,177040,1600,via3_1600x480
VDD,met2-met3,STRIPE,via,48295,176560,49895,177040,1600,via2_1600x480
VDD,met1-met2,STRIPE,via,48295,176560,49895,177040,1600,via_1600x480
VDD,met3-met4,STRIPE,via,20424,176560,22024,177040,1600,via3_1600x480
VDD,met2-met3,STRIPE,via,20424,176560,22024,177040,1600,via2_1600x480
VDD,met1-met2,STRIPE,via,20424,176560,22024,177040,1600,via_1600x480
VDD,met3-met4,STRIPE,via,266945,171120,268545,171600,1600,via3_1600x480
VDD,met2-met3,STRIPE,via,266945,171120,268545,171600,1600,via2_1600x480
VDD,met1-met2,STRIPE,via,266945,171120,268545,171600,1600,via_1600x480
VDD,met3-met4,STRIPE,via,239202,171120,240802,171600,1600,via3_1600x480
VDD,met2-met3,STRIPE,via,239202,171120,240802,171600,1600,via2_1600x480
VDD,met1-met2,STRIPE,via,239202,171120,240802,171600,1600,via_1600x480
VDD,met3-met4,STRIPE,via,212381,171120,213981,171600,1600,via3_1600x480
VDD,met2-met3,STRIPE,via,212381,171120,213981,171600,1600,via2_1600x480
VDD,met1-met2,STRIPE,via,212381,171120,213981,171600,1600,via_1600x480
VDD,met3-met4,STRIPE,via,183331,171120,184931,171600,1600,via3_1600x480
VDD,met2-met3,STRIPE,via,183331,171120,184931,171600,1600,via2_1600x480
VDD,met1-met2,STRIPE,via,183331,171120,184931,171600,1600,via_1600x480
VDD,met3-met4,STRIPE,via,157504,171120,159104,171600,1600,via3_1600x480
VDD,met2-met3,STRIPE,via,157504,171120,159104,171600,1600,via2_1600x480
VDD,met1-met2,STRIPE,via,157504,171120,159104,171600,1600,via_1600x480
VDD,met3-met4,STRIPE,via,130457,171120,132057,171600,1600,via3_1600x480
VDD,met2-met3,STRIPE,via,130457,171120,132057,171600,1600,via2_1600x480
VDD,met1-met2,STRIPE,via,130457,171120,132057,171600,1600,via_1600x480
VDD,met3-met4,STRIPE,via,100913,171120,102513,171600,1600,via3_1600x480
VDD,met2-met3,STRIPE,via,100913,171120,102513,171600,1600,via2_1600x480
VDD,met1-met2,STRIPE,via,100913,171120,102513,171600,1600,via_1600x480
VDD,met3-met4,STRIPE,via,73521,171120,75121,171600,1600,via3_1600x480
VDD,met2-met3,STRIPE,via,73521,171120,75121,171600,1600,via2_1600x480
VDD,met1-met2,STRIPE,via,73521,171120,75121,171600,1600,via_1600x480
VDD,met3-met4,STRIPE,via,48295,171120,49895,171600,1600,via3_1600x480
VDD,met2-met3,STRIPE,via,48295,171120,49895,171600,1600,via2_1600x480
VDD,met1-met2,STRIPE,via,48295,171120,49895,171600,1600,via_1600x480
VDD,met3-met4,STRIPE,via,20424,171120,22024,171600,1600,via3_1600x480
VDD,met2-met3,STRIPE,via,20424,171120,22024,171600,1600,via2_1600x480
VDD,met1-met2,STRIPE,via,20424,171120,22024,171600,1600,via_1600x480
VDD,met3-met4,STRIPE,via,266945,165680,268545,166160,1600,via3_1600x480
VDD,met2-met3,STRIPE,via,266945,165680,268545,166160,1600,via2_1600x480
VDD,met1-met2,STRIPE,via,266945,165680,268545,166160,1600,via_1600x480
VDD,met3-met4,STRIPE,via,239202,165680,240802,166160,1600,via3_1600x480
VDD,met2-met3,STRIPE,via,239202,165680,240802,166160,1600,via2_1600x480
VDD,met1-met2,STRIPE,via,239202,165680,240802,166160,1600,via_1600x480
VDD,met3-met4,STRIPE,via,212381,165680,213981,166160,1600,via3_1600x480
VDD,met2-met3,STRIPE,via,212381,165680,213981,166160,1600,via2_1600x480
VDD,met1-met2,STRIPE,via,212381,165680,213981,166160,1600,via_1600x480
VDD,met3-met4,STRIPE,via,183331,165680,184931,166160,1600,via3_1600x480
VDD,met2-met3,STRIPE,via,183331,165680,184931,166160,1600,via2_1600x480
VDD,met1-met2,STRIPE,via,183331,165680,184931,166160,1600,via_1600x480
VDD,met3-met4,STRIPE,via,157504,165680,159104,166160,1600,via3_1600x480
VDD,met2-met3,STRIPE,via,157504,165680,159104,166160,1600,via2_1600x480
VDD,met1-met2,STRIPE,via,157504,165680,159104,166160,1600,via_1600x480
VDD,met3-met4,STRIPE,via,130457,165680,132057,166160,1600,via3_1600x480
VDD,met2-met3,STRIPE,via,130457,165680,132057,166160,1600,via2_1600x480
VDD,met1-met2,STRIPE,via,130457,165680,132057,166160,1600,via_1600x480
VDD,met3-met4,STRIPE,via,100913,165680,102513,166160,1600,via3_1600x480
VDD,met2-met3,STRIPE,via,100913,165680,102513,166160,1600,via2_1600x480
VDD,met1-met2,STRIPE,via,100913,165680,102513,166160,1600,via_1600x480
VDD,met3-met4,STRIPE,via,73521,165680,75121,166160,1600,via3_1600x480
VDD,met2-met3,STRIPE,via,73521,165680,75121,166160,1600,via2_1600x480
VDD,met1-met2,STRIPE,via,73521,165680,75121,166160,1600,via_1600x480
VDD,met3-met4,STRIPE,via,48295,165680,49895,166160,1600,via3_1600x480
VDD,met2-met3,STRIPE,via,48295,165680,49895,166160,1600,via2_1600x480
VDD,met1-met2,STRIPE,via,48295,165680,49895,166160,1600,via_1600x480
VDD,met3-met4,STRIPE,via,20424,165680,22024,166160,1600,via3_1600x480
VDD,met2-met3,STRIPE,via,20424,165680,22024,166160,1600,via2_1600x480
VDD,met1-met2,STRIPE,via,20424,165680,22024,166160,1600,via_1600x480
VDD,met3-met4,STRIPE,via,266945,160240,268545,160720,1600,via3_1600x480
VDD,met2-met3,STRIPE,via,266945,160240,268545,160720,1600,via2_1600x480
VDD,met1-met2,STRIPE,via,266945,160240,268545,160720,1600,via_1600x480
VDD,met3-met4,STRIPE,via,239202,160240,240802,160720,1600,via3_1600x480
VDD,met2-met3,STRIPE,via,239202,160240,240802,160720,1600,via2_1600x480
VDD,met1-met2,STRIPE,via,239202,160240,240802,160720,1600,via_1600x480
VDD,met3-met4,STRIPE,via,212381,160240,213981,160720,1600,via3_1600x480
VDD,met2-met3,STRIPE,via,212381,160240,213981,160720,1600,via2_1600x480
VDD,met1-met2,STRIPE,via,212381,160240,213981,160720,1600,via_1600x480
VDD,met3-met4,STRIPE,via,183331,160240,184931,160720,1600,via3_1600x480
VDD,met2-met3,STRIPE,via,183331,160240,184931,160720,1600,via2_1600x480
VDD,met1-met2,STRIPE,via,183331,160240,184931,160720,1600,via_1600x480
VDD,met3-met4,STRIPE,via,157504,160240,159104,160720,1600,via3_1600x480
VDD,met2-met3,STRIPE,via,157504,160240,159104,160720,1600,via2_1600x480
VDD,met1-met2,STRIPE,via,157504,160240,159104,160720,1600,via_1600x480
VDD,met3-met4,STRIPE,via,130457,160240,132057,160720,1600,via3_1600x480
VDD,met2-met3,STRIPE,via,130457,160240,132057,160720,1600,via2_1600x480
VDD,met1-met2,STRIPE,via,130457,160240,132057,160720,1600,via_1600x480
VDD,met3-met4,STRIPE,via,100913,160240,102513,160720,1600,via3_1600x480
VDD,met2-met3,STRIPE,via,100913,160240,102513,160720,1600,via2_1600x480
VDD,met1-met2,STRIPE,via,100913,160240,102513,160720,1600,via_1600x480
VDD,met3-met4,STRIPE,via,73521,160240,75121,160720,1600,via3_1600x480
VDD,met2-met3,STRIPE,via,73521,160240,75121,160720,1600,via2_1600x480
VDD,met1-met2,STRIPE,via,73521,160240,75121,160720,1600,via_1600x480
VDD,met3-met4,STRIPE,via,48295,160240,49895,160720,1600,via3_1600x480
VDD,met2-met3,STRIPE,via,48295,160240,49895,160720,1600,via2_1600x480
VDD,met1-met2,STRIPE,via,48295,160240,49895,160720,1600,via_1600x480
VDD,met3-met4,STRIPE,via,20424,160240,22024,160720,1600,via3_1600x480
VDD,met2-met3,STRIPE,via,20424,160240,22024,160720,1600,via2_1600x480
VDD,met1-met2,STRIPE,via,20424,160240,22024,160720,1600,via_1600x480
VDD,met3-met4,STRIPE,via,266945,154800,268545,155280,1600,via3_1600x480
VDD,met2-met3,STRIPE,via,266945,154800,268545,155280,1600,via2_1600x480
VDD,met1-met2,STRIPE,via,266945,154800,268545,155280,1600,via_1600x480
VDD,met3-met4,STRIPE,via,239202,154800,240802,155280,1600,via3_1600x480
VDD,met2-met3,STRIPE,via,239202,154800,240802,155280,1600,via2_1600x480
VDD,met1-met2,STRIPE,via,239202,154800,240802,155280,1600,via_1600x480
VDD,met3-met4,STRIPE,via,212381,154800,213981,155280,1600,via3_1600x480
VDD,met2-met3,STRIPE,via,212381,154800,213981,155280,1600,via2_1600x480
VDD,met1-met2,STRIPE,via,212381,154800,213981,155280,1600,via_1600x480
VDD,met3-met4,STRIPE,via,183331,154800,184931,155280,1600,via3_1600x480
VDD,met2-met3,STRIPE,via,183331,154800,184931,155280,1600,via2_1600x480
VDD,met1-met2,STRIPE,via,183331,154800,184931,155280,1600,via_1600x480
VDD,met3-met4,STRIPE,via,157504,154800,159104,155280,1600,via3_1600x480
VDD,met2-met3,STRIPE,via,157504,154800,159104,155280,1600,via2_1600x480
VDD,met1-met2,STRIPE,via,157504,154800,159104,155280,1600,via_1600x480
VDD,met3-met4,STRIPE,via,130457,154800,132057,155280,1600,via3_1600x480
VDD,met2-met3,STRIPE,via,130457,154800,132057,155280,1600,via2_1600x480
VDD,met1-met2,STRIPE,via,130457,154800,132057,155280,1600,via_1600x480
VDD,met3-met4,STRIPE,via,100913,154800,102513,155280,1600,via3_1600x480
VDD,met2-met3,STRIPE,via,100913,154800,102513,155280,1600,via2_1600x480
VDD,met1-met2,STRIPE,via,100913,154800,102513,155280,1600,via_1600x480
VDD,met3-met4,STRIPE,via,73521,154800,75121,155280,1600,via3_1600x480
VDD,met2-met3,STRIPE,via,73521,154800,75121,155280,1600,via2_1600x480
VDD,met1-met2,STRIPE,via,73521,154800,75121,155280,1600,via_1600x480
VDD,met3-met4,STRIPE,via,48295,154800,49895,155280,1600,via3_1600x480
VDD,met2-met3,STRIPE,via,48295,154800,49895,155280,1600,via2_1600x480
VDD,met1-met2,STRIPE,via,48295,154800,49895,155280,1600,via_1600x480
VDD,met3-met4,STRIPE,via,20424,154800,22024,155280,1600,via3_1600x480
VDD,met2-met3,STRIPE,via,20424,154800,22024,155280,1600,via2_1600x480
VDD,met1-met2,STRIPE,via,20424,154800,22024,155280,1600,via_1600x480
VDD,met3-met4,STRIPE,via,266945,149360,268545,149840,1600,via3_1600x480
VDD,met2-met3,STRIPE,via,266945,149360,268545,149840,1600,via2_1600x480
VDD,met1-met2,STRIPE,via,266945,149360,268545,149840,1600,via_1600x480
VDD,met3-met4,STRIPE,via,239202,149360,240802,149840,1600,via3_1600x480
VDD,met2-met3,STRIPE,via,239202,149360,240802,149840,1600,via2_1600x480
VDD,met1-met2,STRIPE,via,239202,149360,240802,149840,1600,via_1600x480
VDD,met3-met4,STRIPE,via,212381,149360,213981,149840,1600,via3_1600x480
VDD,met2-met3,STRIPE,via,212381,149360,213981,149840,1600,via2_1600x480
VDD,met1-met2,STRIPE,via,212381,149360,213981,149840,1600,via_1600x480
VDD,met3-met4,STRIPE,via,183331,149360,184931,149840,1600,via3_1600x480
VDD,met2-met3,STRIPE,via,183331,149360,184931,149840,1600,via2_1600x480
VDD,met1-met2,STRIPE,via,183331,149360,184931,149840,1600,via_1600x480
VDD,met3-met4,STRIPE,via,157504,149360,159104,149840,1600,via3_1600x480
VDD,met2-met3,STRIPE,via,157504,149360,159104,149840,1600,via2_1600x480
VDD,met1-met2,STRIPE,via,157504,149360,159104,149840,1600,via_1600x480
VDD,met3-met4,STRIPE,via,130457,149360,132057,149840,1600,via3_1600x480
VDD,met2-met3,STRIPE,via,130457,149360,132057,149840,1600,via2_1600x480
VDD,met1-met2,STRIPE,via,130457,149360,132057,149840,1600,via_1600x480
VDD,met3-met4,STRIPE,via,100913,149360,102513,149840,1600,via3_1600x480
VDD,met2-met3,STRIPE,via,100913,149360,102513,149840,1600,via2_1600x480
VDD,met1-met2,STRIPE,via,100913,149360,102513,149840,1600,via_1600x480
VDD,met3-met4,STRIPE,via,73521,149360,75121,149840,1600,via3_1600x480
VDD,met2-met3,STRIPE,via,73521,149360,75121,149840,1600,via2_1600x480
VDD,met1-met2,STRIPE,via,73521,149360,75121,149840,1600,via_1600x480
VDD,met3-met4,STRIPE,via,48295,149360,49895,149840,1600,via3_1600x480
VDD,met2-met3,STRIPE,via,48295,149360,49895,149840,1600,via2_1600x480
VDD,met1-met2,STRIPE,via,48295,149360,49895,149840,1600,via_1600x480
VDD,met3-met4,STRIPE,via,20424,149360,22024,149840,1600,via3_1600x480
VDD,met2-met3,STRIPE,via,20424,149360,22024,149840,1600,via2_1600x480
VDD,met1-met2,STRIPE,via,20424,149360,22024,149840,1600,via_1600x480
VDD,met3-met4,STRIPE,via,266945,143920,268545,144400,1600,via3_1600x480
VDD,met2-met3,STRIPE,via,266945,143920,268545,144400,1600,via2_1600x480
VDD,met1-met2,STRIPE,via,266945,143920,268545,144400,1600,via_1600x480
VDD,met3-met4,STRIPE,via,239202,143920,240802,144400,1600,via3_1600x480
VDD,met2-met3,STRIPE,via,239202,143920,240802,144400,1600,via2_1600x480
VDD,met1-met2,STRIPE,via,239202,143920,240802,144400,1600,via_1600x480
VDD,met3-met4,STRIPE,via,212381,143920,213981,144400,1600,via3_1600x480
VDD,met2-met3,STRIPE,via,212381,143920,213981,144400,1600,via2_1600x480
VDD,met1-met2,STRIPE,via,212381,143920,213981,144400,1600,via_1600x480
VDD,met3-met4,STRIPE,via,183331,143920,184931,144400,1600,via3_1600x480
VDD,met2-met3,STRIPE,via,183331,143920,184931,144400,1600,via2_1600x480
VDD,met1-met2,STRIPE,via,183331,143920,184931,144400,1600,via_1600x480
VDD,met3-met4,STRIPE,via,157504,143920,159104,144400,1600,via3_1600x480
VDD,met2-met3,STRIPE,via,157504,143920,159104,144400,1600,via2_1600x480
VDD,met1-met2,STRIPE,via,157504,143920,159104,144400,1600,via_1600x480
VDD,met3-met4,STRIPE,via,130457,143920,132057,144400,1600,via3_1600x480
VDD,met2-met3,STRIPE,via,130457,143920,132057,144400,1600,via2_1600x480
VDD,met1-met2,STRIPE,via,130457,143920,132057,144400,1600,via_1600x480
VDD,met3-met4,STRIPE,via,100913,143920,102513,144400,1600,via3_1600x480
VDD,met2-met3,STRIPE,via,100913,143920,102513,144400,1600,via2_1600x480
VDD,met1-met2,STRIPE,via,100913,143920,102513,144400,1600,via_1600x480
VDD,met3-met4,STRIPE,via,73521,143920,75121,144400,1600,via3_1600x480
VDD,met2-met3,STRIPE,via,73521,143920,75121,144400,1600,via2_1600x480
VDD,met1-met2,STRIPE,via,73521,143920,75121,144400,1600,via_1600x480
VDD,met3-met4,STRIPE,via,48295,143920,49895,144400,1600,via3_1600x480
VDD,met2-met3,STRIPE,via,48295,143920,49895,144400,1600,via2_1600x480
VDD,met1-met2,STRIPE,via,48295,143920,49895,144400,1600,via_1600x480
VDD,met3-met4,STRIPE,via,20424,143920,22024,144400,1600,via3_1600x480
VDD,met2-met3,STRIPE,via,20424,143920,22024,144400,1600,via2_1600x480
VDD,met1-met2,STRIPE,via,20424,143920,22024,144400,1600,via_1600x480
VDD,met3-met4,STRIPE,via,266945,138480,268545,138960,1600,via3_1600x480
VDD,met2-met3,STRIPE,via,266945,138480,268545,138960,1600,via2_1600x480
VDD,met1-met2,STRIPE,via,266945,138480,268545,138960,1600,via_1600x480
VDD,met3-met4,STRIPE,via,239202,138480,240802,138960,1600,via3_1600x480
VDD,met2-met3,STRIPE,via,239202,138480,240802,138960,1600,via2_1600x480
VDD,met1-met2,STRIPE,via,239202,138480,240802,138960,1600,via_1600x480
VDD,met3-met4,STRIPE,via,212381,138480,213981,138960,1600,via3_1600x480
VDD,met2-met3,STRIPE,via,212381,138480,213981,138960,1600,via2_1600x480
VDD,met1-met2,STRIPE,via,212381,138480,213981,138960,1600,via_1600x480
VDD,met3-met4,STRIPE,via,183331,138480,184931,138960,1600,via3_1600x480
VDD,met2-met3,STRIPE,via,183331,138480,184931,138960,1600,via2_1600x480
VDD,met1-met2,STRIPE,via,183331,138480,184931,138960,1600,via_1600x480
VDD,met3-met4,STRIPE,via,157504,138480,159104,138960,1600,via3_1600x480
VDD,met2-met3,STRIPE,via,157504,138480,159104,138960,1600,via2_1600x480
VDD,met1-met2,STRIPE,via,157504,138480,159104,138960,1600,via_1600x480
VDD,met3-met4,STRIPE,via,130457,138480,132057,138960,1600,via3_1600x480
VDD,met2-met3,STRIPE,via,130457,138480,132057,138960,1600,via2_1600x480
VDD,met1-met2,STRIPE,via,130457,138480,132057,138960,1600,via_1600x480
VDD,met3-met4,STRIPE,via,100913,138480,102513,138960,1600,via3_1600x480
VDD,met2-met3,STRIPE,via,100913,138480,102513,138960,1600,via2_1600x480
VDD,met1-met2,STRIPE,via,100913,138480,102513,138960,1600,via_1600x480
VDD,met3-met4,STRIPE,via,73521,138480,75121,138960,1600,via3_1600x480
VDD,met2-met3,STRIPE,via,73521,138480,75121,138960,1600,via2_1600x480
VDD,met1-met2,STRIPE,via,73521,138480,75121,138960,1600,via_1600x480
VDD,met3-met4,STRIPE,via,48295,138480,49895,138960,1600,via3_1600x480
VDD,met2-met3,STRIPE,via,48295,138480,49895,138960,1600,via2_1600x480
VDD,met1-met2,STRIPE,via,48295,138480,49895,138960,1600,via_1600x480
VDD,met3-met4,STRIPE,via,20424,138480,22024,138960,1600,via3_1600x480
VDD,met2-met3,STRIPE,via,20424,138480,22024,138960,1600,via2_1600x480
VDD,met1-met2,STRIPE,via,20424,138480,22024,138960,1600,via_1600x480
VDD,met3-met4,STRIPE,via,266945,133040,268545,133520,1600,via3_1600x480
VDD,met2-met3,STRIPE,via,266945,133040,268545,133520,1600,via2_1600x480
VDD,met1-met2,STRIPE,via,266945,133040,268545,133520,1600,via_1600x480
VDD,met3-met4,STRIPE,via,239202,133040,240802,133520,1600,via3_1600x480
VDD,met2-met3,STRIPE,via,239202,133040,240802,133520,1600,via2_1600x480
VDD,met1-met2,STRIPE,via,239202,133040,240802,133520,1600,via_1600x480
VDD,met3-met4,STRIPE,via,212381,133040,213981,133520,1600,via3_1600x480
VDD,met2-met3,STRIPE,via,212381,133040,213981,133520,1600,via2_1600x480
VDD,met1-met2,STRIPE,via,212381,133040,213981,133520,1600,via_1600x480
VDD,met3-met4,STRIPE,via,183331,133040,184931,133520,1600,via3_1600x480
VDD,met2-met3,STRIPE,via,183331,133040,184931,133520,1600,via2_1600x480
VDD,met1-met2,STRIPE,via,183331,133040,184931,133520,1600,via_1600x480
VDD,met3-met4,STRIPE,via,157504,133040,159104,133520,1600,via3_1600x480
VDD,met2-met3,STRIPE,via,157504,133040,159104,133520,1600,via2_1600x480
VDD,met1-met2,STRIPE,via,157504,133040,159104,133520,1600,via_1600x480
VDD,met3-met4,STRIPE,via,130457,133040,132057,133520,1600,via3_1600x480
VDD,met2-met3,STRIPE,via,130457,133040,132057,133520,1600,via2_1600x480
VDD,met1-met2,STRIPE,via,130457,133040,132057,133520,1600,via_1600x480
VDD,met3-met4,STRIPE,via,100913,133040,102513,133520,1600,via3_1600x480
VDD,met2-met3,STRIPE,via,100913,133040,102513,133520,1600,via2_1600x480
VDD,met1-met2,STRIPE,via,100913,133040,102513,133520,1600,via_1600x480
VDD,met3-met4,STRIPE,via,73521,133040,75121,133520,1600,via3_1600x480
VDD,met2-met3,STRIPE,via,73521,133040,75121,133520,1600,via2_1600x480
VDD,met1-met2,STRIPE,via,73521,133040,75121,133520,1600,via_1600x480
VDD,met3-met4,STRIPE,via,48295,133040,49895,133520,1600,via3_1600x480
VDD,met2-met3,STRIPE,via,48295,133040,49895,133520,1600,via2_1600x480
VDD,met1-met2,STRIPE,via,48295,133040,49895,133520,1600,via_1600x480
VDD,met3-met4,STRIPE,via,20424,133040,22024,133520,1600,via3_1600x480
VDD,met2-met3,STRIPE,via,20424,133040,22024,133520,1600,via2_1600x480
VDD,met1-met2,STRIPE,via,20424,133040,22024,133520,1600,via_1600x480
VDD,met3-met4,STRIPE,via,266945,127600,268545,128080,1600,via3_1600x480
VDD,met2-met3,STRIPE,via,266945,127600,268545,128080,1600,via2_1600x480
VDD,met1-met2,STRIPE,via,266945,127600,268545,128080,1600,via_1600x480
VDD,met3-met4,STRIPE,via,239202,127600,240802,128080,1600,via3_1600x480
VDD,met2-met3,STRIPE,via,239202,127600,240802,128080,1600,via2_1600x480
VDD,met1-met2,STRIPE,via,239202,127600,240802,128080,1600,via_1600x480
VDD,met3-met4,STRIPE,via,212381,127600,213981,128080,1600,via3_1600x480
VDD,met2-met3,STRIPE,via,212381,127600,213981,128080,1600,via2_1600x480
VDD,met1-met2,STRIPE,via,212381,127600,213981,128080,1600,via_1600x480
VDD,met3-met4,STRIPE,via,183331,127600,184931,128080,1600,via3_1600x480
VDD,met2-met3,STRIPE,via,183331,127600,184931,128080,1600,via2_1600x480
VDD,met1-met2,STRIPE,via,183331,127600,184931,128080,1600,via_1600x480
VDD,met3-met4,STRIPE,via,157504,127600,159104,128080,1600,via3_1600x480
VDD,met2-met3,STRIPE,via,157504,127600,159104,128080,1600,via2_1600x480
VDD,met1-met2,STRIPE,via,157504,127600,159104,128080,1600,via_1600x480
VDD,met3-met4,STRIPE,via,130457,127600,132057,128080,1600,via3_1600x480
VDD,met2-met3,STRIPE,via,130457,127600,132057,128080,1600,via2_1600x480
VDD,met1-met2,STRIPE,via,130457,127600,132057,128080,1600,via_1600x480
VDD,met3-met4,STRIPE,via,100913,127600,102513,128080,1600,via3_1600x480
VDD,met2-met3,STRIPE,via,100913,127600,102513,128080,1600,via2_1600x480
VDD,met1-met2,STRIPE,via,100913,127600,102513,128080,1600,via_1600x480
VDD,met3-met4,STRIPE,via,73521,127600,75121,128080,1600,via3_1600x480
VDD,met2-met3,STRIPE,via,73521,127600,75121,128080,1600,via2_1600x480
VDD,met1-met2,STRIPE,via,73521,127600,75121,128080,1600,via_1600x480
VDD,met3-met4,STRIPE,via,48295,127600,49895,128080,1600,via3_1600x480
VDD,met2-met3,STRIPE,via,48295,127600,49895,128080,1600,via2_1600x480
VDD,met1-met2,STRIPE,via,48295,127600,49895,128080,1600,via_1600x480
VDD,met3-met4,STRIPE,via,20424,127600,22024,128080,1600,via3_1600x480
VDD,met2-met3,STRIPE,via,20424,127600,22024,128080,1600,via2_1600x480
VDD,met1-met2,STRIPE,via,20424,127600,22024,128080,1600,via_1600x480
VDD,met3-met4,STRIPE,via,266945,122160,268545,122640,1600,via3_1600x480
VDD,met2-met3,STRIPE,via,266945,122160,268545,122640,1600,via2_1600x480
VDD,met1-met2,STRIPE,via,266945,122160,268545,122640,1600,via_1600x480
VDD,met3-met4,STRIPE,via,239202,122160,240802,122640,1600,via3_1600x480
VDD,met2-met3,STRIPE,via,239202,122160,240802,122640,1600,via2_1600x480
VDD,met1-met2,STRIPE,via,239202,122160,240802,122640,1600,via_1600x480
VDD,met3-met4,STRIPE,via,212381,122160,213981,122640,1600,via3_1600x480
VDD,met2-met3,STRIPE,via,212381,122160,213981,122640,1600,via2_1600x480
VDD,met1-met2,STRIPE,via,212381,122160,213981,122640,1600,via_1600x480
VDD,met3-met4,STRIPE,via,183331,122160,184931,122640,1600,via3_1600x480
VDD,met2-met3,STRIPE,via,183331,122160,184931,122640,1600,via2_1600x480
VDD,met1-met2,STRIPE,via,183331,122160,184931,122640,1600,via_1600x480
VDD,met3-met4,STRIPE,via,157504,122160,159104,122640,1600,via3_1600x480
VDD,met2-met3,STRIPE,via,157504,122160,159104,122640,1600,via2_1600x480
VDD,met1-met2,STRIPE,via,157504,122160,159104,122640,1600,via_1600x480
VDD,met3-met4,STRIPE,via,130457,122160,132057,122640,1600,via3_1600x480
VDD,met2-met3,STRIPE,via,130457,122160,132057,122640,1600,via2_1600x480
VDD,met1-met2,STRIPE,via,130457,122160,132057,122640,1600,via_1600x480
VDD,met3-met4,STRIPE,via,100913,122160,102513,122640,1600,via3_1600x480
VDD,met2-met3,STRIPE,via,100913,122160,102513,122640,1600,via2_1600x480
VDD,met1-met2,STRIPE,via,100913,122160,102513,122640,1600,via_1600x480
VDD,met3-met4,STRIPE,via,73521,122160,75121,122640,1600,via3_1600x480
VDD,met2-met3,STRIPE,via,73521,122160,75121,122640,1600,via2_1600x480
VDD,met1-met2,STRIPE,via,73521,122160,75121,122640,1600,via_1600x480
VDD,met3-met4,STRIPE,via,48295,122160,49895,122640,1600,via3_1600x480
VDD,met2-met3,STRIPE,via,48295,122160,49895,122640,1600,via2_1600x480
VDD,met1-met2,STRIPE,via,48295,122160,49895,122640,1600,via_1600x480
VDD,met3-met4,STRIPE,via,20424,122160,22024,122640,1600,via3_1600x480
VDD,met2-met3,STRIPE,via,20424,122160,22024,122640,1600,via2_1600x480
VDD,met1-met2,STRIPE,via,20424,122160,22024,122640,1600,via_1600x480
VDD,met3-met4,STRIPE,via,266945,116720,268545,117200,1600,via3_1600x480
VDD,met2-met3,STRIPE,via,266945,116720,268545,117200,1600,via2_1600x480
VDD,met1-met2,STRIPE,via,266945,116720,268545,117200,1600,via_1600x480
VDD,met3-met4,STRIPE,via,239202,116720,240802,117200,1600,via3_1600x480
VDD,met2-met3,STRIPE,via,239202,116720,240802,117200,1600,via2_1600x480
VDD,met1-met2,STRIPE,via,239202,116720,240802,117200,1600,via_1600x480
VDD,met3-met4,STRIPE,via,212381,116720,213981,117200,1600,via3_1600x480
VDD,met2-met3,STRIPE,via,212381,116720,213981,117200,1600,via2_1600x480
VDD,met1-met2,STRIPE,via,212381,116720,213981,117200,1600,via_1600x480
VDD,met3-met4,STRIPE,via,183331,116720,184931,117200,1600,via3_1600x480
VDD,met2-met3,STRIPE,via,183331,116720,184931,117200,1600,via2_1600x480
VDD,met1-met2,STRIPE,via,183331,116720,184931,117200,1600,via_1600x480
VDD,met3-met4,STRIPE,via,157504,116720,159104,117200,1600,via3_1600x480
VDD,met2-met3,STRIPE,via,157504,116720,159104,117200,1600,via2_1600x480
VDD,met1-met2,STRIPE,via,157504,116720,159104,117200,1600,via_1600x480
VDD,met3-met4,STRIPE,via,130457,116720,132057,117200,1600,via3_1600x480
VDD,met2-met3,STRIPE,via,130457,116720,132057,117200,1600,via2_1600x480
VDD,met1-met2,STRIPE,via,130457,116720,132057,117200,1600,via_1600x480
VDD,met3-met4,STRIPE,via,100913,116720,102513,117200,1600,via3_1600x480
VDD,met2-met3,STRIPE,via,100913,116720,102513,117200,1600,via2_1600x480
VDD,met1-met2,STRIPE,via,100913,116720,102513,117200,1600,via_1600x480
VDD,met3-met4,STRIPE,via,73521,116720,75121,117200,1600,via3_1600x480
VDD,met2-met3,STRIPE,via,73521,116720,75121,117200,1600,via2_1600x480
VDD,met1-met2,STRIPE,via,73521,116720,75121,117200,1600,via_1600x480
VDD,met3-met4,STRIPE,via,48295,116720,49895,117200,1600,via3_1600x480
VDD,met2-met3,STRIPE,via,48295,116720,49895,117200,1600,via2_1600x480
VDD,met1-met2,STRIPE,via,48295,116720,49895,117200,1600,via_1600x480
VDD,met3-met4,STRIPE,via,20424,116720,22024,117200,1600,via3_1600x480
VDD,met2-met3,STRIPE,via,20424,116720,22024,117200,1600,via2_1600x480
VDD,met1-met2,STRIPE,via,20424,116720,22024,117200,1600,via_1600x480
VDD,met3-met4,STRIPE,via,266945,111280,268545,111760,1600,via3_1600x480
VDD,met2-met3,STRIPE,via,266945,111280,268545,111760,1600,via2_1600x480
VDD,met1-met2,STRIPE,via,266945,111280,268545,111760,1600,via_1600x480
VDD,met3-met4,STRIPE,via,239202,111280,240802,111760,1600,via3_1600x480
VDD,met2-met3,STRIPE,via,239202,111280,240802,111760,1600,via2_1600x480
VDD,met1-met2,STRIPE,via,239202,111280,240802,111760,1600,via_1600x480
VDD,met3-met4,STRIPE,via,212381,111280,213981,111760,1600,via3_1600x480
VDD,met2-met3,STRIPE,via,212381,111280,213981,111760,1600,via2_1600x480
VDD,met1-met2,STRIPE,via,212381,111280,213981,111760,1600,via_1600x480
VDD,met3-met4,STRIPE,via,183331,111280,184931,111760,1600,via3_1600x480
VDD,met2-met3,STRIPE,via,183331,111280,184931,111760,1600,via2_1600x480
VDD,met1-met2,STRIPE,via,183331,111280,184931,111760,1600,via_1600x480
VDD,met3-met4,STRIPE,via,157504,111280,159104,111760,1600,via3_1600x480
VDD,met2-met3,STRIPE,via,157504,111280,159104,111760,1600,via2_1600x480
VDD,met1-met2,STRIPE,via,157504,111280,159104,111760,1600,via_1600x480
VDD,met3-met4,STRIPE,via,130457,111280,132057,111760,1600,via3_1600x480
VDD,met2-met3,STRIPE,via,130457,111280,132057,111760,1600,via2_1600x480
VDD,met1-met2,STRIPE,via,130457,111280,132057,111760,1600,via_1600x480
VDD,met3-met4,STRIPE,via,100913,111280,102513,111760,1600,via3_1600x480
VDD,met2-met3,STRIPE,via,100913,111280,102513,111760,1600,via2_1600x480
VDD,met1-met2,STRIPE,via,100913,111280,102513,111760,1600,via_1600x480
VDD,met3-met4,STRIPE,via,73521,111280,75121,111760,1600,via3_1600x480
VDD,met2-met3,STRIPE,via,73521,111280,75121,111760,1600,via2_1600x480
VDD,met1-met2,STRIPE,via,73521,111280,75121,111760,1600,via_1600x480
VDD,met3-met4,STRIPE,via,48295,111280,49895,111760,1600,via3_1600x480
VDD,met2-met3,STRIPE,via,48295,111280,49895,111760,1600,via2_1600x480
VDD,met1-met2,STRIPE,via,48295,111280,49895,111760,1600,via_1600x480
VDD,met3-met4,STRIPE,via,20424,111280,22024,111760,1600,via3_1600x480
VDD,met2-met3,STRIPE,via,20424,111280,22024,111760,1600,via2_1600x480
VDD,met1-met2,STRIPE,via,20424,111280,22024,111760,1600,via_1600x480
VDD,met3-met4,STRIPE,via,266945,105840,268545,106320,1600,via3_1600x480
VDD,met2-met3,STRIPE,via,266945,105840,268545,106320,1600,via2_1600x480
VDD,met1-met2,STRIPE,via,266945,105840,268545,106320,1600,via_1600x480
VDD,met3-met4,STRIPE,via,239202,105840,240802,106320,1600,via3_1600x480
VDD,met2-met3,STRIPE,via,239202,105840,240802,106320,1600,via2_1600x480
VDD,met1-met2,STRIPE,via,239202,105840,240802,106320,1600,via_1600x480
VDD,met3-met4,STRIPE,via,212381,105840,213981,106320,1600,via3_1600x480
VDD,met2-met3,STRIPE,via,212381,105840,213981,106320,1600,via2_1600x480
VDD,met1-met2,STRIPE,via,212381,105840,213981,106320,1600,via_1600x480
VDD,met3-met4,STRIPE,via,183331,105840,184931,106320,1600,via3_1600x480
VDD,met2-met3,STRIPE,via,183331,105840,184931,106320,1600,via2_1600x480
VDD,met1-met2,STRIPE,via,183331,105840,184931,106320,1600,via_1600x480
VDD,met3-met4,STRIPE,via,157504,105840,159104,106320,1600,via3_1600x480
VDD,met2-met3,STRIPE,via,157504,105840,159104,106320,1600,via2_1600x480
VDD,met1-met2,STRIPE,via,157504,105840,159104,106320,1600,via_1600x480
VDD,met3-met4,STRIPE,via,130457,105840,132057,106320,1600,via3_1600x480
VDD,met2-met3,STRIPE,via,130457,105840,132057,106320,1600,via2_1600x480
VDD,met1-met2,STRIPE,via,130457,105840,132057,106320,1600,via_1600x480
VDD,met3-met4,STRIPE,via,100913,105840,102513,106320,1600,via3_1600x480
VDD,met2-met3,STRIPE,via,100913,105840,102513,106320,1600,via2_1600x480
VDD,met1-met2,STRIPE,via,100913,105840,102513,106320,1600,via_1600x480
VDD,met3-met4,STRIPE,via,73521,105840,75121,106320,1600,via3_1600x480
VDD,met2-met3,STRIPE,via,73521,105840,75121,106320,1600,via2_1600x480
VDD,met1-met2,STRIPE,via,73521,105840,75121,106320,1600,via_1600x480
VDD,met3-met4,STRIPE,via,48295,105840,49895,106320,1600,via3_1600x480
VDD,met2-met3,STRIPE,via,48295,105840,49895,106320,1600,via2_1600x480
VDD,met1-met2,STRIPE,via,48295,105840,49895,106320,1600,via_1600x480
VDD,met3-met4,STRIPE,via,20424,105840,22024,106320,1600,via3_1600x480
VDD,met2-met3,STRIPE,via,20424,105840,22024,106320,1600,via2_1600x480
VDD,met1-met2,STRIPE,via,20424,105840,22024,106320,1600,via_1600x480
VDD,met3-met4,STRIPE,via,266945,100400,268545,100880,1600,via3_1600x480
VDD,met2-met3,STRIPE,via,266945,100400,268545,100880,1600,via2_1600x480
VDD,met1-met2,STRIPE,via,266945,100400,268545,100880,1600,via_1600x480
VDD,met3-met4,STRIPE,via,239202,100400,240802,100880,1600,via3_1600x480
VDD,met2-met3,STRIPE,via,239202,100400,240802,100880,1600,via2_1600x480
VDD,met1-met2,STRIPE,via,239202,100400,240802,100880,1600,via_1600x480
VDD,met3-met4,STRIPE,via,212381,100400,213981,100880,1600,via3_1600x480
VDD,met2-met3,STRIPE,via,212381,100400,213981,100880,1600,via2_1600x480
VDD,met1-met2,STRIPE,via,212381,100400,213981,100880,1600,via_1600x480
VDD,met3-met4,STRIPE,via,183331,100400,184931,100880,1600,via3_1600x480
VDD,met2-met3,STRIPE,via,183331,100400,184931,100880,1600,via2_1600x480
VDD,met1-met2,STRIPE,via,183331,100400,184931,100880,1600,via_1600x480
VDD,met3-met4,STRIPE,via,157504,100400,159104,100880,1600,via3_1600x480
VDD,met2-met3,STRIPE,via,157504,100400,159104,100880,1600,via2_1600x480
VDD,met1-met2,STRIPE,via,157504,100400,159104,100880,1600,via_1600x480
VDD,met3-met4,STRIPE,via,130457,100400,132057,100880,1600,via3_1600x480
VDD,met2-met3,STRIPE,via,130457,100400,132057,100880,1600,via2_1600x480
VDD,met1-met2,STRIPE,via,130457,100400,132057,100880,1600,via_1600x480
VDD,met3-met4,STRIPE,via,100913,100400,102513,100880,1600,via3_1600x480
VDD,met2-met3,STRIPE,via,100913,100400,102513,100880,1600,via2_1600x480
VDD,met1-met2,STRIPE,via,100913,100400,102513,100880,1600,via_1600x480
VDD,met3-met4,STRIPE,via,73521,100400,75121,100880,1600,via3_1600x480
VDD,met2-met3,STRIPE,via,73521,100400,75121,100880,1600,via2_1600x480
VDD,met1-met2,STRIPE,via,73521,100400,75121,100880,1600,via_1600x480
VDD,met3-met4,STRIPE,via,48295,100400,49895,100880,1600,via3_1600x480
VDD,met2-met3,STRIPE,via,48295,100400,49895,100880,1600,via2_1600x480
VDD,met1-met2,STRIPE,via,48295,100400,49895,100880,1600,via_1600x480
VDD,met3-met4,STRIPE,via,20424,100400,22024,100880,1600,via3_1600x480
VDD,met2-met3,STRIPE,via,20424,100400,22024,100880,1600,via2_1600x480
VDD,met1-met2,STRIPE,via,20424,100400,22024,100880,1600,via_1600x480
VDD,met3-met4,STRIPE,via,266945,94960,268545,95440,1600,via3_1600x480
VDD,met2-met3,STRIPE,via,266945,94960,268545,95440,1600,via2_1600x480
VDD,met1-met2,STRIPE,via,266945,94960,268545,95440,1600,via_1600x480
VDD,met3-met4,STRIPE,via,239202,94960,240802,95440,1600,via3_1600x480
VDD,met2-met3,STRIPE,via,239202,94960,240802,95440,1600,via2_1600x480
VDD,met1-met2,STRIPE,via,239202,94960,240802,95440,1600,via_1600x480
VDD,met3-met4,STRIPE,via,212381,94960,213981,95440,1600,via3_1600x480
VDD,met2-met3,STRIPE,via,212381,94960,213981,95440,1600,via2_1600x480
VDD,met1-met2,STRIPE,via,212381,94960,213981,95440,1600,via_1600x480
VDD,met3-met4,STRIPE,via,183331,94960,184931,95440,1600,via3_1600x480
VDD,met2-met3,STRIPE,via,183331,94960,184931,95440,1600,via2_1600x480
VDD,met1-met2,STRIPE,via,183331,94960,184931,95440,1600,via_1600x480
VDD,met3-met4,STRIPE,via,157504,94960,159104,95440,1600,via3_1600x480
VDD,met2-met3,STRIPE,via,157504,94960,159104,95440,1600,via2_1600x480
VDD,met1-met2,STRIPE,via,157504,94960,159104,95440,1600,via_1600x480
VDD,met3-met4,STRIPE,via,130457,94960,132057,95440,1600,via3_1600x480
VDD,met2-met3,STRIPE,via,130457,94960,132057,95440,1600,via2_1600x480
VDD,met1-met2,STRIPE,via,130457,94960,132057,95440,1600,via_1600x480
VDD,met3-met4,STRIPE,via,100913,94960,102513,95440,1600,via3_1600x480
VDD,met2-met3,STRIPE,via,100913,94960,102513,95440,1600,via2_1600x480
VDD,met1-met2,STRIPE,via,100913,94960,102513,95440,1600,via_1600x480
VDD,met3-met4,STRIPE,via,73521,94960,75121,95440,1600,via3_1600x480
VDD,met2-met3,STRIPE,via,73521,94960,75121,95440,1600,via2_1600x480
VDD,met1-met2,STRIPE,via,73521,94960,75121,95440,1600,via_1600x480
VDD,met3-met4,STRIPE,via,48295,94960,49895,95440,1600,via3_1600x480
VDD,met2-met3,STRIPE,via,48295,94960,49895,95440,1600,via2_1600x480
VDD,met1-met2,STRIPE,via,48295,94960,49895,95440,1600,via_1600x480
VDD,met3-met4,STRIPE,via,20424,94960,22024,95440,1600,via3_1600x480
VDD,met2-met3,STRIPE,via,20424,94960,22024,95440,1600,via2_1600x480
VDD,met1-met2,STRIPE,via,20424,94960,22024,95440,1600,via_1600x480
VDD,met3-met4,STRIPE,via,266945,89520,268545,90000,1600,via3_1600x480
VDD,met2-met3,STRIPE,via,266945,89520,268545,90000,1600,via2_1600x480
VDD,met1-met2,STRIPE,via,266945,89520,268545,90000,1600,via_1600x480
VDD,met3-met4,STRIPE,via,239202,89520,240802,90000,1600,via3_1600x480
VDD,met2-met3,STRIPE,via,239202,89520,240802,90000,1600,via2_1600x480
VDD,met1-met2,STRIPE,via,239202,89520,240802,90000,1600,via_1600x480
VDD,met3-met4,STRIPE,via,212381,89520,213981,90000,1600,via3_1600x480
VDD,met2-met3,STRIPE,via,212381,89520,213981,90000,1600,via2_1600x480
VDD,met1-met2,STRIPE,via,212381,89520,213981,90000,1600,via_1600x480
VDD,met3-met4,STRIPE,via,183331,89520,184931,90000,1600,via3_1600x480
VDD,met2-met3,STRIPE,via,183331,89520,184931,90000,1600,via2_1600x480
VDD,met1-met2,STRIPE,via,183331,89520,184931,90000,1600,via_1600x480
VDD,met3-met4,STRIPE,via,157504,89520,159104,90000,1600,via3_1600x480
VDD,met2-met3,STRIPE,via,157504,89520,159104,90000,1600,via2_1600x480
VDD,met1-met2,STRIPE,via,157504,89520,159104,90000,1600,via_1600x480
VDD,met3-met4,STRIPE,via,130457,89520,132057,90000,1600,via3_1600x480
VDD,met2-met3,STRIPE,via,130457,89520,132057,90000,1600,via2_1600x480
VDD,met1-met2,STRIPE,via,130457,89520,132057,90000,1600,via_1600x480
VDD,met3-met4,STRIPE,via,100913,89520,102513,90000,1600,via3_1600x480
VDD,met2-met3,STRIPE,via,100913,89520,102513,90000,1600,via2_1600x480
VDD,met1-met2,STRIPE,via,100913,89520,102513,90000,1600,via_1600x480
VDD,met3-met4,STRIPE,via,73521,89520,75121,90000,1600,via3_1600x480
VDD,met2-met3,STRIPE,via,73521,89520,75121,90000,1600,via2_1600x480
VDD,met1-met2,STRIPE,via,73521,89520,75121,90000,1600,via_1600x480
VDD,met3-met4,STRIPE,via,48295,89520,49895,90000,1600,via3_1600x480
VDD,met2-met3,STRIPE,via,48295,89520,49895,90000,1600,via2_1600x480
VDD,met1-met2,STRIPE,via,48295,89520,49895,90000,1600,via_1600x480
VDD,met3-met4,STRIPE,via,20424,89520,22024,90000,1600,via3_1600x480
VDD,met2-met3,STRIPE,via,20424,89520,22024,90000,1600,via2_1600x480
VDD,met1-met2,STRIPE,via,20424,89520,22024,90000,1600,via_1600x480
VDD,met3-met4,STRIPE,via,266945,84080,268545,84560,1600,via3_1600x480
VDD,met2-met3,STRIPE,via,266945,84080,268545,84560,1600,via2_1600x480
VDD,met1-met2,STRIPE,via,266945,84080,268545,84560,1600,via_1600x480
VDD,met3-met4,STRIPE,via,239202,84080,240802,84560,1600,via3_1600x480
VDD,met2-met3,STRIPE,via,239202,84080,240802,84560,1600,via2_1600x480
VDD,met1-met2,STRIPE,via,239202,84080,240802,84560,1600,via_1600x480
VDD,met3-met4,STRIPE,via,212381,84080,213981,84560,1600,via3_1600x480
VDD,met2-met3,STRIPE,via,212381,84080,213981,84560,1600,via2_1600x480
VDD,met1-met2,STRIPE,via,212381,84080,213981,84560,1600,via_1600x480
VDD,met3-met4,STRIPE,via,183331,84080,184931,84560,1600,via3_1600x480
VDD,met2-met3,STRIPE,via,183331,84080,184931,84560,1600,via2_1600x480
VDD,met1-met2,STRIPE,via,183331,84080,184931,84560,1600,via_1600x480
VDD,met3-met4,STRIPE,via,157504,84080,159104,84560,1600,via3_1600x480
VDD,met2-met3,STRIPE,via,157504,84080,159104,84560,1600,via2_1600x480
VDD,met1-met2,STRIPE,via,157504,84080,159104,84560,1600,via_1600x480
VDD,met3-met4,STRIPE,via,130457,84080,132057,84560,1600,via3_1600x480
VDD,met2-met3,STRIPE,via,130457,84080,132057,84560,1600,via2_1600x480
VDD,met1-met2,STRIPE,via,130457,84080,132057,84560,1600,via_1600x480
VDD,met3-met4,STRIPE,via,100913,84080,102513,84560,1600,via3_1600x480
VDD,met2-met3,STRIPE,via,100913,84080,102513,84560,1600,via2_1600x480
VDD,met1-met2,STRIPE,via,100913,84080,102513,84560,1600,via_1600x480
VDD,met3-met4,STRIPE,via,73521,84080,75121,84560,1600,via3_1600x480
VDD,met2-met3,STRIPE,via,73521,84080,75121,84560,1600,via2_1600x480
VDD,met1-met2,STRIPE,via,73521,84080,75121,84560,1600,via_1600x480
VDD,met3-met4,STRIPE,via,48295,84080,49895,84560,1600,via3_1600x480
VDD,met2-met3,STRIPE,via,48295,84080,49895,84560,1600,via2_1600x480
VDD,met1-met2,STRIPE,via,48295,84080,49895,84560,1600,via_1600x480
VDD,met3-met4,STRIPE,via,20424,84080,22024,84560,1600,via3_1600x480
VDD,met2-met3,STRIPE,via,20424,84080,22024,84560,1600,via2_1600x480
VDD,met1-met2,STRIPE,via,20424,84080,22024,84560,1600,via_1600x480
VDD,met3-met4,STRIPE,via,266945,78640,268545,79120,1600,via3_1600x480
VDD,met2-met3,STRIPE,via,266945,78640,268545,79120,1600,via2_1600x480
VDD,met1-met2,STRIPE,via,266945,78640,268545,79120,1600,via_1600x480
VDD,met3-met4,STRIPE,via,239202,78640,240802,79120,1600,via3_1600x480
VDD,met2-met3,STRIPE,via,239202,78640,240802,79120,1600,via2_1600x480
VDD,met1-met2,STRIPE,via,239202,78640,240802,79120,1600,via_1600x480
VDD,met3-met4,STRIPE,via,212381,78640,213981,79120,1600,via3_1600x480
VDD,met2-met3,STRIPE,via,212381,78640,213981,79120,1600,via2_1600x480
VDD,met1-met2,STRIPE,via,212381,78640,213981,79120,1600,via_1600x480
VDD,met3-met4,STRIPE,via,183331,78640,184931,79120,1600,via3_1600x480
VDD,met2-met3,STRIPE,via,183331,78640,184931,79120,1600,via2_1600x480
VDD,met1-met2,STRIPE,via,183331,78640,184931,79120,1600,via_1600x480
VDD,met3-met4,STRIPE,via,157504,78640,159104,79120,1600,via3_1600x480
VDD,met2-met3,STRIPE,via,157504,78640,159104,79120,1600,via2_1600x480
VDD,met1-met2,STRIPE,via,157504,78640,159104,79120,1600,via_1600x480
VDD,met3-met4,STRIPE,via,130457,78640,132057,79120,1600,via3_1600x480
VDD,met2-met3,STRIPE,via,130457,78640,132057,79120,1600,via2_1600x480
VDD,met1-met2,STRIPE,via,130457,78640,132057,79120,1600,via_1600x480
VDD,met3-met4,STRIPE,via,100913,78640,102513,79120,1600,via3_1600x480
VDD,met2-met3,STRIPE,via,100913,78640,102513,79120,1600,via2_1600x480
VDD,met1-met2,STRIPE,via,100913,78640,102513,79120,1600,via_1600x480
VDD,met3-met4,STRIPE,via,73521,78640,75121,79120,1600,via3_1600x480
VDD,met2-met3,STRIPE,via,73521,78640,75121,79120,1600,via2_1600x480
VDD,met1-met2,STRIPE,via,73521,78640,75121,79120,1600,via_1600x480
VDD,met3-met4,STRIPE,via,48295,78640,49895,79120,1600,via3_1600x480
VDD,met2-met3,STRIPE,via,48295,78640,49895,79120,1600,via2_1600x480
VDD,met1-met2,STRIPE,via,48295,78640,49895,79120,1600,via_1600x480
VDD,met3-met4,STRIPE,via,20424,78640,22024,79120,1600,via3_1600x480
VDD,met2-met3,STRIPE,via,20424,78640,22024,79120,1600,via2_1600x480
VDD,met1-met2,STRIPE,via,20424,78640,22024,79120,1600,via_1600x480
VDD,met3-met4,STRIPE,via,266945,73200,268545,73680,1600,via3_1600x480
VDD,met2-met3,STRIPE,via,266945,73200,268545,73680,1600,via2_1600x480
VDD,met1-met2,STRIPE,via,266945,73200,268545,73680,1600,via_1600x480
VDD,met3-met4,STRIPE,via,239202,73200,240802,73680,1600,via3_1600x480
VDD,met2-met3,STRIPE,via,239202,73200,240802,73680,1600,via2_1600x480
VDD,met1-met2,STRIPE,via,239202,73200,240802,73680,1600,via_1600x480
VDD,met3-met4,STRIPE,via,212381,73200,213981,73680,1600,via3_1600x480
VDD,met2-met3,STRIPE,via,212381,73200,213981,73680,1600,via2_1600x480
VDD,met1-met2,STRIPE,via,212381,73200,213981,73680,1600,via_1600x480
VDD,met3-met4,STRIPE,via,183331,73200,184931,73680,1600,via3_1600x480
VDD,met2-met3,STRIPE,via,183331,73200,184931,73680,1600,via2_1600x480
VDD,met1-met2,STRIPE,via,183331,73200,184931,73680,1600,via_1600x480
VDD,met3-met4,STRIPE,via,157504,73200,159104,73680,1600,via3_1600x480
VDD,met2-met3,STRIPE,via,157504,73200,159104,73680,1600,via2_1600x480
VDD,met1-met2,STRIPE,via,157504,73200,159104,73680,1600,via_1600x480
VDD,met3-met4,STRIPE,via,130457,73200,132057,73680,1600,via3_1600x480
VDD,met2-met3,STRIPE,via,130457,73200,132057,73680,1600,via2_1600x480
VDD,met1-met2,STRIPE,via,130457,73200,132057,73680,1600,via_1600x480
VDD,met3-met4,STRIPE,via,100913,73200,102513,73680,1600,via3_1600x480
VDD,met2-met3,STRIPE,via,100913,73200,102513,73680,1600,via2_1600x480
VDD,met1-met2,STRIPE,via,100913,73200,102513,73680,1600,via_1600x480
VDD,met3-met4,STRIPE,via,73521,73200,75121,73680,1600,via3_1600x480
VDD,met2-met3,STRIPE,via,73521,73200,75121,73680,1600,via2_1600x480
VDD,met1-met2,STRIPE,via,73521,73200,75121,73680,1600,via_1600x480
VDD,met3-met4,STRIPE,via,48295,73200,49895,73680,1600,via3_1600x480
VDD,met2-met3,STRIPE,via,48295,73200,49895,73680,1600,via2_1600x480
VDD,met1-met2,STRIPE,via,48295,73200,49895,73680,1600,via_1600x480
VDD,met3-met4,STRIPE,via,20424,73200,22024,73680,1600,via3_1600x480
VDD,met2-met3,STRIPE,via,20424,73200,22024,73680,1600,via2_1600x480
VDD,met1-met2,STRIPE,via,20424,73200,22024,73680,1600,via_1600x480
VDD,met3-met4,STRIPE,via,266945,67760,268545,68240,1600,via3_1600x480
VDD,met2-met3,STRIPE,via,266945,67760,268545,68240,1600,via2_1600x480
VDD,met1-met2,STRIPE,via,266945,67760,268545,68240,1600,via_1600x480
VDD,met3-met4,STRIPE,via,239202,67760,240802,68240,1600,via3_1600x480
VDD,met2-met3,STRIPE,via,239202,67760,240802,68240,1600,via2_1600x480
VDD,met1-met2,STRIPE,via,239202,67760,240802,68240,1600,via_1600x480
VDD,met3-met4,STRIPE,via,212381,67760,213981,68240,1600,via3_1600x480
VDD,met2-met3,STRIPE,via,212381,67760,213981,68240,1600,via2_1600x480
VDD,met1-met2,STRIPE,via,212381,67760,213981,68240,1600,via_1600x480
VDD,met3-met4,STRIPE,via,183331,67760,184931,68240,1600,via3_1600x480
VDD,met2-met3,STRIPE,via,183331,67760,184931,68240,1600,via2_1600x480
VDD,met1-met2,STRIPE,via,183331,67760,184931,68240,1600,via_1600x480
VDD,met3-met4,STRIPE,via,157504,67760,159104,68240,1600,via3_1600x480
VDD,met2-met3,STRIPE,via,157504,67760,159104,68240,1600,via2_1600x480
VDD,met1-met2,STRIPE,via,157504,67760,159104,68240,1600,via_1600x480
VDD,met3-met4,STRIPE,via,130457,67760,132057,68240,1600,via3_1600x480
VDD,met2-met3,STRIPE,via,130457,67760,132057,68240,1600,via2_1600x480
VDD,met1-met2,STRIPE,via,130457,67760,132057,68240,1600,via_1600x480
VDD,met3-met4,STRIPE,via,100913,67760,102513,68240,1600,via3_1600x480
VDD,met2-met3,STRIPE,via,100913,67760,102513,68240,1600,via2_1600x480
VDD,met1-met2,STRIPE,via,100913,67760,102513,68240,1600,via_1600x480
VDD,met3-met4,STRIPE,via,73521,67760,75121,68240,1600,via3_1600x480
VDD,met2-met3,STRIPE,via,73521,67760,75121,68240,1600,via2_1600x480
VDD,met1-met2,STRIPE,via,73521,67760,75121,68240,1600,via_1600x480
VDD,met3-met4,STRIPE,via,48295,67760,49895,68240,1600,via3_1600x480
VDD,met2-met3,STRIPE,via,48295,67760,49895,68240,1600,via2_1600x480
VDD,met1-met2,STRIPE,via,48295,67760,49895,68240,1600,via_1600x480
VDD,met3-met4,STRIPE,via,20424,67760,22024,68240,1600,via3_1600x480
VDD,met2-met3,STRIPE,via,20424,67760,22024,68240,1600,via2_1600x480
VDD,met1-met2,STRIPE,via,20424,67760,22024,68240,1600,via_1600x480
VDD,met3-met4,STRIPE,via,266945,62320,268545,62800,1600,via3_1600x480
VDD,met2-met3,STRIPE,via,266945,62320,268545,62800,1600,via2_1600x480
VDD,met1-met2,STRIPE,via,266945,62320,268545,62800,1600,via_1600x480
VDD,met3-met4,STRIPE,via,239202,62320,240802,62800,1600,via3_1600x480
VDD,met2-met3,STRIPE,via,239202,62320,240802,62800,1600,via2_1600x480
VDD,met1-met2,STRIPE,via,239202,62320,240802,62800,1600,via_1600x480
VDD,met3-met4,STRIPE,via,212381,62320,213981,62800,1600,via3_1600x480
VDD,met2-met3,STRIPE,via,212381,62320,213981,62800,1600,via2_1600x480
VDD,met1-met2,STRIPE,via,212381,62320,213981,62800,1600,via_1600x480
VDD,met3-met4,STRIPE,via,183331,62320,184931,62800,1600,via3_1600x480
VDD,met2-met3,STRIPE,via,183331,62320,184931,62800,1600,via2_1600x480
VDD,met1-met2,STRIPE,via,183331,62320,184931,62800,1600,via_1600x480
VDD,met3-met4,STRIPE,via,157504,62320,159104,62800,1600,via3_1600x480
VDD,met2-met3,STRIPE,via,157504,62320,159104,62800,1600,via2_1600x480
VDD,met1-met2,STRIPE,via,157504,62320,159104,62800,1600,via_1600x480
VDD,met3-met4,STRIPE,via,130457,62320,132057,62800,1600,via3_1600x480
VDD,met2-met3,STRIPE,via,130457,62320,132057,62800,1600,via2_1600x480
VDD,met1-met2,STRIPE,via,130457,62320,132057,62800,1600,via_1600x480
VDD,met3-met4,STRIPE,via,100913,62320,102513,62800,1600,via3_1600x480
VDD,met2-met3,STRIPE,via,100913,62320,102513,62800,1600,via2_1600x480
VDD,met1-met2,STRIPE,via,100913,62320,102513,62800,1600,via_1600x480
VDD,met3-met4,STRIPE,via,73521,62320,75121,62800,1600,via3_1600x480
VDD,met2-met3,STRIPE,via,73521,62320,75121,62800,1600,via2_1600x480
VDD,met1-met2,STRIPE,via,73521,62320,75121,62800,1600,via_1600x480
VDD,met3-met4,STRIPE,via,48295,62320,49895,62800,1600,via3_1600x480
VDD,met2-met3,STRIPE,via,48295,62320,49895,62800,1600,via2_1600x480
VDD,met1-met2,STRIPE,via,48295,62320,49895,62800,1600,via_1600x480
VDD,met3-met4,STRIPE,via,20424,62320,22024,62800,1600,via3_1600x480
VDD,met2-met3,STRIPE,via,20424,62320,22024,62800,1600,via2_1600x480
VDD,met1-met2,STRIPE,via,20424,62320,22024,62800,1600,via_1600x480
VDD,met3-met4,STRIPE,via,266945,56880,268545,57360,1600,via3_1600x480
VDD,met2-met3,STRIPE,via,266945,56880,268545,57360,1600,via2_1600x480
VDD,met1-met2,STRIPE,via,266945,56880,268545,57360,1600,via_1600x480
VDD,met3-met4,STRIPE,via,239202,56880,240802,57360,1600,via3_1600x480
VDD,met2-met3,STRIPE,via,239202,56880,240802,57360,1600,via2_1600x480
VDD,met1-met2,STRIPE,via,239202,56880,240802,57360,1600,via_1600x480
VDD,met3-met4,STRIPE,via,212381,56880,213981,57360,1600,via3_1600x480
VDD,met2-met3,STRIPE,via,212381,56880,213981,57360,1600,via2_1600x480
VDD,met1-met2,STRIPE,via,212381,56880,213981,57360,1600,via_1600x480
VDD,met3-met4,STRIPE,via,183331,56880,184931,57360,1600,via3_1600x480
VDD,met2-met3,STRIPE,via,183331,56880,184931,57360,1600,via2_1600x480
VDD,met1-met2,STRIPE,via,183331,56880,184931,57360,1600,via_1600x480
VDD,met3-met4,STRIPE,via,157504,56880,159104,57360,1600,via3_1600x480
VDD,met2-met3,STRIPE,via,157504,56880,159104,57360,1600,via2_1600x480
VDD,met1-met2,STRIPE,via,157504,56880,159104,57360,1600,via_1600x480
VDD,met3-met4,STRIPE,via,130457,56880,132057,57360,1600,via3_1600x480
VDD,met2-met3,STRIPE,via,130457,56880,132057,57360,1600,via2_1600x480
VDD,met1-met2,STRIPE,via,130457,56880,132057,57360,1600,via_1600x480
VDD,met3-met4,STRIPE,via,100913,56880,102513,57360,1600,via3_1600x480
VDD,met2-met3,STRIPE,via,100913,56880,102513,57360,1600,via2_1600x480
VDD,met1-met2,STRIPE,via,100913,56880,102513,57360,1600,via_1600x480
VDD,met3-met4,STRIPE,via,73521,56880,75121,57360,1600,via3_1600x480
VDD,met2-met3,STRIPE,via,73521,56880,75121,57360,1600,via2_1600x480
VDD,met1-met2,STRIPE,via,73521,56880,75121,57360,1600,via_1600x480
VDD,met3-met4,STRIPE,via,48295,56880,49895,57360,1600,via3_1600x480
VDD,met2-met3,STRIPE,via,48295,56880,49895,57360,1600,via2_1600x480
VDD,met1-met2,STRIPE,via,48295,56880,49895,57360,1600,via_1600x480
VDD,met3-met4,STRIPE,via,20424,56880,22024,57360,1600,via3_1600x480
VDD,met2-met3,STRIPE,via,20424,56880,22024,57360,1600,via2_1600x480
VDD,met1-met2,STRIPE,via,20424,56880,22024,57360,1600,via_1600x480
VDD,met3-met4,STRIPE,via,266945,51440,268545,51920,1600,via3_1600x480
VDD,met2-met3,STRIPE,via,266945,51440,268545,51920,1600,via2_1600x480
VDD,met1-met2,STRIPE,via,266945,51440,268545,51920,1600,via_1600x480
VDD,met3-met4,STRIPE,via,239202,51440,240802,51920,1600,via3_1600x480
VDD,met2-met3,STRIPE,via,239202,51440,240802,51920,1600,via2_1600x480
VDD,met1-met2,STRIPE,via,239202,51440,240802,51920,1600,via_1600x480
VDD,met3-met4,STRIPE,via,212381,51440,213981,51920,1600,via3_1600x480
VDD,met2-met3,STRIPE,via,212381,51440,213981,51920,1600,via2_1600x480
VDD,met1-met2,STRIPE,via,212381,51440,213981,51920,1600,via_1600x480
VDD,met3-met4,STRIPE,via,183331,51440,184931,51920,1600,via3_1600x480
VDD,met2-met3,STRIPE,via,183331,51440,184931,51920,1600,via2_1600x480
VDD,met1-met2,STRIPE,via,183331,51440,184931,51920,1600,via_1600x480
VDD,met3-met4,STRIPE,via,157504,51440,159104,51920,1600,via3_1600x480
VDD,met2-met3,STRIPE,via,157504,51440,159104,51920,1600,via2_1600x480
VDD,met1-met2,STRIPE,via,157504,51440,159104,51920,1600,via_1600x480
VDD,met3-met4,STRIPE,via,130457,51440,132057,51920,1600,via3_1600x480
VDD,met2-met3,STRIPE,via,130457,51440,132057,51920,1600,via2_1600x480
VDD,met1-met2,STRIPE,via,130457,51440,132057,51920,1600,via_1600x480
VDD,met3-met4,STRIPE,via,100913,51440,102513,51920,1600,via3_1600x480
VDD,met2-met3,STRIPE,via,100913,51440,102513,51920,1600,via2_1600x480
VDD,met1-met2,STRIPE,via,100913,51440,102513,51920,1600,via_1600x480
VDD,met3-met4,STRIPE,via,73521,51440,75121,51920,1600,via3_1600x480
VDD,met2-met3,STRIPE,via,73521,51440,75121,51920,1600,via2_1600x480
VDD,met1-met2,STRIPE,via,73521,51440,75121,51920,1600,via_1600x480
VDD,met3-met4,STRIPE,via,48295,51440,49895,51920,1600,via3_1600x480
VDD,met2-met3,STRIPE,via,48295,51440,49895,51920,1600,via2_1600x480
VDD,met1-met2,STRIPE,via,48295,51440,49895,51920,1600,via_1600x480
VDD,met3-met4,STRIPE,via,20424,51440,22024,51920,1600,via3_1600x480
VDD,met2-met3,STRIPE,via,20424,51440,22024,51920,1600,via2_1600x480
VDD,met1-met2,STRIPE,via,20424,51440,22024,51920,1600,via_1600x480
VDD,met3-met4,STRIPE,via,266945,46000,268545,46480,1600,via3_1600x480
VDD,met2-met3,STRIPE,via,266945,46000,268545,46480,1600,via2_1600x480
VDD,met1-met2,STRIPE,via,266945,46000,268545,46480,1600,via_1600x480
VDD,met3-met4,STRIPE,via,239202,46000,240802,46480,1600,via3_1600x480
VDD,met2-met3,STRIPE,via,239202,46000,240802,46480,1600,via2_1600x480
VDD,met1-met2,STRIPE,via,239202,46000,240802,46480,1600,via_1600x480
VDD,met3-met4,STRIPE,via,212381,46000,213981,46480,1600,via3_1600x480
VDD,met2-met3,STRIPE,via,212381,46000,213981,46480,1600,via2_1600x480
VDD,met1-met2,STRIPE,via,212381,46000,213981,46480,1600,via_1600x480
VDD,met3-met4,STRIPE,via,183331,46000,184931,46480,1600,via3_1600x480
VDD,met2-met3,STRIPE,via,183331,46000,184931,46480,1600,via2_1600x480
VDD,met1-met2,STRIPE,via,183331,46000,184931,46480,1600,via_1600x480
VDD,met3-met4,STRIPE,via,157504,46000,159104,46480,1600,via3_1600x480
VDD,met2-met3,STRIPE,via,157504,46000,159104,46480,1600,via2_1600x480
VDD,met1-met2,STRIPE,via,157504,46000,159104,46480,1600,via_1600x480
VDD,met3-met4,STRIPE,via,130457,46000,132057,46480,1600,via3_1600x480
VDD,met2-met3,STRIPE,via,130457,46000,132057,46480,1600,via2_1600x480
VDD,met1-met2,STRIPE,via,130457,46000,132057,46480,1600,via_1600x480
VDD,met3-met4,STRIPE,via,100913,46000,102513,46480,1600,via3_1600x480
VDD,met2-met3,STRIPE,via,100913,46000,102513,46480,1600,via2_1600x480
VDD,met1-met2,STRIPE,via,100913,46000,102513,46480,1600,via_1600x480
VDD,met3-met4,STRIPE,via,73521,46000,75121,46480,1600,via3_1600x480
VDD,met2-met3,STRIPE,via,73521,46000,75121,46480,1600,via2_1600x480
VDD,met1-met2,STRIPE,via,73521,46000,75121,46480,1600,via_1600x480
VDD,met3-met4,STRIPE,via,48295,46000,49895,46480,1600,via3_1600x480
VDD,met2-met3,STRIPE,via,48295,46000,49895,46480,1600,via2_1600x480
VDD,met1-met2,STRIPE,via,48295,46000,49895,46480,1600,via_1600x480
VDD,met3-met4,STRIPE,via,20424,46000,22024,46480,1600,via3_1600x480
VDD,met2-met3,STRIPE,via,20424,46000,22024,46480,1600,via2_1600x480
VDD,met1-met2,STRIPE,via,20424,46000,22024,46480,1600,via_1600x480
VDD,met3-met4,STRIPE,via,266945,40560,268545,41040,1600,via3_1600x480
VDD,met2-met3,STRIPE,via,266945,40560,268545,41040,1600,via2_1600x480
VDD,met1-met2,STRIPE,via,266945,40560,268545,41040,1600,via_1600x480
VDD,met3-met4,STRIPE,via,239202,40560,240802,41040,1600,via3_1600x480
VDD,met2-met3,STRIPE,via,239202,40560,240802,41040,1600,via2_1600x480
VDD,met1-met2,STRIPE,via,239202,40560,240802,41040,1600,via_1600x480
VDD,met3-met4,STRIPE,via,212381,40560,213981,41040,1600,via3_1600x480
VDD,met2-met3,STRIPE,via,212381,40560,213981,41040,1600,via2_1600x480
VDD,met1-met2,STRIPE,via,212381,40560,213981,41040,1600,via_1600x480
VDD,met3-met4,STRIPE,via,183331,40560,184931,41040,1600,via3_1600x480
VDD,met2-met3,STRIPE,via,183331,40560,184931,41040,1600,via2_1600x480
VDD,met1-met2,STRIPE,via,183331,40560,184931,41040,1600,via_1600x480
VDD,met3-met4,STRIPE,via,157504,40560,159104,41040,1600,via3_1600x480
VDD,met2-met3,STRIPE,via,157504,40560,159104,41040,1600,via2_1600x480
VDD,met1-met2,STRIPE,via,157504,40560,159104,41040,1600,via_1600x480
VDD,met3-met4,STRIPE,via,130457,40560,132057,41040,1600,via3_1600x480
VDD,met2-met3,STRIPE,via,130457,40560,132057,41040,1600,via2_1600x480
VDD,met1-met2,STRIPE,via,130457,40560,132057,41040,1600,via_1600x480
VDD,met3-met4,STRIPE,via,100913,40560,102513,41040,1600,via3_1600x480
VDD,met2-met3,STRIPE,via,100913,40560,102513,41040,1600,via2_1600x480
VDD,met1-met2,STRIPE,via,100913,40560,102513,41040,1600,via_1600x480
VDD,met3-met4,STRIPE,via,73521,40560,75121,41040,1600,via3_1600x480
VDD,met2-met3,STRIPE,via,73521,40560,75121,41040,1600,via2_1600x480
VDD,met1-met2,STRIPE,via,73521,40560,75121,41040,1600,via_1600x480
VDD,met3-met4,STRIPE,via,48295,40560,49895,41040,1600,via3_1600x480
VDD,met2-met3,STRIPE,via,48295,40560,49895,41040,1600,via2_1600x480
VDD,met1-met2,STRIPE,via,48295,40560,49895,41040,1600,via_1600x480
VDD,met3-met4,STRIPE,via,20424,40560,22024,41040,1600,via3_1600x480
VDD,met2-met3,STRIPE,via,20424,40560,22024,41040,1600,via2_1600x480
VDD,met1-met2,STRIPE,via,20424,40560,22024,41040,1600,via_1600x480
VDD,met3-met4,STRIPE,via,266945,35120,268545,35600,1600,via3_1600x480
VDD,met2-met3,STRIPE,via,266945,35120,268545,35600,1600,via2_1600x480
VDD,met1-met2,STRIPE,via,266945,35120,268545,35600,1600,via_1600x480
VDD,met3-met4,STRIPE,via,239202,35120,240802,35600,1600,via3_1600x480
VDD,met2-met3,STRIPE,via,239202,35120,240802,35600,1600,via2_1600x480
VDD,met1-met2,STRIPE,via,239202,35120,240802,35600,1600,via_1600x480
VDD,met3-met4,STRIPE,via,212381,35120,213981,35600,1600,via3_1600x480
VDD,met2-met3,STRIPE,via,212381,35120,213981,35600,1600,via2_1600x480
VDD,met1-met2,STRIPE,via,212381,35120,213981,35600,1600,via_1600x480
VDD,met3-met4,STRIPE,via,183331,35120,184931,35600,1600,via3_1600x480
VDD,met2-met3,STRIPE,via,183331,35120,184931,35600,1600,via2_1600x480
VDD,met1-met2,STRIPE,via,183331,35120,184931,35600,1600,via_1600x480
VDD,met3-met4,STRIPE,via,157504,35120,159104,35600,1600,via3_1600x480
VDD,met2-met3,STRIPE,via,157504,35120,159104,35600,1600,via2_1600x480
VDD,met1-met2,STRIPE,via,157504,35120,159104,35600,1600,via_1600x480
VDD,met3-met4,STRIPE,via,130457,35120,132057,35600,1600,via3_1600x480
VDD,met2-met3,STRIPE,via,130457,35120,132057,35600,1600,via2_1600x480
VDD,met1-met2,STRIPE,via,130457,35120,132057,35600,1600,via_1600x480
VDD,met3-met4,STRIPE,via,100913,35120,102513,35600,1600,via3_1600x480
VDD,met2-met3,STRIPE,via,100913,35120,102513,35600,1600,via2_1600x480
VDD,met1-met2,STRIPE,via,100913,35120,102513,35600,1600,via_1600x480
VDD,met3-met4,STRIPE,via,73521,35120,75121,35600,1600,via3_1600x480
VDD,met2-met3,STRIPE,via,73521,35120,75121,35600,1600,via2_1600x480
VDD,met1-met2,STRIPE,via,73521,35120,75121,35600,1600,via_1600x480
VDD,met3-met4,STRIPE,via,48295,35120,49895,35600,1600,via3_1600x480
VDD,met2-met3,STRIPE,via,48295,35120,49895,35600,1600,via2_1600x480
VDD,met1-met2,STRIPE,via,48295,35120,49895,35600,1600,via_1600x480
VDD,met3-met4,STRIPE,via,20424,35120,22024,35600,1600,via3_1600x480
VDD,met2-met3,STRIPE,via,20424,35120,22024,35600,1600,via2_1600x480
VDD,met1-met2,STRIPE,via,20424,35120,22024,35600,1600,via_1600x480
VDD,met3-met4,STRIPE,via,266945,29680,268545,30160,1600,via3_1600x480
VDD,met2-met3,STRIPE,via,266945,29680,268545,30160,1600,via2_1600x480
VDD,met1-met2,STRIPE,via,266945,29680,268545,30160,1600,via_1600x480
VDD,met3-met4,STRIPE,via,239202,29680,240802,30160,1600,via3_1600x480
VDD,met2-met3,STRIPE,via,239202,29680,240802,30160,1600,via2_1600x480
VDD,met1-met2,STRIPE,via,239202,29680,240802,30160,1600,via_1600x480
VDD,met3-met4,STRIPE,via,212381,29680,213981,30160,1600,via3_1600x480
VDD,met2-met3,STRIPE,via,212381,29680,213981,30160,1600,via2_1600x480
VDD,met1-met2,STRIPE,via,212381,29680,213981,30160,1600,via_1600x480
VDD,met3-met4,STRIPE,via,183331,29680,184931,30160,1600,via3_1600x480
VDD,met2-met3,STRIPE,via,183331,29680,184931,30160,1600,via2_1600x480
VDD,met1-met2,STRIPE,via,183331,29680,184931,30160,1600,via_1600x480
VDD,met3-met4,STRIPE,via,157504,29680,159104,30160,1600,via3_1600x480
VDD,met2-met3,STRIPE,via,157504,29680,159104,30160,1600,via2_1600x480
VDD,met1-met2,STRIPE,via,157504,29680,159104,30160,1600,via_1600x480
VDD,met3-met4,STRIPE,via,130457,29680,132057,30160,1600,via3_1600x480
VDD,met2-met3,STRIPE,via,130457,29680,132057,30160,1600,via2_1600x480
VDD,met1-met2,STRIPE,via,130457,29680,132057,30160,1600,via_1600x480
VDD,met3-met4,STRIPE,via,100913,29680,102513,30160,1600,via3_1600x480
VDD,met2-met3,STRIPE,via,100913,29680,102513,30160,1600,via2_1600x480
VDD,met1-met2,STRIPE,via,100913,29680,102513,30160,1600,via_1600x480
VDD,met3-met4,STRIPE,via,73521,29680,75121,30160,1600,via3_1600x480
VDD,met2-met3,STRIPE,via,73521,29680,75121,30160,1600,via2_1600x480
VDD,met1-met2,STRIPE,via,73521,29680,75121,30160,1600,via_1600x480
VDD,met3-met4,STRIPE,via,48295,29680,49895,30160,1600,via3_1600x480
VDD,met2-met3,STRIPE,via,48295,29680,49895,30160,1600,via2_1600x480
VDD,met1-met2,STRIPE,via,48295,29680,49895,30160,1600,via_1600x480
VDD,met3-met4,STRIPE,via,20424,29680,22024,30160,1600,via3_1600x480
VDD,met2-met3,STRIPE,via,20424,29680,22024,30160,1600,via2_1600x480
VDD,met1-met2,STRIPE,via,20424,29680,22024,30160,1600,via_1600x480
VDD,met3-met4,STRIPE,via,266945,24240,268545,24720,1600,via3_1600x480
VDD,met2-met3,STRIPE,via,266945,24240,268545,24720,1600,via2_1600x480
VDD,met1-met2,STRIPE,via,266945,24240,268545,24720,1600,via_1600x480
VDD,met3-met4,STRIPE,via,239202,24240,240802,24720,1600,via3_1600x480
VDD,met2-met3,STRIPE,via,239202,24240,240802,24720,1600,via2_1600x480
VDD,met1-met2,STRIPE,via,239202,24240,240802,24720,1600,via_1600x480
VDD,met3-met4,STRIPE,via,212381,24240,213981,24720,1600,via3_1600x480
VDD,met2-met3,STRIPE,via,212381,24240,213981,24720,1600,via2_1600x480
VDD,met1-met2,STRIPE,via,212381,24240,213981,24720,1600,via_1600x480
VDD,met3-met4,STRIPE,via,183331,24240,184931,24720,1600,via3_1600x480
VDD,met2-met3,STRIPE,via,183331,24240,184931,24720,1600,via2_1600x480
VDD,met1-met2,STRIPE,via,183331,24240,184931,24720,1600,via_1600x480
VDD,met3-met4,STRIPE,via,157504,24240,159104,24720,1600,via3_1600x480
VDD,met2-met3,STRIPE,via,157504,24240,159104,24720,1600,via2_1600x480
VDD,met1-met2,STRIPE,via,157504,24240,159104,24720,1600,via_1600x480
VDD,met3-met4,STRIPE,via,130457,24240,132057,24720,1600,via3_1600x480
VDD,met2-met3,STRIPE,via,130457,24240,132057,24720,1600,via2_1600x480
VDD,met1-met2,STRIPE,via,130457,24240,132057,24720,1600,via_1600x480
VDD,met3-met4,STRIPE,via,100913,24240,102513,24720,1600,via3_1600x480
VDD,met2-met3,STRIPE,via,100913,24240,102513,24720,1600,via2_1600x480
VDD,met1-met2,STRIPE,via,100913,24240,102513,24720,1600,via_1600x480
VDD,met3-met4,STRIPE,via,73521,24240,75121,24720,1600,via3_1600x480
VDD,met2-met3,STRIPE,via,73521,24240,75121,24720,1600,via2_1600x480
VDD,met1-met2,STRIPE,via,73521,24240,75121,24720,1600,via_1600x480
VDD,met3-met4,STRIPE,via,48295,24240,49895,24720,1600,via3_1600x480
VDD,met2-met3,STRIPE,via,48295,24240,49895,24720,1600,via2_1600x480
VDD,met1-met2,STRIPE,via,48295,24240,49895,24720,1600,via_1600x480
VDD,met3-met4,STRIPE,via,20424,24240,22024,24720,1600,via3_1600x480
VDD,met2-met3,STRIPE,via,20424,24240,22024,24720,1600,via2_1600x480
VDD,met1-met2,STRIPE,via,20424,24240,22024,24720,1600,via_1600x480
VDD,met3-met4,STRIPE,via,266945,18800,268545,19280,1600,via3_1600x480
VDD,met2-met3,STRIPE,via,266945,18800,268545,19280,1600,via2_1600x480
VDD,met1-met2,STRIPE,via,266945,18800,268545,19280,1600,via_1600x480
VDD,met3-met4,STRIPE,via,239202,18800,240802,19280,1600,via3_1600x480
VDD,met2-met3,STRIPE,via,239202,18800,240802,19280,1600,via2_1600x480
VDD,met1-met2,STRIPE,via,239202,18800,240802,19280,1600,via_1600x480
VDD,met3-met4,STRIPE,via,212381,18800,213981,19280,1600,via3_1600x480
VDD,met2-met3,STRIPE,via,212381,18800,213981,19280,1600,via2_1600x480
VDD,met1-met2,STRIPE,via,212381,18800,213981,19280,1600,via_1600x480
VDD,met3-met4,STRIPE,via,183331,18800,184931,19280,1600,via3_1600x480
VDD,met2-met3,STRIPE,via,183331,18800,184931,19280,1600,via2_1600x480
VDD,met1-met2,STRIPE,via,183331,18800,184931,19280,1600,via_1600x480
VDD,met3-met4,STRIPE,via,157504,18800,159104,19280,1600,via3_1600x480
VDD,met2-met3,STRIPE,via,157504,18800,159104,19280,1600,via2_1600x480
VDD,met1-met2,STRIPE,via,157504,18800,159104,19280,1600,via_1600x480
VDD,met3-met4,STRIPE,via,130457,18800,132057,19280,1600,via3_1600x480
VDD,met2-met3,STRIPE,via,130457,18800,132057,19280,1600,via2_1600x480
VDD,met1-met2,STRIPE,via,130457,18800,132057,19280,1600,via_1600x480
VDD,met3-met4,STRIPE,via,100913,18800,102513,19280,1600,via3_1600x480
VDD,met2-met3,STRIPE,via,100913,18800,102513,19280,1600,via2_1600x480
VDD,met1-met2,STRIPE,via,100913,18800,102513,19280,1600,via_1600x480
VDD,met3-met4,STRIPE,via,73521,18800,75121,19280,1600,via3_1600x480
VDD,met2-met3,STRIPE,via,73521,18800,75121,19280,1600,via2_1600x480
VDD,met1-met2,STRIPE,via,73521,18800,75121,19280,1600,via_1600x480
VDD,met3-met4,STRIPE,via,48295,18800,49895,19280,1600,via3_1600x480
VDD,met2-met3,STRIPE,via,48295,18800,49895,19280,1600,via2_1600x480
VDD,met1-met2,STRIPE,via,48295,18800,49895,19280,1600,via_1600x480
VDD,met3-met4,STRIPE,via,20424,18800,22024,19280,1600,via3_1600x480
VDD,met2-met3,STRIPE,via,20424,18800,22024,19280,1600,via2_1600x480
VDD,met1-met2,STRIPE,via,20424,18800,22024,19280,1600,via_1600x480
VDD,met3-met4,STRIPE,via,266945,13360,268545,13840,1600,via3_1600x480
VDD,met2-met3,STRIPE,via,266945,13360,268545,13840,1600,via2_1600x480
VDD,met1-met2,STRIPE,via,266945,13360,268545,13840,1600,via_1600x480
VDD,met3-met4,STRIPE,via,239202,13360,240802,13840,1600,via3_1600x480
VDD,met2-met3,STRIPE,via,239202,13360,240802,13840,1600,via2_1600x480
VDD,met1-met2,STRIPE,via,239202,13360,240802,13840,1600,via_1600x480
VDD,met3-met4,STRIPE,via,212381,13360,213981,13840,1600,via3_1600x480
VDD,met2-met3,STRIPE,via,212381,13360,213981,13840,1600,via2_1600x480
VDD,met1-met2,STRIPE,via,212381,13360,213981,13840,1600,via_1600x480
VDD,met3-met4,STRIPE,via,183331,13360,184931,13840,1600,via3_1600x480
VDD,met2-met3,STRIPE,via,183331,13360,184931,13840,1600,via2_1600x480
VDD,met1-met2,STRIPE,via,183331,13360,184931,13840,1600,via_1600x480
VDD,met3-met4,STRIPE,via,157504,13360,159104,13840,1600,via3_1600x480
VDD,met2-met3,STRIPE,via,157504,13360,159104,13840,1600,via2_1600x480
VDD,met1-met2,STRIPE,via,157504,13360,159104,13840,1600,via_1600x480
VDD,met3-met4,STRIPE,via,130457,13360,132057,13840,1600,via3_1600x480
VDD,met2-met3,STRIPE,via,130457,13360,132057,13840,1600,via2_1600x480
VDD,met1-met2,STRIPE,via,130457,13360,132057,13840,1600,via_1600x480
VDD,met3-met4,STRIPE,via,100913,13360,102513,13840,1600,via3_1600x480
VDD,met2-met3,STRIPE,via,100913,13360,102513,13840,1600,via2_1600x480
VDD,met1-met2,STRIPE,via,100913,13360,102513,13840,1600,via_1600x480
VDD,met3-met4,STRIPE,via,73521,13360,75121,13840,1600,via3_1600x480
VDD,met2-met3,STRIPE,via,73521,13360,75121,13840,1600,via2_1600x480
VDD,met1-met2,STRIPE,via,73521,13360,75121,13840,1600,via_1600x480
VDD,met3-met4,STRIPE,via,48295,13360,49895,13840,1600,via3_1600x480
VDD,met2-met3,STRIPE,via,48295,13360,49895,13840,1600,via2_1600x480
VDD,met1-met2,STRIPE,via,48295,13360,49895,13840,1600,via_1600x480
VDD,met3-met4,STRIPE,via,20424,13360,22024,13840,1600,via3_1600x480
VDD,met2-met3,STRIPE,via,20424,13360,22024,13840,1600,via2_1600x480
VDD,met1-met2,STRIPE,via,20424,13360,22024,13840,1600,via_1600x480
VDD,met5,STRIPE,wire,10120,241040,269560,242640,1600,
VDD,met5,STRIPE,wire,10120,213840,269560,215440,1600,
VDD,met5,STRIPE,wire,10120,186640,269560,188240,1600,
VDD,met5,STRIPE,wire,10120,159440,269560,161040,1600,
VDD,met5,STRIPE,wire,10120,132240,269560,133840,1600,
VDD,met5,STRIPE,wire,10120,105040,269560,106640,1600,
VDD,met5,STRIPE,wire,10120,77840,269560,79440,1600,
VDD,met5,STRIPE,wire,10120,50640,269560,52240,1600,
VDD,met5,STRIPE,wire,10120,23440,269560,25040,1600,
VDD,met4,STRIPE,wire,266945,10640,268545,269520,1600,
VDD,met4,STRIPE,wire,239202,10640,240802,269520,1600,
VDD,met4,STRIPE,wire,212381,10640,213981,269520,1600,
VDD,met4,STRIPE,wire,183331,10640,184931,269520,1600,
VDD,met4,STRIPE,wire,157504,10640,159104,269520,1600,
VDD,met4,STRIPE,wire,130457,10640,132057,269520,1600,
VDD,met4,STRIPE,wire,100913,10640,102513,269520,1600,
VDD,met4,STRIPE,wire,73521,10640,75121,269520,1600,
VDD,met4,STRIPE,wire,48295,10640,49895,269520,1600,
VDD,met4,STRIPE,wire,20424,10640,22024,269520,1600,
VDD,met1,FOLLOWPIN,wire,10120,269040,269560,269520,480,
VDD,met1,FOLLOWPIN,wire,10120,263600,269560,264080,480,
VDD,met1,FOLLOWPIN,wire,10120,258160,269560,258640,480,
VDD,met1,FOLLOWPIN,wire,10120,252720,269560,253200,480,
VDD,met1,FOLLOWPIN,wire,10120,247280,269560,247760,480,
VDD,met1,FOLLOWPIN,wire,10120,241840,269560,242320,480,
VDD,met1,FOLLOWPIN,wire,10120,236400,269560,236880,480,
VDD,met1,FOLLOWPIN,wire,10120,230960,269560,231440,480,
VDD,met1,FOLLOWPIN,wire,10120,225520,269560,226000,480,
VDD,met1,FOLLOWPIN,wire,10120,220080,269560,220560,480,
VDD,met1,FOLLOWPIN,wire,10120,214640,269560,215120,480,
VDD,met1,FOLLOWPIN,wire,10120,209200,269560,209680,480,
VDD,met1,FOLLOWPIN,wire,10120,203760,269560,204240,480,
VDD,met1,FOLLOWPIN,wire,10120,198320,269560,198800,480,
VDD,met1,FOLLOWPIN,wire,10120,192880,269560,193360,480,
VDD,met1,FOLLOWPIN,wire,10120,187440,269560,187920,480,
VDD,met1,FOLLOWPIN,wire,10120,182000,269560,182480,480,
VDD,met1,FOLLOWPIN,wire,10120,176560,269560,177040,480,
VDD,met1,FOLLOWPIN,wire,10120,171120,269560,171600,480,
VDD,met1,FOLLOWPIN,wire,10120,165680,269560,166160,480,
VDD,met1,FOLLOWPIN,wire,10120,160240,269560,160720,480,
VDD,met1,FOLLOWPIN,wire,10120,154800,269560,155280,480,
VDD,met1,FOLLOWPIN,wire,10120,149360,269560,149840,480,
VDD,met1,FOLLOWPIN,wire,10120,143920,269560,144400,480,
VDD,met1,FOLLOWPIN,wire,10120,138480,269560,138960,480,
VDD,met1,FOLLOWPIN,wire,10120,133040,269560,133520,480,
VDD,met1,FOLLOWPIN,wire,10120,127600,269560,128080,480,
VDD,met1,FOLLOWPIN,wire,10120,122160,269560,122640,480,
VDD,met1,FOLLOWPIN,wire,10120,116720,269560,117200,480,
VDD,met1,FOLLOWPIN,wire,10120,111280,269560,111760,480,
VDD,met1,FOLLOWPIN,wire,10120,105840,269560,106320,480,
VDD,met1,FOLLOWPIN,wire,10120,100400,269560,100880,480,
VDD,met1,FOLLOWPIN,wire,10120,94960,269560,95440,480,
VDD,met1,FOLLOWPIN,wire,10120,89520,269560,90000,480,
VDD,met1,FOLLOWPIN,wire,10120,84080,269560,84560,480,
VDD,met1,FOLLOWPIN,wire,10120,78640,269560,79120,480,
VDD,met1,FOLLOWPIN,wire,10120,73200,269560,73680,480,
VDD,met1,FOLLOWPIN,wire,10120,67760,269560,68240,480,
VDD,met1,FOLLOWPIN,wire,10120,62320,269560,62800,480,
VDD,met1,FOLLOWPIN,wire,10120,56880,269560,57360,480,
VDD,met1,FOLLOWPIN,wire,10120,51440,269560,51920,480,
VDD,met1,FOLLOWPIN,wire,10120,46000,269560,46480,480,
VDD,met1,FOLLOWPIN,wire,10120,40560,269560,41040,480,
VDD,met1,FOLLOWPIN,wire,10120,35120,269560,35600,480,
VDD,met1,FOLLOWPIN,wire,10120,29680,269560,30160,480,
VDD,met1,FOLLOWPIN,wire,10120,24240,269560,24720,480,
VDD,met1,FOLLOWPIN,wire,10120,18800,269560,19280,480,
VDD,met1,FOLLOWPIN,wire,10120,13360,269560,13840,480,
