net,layer,shape,kind,x1,y1,x2,y2,width,via_name
VSS,met4-met5,STRIPE,via,254049,254640,255649,256240,1600,via4_1600x1600
VSS,met4-met5,STRIPE,via,225693,254640,227293,256240,1600,via4_1600x1600
VSS,met4-met5,STRIPE,via,196872,254640,198472,256240,1600,via4_1600x1600
VSS,met4-met5,STRIPE,via,172980,254640,174580,256240,1600,via4_1600x1600
VSS,met4-met5,STRIPE,via,147465,254640,149065,256240,1600,via4_1600x1600
VSS,met4-met5,STRIPE,via,118386,254640,119986,256240,1600,via4_1600x1600
VSS,met4-met5,STRIPE,via,91114,254640,92714,256240,1600,via4_1600x1600
VSS,met4-met5,STRIPE,via,64933,254640,66533,256240,1600,via4_1600x1600
VSS,met4-met5,STRIPE,via,37153,254640,38753,256240,1600,via4_1600x1600
VSS,met4-met5,STRIPE,via,254049,227440,255649,229040,1600,via4_1600x1600
VSS,met4-met5,STRIPE,via,225693,227440,227293,229040,1600,via4_1600x1600
VSS,met4-met5,STRIPE,via,196872,227440,198472,229040,1600,via4_1600x1600
VSS,met4-met5,STRIPE,via,172980,227440,174580,229040,1600,via4_1600x1600
VSS,met4-met5,STRIPE,via,147465,227440,149065,229040,1600,via4_1600x1600
VSS,met4-met5,STRIPE,via,118386,227440,119986,229040,1600,via4_1600x1600
VSS,met4-met5,STRIPE,via,91114,227440,92714,229040,1600,via4_1600x1600
VSS,met4-met5,STRIPE,via,64933,227440,66533,229040,1600,via4_1600x1600
VSS,met4-met5,STRIPE,via,37153,227440,38753,229040,1600,via4_1600x1600
VSS,met4-met5,STRIPE,via,254049,200240,255649,201840,1600,via4_1600x1600
VSS,met4-met5,STRIPE,via,225693,200240,227293,201840,1600,via4_1600x1600
VSS,met4-met5,STRIPE,via,196872,200240,198472,201840,1600,via4_1600x1600
VSS,met4-met5,STRIPE,via,172980,200240,174580,201840,1600,via4_1600x1600
VSS,met4-met5,STRIPE,via,147465,200240,149065,201840,1600,via4_1600x1600
VSS,met4-met5,STRIPE,via,118386,200240,119986,201840,1600,via4_1600x1600
VSS,met4-met5,STRIPE,via,91114,200240,92714,201840,1600,via4_1600x1600
VSS,met4-met5,STRIPE,via,64933,200240,66533,201840,1600,via4_1600x1600
VSS,met4-met5,STRIPE,via,37153,200240,38753,201840,1600,via4_1600x1600
VSS,met4-met5,STRIPE,via,254049,173040,255649,174640,1600,via4_1600x1600
VSS,met4-met5,STRIPE,via,225693,173040,227293,174640,1600,via4_1600x1600
VSS,met4-met5,STRIPE,via,196872,173040,198472,174640,1600,via4_1600x1600
VSS,met4-met5,STRIPE,via,172980,173040,174580,174640,1600,via4_1600x1600
VSS,met4-met5,STRIPE,via,147465,173040,149065,174640,1600,via4_1600x1600
VSS,met4-met5,STRIPE,via,118386,173040,119986,174640,1600,via4_1600x1600
VSS,met4-met5,STRIPE,via,91114,173040,92714,174640,1600,via4_1600x1600
VSS,met4-met5,STRIPE,via,64933,173040,66533,174640,1600,via4_1600x1600
VSS,met4-met5,STRIPE,via,37153,173040,38753,174640,1600,via4_1600x1600
VSS,met4-met5,STRIPE,via,254049,145840,255649,147440,1600,via4_1600x1600
VSS,met4-met5,STRIPE,via,225693,145840,227293,147440,1600,via4_1600x1600
VSS,met4-met5,STRIPE,via,196872,145840,198472,147440,1600,via4_1600x1600
VSS,met4-met5,STRIPE,via,172980,145840,174580,147440,1600,via4_1600x1600
VSS,met4-met5,STRIPE,via,147465,145840,149065,147440,1600,via4_1600x1600
VSS,met4-met5,STRIPE,via,118386,145840,119986,147440,1600,via4_1600x1600
VSS,met4-met5,STRIPE,via,91114,145840,92714,147440,1600,via4_1600x1600
VSS,met4-met5,STRIPE,via,64933,145840,66533,147440,1600,via4_1600x1600
VSS,met4-met5,STRIPE,via,37153,145840,38753,147440,1600,via4_1600x1600
VSS,met4-met5,STRIPE,via,254049,118640,255649,120240,1600,via4_1600x1600
VSS,met4-met5,STRIPE,via,225693,118640,227293,120240,1600,via4_1600x1600
VSS,met4-met5,STRIPE,via,196872,118640,198472,120240,1600,via4_1600x1600
VSS,met4-met5,STRIPE,via,172980,118640,174580,120240,1600,via4_1600x1600
VSS,met4-met5,STRIPE,via,147465,118640,149065,120240,1600,via4_1600x1600
VSS,met4-met5,STRIPE,via,118386,118640,119986,120240,1600,via4_1600x1600
VSS,met4-met5,STRIPE,via,91114,118640,92714,120240,1600,via4_1600x1600
VSS,met4-met5,STRIPE,via,64933,118640,66533,120240,1600,via4_1600x1600
VSS,met4-met5,STRIPE,via,37153,118640,38753,120240,1600,via4_1600x1600
VSS,met4-met5,STRIPE,via,254049,91440,255649,93040,1600,via4_1600x1600
VSS,met4-met5,STRIPE,via,225693,91440,227293,93040,1600,via4_1600x1600
VSS,met4-met5,STRIPE,via,196872,91440,198472,93040,1600,via4_1600x1600
VSS,met4-met5,STRIPE,via,172980,91440,174580,93040,1600,via4_1600x1600
VSS,met4-met5,STRIPE,via,147465,91440,149065,93040,1600,via4_1600x1600
VSS,met4-met5,STRIPE,via,118386,91440,119986,93040,1600,via4_1600x1600
VSS,met4-met5,STRIPE,via,91114,91440,92714,93040,1600,via4_1600x1600
VSS,met4-met5,STRIPE,via,64933,91440,66533,93040,1600,via4_1600x1600
VSS,met4-met5,STRIPE,via,37153,91440,38753,93040,1600,via4_1600x1600
VSS,met4-met5,STRIPE,via,254049,64240,255649,65840,1600,via4_1600x1600
VSS,met4-met5,STRIPE,via,225693,64240,227293,65840,1600,via4_1600x1600
VSS,met4-met5,STRIPE,via,196872,64240,198472,65840,1600,via4_1600x1600
VSS,met4-met5,STRIPE,via,172980,64240,174580,65840,1600,via4_1600x1600
VSS,met4-met5,STRIPE,via,147465,64240,149065,65840,1600,via4_1600x1600
VSS,met4-met5,STRIPE,via,118386,64240,119986,65840,1600,via4_1600x1600
VSS,met4-met5,STRIPE,via,91114,64240,92714,65840,1600,via4_1600x1600
VSS,met4-met5,STRIPE,via,64933,64240,66533,65840,1600,via4_1600x1600
VSS,met4-met5,STRIPE,via,37153,64240,38753,65840,1600,via4_1600x1600
VSS,met4-met5,STRIPE,via,254049,37040,255649,38640,1600,via4_1600x1600
VSS,met4-met5,STRIPE,via,225693,37040,227293,38640,1600,via4_1600x1600
VSS,met4-met5,STRIPE,via,196872,37040,198472,38640,1600,via4_1600x1600
VSS,met4-met5,STRIPE,via,172980,37040,174580,38640,1600,via4_1600x1600
VSS,met4-met5,STRIPE,via,147465,37040,149065,38640,1600,via4_1600x1600
VSS,met4-met5,STRIPE,via,118386,37040,119986,38640,1600,via4_1600x1600
VSS,met4-met5,STRIPE,via,91114,37040,92714,38640,1600,via4_1600x1600
VSS,met4-met5,STRIPE,via,64933,37040,66533,38640,1600,via4_1600x1600
VSS,met4-met5,STRIPE,via,37153,37040,38753,38640,1600,via4_1600x1600
VSS,met3-met4,STRIPE,via,254049,266320,255649,266800,1600,via3_1600x480
VSS,met2-met3,STRIPE,via,254049,266320,255649,266800,1600,via2_1600x480
VSS,met1-met2,STRIPE,via,254049,266320,255649,266800,1600,via_1600x480
VSS,met3-met4,STRIPE,via,225693,266320,227293,266800,1600,via3_1600x480
VSS,met2-met3,STRIPE,via,225693,266320,227293,266800,1600,via2_1600x480
VSS,met1-met2,STRIPE,via,225693,266320,227293,266800,1600,via_1600x480
VSS,met3-met4,STRIPE,via,196872,266320,198472,266800,1600,via3_1600x480
VSS,met2-met3,STRIPE,via,196872,266320,198472,266800,1600,via2_1600x480
VSS,met1-met2,STRIPE,via,196872,266320,198472,266800,1600,via_1600x480
VSS,met3-met4,STRIPE,via,172980,266320,174580,266800,1600,via3_1600x480
VSS,met2-met3,STRIPE,via,172980,266320,174580,266800,1600,via2_1600x480
VSS,met1-met2,STRIPE,via,172980,266320,174580,266800,1600,via_1600x480
VSS,met3-met4,STRIPE,via,147465,266320,149065,266800,1600,via3_1600x480
VSS,met2-met3,STRIPE,via,147465,266320,149065,266800,1600,via2_1600x480
VSS,met1-met2,STRIPE,via,147465,266320,149065,266800,1600,via_1600x480
VSS,met3-met4,STRIPE,via,118386,266320,119986,266800,1600,via3_1600x480
VSS,met2-met3,STRIPE,via,118386,266320,119986,266800,1600,via2_1600x480
VSS,met1-met2,STRIPE,via,118386,266320,119986,266800,1600,via_1600x480
VSS,met3-met4,STRIPE,via,91114,266320,92714,266800,1600,via3_1600x480
VSS,met2-met3,STRIPE,via,91114,266320,92714,266800,1600,via2_1600x480
VSS,met1-met2,STRIPE,via,91114,266320,92714,266800,1600,via_1600x480
VSS,met3-met4,STRIPE,via,64933,266320,66533,266800,1600,via3_1600x480
VSS,met2-met3,STRIPE,via,64933,266320,66533,266800,1600,via2_1600x480
VSS,met1-met2,STRIPE,via,64933,266320,66533,266800,1600,via_1600x480
VSS,met3-met4,STRIPE,via,37153,266320,38753,266800,1600,via3_1600x480
VSS,met2-met3,STRIPE,via,37153,266320,38753,266800,1600,via2_1600x480
VSS,met1-met2,STRIPE,via,37153,266320,38753,266800,1600,via_1600x480
VSS,met3-met4,STRIPE,via,254049,260880,255649,261360,1600,via3_1600x480
VSS,met2-met3,STRIPE,via,254049,260880,255649,261360,1600,via2_1600x480
VSS,met1-met2,STRIPE,via,254049,260880,255649,261360,1600,via_1600x480
VSS,met3-met4,STRIPE,via,225693,260880,227293,261360,1600,via3_1600x480
VSS,met2-met3,STRIPE,via,225693,260880,227293,261360,1600,via2_1600x480
VSS,met1-met2,STRIPE,via,225693,260880,227293,261360,1600,via_1600x480
VSS,met3-met4,STRIPE,via,196872,260880,198472,261360,1600,via3_1600x480
VSS,met2-met3,STRIPE,via,196872,260880,198472,261360,1600,via2_1600x480
VSS,met1-met2,STRIPE,via,196872,260880,198472,261360,1600,via_1600x480
VSS,met3-met4,STRIPE,via,172980,260880,174580,261360,1600,via3_1600x480
VSS,met2-met3,STRIPE,via,172980,260880,174580,261360,1600,via2_1600x480
VSS,met1-met2,STRIPE,via,172980,260880,174580,261360,1600,via_1600x480
VSS,met3-met4,STRIPE,via,147465,260880,149065,261360,1600,via3_1600x480
VSS,met2-met3,STRIPE,via,147465,260880,149065,261360,1600,via2_1600x480
VSS,met1-met2,STRIPE,via,147465,260880,149065,261360,1600,via_1600x480
VSS,met3-met4,STRIPE,via,118386,260880,119986,261360,1600,via3_1600x480
VSS,met2-met3,STRIPE,via,118386,260880,119986,261360,1600,via2_1600x480
VSS,met1-met2,STRIPE,via,118386,260880,119986,261360,1600,via_1600x480
VSS,met3-met4,STRIPE,via,91114,260880,92714,261360,1600,via3_1600x480
VSS,met2-met3,STRIPE,via,91114,260880,92714,261360,1600,via2_1600x480
VSS,met1-met2,STRIPE,via,91114,260880,92714,261360,1600,via_1600x480
VSS,met3-met4,STRIPE,via,64933,260880,66533,261360,1600,via3_1600x480
VSS,met2-met3,STRIPE,via,64933,260880,66533,261360,1600,via2_1600x480
VSS,met1-met2,STRIPE,via,64933,260880,66533,261360,1600,via_1600x480
VSS,met3-met4,STRIPE,via,37153,260880,38753,261360,1600,via3_1600x480
VSS,met2-met3,STRIPE,via,37153,260880,38753,261360,1600,via2_1600x480
VSS,met1-met2,STRIPE,via,37153,260880,38753,261360,1600,via_1600x480
VSS,met3-met4,STRIPE,via,254049,255440,255649,255920,1600,via3_1600x480
VSS,met2-met3,STRIPE,via,254049,255440,255649,255920,1600,via2_1600x480
VSS,met1-met2,STRIPE,via,254049,255440,255649,255920,1600,via_1600x480
VSS,met3-met4,STRIPE,via,225693,255440,227293,255920,1600,via3_1600x480
VSS,met2-met3,STRIPE,via,225693,255440,227293,255920,1600,via2_1600x480
VSS,met1-met2,STRIPE,via,225693,255440,227293,255920,1600,via_1600x480
VSS,met3-met4,STRIPE,via,196872,255440,198472,255920,1600,via3_1600x480
VSS,met2-met3,STRIPE,via,196872,255440,198472,255920,1600,via2_1600x480
VSS,met1-met2,STRIPE,via,196872,255440,198472,255920,1600,via_1600x480
VSS,met3-met4,STRIPE,via,172980,255440,174580,255920,1600,via3_1600x480
VSS,met2-met3,STRIPE,via,172980,255440,174580,255920,1600,via2_1600x480
VSS,met1-met2,STRIPE,via,172980,255440,174580,255920,1600,via_1600x480
VSS,met3-met4,STRIPE,via,147465,255440,149065,255920,1600,via3_1600x480
VSS,met2-met3,STRIPE,via,147465,255440,149065,255920,1600,via2_1600x480
VSS,met1-met2,STRIPE,via,147465,255440,149065,255920,1600,via_1600x480
VSS,met3-met4,STRIPE,via,118386,255440,119986,255920,1600,via3_1600x480
VSS,met2-met3,STRIPE,via,118386,255440,119986,255920,1600,via2_1600x480
VSS,met1-met2,STRIPE,via,118386,255440,119986,255920,1600,via_1600x480
VSS,met3-met4,STRIPE,via,91114,255440,92714,255920,1600,via3_1600x480
VSS,met2-met3,STRIPE,via,91114,255440,92714,255920,1600,via2_1600x480
VSS,met1-met2,STRIPE,via,91114,255440,92714,255920,1600,via_1600x480
VSS,met3-met4,STRIPE,via,64933,255440,66533,255920,1600,via3_1600x480
VSS,met2-met3,STRIPE,via,64933,255440,66533,255920,1600,via2_1600x480
VSS,met1-met2,STRIPE,via,64933,255440,66533,255920,1600,via_1600x480
VSS,met3-met4,STRIPE,via,37153,255440,38753,255920,1600,via3_1600x480
VSS,met2-met3,STRIPE,via,37153,255440,38753,255920,1600,via2_1600x480
VSS,met1-met2,STRIPE,via,37153,255440,38753,255920,1600,via_1600x480
VSS,met3-met4,STRIPE,via,254049,250000,255649,250480,1600,via3_1600x480
VSS,met2-met3,STRIPE,via,254049,250000,255649,250480,1600,via2_1600x480
VSS,met1-met2,STRIPE,via,254049,250000,255649,250480,1600,via_1600x480
VSS,met3-met4,STRIPE,via,225693,250000,227293,250480,1600,via3_1600x480
VSS,met2-met3,STRIPE,via,225693,250000,227293,250480,1600,via2_1600x480
VSS,met1-met2,STRIPE,via,225693,250000,227293,250480,1600,via_1600x480
VSS,met3-met4,STRIPE,via,196872,250000,198472,250480,1600,via3_1600x480
VSS,met2-met3,STRIPE,via,196872,250000,198472,250480,1600,via2_1600x480
VSS,met1-met2,STRIPE,via,196872,250000,198472,250480,1600,via_1600x480
VSS,met3-met4,STRIPE,via,172980,250000,174580,250480,1600,via3_1600x480
VSS,met2-met3,STRIPE,via,172980,250000,174580,250480,1600,via2_1600x480
VSS,met1-met2,STRIPE,via,172980,250000,174580,250480,1600,via_1600x480
VSS,met3-met4,STRIPE,via,147465,250000,149065,250480,1600,via3_1600x480
VSS,met2-met3,STRIPE,via,147465,250000,149065,250480,1600,via2_1600x480
VSS,met1-met2,STRIPE,via,147465,250000,149065,250480,1600,via_1600x480
VSS,met3-met4,STRIPE,via,118386,250000,119986,250480,1600,via3_1600x480
VSS,met2-met3,STRIPE,via,118386,250000,119986,250480,1600,via2_1600x480
VSS,met1-met2,STRIPE,via,118386,250000,119986,250480,1600,via_1600x480
VSS,met3-met4,STRIPE,via,91114,250000,92714,250480,1600,via3_1600x480
VSS,met2-met3,STRIPE,via,91114,250000,92714,250480,1600,via2_1600x480
VSS,met1-met2,STRIPE,via,91114,250000,92714,250480,1600,via_1600x480
VSS,met3-met4,STRIPE,via,64933,250000,66533,250480,1600,via3_1600x480
VSS,met2-met3,STRIPE,via,64933,250000,66533,250480,1600,via2_1600x480
VSS,met1-met2,STRIPE,via,64933,250000,66533,250480,1600,via_1600x480
VSS,met3-met4,STRIPE,via,37153,250000,38753,250480,1600,via3_1600x480
VSS,met2-met3,STRIPE,via,37153,250000,38753,250480,1600,via2_1600x480
VSS,met1-met2,STRIPE,via,37153,250000,38753,250480,1600,via_1600x480
VSS,met3-met4,STRIPE,via,254049,244560,255649,245040,1600,via3_1600x480
VSS,met2-met3,STRIPE,via,254049,244560,255649,245040,1600,via2_1600x480
VSS,met1-met2,STRIPE,via,254049,244560,255649,245040,1600,via_1600x480
VSS,met3-met4,STRIPE,via,225693,244560,227293,245040,1600,via3_1600x480
VSS,met2-met3,STRIPE,via,225693,244560,227293,245040,1600,via2_1600x480
VSS,met1-met2,STRIPE,via,225693,244560,227293,245040,1600,via_1600x480
VSS,met3-met4,STRIPE,via,196872,244560,198472,245040,1600,via3_1600x480
VSS,met2-met3,STRIPE,via,196872,244560,198472,245040,1600,via2_1600x480
VSS,met1-met2,STRIPE,via,196872,244560,198472,245040,1600,via_1600x480
VSS,met3-met4,STRIPE,via,172980,244560,174580,245040,1600,via3_1600x480
VSS,met2-met3,STRIPE,via,172980,244560,174580,245040,1600,via2_1600x480
VSS,met1-met2,STRIPE,via,172980,244560,174580,245040,1600,via_1600x480
VSS,met3-met4,STRIPE,via,147465,244560,149065,245040,1600,via3_1600x480
VSS,met2-met3,STRIPE,via,147465,244560,149065,245040,1600,via2_1600x480
VSS,met1-met2,STRIPE,via,147465,244560,149065,245040,1600,via_1600x480
VSS,met3-met4,STRIPE,via,118386,244560,119986,245040,1600,via3_1600x480
VSS,met2-met3,STRIPE,via,118386,244560,119986,245040,1600,via2_1600x480
VSS,met1-met2,STRIPE,via,118386,244560,119986,245040,1600,via_1600x480
VSS,met3-met4,STRIPE,via,91114,244560,92714,245040,1600,via3_1600x480
VSS,met2-met3,STRIPE,via,91114,244560,92714,245040,1600,via2_1600x480
VSS,met1-met2,STRIPE,via,91114,244560,92714,245040,1600,via_1600x480
VSS,met3-met4,STRIPE,via,64933,244560,66533,245040,1600,via3_1600x480
VSS,met2-met3,STRIPE,via,64933,244560,66533,245040,1600,via2_1600x480
VSS,met1-met2,STRIPE,via,64933,244560,66533,245040,1600,via_1600x480
VSS,met3-met4,STRIPE,via,37153,244560,38753,245040,1600,via3_1600x480
VSS,met2-met3,STRIPE,via,37153,244560,38753,245040,1600,via2_1600x480
VSS,met1-met2,STRIPE,via,37153,244560,38753,245040,1600,via_1600x480
VSS,met3-met4,STRIPE,via,254049,239120,255649,239600,1600,via3_1600x480
VSS,met2-met3,STRIPE,via,254049,239120,255649,239600,1600,via2_1600x480
VSS,met1-met2,STRIPE,via,254049,239120,255649,239600,1600,via_1600x480
VSS,met3-met4,STRIPE,via,225693,239120,227293,239600,1600,via3_1600x480
VSS,met2-met3,STRIPE,via,225693,239120,227293,239600,1600,via2_1600x480
VSS,met1-met2,STRIPE,via,225693,239120,227293,239600,1600,via_1600x480
VSS,met3-met4,STRIPE,via,196872,239120,198472,239600,1600,via3_1600x480
VSS,met2-met3,STRIPE,via,196872,239120,198472,239600,1600,via2_1600x480
VSS,met1-met2,STRIPE,via,196872,239120,198472,239600,1600,via_1600x480
VSS,met3-met4,STRIPE,via,172980,239120,174580,239600,1600,via3_1600x480
VSS,met2-met3,STRIPE,via,172980,239120,174580,239600,1600,via2_1600x480
VSS,met1-met2,STRIPE,via,172980,239120,174580,239600,1600,via_1600x480
VSS,met3-met4,STRIPE,via,147465,239120,149065,239600,1600,via3_1600x480
VSS,met2-met3,STRIPE,via,147465,239120,149065,239600,1600,via2_1600x480
VSS,met1-met2,STRIPE,via,147465,239120,149065,239600,1600,via_1600x480
VSS,met3-met4,STRIPE,via,118386,239120,119986,239600,1600,via3_1600x480
VSS,met2-met3,STRIPE,via,118386,239120,119986,239600,1600,via2_1600x480
VSS,met1-met2,STRIPE,via,118386,239120,119986,239600,1600,via_1600x480
VSS,met3-met4,STRIPE,via,91114,239120,92714,239600,1600,via3_1600x480
VSS,met2-met3,STRIPE,via,91114,239120,92714,239600,1600,via2_1600x480
VSS,met1-met2,STRIPE,via,91114,239120,92714,239600,1600,via_1600x480
VSS,met3-met4,STRIPE,via,64933,239120,66533,239600,1600,via3_1600x480
VSS,met2-met3,STRIPE,via,64933,239120,66533,239600,1600,via2_1600x480
VSS,met1-met2,STRIPE,via,64933,239120,66533,239600,1600,via_1600x480
VSS,met3-met4,STRIPE,via,37153,239120,38753,239600,1600,via3_1600x480
VSS,met2-met3,STRIPE,via,37153,239120,38753,239600,1600,via2_1600x480
VSS,met1-met2,STRIPE,via,37153,239120,38753,239600,1600,via_1600x480
VSS,met3-met4,STRIPE,via,254049,233680,255649,234160,1600,via3_1600x480
VSS,met2-met3,STRIPE,via,254049,233680,255649,234160,1600,via2_1600x480
VSS,met1-met2,STRIPE,via,254049,233680,255649,234160,1600,via_1600x480
VSS,met3-met4,STRIPE,via,225693,233680,227293,234160,1600,via3_1600x480
VSS,met2-met3,STRIPE,via,225693,233680,227293,234160,1600,via2_1600x480
VSS,met1-met2,STRIPE,via,225693,233680,227293,234160,1600,via_1600x480
VSS,met3-met4,STRIPE,via,196872,233680,198472,234160,1600,via3_1600x480
VSS,met2-met3,STRIPE,via,196872,233680,198472,234160,1600,via2_1600x480
VSS,met1-met2,STRIPE,via,196872,233680,198472,234160,1600,via_1600x480
VSS,met3-met4,STRIPE,via,172980,233680,174580,234160,1600,via3_1600x480
VSS,met2-met3,STRIPE,via,172980,233680,174580,234160,1600,via2_1600x480
VSS,met1-met2,STRIPE,via,172980,233680,174580,234160,1600,via_1600x480
VSS,met3-met4,STRIPE,via,147465,233680,149065,234160,1600,via3_1600x480
VSS,met2-met3,STRIPE,via,147465,233680,149065,234160,1600,via2_1600x480
VSS,met1-met2,STRIPE,via,147465,233680,149065,234160,1600,via_1600x480
VSS,met3-met4,STRIPE,via,118386,233680,119986,234160,1600,via3_1600x480
VSS,met2-met3,STRIPE,via,118386,233680,119986,234160,1600,via2_1600x480
VSS,met1-met2,STRIPE,via,118386,233680,119986,234160,1600,via_1600x480
VSS,met3-met4,STRIPE,via,91114,233680,92714,234160,1600,via3_1600x480
VSS,met2-met3,STRIPE,via,91114,233680,92714,234160,1600,via2_1600x480
VSS,met1-met2,STRIPE,via,91114,233680,92714,234160,1600,via_1600x480
VSS,met3-met4,STRIPE,via,64933,233680,66533,234160,1600,via3_1600x480
VSS,met2-met3,STRIPE,via,64933,233680,66533,234160,1600,via2_1600x480
VSS,met1-met2,STRIPE,via,64933,233680,66533,234160,1600,via_1600x480
VSS,met3-met4,STRIPE,via,37153,233680,38753,234160,1600,via3_1600x480
VSS,met2-met3,STRIPE,via,37153,233680,38753,234160,1600,via2_1600x480
VSS,met1-met2,STRIPE,via,37153,233680,38753,234160,1600,via_1600x480
VSS,met3-met4,STRIPE,via,254049,228240,255649,228720,1600,via3_1600x480
VSS,met2-met3,STRIPE,via,254049,228240,255649,228720,1600,via2_1600x480
VSS,met1-met2,STRIPE,via,254049,228240,255649,228720,1600,via_1600x480
VSS,met3-met4,STRIPE,via,225693,228240,227293,228720,1600,via3_1600x480
VSS,met2-met3,STRIPE,via,225693,228240,227293,228720,1600,via2_1600x480
VSS,met1-met2,STRIPE,via,225693,228240,227293,228720,1600,via_1600x480
VSS,met3-met4,STRIPE,via,196872,228240,198472,228720,1600,via3_1600x480
VSS,met2-met3,STRIPE,via,196872,228240,198472,228720,1600,via2_1600x480
VSS,met1-met2,STRIPE,via,196872,228240,198472,228720,1600,via_1600x480
VSS,met3-met4,STRIPE,via,172980,228240,174580,228720,1600,via3_1600x480
VSS,met2-met3,STRIPE,via,172980,228240,174580,228720,1600,via2_1600x480
VSS,met1-met2,STRIPE,via,172980,228240,174580,228720,1600,via_1600x480
VSS,met3-met4,STRIPE,via,147465,228240,149065,228720,1600,via3_1600x480
VSS,met2-met3,STRIPE,via,147465,228240,149065,228720,1600,via2_1600x480
VSS,met1-met2,STRIPE,via,147465,228240,149065,228720,1600,via_1600x480
VSS,met3-met4,STRIPE,via,118386,228240,119986,228720,1600,via3_1600x480
VSS,met2-met3,STRIPE,via,118386,228240,119986,228720,1600,via2_1600x480
VSS,met1-met2,STRIPE,via,118386,228240,119986,228720,1600,via_1600x480
VSS,met3-met4,STRIPE,via,91114,228240,92714,228720,1600,via3_1600x480
VSS,met2-met3,STRIPE,via,91114,228240,92714,228720,1600,via2_1600x480
VSS,met1-met2,STRIPE,via,91114,228240,92714,228720,1600,via_1600x480
VSS,met3-met4,STRIPE,via,64933,228240,66533,228720,1600,via3_1600x480
VSS,met2-met3,STRIPE,via,64933,228240,66533,228720,1600,via2_1600x480
VSS,met1-met2,STRIPE,via,64933,228240,66533,228720,1600,via_1600x480
VSS,met3-met4,STRIPE,via,37153,228240,38753,228720,1600,via3_1600x480
VSS,met2-met3,STRIPE,via,37153,228240,38753,228720,1600,via2_1600x480
VSS,met1-met2,STRIPE,via,37153,228240,38753,228720,1600,via_1600x480
VSS,met3-met4,STRIPE,via,254049,222800,255649,223280,1600,via3_1600x480
VSS,met2-met3,STRIPE,via,254049,222800,255649,223280,1600,via2_1600x480
VSS,met1-met2,STRIPE,via,254049,222800,255649,223280,1600,via_1600x480
VSS,met3-met4,STRIPE,via,225693,222800,227293,223280,1600,via3_1600x480
VSS,met2-met3,STRIPE,via,225693,222800,227293,223280,1600,via2_1600x480
VSS,met1-met2,STRIPE,via,225693,222800,227293,223280,1600,via_1600x480
VSS,met3-met4,STRIPE,via,196872,222800,198472,223280,1600,via3_1600x480
VSS,met2-met3,STRIPE,via,196872,222800,198472,223280,1600,via2_1600x480
VSS,met1-met2,STRIPE,via,196872,222800,198472,223280,1600,via_1600x480
VSS,met3-met4,STRIPE,via,172980,222800,174580,223280,1600,via3_1600x480
VSS,met2-met3,STRIPE,via,172980,222800,174580,223280,1600,via2_1600x480
VSS,met1-met2,STRIPE,via,172980,222800,174580,223280,1600,via_1600x480
VSS,met3-met4,STRIPE,via,147465,222800,149065,223280,1600,via3_1600x480
VSS,met2-met3,STRIPE,via,147465,222800,149065,223280,1600,via2_1600x480
VSS,met1-met2,STRIPE,via,147465,222800,149065,223280,1600,via_1600x480
VSS,met3-met4,STRIPE,via,118386,222800,119986,223280,1600,via3_1600x480
VSS,met2-met3,STRIPE,via,118386,222800,119986,223280,1600,via2_1600x480
VSS,met1-met2,STRIPE,via,118386,222800,119986,223280,1600,via_1600x480
VSS,met3-met4,STRIPE,via,91114,222800,92714,223280,1600,via3_1600x480
VSS,met2-met3,STRIPE,via,91114,222800,92714,223280,1600,via2_1600x480
VSS,met1-met2,STRIPE,via,91114,222800,92714,223280,1600,via_1600x480
VSS,met3-met4,STRIPE,via,64933,222800,66533,223280,1600,via3_1600x480
VSS,met2-met3,STRIPE,via,64933,222800,66533,223280,1600,via2_1600x480
VSS,met1-met2,STRIPE,via,64933,222800,66533,223280,1600,via_1600x480
VSS,met3-met4,STRIPE,via,37153,222800,38753,223280,1600,via3_1600x480
VSS,met2-met3,STRIPE,via,37153,222800,38753,223280,1600,via2_1600x480
VSS,met1-met2,STRIPE,via,37153,222800,38753,223280,1600,via_1600x480
VSS,met3-met4,STRIPE,via,254049,217360,255649,217840,1600,via3_1600x480
VSS,met2-met3,STRIPE,via,254049,217360,255649,217840,1600,via2_1600x480
VSS,met1-met2,STRIPE,via,254049,217360,255649,217840,1600,via_1600x480
VSS,met3-met4,STRIPE,via,225693,217360,227293,217840,1600,via3_1600x480
VSS,met2-met3,STRIPE,via,225693,217360,227293,217840,1600,via2_1600x480
VSS,met1-met2,STRIPE,via,225693,217360,227293,217840,1600,via_1600x480
VSS,met3-met4,STRIPE,via,196872,217360,198472,217840,1600,via3_1600x480
VSS,met2-met3,STRIPE,via,196872,217360,198472,217840,1600,via2_1600x480
VSS,met1-met2,STRIPE,via,196872,217360,198472,217840,1600,via_1600x480
VSS,met3-met4,STRIPE,via,172980,217360,174580,217840,1600,via3_1600x480
VSS,met2-met3,STRIPE,via,172980,217360,174580,217840,1600,via2_1600x480
VSS,met1-met2,STRIPE,via,172980,217360,174580,217840,1600,via_1600x480
VSS,met3-met4,STRIPE,via,147465,217360,149065,217840,1600,via3_1600x480
VSS,met2-met3,STRIPE,via,147465,217360,149065,217840,1600,via2_1600x480
VSS,met1-met2,STRIPE,via,147465,217360,149065,217840,1600,via_1600x480
VSS,met3-met4,STRIPE,via,118386,217360,119986,217840,1600,via3_1600x480
VSS,met2-met3,STRIPE,via,118386,217360,119986,217840,1600,via2_1600x480
VSS,met1-met2,STRIPE,via,118386,217360,119986,217840,1600,via_1600x480
VSS,met3-met4,STRIPE,via,91114,217360,92714,217840,1600,via3_1600x480
VSS,met2-met3,STRIPE,via,91114,217360,92714,217840,1600,via2_1600x480
VSS,met1-met2,STRIPE,via,91114,217360,92714,217840,1600,via_1600x480
VSS,met3-met4,STRIPE,via,64933,217360,66533,217840,1600,via3_1600x480
VSS,met2-met3,STRIPE,via,64933,217360,66533,217840,1600,via2_1600x480
VSS,met1-met2,STRIPE,via,64933,217360,66533,217840,1600,via_1600x480
VSS,met3-met4,STRIPE,via,37153,217360,38753,217840,1600,via3_1600x480
VSS,met2-met3,STRIPE,via,37153,217360,38753,217840,1600,via2_1600x480
VSS,met1-met2,STRIPE,via,37153,217360,38753,217840,1600,via_1600x480
VSS,met3-met4,STRIPE,via,254049,211920,255649,212400,1600,via3_1600x480
VSS,met2-met3,STRIPE,via,254049,211920,255649,212400,1600,via2_1600x480
VSS,met1-met2,STRIPE,via,254049,211920,255649,212400,1600,via_1600x480
VSS,met3-met4,STRIPE,via,225693,211920,227293,212400,1600,via3_1600x480
VSS,met2-met3,STRIPE,via,225693,211920,227293,212400,1600,via2_1600x480
VSS,met1-met2,STRIPE,via,225693,211920,227293,212400,1600,via_1600x480
VSS,met3-met4,STRIPE,via,196872,211920,198472,212400,1600,via3_1600x480
VSS,met2-met3,STRIPE,via,196872,211920,198472,212400,1600,via2_1600x480
VSS,met1-met2,STRIPE,via,196872,211920,198472,212400,1600,via_1600x480
VSS,met3-met4,STRIPE,via,172980,211920,174580,212400,1600,via3_1600x480
VSS,met2-met3,STRIPE,via,172980,211920,174580,212400,1600,via2_1600x480
VSS,met1-met2,STRIPE,via,172980,211920,174580,212400,1600,via_1600x480
VSS,met3-met4,STRIPE,via,147465,211920,149065,212400,1600,via3_1600x480
VSS,met2-met3,STRIPE,via,147465,211920,149065,212400,1600,via2_1600x480
VSS,met1-met2,STRIPE,via,147465,211920,149065,212400,1600,via_1600x480
VSS,met3-met4,STRIPE,via,118386,211920,119986,212400,1600,via3_1600x480
VSS,met2-met3,STRIPE,via,118386,211920,119986,212400,1600,via2_1600x480
VSS,met1-met2,STRIPE,via,118386,211920,119986,212400,1600,via_1600x480
VSS,met3-met4,STRIPE,via,91114,211920,92714,212400,1600,via3_1600x480
VSS,met2-met3,STRIPE,via,91114,211920,92714,212400,1600,via2_1600x480
VSS,met1-met2,STRIPE,via,91114,211920,92714,212400,1600,via_1600x480
VSS,met3-met4,STRIPE,via,64933,211920,66533,212400,1600,via3_1600x480
VSS,met2-met3,STRIPE,via,64933,211920,66533,212400,1600,via2_1600x480
VSS,met1-met2,STRIPE,via,64933,211920,66533,212400,1600,via_1600x480
VSS,met3-met4,STRIPE,via,37153,211920,38753,212400,1600,via3_1600x480
VSS,met2-met3,STRIPE,via,37153,211920,38753,212400,1600,via2_1600x480
VSS,met1-met2,STRIPE,via,37153,211920,38753,212400,1600,via_1600x480
VSS,met3-met4,STRIPE,via,254049,206480,255649,206960,1600,via3_1600x480
VSS,met2-met3,STRIPE,via,254049,206480,255649,206960,1600,via2_1600x480
VSS,met1-met2,STRIPE,via,254049,206480,255649,206960,1600,via_1600x480
VSS,met3-met4,STRIPE,via,225693,206480,227293,206960,1600,via3_1600x480
VSS,met2-met3,STRIPE,via,225693,206480,227293,206960,1600,via2_1600x480
VSS,met1-met2,STRIPE,via,225693,206480,227293,206960,1600,via_1600x480
VSS,met3-met4,STRIPE,via,196872,206480,198472,206960,1600,via3_1600x480
VSS,met2-met3,STRIPE,via,196872,206480,198472,206960,1600,via2_1600x480
VSS,met1-met2,STRIPE,via,196872,206480,198472,206960,1600,via_1600x480
VSS,met3-met4,STRIPE,via,172980,206480,174580,206960,1600,via3_1600x480
VSS,met2-met3,STRIPE,via,172980,206480,174580,206960,1600,via2_1600x480
VSS,met1-met2,STRIPE,via,172980,206480,174580,206960,1600,via_1600x480
VSS,met3-met4,STRIPE,via,147465,206480,149065,206960,1600,via3_1600x480
VSS,met2-met3,STRIPE,via,147465,206480,149065,206960,1600,via2_1600x480
VSS,met1-met2,STRIPE,via,147465,206480,149065,206960,1600,via_1600x480
VSS,met3-met4,STRIPE,via,118386,206480,119986,206960,1600,via3_1600x480
VSS,met2-met3,STRIPE,via,118386,206480,119986,206960,1600,via2_1600x480
VSS,met1-met2,STRIPE,via,118386,206480,119986,206960,1600,via_1600x480
VSS,met3-met4,STRIPE,via,91114,206480,92714,206960,1600,via3_1600x480
VSS,met2-met3,STRIPE,via,91114,206480,92714,206960,1600,via2_1600x480
VSS,met1-met2,STRIPE,via,91114,206480,92714,206960,1600,via_1600x480
VSS,met3-met4,STRIPE,via,64933,206480,66533,206960,1600,via3_1600x480
VSS,met2-met3,STRIPE,via,64933,206480,66533,206960,1600,via2_1600x480
VSS,met1-met2,STRIPE,via,64933,206480,66533,206960,1600,via_1600x480
VSS,met3-met4,STRIPE,via,37153,206480,38753,206960,1600,via3_1600x480
VSS,met2-met3,STRIPE,via,37153,206480,38753,206960,1600,via2_1600x480
VSS,met1-met2,STRIPE,via,37153,206480,38753,206960,1600,via_1600x480
VSS,met3-met4,STRIPE,via,254049,201040,255649,201520,1600,via3_1600x480
VSS,met2-met3,STRIPE,via,254049,201040,255649,201520,1600,via2_1600x480
VSS,met1-met2,STRIPE,via,254049,201040,255649,201520,1600,via_1600x480
VSS,met3-met4,STRIPE,via,225693,201040,227293,201520,1600,via3_1600x480
VSS,met2-met3,STRIPE,via,225693,201040,227293,201520,1600,via2_1600x480
VSS,met1-met2,STRIPE,via,225693,201040,227293,201520,1600,via_1600x480
VSS,met3-met4,STRIPE,via,196872,201040,198472,201520,1600,via3_1600x480
VSS,met2-met3,STRIPE,via,196872,201040,198472,201520,1600,via2_1600x480
VSS,met1-met2,STRIPE,via,196872,201040,198472,201520,1600,via_1600x480
VSS,met3-met4,STRIPE,via,172980,201040,174580,201520,1600,via3_1600x480
VSS,met2-met3,STRIPE,via,172980,201040,174580,201520,1600,via2_1600x480
VSS,met1-met2,STRIPE,via,172980,201040,174580,201520,1600,via_1600x480
VSS,met3-met4,STRIPE,via,147465,201040,149065,201520,1600,via3_1600x480
VSS,met2-met3,STRIPE,via,147465,201040,149065,201520,1600,via2_1600x480
VSS,met1-met2,STRIPE,via,147465,201040,149065,201520,1600,via_1600x480
VSS,met3-met4,STRIPE,via,118386,201040,119986,201520,1600,via3_1600x480
VSS,met2-met3,STRIPE,via,118386,201040,119986,201520,1600,via2_1600x480
VSS,met1-met2,STRIPE,via,118386,201040,119986,201520,1600,via_1600x480
VSS,met3-met4,STRIPE,via,91114,201040,92714,201520,1600,via3_1600x480
VSS,met2-met3,STRIPE,via,91114,201040,92714,201520,1600,via2_1600x480
VSS,met1-met2,STRIPE,via,91114,201040,92714,201520,1600,via_1600x480
VSS,met3-met4,STRIPE,via,64933,201040,66533,201520,1600,via3_1600x480
VSS,met2-met3,STRIPE,via,64933,201040,66533,201520,1600,via2_1600x480
VSS,met1-met2,STRIPE,via,64933,201040,66533,201520,1600,via_1600x480
VSS,met3-met4,STRIPE,via,37153,201040,38753,201520,1600,via3_1600x480
VSS,met2-met3,STRIPE,via,37153,201040,38753,201520,1600,via2_1600x480
VSS,met1-met2,STRIPE,via,37153,201040,38753,201520,1600,via_1600x480
VSS,met3-met4,STRIPE,via,254049,195600,255649,196080,1600,via3_1600x480
VSS,met2-met3,STRIPE,via,254049,195600,255649,196080,1600,via2_1600x480
VSS,met1-met2,STRIPE,via,254049,195600,255649,196080,1600,via_1600x480
VSS,met3-met4,STRIPE,via,225693,195600,227293,196080,1600,via3_1600x480
VSS,met2-met3,STRIPE,via,225693,195600,227293,196080,1600,via2_1600x480
VSS,met1-met2,STRIPE,via,225693,195600,227293,196080,1600,via_1600x480
VSS,met3-met4,STRIPE,via,196872,195600,198472,196080,1600,via3_1600x480
VSS,met2-met3,STRIPE,via,196872,195600,198472,196080,1600,via2_1600x480
VSS,met1-met2,STRIPE,via,196872,195600,198472,196080,1600,via_1600x480
VSS,met3-met4,STRIPE,via,172980,195600,174580,196080,1600,via3_1600x480
VSS,met2-met3,STRIPE,via,172980,195600,174580,196080,1600,via2_1600x480
VSS,met1-met2,STRIPE,via,172980,195600,174580,196080,1600,via_1600x480
VSS,met3-met4,STRIPE,via,147465,195600,149065,196080,1600,via3_1600x480
VSS,met2-met3,STRIPE,via,147465,195600,149065,196080,1600,via2_1600x480
VSS,met1-met2,STRIPE,via,147465,195600,149065,196080,1600,via_1600x480
VSS,met3-met4,STRIPE,via,118386,195600,119986,196080,1600,via3_1600x480
VSS,met2-met3,STRIPE,via,118386,195600,119986,196080,1600,via2_1600x480
VSS,met1-met2,STRIPE,via,118386,195600,119986,196080,1600,via_1600x480
VSS,met3-met4,STRIPE,via,91114,195600,92714,196080,1600,via3_1600x480
VSS,met2-met3,STRIPE,via,91114,195600,92714,196080,1600,via2_1600x480
VSS,met1-met2,STRIPE,via,91114,195600,92714,196080,1600,via_1600x480
VSS,met3-met4,STRIPE,via,64933,195600,66533,196080,1600,via3_1600x480
VSS,met2-met3,STRIPE,via,64933,195600,66533,196080,1600,via2_1600x480
VSS,met1-met2,STRIPE,via,64933,195600,66533,196080,1600,via_1600x480
VSS,met3-met4,STRIPE,via,37153,195600,38753,196080,1600,via3_1600x480
VSS,met2-met3,STRIPE,via,37153,195600,38753,196080,1600,via2_1600x480
VSS,met1-met2,STRIPE,via,37153,195600,38753,196080,1600,via_1600x480
VSS,met3-met4,STRIPE,via,254049,190160,255649,190640,1600,via3_1600x480
VSS,met2-met3,STRIPE,via,254049,190160,255649,190640,1600,via2_1600x480
VSS,met1-met2,STRIPE,via,254049,190160,255649,190640,1600,via_1600x480
VSS,met3-met4,STRIPE,via,225693,190160,227293,190640,1600,via3_1600x480
VSS,met2-met3,STRIPE,via,225693,190160,227293,190640,1600,via2_1600x480
VSS,met1-met2,STRIPE,via,225693,190160,227293,190640,1600,via_1600x480
VSS,met3-met4,STRIPE,via,196872,190160,198472,190640,1600,via3_1600x480
VSS,met2-met3,STRIPE,via,196872,190160,198472,190640,1600,via2_1600x480
VSS,met1-met2,STRIPE,via,196872,190160,198472,190640,1600,via_1600x480
VSS,met3-met4,STRIPE,via,172980,190160,174580,190640,1600,via3_1600x480
VSS,met2-met3,STRIPE,via,172980,190160,174580,190640,1600,via2_1600x480
VSS,met1-met2,STRIPE,via,172980,190160,174580,190640,1600,via_1600x480
VSS,met3-met4,STRIPE,via,147465,190160,149065,190640,1600,via3_1600x480
VSS,met2-met3,STRIPE,via,147465,190160,149065,190640,1600,via2_1600x480
VSS,met1-met2,STRIPE,via,147465,190160,149065,190640,1600,via_1600x480
VSS,met3-met4,STRIPE,via,118386,190160,119986,190640,1600,via3_1600x480
VSS,met2-met3,STRIPE,via,118386,190160,119986,190640,1600,via2_1600x480
VSS,met1-met2,STRIPE,via,118386,190160,119986,190640,1600,via_1600x480
VSS,met3-met4,STRIPE,via,91114,190160,92714,190640,1600,via3_1600x480
VSS,met2-met3,STRIPE,via,91114,190160,92714,190640,1600,via2_1600x480
VSS,met1-met2,STRIPE,via,91114,190160,92714,190640,1600,via_1600x480
VSS,met3-met4,STRIPE,via,64933,190160,66533,190640,1600,via3_1600x480
VSS,met2-met3,STRIPE,via,64933,190160,66533,190640,1600,via2_1600x480
VSS,met1-met2,STRIPE,via,64933,190160,66533,190640,1600,via_1600x480
VSS,met3-met4,STRIPE,via,37153,190160,38753,190640,1600,via3_1600x480
VSS,met2-met3,STRIPE,via,37153,190160,38753,190640,1600,via2_1600x480
VSS,met1-met2,STRIPE,via,37153,190160,38753,190640,1600,via_1600x480
VSS,met3-met4,STRIPE,via,254049,184720,255649,185200,1600,via3_1600x480
VSS,met2-met3,STRIPE,via,254049,184720,255649,185200,1600,via2_1600x480
VSS,met1-met2,STRIPE,via,254049,184720,255649,185200,1600,via_1600x480
VSS,met3-met4,STRIPE,via,225693,184720,227293,185200,1600,via3_1600x480
VSS,met2-met3,STRIPE,via,225693,184720,227293,185200,1600,via2_1600x480
VSS,met1-met2,STRIPE,via,225693,184720,227293,185200,1600,via_1600x480
VSS,met3-met4,STRIPE,via,196872,184720,198472,185200,1600,via3_1600x480
VSS,met2-met3,STRIPE,via,196872,184720,198472,185200,1600,via2_1600x480
VSS,met1-met2,STRIPE,via,196872,184720,198472,185200,1600,via_1600x480
VSS,met3-met4,STRIPE,via,172980,184720,174580,185200,1600,via3_1600x480
VSS,met2-met3,STRIPE,via,172980,184720,174580,185200,1600,via2_1600x480
VSS,met1-met2,STRIPE,via,172980,184720,174580,185200,1600,via_1600x480
VSS,met3-met4,STRIPE,via,147465,184720,149065,185200,1600,via3_1600x480
VSS,met2-met3,STRIPE,via,147465,184720,149065,185200,1600,via2_1600x480
VSS,met1-met2,STRIPE,via,147465,184720,149065,185200,1600,via_1600x480
VSS,met3-met4,STRIPE,via,118386,184720,119986,185200,1600,via3_1600x480
VSS,met2-met3,STRIPE,via,118386,184720,119986,185200,1600,via2_1600x480
VSS,met1-met2,STRIPE,via,118386,184720,119986,185200,1600,via_1600x480
VSS,met3-met4,STRIPE,via,91114,184720,92714,185200,1600,via3_1600x480
VSS,met2-met3,STRIPE,via,91114,184720,92714,185200,1600,via2_1600x480
VSS,met1-met2,STRIPE,via,91114,184720,92714,185200,1600,via_1600x480
VSS,met3-met4,STRIPE,via,64933,184720,66533,185200,1600,via3_1600x480
VSS,met2-met3,STRIPE,via,64933,184720,66533,185200,1600,via2_1600x480
VSS,met1-met2,STRIPE,via,64933,184720,66533,185200,1600,via_1600x480
VSS,met3-met4,STRIPE,via,37153,184720,38753,185200,1600,via3_1600x480
VSS,met2-met3,STRIPE,via,37153,184720,38753,185200,1600,via2_1600x480
VSS,met1-met2,STRIPE,via,37153,184720,38753,185200,1600,via_1600x480
VSS,met3-met4,STRIPE,via,254049,179280,255649,179760,1600,via3_1600x480
VSS,met2-met3,STRIPE,via,254049,179280,255649,179760,1600,via2_1600x480
VSS,met1-met2,STRIPE,via,254049,179280,255649,179760,1600,via_1600x480
VSS,met3-met4,STRIPE,via,225693,179280,227293,179760,1600,via3_1600x480
VSS,met2-met3,STRIPE,via,225693,179280,227293,179760,1600,via2_1600x480
VSS,met1-met2,STRIPE,via,225693,179280,227293,179760,1600,via_1600x480
VSS,met3-met4,STRIPE,via,196872,179280,198472,179760,1600,via3_1600x480
VSS,met2-met3,STRIPE,via,196872,179280,198472,179760,1600,via2_1600x480
VSS,met1-met2,STRIPE,via,196872,179280,198472,179760,1600,via_1600x480
VSS,met3-met4,STRIPE,via,172980,179280,174580,179760,1600,via3_1600x480
VSS,met2-met3,STRIPE,via,172980,179280,174580,179760,1600,via2_1600x480
VSS,met1-met2,STRIPE,via,172980,179280,174580,179760,1600,via_1600x480
VSS,met3-met4,STRIPE,via,147465,179280,149065,179760,1600,via3_1600x480
VSS,met2-met3,STRIPE,via,147465,179280,149065,179760,1600,via2_1600x480
VSS,met1-met2,STRIPE,via,147465,179280,149065,179760,1600,via_1600x480
VSS,met3-met4,STRIPE,via,118386,179280,119986,179760,1600,via3_1600x480
VSS,met2-met3,STRIPE,via,118386,179280,119986,179760,1600,via2_1600x480
VSS,met1-met2,STRIPE,via,118386,179280,119986,179760,1600,via_1600x480
VSS,met3-met4,STRIPE,via,91114,179280,92714,179760,1600,via3_1600x480
VSS,met2-met3,STRIPE,via,91114,179280,92714,179760,1600,via2_1600x480
VSS,met1-met2,STRIPE,via,91114,179280,92714,179760,1600,via_1600x480
VSS,met3-met4,STRIPE,via,64933,179280,66533,179760,1600,via3_1600x480
VSS,met2-met3,STRIPE,via,64933,179280,66533,179760,1600,via2_1600x480
VSS,met1-met2,STRIPE,via,64933,179280,66533,179760,1600,via_1600x480
VSS,met3-met4,STRIPE,via,37153,179280,38753,179760,1600,via3_1600x480
VSS,met2-met3,STRIPE,via,37153,179280,38753,179760,1600,via2_1600x480
VSS,met1-met2,STRIPE,via,37153,179280,38753,179760,1600,via_1600x480
VSS,met3-met4,STRIPE,via,254049,173840,255649,174320,1600,via3_1600x480
VSS,met2-met3,STRIPE,via,254049,173840,255649,174320,1600,via2_1600x480
VSS,met1-met2,STRIPE,via,254049,173840,255649,174320,1600,via_1600x480
VSS,met3-met4,STRIPE,via,225693,173840,227293,174320,1600,via3_1600x480
VSS,met2-met3,STRIPE,via,225693,173840,227293,174320,1600,via2_1600x480
VSS,met1-met2,STRIPE,via,225693,173840,227293,174320,1600,via_1600x480
VSS,met3-met4,STRIPE,via,196872,173840,198472,174320,1600,via3_1600x480
VSS,met2-met3,STRIPE,via,196872,173840,198472,174320,1600,via2_1600x480
VSS,met1-met2,STRIPE,via,196872,173840,198472,174320,1600,via_1600x480
VSS,met3-met4,STRIPE,via,172980,173840,174580,174320,1600,via3_1600x480
VSS,met2-met3,STRIPE,via,172980,173840,174580,174320,1600,via2_1600x480
VSS,met1-met2,STRIPE,via,172980,173840,174580,174320,1600,via_1600x480
VSS,met3-met4,STRIPE,via,147465,173840,149065,174320,1600,via3_1600x480
VSS,met2-met3,STRIPE,via,147465,173840,149065,174320,1600,via2_1600x480
VSS,met1-met2,STRIPE,via,147465,173840,149065,174320,1600,via_1600x480
VSS,met3-met4,STRIPE,via,118386,173840,119986,174320,1600,via3_1600x480
VSS,met2-met3,STRIPE,via,118386,173840,119986,174320,1600,via2_1600x480
VSS,met1-met2,STRIPE,via,118386,173840,119986,174320,1600,via_1600x480
VSS,met3-met4,STRIPE,via,91114,173840,92714,174320,1600,via3_1600x480
VSS,met2-met3,STRIPE,via,91114,173840,92714,174320,1600,via2_1600x480
VSS,met1-met2,STRIPE,via,91114,173840,92714,174320,1600,via_1600x480
VSS,met3-met4,STRIPE,via,64933,173840,66533,174320,1600,via3_1600x480
VSS,met2-met3,STRIPE,via,64933,173840,66533,174320,1600,via2_1600x480
VSS,met1-met2,STRIPE,via,64933,173840,66533,174320,1600,via_1600x480
VSS,met3-met4,STRIPE,via,37153,173840,38753,174320,1600,via3_1600x480
VSS,met2-met3,STRIPE,via,37153,173840,38753,174320,1600,via2_1600x480
VSS,met1-met2,STRIPE,via,37153,173840,38753,174320,1600,via_1600x480
VSS,met3-met4,STRIPE,via,254049,168400,255649,168880,1600,via3_1600x480
VSS,met2-met3,STRIPE,via,254049,168400,255649,168880,1600,via2_1600x480
VSS,met1-met2,STRIPE,via,254049,168400,255649,168880,1600,via_1600x480
VSS,met3-met4,STRIPE,via,225693,168400,227293,168880,1600,via3_1600x480
VSS,met2-met3,STRIPE,via,225693,168400,227293,168880,1600,via2_1600x480
VSS,met1-met2,STRIPE,via,225693,168400,227293,168880,1600,via_1600x480
VSS,met3-met4,STRIPE,via,196872,168400,198472,168880,1600,via3_1600x480
VSS,met2-met3,STRIPE,via,196872,168400,198472,168880,1600,via2_1600x480
VSS,met1-met2,STRIPE,via,196872,168400,198472,168880,1600,via_1600x480
VSS,met3-met4,STRIPE,via,172980,168400,174580,168880,1600,via3_1600x480
VSS,met2-met3,STRIPE,via,172980,168400,174580,168880,1600,via2_1600x480
VSS,met1-met2,STRIPE,via,172980,168400,174580,168880,1600,via_1600x480
VSS,met3-met4,STRIPE,via,147465,168400,149065,168880,1600,via3_1600x480
VSS,met2-met3,STRIPE,via,147465,168400,149065,168880,1600,via2_1600x480
VSS,met1-met2,STRIPE,via,147465,168400,149065,168880,1600,via_1600x480
VSS,met3-met4,STRIPE,via,118386,168400,119986,168880,1600,via3_1600x480
VSS,met2-met3,STRIPE,via,118386,168400,119986,168880,1600,via2_1600x480
VSS,met1-met2,STRIPE,via,118386,168400,119986,168880,1600,via_1600x480
VSS,met3-met4,STRIPE,via,91114,168400,92714,168880,1600,via3_1600x480
VSS,met2-met3,STRIPE,via,91114,168400,92714,168880,1600,via2_1600x480
VSS,met1-met2,STRIPE,via,91114,168400,92714,168880,1600,via_1600x480
VSS,met3-met4,STRIPE,via,64933,168400,66533,168880,1600,via3_1600x480
VSS,met2-met3,STRIPE,via,64933,168400,66533,168880,1600,via2_1600x480
VSS,met1-met2,STRIPE,via,64933,168400,66533,168880,1600,via_1600x480
VSS,met3-met4,STRIPE,via,37153,168400,38753,168880,1600,via3_1600x480
VSS,met2-met3,STRIPE,via,37153,168400,38753,168880,1600,via2_1600x480
VSS,met1-met2,STRIPE,via,37153,168400,38753,168880,1600,via_1600x480
VSS,met3-met4,STRIPE,via,254049,162960,255649,163440,1600,via3_1600x480
VSS,met2-met3,STRIPE,via,254049,162960,255649,163440,1600,via2_1600x480
VSS,met1-met2,STRIPE,via,254049,162960,255649,163440,1600,via_1600x480
VSS,met3-met4,STRIPE,via,225693,162960,227293,163440,1600,via3_1600x480
VSS,met2-met3,STRIPE,via,225693,162960,227293,163440,1600,via2_1600x480
VSS,met1-met2,STRIPE,via,225693,162960,227293,163440,1600,via_1600x480
VSS,met3-met4,STRIPE,via,196872,162960,198472,163440,1600,via3_1600x480
VSS,met2-met3,STRIPE,via,196872,162960,198472,163440,1600,via2_1600x480
VSS,met1-met2,STRIPE,via,196872,162960,198472,163440,1600,via_1600x480
VSS,met3-met4,STRIPE,via,172980,162960,174580,163440,1600,via3_1600x480
VSS,met2-met3,STRIPE,via,172980,162960,174580,163440,1600,via2_1600x480
VSS,met1-met2,STRIPE,via,172980,162960,174580,163440,1600,via_1600x480
VSS,met3-met4,STRIPE,via,147465,162960,149065,163440,1600,via3_1600x480
VSS,met2-met3,STRIPE,via,147465,162960,149065,163440,1600,via2_1600x480
VSS,met1-met2,STRIPE,via,147465,162960,149065,163440,1600,via_1600x480
VSS,met3-met4,STRIPE,via,118386,162960,119986,163440,1600,via3_1600x480
VSS,met2-met3,STRIPE,via,118386,162960,119986,163440,1600,via2_1600x480
VSS,met1-met2,STRIPE,via,118386,162960,119986,163440,1600,via_1600x480
VSS,met3-met4,STRIPE,via,91114,162960,92714,163440,1600,via3_1600x480
VSS,met2-met3,STRIPE,via,91114,162960,92714,163440,1600,via2_1600x480
VSS,met1-met2,STRIPE,via,91114,162960,92714,163440,1600,via_1600x480
VSS,met3-met4,STRIPE,via,64933,162960,66533,163440,1600,via3_1600x480
VSS,met2-met3,STRIPE,via,64933,162960,66533,163440,1600,via2_1600x480
VSS,met1-met2,STRIPE,via,64933,162960,66533,163440,1600,via_1600x480
VSS,met3-met4,STRIPE,via,37153,162960,38753,163440,1600,via3_1600x480
VSS,met2-met3,STRIPE,via,37153,162960,38753,163440,1600,via2_1600x480
VSS,met1-met2,STRIPE,via,37153,162960,38753,163440,1600,via_1600x480
VSS,met3-met4,STRIPE,via,254049,157520,255649,158000,1600,via3_1600x480
VSS,met2-met3,STRIPE,via,254049,157520,255649,158000,1600,via2_1600x480
VSS,met1-met2,STRIPE,via,254049,157520,255649,158000,1600,via_1600x480
VSS,met3-met4,STRIPE,via,225693,157520,227293,158000,1600,via3_1600x480
VSS,met2-met3,STRIPE,via,225693,157520,227293,158000,1600,via2_1600x480
VSS,met1-met2,STRIPE,via,225693,157520,227293,158000,1600,via_1600x480
VSS,met3-met4,STRIPE,via,196872,157520,198472,158000,1600,via3_1600x480
VSS,met2-met3,STRIPE,via,196872,157520,198472,158000,1600,via2_1600x480
VSS,met1-met2,STRIPE,via,196872,157520,198472,158000,1600,via_1600x480
VSS,met3-met4,STRIPE,via,172980,157520,174580,158000,1600,via3_1600x480
VSS,met2-met3,STRIPE,via,172980,157520,174580,158000,1600,via2_1600x480
VSS,met1-met2,STRIPE,via,172980,157520,174580,158000,1600,via_1600x480
VSS,met3-met4,STRIPE,via,147465,157520,149065,158000,1600,via3_1600x480
VSS,met2-met3,STRIPE,via,147465,157520,149065,158000,1600,via2_1600x480
VSS,met1-met2,STRIPE,via,147465,157520,149065,158000,1600,via_1600x480
VSS,met3-met4,STRIPE,via,118386,157520,119986,158000,1600,via3_1600x480
VSS,met2-met3,STRIPE,via,118386,157520,119986,158000,1600,via2_1600x480
VSS,met1-met2,STRIPE,via,118386,157520,119986,158000,1600,via_1600x480
VSS,met3-met4,STRIPE,via,91114,157520,92714,158000,1600,via3_1600x480
VSS,met2-met3,STRIPE,via,91114,157520,92714,158000,1600,via2_1600x480
VSS,met1-met2,STRIPE,via,91114,157520,92714,158000,1600,via_1600x480
VSS,met3-met4,STRIPE,via,64933,157520,66533,158000,1600,via3_1600x480
VSS,met2-met3,STRIPE,via,64933,157520,66533,158000,1600,via2_1600x480
VSS,met1-met2,STRIPE,via,64933,157520,66533,158000,1600,via_1600x480
VSS,met3-met4,STRIPE,via,37153,157520,38753,158000,1600,via3_1600x480
VSS,met2-met3,STRIPE,via,37153,157520,38753,158000,1600,via2_1600x480
VSS,met1-met2,STRIPE,via,37153,157520,38753,158000,1600,via_1600x480
VSS,met3-met4,STRIPE,via,254049,152080,255649,152560,1600,via3_1600x480
VSS,met2-met3,STRIPE,via,254049,152080,255649,152560,1600,via2_1600x480
VSS,met1-met2,STRIPE,via,254049,152080,255649,152560,1600,via_1600x480
VSS,met3-met4,STRIPE,via,225693,152080,227293,152560,1600,via3_1600x480
VSS,met2-met3,STRIPE,via,225693,152080,227293,152560,1600,via2_1600x480
VSS,met1-met2,STRIPE,via,225693,152080,227293,152560,1600,via_1600x480
VSS,met3-met4,STRIPE,via,196872,152080,198472,152560,1600,via3_1600x480
VSS,met2-met3,STRIPE,via,196872,152080,198472,152560,1600,via2_1600x480
VSS,met1-met2,STRIPE,via,196872,152080,198472,152560,1600,via_1600x480
VSS,met3-met4,STRIPE,via,172980,152080,174580,152560,1600,via3_1600x480
VSS,met2-met3,STRIPE,via,172980,152080,174580,152560,1600,via2_1600x480
VSS,met1-met2,STRIPE,via,172980,152080,174580,152560,1600,via_1600x480
VSS,met3-met4,STRIPE,via,147465,152080,149065,152560,1600,via3_1600x480
VSS,met2-met3,STRIPE,via,147465,152080,149065,152560,1600,via2_1600x480
VSS,met1-met2,STRIPE,via,147465,152080,149065,152560,1600,via_1600x480
VSS,met3-met4,STRIPE,via,118386,152080,119986,152560,1600,via3_1600x480
VSS,met2-met3,STRIPE,via,118386,152080,119986,152560,1600,via2_1600x480
VSS,met1-met2,STRIPE,via,118386,152080,119986,152560,1600,via_1600x480
VSS,met3-met4,STRIPE,via,91114,152080,92714,152560,1600,via3_1600x480
VSS,met2-met3,STRIPE,via,91114,152080,92714,152560,1600,via2_1600x480
VSS,met1-met2,STRIPE,via,91114,152080,92714,152560,1600,via_1600x480
VSS,met3-met4,STRIPE,via,64933,152080,66533,152560,1600,via3_1600x480
VSS,met2-met3,STRIPE,via,64933,152080,66533,152560,1600,via2_1600x480
VSS,met1-met2,STRIPE,via,64933,152080,66533,152560,1600,via_1600x480
VSS,met3-met4,STRIPE,via,37153,152080,38753,152560,1600,via3_1600x480
VSS,met2-met3,STRIPE,via,37153,152080,38753,152560,1600,via2_1600x480
VSS,met1-met2,STRIPE,via,37153,152080,38753,152560,1600,via_1600x480
VSS,met3-met4,STRIPE,via,254049,146640,255649,147120,1600,via3_1600x480
VSS,met2-met3,STRIPE,via,254049,146640,255649,147120,1600,via2_1600x480
VSS,met1-met2,STRIPE,via,254049,146640,255649,147120,1600,via_1600x480
VSS,met3-met4,STRIPE,via,225693,146640,227293,147120,1600,via3_1600x480
VSS,met2-met3,STRIPE,via,225693,146640,227293,147120,1600,via2_1600x480
VSS,met1-met2,STRIPE,via,225693,146640,227293,147120,1600,via_1600x480
VSS,met3-met4,STRIPE,via,196872,146640,198472,147120,1600,via3_1600x480
VSS,met2-met3,STRIPE,via,196872,146640,198472,147120,1600,via2_1600x480
VSS,met1-met2,STRIPE,via,196872,146640,198472,147120,1600,via_1600x480
VSS,met3-met4,STRIPE,via,172980,146640,174580,147120,1600,via3_1600x480
VSS,met2-met3,STRIPE,via,172980,146640,174580,147120,1600,via2_1600x480
VSS,met1-met2,STRIPE,via,172980,146640,174580,147120,1600,via_1600x480
VSS,met3-met4,STRIPE,via,147465,146640,149065,147120,1600,via3_1600x480
VSS,met2-met3,STRIPE,via,147465,146640,149065,147120,1600,via2_1600x480
VSS,met1-met2,STRIPE,via,147465,146640,149065,147120,1600,via_1600x480
VSS,met3-met4,STRIPE,via,118386,146640,119986,147120,1600,via3_1600x480
VSS,met2-met3,STRIPE,via,118386,146640,119986,147120,1600,via2_1600x480
VSS,met1-met2,STRIPE,via,118386,146640,119986,147120,1600,via_1600x480
VSS,met3-met4,STRIPE,via,91114,146640,92714,147120,1600,via3_1600x480
VSS,met2-met3,STRIPE,via,91114,146640,92714,147120,1600,via2_1600x480
VSS,met1-met2,STRIPE,via,91114,146640,92714,147120,1600,via_1600x480
VSS,met3-met4,STRIPE,via,64933,146640,66533,147120,1600,via3_1600x480
VSS,met2-met3,STRIPE,via,64933,146640,66533,147120,1600,via2_1600x480
VSS,met1-met2,STRIPE,via,64933,146640,66533,147120,1600,via_1600x480
VSS,met3-met4,STRIPE,via,37153,146640,38753,147120,1600,via3_1600x480
VSS,met2-met3,STRIPE,via,37153,146640,38753,147120,1600,via2_1600x480
VSS,met1-met2,STRIPE,via,37153,146640,38753,147120,1600,via_1600x480
VSS,met3-met4,STRIPE,via,254049,141200,255649,141680,1600,via3_1600x480
VSS,met2-met3,STRIPE,via,254049,141200,255649,141680,1600,via2_1600x480
VSS,met1-met2,STRIPE,via,254049,141200,255649,141680,1600,via_1600x480
VSS,met3-met4,STRIPE,via,225693,141200,227293,141680,1600,via3_1600x480
VSS,met2-met3,STRIPE,via,225693,141200,227293,141680,1600,via2_1600x480
VSS,met1-met2,STRIPE,via,225693,141200,227293,141680,1600,via_1600x480
VSS,met3-met4,STRIPE,via,196872,141200,198472,141680,1600,via3_1600x480
VSS,met2-met3,STRIPE,via,196872,141200,198472,141680,1600,via2_1600x480
VSS,met1-met2,STRIPE,via,196872,141200,198472,141680,1600,via_1600x480
VSS,met3-met4,STRIPE,via,172980,141200,174580,141680,1600,via3_1600x480
VSS,met2-met3,STRIPE,via,172980,141200,174580,141680,1600,via2_1600x480
VSS,met1-met2,STRIPE,via,172980,141200,174580,141680,1600,via_1600x480
VSS,met3-met4,STRIPE,via,147465,141200,149065,141680,1600,via3_1600x480
VSS,met2-met3,STRIPE,via,147465,141200,149065,141680,1600,via2_1600x480
VSS,met1-met2,STRIPE,via,147465,141200,149065,141680,1600,via_1600x480
VSS,met3-met4,STRIPE,via,118386,141200,119986,141680,1600,via3_1600x480
VSS,met2-met3,STRIPE,via,118386,141200,119986,141680,1600,via2_1600x480
VSS,met1-met2,STRIPE,via,118386,141200,119986,141680,1600,via_1600x480
VSS,met3-met4,STRIPE,via,91114,141200,92714,141680,1600,via3_1600x480
VSS,met2-met3,STRIPE,via,91114,141200,92714,141680,1600,via2_1600x480
VSS,met1-met2,STRIPE,via,91114,141200,92714,141680,1600,via_1600x480
VSS,met3-met4,STRIPE,via,64933,141200,66533,141680,1600,via3_1600x480
VSS,met2-met3,STRIPE,via,64933,141200,66533,141680,1600,via2_1600x480
VSS,met1-met2,STRIPE,via,64933,141200,66533,141680,1600,via_1600x480
VSS,met3-met4,STRIPE,via,37153,141200,38753,141680,1600,via3_1600x480
VSS,met2-met3,STRIPE,via,37153,141200,38753,141680,1600,via2_1600x480
VSS,met1-met2,STRIPE,via,37153,141200,38753,141680,1600,via_1600x480
VSS,met3-met4,STRIPE,via,254049,135760,255649,136240,1600,via3_1600x480
VSS,met2-met3,STRIPE,via,254049,135760,255649,136240,1600,via2_1600x480
VSS,met1-met2,STRIPE,via,254049,135760,255649,136240,1600,via_1600x480
VSS,met3-met4,STRIPE,via,225693,135760,227293,136240,1600,via3_1600x480
VSS,met2-met3,STRIPE,via,225693,135760,227293,136240,1600,via2_1600x480
VSS,met1-met2,STRIPE,via,225693,135760,227293,136240,1600,via_1600x480
VSS,met3-met4,STRIPE,via,196872,135760,198472,136240,1600,via3_1600x480
VSS,met2-met3,STRIPE,via,196872,135760,198472,136240,1600,via2_1600x480
VSS,met1-met2,STRIPE,via,196872,135760,198472,136240,1600,via_1600x480
VSS,met3-met4,STRIPE,via,172980,135760,174580,136240,1600,via3_1600x480
VSS,met2-met3,STRIPE,via,172980,135760,174580,136240,1600,via2_1600x480
VSS,met1-met2,STRIPE,via,172980,135760,174580,136240,1600,via_1600x480
VSS,met3-met4,STRIPE,via,147465,135760,149065,136240,1600,via3_1600x480
VSS,met2-met3,STRIPE,via,147465,135760,149065,136240,1600,via2_1600x480
VSS,met1-met2,STRIPE,via,147465,135760,149065,136240,1600,via_1600x480
VSS,met3-met4,STRIPE,via,118386,135760,119986,136240,1600,via3_1600x480
VSS,met2-met3,STRIPE,via,118386,135760,119986,136240,1600,via2_1600x480
VSS,met1-met2,STRIPE,via,118386,135760,119986,136240,1600,via_1600x480
VSS,met3-met4,STRIPE,via,91114,135760,92714,136240,1600,via3_1600x480
VSS,met2-met3,STRIPE,via,91114,135760,92714,136240,1600,via2_1600x480
VSS,met1-met2,STRIPE,via,91114,135760,92714,136240,1600,via_1600x480
VSS,met3-met4,STRIPE,via,64933,135760,66533,136240,1600,via3_1600x480
VSS,met2-met3,STRIPE,via,64933,135760,66533,136240,1600,via2_1600x480
VSS,met1-met2,STRIPE,via,64933,135760,66533,136240,1600,via_1600x480
VSS,met3-met4,STRIPE,via,37153,135760,38753,136240,1600,via3_1600x480
VSS,met2-met3,STRIPE,via,37153,135760,38753,136240,1600,via2_1600x480
VSS,met1-met2,STRIPE,via,37153,135760,38753,136240,1600,via_1600x480
VSS,met3-met4,STRIPE,via,254049,130320,255649,130800,1600,via3_1600x480
VSS,met2-met3,STRIPE,via,254049,130320,255649,130800,1600,via2_1600x480
VSS,met1-met2,STRIPE,via,254049,130320,255649,130800,1600,via_1600x480
VSS,met3-met4,STRIPE,via,225693,130320,227293,130800,1600,via3_1600x480
VSS,met2-met3,STRIPE,via,225693,130320,227293,130800,1600,via2_1600x480
VSS,met1-met2,STRIPE,via,225693,130320,227293,130800,1600,via_1600x480
VSS,met3-met4,STRIPE,via,196872,130320,198472,130800,1600,via3_1600x480
VSS,met2-met3,STRIPE,via,196872,130320,198472,130800,1600,via2_1600x480
VSS,met1-met2,STRIPE,via,196872,130320,198472,130800,1600,via_1600x480
VSS,met3-met4,STRIPE,via,172980,130320,174580,130800,1600,via3_1600x480
VSS,met2-met3,STRIPE,via,172980,130320,174580,130800,1600,via2_1600x480
VSS,met1-met2,STRIPE,via,172980,130320,174580,130800,1600,via_1600x480
VSS,met3-met4,STRIPE,via,147465,130320,149065,130800,1600,via3_1600x480
VSS,met2-met3,STRIPE,via,147465,130320,149065,130800,1600,via2_1600x480
VSS,met1-met2,STRIPE,via,147465,130320,149065,130800,1600,via_1600x480
VSS,met3-met4,STRIPE,via,118386,130320,119986,130800,1600,via3_1600x480
VSS,met2-met3,STRIPE,via,118386,130320,119986,130800,1600,via2_1600x480
VSS,met1-met2,STRIPE,via,118386,130320,119986,130800,1600,via_1600x480
VSS,met3-met4,STRIPE,via,91114,130320,92714,130800,1600,via3_1600x480
VSS,met2-met3,STRIPE,via,91114,130320,92714,130800,1600,via2_1600x480
VSS,met1-met2,STRIPE,via,91114,130320,92714,130800,1600,via_1600x480
VSS,met3-met4,STRIPE,via,64933,130320,66533,130800,1600,via3_1600x480
VSS,met2-met3,STRIPE,via,64933,130320,66533,130800,1600,via2_1600x480
VSS,met1-met2,STRIPE,via,64933,130320,66533,130800,1600,via_1600x480
VSS,met3-met4,STRIPE,via,37153,130320,38753,130800,1600,via3_1600x480
VSS,met2-met3,STRIPE,via,37153,130320,38753,130800,1600,via2_1600x480
VSS,met1-met2,STRIPE,via,37153,130320,38753,130800,1600,via_1600x480
VSS,met3-met4,STRIPE,via,254049,124880,255649,125360,1600,via3_1600x480
VSS,met2-met3,STRIPE,via,254049,124880,255649,125360,1600,via2_1600x480
VSS,met1-met2,STRIPE,via,254049,124880,255649,125360,1600,via_1600x480
VSS,met3-met4,STRIPE,via,225693,124880,227293,125360,1600,via3_1600x480
VSS,met2-met3,STRIPE,via,225693,124880,227293,125360,1600,via2_1600x480
VSS,met1-met2,STRIPE,via,225693,124880,227293,125360,1600,via_1600x480
VSS,met3-met4,STRIPE,via,196872,124880,198472,125360,1600,via3_1600x480
VSS,met2-met3,STRIPE,via,196872,124880,198472,125360,1600,via2_1600x480
VSS,met1-met2,STRIPE,via,196872,124880,198472,125360,1600,via_1600x480
VSS,met3-met4,STRIPE,via,172980,124880,174580,125360,1600,via3_1600x480
VSS,met2-met3,STRIPE,via,172980,124880,174580,125360,1600,via2_1600x480
VSS,met1-met2,STRIPE,via,172980,124880,174580,125360,1600,via_1600x480
VSS,met3-met4,STRIPE,via,147465,124880,149065,125360,1600,via3_1600x480
VSS,met2-met3,STRIPE,via,147465,124880,149065,125360,1600,via2_1600x480
VSS,met1-met2,STRIPE,via,147465,124880,149065,125360,1600,via_1600x480
VSS,met3-met4,STRIPE,via,118386,124880,119986,125360,1600,via3_1600x480
VSS,met2-met3,STRIPE,via,118386,124880,119986,125360,1600,via2_1600x480
VSS,met1-met2,STRIPE,via,118386,124880,119986,125360,1600,via_1600x480
VSS,met3-met4,STRIPE,via,91114,124880,92714,125360,1600,via3_1600x480
VSS,met2-met3,STRIPE,via,91114,124880,92714,125360,1600,via2_1600x480
VSS,met1-met2,STRIPE,via,91114,124880,92714,125360,1600,via_1600x480
VSS,met3-met4,STRIPE,via,64933,124880,66533,125360,1600,via3_1600x480
VSS,met2-met3,STRIPE,via,64933,124880,66533,125360,1600,via2_1600x480
VSS,met1-met2,STRIPE,via,64933,124880,66533,125360,1600,via_1600x480
VSS,met3-met4,STRIPE,via,37153,124880,38753,125360,1600,via3_1600x480
VSS,met2-met3,STRIPE,via,37153,124880,38753,125360,1600,via2_1600x480
VSS,met1-met2,STRIPE,via,37153,124880,38753,125360,1600,via_1600x480
VSS,met3-met4,STRIPE,via,254049,119440,255649,119920,1600,via3_1600x480
VSS,met2-met3,STRIPE,via,254049,119440,255649,119920,1600,via2_1600x480
VSS,met1-met2,STRIPE,via,254049,119440,255649,119920,1600,via_1600x480
VSS,met3-met4,STRIPE,via,225693,119440,227293,119920,1600,via3_1600x480
VSS,met2-met3,STRIPE,via,225693,119440,227293,119920,1600,via2_1600x480
VSS,met1-met2,STRIPE,via,225693,119440,227293,119920,1600,via_1600x480
VSS,met3-met4,STRIPE,via,196872,119440,198472,119920,1600,via3_1600x480
VSS,met2-met3,STRIPE,via,196872,119440,198472,119920,1600,via2_1600x480
VSS,met1-met2,STRIPE,via,196872,119440,198472,119920,1600,via_1600x480
VSS,met3-met4,STRIPE,via,172980,119440,174580,119920,1600,via3_1600x480
VSS,met2-met3,STRIPE,via,172980,119440,174580,119920,1600,via2_1600x480
VSS,met1-met2,STRIPE,via,172980,119440,174580,119920,1600,via_1600x480
VSS,met3-met4,STRIPE,via,147465,119440,149065,119920,1600,via3_1600x480
VSS,met2-met3,STRIPE,via,147465,119440,149065,119920,1600,via2_1600x480
VSS,met1-met2,STRIPE,via,147465,119440,149065,119920,1600,via_1600x480
VSS,met3-met4,STRIPE,via,118386,119440,119986,119920,1600,via3_1600x480
VSS,met2-met3,STRIPE,via,118386,119440,119986,119920,1600,via2_1600x480
VSS,met1-met2,STRIPE,via,118386,119440,119986,119920,1600,via_1600x480
VSS,met3-met4,STRIPE,via,91114,119440,92714,119920,1600,via3_1600x480
VSS,met2-met3,STRIPE,via,91114,119440,92714,119920,1600,via2_1600x480
VSS,met1-met2,STRIPE,via,91114,119440,92714,119920,1600,via_1600x480
VSS,met3-met4,STRIPE,via,64933,119440,66533,119920,1600,via3_1600x480
VSS,met2-met3,STRIPE,via,64933,119440,66533,119920,1600,via2_1600x480
VSS,met1-met2,STRIPE,via,64933,119440,66533,119920,1600,via_1600x480
VSS,met3-met4,STRIPE,via,37153,119440,38753,119920,1600,via3_1600x480
VSS,met2-met3,STRIPE,via,37153,119440,38753,119920,1600,via2_1600x480
VSS,met1-met2,STRIPE,via,37153,119440,38753,119920,1600,via_1600x480
VSS,met3-met4,STRIPE,via,254049,114000,255649,114480,1600,via3_1600x480
VSS,met2-met3,STRIPE,via,254049,114000,255649,114480,1600,via2_1600x480
VSS,met1-met2,STRIPE,via,254049,114000,255649,114480,1600,via_1600x480
VSS,met3-met4,STRIPE,via,225693,114000,227293,114480,1600,via3_1600x480
VSS,met2-met3,STRIPE,via,225693,114000,227293,114480,1600,via2_1600x480
VSS,met1-met2,STRIPE,via,225693,114000,227293,114480,1600,via_1600x480
VSS,met3-met4,STRIPE,via,196872,114000,198472,114480,1600,via3_1600x480
VSS,met2-met3,STRIPE,via,196872,114000,198472,114480,1600,via2_1600x480
VSS,met1-met2,STRIPE,via,196872,114000,198472,114480,1600,via_1600x480
VSS,met3-met4,STRIPE,via,172980,114000,174580,114480,1600,via3_1600x480
VSS,met2-met3,STRIPE,via,172980,114000,174580,114480,1600,via2_1600x480
VSS,met1-met2,STRIPE,via,172980,114000,174580,114480,1600,via_1600x480
VSS,met3-met4,STRIPE,via,147465,114000,149065,114480,1600,via3_1600x480
VSS,met2-met3,STRIPE,via,147465,114000,149065,114480,1600,via2_1600x480
VSS,met1-met2,STRIPE,via,147465,114000,149065,114480,1600,via_1600x480
VSS,met3-met4,STRIPE,via,118386,114000,119986,114480,1600,via3_1600x480
VSS,met2-met3,STRIPE,via,118386,114000,119986,114480,1600,via2_1600x480
VSS,met1-met2,STRIPE,via,118386,114000,119986,114480,1600,via_1600x480
VSS,met3-met4,STRIPE,via,91114,114000,92714,114480,1600,via3_1600x480
VSS,met2-met3,STRIPE,via,91114,114000,92714,114480,1600,via2_1600x480
VSS,met1-met2,STRIPE,via,91114,114000,92714,114480,1600,via_1600x480
VSS,met3-met4,STRIPE,via,64933,114000,66533,114480,1600,via3_1600x480
VSS,met2-met3,STRIPE,via,64933,114000,66533,114480,1600,via2_1600x480
VSS,met1-met2,STRIPE,via,64933,114000,66533,114480,1600,via_1600x480
VSS,met3-met4,STRIPE,via,37153,114000,38753,114480,1600,via3_1600x480
VSS,met2-met3,STRIPE,via,37153,114000,38753,114480,1600,via2_1600x480
VSS,met1-met2,STRIPE,via,37153,114000,38753,114480,1600,via_1600x480
VSS,met3-met4,STRIPE,via,254049,108560,255649,109040,1600,via3_1600x480
VSS,met2-met3,STRIPE,via,254049,108560,255649,109040,1600,via2_1600x480
VSS,met1-met2,STRIPE,via,254049,108560,255649,109040,1600,via_1600x480
VSS,met3-met4,STRIPE,via,225693,108560,227293,109040,1600,via3_1600x480
VSS,met2-met3,STRIPE,via,225693,108560,227293,109040,1600,via2_1600x480
VSS,met1-met2,STRIPE,via,225693,108560,227293,109040,1600,via_1600x480
VSS,met3-met4,STRIPE,via,196872,108560,198472,109040,1600,via3_1600x480
VSS,met2-met3,STRIPE,via,196872,108560,198472,109040,1600,via2_1600x480
VSS,met1-met2,STRIPE,via,196872,108560,198472,109040,1600,via_1600x480
VSS,met3-met4,STRIPE,via,172980,108560,174580,109040,1600,via3_1600x480
VSS,met2-met3,STRIPE,via,172980,108560,174580,109040,1600,via2_1600x480
VSS,met1-met2,STRIPE,via,172980,108560,174580,109040,1600,via_1600x480
VSS,met3-met4,STRIPE,via,147465,108560,149065,109040,1600,via3_1600x480
VSS,met2-met3,STRIPE,via,147465,108560,149065,109040,1600,via2_1600x480
VSS,met1-met2,STRIPE,via,147465,108560,149065,109040,1600,via_1600x480
VSS,met3-met4,STRIPE,via,118386,108560,119986,109040,1600,via3_1600x480
VSS,met2-met3,STRIPE,via,118386,108560,119986,109040,1600,via2_1600x480
VSS,met1-met2,STRIPE,via,118386,108560,119986,109040,1600,via_1600x480
VSS,met3-met4,STRIPE,via,91114,108560,92714,109040,1600,via3_1600x480
VSS,met2-met3,STRIPE,via,91114,108560,92714,109040,1600,via2_1600x480
VSS,met1-met2,STRIPE,via,91114,108560,92714,109040,1600,via_1600x480
VSS,met3-met4,STRIPE,via,64933,108560,66533,109040,1600,via3_1600x480
VSS,met2-met3,STRIPE,via,64933,108560,66533,109040,1600,via2_1600x480
VSS,met1-met2,STRIPE,via,64933,108560,66533,109040,1600,via_1600x480
VSS,met3-met4,STRIPE,via,37153,108560,38753,109040,1600,via3_1600x480
VSS,met2-met3,STRIPE,via,37153,108560,38753,109040,1600,via2_1600x480
VSS,met1-met2,STRIPE,via,37153,108560,38753,109040,1600,via_1600x480
VSS,met3-met4,STRIPE,via,254049,103120,255649,103600,1600,via3_1600x480
VSS,met2-met3,STRIPE,via,254049,103120,255649,103600,1600,via2_1600x480
VSS,met1-met2,STRIPE,via,254049,103120,255649,103600,1600,via_1600x480
VSS,met3-met4,STRIPE,via,225693,103120,227293,103600,1600,via3_1600x480
VSS,met2-met3,STRIPE,via,225693,103120,227293,103600,1600,via2_1600x480
VSS,met1-met2,STRIPE,via,225693,103120,227293,103600,1600,via_1600x480
VSS,met3-met4,STRIPE,via,196872,103120,198472,103600,1600,via3_1600x480
VSS,met2-met3,STRIPE,via,196872,103120,198472,103600,1600,via2_1600x480
VSS,met1-met2,STRIPE,via,196872,103120,198472,103600,1600,via_1600x480
VSS,met3-met4,STRIPE,via,172980,103120,174580,103600,1600,via3_1600x480
VSS,met2-met3,STRIPE,via,172980,103120,174580,103600,1600,via2_1600x480
VSS,met1-met2,STRIPE,via,172980,103120,174580,103600,1600,via_1600x480
VSS,met3-met4,STRIPE,via,147465,103120,149065,103600,1600,via3_1600x480
VSS,met2-met3,STRIPE,via,147465,103120,149065,103600,1600,via2_1600x480
VSS,met1-met2,STRIPE,via,147465,103120,149065,103600,1600,via_1600x480
VSS,met3-met4,STRIPE,via,118386,103120,119986,103600,1600,via3_1600x480
VSS,met2-met3,STRIPE,via,118386,103120,119986,103600,1600,via2_1600x480
VSS,met1-met2,STRIPE,via,118386,103120,119986,103600,1600,via_1600x480
VSS,met3-met4,STRIPE,via,91114,103120,92714,103600,1600,via3_1600x480
VSS,met2-met3,STRIPE,via,91114,103120,92714,103600,1600,via2_1600x480
VSS,met1-met2,STRIPE,via,91114,103120,92714,103600,1600,via_1600x480
VSS,met3-met4,STRIPE,via,64933,103120,66533,103600,1600,via3_1600x480
VSS,met2-met3,STRIPE,via,64933,103120,66533,103600,1600,via2_1600x480
VSS,met1-met2,STRIPE,via,64933,103120,66533,103600,1600,via_1600x480
VSS,met3-met4,STRIPE,via,37153,103120,38753,103600,1600,via3_1600x480
VSS,met2-met3,STRIPE,via,37153,103120,38753,103600,1600,via2_1600x480
VSS,met1-met2,STRIPE,via,37153,103120,38753,103600,1600,via_1600x480
VSS,met3-met4,STRIPE,via,254049,97680,255649,98160,1600,via3_1600x480
VSS,met2-met3,STRIPE,via,254049,97680,255649,98160,1600,via2_1600x480
VSS,met1-met2,STRIPE,via,254049,97680,255649,98160,1600,via_1600x480
VSS,met3-met4,STRIPE,via,225693,97680,227293,98160,1600,via3_1600x480
VSS,met2-met3,STRIPE,via,225693,97680,227293,98160,1600,via2_1600x480
VSS,met1-met2,STRIPE,via,225693,97680,227293,98160,1600,via_1600x480
VSS,met3-met4,STRIPE,via,196872,97680,198472,98160,1600,via3_1600x480
VSS,met2-met3,STRIPE,via,196872,97680,198472,98160,1600,via2_1600x480
VSS,met1-met2,STRIPE,via,196872,97680,198472,98160,1600,via_1600x480
VSS,met3-met4,STRIPE,via,172980,97680,174580,98160,1600,via3_1600x480
VSS,met2-met3,STRIPE,via,172980,97680,174580,98160,1600,via2_1600x480
VSS,met1-met2,STRIPE,via,172980,97680,174580,98160,1600,via_1600x480
VSS,met3-met4,STRIPE,via,147465,97680,149065,98160,1600,via3_1600x480
VSS,met2-met3,STRIPE,via,147465,97680,149065,98160,1600,via2_1600x480
VSS,met1-met2,STRIPE,via,147465,97680,149065,98160,1600,via_1600x480
VSS,met3-met4,STRIPE,via,118386,97680,119986,98160,1600,via3_1600x480
VSS,met2-met3,STRIPE,via,118386,97680,119986,98160,1600,via2_1600x480
VSS,met1-met2,STRIPE,via,118386,97680,119986,98160,1600,via_1600x480
VSS,met3-met4,STRIPE,via,91114,97680,92714,98160,1600,via3_1600x480
VSS,met2-met3,STRIPE,via,91114,97680,92714,98160,1600,via2_1600x480
VSS,met1-met2,STRIPE,via,91114,97680,92714,98160,1600,via_1600x480
VSS,met3-met4,STRIPE,via,64933,97680,66533,98160,1600,via3_1600x480
VSS,met2-met3,STRIPE,via,64933,97680,66533,98160,1600,via2_1600x480
VSS,met1-met2,STRIPE,via,64933,97680,66533,98160,1600,via_1600x480
VSS,met3-met4,STRIPE,via,37153,97680,38753,98160,1600,via3_1600x480
VSS,met2-met3,STRIPE,via,37153,97680,38753,98160,1600,via2_1600x480
VSS,met1-met2,STRIPE,via,37153,97680,38753,98160,1600,via_1600x480
VSS,met3-met4,STRIPE,via,254049,92240,255649,92720,1600,via3_1600x480
VSS,met2-met3,STRIPE,via,254049,92240,255649,92720,1600,via2_1600x480
VSS,met1-met2,STRIPE,via,254049,92240,255649,92720,1600,via_1600x480
VSS,met3-met4,STRIPE,via,225693,92240,227293,92720,1600,via3_1600x480
VSS,met2-met3,STRIPE,via,225693,92240,227293,92720,1600,via2_1600x480
VSS,met1-met2,STRIPE,via,225693,92240,227293,92720,1600,via_1600x480
VSS,met3-met4,STRIPE,via,196872,92240,198472,92720,1600,via3_1600x480
VSS,met2-met3,STRIPE,via,196872,92240,198472,92720,1600,via2_1600x480
VSS,met1-met2,STRIPE,via,196872,92240,198472,92720,1600,via_1600x480
VSS,met3-met4,STRIPE,via,172980,92240,174580,92720,1600,via3_1600x480
VSS,met2-met3,STRIPE,via,172980,92240,174580,92720,1600,via2_1600x480
VSS,met1-met2,STRIPE,via,172980,92240,174580,92720,1600,via_1600x480
VSS,met3-met4,STRIPE,via,147465,92240,149065,92720,1600,via3_1600x480
VSS,met2-met3,STRIPE,via,147465,92240,149065,92720,1600,via2_1600x480
VSS,met1-met2,STRIPE,via,147465,92240,149065,92720,1600,via_1600x480
VSS,met3-met4,STRIPE,via,118386,92240,119986,92720,1600,via3_1600x480
VSS,met2-met3,STRIPE,via,118386,92240,119986,92720,1600,via2_1600x480
VSS,met1-met2,STRIPE,via,118386,92240,119986,92720,1600,via_1600x480
VSS,met3-met4,STRIPE,via,91114,92240,92714,92720,1600,via3_1600x480
VSS,met2-met3,STRIPE,via,91114,92240,92714,92720,1600,via2_1600x480
VSS,met1-met2,STRIPE,via,91114,92240,92714,92720,1600,via_1600x480
VSS,met3-met4,STRIPE,via,64933,92240,66533,92720,1600,via3_1600x480
VSS,met2-met3,STRIPE,via,64933,92240,66533,92720,1600,via2_1600x480
VSS,met1-met2,STRIPE,via,64933,92240,66533,92720,1600,via_1600x480
VSS,met3-met4,STRIPE,via,37153,92240,38753,92720,1600,via3_1600x480
VSS,met2-met3,STRIPE,via,37153,92240,38753,92720,1600,via2_1600x480
VSS,met1-met2,STRIPE,via,37153,92240,38753,92720,1600,via_1600x480
VSS,met3-met4,STRIPE,via,254049,86800,255649,87280,1600,via3_1600x480
VSS,met2-met3,STRIPE,via,254049,86800,255649,87280,1600,via2_1600x480
VSS,met1-met2,STRIPE,via,254049,86800,255649,87280,1600,via_1600x480
VSS,met3-met4,STRIPE,via,225693,86800,227293,87280,1600,via3_1600x480
VSS,met2-met3,STRIPE,via,225693,86800,227293,87280,1600,via2_1600x480
VSS,met1-met2,STRIPE,via,225693,86800,227293,87280,1600,via_1600x480
VSS,met3-met4,STRIPE,via,196872,86800,198472,87280,1600,via3_1600x480
VSS,met2-met3,STRIPE,via,196872,86800,198472,87280,1600,via2_1600x480
VSS,met1-met2,STRIPE,via,196872,86800,198472,87280,1600,via_1600x480
VSS,met3-met4,STRIPE,via,172980,86800,174580,87280,1600,via3_1600x480
VSS,met2-met3,STRIPE,via,172980,86800,174580,87280,1600,via2_1600x480
VSS,met1-met2,STRIPE,via,172980,86800,174580,87280,1600,via_1600x480
VSS,met3-met4,STRIPE,via,147465,86800,149065,87280,1600,via3_1600x480
VSS,met2-met3,STRIPE,via,147465,86800,149065,87280,1600,via2_1600x480
VSS,met1-met2,STRIPE,via,147465,86800,149065,87280,1600,via_1600x480
VSS,met3-met4,STRIPE,via,118386,86800,119986,87280,1600,via3_1600x480
VSS,met2-met3,STRIPE,via,118386,86800,119986,87280,1600,via2_1600x480
VSS,met1-met2,STRIPE,via,118386,86800,119986,87280,1600,via_1600x480
VSS,met3-met4,STRIPE,via,91114,86800,92714,87280,1600,via3_1600x480
VSS,met2-met3,STRIPE,via,91114,86800,92714,87280,1600,via2_1600x480
VSS,met1-met2,STRIPE,via,91114,86800,92714,87280,1600,via_1600x480
VSS,met3-met4,STRIPE,via,64933,86800,66533,87280,1600,via3_1600x480
VSS,met2-met3,STRIPE,via,64933,86800,66533,87280,1600,via2_1600x480
VSS,met1-met2,STRIPE,via,64933,86800,66533,87280,1600,via_1600x480
VSS,met3-met4,STRIPE,via,37153,86800,38753,87280,1600,via3_1600x480
VSS,met2-met3,STRIPE,via,37153,86800,38753,87280,1600,via2_1600x480
VSS,met1-met2,STRIPE,via,37153,86800,38753,87280,1600,via_1600x480
VSS,met3-met4,STRIPE,via,254049,81360,255649,81840,1600,via3_1600x480
VSS,met2-met3,STRIPE,via,254049,81360,255649,81840,1600,via2_1600x480
VSS,met1-met2,STRIPE,via,254049,81360,255649,81840,1600,via_1600x480
VSS,met3-met4,STRIPE,via,225693,81360,227293,81840,1600,via3_1600x480
VSS,met2-met3,STRIPE,via,225693,81360,227293,81840,1600,via2_1600x480
VSS,met1-met2,STRIPE,via,225693,81360,227293,81840,1600,via_1600x480
VSS,met3-met4,STRIPE,via,196872,81360,198472,81840,1600,via3_1600x480
VSS,met2-met3,STRIPE,via,196872,81360,198472,81840,1600,via2_1600x480
VSS,met1-met2,STRIPE,via,196872,81360,198472,81840,1600,via_1600x480
VSS,met3-met4,STRIPE,via,172980,81360,174580,81840,1600,via3_1600x480
VSS,met2-met3,STRIPE,via,172980,81360,174580,81840,1600,via2_1600x480
VSS,met1-met2,STRIPE,via,172980,81360,174580,81840,1600,via_1600x480
VSS,met3-met4,STRIPE,via,147465,81360,149065,81840,1600,via3_1600x480
VSS,met2-met3,STRIPE,via,147465,81360,149065,81840,1600,via2_1600x480
VSS,met1-met2,STRIPE,via,147465,81360,149065,81840,1600,via_1600x480
VSS,met3-met4,STRIPE,via,118386,81360,119986,81840,1600,via3_1600x480
VSS,met2-met3,STRIPE,via,118386,81360,119986,81840,1600,via2_1600x480
VSS,met1-met2,STRIPE,via,118386,81360,119986,81840,1600,via_1600x480
VSS,met3-met4,STRIPE,via,91114,81360,92714,81840,1600,via3_1600x480
VSS,met2-met3,STRIPE,via,91114,81360,92714,81840,1600,via2_1600x480
VSS,met1-met2,STRIPE,via,91114,81360,92714,81840,1600,via_1600x480
VSS,met3-met4,STRIPE,via,64933,81360,66533,81840,1600,via3_1600x480
VSS,met2-met3,STRIPE,via,64933,81360,66533,81840,1600,via2_1600x480
VSS,met1-met2,STRIPE,via,64933,81360,66533,81840,1600,via_1600x480
VSS,met3-met4,STRIPE,via,37153,81360,38753,81840,1600,via3_1600x480
VSS,met2-met3,STRIPE,via,37153,81360,38753,81840,1600,via2_1600x480
VSS,met1-met2,STRIPE,via,37153,81360,38753,81840,1600,via_1600x480
VSS,met3-met4,STRIPE,via,254049,75920,255649,76400,1600,via3_1600x480
VSS,met2-met3,STRIPE,via,254049,75920,255649,76400,1600,via2_1600x480
VSS,met1-met2,STRIPE,via,254049,75920,255649,76400,1600,via_1600x480
VSS,met3-met4,STRIPE,via,225693,75920,227293,76400,1600,via3_1600x480
VSS,met2-met3,STRIPE,via,225693,75920,227293,76400,1600,via2_1600x480
VSS,met1-met2,STRIPE,via,225693,75920,227293,76400,1600,via_1600x480
VSS,met3-met4,STRIPE,via,196872,75920,198472,76400,1600,via3_1600x480
VSS,met2-met3,STRIPE,via,196872,75920,198472,76400,1600,via2_1600x480
VSS,met1-met2,STRIPE,via,196872,75920,198472,76400,1600,via_1600x480
VSS,met3-met4,STRIPE,via,172980,75920,174580,76400,1600,via3_1600x480
VSS,met2-met3,STRIPE,via,172980,75920,174580,76400,1600,via2_1600x480
VSS,met1-met2,STRIPE,via,172980,75920,174580,76400,1600,via_1600x480
VSS,met3-met4,STRIPE,via,147465,75920,149065,76400,1600,via3_1600x480
VSS,met2-met3,STRIPE,via,147465,75920,149065,76400,1600,via2_1600x480
VSS,met1-met2,STRIPE,via,147465,75920,149065,76400,1600,via_1600x480
VSS,met3-met4,STRIPE,via,118386,75920,119986,76400,1600,via3_1600x480
VSS,met2-met3,STRIPE,via,118386,75920,119986,76400,1600,via2_1600x480
VSS,met1-met2,STRIPE,via,118386,75920,119986,76400,1600,via_1600x480
VSS,met3-met4,STRIPE,via,91114,75920,92714,76400,1600,via3_1600x480
VSS,met2-met3,STRIPE,via,91114,75920,92714,76400,1600,via2_1600x480
VSS,met1-met2,STRIPE,via,91114,75920,92714,76400,1600,via_1600x480
VSS,met3-met4,STRIPE,via,64933,75920,66533,76400,1600,via3_1600x480
VSS,met2-met3,STRIPE,via,64933,75920,66533,76400,1600,via2_1600x480
VSS,met1-met2,STRIPE,via,64933,75920,66533,76400,1600,via_1600x480
VSS,met3-met4,STRIPE,via,37153,75920,38753,76400,1600,via3_1600x480
VSS,met2-met3,STRIPE,via,37153,75920,38753,76400,1600,via2_1600x480
VSS,met1-met2,STRIPE,via,37153,75920,38753,76400,1600,via_1600x480
VSS,met3-met4,STRIPE,via,254049,70480,255649,70960,1600,via3_1600x480
VSS,met2-met3,STRIPE,via,254049,70480,255649,70960,1600,via2_1600x480
VSS,met1-met2,STRIPE,via,254049,70480,255649,70960,1600,via_1600x480
VSS,met3-met4,STRIPE,via,225693,70480,227293,70960,1600,via3_1600x480
VSS,met2-met3,STRIPE,via,225693,70480,227293,70960,1600,via2_1600x480
VSS,met1-met2,STRIPE,via,225693,70480,227293,70960,1600,via_1600x480
VSS,met3-met4,STRIPE,via,196872,70480,198472,70960,1600,via3_1600x480
VSS,met2-met3,STRIPE,via,196872,70480,198472,70960,1600,via2_1600x480
VSS,met1-met2,STRIPE,via,196872,70480,198472,70960,1600,via_1600x480
VSS,met3-met4,STRIPE,via,172980,70480,174580,70960,1600,via3_1600x480
VSS,met2-met3,STRIPE,via,172980,70480,174580,70960,1600,via2_1600x480
VSS,met1-met2,STRIPE,via,172980,70480,174580,70960,1600,via_1600x480
VSS,met3-met4,STRIPE,via,147465,70480,149065,70960,1600,via3_1600x480
VSS,met2-met3,STRIPE,via,147465,70480,149065,70960,1600,via2_1600x480
VSS,met1-met2,STRIPE,via,147465,70480,149065,70960,1600,via_1600x480
VSS,met3-met4,STRIPE,via,118386,70480,119986,70960,1600,via3_1600x480
VSS,met2-met3,STRIPE,via,118386,70480,119986,70960,1600,via2_1600x480
VSS,met1-met2,STRIPE,via,118386,70480,119986,70960,1600,via_1600x480
VSS,met3-met4,STRIPE,via,91114,70480,92714,70960,1600,via3_1600x480
VSS,met2-met3,STRIPE,via,91114,70480,92714,70960,1600,via2_1600x480
VSS,met1-met2,STRIPE,via,91114,70480,92714,70960,1600,via_1600x480
VSS,met3-met4,STRIPE,via,64933,70480,66533,70960,1600,via3_1600x480
VSS,met2-met3,STRIPE,via,64933,70480,66533,70960,1600,via2_1600x480
VSS,met1-met2,STRIPE,via,64933,70480,66533,70960,1600,via_1600x480
VSS,met3-met4,STRIPE,via,37153,70480,38753,70960,1600,via3_1600x480
VSS,met2-met3,STRIPE,via,37153,70480,38753,70960,1600,via2_1600x480
VSS,met1-met2,STRIPE,via,37153,70480,38753,70960,1600,via_1600x480
VSS,met3-met4,STRIPE,via,254049,65040,255649,65520,1600,via3_1600x480
VSS,met2-met3,STRIPE,via,254049,65040,255649,65520,1600,via2_1600x480
VSS,met1-met2,STRIPE,via,254049,65040,255649,65520,1600,via_1600x480
VSS,met3-met4,STRIPE,via,225693,65040,227293,65520,1600,via3_1600x480
VSS,met2-met3,STRIPE,via,225693,65040,227293,65520,1600,via2_1600x480
VSS,met1-met2,STRIPE,via,225693,65040,227293,65520,1600,via_1600x480
VSS,met3-met4,STRIPE,via,196872,65040,198472,65520,1600,via3_1600x480
VSS,met2-met3,STRIPE,via,196872,65040,198472,65520,1600,via2_1600x480
VSS,met1-met2,STRIPE,via,196872,65040,198472,65520,1600,via_1600x480
VSS,met3-met4,STRIPE,via,172980,65040,174580,65520,1600,via3_1600x480
VSS,met2-met3,STRIPE,via,172980,65040,174580,65520,1600,via2_1600x480
VSS,met1-met2,STRIPE,via,172980,65040,174580,65520,1600,via_1600x480
VSS,met3-met4,STRIPE,via,147465,65040,149065,65520,1600,via3_1600x480
VSS,met2-met3,STRIPE,via,147465,65040,149065,65520,1600,via2_1600x480
VSS,met1-met2,STRIPE,via,147465,65040,149065,65520,1600,via_1600x480
VSS,met3-met4,STRIPE,via,118386,65040,119986,65520,1600,via3_1600x480
VSS,met2-met3,STRIPE,via,118386,65040,119986,65520,1600,via2_1600x480
VSS,met1-met2,STRIPE,via,118386,65040,119986,65520,1600,via_1600x480
VSS,met3-met4,STRIPE,via,91114,65040,92714,65520,1600,via3_1600x480
VSS,met2-met3,STRIPE,via,91114,65040,92714,65520,1600,via2_1600x480
VSS,met1-met2,STRIPE,via,91114,65040,92714,65520,1600,via_1600x480
VSS,met3-met4,STRIPE,via,64933,65040,66533,65520,1600,via3_1600x480
VSS,met2-met3,STRIPE,via,64933,65040,66533,65520,1600,via2_1600x480
VSS,met1-met2,STRIPE,via,64933,65040,66533,65520,1600,via_1600x480
VSS,met3-met4,STRIPE,via,37153,65040,38753,65520,1600,via3_1600x480
VSS,met2-met3,STRIPE,via,37153,65040,38753,65520,1600,via2_1600x480
VSS,met1-met2,STRIPE,via,37153,65040,38753,65520,1600,via_1600x480
VSS,met3-met4,STRIPE,via,254049,59600,255649,60080,1600,via3_1600x480
VSS,met2-met3,STRIPE,via,254049,59600,255649,60080,1600,via2_1600x480
VSS,met1-met2,STRIPE,via,254049,59600,255649,60080,1600,via_1600x480
VSS,met3-met4,STRIPE,via,225693,59600,227293,60080,1600,via3_1600x480
VSS,met2-met3,STRIPE,via,225693,59600,227293,60080,1600,via2_1600x480
VSS,met1-met2,STRIPE,via,225693,59600,227293,60080,1600,via_1600x480
VSS,met3-met4,STRIPE,via,196872,59600,198472,60080,1600,via3_1600x480
VSS,met2-met3,STRIPE,via,196872,59600,198472,60080,1600,via2_1600x480
VSS,met1-met2,STRIPE,via,196872,59600,198472,60080,1600,via_1600x480
VSS,met3-met4,STRIPE,via,172980,59600,174580,60080,1600,via3_1600x480
VSS,met2-met3,STRIPE,via,172980,59600,174580,60080,1600,via2_1600x480
VSS,met1-met2,STRIPE,via,172980,59600,174580,60080,1600,via_1600x480
VSS,met3-met4,STRIPE,via,147465,59600,149065,60080,1600,via3_1600x480
VSS,met2-met3,STRIPE,via,147465,59600,149065,60080,1600,via2_1600x480
VSS,met1-met2,STRIPE,via,147465,59600,149065,60080,1600,via_1600x480
VSS,met3-met4,STRIPE,via,118386,59600,119986,60080,1600,via3_1600x480
VSS,met2-met3,STRIPE,via,118386,59600,119986,60080,1600,via2_1600x480
VSS,met1-met2,STRIPE,via,118386,59600,119986,60080,1600,via_1600x480
VSS,met3-met4,STRIPE,via,91114,59600,92714,60080,1600,via3_1600x480
VSS,met2-met3,STRIPE,via,91114,59600,92714,60080,1600,via2_1600x480
VSS,met1-met2,STRIPE,via,91114,59600,92714,60080,1600,via_1600x480
VSS,met3-met4,STRIPE,via,64933,59600,66533,60080,1600,via3_1600x480
VSS,met2-met3,STRIPE,via,64933,59600,66533,60080,1600,via2_1600x480
VSS,met1-met2,STRIPE,via,64933,59600,66533,60080,1600,via_1600x480
VSS,met3-met4,STRIPE,via,37153,59600,38753,60080,1600,via3_1600x480
VSS,met2-met3,STRIPE,via,37153,59600,38753,60080,1600,via2_1600x480
VSS,met1-met2,STRIPE,via,37153,59600,38753,60080,1600,via_1600x480
VSS,met3-met4,STRIPE,via,254049,54160,255649,54640,1600,via3_1600x480
VSS,met2-met3,STRIPE,via,254049,54160,255649,54640,1600,via2_1600x480
VSS,met1-met2,STRIPE,via,254049,54160,255649,54640,1600,via_1600x480
VSS,met3-met4,STRIPE,via,225693,54160,227293,54640,1600,via3_1600x480
VSS,met2-met3,STRIPE,via,225693,54160,227293,54640,1600,via2_1600x480
VSS,met1-met2,STRIPE,via,225693,54160,227293,54640,1600,via_1600x480
VSS,met3-met4,STRIPE,via,196872,54160,198472,54640,1600,via3_1600x480
VSS,met2-met3,STRIPE,via,196872,54160,198472,54640,1600,via2_1600x480
VSS,met1-met2,STRIPE,via,196872,54160,198472,54640,1600,via_1600x480
VSS,met3-met4,STRIPE,via,172980,54160,174580,54640,1600,via3_1600x480
VSS,met2-met3,STRIPE,via,172980,54160,174580,54640,1600,via2_1600x480
VSS,met1-met2,STRIPE,via,172980,54160,174580,54640,1600,via_1600x480
VSS,met3-met4,STRIPE,via,147465,54160,149065,54640,1600,via3_1600x480
VSS,met2-met3,STRIPE,via,147465,54160,149065,54640,1600,via2_1600x480
VSS,met1-met2,STRIPE,via,147465,54160,149065,54640,1600,via_1600x480
VSS,met3-met4,STRIPE,via,118386,54160,119986,54640,1600,via3_1600x480
VSS,met2-met3,STRIPE,via,118386,54160,119986,54640,1600,via2_1600x480
VSS,met1-met2,STRIPE,via,118386,54160,119986,54640,1600,via_1600x480
VSS,met3-met4,STRIPE,via,91114,54160,92714,54640,1600,via3_1600x480
VSS,met2-met3,STRIPE,via,91114,54160,92714,54640,1600,via2_1600x480
VSS,met1-met2,STRIPE,via,91114,54160,92714,54640,1600,via_1600x480
VSS,met3-met4,STRIPE,via,64933,54160,66533,54640,1600,via3_1600x480
VSS,met2-met3,STRIPE,via,64933,54160,66533,54640,1600,via2_1600x480
VSS,met1-met2,STRIPE,via,64933,54160,66533,54640,1600,via_1600x480
VSS,met3-met4,STRIPE,via,37153,54160,38753,54640,1600,via3_1600x480
VSS,met2-met3,STRIPE,via,37153,54160,38753,54640,1600,via2_1600x480
VSS,met1-met2,STRIPE,via,37153,54160,38753,54640,1600,via_1600x480
VSS,met3-met4,STRIPE,via,254049,48720,255649,49200,1600,via3_1600x480
VSS,met2-met3,STRIPE,via,254049,48720,255649,49200,1600,via2_1600x480
VSS,met1-met2,STRIPE,via,254049,48720,255649,49200,1600,via_1600x480
VSS,met3-met4,STRIPE,via,225693,48720,227293,49200,1600,via3_1600x480
VSS,met2-met3,STRIPE,via,225693,48720,227293,49200,1600,via2_1600x480
VSS,met1-met2,STRIPE,via,225693,48720,227293,49200,1600,via_1600x480
VSS,met3-met4,STRIPE,via,196872,48720,198472,49200,1600,via3_1600x480
VSS,met2-met3,STRIPE,via,196872,48720,198472,49200,1600,via2_1600x480
VSS,met1-met2,STRIPE,via,196872,48720,198472,49200,1600,via_1600x480
VSS,met3-met4,STRIPE,via,172980,48720,174580,49200,1600,via3_1600x480
VSS,met2-met3,STRIPE,via,172980,48720,174580,49200,1600,via2_1600x480
VSS,met1-met2,STRIPE,via,172980,48720,174580,49200,1600,via_1600x480
VSS,met3-met4,STRIPE,via,147465,48720,149065,49200,1600,via3_1600x480
VSS,met2-met3,STRIPE,via,147465,48720,149065,49200,1600,via2_1600x480
VSS,met1-met2,STRIPE,via,147465,48720,149065,49200,1600,via_1600x480
VSS,met3-met4,STRIPE,via,118386,48720,119986,49200,1600,via3_1600x480
VSS,met2-met3,STRIPE,via,118386,48720,119986,49200,1600,via2_1600x480
VSS,met1-met2,STRIPE,via,118386,48720,119986,49200,1600,via_1600x480
VSS,met3-met4,STRIPE,via,91114,48720,92714,49200,1600,via3_1600x480
VSS,met2-met3,STRIPE,via,91114,48720,92714,49200,1600,via2_1600x480
VSS,met1-met2,STRIPE,via,91114,48720,92714,49200,1600,via_1600x480
VSS,met3-met4,STRIPE,via,64933,48720,66533,49200,1600,via3_1600x480
VSS,met2-met3,STRIPE,via,64933,48720,66533,49200,1600,via2_1600x480
VSS,met1-met2,STRIPE,via,64933,48720,66533,49200,1600,via_1600x480
VSS,met3-met4,STRIPE,via,37153,48720,38753,49200,1600,via3_1600x480
VSS,met2-met3,STRIPE,via,37153,48720,38753,49200,1600,via2_1600x480
VSS,met1-met2,STRIPE,via,37153,48720,38753,49200,1600,via_1600x480
VSS,met3-met4,STRIPE,via,254049,43280,255649,43760,1600,via3_1600x480
VSS,met2-met3,STRIPE,via,254049,43280,255649,43760,1600,via2_1600x480
VSS,met1-met2,STRIPE,via,254049,43280,255649,43760,1600,via_1600x480
VSS,met3-met4,STRIPE,via,225693,43280,227293,43760,1600,via3_1600x480
VSS,met2-met3,STRIPE,via,225693,43280,227293,43760,1600,via2_1600x480
VSS,met1-met2,STRIPE,via,225693,43280,227293,43760,1600,via_1600x480
VSS,met3-met4,STRIPE,via,196872,43280,198472,43760,1600,via3_1600x480
VSS,met2-met3,STRIPE,via,196872,43280,198472,43760,1600,via2_1600x480
VSS,met1-met2,STRIPE,via,196872,43280,198472,43760,1600,via_1600x480
VSS,met3-met4,STRIPE,via,172980,43280,174580,43760,1600,via3_1600x480
VSS,met2-met3,STRIPE,via,172980,43280,174580,43760,1600,via2_1600x480
VSS,met1-met2,STRIPE,via,172980,43280,174580,43760,1600,via_1600x480
VSS,met3-met4,STRIPE,via,147465,43280,149065,43760,1600,via3_1600x480
VSS,met2-met3,STRIPE,via,147465,43280,149065,43760,1600,via2_1600x480
VSS,met1-met2,STRIPE,via,147465,43280,149065,43760,1600,via_1600x480
VSS,met3-met4,STRIPE,via,118386,43280,119986,43760,1600,via3_1600x480
VSS,met2-met3,STRIPE,via,118386,43280,119986,43760,1600,via2_1600x480
VSS,met1-met2,STRIPE,via,118386,43280,119986,43760,1600,via_1600x480
VSS,met3-met4,STRIPE,via,91114,43280,92714,43760,1600,via3_1600x480
VSS,met2-met3,STRIPE,via,91114,43280,92714,43760,1600,via2_1600x480
VSS,met1-met2,STRIPE,via,91114,43280,92714,43760,1600,via_1600x480
VSS,met3-met4,STRIPE,via,64933,43280,66533,43760,1600,via3_1600x480
VSS,met2-met3,STRIPE,via,64933,43280,66533,43760,1600,via2_1600x480
VSS,met1-met2,STRIPE,via,64933,43280,66533,43760,1600,via_1600x480
VSS,met3-met4,STRIPE,via,37153,43280,38753,43760,1600,via3_1600x480
VSS,met2-met3,STRIPE,via,37153,43280,38753,43760,1600,via2_1600x480
VSS,met1-met2,STRIPE,via,37153,43280,38753,43760,1600,via_1600x480
VSS,met3-met4,STRIPE,via,254049,37840,255649,38320,1600,via3_1600x480
VSS,met2-met3,STRIPE,via,254049,37840,255649,38320,1600,via2_1600x480
VSS,met1-met2,STRIPE,via,254049,37840,255649,38320,1600,via_1600x480
VSS,met3-met4,STRIPE,via,225693,37840,227293,38320,1600,via3_1600x480
VSS,met2-met3,STRIPE,via,225693,37840,227293,38320,1600,via2_1600x480
VSS,met1-met2,STRIPE,via,225693,37840,227293,38320,1600,via_1600x480
VSS,met3-met4,STRIPE,via,196872,37840,198472,38320,1600,via3_1600x480
VSS,met2-met3,STRIPE,via,196872,37840,198472,38320,1600,via2_1600x480
VSS,met1-met2,STRIPE,via,196872,37840,198472,38320,1600,via_1600x480
VSS,met3-met4,STRIPE,via,172980,37840,174580,38320,1600,via3_1600x480
VSS,met2-met3,STRIPE,via,172980,37840,174580,38320,1600,via2_1600x480
VSS,met1-met2,STRIPE,via,172980,37840,174580,38320,1600,via_1600x480
VSS,met3-met4,STRIPE,via,147465,37840,149065,38320,1600,via3_1600x480
VSS,met2-met3,STRIPE,via,147465,37840,149065,38320,1600,via2_1600x480
VSS,met1-met2,STRIPE,via,147465,37840,149065,38320,1600,via_1600x480
VSS,met3-met4,STRIPE,via,118386,37840,119986,38320,1600,via3_1600x480
VSS,met2-met3,STRIPE,via,118386,37840,119986,38320,1600,via2_1600x480
VSS,met1-met2,STRIPE,via,118386,37840,119986,38320,1600,via_1600x480
VSS,met3-met4,STRIPE,via,91114,37840,92714,38320,1600,via3_1600x480
VSS,met2-met3,STRIPE,via,91114,37840,92714,38320,1600,via2_1600x480
VSS,met1-met2,STRIPE,via,91114,37840,92714,38320,1600,via_1600x480
VSS,met3-met4,STRIPE,via,64933,37840,66533,38320,1600,via3_1600x480
VSS,met2-met3,STRIPE,via,64933,37840,66533,38320,1600,via2_1600x480
VSS,met1-met2,STRIPE,via,64933,37840,66533,38320,1600,via_1600x480
VSS,met3-met4,STRIPE,via,37153,37840,38753,38320,1600,via3_1600x480
VSS,met2-met3,STRIPE,via,37153,37840,38753,38320,1600,via2_1600x480
VSS,met1-met2,STRIPE,via,37153,37840,38753,38320,1600,via_1600x480
VSS,met3-met4,STRIPE,via,254049,32400,255649,32880,1600,via3_1600x480
VSS,met2-met3,STRIPE,via,254049,32400,255649,32880,1600,via2_1600x480
VSS,met1-met2,STRIPE,via,254049,32400,255649,32880,1600,via_1600x480
VSS,met3-met4,STRIPE,via,225693,32400,227293,32880,1600,via3_1600x480
VSS,met2-met3,STRIPE,via,225693,32400,227293,32880,1600,via2_1600x480
VSS,met1-met2,STRIPE,via,225693,32400,227293,32880,1600,via_1600x480
VSS,met3-met4,STRIPE,via,196872,32400,198472,32880,1600,via3_1600x480
VSS,met2-met3,STRIPE,via,196872,32400,198472,32880,1600,via2_1600x480
VSS,met1-met2,STRIPE,via,196872,32400,198472,32880,1600,via_1600x480
VSS,met3-met4,STRIPE,via,172980,32400,174580,32880,1600,via3_1600x480
VSS,met2-met3,STRIPE,via,172980,32400,174580,32880,1600,via2_1600x480
VSS,met1-met2,STRIPE,via,172980,32400,174580,32880,1600,via_1600x480
VSS,met3-met4,STRIPE,via,147465,32400,149065,32880,1600,via3_1600x480
VSS,met2-met3,STRIPE,via,147465,32400,149065,32880,1600,via2_1600x480
VSS,met1-met2,STRIPE,via,147465,32400,149065,32880,1600,via_1600x480
VSS,met3-met4,STRIPE,via,118386,32400,119986,32880,1600,via3_1600x480
VSS,met2-met3,STRIPE,via,118386,32400,119986,32880,1600,via2_1600x480
VSS,met1-met2,STRIPE,via,118386,32400,119986,32880,1600,via_1600x480
VSS,met3-met4,STRIPE,via,91114,32400,92714,32880,1600,via3_1600x480
VSS,met2-met3,STRIPE,via,91114,32400,92714,32880,1600,via2_1600x480
VSS,met1-met2,STRIPE,via,91114,32400,92714,32880,1600,via_1600x480
VSS,met3-met4,STRIPE,via,64933,32400,66533,32880,1600,via3_1600x480
VSS,met2-met3,STRIPE,via,64933,32400,66533,32880,1600,via2_1600x480
VSS,met1-met2,STRIPE,via,64933,32400,66533,32880,1600,via_1600x480
VSS,met3-met4,STRIPE,via,37153,32400,38753,32880,1600,via3_1600x480
VSS,met2-met3,STRIPE,via,37153,32400,38753,32880,1600,via2_1600x480
VSS,met1-met2,STRIPE,via,37153,32400,38753,32880,1600,via_1600x480
VSS,met3-met4,STRIPE,via,254049,26960,255649,27440,1600,via3_1600x480
VSS,met2-met3,STRIPE,via,254049,26960,255649,27440,1600,via2_1600x480
VSS,met1-met2,STRIPE,via,254049,26960,255649,27440,1600,via_1600x480
VSS,met3-met4,STRIPE,via,225693,26960,227293,27440,1600,via3_1600x480
VSS,met2-met3,STRIPE,via,225693,26960,227293,27440,1600,via2_1600x480
VSS,met1-met2,STRIPE,via,225693,26960,227293,27440,1600,via_1600x480
VSS,met3-met4,STRIPE,via,196872,26960,198472,27440,1600,via3_1600x480
VSS,met2-met3,STRIPE,via,196872,26960,198472,27440,1600,via2_1600x480
VSS,met1-met2,STRIPE,via,196872,26960,198472,27440,1600,via_1600x480
VSS,met3-met4,STRIPE,via,172980,26960,174580,27440,1600,via3_1600x480
VSS,met2-met3,STRIPE,via,172980,26960,174580,27440,1600,via2_1600x480
VSS,met1-met2,STRIPE,via,172980,26960,174580,27440,1600,via_1600x480
VSS,met3-met4,STRIPE,via,147465,26960,149065,27440,1600,via3_1600x480
VSS,met2-met3,STRIPE,via,147465,26960,149065,27440,1600,via2_1600x480
VSS,met1-met2,STRIPE,via,147465,26960,149065,27440,1600,via_1600x480
VSS,met3-met4,STRIPE,via,118386,26960,119986,27440,1600,via3_1600x480
VSS,met2-met3,STRIPE,via,118386,26960,119986,27440,1600,via2_1600x480
VSS,met1-met2,STRIPE,via,118386,26960,119986,27440,1600,via_1600x480
VSS,met3-met4,STRIPE,via,91114,26960,92714,27440,1600,via3_1600x480
VSS,met2-met3,STRIPE,via,91114,26960,92714,27440,1600,via2_1600x480
VSS,met1-met2,STRIPE,via,91114,26960,92714,27440,1600,via_1600x480
VSS,met3-met4,STRIPE,via,64933,26960,66533,27440,1600,via3_1600x480
VSS,met2-met3,STRIPE,via,64933,26960,66533,27440,1600,via2_1600x480
VSS,met1-met2,STRIPE,via,64933,26960,66533,27440,1600,via_1600x480
VSS,met3-met4,STRIPE,via,37153,26960,38753,27440,1600,via3_1600x480
VSS,met2-met3,STRIPE,via,37153,26960,38753,27440,1600,via2_1600x480
VSS,met1-met2,STRIPE,via,37153,26960,38753,27440,1600,via_1600x480
VSS,met3-met4,STRIPE,via,254049,21520,255649,22000,1600,via3_1600x480
VSS,met2-met3,STRIPE,via,254049,21520,255649,22000,1600,via2_1600x480
VSS,met1-met2,STRIPE,via,254049,21520,255649,22000,1600,via_1600x480
VSS,met3-met4,STRIPE,via,225693,21520,227293,22000,1600,via3_1600x480
VSS,met2-met3,STRIPE,via,225693,21520,227293,22000,1600,via2_1600x480
VSS,met1-met2,STRIPE,via,225693,21520,227293,22000,1600,via_1600x480
VSS,met3-met4,STRIPE,via,196872,21520,198472,22000,1600,via3_1600x480
VSS,met2-met3,STRIPE,via,196872,21520,198472,22000,1600,via2_1600x480
VSS,met1-met2,STRIPE,via,196872,21520,198472,22000,1600,via_1600x480
VSS,met3-met4,STRIPE,via,172980,21520,174580,22000,1600,via3_1600x480
VSS,met2-met3,STRIPE,via,172980,21520,174580,22000,1600,via2_1600x480
VSS,met1-met2,STRIPE,via,172980,21520,174580,22000,1600,via_1600x480
VSS,met3-met4,STRIPE,via,147465,21520,149065,22000,1600,via3_1600x480
VSS,met2-met3,STRIPE,via,147465,21520,149065,22000,1600,via2_1600x480
VSS,met1-met2,STRIPE,via,147465,21520,149065,22000,1600,via_1600x480
VSS,met3-met4,STRIPE,via,118386,21520,119986,22000,1600,via3_1600x480
VSS,met2-met3,STRIPE,via,118386,21520,119986,22000,1600,via2_1600x480
VSS,met1-met2,STRIPE,via,118386,21520,119986,22000,1600,via_1600x480
VSS,met3-met4,STRIPE,via,91114,21520,92714,22000,1600,via3_1600x480
VSS,met2-met3,STRIPE,via,91114,21520,92714,22000,1600,via2_1600x480
VSS,met1-met2,STRIPE,via,91114,21520,92714,22000,1600,via_1600x480
VSS,met3-met4,STRIPE,via,64933,21520,66533,22000,1600,via3_1600x480
VSS,met2-met3,STRIPE,via,64933,21520,66533,22000,1600,via2_1600x480
VSS,met1-met2,STRIPE,via,64933,21520,66533,22000,1600,via_1600x480
VSS,met3-met4,STRIPE,via,37153,21520,38753,22000,1600,via3_1600x480
VSS,met2-met3,STRIPE,via,37153,21520,38753,22000,1600,via2_1600x480
VSS,met1-met2,STRIPE,via,37153,21520,38753,22000,1600,via_1600x480
VSS,met3-met4,STRIPE,via,254049,16080,255649,16560,1600,via3_1600x480
VSS,met2-met3,STRIPE,via,254049,16080,255649,16560,1600,via2_1600x480
VSS,met1-met2,STRIPE,via,254049,16080,255649,16560,1600,via_1600x480
VSS,met3-met4,STRIPE,via,225693,16080,227293,16560,1600,via3_1600x480
VSS,met2-met3,STRIPE,via,225693,16080,227293,16560,1600,via2_1600x480
VSS,met1-met2,STRIPE,via,225693,16080,227293,16560,1600,via_1600x480
VSS,met3-met4,STRIPE,via,196872,16080,198472,16560,1600,via3_1600x480
VSS,met2-met3,STRIPE,via,196872,16080,198472,16560,1600,via2_1600x480
VSS,met1-met2,STRIPE,via,196872,16080,198472,16560,1600,via_1600x480
VSS,met3-met4,STRIPE,via,172980,16080,174580,16560,1600,via3_1600x480
VSS,met2-met3,STRIPE,via,172980,16080,174580,16560,1600,via2_1600x480
VSS,met1-met2,STRIPE,via,172980,16080,174580,16560,1600,via_1600x480
VSS,met3-met4,STRIPE,via,147465,16080,149065,16560,1600,via3_1600x480
VSS,met2-met3,STRIPE,via,147465,16080,149065,16560,1600,via2_1600x480
VSS,met1-met2,STRIPE,via,147465,16080,149065,16560,1600,via_1600x480
VSS,met3-met4,STRIPE,via,118386,16080,119986,16560,1600,via3_1600x480
VSS,met2-met3,STRIPE,via,118386,16080,119986,16560,1600,via2_1600x480
VSS,met1-met2,STRIPE,via,118386,16080,119986,16560,1600,via_1600x480
VSS,met3-met4,STRIPE,via,91114,16080,92714,16560,1600,via3_1600x480
VSS,met2-met3,STRIPE,via,91114,16080,92714,16560,1600,via2_1600x480
VSS,met1-met2,STRIPE,via,91114,16080,92714,16560,1600,via_1600x480
VSS,met3-met4,STRIPE,via,64933,16080,66533,16560,1600,via3_1600x480
VSS,met2-met3,STRIPE,via,64933,16080,66533,16560,1600,via2_1600x480
VSS,met1-met2,STRIPE,via,64933,16080,66533,16560,1600,via_1600x480
VSS,met3-met4,STRIPE,via,37153,16080,38753,16560,1600,via3_1600x480
VSS,met2-met3,STRIPE,via,37153,16080,38753,16560,1600,via2_1600x480
VSS,met1-met2,STRIPE,via,37153,16080,38753,16560,1600,via_1600x480
VSS,met3-met4,STRIPE,via,254049,10640,255649,11120,1600,via3_1600x480
VSS,met2-met3,STRIPE,via,254049,10640,255649,11120,1600,via2_1600x480
VSS,met1-met2,STRIPE,via,254049,10640,255649,11120,1600,via_1600x480
VSS,met3-met4,STRIPE,via,225693,10640,227293,11120,1600,via3_1600x480
VSS,met2-met3,STRIPE,via,225693,10640,227293,11120,1600,via2_1600x480
VSS,met1-met2,STRIPE,via,225693,10640,227293,11120,1600,via_1600x480
VSS,met3-met4,STRIPE,via,196872,10640,198472,11120,1600,via3_1600x480
VSS,met2-met3,STRIPE,via,196872,10640,198472,11120,1600,via2_1600x480
VSS,met1-met2,STRIPE,via,196872,10640,198472,11120,1600,via_1600x480
VSS,met3-met4,STRIPE,via,172980,10640,174580,11120,1600,via3_1600x480
VSS,met2-met3,STRIPE,via,172980,10640,174580,11120,1600,via2_1600x480
VSS,met1-met2,STRIPE,via,172980,10640,174580,11120,1600,via_1600x480
VSS,met3-met4,STRIPE,via,147465,10640,149065,11120,1600,via3_1600x480
VSS,met2-met3,STRIPE,via,147465,10640,149065,11120,1600,via2_1600x480
VSS,met1-met2,STRIPE,via,147465,10640,149065,11120,1600,via_1600x480
VSS,met3-met4,STRIPE,via,118386,10640,119986,11120,1600,via3_1600x480
VSS,met2-met3,STRIPE,via,118386,10640,119986,11120,1600,via2_1600x480
VSS,met1-met2,STRIPE,via,118386,10640,119986,11120,1600,via_1600x480
VSS,met3-met4,STRIPE,via,91114,10640,92714,11120,1600,via3_1600x480
VSS,met2-met3,STRIPE,via,91114,10640,92714,11120,1600,via2_1600x480
VSS,met1-met2,STRIPE,via,91114,10640,92714,11120,1600,via_1600x480
VSS,met3-met4,STRIPE,via,64933,10640,66533,11120,1600,via3_1600x480
VSS,met2-met3,STRIPE,via,64933,10640,66533,11120,1600,via2_1600x480
VSS,met1-met2,STRIPE,via,64933,10640,66533,11120,1600,via_1600x480
VSS,met3-met4,STRIPE,via,37153,10640,38753,11120,1600,via3_1600x480
VSS,met2-met3,STRIPE,via,37153,10640,38753,11120,1600,via2_1600x480
VSS,met1-met2,STRIPE,via,37153,10640,38753,11120,1600,via_1600x480
VSS,met5,STRIPE,wire,10120,254640,269560,256240,1600,
VSS,met5,STRIPE,wire,10120,227440,269560,229040,1600,
VSS,met5,STRIPE,wire,10120,200240,269560,201840,1600,
VSS,met5,STRIPE,wire,10120,173040,269560,174640,1600,
VSS,met5,STRIPE,wire,10120,145840,269560,147440,1600,
VSS,met5,STRIPE,wire,10120,118640,269560,120240,1600,
VSS,met5,STRIPE,wire,10120,91440,269560,93040,1600,
VSS,met5,STRIPE,wire,10120,64240,269560,65840,1600,
VSS,met5,STRIPE,wire,10120,37040,269560,38640,1600,
VSS,met4,STRIPE,wire,254049,10640,255649,269520,1600,
VSS,met4,STRIPE,wire,225693,10640,227293,269520,1600,
VSS,met4,STRIPE,wire,196872,10640,198472,269520,1600,
VSS,met4,STRIPE,wire,172980,10640,174580,269520,1600,
VSS,met4,STRIPE,wire,147465,10640,149065,269520,1600,
VSS,met4,STRIPE,wire,118386,10640,119986,269520,1600,
VSS,met4,STRIPE,wire,91114,10640,92714,269520,1600,
VSS,met4,STRIPE,wire,64933,10640,66533,269520,1600,
VSS,met4,STRIPE,wire,37153,10640,38753,269520,1600,
VSS,met1,FOLLOWPIN,wire,10120,266320,269560,266800,480,
VSS,met1,FOLLOWPIN,wire,10120,260880,269560,261360,480,
VSS,met1,FOLLOWPIN,wire,10120,255440,269560,255920,480,
VSS,met1,FOLLOWPIN,wire,10120,250000,269560,250480,480,
VSS,met1,FOLLOWPIN,wire,10120,244560,269560,245040,480,
VSS,met1,FOLLOWPIN,wire,10120,239120,269560,239600,480,
VSS,met1,FOLLOWPIN,wire,10120,233680,269560,234160,480,
VSS,met1,FOLLOWPIN,wire,10120,228240,269560,228720,480,
VSS,met1,FOLLOWPIN,wire,10120,222800,269560,223280,480,
VSS,met1,FOLLOWPIN,wire,10120,217360,269560,217840,480,
VSS,met1,FOLLOWPIN,wire,10120,211920,269560,212400,480,
VSS,met1,FOLLOWPIN,wire,10120,206480,269560,206960,480,
VSS,met1,FOLLOWPIN,wire,10120,201040,269560,201520,480,
VSS,met1,FOLLOWPIN,wire,10120,195600,269560,196080,480,
VSS,met1,FOLLOWPIN,wire,10120,190160,269560,190640,480,
VSS,met1,FOLLOWPIN,wire,10120,184720,269560,185200,480,
VSS,met1,FOLLOWPIN,wire,10120,179280,269560,179760,480,
VSS,met1,FOLLOWPIN,wire,10120,173840,269560,174320,480,
VSS,met1,FOLLOWPIN,wire,10120,168400,269560,168880,480,
VSS,met1,FOLLOWPIN,wire,10120,162960,269560,163440,480,
VSS,met1,FOLLOWPIN,wire,10120,157520,269560,158000,480,
VSS,met1,FOLLOWPIN,wire,10120,152080,269560,152560,480,
VSS,met1,FOLLOWPIN,wire,10120,146640,269560,147120,480,
VSS,met1,FOLLOWPIN,wire,10120,141200,269560,141680,480,
VSS,met1,FOLLOWPIN,wire,10120,135760,269560,136240,480,
VSS,met1,FOLLOWPIN,wire,10120,130320,269560,130800,480,
VSS,met1,FOLLOWPIN,wire,10120,124880,269560,125360,480,
VSS,met1,FOLLOWPIN,wire,10120,119440,269560,119920,480,
VSS,met1,FOLLOWPIN,wire,10120,114000,269560,114480,480,
VSS,met1,FOLLOWPIN,wire,10120,108560,269560,109040,480,
VSS,met1,FOLLOWPIN,wire,10120,103120,269560,103600,480,
VSS,met1,FOLLOWPIN,wire,10120,97680,269560,98160,480,
VSS,met1,FOLLOWPIN,wire,10120,92240,269560,92720,480,
VSS,met1,FOLLOWPIN,wire,10120,86800,269560,87280,480,
VSS,met1,FOLLOWPIN,wire,10120,81360,269560,81840,480,
VSS,met1,FOLLOWPIN,wire,10120,75920,269560,76400,480,
VSS,met1,FOLLOWPIN,wire,10120,70480,269560,70960,480,
VSS,met1,FOLLOWPIN,wire,10120,65040,269560,65520,480,
VSS,met1,FOLLOWPIN,wire,10120,59600,269560,60080,480,
VSS,met1,FOLLOWPIN,wire,10120,54160,269560,54640,480,
VSS,met1,FOLLOWPIN,wire,10120,48720,269560,49200,480,
VSS,met1,FOLLOWPIN,wire,10120,43280,269560,43760,480,
VSS,met1,FOLLOWPIN,wire,10120,37840,269560,38320,480,
VSS,met1,FOLLOWPIN,wire,10120,32400,269560,32880,480,
VSS,met1,FOLLOWPIN,wire,10120,26960,269560,27440,480,
VSS,met1,FOLLOWPIN,wire,10120,21520,269560,22000,480,
VSS,met1,FOLLOWPIN,wire,10120,16080,269560,16560,480,
VSS,met1,FOLLOWPIN,wire,10120,10640,269560,11120,480,
VDD,met4-met5,STRIPE,via,267802,241040,269402,242640,1600,via4_1600x1600
VDD,met4-met5,STRIPE,via,238669,241040,240269,242640,1600,via4_1600x1600
VDD,met4-met5,STRIPE,via,210980,241040,212580,242640,1600,via4_1600x1600
VDD,met4-met5,STRIPE,via,186499,241040,188099,242640,1600,via4_1600x1600
VDD,met4-met5,STRIPE,via,156340,241040,157940,242640,1600,via4_1600x1600
VDD,met4-met5,STRIPE,via,133778,241040,135378,242640,1600,via4_1600x1600
VDD,met4-met5,STRIPE,via,103961,241040,105561,242640,1600,via4_1600x1600
VDD,met4-met5,STRIPE,via,78044,241040,79644,242640,1600,via4_1600x1600
VDD,met4-met5,STRIPE,via,49234,241040,50834,242640,1600,via4_1600x1600
VDD,met4-met5,STRIPE,via,22216,241040,23816,242640,1600,via4_1600x1600
VDD,met4-met5,STRIPE,via,267802,213840,269402,215440,1600,via4_1600x1600
VDD,met4-met5,STRIPE,via,238669,213840,240269,215440,1600,via4_1600x1600
VDD,met4-met5,STRIPE,via,210980,213840,212580,215440,1600,via4_1600x1600
VDD,met4-met5,STRIPE,via,186499,213840,188099,215440,1600,via4_1600x1600
VDD,met4-met5,STRIPE,via,156340,213840,157940,215440,1600,via4_1600x1600
VDD,met4-met5,STRIPE,via,133778,213840,135378,215440,1600,via4_1600x1600
VDD,met4-met5,STRIPE,via,103961,213840,105561,215440,1600,via4_1600x1600
VDD,met4-met5,STRIPE,via,78044,213840,79644,215440,1600,via4_1600x1600
VDD,met4-met5,STRIPE,via,49234,213840,50834,215440,1600,via4_1600x1600
VDD,met4-met5,STRIPE,via,22216,213840,23816,215440,1600,via4_1600x1600
VDD,met4-met5,STRIPE,via,267802,186640,269402,188240,1600,via4_1600x1600
VDD,met4-met5,STRIPE,via,238669,186640,240269,188240,1600,via4_1600x1600
VDD,met4-met5,STRIPE,via,210980,186640,212580,188240,1600,via4_1600x1600
VDD,met4-met5,STRIPE,via,186499,186640,188099,188240,1600,via4_1600x1600
VDD,met4-met5,STRIPE,via,156340,186640,157940,188240,1600,via4_1600x1600
VDD,met4-met5,STRIPE,via,133778,186640,135378,188240,1600,via4_1600x1600
VDD,met4-met5,STRIPE,via,103961,186640,105561,188240,1600,via4_1600x1600
VDD,met4-met5,STRIPE,via,78044,186640,79644,188240,1600,via4_1600x1600
VDD,met4-met5,STRIPE,via,49234,186640,50834,188240,1600,via4_1600x1600
VDD,met4-met5,STRIPE,via,22216,186640,23816,188240,1600,via4_1600x1600
VDD,met4-met5,STRIPE,via,267802,159440,269402,161040,1600,via4_1600x1600
VDD,met4-met5,STRIPE,via,238669,159440,240269,161040,1600,via4_1600x1600
VDD,met4-met5,STRIPE,via,210980,159440,212580,161040,1600,via4_1600x1600
VDD,met4-met5,STRIPE,via,186499,159440,188099,161040,1600,via4_1600x1600
VDD,met4-met5,STRIPE,via,156340,159440,157940,161040,1600,via4_1600x1600
VDD,met4-met5,STRIPE,via,133778,159440,135378,161040,1600,via4_1600x1600
VDD,met4-met5,STRIPE,via,103961,159440,105561,161040,1600,via4_1600x1600
VDD,met4-met5,STRIPE,via,78044,159440,79644,161040,1600,via4_1600x1600
VDD,met4-met5,STRIPE,via,49234,159440,50834,161040,1600,via4_1600x1600
VDD,met4-met5,STRIPE,via,22216,159440,23816,161040,1600,via4_1600x1600
VDD,met4-met5,STRIPE,via,267802,132240,269402,133840,1600,via4_1600x1600
VDD,met4-met5,STRIPE,via,238669,132240,240269,133840,1600,via4_1600x1600
VDD,met4-met5,STRIPE,via,210980,132240,212580,133840,1600,via4_1600x1600
VDD,met4-met5,STRIPE,via,186499,132240,188099,133840,1600,via4_1600x1600
VDD,met4-met5,STRIPE,via,156340,132240,157940,133840,1600,via4_1600x1600
VDD,met4-met5,STRIPE,via,133778,132240,135378,133840,1600,via4_1600x1600
VDD,met4-met5,STRIPE,via,103961,132240,105561,133840,1600,via4_1600x1600
VDD,met4-met5,STRIPE,via,78044,132240,79644,133840,1600,via4_1600x1600
VDD,met4-met5,STRIPE,via,49234,132240,50834,133840,1600,via4_1600x1600
VDD,met4-met5,STRIPE,via,22216,132240,23816,133840,1600,via4_1600x1600
VDD,met4-met5,STRIPE,via,267802,105040,269402,106640,1600,via4_1600x1600
VDD,met4-met5,STRIPE,via,238669,105040,240269,106640,1600,via4_1600x1600
VDD,met4-met5,STRIPE,via,210980,105040,212580,106640,1600,via4_1600x1600
VDD,met4-met5,STRIPE,via,186499,105040,188099,106640,1600,via4_1600x1600
VDD,met4-met5,STRIPE,via,156340,105040,157940,106640,1600,via4_1600x1600
VDD,met4-met5,STRIPE,via,133778,105040,135378,106640,1600,via4_1600x1600
VDD,met4-met5,STRIPE,via,103961,105040,105561,106640,1600,via4_1600x1600
VDD,met4-met5,STRIPE,via,78044,105040,79644,106640,1600,via4_1600x1600
VDD,met4-met5,STRIPE,via,49234,105040,50834,106640,1600,via4_1600x1600
VDD,met4-met5,STRIPE,via,22216,105040,23816,106640,1600,via4_1600x1600
VDD,met4-met5,STRIPE,via,267802,77840,269402,79440,1600,via4_1600x1600
VDD,met4-met5,STRIPE,via,238669,77840,240269,79440,1600,via4_1600x1600
VDD,met4-met5,STRIPE,via,210980,77840,212580,79440,1600,via4_1600x1600
VDD,met4-met5,STRIPE,via,186499,77840,188099,79440,1600,via4_1600x1600
VDD,met4-met5,STRIPE,via,156340,77840,157940,79440,1600,via4_1600x1600
VDD,met4-met5,STRIPE,via,133778,77840,135378,79440,1600,via4_1600x1600
VDD,met4-met5,STRIPE,via,103961,77840,105561,79440,1600,via4_1600x1600
VDD,met4-met5,STRIPE,via,78044,77840,79644,79440,1600,via4_1600x1600
VDD,met4-met5,STRIPE,via,49234,77840,50834,79440,1600,via4_1600x1600
VDD,met4-met5,STRIPE,via,22216,77840,23816,79440,1600,via4_1600x1600
VDD,met4-met5,STRIPE,via,267802,50640,269402,52240,1600,via4_1600x1600
VDD,met4-met5,STRIPE,via,238669,50640,240269,52240,1600,via4_1600x1600
VDD,met4-met5,STRIPE,via,210980,50640,212580,52240,1600,via4_1600x1600
VDD,met4-met5,STRIPE,via,186499,50640,188099,52240,1600,via4_1600x1600
VDD,met4-met5,STRIPE,via,156340,50640,157940,52240,1600,via4_1600x1600
VDD,met4-met5,STRIPE,via,133778,50640,135378,52240,1600,via4_1600x1600
VDD,met4-met5,STRIPE,via,103961,50640,105561,52240,1600,via4_1600x1600
VDD,met4-met5,STRIPE,via,78044,50640,79644,52240,1600,via4_1600x1600
VDD,met4-met5,STRIPE,via,49234,50640,50834,52240,1600,via4_1600x1600
VDD,met4-met5,STRIPE,via,22216,50640,23816,52240,1600,via4_1600x1600
VDD,met4-met5,STRIPE,via,267802,23440,269402,25040,1600,via4_1600x1600
VDD,met4-met5,STRIPE,via,238669,23440,240269,25040,1600,via4_1600x1600
VDD,met4-met5,STRIPE,via,210980,23440,212580,25040,1600,via4_1600x1600
VDD,met4-met5,STRIPE,via,186499,23440,188099,25040,1600,via4_1600x1600
VDD,met4-met5,STRIPE,via,156340,23440,157940,25040,1600,via4_1600x1600
VDD,met4-met5,STRIPE,via,133778,23440,135378,25040,1600,via4_1600x1600
VDD,met4-met5,STRIPE,via,103961,23440,105561,25040,1600,via4_1600x1600
VDD,met4-met5,STRIPE,via,78044,23440,79644,25040,1600,via4_1600x1600
VDD,met4-met5,STRIPE,via,49234,23440,50834,25040,1600,via4_1600x1600
VDD,met4-met5,STRIPE,via,22216,23440,23816,25040,1600,via4_1600x1600
VDD,met3-met4,STRIPE,via,267802,269040,269402,269520,1600,via3_1600x480
VDD,met2-met3,STRIPE,via,267802,269040,269402,269520,1600,via2_1600x480
VDD,met1-met2,STRIPE,via,267802,269040,269402,269520,1600,via_1600x480
VDD,met3-met4,STRIPE,via,238669,269040,240269,269520,1600,via3_1600x480
VDD,met2-met3,STRIPE,via,238669,269040,240269,269520,1600,via2_1600x480
VDD,met1-met2,STRIPE,via,238669,269040,240269,269520,1600,via_1600x480
VDD,met3-met4,STRIPE,via,210980,269040,212580,269520,1600,via3_1600x480
VDD,met2-met3,STRIPE,via,210980,269040,212580,269520,1600,via2_1600x480
VDD,met1-met2,STRIPE,via,210980,269040,212580,269520,1600,via_1600x480
VDD,met3-met4,STRIPE,via,186499,269040,188099,269520,1600,via3_1600x480
VDD,met2-met3,STRIPE,via,186499,269040,188099,269520,1600,via2_1600x480
VDD,met1-met2,STRIPE,via,186499,269040,188099,269520,1600,via_1600x480
VDD,met3-met4,STRIPE,via,156340,269040,157940,269520,1600,via3_1600x480
VDD,met2-met3,STRIPE,via,156340,269040,157940,269520,1600,via2_1600x480
VDD,met1-met2,STRIPE,via,156340,269040,157940,269520,1600,via_1600x480
VDD,met3-met4,STRIPE,via,133778,269040,135378,269520,1600,via3_1600x480
VDD,met2-met3,STRIPE,via,133778,269040,135378,269520,1600,via2_1600x480
VDD,met1-met2,STRIPE,via,133778,269040,135378,269520,1600,via_1600x480
VDD,met3-met4,STRIPE,via,103961,269040,105561,269520,1600,via3_1600x480
VDD,met2-met3,STRIPE,via,103961,269040,105561,269520,1600,via2_1600x480
VDD,met1-met2,STRIPE,via,103961,269040,105561,269520,1600,via_1600x480
VDD,met3-met4,STRIPE,via,78044,269040,79644,269520,1600,via3_1600x480
VDD,met2-met3,STRIPE,via,78044,269040,79644,269520,1600,via2_1600x480
VDD,met1-met2,STRIPE,via,78044,269040,79644,269520,1600,via_1600x480
VDD,met3-met4,STRIPE,via,49234,269040,50834,269520,1600,via3_1600x480
VDD,met2-met3,STRIPE,via,49234,269040,50834,269520,1600,via2_1600x480
VDD,met1-met2,STRIPE,via,49234,269040,50834,269520,1600,via_1600x480
VDD,met3-met4,STRIPE,via,22216,269040,23816,269520,1600,via3_1600x480
VDD,met2-met3,STRIPE,via,22216,269040,23816,269520,1600,via2_1600x480
VDD,met1-met2,STRIPE,via,22216,269040,23816,269520,1600,via_1600x480
VDD,met3-met4,STRIPE,via,267802,263600,269402,264080,1600,via3_1600x480
VDD,met2-met3,STRIPE,via,267802,263600,269402,264080,1600,via2_1600x480
VDD,met1-met2,STRIPE,via,267802,263600,269402,264080,1600,via_1600x480
VDD,met3-met4,STRIPE,via,238669,263600,240269,264080,1600,via3_1600x480
VDD,met2-met3,STRIPE,via,238669,263600,240269,264080,1600,via2_1600x480
VDD,met1-met2,STRIPE,via,238669,263600,240269,264080,1600,via_1600x480
VDD,met3-met4,STRIPE,via,210980,263600,212580,264080,1600,via3_1600x480
VDD,met2-met3,STRIPE,via,210980,263600,212580,264080,1600,via2_1600x480
VDD,met1-met2,STRIPE,via,210980,263600,212580,264080,1600,via_1600x480
VDD,met3-met4,STRIPE,via,186499,263600,188099,264080,1600,via3_1600x480
VDD,met2-met3,STRIPE,via,186499,263600,188099,264080,1600,via2_1600x480
VDD,met1-met2,STRIPE,via,186499,263600,188099,264080,1600,via_1600x480
VDD,met3-met4,STRIPE,via,156340,263600,157940,264080,1600,via3_1600x480
VDD,met2-met3,STRIPE,via,156340,263600,157940,264080,1600,via2_1600x480
VDD,met1-met2,STRIPE,via,156340,263600,157940,264080,1600,via_1600x480
VDD,met3-met4,STRIPE,via,133778,263600,135378,264080,1600,via3_1600x480
VDD,met2-met3,STRIPE,via,133778,263600,135378,264080,1600,via2_1600x480
VDD,met1-met2,STRIPE,via,133778,263600,135378,264080,1600,via_1600x480
VDD,met3-met4,STRIPE,via,103961,263600,105561,264080,1600,via3_1600x480
VDD,met2-met3,STRIPE,via,103961,263600,105561,264080,1600,via2_1600x480
VDD,met1-met2,STRIPE,via,103961,263600,105561,264080,1600,via_1600x480
VDD,met3-met4,STRIPE,via,78044,263600,79644,264080,1600,via3_1600x480
VDD,met2-met3,STRIPE,via,78044,263600,79644,264080,1600,via2_1600x480
VDD,met1-met2,STRIPE,via,78044,263600,79644,264080,1600,via_1600x480
VDD,met3-met4,STRIPE,via,49234,263600,50834,264080,1600,via3_1600x480
VDD,met2-met3,STRIPE,via,49234,263600,50834,264080,1600,via2_1600x480
VDD,met1-met2,STRIPE,via,49234,263600,50834,264080,1600,via_1600x480
VDD,met3-met4,STRIPE,via,22216,263600,23816,264080,1600,via3_1600x480
VDD,met2-met3,STRIPE,via,22216,263600,23816,264080,1600,via2_1600x480
VDD,met1-met2,STRIPE,via,22216,263600,23816,264080,1600,via_1600x480
VDD,met3-met4,STRIPE,via,267802,258160,269402,258640,1600,via3_1600x480
VDD,met2-met3,STRIPE,via,267802,258160,269402,258640,1600,via2_1600x480
VDD,met1-met2,STRIPE,via,267802,258160,269402,258640,1600,via_1600x480
VDD,met3-met4,STRIPE,via,238669,258160,240269,258640,1600,via3_1600x480
VDD,met2-met3,STRIPE,via,238669,258160,240269,258640,1600,via2_1600x480
VDD,met1-met2,STRIPE,via,238669,258160,240269,258640,1600,via_1600x480
VDD,met3-met4,STRIPE,via,210980,258160,212580,258640,1600,via3_1600x480
VDD,met2-met3,STRIPE,via,210980,258160,212580,258640,1600,via2_1600x480
VDD,met1-met2,STRIPE,via,210980,258160,212580,258640,1600,via_1600x480
VDD,met3-met4,STRIPE,via,186499,258160,188099,258640,1600,via3_1600x480
VDD,met2-met3,STRIPE,via,186499,258160,188099,258640,1600,via2_1600x480
VDD,met1-met2,STRIPE,via,186499,258160,188099,258640,1600,via_1600x480
VDD,met3-met4,STRIPE,via,156340,258160,157940,258640,1600,via3_1600x480
VDD,met2-met3,STRIPE,via,156340,258160,157940,258640,1600,via2_1600x480
VDD,met1-met2,STRIPE,via,156340,258160,157940,258640,1600,via_1600x480
VDD,met3-met4,STRIPE,via,133778,258160,135378,258640,1600,via3_1600x480
VDD,met2-met3,STRIPE,via,133778,258160,135378,258640,1600,via2_1600x480
VDD,met1-met2,STRIPE,via,133778,258160,135378,258640,1600,via_1600x480
VDD,met3-met4,STRIPE,via,103961,258160,105561,258640,1600,via3_1600x480
VDD,met2-met3,STRIPE,via,103961,258160,105561,258640,1600,via2_1600x480
VDD,met1-met2,STRIPE,via,103961,258160,105561,258640,1600,via_1600x480
VDD,met3-met4,STRIPE,via,78044,258160,79644,258640,1600,via3_1600x480
VDD,met2-met3,STRIPE,via,78044,258160,79644,258640,1600,via2_1600x480
VDD,met1-met2,STRIPE,via,78044,258160,79644,258640,1600,via_1600x480
VDD,met3-met4,STRIPE,via,49234,258160,50834,258640,1600,via3_1600x480
VDD,met2-met3,STRIPE,via,49234,258160,50834,258640,1600,via2_1600x480
VDD,met1-met2,STRIPE,via,49234,258160,50834,258640,1600,via_1600x480
VDD,met3-met4,STRIPE,via,22216,258160,23816,258640,1600,via3_1600x480
VDD,met2-met3,STRIPE,via,22216,258160,23816,258640,1600,via2_1600x480
VDD,met1-met2,STRIPE,via,22216,258160,23816,258640,1600,via_1600x480
VDD,met3-met4,STRIPE,via,267802,252720,269402,253200,1600,via3_1600x480
VDD,met2-met3,STRIPE,via,267802,252720,269402,253200,1600,via2_1600x480
VDD,met1-met2,STRIPE,via,267802,252720,269402,253200,1600,via_1600x480
VDD,met3-met4,STRIPE,via,238669,252720,240269,253200,1600,via3_1600x480
VDD,met2-met3,STRIPE,via,238669,252720,240269,253200,1600,via2_1600x480
VDD,met1-met2,STRIPE,via,238669,252720,240269,253200,1600,via_1600x480
VDD,met3-met4,STRIPE,via,210980,252720,212580,253200,1600,via3_1600x480
VDD,met2-met3,STRIPE,via,210980,252720,212580,253200,1600,via2_1600x480
VDD,met1-met2,STRIPE,via,210980,252720,212580,253200,1600,via_1600x480
VDD,met3-met4,STRIPE,via,186499,252720,188099,253200,1600,via3_1600x480
VDD,met2-met3,STRIPE,via,186499,252720,188099,253200,1600,via2_1600x480
VDD,met1-met2,STRIPE,via,186499,252720,188099,253200,1600,via_1600x480
VDD,met3-met4,STRIPE,via,156340,252720,157940,253200,1600,via3_1600x480
VDD,met2-met3,STRIPE,via,156340,252720,157940,253200,1600,via2_1600x480
VDD,met1-met2,STRIPE,via,156340,252720,157940,253200,1600,via_1600x480
VDD,met3-met4,STRIPE,via,133778,252720,135378,253200,1600,via3_1600x480
VDD,met2-met3,STRIPE,via,133778,252720,135378,253200,1600,via2_1600x480
VDD,met1-met2,STRIPE,via,133778,252720,135378,253200,1600,via_1600x480
VDD,met3-met4,STRIPE,via,103961,252720,105561,253200,1600,via3_1600x480
VDD,met2-met3,STRIPE,via,103961,252720,105561,253200,1600,via2_1600x480
VDD,met1-met2,STRIPE,via,103961,252720,105561,253200,1600,via_1600x480
VDD,met3-met4,STRIPE,via,78044,252720,79644,253200,1600,via3_1600x480
VDD,met2-met3,STRIPE,via,78044,252720,79644,253200,1600,via2_1600x480
VDD,met1-met2,STRIPE,via,78044,252720,79644,253200,1600,via_1600x480
VDD,met3-met4,STRIPE,via,49234,252720,50834,253200,1600,via3_1600x480
VDD,met2-met3,STRIPE,via,49234,252720,50834,253200,1600,via2_1600x480
VDD,met1-met2,STRIPE,via,49234,252720,50834,253200,1600,via_1600x480
VDD,met3-met4,STRIPE,via,22216,252720,23816,253200,1600,via3_1600x480
VDD,met2-met3,STRIPE,via,22216,252720,23816,253200,1600,via2_1600x480
VDD,met1-met2,STRIPE,via,22216,252720,23816,253200,1600,via_1600x480
VDD,met3-met4,STRIPE,via,267802,247280,269402,247760,1600,via3_1600x480
VDD,met2-met3,STRIPE,via,267802,247280,269402,247760,1600,via2_1600x480
VDD,met1-met2,STRIPE,via,267802,247280,269402,247760,1600,via_1600x480
VDD,met3-met4,STRIPE,via,238669,247280,240269,247760,1600,via3_1600x480
VDD,met2-met3,STRIPE,via,238669,247280,240269,247760,1600,via2_1600x480
VDD,met1-met2,STRIPE,via,238669,247280,240269,247760,1600,via_1600x480
VDD,met3-met4,STRIPE,via,210980,247280,212580,247760,1600,via3_1600x480
VDD,met2-met3,STRIPE,via,210980,247280,212580,247760,1600,via2_1600x480
VDD,met1-met2,STRIPE,via,210980,247280,212580,247760,1600,via_1600x480
VDD,met3-met4,STRIPE,via,186499,247280,188099,247760,1600,via3_1600x480
VDD,met2-met3,STRIPE,via,186499,247280,188099,247760,1600,via2_1600x480
VDD,met1-met2,STRIPE,via,186499,247280,188099,247760,1600,via_1600x480
VDD,met3-met4,STRIPE,via,156340,247280,157940,247760,1600,via3_1600x480
VDD,met2-met3,STRIPE,via,156340,247280,157940,247760,1600,via2_1600x480
VDD,met1-met2,STRIPE,via,156340,247280,157940,247760,1600,via_1600x480
VDD,met3-met4,STRIPE,via,133778,247280,135378,247760,1600,via3_1600x480
VDD,met2-met3,STRIPE,via,133778,247280,135378,247760,1600,via2_1600x480
VDD,met1-met2,STRIPE,via,133778,247280,135378,247760,1600,via_1600x480
VDD,met3-met4,STRIPE,via,103961,247280,105561,247760,1600,via3_1600x480
VDD,met2-met3,STRIPE,via,103961,247280,105561,247760,1600,via2_1600x480
VDD,met1-met2,STRIPE,via,103961,247280,105561,247760,1600,via_1600x480
VDD,met3-met4,STRIPE,via,78044,247280,79644,247760,1600,via3_1600x480
VDD,met2-met3,STRIPE,via,78044,247280,79644,247760,1600,via2_1600x480
VDD,met1-met2,STRIPE,via,78044,247280,79644,247760,1600,via_1600x480
VDD,met3-met4,STRIPE,via,49234,247280,50834,247760,1600,via3_1600x480
VDD,met2-met3,STRIPE,via,49234,247280,50834,247760,1600,via2_1600x480
VDD,met1-met2,STRIPE,via,49234,247280,50834,247760,1600,via_1600x480
VDD,met3-met4,STRIPE,via,22216,247280,23816,247760,1600,via3_1600x480
VDD,met2-met3,STRIPE,via,22216,247280,23816,247760,1600,via2_1600x480
VDD,met1-met2,STRIPE,via,22216,247280,23816,247760,1600,via_1600x480
VDD,met3-met4,STRIPE,via,267802,241840,269402,242320,1600,via3_1600x480
VDD,met2-met3,STRIPE,via,267802,241840,269402,242320,1600,via2_1600x480
VDD,met1-met2,STRIPE,via,267802,241840,269402,242320,1600,via_1600x480
VDD,met3-met4,STRIPE,via,238669,241840,240269,242320,1600,via3_1600x480
VDD,met2-met3,STRIPE,via,238669,241840,240269,242320,1600,via2_1600x480
VDD,met1-met2,STRIPE,via,238669,241840,240269,242320,1600,via_1600x480
VDD,met3-met4,STRIPE,via,210980,241840,212580,242320,1600,via3_1600x480
VDD,met2-met3,STRIPE,via,210980,241840,212580,242320,1600,via2_1600x480
VDD,met1-met2,STRIPE,via,210980,241840,212580,242320,1600,via_1600x480
VDD,met3-met4,STRIPE,via,186499,241840,188099,242320,1600,via3_1600x480
VDD,met2-met3,STRIPE,via,186499,241840,188099,242320,1600,via2_1600x480
VDD,met1-met2,STRIPE,via,186499,241840,188099,242320,1600,via_1600x480
VDD,met3-met4,STRIPE,via,156340,241840,157940,242320,1600,via3_1600x480
VDD,met2-met3,STRIPE,via,156340,241840,157940,242320,1600,via2_1600x480
VDD,met1-met2,STRIPE,via,156340,241840,157940,242320,1600,via_1600x480
VDD,met3-met4,STRIPE,via,133778,241840,135378,242320,1600,via3_1600x480
VDD,met2-met3,STRIPE,via,133778,241840,135378,242320,1600,via2_1600x480
VDD,met1-met2,STRIPE,via,133778,241840,135378,242320,1600,via_1600x480
VDD,met3-met4,STRIPE,via,103961,241840,105561,242320,1600,via3_1600x480
VDD,met2-met3,STRIPE,via,103961,241840,105561,242320,1600,via2_1600x480
VDD,met1-met2,STRIPE,via,103961,241840,105561,242320,1600,via_1600x480
VDD,met3-met4,STRIPE,via,78044,241840,79644,242320,1600,via3_1600x480
VDD,met2-met3,STRIPE,via,78044,241840,79644,242320,1600,via2_1600x480
VDD,met1-met2,STRIPE,via,78044,241840,79644,242320,1600,via_1600x480
VDD,met3-met4,STRIPE,via,49234,241840,50834,242320,1600,via3_1600x480
VDD,met2-met3,STRIPE,via,49234,241840,50834,242320,1600,via2_1600x480
VDD,met1-met2,STRIPE,via,49234,241840,50834,242320,1600,via_1600x480
VDD,met3-met4,STRIPE,via,22216,241840,23816,242320,1600,via3_1600x480
VDD,met2-met3,STRIPE,via,22216,241840,23816,242320,1600,via2_1600x480
VDD,met1-met2,STRIPE,via,22216,241840,23816,242320,1600,via_1600x480
VDD,met3-met4,STRIPE,via,267802,236400,269402,236880,1600,via3_1600x480
VDD,met2-met3,STRIPE,via,267802,236400,269402,236880,1600,via2_1600x480
VDD,met1-met2,STRIPE,via,267802,236400,269402,236880,1600,via_1600x480
VDD,met3-met4,STRIPE,via,238669,236400,240269,236880,1600,via3_1600x480
VDD,met2-met3,STRIPE,via,238669,236400,240269,236880,1600,via2_1600x480
VDD,met1-met2,STRIPE,via,238669,236400,240269,236880,1600,via_1600x480
VDD,met3-met4,STRIPE,via,210980,236400,212580,236880,1600,via3_1600x480
VDD,met2-met3,STRIPE,via,210980,236400,212580,236880,1600,via2_1600x480
VDD,met1-met2,STRIPE,via,210980,236400,212580,236880,1600,via_1600x480
VDD,met3-met4,STRIPE,via,186499,236400,188099,236880,1600,via3_1600x480
VDD,met2-met3,STRIPE,via,186499,236400,188099,236880,1600,via2_1600x480
VDD,met1-met2,STRIPE,via,186499,236400,188099,236880,1600,via_1600x480
VDD,met3-met4,STRIPE,via,156340,236400,157940,236880,1600,via3_1600x480
VDD,met2-met3,STRIPE,via,156340,236400,157940,236880,1600,via2_1600x480
VDD,met1-met2,STRIPE,via,156340,236400,157940,236880,1600,via_1600x480
VDD,met3-met4,STRIPE,via,133778,236400,135378,236880,1600,via3_1600x480
VDD,met2-met3,STRIPE,via,133778,236400,135378,236880,1600,via2_1600x480
VDD,met1-met2,STRIPE,via,133778,236400,135378,236880,1600,via_1600x480
VDD,met3-met4,STRIPE,via,103961,236400,105561,236880,1600,via3_1600x480
VDD,met2-met3,STRIPE,via,103961,236400,105561,236880,1600,via2_1600x480
VDD,met1-met2,STRIPE,via,103961,236400,105561,236880,1600,via_1600x480
VDD,met3-met4,STRIPE,via,78044,236400,79644,236880,1600,via3_1600x480
VDD,met2-met3,STRIPE,via,78044,236400,79644,236880,1600,via2_1600x480
VDD,met1-met2,STRIPE,via,78044,236400,79644,236880,1600,via_1600x480
VDD,met3-met4,STRIPE,via,49234,236400,50834,236880,1600,via3_1600x480
VDD,met2-met3,STRIPE,via,49234,236400,50834,236880,1600,via2_1600x480
VDD,met1-met2,STRIPE,via,49234,236400,50834,236880,1600,via_1600x480
VDD,met3-met4,STRIPE,via,22216,236400,23816,236880,1600,via3_1600x480
VDD,met2-met3,STRIPE,via,22216,236400,23816,236880,1600,via2_1600x480
VDD,met1-met2,STRIPE,via,22216,236400,23816,236880,1600,via_1600x480
VDD,met3-met4,STRIPE,via,267802,230960,269402,231440,1600,via3_1600x480
VDD,met2-met3,STRIPE,via,267802,230960,269402,231440,1600,via2_1600x480
VDD,met1-met2,STRIPE,via,267802,230960,269402,231440,1600,via_1600x480
VDD,met3-met4,STRIPE,via,238669,230960,240269,231440,1600,via3_1600x480
VDD,met2-met3,STRIPE,via,238669,230960,240269,231440,1600,via2_1600x480
VDD,met1-met2,STRIPE,via,238669,230960,240269,231440,1600,via_1600x480
VDD,met3-met4,STRIPE,via,210980,230960,212580,231440,1600,via3_1600x480
VDD,met2-met3,STRIPE,via,210980,230960,212580,231440,1600,via2_1600x480
VDD,met1-met2,STRIPE,via,210980,230960,212580,231440,1600,via_1600x480
VDD,met3-met4,STRIPE,via,186499,230960,188099,231440,1600,via3_1600x480
VDD,met2-met3,STRIPE,via,186499,230960,188099,231440,1600,via2_1600x480
VDD,met1-met2,STRIPE,via,186499,230960,188099,231440,1600,via_1600x480
VDD,met3-met4,STRIPE,via,156340,230960,157940,231440,1600,via3_1600x480
VDD,met2-met3,STRIPE,via,156340,230960,157940,231440,1600,via2_1600x480
VDD,met1-met2,STRIPE,via,156340,230960,157940,231440,1600,via_1600x480
VDD,met3-met4,STRIPE,via,133778,230960,135378,231440,1600,via3_1600x480
VDD,met2-met3,STRIPE,via,133778,230960,135378,231440,1600,via2_1600x480
VDD,met1-met2,STRIPE,via,133778,230960,135378,231440,1600,via_1600x480
VDD,met3-met4,STRIPE,via,103961,230960,105561,231440,1600,via3_1600x480
VDD,met2-met3,STRIPE,via,103961,230960,105561,231440,1600,via2_1600x480
VDD,met1-met2,STRIPE,via,103961,230960,105561,231440,1600,via_1600x480
VDD,met3-met4,STRIPE,via,78044,230960,79644,231440,1600,via3_1600x480
VDD,met2-met3,STRIPE,via,78044,230960,79644,231440,1600,via2_1600x480
VDD,met1-met2,STRIPE,via,78044,230960,79644,231440,1600,via_1600x480
VDD,met3-met4,STRIPE,via,49234,230960,50834,231440,1600,via3_1600x480
VDD,met2-met3,STRIPE,via,49234,230960,50834,231440,1600,via2_1600x480
VDD,met1-met2,STRIPE,via,49234,230960,50834,231440,1600,via_1600x480
VDD,met3-met4,STRIPE,via,22216,230960,23816,231440,1600,via3_1600x480
VDD,met2-met3,STRIPE,via,22216,230960,23816,231440,1600,via2_1600x480
VDD,met1-met2,STRIPE,via,22216,230960,23816,231440,1600,via_1600x480
VDD,met3-met4,STRIPE,via,267802,225520,269402,226000,1600,via3_1600x480
VDD,met2-met3,STRIPE,via,267802,225520,269402,226000,1600,via2_1600x480
VDD,met1-met2,STRIPE,via,267802,225520,269402,226000,1600,via_1600x480
VDD,met3-met4,STRIPE,via,238669,225520,240269,226000,1600,via3_1600x480
VDD,met2-met3,STRIPE,via,238669,225520,240269,226000,1600,via2_1600x480
VDD,met1-met2,STRIPE,via,238669,225520,240269,226000,1600,via_1600x480
VDD,met3-met4,STRIPE,via,210980,225520,212580,226000,1600,via3_1600x480
VDD,met2-met3,STRIPE,via,210980,225520,212580,226000,1600,via2_1600x480
VDD,met1-met2,STRIPE,via,210980,225520,212580,226000,1600,via_1600x480
VDD,met3-met4,STRIPE,via,186499,225520,188099,226000,1600,via3_1600x480
VDD,met2-met3,STRIPE,via,186499,225520,188099,226000,1600,via2_1600x480
VDD,met1-met2,STRIPE,via,186499,225520,188099,226000,1600,via_1600x480
VDD,met3-met4,STRIPE,via,156340,225520,157940,226000,1600,via3_1600x480
VDD,met2-met3,STRIPE,via,156340,225520,157940,226000,1600,via2_1600x480
VDD,met1-met2,STRIPE,via,156340,225520,157940,226000,1600,via_1600x480
VDD,met3-met4,STRIPE,via,133778,225520,135378,226000,1600,via3_1600x480
VDD,met2-met3,STRIPE,via,133778,225520,135378,226000,1600,via2_1600x480
VDD,met1-met2,STRIPE,via,133778,225520,135378,226000,1600,via_1600x480
VDD,met3-met4,STRIPE,via,103961,225520,105561,226000,1600,via3_1600x480
VDD,met2-met3,STRIPE,via,103961,225520,105561,226000,1600,via2_1600x480
VDD,met1-met2,STRIPE,via,103961,225520,105561,226000,1600,via_1600x480
VDD,met3-met4,STRIPE,via,78044,225520,79644,226000,1600,via3_1600x480
VDD,met2-met3,STRIPE,via,78044,225520,79644,226000,1600,via2_1600x480
VDD,met1-met2,STRIPE,via,78044,225520,79644,226000,1600,via_1600x480
VDD,met3-met4,STRIPE,via,49234,225520,50834,226000,1600,via3_1600x480
VDD,met2-met3,STRIPE,via,49234,225520,50834,226000,1600,via2_1600x480
VDD,met1-met2,STRIPE,via,49234,225520,50834,226000,1600,via_1600x480
VDD,met3-met4,STRIPE,via,22216,225520,23816,226000,1600,via3_1600x480
VDD,met2-met3,STRIPE,via,22216,225520,23816,226000,1600,via2_1600x480
VDD,met1-met2,STRIPE,via,22216,225520,23816,226000,1600,via_1600x480
VDD,met3-met4,STRIPE,via,267802,220080,269402,220560,1600,via3_1600x480
VDD,met2-met3,STRIPE,via,267802,220080,269402,220560,1600,via2_1600x480
VDD,met1-met2,STRIPE,via,267802,220080,269402,220560,1600,via_1600x480
VDD,met3-met4,STRIPE,via,238669,220080,240269,220560,1600,via3_1600x480
VDD,met2-met3,STRIPE,via,238669,220080,240269,220560,1600,via2_1600x480
VDD,met1-met2,STRIPE,via,238669,220080,240269,220560,1600,via_1600x480
VDD,met3-met4,STRIPE,via,210980,220080,212580,220560,1600,via3_1600x480
VDD,met2-met3,STRIPE,via,210980,220080,212580,220560,1600,via2_1600x480
VDD,met1-met2,STRIPE,via,210980,220080,212580,220560,1600,via_1600x480
VDD,met3-met4,STRIPE,via,186499,220080,188099,220560,1600,via3_1600x480
VDD,met2-met3,STRIPE,via,186499,220080,188099,220560,1600,via2_1600x480
VDD,met1-met2,STRIPE,via,186499,220080,188099,220560,1600,via_1600x480
VDD,met3-met4,STRIPE,via,156340,220080,157940,220560,1600,via3_1600x480
VDD,met2-met3,STRIPE,via,156340,220080,157940,220560,1600,via2_1600x480
VDD,met1-met2,STRIPE,via,156340,220080,157940,220560,1600,via_1600x480
VDD,met3-met4,STRIPE,via,133778,220080,135378,220560,1600,via3_1600x480
VDD,met2-met3,STRIPE,via,133778,220080,135378,220560,1600,via2_1600x480
VDD,met1-met2,STRIPE,via,133778,220080,135378,220560,1600,via_1600x480
VDD,met3-met4,STRIPE,via,103961,220080,105561,220560,1600,via3_1600x480
VDD,met2-met3,STRIPE,via,103961,220080,105561,220560,1600,via2_1600x480
VDD,met1-met2,STRIPE,via,103961,220080,105561,220560,1600,via_1600x480
VDD,met3-met4,STRIPE,via,78044,220080,79644,220560,1600,via3_1600x480
VDD,met2-met3,STRIPE,via,78044,220080,79644,220560,1600,via2_1600x480
VDD,met1-met2,STRIPE,via,78044,220080,79644,220560,1600,via_1600x480
VDD,met3-met4,STRIPE,via,49234,220080,50834,220560,1600,via3_1600x480
VDD,met2-met3,STRIPE,via,49234,220080,50834,220560,1600,via2_1600x480
VDD,met1-met2,STRIPE,via,49234,220080,50834,220560,1600,via_1600x480
VDD,met3-met4,STRIPE,via,22216,220080,23816,220560,1600,via3_1600x480
VDD,met2-met3,STRIPE,via,22216,220080,23816,220560,1600,via2_1600x480
VDD,met1-met2,STRIPE,via,22216,220080,23816,220560,1600,via_1600x480
VDD,met3-met4,STRIPE,via,267802,214640,269402,215120,1600,via3_1600x480
VDD,met2-met3,STRIPE,via,267802,214640,269402,215120,1600,via2_1600x480
VDD,met1-met2,STRIPE,via,267802,214640,269402,215120,1600,via_1600x480
VDD,met3-met4,STRIPE,via,238669,214640,240269,215120,1600,via3_1600x480
VDD,met2-met3,STRIPE,via,238669,214640,240269,215120,1600,via2_1600x480
VDD,met1-met2,STRIPE,via,238669,214640,240269,215120,1600,via_1600x480
VDD,met3-met4,STRIPE,via,210980,214640,212580,215120,1600,via3_1600x480
VDD,met2-met3,STRIPE,via,210980,214640,212580,215120,1600,via2_1600x480
VDD,met1-met2,STRIPE,via,210980,214640,212580,215120,1600,via_1600x480
VDD,met3-met4,STRIPE,via,186499,214640,188099,215120,1600,via3_1600x480
VDD,met2-met3,STRIPE,via,186499,214640,188099,215120,1600,via2_1600x480
VDD,met1-met2,STRIPE,via,186499,214640,188099,215120,1600,via_1600x480
VDD,met3-met4,STRIPE,via,156340,214640,157940,215120,1600,via3_1600x480
VDD,met2-met3,STRIPE,via,156340,214640,157940,215120,1600,via2_1600x480
VDD,met1-met2,STRIPE,via,156340,214640,157940,215120,1600,via_1600x480
VDD,met3-met4,STRIPE,via,133778,214640,135378,215120,1600,via3_1600x480
VDD,met2-met3,STRIPE,via,133778,214640,135378,215120,1600,via2_1600x480
VDD,met1-met2,STRIPE,via,133778,214640,135378,215120,1600,via_1600x480
VDD,met3-met4,STRIPE,via,103961,214640,105561,215120,1600,via3_1600x480
VDD,met2-met3,STRIPE,via,103961,214640,105561,215120,1600,via2_1600x480
VDD,met1-met2,STRIPE,via,103961,214640,105561,215120,1600,via_1600x480
VDD,met3-met4,STRIPE,via,78044,214640,79644,215120,1600,via3_1600x480
VDD,met2-met3,STRIPE,via,78044,214640,79644,215120,1600,via2_1600x480
VDD,met1-met2,STRIPE,via,78044,214640,79644,215120,1600,via_1600x480
VDD,met3-met4,STRIPE,via,49234,214640,50834,215120,1600,via3_1600x480
VDD,met2-met3,STRIPE,via,49234,214640,50834,215120,1600,via2_1600x480
VDD,met1-met2,STRIPE,via,49234,214640,50834,215120,1600,via_1600x480
VDD,met3-met4,STRIPE,via,22216,214640,23816,215120,1600,via3_1600x480
VDD,met2-met3,STRIPE,via,22216,214640,23816,215120,1600,via2_1600x480
VDD,met1-met2,STRIPE,via,22216,214640,23816,215120,1600,via_1600x480
VDD,met3-met4,STRIPE,via,267802,209200,269402,209680,1600,via3_1600x480
VDD,met2-met3,STRIPE,via,267802,209200,269402,209680,1600,via2_1600x480
VDD,met1-met2,STRIPE,via,267802,209200,269402,209680,1600,via_1600x480
VDD,met3-met4,STRIPE,via,238669,209200,240269,209680,1600,via3_1600x480
VDD,met2-met3,STRIPE,via,238669,209200,240269,209680,1600,via2_1600x480
VDD,met1-met2,STRIPE,via,238669,209200,240269,209680,1600,via_1600x480
VDD,met3-met4,STRIPE,via,210980,209200,212580,209680,1600,via3_1600x480
VDD,met2-met3,STRIPE,via,210980,209200,212580,209680,1600,via2_1600x480
VDD,met1-met2,STRIPE,via,210980,209200,212580,209680,1600,via_1600x480
VDD,met3-met4,STRIPE,via,186499,209200,188099,209680,1600,via3_1600x480
VDD,met2-met3,STRIPE,via,186499,209200,188099,209680,1600,via2_1600x480
VDD,met1-met2,STRIPE,via,186499,209200,188099,209680,1600,via_1600x480
VDD,met3-met4,STRIPE,via,156340,209200,157940,209680,1600,via3_1600x480
VDD,met2-met3,STRIPE,via,156340,209200,157940,209680,1600,via2_1600x480
VDD,met1-met2,STRIPE,via,156340,209200,157940,209680,1600,via_1600x480
VDD,met3-met4,STRIPE,via,133778,209200,135378,209680,1600,via3_1600x480
VDD,met2-met3,STRIPE,via,133778,209200,135378,209680,1600,via2_1600x480
VDD,met1-met2,STRIPE,via,133778,209200,135378,209680,1600,via_1600x480
VDD,met3-met4,STRIPE,via,103961,209200,105561,209680,1600,via3_1600x480
VDD,met2-met3,STRIPE,via,103961,209200,105561,209680,1600,via2_1600x480
VDD,met1-met2,STRIPE,via,103961,209200,105561,209680,1600,via_1600x480
VDD,met3-met4,STRIPE,via,78044,209200,79644,209680,1600,via3_1600x480
VDD,met2-met3,STRIPE,via,78044,209200,79644,209680,1600,via2_1600x480
VDD,met1-met2,STRIPE,via,78044,209200,79644,209680,1600,via_1600x480
VDD,met3-met4,STRIPE,via,49234,209200,50834,209680,1600,via3_1600x480
VDD,met2-met3,STRIPE,via,49234,209200,50834,209680,1600,via2_1600x480
VDD,met1-met2,STRIPE,via,49234,209200,50834,209680,1600,via_1600x480
VDD,met3-met4,STRIPE,via,22216,209200,23816,209680,1600,via3_1600x480
VDD,met2-met3,STRIPE,via,22216,209200,23816,209680,1600,via2_1600x480
VDD,met1-met2,STRIPE,via,22216,209200,23816,209680,1600,via_1600x480
VDD,met3-met4,STRIPE,via,267802,203760,269402,204240,1600,via3_1600x480
VDD,met2-met3,STRIPE,via,267802,203760,269402,204240,1600,via2_1600x480
VDD,met1-met2,STRIPE,via,267802,203760,269402,204240,1600,via_1600x480
VDD,met3-met4,STRIPE,via,238669,203760,240269,204240,1600,via3_1600x480
VDD,met2-met3,STRIPE,via,238669,203760,240269,204240,1600,via2_1600x480
VDD,met1-met2,STRIPE,via,238669,203760,240269,204240,1600,via_1600x480
VDD,met3-met4,STRIPE,via,210980,203760,212580,204240,1600,via3_1600x480
VDD,met2-met3,STRIPE,via,210980,203760,212580,204240,1600,via2_1600x480
VDD,met1-met2,STRIPE,via,210980,203760,212580,204240,1600,via_1600x480
VDD,met3-met4,STRIPE,via,186499,203760,188099,204240,1600,via3_1600x480
VDD,met2-met3,STRIPE,via,186499,203760,188099,204240,1600,via2_1600x480
VDD,met1-met2,STRIPE,via,186499,203760,188099,204240,1600,via_1600x480
VDD,met3-met4,STRIPE,via,156340,203760,157940,204240,1600,via3_1600x480
VDD,met2-met3,STRIPE,via,156340,203760,157940,204240,1600,via2_1600x480
VDD,met1-met2,STRIPE,via,156340,203760,157940,204240,1600,via_1600x480
VDD,met3-met4,STRIPE,via,133778,203760,135378,204240,1600,via3_1600x480
VDD,met2-met3,STRIPE,via,133778,203760,135378,204240,1600,via2_1600x480
VDD,met1-met2,STRIPE,via,133778,203760,135378,204240,1600,via_1600x480
VDD,met3-met4,STRIPE,via,103961,203760,105561,204240,1600,via3_1600x480
VDD,met2-met3,STRIPE,via,103961,203760,105561,204240,1600,via2_1600x480
VDD,met1-met2,STRIPE,via,103961,203760,105561,204240,1600,via_1600x480
VDD,met3-met4,STRIPE,via,78044,203760,79644,204240,1600,via3_1600x480
VDD,met2-met3,STRIPE,via,78044,203760,79644,204240,1600,via2_1600x480
VDD,met1-met2,STRIPE,via,78044,203760,79644,204240,1600,via_1600x480
VDD,met3-met4,STRIPE,via,49234,203760,50834,204240,1600,via3_1600x480
VDD,met2-met3,STRIPE,via,49234,203760,50834,204240,1600,via2_1600x480
VDD,met1-met2,STRIPE,via,49234,203760,50834,204240,1600,via_1600x480
VDD,met3-met4,STRIPE,via,22216,203760,23816,204240,1600,via3_1600x480
VDD,met2-met3,STRIPE,via,22216,203760,23816,204240,1600,via2_1600x480
VDD,met1-met2,STRIPE,via,22216,203760,23816,204240,1600,via_1600x480
VDD,met3-met4,STRIPE,via,267802,198320,269402,198800,1600,via3_1600x480
VDD,met2-met3,STRIPE,via,267802,198320,269402,198800,1600,via2_1600x480
VDD,met1-met2,STRIPE,via,267802,198320,269402,198800,1600,via_1600x480
VDD,met3-met4,STRIPE,via,238669,198320,240269,198800,1600,via3_1600x480
VDD,met2-met3,STRIPE,via,238669,198320,240269,198800,1600,via2_1600x480
VDD,met1-met2,STRIPE,via,238669,198320,240269,198800,1600,via_1600x480
VDD,met3-met4,STRIPE,via,210980,198320,212580,198800,1600,via3_1600x480
VDD,met2-met3,STRIPE,via,210980,198320,212580,198800,1600,via2_1600x480
VDD,met1-met2,STRIPE,via,210980,198320,212580,198800,1600,via_1600x480
VDD,met3-met4,STRIPE,via,186499,198320,188099,198800,1600,via3_1600x480
VDD,met2-met3,STRIPE,via,186499,198320,188099,198800,1600,via2_1600x480
VDD,met1-met2,STRIPE,via,186499,198320,188099,198800,1600,via_1600x480
VDD,met3-met4,STRIPE,via,156340,198320,157940,198800,1600,via3_1600x480
VDD,met2-met3,STRIPE,via,156340,198320,157940,198800,1600,via2_1600x480
VDD,met1-met2,STRIPE,via,156340,198320,157940,198800,1600,via_1600x480
VDD,met3-met4,STRIPE,via,133778,198320,135378,198800,1600,via3_1600x480
VDD,met2-met3,STRIPE,via,133778,198320,135378,198800,1600,via2_1600x480
VDD,met1-met2,STRIPE,via,133778,198320,135378,198800,1600,via_1600x480
VDD,met3-met4,STRIPE,via,103961,198320,105561,198800,1600,via3_1600x480
VDD,met2-met3,STRIPE,via,103961,198320,105561,198800,1600,via2_1600x480
VDD,met1-met2,STRIPE,via,103961,198320,105561,198800,1600,via_1600x480
VDD,met3-met4,STRIPE,via,78044,198320,79644,198800,1600,via3_1600x480
VDD,met2-met3,STRIPE,via,78044,198320,79644,198800,1600,via2_1600x480
VDD,met1-met2,STRIPE,via,78044,198320,79644,198800,1600,via_1600x480
VDD,met3-met4,STRIPE,via,49234,198320,50834,198800,1600,via3_1600x480
VDD,met2-met3,STRIPE,via,49234,198320,50834,198800,1600,via2_1600x480
VDD,met1-met2,STRIPE,via,49234,198320,50834,198800,1600,via_1600x480
VDD,met3-met4,STRIPE,via,22216,198320,23816,198800,1600,via3_1600x480
VDD,met2-met3,STRIPE,via,22216,198320,23816,198800,1600,via2_1600x480
VDD,met1-met2,STRIPE,via,22216,198320,23816,198800,1600,via_1600x480
VDD,met3-met4,STRIPE,via,267802,192880,269402,193360,1600,via3_1600x480
VDD,met2-met3,STRIPE,via,267802,192880,269402,193360,1600,via2_1600x480
VDD,met1-met2,STRIPE,via,267802,192880,269402,193360,1600,via_1600x480
VDD,met3-met4,STRIPE,via,238669,192880,240269,193360,1600,via3_1600x480
VDD,met2-met3,STRIPE,via,238669,192880,240269,193360,1600,via2_1600x480
VDD,met1-met2,STRIPE,via,238669,192880,240269,193360,1600,via_1600x480
VDD,met3-met4,STRIPE,via,210980,192880,212580,193360,1600,via3_1600x480
VDD,met2-met3,STRIPE,via,210980,192880,212580,193360,1600,via2_1600x480
VDD,met1-met2,STRIPE,via,210980,192880,212580,193360,1600,via_1600x480
VDD,met3-met4,STRIPE,via,186499,192880,188099,193360,1600,via3_1600x480
VDD,met2-met3,STRIPE,via,186499,192880,188099,193360,1600,via2_1600x480
VDD,met1-met2,STRIPE,via,186499,192880,188099,193360,1600,via_1600x480
VDD,met3-met4,STRIPE,via,156340,192880,157940,193360,1600,via3_1600x480
VDD,met2-met3,STRIPE,via,156340,192880,157940,193360,1600,via2_1600x480
VDD,met1-met2,STRIPE,via,156340,192880,157940,193360,1600,via_1600x480
VDD,met3-met4,STRIPE,via,133778,192880,135378,193360,1600,via3_1600x480
VDD,met2-met3,STRIPE,via,133778,192880,135378,193360,1600,via2_1600x480
VDD,met1-met2,STRIPE,via,133778,192880,135378,193360,1600,via_1600x480
VDD,met3-met4,STRIPE,via,103961,192880,105561,193360,1600,via3_1600x480
VDD,met2-met3,STRIPE,via,103961,192880,105561,193360,1600,via2_1600x480
VDD,met1-met2,STRIPE,via,103961,192880,105561,193360,1600,via_1600x480
VDD,met3-met4,STRIPE,via,78044,192880,79644,193360,1600,via3_1600x480
VDD,met2-met3,STRIPE,via,78044,192880,79644,193360,1600,via2_1600x480
VDD,met1-met2,STRIPE,via,78044,192880,79644,193360,1600,via_1600x480
VDD,met3-met4,STRIPE,via,49234,192880,50834,193360,1600,via3_1600x480
VDD,met2-met3,STRIPE,via,49234,192880,50834,193360,1600,via2_1600x480
VDD,met1-met2,STRIPE,via,49234,192880,50834,193360,1600,via_1600x480
VDD,met3-met4,STRIPE,via,22216,192880,23816,193360,1600,via3_1600x480
VDD,met2-met3,STRIPE,via,22216,192880,23816,193360,1600,via2_1600x480
VDD,met1-met2,STRIPE,via,22216,192880,23816,193360,1600,via_1600x480
VDD,met3-met4,STRIPE,via,267802,187440,269402,187920,1600,via3_1600x480
VDD,met2-met3,STRIPE,via,267802,187440,269402,187920,1600,via2_1600x480
VDD,met1-met2,STRIPE,via,267802,187440,269402,187920,1600,via_1600x480
VDD,met3-met4,STRIPE,via,238669,187440,240269,187920,1600,via3_1600x480
VDD,met2-met3,STRIPE,via,238669,187440,240269,187920,1600,via2_1600x480
VDD,met1-met2,STRIPE,via,238669,187440,240269,187920,1600,via_1600x480
VDD,met3-met4,STRIPE,via,210980,187440,212580,187920,1600,via3_1600x480
VDD,met2-met3,STRIPE,via,210980,187440,212580,187920,1600,via2_1600x480
VDD,met1-met2,STRIPE,via,210980,187440,212580,187920,1600,via_1600x480
VDD,met3-met4,STRIPE,via,186499,187440,188099,187920,1600,via3_1600x480
VDD,met2-met3,STRIPE,via,186499,187440,188099,187920,1600,via2_1600x480
VDD,met1-met2,STRIPE,via,186499,187440,188099,187920,1600,via_1600x480
VDD,met3-met4,STRIPE,via,156340,187440,157940,187920,1600,via3_1600x480
VDD,met2-met3,STRIPE,via,156340,187440,157940,187920,1600,via2_1600x480
VDD,met1-met2,STRIPE,via,156340,187440,157940,187920,1600,via_1600x480
VDD,met3-met4,STRIPE,via,133778,187440,135378,187920,1600,via3_1600x480
VDD,met2-met3,STRIPE,via,133778,187440,135378,187920,1600,via2_1600x480
VDD,met1-met2,STRIPE,via,133778,187440,135378,187920,1600,via_1600x480
VDD,met3-met4,STRIPE,via,103961,187440,105561,187920,1600,via3_1600x480
VDD,met2-met3,STRIPE,via,103961,187440,105561,187920,1600,via2_1600x480
VDD,met1-met2,STRIPE,via,103961,187440,105561,187920,1600,via_1600x480
VDD,met3-met4,STRIPE,via,78044,187440,79644,187920,1600,via3_1600x480
VDD,met2-met3,STRIPE,via,78044,187440,79644,187920,1600,via2_1600x480
VDD,met1-met2,STRIPE,via,78044,187440,79644,187920,1600,via_1600x480
VDD,met3-met4,STRIPE,via,49234,187440,50834,187920,1600,via3_1600x480
VDD,met2-met3,STRIPE,via,49234,187440,50834,187920,1600,via2_1600x480
VDD,met1-met2,STRIPE,via,49234,187440,50834,187920,1600,via_1600x480
VDD,met3-met4,STRIPE,via,22216,187440,23816,187920,1600,via3_1600x480
VDD,met2-met3,STRIPE,via,22216,187440,23816,187920,1600,via2_1600x480
VDD,met1-met2,STRIPE,via,22216,187440,23816,187920,1600,via_1600x480
VDD,met3-met4,STRIPE,via,267802,182000,269402,182480,1600,via3_1600x480
VDD,met2-met3,STRIPE,via,267802,182000,269402,182480,1600,via2_1600x480
VDD,met1-met2,STRIPE,via,267802,182000,269402,182480,1600,via_1600x480
VDD,met3-met4,STRIPE,via,238669,182000,240269,182480,1600,via3_1600x480
VDD,met2-met3,STRIPE,via,238669,182000,240269,182480,1600,via2_1600x480
VDD,met1-met2,STRIPE,via,238669,182000,240269,182480,1600,via_1600x480
VDD,met3-met4,STRIPE,via,210980,182000,212580,182480,1600,via3_1600x480
VDD,met2-met3,STRIPE,via,210980,182000,212580,182480,1600,via2_1600x480
VDD,met1-met2,STRIPE,via,210980,182000,212580,182480,1600,via_1600x480
VDD,met3-met4,STRIPE,via,186499,182000,188099,182480,1600,via3_1600x480
VDD,met2-met3,STRIPE,via,186499,182000,188099,182480,1600,via2_1600x480
VDD,met1-met2,STRIPE,via,186499,182000,188099,182480,1600,via_1600x480
VDD,met3-met4,STRIPE,via,156340,182000,157940,182480,1600,via3_1600x480
VDD,met2-met3,STRIPE,via,156340,182000,157940,182480,1600,via2_1600x480
VDD,met1-met2,STRIPE,via,156340,182000,157940,182480,1600,via_1600x480
VDD,met3-met4,STRIPE,via,133778,182000,135378,182480,1600,via3_1600x480
VDD,met2-met3,STRIPE,via,133778,182000,135378,182480,1600,via2_1600x480
VDD,met1-met2,STRIPE,via,133778,182000,135378,182480,1600,via_1600x480
VDD,met3-met4,STRIPE,via,103961,182000,105561,182480,1600,via3_1600x480
VDD,met2-met3,STRIPE,via,103961,182000,105561,182480,1600,via2_1600x480
VDD,met1-met2,STRIPE,via,103961,182000,105561,182480,1600,via_1600x480
VDD,met3-met4,STRIPE,via,78044,182000,79644,182480,1600,via3_1600x480
VDD,met2-met3,STRIPE,via,78044,182000,79644,182480,1600,via2_1600x480
VDD,met1-met2,STRIPE,via,78044,182000,79644,182480,1600,via_1600x480
VDD,met3-met4,STRIPE,via,49234,182000,50834,182480,1600,via3_1600x480
VDD,met2-met3,STRIPE,via,49234,182000,50834,182480,1600,via2_1600x480
VDD,met1-met2,STRIPE,via,49234,182000,50834,182480,1600,via_1600x480
VDD,met3-met4,STRIPE,via,22216,182000,23816,182480,1600,via3_1600x480
VDD,met2-met3,STRIPE,via,22216,182000,23816,182480,1600,via2_1600x480
VDD,met1-met2,STRIPE,via,22216,182000,23816,182480,1600,via_1600x480
VDD,met3-met4,STRIPE,via,267802,176560,269402,177040,1600,via3_1600x480
VDD,met2-met3,STRIPE,via,267802,176560,269402,177040,1600,via2_1600x480
VDD,met1-met2,STRIPE,via,267802,176560,269402,177040,1600,via_1600x480
VDD,met3-met4,STRIPE,via,238669,176560,240269,177040,1600,via3_1600x480
VDD,met2-met3,STRIPE,via,238669,176560,240269,177040,1600,via2_1600x480
VDD,met1-met2,STRIPE,via,238669,176560,240269,177040,1600,via_1600x480
VDD,met3-met4,STRIPE,via,210980,176560,212580,177040,1600,via3_1600x480
VDD,met2-met3,STRIPE,via,210980,176560,212580,177040,1600,via2_1600x480
VDD,met1-met2,STRIPE,via,210980,176560,212580,177040,1600,via_1600x480
VDD,met3-met4,STRIPE,via,186499,176560,188099,177040,1600,via3_1600x480
VDD,met2-met3,STRIPE,via,186499,176560,188099,177040,1600,via2_1600x480
VDD,met1-met2,STRIPE,via,186499,176560,188099,177040,1600,via_1600x480
VDD,met3-met4,STRIPE,via,156340,176560,157940,177040,1600,via3_1600x480
VDD,met2-met3,STRIPE,via,156340,176560,157940,177040,1600,via2_1600x480
VDD,met1-met2,STRIPE,via,156340,176560,157940,177040,1600,via_1600x480
VDD,met3-met4,STRIPE,via,133778,176560,135378,177040,1600,via3_1600x480
VDD,met2-met3,STRIPE,via,133778,176560,135378,177040,1600,via2_1600x480
VDD,met1-met2,STRIPE,via,133778,176560,135378,177040,1600,via_1600x480
VDD,met3-met4,STRIPE,via,103961,176560,105561,177040,1600,via3_1600x480
VDD,met2-met3,STRIPE,via,103961,176560,105561,177040,1600,via2_1600x480
VDD,met1-met2,STRIPE,via,103961,176560,105561,177040,1600,via_1600x480
VDD,met3-met4,STRIPE,via,78044,176560,79644,177040,1600,via3_1600x480
VDD,met2-met3,STRIPE,via,78044,176560,79644,177040,1600,via2_1600x480
VDD,met1-met2,STRIPE,via,78044,176560,79644,177040,1600,via_1600x480
VDD,met3-met4,STRIPE,via,49234,176560,50834,177040,1600,via3_1600x480
VDD,met2-met3,STRIPE,via,49234,176560,50834,177040,1600,via2_1600x480
VDD,met1-met2,STRIPE,via,49234,176560,50834,177040,1600,via_1600x480
VDD,met3-met4,STRIPE,via,22216,176560,23816,177040,1600,via3_1600x480
VDD,met2-met3,STRIPE,via,22216,176560,23816,177040,1600,via2_1600x480
VDD,met1-met2,STRIPE,via,22216,176560,23816,177040,1600,via_1600x480
VDD,met3-met4,STRIPE,via,267802,171120,269402,171600,1600,via3_1600x480
VDD,met2-met3,STRIPE,via,267802,171120,269402,171600,1600,via2_1600x480
VDD,met1-met2,STRIPE,via,267802,171120,269402,171600,1600,via_1600x480
VDD,met3-met4,STRIPE,via,238669,171120,240269,171600,1600,via3_1600x480
VDD,met2-met3,STRIPE,via,238669,171120,240269,171600,1600,via2_1600x480
VDD,met1-met2,STRIPE,via,238669,171120,240269,171600,1600,via_1600x480
VDD,met3-met4,STRIPE,via,210980,171120,212580,171600,1600,via3_1600x480
VDD,met2-met3,STRIPE,via,210980,171120,212580,171600,1600,via2_1600x480
VDD,met1-met2,STRIPE,via,210980,171120,212580,171600,1600,via_1600x480
VDD,met3-met4,STRIPE,via,186499,171120,188099,171600,1600,via3_1600x480
VDD,met2-met3,STRIPE,via,186499,171120,188099,171600,1600,via2_1600x480
VDD,met1-met2,STRIPE,via,186499,171120,188099,171600,1600,via_1600x480
VDD,met3-met4,STRIPE,via,156340,171120,157940,171600,1600,via3_1600x480
VDD,met2-met3,STRIPE,via,156340,171120,157940,171600,1600,via2_1600x480
VDD,met1-met2,STRIPE,via,156340,171120,157940,171600,1600,via_1600x480
VDD,met3-met4,STRIPE,via,133778,171120,135378,171600,1600,via3_1600x480
VDD,met2-met3,STRIPE,via,133778,171120,135378,171600,1600,via2_1600x480
VDD,met1-met2,STRIPE,via,133778,171120,135378,171600,1600,via_1600x480
VDD,met3-met4,STRIPE,via,103961,171120,105561,171600,1600,via3_1600x480
VDD,met2-met3,STRIPE,via,103961,171120,105561,171600,1600,via2_1600x480
VDD,met1-met2,STRIPE,via,103961,171120,105561,171600,1600,via_1600x480
VDD,met3-met4,STRIPE,via,78044,171120,79644,171600,1600,via3_1600x480
VDD,met2-met3,STRIPE,via,78044,171120,79644,171600,1600,via2_1600x480
VDD,met1-met2,STRIPE,via,78044,171120,79644,171600,1600,via_1600x480
VDD,met3-met4,STRIPE,via,49234,171120,50834,171600,1600,via3_1600x480
VDD,met2-met3,STRIPE,via,49234,171120,50834,171600,1600,via2_1600x480
VDD,met1-met2,STRIPE,via,49234,171120,50834,171600,1600,via_1600x480
VDD,met3-met4,STRIPE,via,22216,171120,23816,171600,1600,via3_1600x480
VDD,met2-met3,STRIPE,via,22216,171120,23816,171600,1600,via2_1600x480
VDD,met1-met2,STRIPE,via,22216,171120,23816,171600,1600,via_1600x480
VDD,met3-met4,STRIPE,via,267802,165680,269402,166160,1600,via3_1600x480
VDD,met2-met3,STRIPE,via,267802,165680,269402,166160,1600,via2_1600x480
VDD,met1-met2,STRIPE,via,267802,165680,269402,166160,1600,via_1600x480
VDD,met3-met4,STRIPE,via,238669,165680,240269,166160,1600,via3_1600x480
VDD,met2-met3,STRIPE,via,238669,165680,240269,166160,1600,via2_1600x480
VDD,met1-met2,STRIPE,via,238669,165680,240269,166160,1600,via_1600x480
VDD,met3-met4,STRIPE,via,210980,165680,212580,166160,1600,via3_1600x480
VDD,met2-met3,STRIPE,via,210980,165680,212580,166160,1600,via2_1600x480
VDD,met1-met2,STRIPE,via,210980,165680,212580,166160,1600,via_1600x480
VDD,met3-met4,STRIPE,via,186499,165680,188099,166160,1600,via3_1600x480
VDD,met2-met3,STRIPE,via,186499,165680,188099,166160,1600,via2_1600x480
VDD,met1-met2,STRIPE,via,186499,165680,188099,166160,1600,via_1600x480
VDD,met3-met4,STRIPE,via,156340,165680,157940,166160,1600,via3_1600x480
VDD,met2-met3,STRIPE,via,156340,165680,157940,166160,1600,via2_1600x480
VDD,met1-met2,STRIPE,via,156340,165680,157940,166160,1600,via_1600x480
VDD,met3-met4,STRIPE,via,133778,165680,135378,166160,1600,via3_1600x480
VDD,met2-met3,STRIPE,via,133778,165680,135378,166160,1600,via2_1600x480
VDD,met1-met2,STRIPE,via,133778,165680,135378,166160,1600,via_1600x480
VDD,met3-met4,STRIPE,via,103961,165680,105561,166160,1600,via3_1600x480
VDD,met2-met3,STRIPE,via,103961,165680,105561,166160,1600,via2_1600x480
VDD,met1-met2,STRIPE,via,103961,165680,105561,166160,1600,via_1600x480
VDD,met3-met4,STRIPE,via,78044,165680,79644,166160,1600,via3_1600x480
VDD,met2-met3,STRIPE,via,78044,165680,79644,166160,1600,via2_1600x480
VDD,met1-met2,STRIPE,via,78044,165680,79644,166160,1600,via_1600x480
VDD,met3-met4,STRIPE,via,49234,165680,50834,166160,1600,via3_1600x480
VDD,met2-met3,STRIPE,via,49234,165680,50834,166160,1600,via2_1600x480
VDD,met1-met2,STRIPE,via,49234,165680,50834,166160,1600,via_1600x480
VDD,met3-met4,STRIPE,via,22216,165680,23816,166160,1600,via3_1600x480
VDD,met2-met3,STRIPE,via,22216,165680,23816,166160,1600,via2_1600x480
VDD,met1-met2,STRIPE,via,22216,165680,23816,166160,1600,via_1600x480
VDD,met3-met4,STRIPE,via,267802,160240,269402,160720,1600,via3_1600x480
VDD,met2-met3,STRIPE,via,267802,160240,269402,160720,1600,via2_1600x480
VDD,met1-met2,STRIPE,via,267802,160240,269402,160720,1600,via_1600x480
VDD,met3-met4,STRIPE,via,238669,160240,240269,160720,1600,via3_1600x480
VDD,met2-met3,STRIPE,via,238669,160240,240269,160720,1600,via2_1600x480
VDD,met1-met2,STRIPE,via,238669,160240,240269,160720,1600,via_1600x480
VDD,met3-met4,STRIPE,via,210980,160240,212580,160720,1600,via3_1600x480
VDD,met2-met3,STRIPE,via,210980,160240,212580,160720,1600,via2_1600x480
VDD,met1-met2,STRIPE,via,210980,160240,212580,160720,1600,via_1600x480
VDD,met3-met4,STRIPE,via,186499,160240,188099,160720,1600,via3_1600x480
VDD,met2-met3,STRIPE,via,186499,160240,188099,160720,1600,via2_1600x480
VDD,met1-met2,STRIPE,via,186499,160240,188099,160720,1600,via_1600x480
VDD,met3-met4,STRIPE,via,156340,160240,157940,160720,1600,via3_1600x480
VDD,met2-met3,STRIPE,via,156340,160240,157940,160720,1600,via2_1600x480
VDD,met1-met2,STRIPE,via,156340,160240,157940,160720,1600,via_1600x480
VDD,met3-met4,STRIPE,via,133778,160240,135378,160720,1600,via3_1600x480
VDD,met2-met3,STRIPE,via,133778,160240,135378,160720,1600,via2_1600x480
VDD,met1-met2,STRIPE,via,133778,160240,135378,160720,1600,via_1600x480
VDD,met3-met4,STRIPE,via,103961,160240,105561,160720,1600,via3_1600x480
VDD,met2-met3,STRIPE,via,103961,160240,105561,160720,1600,via2_1600x480
VDD,met1-met2,STRIPE,via,103961,160240,105561,160720,1600,via_1600x480
VDD,met3-met4,STRIPE,via,78044,160240,79644,160720,1600,via3_1600x480
VDD,met2-met3,STRIPE,via,78044,160240,79644,160720,1600,via2_1600x480
VDD,met1-met2,STRIPE,via,78044,160240,79644,160720,1600,via_1600x480
VDD,met3-met4,STRIPE,via,49234,160240,50834,160720,1600,via3_1600x480
VDD,met2-met3,STRIPE,via,49234,160240,50834,160720,1600,via2_1600x480
VDD,met1-met2,STRIPE,via,49234,160240,50834,160720,1600,via_1600x480
VDD,met3-met4,STRIPE,via,22216,160240,23816,160720,1600,via3_1600x480
VDD,met2-met3,STRIPE,via,22216,160240,23816,160720,1600,via2_1600x480
VDD,met1-met2,STRIPE,via,22216,160240,23816,160720,1600,via_1600x480
VDD,met3-met4,STRIPE,via,267802,154800,269402,155280,1600,via3_1600x480
VDD,met2-met3,STRIPE,via,267802,154800,269402,155280,1600,via2_1600x480
VDD,met1-met2,STRIPE,via,267802,154800,269402,155280,1600,via_1600x480
VDD,met3-met4,STRIPE,via,238669,154800,240269,155280,1600,via3_1600x480
VDD,met2-met3,STRIPE,via,238669,154800,240269,155280,1600,via2_1600x480
VDD,met1-met2,STRIPE,via,238669,154800,240269,155280,1600,via_1600x480
VDD,met3-met4,STRIPE,via,210980,154800,212580,155280,1600,via3_1600x480
VDD,met2-met3,STRIPE,via,210980,154800,212580,155280,1600,via2_1600x480
VDD,met1-met2,STRIPE,via,210980,154800,212580,155280,1600,via_1600x480
VDD,met3-met4,STRIPE,via,186499,154800,188099,155280,1600,via3_1600x480
VDD,met2-met3,STRIPE,via,186499,154800,188099,155280,1600,via2_1600x480
VDD,met1-met2,STRIPE,via,186499,154800,188099,155280,1600,via_1600x480
VDD,met3-met4,STRIPE,via,156340,154800,157940,155280,1600,via3_1600x480
VDD,met2-met3,STRIPE,via,156340,154800,157940,155280,1600,via2_1600x480
VDD,met1-met2,STRIPE,via,156340,154800,157940,155280,1600,via_1600x480
VDD,met3-met4,STRIPE,via,133778,154800,135378,155280,1600,via3_1600x480
VDD,met2-met3,STRIPE,via,133778,154800,135378,155280,1600,via2_1600x480
VDD,met1-met2,STRIPE,via,133778,154800,135378,155280,1600,via_1600x480
VDD,met3-met4,STRIPE,via,103961,154800,105561,155280,1600,via3_1600x480
VDD,met2-met3,STRIPE,via,103961,154800,105561,155280,1600,via2_1600x480
VDD,met1-met2,STRIPE,via,103961,154800,105561,155280,1600,via_1600x480
VDD,met3-met4,STRIPE,via,78044,154800,79644,155280,1600,via3_1600x480
VDD,met2-met3,STRIPE,via,78044,154800,79644,155280,1600,via2_1600x480
VDD,met1-met2,STRIPE,via,78044,154800,79644,155280,1600,via_1600x480
VDD,met3-met4,STRIPE,via,49234,154800,50834,155280,1600,via3_1600x480
VDD,met2-met3,STRIPE,via,49234,154800,50834,155280,1600,via2_1600x480
VDD,met1-met2,STRIPE,via,49234,154800,50834,155280,1600,via_1600x480
VDD,met3-met4,STRIPE,via,22216,154800,23816,155280,1600,via3_1600x480
VDD,met2-met3,STRIPE,via,22216,154800,23816,155280,1600,via2_1600x480
VDD,met1-met2,STRIPE,via,22216,154800,23816,155280,1600,via_1600x480
VDD,met3-met4,STRIPE,via,267802,149360,269402,149840,1600,via3_1600x480
VDD,met2-met3,STRIPE,via,267802,149360,269402,149840,1600,via2_1600x480
VDD,met1-met2,STRIPE,via,267802,149360,269402,149840,1600,via_1600x480
VDD,met3-met4,STRIPE,via,238669,149360,240269,149840,1600,via3_1600x480
VDD,met2-met3,STRIPE,via,238669,149360,240269,149840,1600,via2_1600x480
VDD,met1-met2,STRIPE,via,238669,149360,240269,149840,1600,via_1600x480
VDD,met3-met4,STRIPE,via,210980,149360,212580,149840,1600,via3_1600x480
VDD,met2-met3,STRIPE,via,210980,149360,212580,149840,1600,via2_1600x480
VDD,met1-met2,STRIPE,via,210980,149360,212580,149840,1600,via_1600x480
VDD,met3-met4,STRIPE,via,186499,149360,188099,149840,1600,via3_1600x480
VDD,met2-met3,STRIPE,via,186499,149360,188099,149840,1600,via2_1600x480
VDD,met1-met2,STRIPE,via,186499,149360,188099,149840,1600,via_1600x480
VDD,met3-met4,STRIPE,via,156340,149360,157940,149840,1600,via3_1600x480
VDD,met2-met3,STRIPE,via,156340,149360,157940,149840,1600,via2_1600x480
VDD,met1-met2,STRIPE,via,156340,149360,157940,149840,1600,via_1600x480
VDD,met3-met4,STRIPE,via,133778,149360,135378,149840,1600,via3_1600x480
VDD,met2-met3,STRIPE,via,133778,149360,135378,149840,1600,via2_1600x480
VDD,met1-met2,STRIPE,via,133778,149360,135378,149840,1600,via_1600x480
VDD,met3-met4,STRIPE,via,103961,149360,105561,149840,1600,via3_1600x480
VDD,met2-met3,STRIPE,via,103961,149360,105561,149840,1600,via2_1600x480
VDD,met1-met2,STRIPE,via,103961,149360,105561,149840,1600,via_1600x480
VDD,met3-met4,STRIPE,via,78044,149360,79644,149840,1600,via3_1600x480
VDD,met2-met3,STRIPE,via,78044,149360,79644,149840,1600,via2_1600x480
VDD,met1-met2,STRIPE,via,78044,149360,79644,149840,1600,via_1600x480
VDD,met3-met4,STRIPE,via,49234,149360,50834,149840,1600,via3_1600x480
VDD,met2-met3,STRIPE,via,49234,149360,50834,149840,1600,via2_1600x480
VDD,met1-met2,STRIPE,via,49234,149360,50834,149840,1600,via_1600x480
VDD,met3-met4,STRIPE,via,22216,149360,23816,149840,1600,via3_1600x480
VDD,met2-met3,STRIPE,via,22216,149360,23816,149840,1600,via2_1600x480
VDD,met1-met2,STRIPE,via,22216,149360,23816,149840,1600,via_1600x480
VDD,met3-met4,STRIPE,via,267802,143920,269402,144400,1600,via3_1600x480
VDD,met2-met3,STRIPE,via,267802,143920,269402,144400,1600,via2_1600x480
VDD,met1-met2,STRIPE,via,267802,143920,269402,144400,1600,via_1600x480
VDD,met3-met4,STRIPE,via,238669,143920,240269,144400,1600,via3_1600x480
VDD,met2-met3,STRIPE,via,238669,143920,240269,144400,1600,via2_1600x480
VDD,met1-met2,STRIPE,via,238669,143920,240269,144400,1600,via_1600x480
VDD,met3-met4,STRIPE,via,210980,143920,212580,144400,1600,via3_1600x480
VDD,met2-met3,STRIPE,via,210980,143920,212580,144400,1600,via2_1600x480
VDD,met1-met2,STRIPE,via,210980,143920,212580,144400,1600,via_1600x480
VDD,met3-met4,STRIPE,via,186499,143920,188099,144400,1600,via3_1600x480
VDD,met2-met3,STRIPE,via,186499,143920,188099,144400,1600,via2_1600x480
VDD,met1-met2,STRIPE,via,186499,143920,188099,144400,1600,via_1600x480
VDD,met3-met4,STRIPE,via,156340,143920,157940,144400,1600,via3_1600x480
VDD,met2-met3,STRIPE,via,156340,143920,157940,144400,1600,via2_1600x480
VDD,met1-met2,STRIPE,via,156340,143920,157940,144400,1600,via_1600x480
VDD,met3-met4,STRIPE,via,133778,143920,135378,144400,1600,via3_1600x480
VDD,met2-met3,STRIPE,via,133778,143920,135378,144400,1600,via2_1600x480
VDD,met1-met2,STRIPE,via,133778,143920,135378,144400,1600,via_1600x480
VDD,met3-met4,STRIPE,via,103961,143920,105561,144400,1600,via3_1600x480
VDD,met2-met3,STRIPE,via,103961,143920,105561,144400,1600,via2_1600x480
VDD,met1-met2,STRIPE,via,103961,143920,105561,144400,1600,via_1600x480
VDD,met3-met4,STRIPE,via,78044,143920,79644,144400,1600,via3_1600x480
VDD,met2-met3,STRIPE,via,78044,143920,79644,144400,1600,via2_1600x480
VDD,met1-met2,STRIPE,via,78044,143920,79644,144400,1600,via_1600x480
VDD,met3-met4,STRIPE,via,49234,143920,50834,144400,1600,via3_1600x480
VDD,met2-met3,STRIPE,via,49234,143920,50834,144400,1600,via2_1600x480
VDD,met1-met2,STRIPE,via,49234,143920,50834,144400,1600,via_1600x480
VDD,met3-met4,STRIPE,via,22216,143920,23816,144400,1600,via3_1600x480
VDD,met2-met3,STRIPE,via,22216,143920,23816,144400,1600,via2_1600x480
VDD,met1-met2,STRIPE,via,22216,143920,23816,144400,1600,via_1600x480
VDD,met3-met4,STRIPE,via,267802,138480,269402,138960,1600,via3_1600x480
VDD,met2-met3,STRIPE,via,267802,138480,269402,138960,1600,via2_1600x480
VDD,met1-met2,STRIPE,via,267802,138480,269402,138960,1600,via_1600x480
VDD,met3-met4,STRIPE,via,238669,138480,240269,138960,1600,via3_1600x480
VDD,met2-met3,STRIPE,via,238669,138480,240269,138960,1600,via2_1600x480
VDD,met1-met2,STRIPE,via,238669,138480,240269,138960,1600,via_1600x480
VDD,met3-met4,STRIPE,via,210980,138480,212580,138960,1600,via3_1600x480
VDD,met2-met3,STRIPE,via,210980,138480,212580,138960,1600,via2_1600x480
VDD,met1-met2,STRIPE,via,210980,138480,212580,138960,1600,via_1600x480
VDD,met3-met4,STRIPE,via,186499,138480,188099,138960,1600,via3_1600x480
VDD,met2-met3,STRIPE,via,186499,138480,188099,138960,1600,via2_1600x480
VDD,met1-met2,STRIPE,via,186499,138480,188099,138960,1600,via_1600x480
VDD,met3-met4,STRIPE,via,156340,138480,157940,138960,1600,via3_1600x480
VDD,met2-met3,STRIPE,via,156340,138480,157940,138960,1600,via2_1600x480
VDD,met1-met2,STRIPE,via,156340,138480,157940,138960,1600,via_1600x480
VDD,met3-met4,STRIPE,via,133778,138480,135378,138960,1600,via3_1600x480
VDD,met2-met3,STRIPE,via,133778,138480,135378,138960,1600,via2_1600x480
VDD,met1-met2,STRIPE,via,133778,138480,135378,138960,1600,via_1600x480
VDD,met3-met4,STRIPE,via,103961,138480,105561,138960,1600,via3_1600x480
VDD,met2-met3,STRIPE,via,103961,138480,105561,138960,1600,via2_1600x480
VDD,met1-met2,STRIPE,via,103961,138480,105561,138960,1600,via_1600x480
VDD,met3-met4,STRIPE,via,78044,138480,79644,138960,1600,via3_1600x480
VDD,met2-met3,STRIPE,via,78044,138480,79644,138960,1600,via2_1600x480
VDD,met1-met2,STRIPE,via,78044,138480,79644,138960,1600,via_1600x480
VDD,met3-met4,STRIPE,via,49234,138480,50834,138960,1600,via3_1600x480
VDD,met2-met3,STRIPE,via,49234,138480,50834,138960,1600,via2_1600x480
VDD,met1-met2,STRIPE,via,49234,138480,50834,138960,1600,via_1600x480
VDD,met3-met4,STRIPE,via,22216,138480,23816,138960,1600,via3_1600x480
VDD,met2-met3,STRIPE,via,22216,138480,23816,138960,1600,via2_1600x480
VDD,met1-met2,STRIPE,via,22216,138480,23816,138960,1600,via_1600x480
VDD,met3-met4,STRIPE,via,267802,133040,269402,133520,1600,via3_1600x480
VDD,met2-met3,STRIPE,via,267802,133040,269402,133520,1600,via2_1600x480
VDD,met1-met2,STRIPE,via,267802,133040,269402,133520,1600,via_1600x480
VDD,met3-met4,STRIPE,via,238669,133040,240269,133520,1600,via3_1600x480
VDD,met2-met3,STRIPE,via,238669,133040,240269,133520,1600,via2_1600x480
VDD,met1-met2,STRIPE,via,238669,133040,240269,133520,1600,via_1600x480
VDD,met3-met4,STRIPE,via,210980,133040,212580,133520,1600,via3_1600x480
VDD,met2-met3,STRIPE,via,210980,133040,212580,133520,1600,via2_1600x480
VDD,met1-met2,STRIPE,via,210980,133040,212580,133520,1600,via_1600x480
VDD,met3-met4,STRIPE,via,186499,133040,188099,133520,1600,via3_1600x480
VDD,met2-met3,STRIPE,via,186499,133040,188099,133520,1600,via2_1600x480
VDD,met1-met2,STRIPE,via,186499,133040,188099,133520,1600,via_1600x480
VDD,met3-met4,STRIPE,via,156340,133040,157940,133520,1600,via3_1600x480
VDD,met2-met3,STRIPE,via,156340,133040,157940,133520,1600,via2_1600x480
VDD,met1-met2,STRIPE,via,156340,133040,157940,133520,1600,via_1600x480
VDD,met3-met4,STRIPE,via,133778,133040,135378,133520,1600,via3_1600x480
VDD,met2-met3,STRIPE,via,133778,133040,135378,133520,1600,via2_1600x480
VDD,met1-met2,STRIPE,via,133778,133040,135378,133520,1600,via_1600x480
VDD,met3-met4,STRIPE,via,103961,133040,105561,133520,1600,via3_1600x480
VDD,met2-met3,STRIPE,via,103961,133040,105561,133520,1600,via2_1600x480
VDD,met1-met2,STRIPE,via,103961,133040,105561,133520,1600,via_1600x480
VDD,met3-met4,STRIPE,via,78044,133040,79644,133520,1600,via3_1600x480
VDD,met2-met3,STRIPE,via,78044,133040,79644,133520,1600,via2_1600x480
VDD,met1-met2,STRIPE,via,78044,133040,79644,133520,1600,via_1600x480
VDD,met3-met4,STRIPE,via,49234,133040,50834,133520,1600,via3_1600x480
VDD,met2-met3,STRIPE,via,49234,133040,50834,133520,1600,via2_1600x480
VDD,met1-met2,STRIPE,via,49234,133040,50834,133520,1600,via_1600x480
VDD,met3-met4,STRIPE,via,22216,133040,23816,133520,1600,via3_1600x480
VDD,met2-met3,STRIPE,via,22216,133040,23816,133520,1600,via2_1600x480
VDD,met1-met2,STRIPE,via,22216,133040,23816,133520,1600,via_1600x480
VDD,met3-met4,STRIPE,via,267802,127600,269402,128080,1600,via3_1600x480
VDD,met2-met3,STRIPE,via,267802,127600,269402,128080,1600,via2_1600x480
VDD,met1-met2,STRIPE,via,267802,127600,269402,128080,1600,via_1600x480
VDD,met3-met4,STRIPE,via,238669,127600,240269,128080,1600,via3_1600x480
VDD,met2-met3,STRIPE,via,238669,127600,240269,128080,1600,via2_1600x480
VDD,met1-met2,STRIPE,via,238669,127600,240269,128080,1600,via_1600x480
VDD,met3-met4,STRIPE,via,210980,127600,212580,128080,1600,via3_1600x480
VDD,met2-met3,STRIPE,via,210980,127600,212580,128080,1600,via2_1600x480
VDD,met1-met2,STRIPE,via,210980,127600,212580,128080,1600,via_1600x480
VDD,met3-met4,STRIPE,via,186499,127600,188099,128080,1600,via3_1600x480
VDD,met2-met3,STRIPE,via,186499,127600,188099,128080,1600,via2_1600x480
VDD,met1-met2,STRIPE,via,186499,127600,188099,128080,1600,via_1600x480
VDD,met3-met4,STRIPE,via,156340,127600,157940,128080,1600,via3_1600x480
VDD,met2-met3,STRIPE,via,156340,127600,157940,128080,1600,via2_1600x480
VDD,met1-met2,STRIPE,via,156340,127600,157940,128080,1600,via_1600x480
VDD,met3-met4,STRIPE,via,133778,127600,135378,128080,1600,via3_1600x480
VDD,met2-met3,STRIPE,via,133778,127600,135378,128080,1600,via2_1600x480
VDD,met1-met2,STRIPE,via,133778,127600,135378,128080,1600,via_1600x480
VDD,met3-met4,STRIPE,via,103961,127600,105561,128080,1600,via3_1600x480
VDD,met2-met3,STRIPE,via,103961,127600,105561,128080,1600,via2_1600x480
VDD,met1-met2,STRIPE,via,103961,127600,105561,128080,1600,via_1600x480
VDD,met3-met4,STRIPE,via,78044,127600,79644,128080,1600,via3_1600x480
VDD,met2-met3,STRIPE,via,78044,127600,79644,128080,1600,via2_1600x480
VDD,met1-met2,STRIPE,via,78044,127600,79644,128080,1600,via_1600x480
VDD,met3-met4,STRIPE,via,49234,127600,50834,128080,1600,via3_1600x480
VDD,met2-met3,STRIPE,via,49234,127600,50834,128080,1600,via2_1600x480
VDD,met1-met2,STRIPE,via,49234,127600,50834,128080,1600,via_1600x480
VDD,met3-met4,STRIPE,via,22216,127600,23816,128080,1600,via3_1600x480
VDD,met2-met3,STRIPE,via,22216,127600,23816,128080,1600,via2_1600x480
VDD,met1-met2,STRIPE,via,22216,127600,23816,128080,1600,via_1600x480
VDD,met3-met4,STRIPE,via,267802,122160,269402,122640,1600,via3_1600x480
VDD,met2-met3,STRIPE,via,267802,122160,269402,122640,1600,via2_1600x480
VDD,met1-met2,STRIPE,via,267802,122160,269402,122640,1600,via_1600x480
VDD,met3-met4,STRIPE,via,238669,122160,240269,122640,1600,via3_1600x480
VDD,met2-met3,STRIPE,via,238669,122160,240269,122640,1600,via2_1600x480
VDD,met1-met2,STRIPE,via,238669,122160,240269,122640,1600,via_1600x480
VDD,met3-met4,STRIPE,via,210980,122160,212580,122640,1600,via3_1600x480
VDD,met2-met3,STRIPE,via,210980,122160,212580,122640,1600,via2_1600x480
VDD,met1-met2,STRIPE,via,210980,122160,212580,122640,1600,via_1600x480
VDD,met3-met4,STRIPE,via,186499,122160,188099,122640,1600,via3_1600x480
VDD,met2-met3,STRIPE,via,186499,122160,188099,122640,1600,via2_1600x480
VDD,met1-met2,STRIPE,via,186499,122160,188099,122640,1600,via_1600x480
VDD,met3-met4,STRIPE,via,156340,122160,157940,122640,1600,via3_1600x480
VDD,met2-met3,STRIPE,via,156340,122160,157940,122640,1600,via2_1600x480
VDD,met1-met2,STRIPE,via,156340,122160,157940,122640,1600,via_1600x480
VDD,met3-met4,STRIPE,via,133778,122160,135378,122640,1600,via3_1600x480
VDD,met2-met3,STRIPE,via,133778,122160,135378,122640,1600,via2_1600x480
VDD,met1-met2,STRIPE,via,133778,122160,135378,122640,1600,via_1600x480
VDD,met3-met4,STRIPE,via,103961,122160,105561,122640,1600,via3_1600x480
VDD,met2-met3,STRIPE,via,103961,122160,105561,122640,1600,via2_1600x480
VDD,met1-met2,STRIPE,via,103961,122160,105561,122640,1600,via_1600x480
VDD,met3-met4,STRIPE,via,78044,122160,79644,122640,1600,via3_1600x480
VDD,met2-met3,STRIPE,via,78044,122160,79644,122640,1600,via2_1600x480
VDD,met1-met2,STRIPE,via,78044,122160,79644,122640,1600,via_1600x480
VDD,met3-met4,STRIPE,via,49234,122160,50834,122640,1600,via3_1600x480
VDD,met2-met3,STRIPE,via,49234,122160,50834,122640,1600,via2_1600x480
VDD,met1-met2,STRIPE,via,49234,122160,50834,122640,1600,via_1600x480
VDD,met3-met4,STRIPE,via,22216,122160,23816,122640,1600,via3_1600x480
VDD,met2-met3,STRIPE,via,22216,122160,23816,122640,1600,via2_1600x480
VDD,met1-met2,STRIPE,via,22216,122160,23816,122640,1600,via_1600x480
VDD,met3-met4,STRIPE,via,267802,116720,269402,117200,1600,via3_1600x480
VDD,met2-met3,STRIPE,via,267802,116720,269402,117200,1600,via2_1600x480
VDD,met1-met2,STRIPE,via,267802,116720,269402,117200,1600,via_1600x480
VDD,met3-met4,STRIPE,via,238669,116720,240269,117200,1600,via3_1600x480
VDD,met2-met3,STRIPE,via,238669,116720,240269,117200,1600,via2_1600x480
VDD,met1-met2,STRIPE,via,238669,116720,240269,117200,1600,via_1600x480
VDD,met3-met4,STRIPE,via,210980,116720,212580,117200,1600,via3_1600x480
VDD,met2-met3,STRIPE,via,210980,116720,212580,117200,1600,via2_1600x480
VDD,met1-met2,STRIPE,via,210980,116720,212580,117200,1600,via_1600x480
VDD,met3-met4,STRIPE,via,186499,116720,188099,117200,1600,via3_1600x480
VDD,met2-met3,STRIPE,via,186499,116720,188099,117200,1600,via2_1600x480
VDD,met1-met2,STRIPE,via,186499,116720,188099,117200,1600,via_1600x480
VDD,met3-met4,STRIPE,via,156340,116720,157940,117200,1600,via3_1600x480
VDD,met2-met3,STRIPE,via,156340,116720,157940,117200,1600,via2_1600x480
VDD,met1-met2,STRIPE,via,156340,116720,157940,117200,1600,via_1600x480
VDD,met3-met4,STRIPE,via,133778,116720,135378,117200,1600,via3_1600x480
VDD,met2-met3,STRIPE,via,133778,116720,135378,117200,1600,via2_1600x480
VDD,met1-met2,STRIPE,via,133778,116720,135378,117200,1600,via_1600x480
VDD,met3-met4,STRIPE,via,103961,116720,105561,117200,1600,via3_1600x480
VDD,met2-met3,STRIPE,via,103961,116720,105561,117200,1600,via2_1600x480
VDD,met1-met2,STRIPE,via,103961,116720,105561,117200,1600,via_1600x480
VDD,met3-met4,STRIPE,via,78044,116720,79644,117200,1600,via3_1600x480
VDD,met2-met3,STRIPE,via,78044,116720,79644,117200,1600,via2_1600x480
VDD,met1-met2,STRIPE,via,78044,116720,79644,117200,1600,via_1600x480
VDD,met3-met4,STRIPE,via,49234,116720,50834,117200,1600,via3_1600x480
VDD,met2-met3,STRIPE,via,49234,116720,50834,117200,1600,via2_1600x480
VDD,met1-met2,STRIPE,via,49234,116720,50834,117200,1600,via_1600x480
VDD,met3-met4,STRIPE,via,22216,116720,23816,117200,1600,via3_1600x480
VDD,met2-met3,STRIPE,via,22216,116720,23816,117200,1600,via2_1600x480
VDD,met1-met2,STRIPE,via,22216,116720,23816,117200,1600,via_1600x480
VDD,met3-met4,STRIPE,via,267802,111280,269402,111760,1600,via3_1600x480
VDD,met2-met3,STRIPE,via,267802,111280,269402,111760,1600,via2_1600x480
VDD,met1-met2,STRIPE,via,267802,111280,269402,111760,1600,via_1600x480
VDD,met3-met4,STRIPE,via,238669,111280,240269,111760,1600,via3_1600x480
VDD,met2-met3,STRIPE,via,238669,111280,240269,111760,1600,via2_1600x480
VDD,met1-met2,STRIPE,via,238669,111280,240269,111760,1600,via_1600x480
VDD,met3-met4,STRIPE,via,210980,111280,212580,111760,1600,via3_1600x480
VDD,met2-met3,STRIPE,via,210980,111280,212580,111760,1600,via2_1600x480
VDD,met1-met2,STRIPE,via,210980,111280,212580,111760,1600,via_1600x480
VDD,met3-met4,STRIPE,via,186499,111280,188099,111760,1600,via3_1600x480
VDD,met2-met3,STRIPE,via,186499,111280,188099,111760,1600,via2_1600x480
VDD,met1-met2,STRIPE,via,186499,111280,188099,111760,1600,via_1600x480
VDD,met3-met4,STRIPE,via,156340,111280,157940,111760,1600,via3_1600x480
VDD,met2-met3,STRIPE,via,156340,111280,157940,111760,1600,via2_1600x480
VDD,met1-met2,STRIPE,via,156340,111280,157940,111760,1600,via_1600x480
VDD,met3-met4,STRIPE,via,133778,111280,135378,111760,1600,via3_1600x480
VDD,met2-met3,STRIPE,via,133778,111280,135378,111760,1600,via2_1600x480
VDD,met1-met2,STRIPE,via,133778,111280,135378,111760,1600,via_1600x480
VDD,met3-met4,STRIPE,via,103961,111280,105561,111760,1600,via3_1600x480
VDD,met2-met3,STRIPE,via,103961,111280,105561,111760,1600,via2_1600x480
VDD,met1-met2,STRIPE,via,103961,111280,105561,111760,1600,via_1600x480
VDD,met3-met4,STRIPE,via,78044,111280,79644,111760,1600,via3_1600x480
VDD,met2-met3,STRIPE,via,78044,111280,79644,111760,1600,via2_1600x480
VDD,met1-met2,STRIPE,via,78044,111280,79644,111760,1600,via_1600x480
VDD,met3-met4,STRIPE,via,49234,111280,50834,111760,1600,via3_1600x480
VDD,met2-met3,STRIPE,via,49234,111280,50834,111760,1600,via2_1600x480
VDD,met1-met2,STRIPE,via,49234,111280,50834,111760,1600,via_1600x480
VDD,met3-met4,STRIPE,via,22216,111280,23816,111760,1600,via3_1600x480
VDD,met2-met3,STRIPE,via,22216,111280,23816,111760,1600,via2_1600x480
VDD,met1-met2,STRIPE,via,22216,111280,23816,111760,1600,via_1600x480
VDD,met3-met4,STRIPE,via,267802,105840,269402,106320,1600,via3_1600x480
VDD,met2-met3,STRIPE,via,267802,105840,269402,106320,1600,via2_1600x480
VDD,met1-met2,STRIPE,via,267802,105840,269402,106320,1600,via_1600x480
VDD,met3-met4,STRIPE,via,238669,105840,240269,106320,1600,via3_1600x480
VDD,met2-met3,STRIPE,via,238669,105840,240269,106320,1600,via2_1600x480
VDD,met1-met2,STRIPE,via,238669,105840,240269,106320,1600,via_1600x480
VDD,met3-met4,STRIPE,via,210980,105840,212580,106320,1600,via3_1600x480
VDD,met2-met3,STRIPE,via,210980,105840,212580,106320,1600,via2_1600x480
VDD,met1-met2,STRIPE,via,210980,105840,212580,106320,1600,via_1600x480
VDD,met3-met4,STRIPE,via,186499,105840,188099,106320,1600,via3_1600x480
VDD,met2-met3,STRIPE,via,186499,105840,188099,106320,1600,via2_1600x480
VDD,met1-met2,STRIPE,via,186499,105840,188099,106320,1600,via_1600x480
VDD,met3-met4,STRIPE,via,156340,105840,157940,106320,1600,via3_1600x480
VDD,met2-met3,STRIPE,via,156340,105840,157940,106320,1600,via2_1600x480
VDD,met1-met2,STRIPE,via,156340,105840,157940,106320,1600,via_1600x480
VDD,met3-met4,STRIPE,via,133778,105840,135378,106320,1600,via3_1600x480
VDD,met2-met3,STRIPE,via,133778,105840,135378,106320,1600,via2_1600x480
VDD,met1-met2,STRIPE,via,133778,105840,135378,106320,1600,via_1600x480
VDD,met3-met4,STRIPE,via,103961,105840,105561,106320,1600,via3_1600x480
VDD,met2-met3,STRIPE,via,103961,105840,105561,106320,1600,via2_1600x480
VDD,met1-met2,STRIPE,via,103961,105840,105561,106320,1600,via_1600x480
VDD,met3-met4,STRIPE,via,78044,105840,79644,106320,1600,via3_1600x480
VDD,met2-met3,STRIPE,via,78044,105840,79644,106320,1600,via2_1600x480
VDD,met1-met2,STRIPE,via,78044,105840,79644,106320,1600,via_1600x480
VDD,met3-met4,STRIPE,via,49234,105840,50834,106320,1600,via3_1600x480
VDD,met2-met3,STRIPE,via,49234,105840,50834,106320,1600,via2_1600x480
VDD,met1-met2,STRIPE,via,49234,105840,50834,106320,1600,via_1600x480
VDD,met3-met4,STRIPE,via,22216,105840,23816,106320,1600,via3_1600x480
VDD,met2-met3,STRIPE,via,22216,105840,23816,106320,1600,via2_1600x480
VDD,met1-met2,STRIPE,via,22216,105840,23816,106320,1600,via_1600x480
VDD,met3-met4,STRIPE,via,267802,100400,269402,100880,1600,via3_1600x480
VDD,met2-met3,STRIPE,via,267802,100400,269402,100880,1600,via2_1600x480
VDD,met1-met2,STRIPE,via,267802,100400,269402,100880,1600,via_1600x480
VDD,met3-met4,STRIPE,via,238669,100400,240269,100880,1600,via3_1600x480
VDD,met2-met3,STRIPE,via,238669,100400,240269,100880,1600,via2_1600x480
VDD,met1-met2,STRIPE,via,238669,100400,240269,100880,1600,via_1600x480
VDD,met3-met4,STRIPE,via,210980,100400,212580,100880,1600,via3_1600x480
VDD,met2-met3,STRIPE,via,210980,100400,212580,100880,1600,via2_1600x480
VDD,met1-met2,STRIPE,via,210980,100400,212580,100880,1600,via_1600x480
VDD,met3-met4,STRIPE,via,186499,100400,188099,100880,1600,via3_1600x480
VDD,met2-met3,STRIPE,via,186499,100400,188099,100880,1600,via2_1600x480
VDD,met1-met2,STRIPE,via,186499,100400,188099,100880,1600,via_1600x480
VDD,met3-met4,STRIPE,via,156340,100400,157940,100880,1600,via3_1600x480
VDD,met2-met3,STRIPE,via,156340,100400,157940,100880,1600,via2_1600x480
VDD,met1-met2,STRIPE,via,156340,100400,157940,100880,1600,via_1600x480
VDD,met3-met4,STRIPE,via,133778,100400,135378,100880,1600,via3_1600x480
VDD,met2-met3,STRIPE,via,133778,100400,135378,100880,1600,via2_1600x480
VDD,met1-met2,STRIPE,via,133778,100400,135378,100880,1600,via_1600x480
VDD,met3-met4,STRIPE,via,103961,100400,105561,100880,1600,via3_1600x480
VDD,met2-met3,STRIPE,via,103961,100400,105561,100880,1600,via2_1600x480
VDD,met1-met2,STRIPE,via,103961,100400,105561,100880,1600,via_1600x480
VDD,met3-met4,STRIPE,via,78044,100400,79644,100880,1600,via3_1600x480
VDD,met2-met3,STRIPE,via,78044,100400,79644,100880,1600,via2_1600x480
VDD,met1-met2,STRIPE,via,78044,100400,79644,100880,1600,via_1600x480
VDD,met3-met4,STRIPE,via,49234,100400,50834,100880,1600,via3_1600x480
VDD,met2-met3,STRIPE,via,49234,100400,50834,100880,1600,via2_1600x480
VDD,met1-met2,STRIPE,via,49234,100400,50834,100880,1600,via_1600x480
VDD,met3-met4,STRIPE,via,22216,100400,23816,100880,1600,via3_1600x480
VDD,met2-met3,STRIPE,via,22216,100400,23816,100880,1600,via2_1600x480
VDD,met1-met2,STRIPE,via,22216,100400,23816,100880,1600,via_1600x480
VDD,met3-met4,STRIPE,via,267802,94960,269402,95440,1600,via3_1600x480
VDD,met2-met3,STRIPE,via,267802,94960,269402,95440,1600,via2_1600x480
VDD,met1-met2,STRIPE,via,267802,94960,269402,95440,1600,via_1600x480
VDD,met3-met4,STRIPE,via,238669,94960,240269,95440,1600,via3_1600x480
VDD,met2-met3,STRIPE,via,238669,94960,240269,95440,1600,via2_1600x480
VDD,met1-met2,STRIPE,via,238669,94960,240269,95440,1600,via_1600x480
VDD,met3-met4,STRIPE,via,210980,94960,212580,95440,1600,via3_1600x480
VDD,met2-met3,STRIPE,via,210980,94960,212580,95440,1600,via2_1600x480
VDD,met1-met2,STRIPE,via,210980,94960,212580,95440,1600,via_1600x480
VDD,met3-met4,STRIPE,via,186499,94960,188099,95440,1600,via3_1600x480
VDD,met2-met3,STRIPE,via,186499,94960,188099,95440,1600,via2_1600x480
VDD,met1-met2,STRIPE,via,186499,94960,188099,95440,1600,via_1600x480
VDD,met3-met4,STRIPE,via,156340,94960,157940,95440,1600,via3_1600x480
VDD,met2-met3,STRIPE,via,156340,94960,157940,95440,1600,via2_1600x480
VDD,met1-met2,STRIPE,via,156340,94960,157940,95440,1600,via_1600x480
VDD,met3-met4,STRIPE,via,133778,94960,135378,95440,1600,via3_1600x480
VDD,met2-met3,STRIPE,via,133778,94960,135378,95440,1600,via2_1600x480
VDD,met1-met2,STRIPE,via,133778,94960,135378,95440,1600,via_1600x480
VDD,met3-met4,STRIPE,via,103961,94960,105561,95440,1600,via3_1600x480
VDD,met2-met3,STRIPE,via,103961,94960,105561,95440,1600,via2_1600x480
VDD,met1-met2,STRIPE,via,103961,94960,105561,95440,1600,via_1600x480
VDD,met3-met4,STRIPE,via,78044,94960,79644,95440,1600,via3_1600x480
VDD,met2-met3,STRIPE,via,78044,94960,79644,95440,1600,via2_1600x480
VDD,met1-met2,STRIPE,via,78044,94960,79644,95440,1600,via_1600x480
VDD,met3-met4,STRIPE,via,49234,94960,50834,95440,1600,via3_1600x480
VDD,met2-met3,STRIPE,via,49234,94960,50834,95440,1600,via2_1600x480
VDD,met1-met2,STRIPE,via,49234,94960,50834,95440,1600,via_1600x480
VDD,met3-met4,STRIPE,via,22216,94960,23816,95440,1600,via3_1600x480
VDD,met2-met3,STRIPE,via,22216,94960,23816,95440,1600,via2_1600x480
VDD,met1-met2,STRIPE,via,22216,94960,23816,95440,1600,via_1600x480
VDD,met3-met4,STRIPE,via,267802,89520,269402,90000,1600,via3_1600x480
VDD,met2-met3,STRIPE,via,267802,89520,269402,90000,1600,via2_1600x480
VDD,met1-met2,STRIPE,via,267802,89520,269402,90000,1600,via_1600x480
VDD,met3-met4,STRIPE,via,238669,89520,240269,90000,1600,via3_1600x480
VDD,met2-met3,STRIPE,via,238669,89520,240269,90000,1600,via2_1600x480
VDD,met1-met2,STRIPE,via,238669,89520,240269,90000,1600,via_1600x480
VDD,met3-met4,STRIPE,via,210980,89520,212580,90000,1600,via3_1600x480
VDD,met2-met3,STRIPE,via,210980,89520,212580,90000,1600,via2_1600x480
VDD,met1-met2,STRIPE,via,210980,89520,212580,90000,1600,via_1600x480
VDD,met3-met4,STRIPE,via,186499,89520,188099,90000,1600,via3_1600x480
VDD,met2-met3,STRIPE,via,186499,89520,188099,90000,1600,via2_1600x480
VDD,met1-met2,STRIPE,via,186499,89520,188099,90000,1600,via_1600x480
VDD,met3-met4,STRIPE,via,156340,89520,157940,90000,1600,via3_1600x480
VDD,met2-met3,STRIPE,via,156340,89520,157940,90000,1600,via2_1600x480
VDD,met1-met2,STRIPE,via,156340,89520,157940,90000,1600,via_1600x480
VDD,met3-met4,STRIPE,via,133778,89520,135378,90000,1600,via3_1600x480
VDD,met2-met3,STRIPE,via,133778,89520,135378,90000,1600,via2_1600x480
VDD,met1-met2,STRIPE,via,133778,89520,135378,90000,1600,via_1600x480
VDD,met3-met4,STRIPE,via,103961,89520,105561,90000,1600,via3_1600x480
VDD,met2-met3,STRIPE,via,103961,89520,105561,90000,1600,via2_1600x480
VDD,met1-met2,STRIPE,via,103961,89520,105561,90000,1600,via_1600x480
VDD,met3-met4,STRIPE,via,78044,89520,79644,90000,1600,via3_1600x480
VDD,met2-met3,STRIPE,via,78044,89520,79644,90000,1600,via2_1600x480
VDD,met1-met2,STRIPE,via,78044,89520,79644,90000,1600,via_1600x480
VDD,met3-met4,STRIPE,via,49234,89520,50834,90000,1600,via3_1600x480
VDD,met2-met3,STRIPE,via,49234,89520,50834,90000,1600,via2_1600x480
VDD,met1-met2,STRIPE,via,49234,89520,50834,90000,1600,via_1600x480
VDD,met3-met4,STRIPE,via,22216,89520,23816,90000,1600,via3_1600x480
VDD,met2-met3,STRIPE,via,22216,89520,23816,90000,1600,via2_1600x480
VDD,met1-met2,STRIPE,via,22216,89520,23816,90000,1600,via_1600x480
VDD,met3-met4,STRIPE,via,267802,84080,269402,84560,1600,via3_1600x480
VDD,met2-met3,STRIPE,via,267802,84080,269402,84560,1600,via2_1600x480
VDD,met1-met2,STRIPE,via,267802,84080,269402,84560,1600,via_1600x480
VDD,met3-met4,STRIPE,via,238669,84080,240269,84560,1600,via3_1600x480
VDD,met2-met3,STRIPE,via,238669,84080,240269,84560,1600,via2_1600x480
VDD,met1-met2,STRIPE,via,238669,84080,240269,84560,1600,via_1600x480
VDD,met3-met4,STRIPE,via,210980,84080,212580,84560,1600,via3_1600x480
VDD,met2-met3,STRIPE,via,210980,84080,212580,84560,1600,via2_1600x480
VDD,met1-met2,STRIPE,via,210980,84080,212580,84560,1600,via_1600x480
VDD,met3-met4,STRIPE,via,186499,84080,188099,84560,1600,via3_1600x480
VDD,met2-met3,STRIPE,via,186499,84080,188099,84560,1600,via2_1600x480
VDD,met1-met2,STRIPE,via,186499,84080,188099,84560,1600,via_1600x480
VDD,met3-met4,STRIPE,via,156340,84080,157940,84560,1600,via3_1600x480
VDD,met2-met3,STRIPE,via,156340,84080,157940,84560,1600,via2_1600x480
VDD,met1-met2,STRIPE,via,156340,84080,157940,84560,1600,via_1600x480
VDD,met3-met4,STRIPE,via,133778,84080,135378,84560,1600,via3_1600x480
VDD,met2-met3,STRIPE,via,133778,84080,135378,84560,1600,via2_1600x480
VDD,met1-met2,STRIPE,via,133778,84080,135378,84560,1600,via_1600x480
VDD,met3-met4,STRIPE,via,103961,84080,105561,84560,1600,via3_1600x480
VDD,met2-met3,STRIPE,via,103961,84080,105561,84560,1600,via2_1600x480
VDD,met1-met2,STRIPE,via,103961,84080,105561,84560,1600,via_1600x480
VDD,met3-met4,STRIPE,via,78044,84080,79644,84560,1600,via3_1600x480
VDD,met2-met3,STRIPE,via,78044,84080,79644,84560,1600,via2_1600x480
VDD,met1-met2,STRIPE,via,78044,84080,79644,84560,1600,via_1600x480
VDD,met3-met4,STRIPE,via,49234,84080,50834,84560,1600,via3_1600x480
VDD,met2-met3,STRIPE,via,49234,84080,50834,84560,1600,via2_1600x480
VDD,met1-met2,STRIPE,via,49234,84080,50834,84560,1600,via_1600x480
VDD,met3-met4,STRIPE,via,22216,84080,23816,84560,1600,via3_1600x480
VDD,met2-met3,STRIPE,via,22216,84080,23816,84560,1600,via2_1600x480
VDD,met1-met2,STRIPE,via,22216,84080,23816,84560,1600,via_1600x480
VDD,met3-met4,STRIPE,via,267802,78640,269402,79120,1600,via3_1600x480
VDD,met2-met3,STRIPE,via,267802,78640,269402,79120,1600,via2_1600x480
VDD,met1-met2,STRIPE,via,267802,78640,269402,79120,1600,via_1600x480
VDD,met3-met4,STRIPE,via,238669,78640,240269,79120,1600,via3_1600x480
VDD,met2-met3,STRIPE,via,238669,78640,240269,79120,1600,via2_1600x480
VDD,met1-met2,STRIPE,via,238669,78640,240269,79120,1600,via_1600x480
VDD,met3-met4,STRIPE,via,210980,78640,212580,79120,1600,via3_1600x480
VDD,met2-met3,STRIPE,via,210980,78640,212580,79120,1600,via2_1600x480
VDD,met1-met2,STRIPE,via,210980,78640,212580,79120,1600,via_1600x480
VDD,met3-met4,STRIPE,via,186499,78640,188099,79120,1600,via3_1600x480
VDD,met2-met3,STRIPE,via,186499,78640,188099,79120,1600,via2_1600x480
VDD,met1-met2,STRIPE,via,186499,78640,188099,79120,1600,via_1600x480
VDD,met3-met4,STRIPE,via,156340,78640,157940,79120,1600,via3_1600x480
VDD,met2-met3,STRIPE,via,156340,78640,157940,79120,1600,via2_1600x480
VDD,met1-met2,STRIPE,via,156340,78640,157940,79120,1600,via_1600x480
VDD,met3-met4,STRIPE,via,133778,78640,135378,79120,1600,via3_1600x480
VDD,met2-met3,STRIPE,via,133778,78640,135378,79120,1600,via2_1600x480
VDD,met1-met2,STRIPE,via,133778,78640,135378,79120,1600,via_1600x480
VDD,met3-met4,STRIPE,via,103961,78640,105561,79120,1600,via3_1600x480
VDD,met2-met3,STRIPE,via,103961,78640,105561,79120,1600,via2_1600x480
VDD,met1-met2,STRIPE,via,103961,78640,105561,79120,1600,via_1600x480
VDD,met3-met4,STRIPE,via,78044,78640,79644,79120,1600,via3_1600x480
VDD,met2-met3,STRIPE,via,78044,78640,79644,79120,1600,via2_1600x480
VDD,met1-met2,STRIPE,via,78044,78640,79644,79120,1600,via_1600x480
VDD,met3-met4,STRIPE,via,49234,78640,50834,79120,1600,via3_1600x480
VDD,met2-met3,STRIPE,via,49234,78640,50834,79120,1600,via2_1600x480
VDD,met1-met2,STRIPE,via,49234,78640,50834,79120,1600,via_1600x480
VDD,met3-met4,STRIPE,via,22216,78640,23816,79120,1600,via3_1600x480
VDD,met2-met3,STRIPE,via,22216,78640,23816,79120,1600,via2_1600x480
VDD,met1-met2,STRIPE,via,22216,78640,23816,79120,1600,via_1600x480
VDD,met3-met4,STRIPE,via,267802,73200,269402,73680,1600,via3_1600x480
VDD,met2-met3,STRIPE,via,267802,73200,269402,73680,1600,via2_1600x480
VDD,met1-met2,STRIPE,via,267802,73200,269402,73680,1600,via_1600x480
VDD,met3-met4,STRIPE,via,238669,73200,240269,73680,1600,via3_1600x480
VDD,met2-met3,STRIPE,via,238669,73200,240269,73680,1600,via2_1600x480
VDD,met1-met2,STRIPE,via,238669,73200,240269,73680,1600,via_1600x480
VDD,met3-met4,STRIPE,via,210980,73200,212580,73680,1600,via3_1600x480
VDD,met2-met3,STRIPE,via,210980,73200,212580,73680,1600,via2_1600x480
VDD,met1-met2,STRIPE,via,210980,73200,212580,73680,1600,via_1600x480
VDD,met3-met4,STRIPE,via,186499,73200,188099,73680,1600,via3_1600x480
VDD,met2-met3,STRIPE,via,186499,73200,188099,73680,1600,via2_1600x480
VDD,met1-met2,STRIPE,via,186499,73200,188099,73680,1600,via_1600x480
VDD,met3-met4,STRIPE,via,156340,73200,157940,73680,1600,via3_1600x480
VDD,met2-met3,STRIPE,via,156340,73200,157940,73680,1600,via2_1600x480
VDD,met1-met2,STRIPE,via,156340,73200,157940,73680,1600,via_1600x480
VDD,met3-met4,STRIPE,via,133778,73200,135378,73680,1600,via3_1600x480
VDD,met2-met3,STRIPE,via,133778,73200,135378,73680,1600,via2_1600x480
VDD,met1-met2,STRIPE,via,133778,73200,135378,73680,1600,via_1600x480
VDD,met3-met4,STRIPE,via,103961,73200,105561,73680,1600,via3_1600x480
VDD,met2-met3,STRIPE,via,103961,73200,105561,73680,1600,via2_1600x480
VDD,met1-met2,STRIPE,via,103961,73200,105561,73680,1600,via_1600x480
VDD,met3-met4,STRIPE,via,78044,73200,79644,73680,1600,via3_1600x480
VDD,met2-met3,STRIPE,via,78044,73200,79644,73680,1600,via2_1600x480
VDD,met1-met2,STRIPE,via,78044,73200,79644,73680,1600,via_1600x480
VDD,met3-met4,STRIPE,via,49234,73200,50834,73680,1600,via3_1600x480
VDD,met2-met3,STRIPE,via,49234,73200,50834,73680,1600,via2_1600x480
VDD,met1-met2,STRIPE,via,49234,73200,50834,73680,1600,via_1600x480
VDD,met3-met4,STRIPE,via,22216,73200,23816,73680,1600,via3_1600x480
VDD,met2-met3,STRIPE,via,22216,73200,23816,73680,1600,via2_1600x480
VDD,met1-met2,STRIPE,via,22216,73200,23816,73680,1600,via_1600x480
VDD,met3-met4,STRIPE,via,267802,67760,269402,68240,1600,via3_1600x480
VDD,met2-met3,STRIPE,via,267802,67760,269402,68240,1600,via2_1600x480
VDD,met1-met2,STRIPE,via,267802,67760,269402,68240,1600,via_1600x480
VDD,met3-met4,STRIPE,via,238669,67760,240269,68240,1600,via3_1600x480
VDD,met2-met3,STRIPE,via,238669,67760,240269,68240,1600,via2_1600x480
VDD,met1-met2,STRIPE,via,238669,67760,240269,68240,1600,via_1600x480
VDD,met3-met4,STRIPE,via,210980,67760,212580,68240,1600,via3_1600x480
VDD,met2-met3,STRIPE,via,210980,67760,212580,68240,1600,via2_1600x480
VDD,met1-met2,STRIPE,via,210980,67760,212580,68240,1600,via_1600x480
VDD,met3-met4,STRIPE,via,186499,67760,188099,68240,1600,via3_1600x480
VDD,met2-met3,STRIPE,via,186499,67760,188099,68240,1600,via2_1600x480
VDD,met1-met2,STRIPE,via,186499,67760,188099,68240,1600,via_1600x480
VDD,met3-met4,STRIPE,via,156340,67760,157940,68240,1600,via3_1600x480
VDD,met2-met3,STRIPE,via,156340,67760,157940,68240,1600,via2_1600x480
VDD,met1-met2,STRIPE,via,156340,67760,157940,68240,1600,via_1600x480
VDD,met3-met4,STRIPE,via,133778,67760,135378,68240,1600,via3_1600x480
VDD,met2-met3,STRIPE,via,133778,67760,135378,68240,1600,via2_1600x480
VDD,met1-met2,STRIPE,via,133778,67760,135378,68240,1600,via_1600x480
VDD,met3-met4,STRIPE,via,103961,67760,105561,68240,1600,via3_1600x480
VDD,met2-met3,STRIPE,via,103961,67760,105561,68240,1600,via2_1600x480
VDD,met1-met2,STRIPE,via,103961,67760,105561,68240,1600,via_1600x480
VDD,met3-met4,STRIPE,via,78044,67760,79644,68240,1600,via3_1600x480
VDD,met2-met3,STRIPE,via,78044,67760,79644,68240,1600,via2_1600x480
VDD,met1-met2,STRIPE,via,78044,67760,79644,68240,1600,via_1600x480
VDD,met3-met4,STRIPE,via,49234,67760,50834,68240,1600,via3_1600x480
VDD,met2-met3,STRIPE,via,49234,67760,50834,68240,1600,via2_1600x480
VDD,met1-met2,STRIPE,via,49234,67760,50834,68240,1600,via_1600x480
VDD,met3-met4,STRIPE,via,22216,67760,23816,68240,1600,via3_1600x480
VDD,met2-met3,STRIPE,via,22216,67760,23816,68240,1600,via2_1600x480
VDD,met1-met2,STRIPE,via,22216,67760,23816,68240,1600,via_1600x480
VDD,met3-met4,STRIPE,via,267802,62320,269402,62800,1600,via3_1600x480
VDD,met2-met3,STRIPE,via,267802,62320,269402,62800,1600,via2_1600x480
VDD,met1-met2,STRIPE,via,267802,62320,269402,62800,1600,via_1600x480
VDD,met3-met4,STRIPE,via,238669,62320,240269,62800,1600,via3_1600x480
VDD,met2-met3,STRIPE,via,238669,62320,240269,62800,1600,via2_1600x480
VDD,met1-met2,STRIPE,via,238669,62320,240269,62800,1600,via_1600x480
VDD,met3-met4,STRIPE,via,210980,62320,212580,62800,1600,via3_1600x480
VDD,met2-met3,STRIPE,via,210980,62320,212580,62800,1600,via2_1600x480
VDD,met1-met2,STRIPE,via,210980,62320,212580,62800,1600,via_1600x480
VDD,met3-met4,STRIPE,via,186499,62320,188099,62800,1600,via3_1600x480
VDD,met2-met3,STRIPE,via,186499,62320,188099,62800,1600,via2_1600x480
VDD,met1-met2,STRIPE,via,186499,62320,188099,62800,1600,via_1600x480
VDD,met3-met4,STRIPE,via,156340,62320,157940,62800,1600,via3_1600x480
VDD,met2-met3,STRIPE,via,156340,62320,157940,62800,1600,via2_1600x480
VDD,met1-met2,STRIPE,via,156340,62320,157940,62800,1600,via_1600x480
VDD,met3-met4,STRIPE,via,133778,62320,135378,62800,1600,via3_1600x480
VDD,met2-met3,STRIPE,via,133778,62320,135378,62800,1600,via2_1600x480
VDD,met1-met2,STRIPE,via,133778,62320,135378,62800,1600,via_1600x480
VDD,met3-met4,STRIPE,via,103961,62320,105561,62800,1600,via3_1600x480
VDD,met2-met3,STRIPE,via,103961,62320,105561,62800,1600,via2_1600x480
VDD,met1-met2,STRIPE,via,103961,62320,105561,62800,1600,via_1600x480
VDD,met3-met4,STRIPE,via,78044,62320,79644,62800,1600,via3_1600x480
VDD,met2-met3,STRIPE,via,78044,62320,79644,62800,1600,via2_1600x480
VDD,met1-met2,STRIPE,via,78044,62320,79644,62800,1600,via_1600x480
VDD,met3-met4,STRIPE,via,49234,62320,50834,62800,1600,via3_1600x480
VDD,met2-met3,STRIPE,via,49234,62320,50834,62800,1600,via2_1600x480
VDD,met1-met2,STRIPE,via,49234,62320,50834,62800,1600,via_1600x480
VDD,met3-met4,STRIPE,via,22216,62320,23816,62800,1600,via3_1600x480
VDD,met2-met3,STRIPE,via,22216,62320,23816,62800,1600,via2_1600x480
VDD,met1-met2,STRIPE,via,22216,62320,23816,62800,1600,via_1600x480
VDD,met3-met4,STRIPE,via,267802,56880,269402,57360,1600,via3_1600x480
VDD,met2-met3,STRIPE,via,267802,56880,269402,57360,1600,via2_1600x480
VDD,met1-met2,STRIPE,via,267802,56880,269402,57360,1600,via_1600x480
VDD,met3-met4,STRIPE,via,238669,56880,240269,57360,1600,via3_1600x480
VDD,met2-met3,STRIPE,via,238669,56880,240269,57360,1600,via2_1600x480
VDD,met1-met2,STRIPE,via,238669,56880,240269,57360,1600,via_1600x480
VDD,met3-met4,STRIPE,via,210980,56880,212580,57360,1600,via3_1600x480
VDD,met2-met3,STRIPE,via,210980,56880,212580,57360,1600,via2_1600x480
VDD,met1-met2,STRIPE,via,210980,56880,212580,57360,1600,via_1600x480
VDD,met3-met4,STRIPE,via,186499,56880,188099,57360,1600,via3_1600x480
VDD,met2-met3,STRIPE,via,186499,56880,188099,57360,1600,via2_1600x480
VDD,met1-met2,STRIPE,via,186499,56880,188099,57360,1600,via_1600x480
VDD,met3-met4,STRIPE,via,156340,56880,157940,57360,1600,via3_1600x480
VDD,met2-met3,STRIPE,via,156340,56880,157940,57360,1600,via2_1600x480
VDD,met1-met2,STRIPE,via,156340,56880,157940,57360,1600,via_1600x480
VDD,met3-met4,STRIPE,via,133778,56880,135378,57360,1600,via3_1600x480
VDD,met2-met3,STRIPE,via,133778,56880,135378,57360,1600,via2_1600x480
VDD,met1-met2,STRIPE,via,133778,56880,135378,57360,1600,via_1600x480
VDD,met3-met4,STRIPE,via,103961,56880,105561,57360,1600,via3_1600x480
VDD,met2-met3,STRIPE,via,103961,56880,105561,57360,1600,via2_1600x480
VDD,met1-met2,STRIPE,via,103961,56880,105561,57360,1600,via_1600x480
VDD,met3-met4,STRIPE,via,78044,56880,79644,57360,1600,via3_1600x480
VDD,met2-met3,STRIPE,via,78044,56880,79644,57360,1600,via2_1600x480
VDD,met1-met2,STRIPE,via,78044,56880,79644,57360,1600,via_1600x480
VDD,met3-met4,STRIPE,via,49234,56880,50834,57360,1600,via3_1600x480
VDD,met2-met3,STRIPE,via,49234,56880,50834,57360,1600,via2_1600x480
VDD,met1-met2,STRIPE,via,49234,56880,50834,57360,1600,via_1600x480
VDD,met3-met4,STRIPE,via,22216,56880,23816,57360,1600,via3_1600x480
VDD,met2-met3,STRIPE,via,22216,56880,23816,57360,1600,via2_1600x480
VDD,met1-met2,STRIPE,via,22216,56880,23816,57360,1600,via_1600x480
VDD,met3-met4,STRIPE,via,267802,51440,269402,51920,1600,via3_1600x480
VDD,met2-met3,STRIPE,via,267802,51440,269402,51920,1600,via2_1600x480
VDD,met1-met2,STRIPE,via,267802,51440,269402,51920,1600,via_1600x480
VDD,met3-met4,STRIPE,via,238669,51440,240269,51920,1600,via3_1600x480
VDD,met2-met3,STRIPE,via,238669,51440,240269,51920,1600,via2_1600x480
VDD,met1-met2,STRIPE,via,238669,51440,240269,51920,1600,via_1600x480
VDD,met3-met4,STRIPE,via,210980,51440,212580,51920,1600,via3_1600x480
VDD,met2-met3,STRIPE,via,210980,51440,212580,51920,1600,via2_1600x480
VDD,met1-met2,STRIPE,via,210980,51440,212580,51920,1600,via_1600x480
VDD,met3-met4,STRIPE,via,186499,51440,188099,51920,1600,via3_1600x480
VDD,met2-met3,STRIPE,via,186499,51440,188099,51920,1600,via2_1600x480
VDD,met1-met2,STRIPE,via,186499,51440,188099,51920,1600,via_1600x480
VDD,met3-met4,STRIPE,via,156340,51440,157940,51920,1600,via3_1600x480
VDD,met2-met3,STRIPE,via,156340,51440,157940,51920,1600,via2_1600x480
VDD,met1-met2,STRIPE,via,156340,51440,157940,51920,1600,via_1600x480
VDD,met3-met4,STRIPE,via,133778,51440,135378,51920,1600,via3_1600x480
VDD,met2-met3,STRIPE,via,133778,51440,135378,51920,1600,via2_1600x480
VDD,met1-met2,STRIPE,via,133778,51440,135378,51920,1600,via_1600x480
VDD,met3-met4,STRIPE,via,103961,51440,105561,51920,1600,via3_1600x480
VDD,met2-met3,STRIPE,via,103961,51440,105561,51920,1600,via2_1600x480
VDD,met1-met2,STRIPE,via,103961,51440,105561,51920,1600,via_1600x480
VDD,met3-met4,STRIPE,via,78044,51440,79644,51920,1600,via3_1600x480
VDD,met2-met3,STRIPE,via,78044,51440,79644,51920,1600,via2_1600x480
VDD,met1-met2,STRIPE,via,78044,51440,79644,51920,1600,via_1600x480
VDD,met3-met4,STRIPE,via,49234,51440,50834,51920,1600,via3_1600x480
VDD,met2-met3,STRIPE,via,49234,51440,50834,51920,1600,via2_1600x480
VDD,met1-met2,STRIPE,via,49234,51440,50834,51920,1600,via_1600x480
VDD,met3-met4,STRIPE,via,22216,51440,23816,51920,1600,via3_1600x480
VDD,met2-met3,STRIPE,via,22216,51440,23816,51920,1600,via2_1600x480
VDD,met1-met2,STRIPE,via,22216,51440,23816,51920,1600,via_1600x480
VDD,met3-met4,STRIPE,via,267802,46000,269402,46480,1600,via3_1600x480
VDD,met2-met3,STRIPE,via,267802,46000,269402,46480,1600,via2_1600x480
VDD,met1-met2,STRIPE,via,267802,46000,269402,46480,1600,via_1600x480
VDD,met3-met4,STRIPE,via,238669,46000,240269,46480,1600,via3_1600x480
VDD,met2-met3,STRIPE,via,238669,46000,240269,46480,1600,via2_1600x480
VDD,met1-met2,STRIPE,via,238669,46000,240269,46480,1600,via_1600x480
VDD,met3-met4,STRIPE,via,210980,46000,212580,46480,1600,via3_1600x480
VDD,met2-met3,STRIPE,via,210980,46000,212580,46480,1600,via2_1600x480
VDD,met1-met2,STRIPE,via,210980,46000,212580,46480,1600,via_1600x480
VDD,met3-met4,STRIPE,via,186499,46000,188099,46480,1600,via3_1600x480
VDD,met2-met3,STRIPE,via,186499,46000,188099,46480,1600,via2_1600x480
VDD,met1-met2,STRIPE,via,186499,46000,188099,46480,1600,via_1600x480
VDD,met3-met4,STRIPE,via,156340,46000,157940,46480,1600,via3_1600x480
VDD,met2-met3,STRIPE,via,156340,46000,157940,46480,1600,via2_1600x480
VDD,met1-met2,STRIPE,via,156340,46000,157940,46480,1600,via_1600x480
VDD,met3-met4,STRIPE,via,133778,46000,135378,46480,1600,via3_1600x480
VDD,met2-met3,STRIPE,via,133778,46000,135378,46480,1600,via2_1600x480
VDD,met1-met2,STRIPE,via,133778,46000,135378,46480,1600,via_1600x480
VDD,met3-met4,STRIPE,via,103961,46000,105561,46480,1600,via3_1600x480
VDD,met2-met3,STRIPE,via,103961,46000,105561,46480,1600,via2_1600x480
VDD,met1-met2,STRIPE,via,103961,46000,105561,46480,1600,via_1600x480
VDD,met3-met4,STRIPE,via,78044,46000,79644,46480,1600,via3_1600x480
VDD,met2-met3,STRIPE,via,78044,46000,79644,46480,1600,via2_1600x480
VDD,met1-met2,STRIPE,via,78044,46000,79644,46480,1600,via_1600x480
VDD,met3-met4,STRIPE,via,49234,46000,50834,46480,1600,via3_1600x480
VDD,met2-met3,STRIPE,via,49234,46000,50834,46480,1600,via2_1600x480
VDD,met1-met2,STRIPE,via,49234,46000,50834,46480,1600,via_1600x480
VDD,met3-met4,STRIPE,via,22216,46000,23816,46480,1600,via3_1600x480
VDD,met2-met3,STRIPE,via,22216,46000,23816,46480,1600,via2_1600x480
VDD,met1-met2,STRIPE,via,22216,46000,23816,46480,1600,via_1600x480
VDD,met3-met4,STRIPE,via,267802,40560,269402,41040,1600,via3_1600x480
VDD,met2-met3,STRIPE,via,267802,40560,269402,41040,1600,via2_1600x480
VDD,met1-met2,STRIPE,via,267802,40560,269402,41040,1600,via_1600x480
VDD,met3-met4,STRIPE,via,238669,40560,240269,41040,1600,via3_1600x480
VDD,met2-met3,STRIPE,via,238669,40560,240269,41040,1600,via2_1600x480
VDD,met1-met2,STRIPE,via,238669,40560,240269,41040,1600,via_1600x480
VDD,met3-met4,STRIPE,via,210980,40560,212580,41040,1600,via3_1600x480
VDD,met2-met3,STRIPE,via,210980,40560,212580,41040,1600,via2_1600x480
VDD,met1-met2,STRIPE,via,210980,40560,212580,41040,1600,via_1600x480
VDD,met3-met4,STRIPE,via,186499,40560,188099,41040,1600,via3_1600x480
VDD,met2-met3,STRIPE,via,186499,40560,188099,41040,1600,via2_1600x480
VDD,met1-met2,STRIPE,via,186499,40560,188099,41040,1600,via_1600x480
VDD,met3-met4,STRIPE,via,156340,40560,157940,41040,1600,via3_1600x480
VDD,met2-met3,STRIPE,via,156340,40560,157940,41040,1600,via2_1600x480
VDD,met1-met2,STRIPE,via,156340,40560,157940,41040,1600,via_1600x480
VDD,met3-met4,STRIPE,via,133778,40560,135378,41040,1600,via3_1600x480
VDD,met2-met3,STRIPE,via,133778,40560,135378,41040,1600,via2_1600x480
VDD,met1-met2,STRIPE,via,133778,40560,135378,41040,1600,via_1600x480
VDD,met3-met4,STRIPE,via,103961,40560,105561,41040,1600,via3_1600x480
VDD,met2-met3,STRIPE,via,103961,40560,105561,41040,1600,via2_1600x480
VDD,met1-met2,STRIPE,via,103961,40560,105561,41040,1600,via_1600x480
VDD,met3-met4,STRIPE,via,78044,40560,79644,41040,1600,via3_1600x480
VDD,met2-met3,STRIPE,via,78044,40560,79644,41040,1600,via2_1600x480
VDD,met1-met2,STRIPE,via,78044,40560,79644,41040,1600,via_1600x480
VDD,met3-met4,STRIPE,via,49234,40560,50834,41040,1600,via3_1600x480
VDD,met2-met3,STRIPE,via,49234,40560,50834,41040,1600,via2_1600x480
VDD,met1-met2,STRIPE,via,49234,40560,50834,41040,1600,via_1600x480
VDD,met3-met4,STRIPE,via,22216,40560,23816,41040,1600,via3_1600x480
VDD,met2-met3,STRIPE,via,22216,40560,23816,41040,1600,via2_1600x480
VDD,met1-met2,STRIPE,via,22216,40560,23816,41040,1600,via_1600x480
VDD,met3-met4,STRIPE,via,267802,35120,269402,35600,1600,via3_1600x480
VDD,met2-met3,STRIPE,via,267802,35120,269402,35600,1600,via2_1600x480
VDD,met1-met2,STRIPE,via,267802,35120,269402,35600,1600,via_1600x480
VDD,met3-met4,STRIPE,via,238669,35120,240269,35600,1600,via3_1600x480
VDD,met2-met3,STRIPE,via,238669,35120,240269,35600,1600,via2_1600x480
VDD,met1-met2,STRIPE,via,238669,35120,240269,35600,1600,via_1600x480
VDD,met3-met4,STRIPE,via,210980,35120,212580,35600,1600,via3_1600x480
VDD,met2-met3,STRIPE,via,210980,35120,212580,35600,1600,via2_1600x480
VDD,met1-met2,STRIPE,via,210980,35120,212580,35600,1600,via_1600x480
VDD,met3-met4,STRIPE,via,186499,35120,188099,35600,1600,via3_1600x480
VDD,met2-met3,STRIPE,via,186499,35120,188099,35600,1600,via2_1600x480
VDD,met1-met2,STRIPE,via,186499,35120,188099,35600,1600,via_1600x480
VDD,met3-met4,STRIPE,via,156340,35120,157940,35600,1600,via3_1600x480
VDD,met2-met3,STRIPE,via,156340,35120,157940,35600,1600,via2_1600x480
VDD,met1-met2,STRIPE,via,156340,35120,157940,35600,1600,via_1600x480
VDD,met3-met4,STRIPE,via,133778,35120,135378,35600,1600,via3_1600x480
VDD,met2-met3,STRIPE,via,133778,35120,135378,35600,1600,via2_1600x480
VDD,met1-met2,STRIPE,via,133778,35120,135378,35600,1600,via_1600x480
VDD,met3-met4,STRIPE,via,103961,35120,105561,35600,1600,via3_1600x480
VDD,met2-met3,STRIPE,via,103961,35120,105561,35600,1600,via2_1600x480
VDD,met1-met2,STRIPE,via,103961,35120,105561,35600,1600,via_1600x480
VDD,met3-met4,STRIPE,via,78044,35120,79644,35600,1600,via3_1600x480
VDD,met2-met3,STRIPE,via,78044,35120,79644,35600,1600,via2_1600x480
VDD,met1-met2,STRIPE,via,78044,35120,79644,35600,1600,via_1600x480
VDD,met3-met4,STRIPE,via,49234,35120,50834,35600,1600,via3_1600x480
VDD,met2-met3,STRIPE,via,49234,35120,50834,35600,1600,via2_1600x480
VDD,met1-met2,STRIPE,via,49234,35120,50834,35600,1600,via_1600x480
VDD,met3-met4,STRIPE,via,22216,35120,23816,35600,1600,via3_1600x480
VDD,met2-met3,STRIPE,via,22216,35120,23816,35600,1600,via2_1600x480
VDD,met1-met2,STRIPE,via,22216,35120,23816,35600,1600,via_1600x480
VDD,met3-met4,STRIPE,via,267802,29680,269402,30160,1600,via3_1600x480
VDD,met2-met3,STRIPE,via,267802,29680,269402,30160,1600,via2_1600x480
VDD,met1-met2,STRIPE,via,267802,29680,269402,30160,1600,via_1600x480
VDD,met3-met4,STRIPE,via,238669,29680,240269,30160,1600,via3_1600x480
VDD,met2-met3,STRIPE,via,238669,29680,240269,30160,1600,via2_1600x480
VDD,met1-met2,STRIPE,via,238669,29680,240269,30160,1600,via_1600x480
VDD,met3-met4,STRIPE,via,210980,29680,212580,30160,1600,via3_1600x480
VDD,met2-met3,STRIPE,via,210980,29680,212580,30160,1600,via2_1600x480
VDD,met1-met2,STRIPE,via,210980,29680,212580,30160,1600,via_1600x480
VDD,met3-met4,STRIPE,via,186499,29680,188099,30160,1600,via3_1600x480
VDD,met2-met3,STRIPE,via,186499,29680,188099,30160,1600,via2_1600x480
VDD,met1-met2,STRIPE,via,186499,29680,188099,30160,1600,via_1600x480
VDD,met3-met4,STRIPE,via,156340,29680,157940,30160,1600,via3_1600x480
VDD,met2-met3,STRIPE,via,156340,29680,157940,30160,1600,via2_1600x480
VDD,met1-met2,STRIPE,via,156340,29680,157940,30160,1600,via_1600x480
VDD,met3-met4,STRIPE,via,133778,29680,135378,30160,1600,via3_1600x480
VDD,met2-met3,STRIPE,via,133778,29680,135378,30160,1600,via2_1600x480
VDD,met1-met2,STRIPE,via,133778,29680,135378,30160,1600,via_1600x480
VDD,met3-met4,STRIPE,via,103961,29680,105561,30160,1600,via3_1600x480
VDD,met2-met3,STRIPE,via,103961,29680,105561,30160,1600,via2_1600x480
VDD,met1-met2,STRIPE,via,103961,29680,105561,30160,1600,via_1600x480
VDD,met3-met4,STRIPE,via,78044,29680,79644,30160,1600,via3_1600x480
VDD,met2-met3,STRIPE,via,78044,29680,79644,30160,1600,via2_1600x480
VDD,met1-met2,STRIPE,via,78044,29680,79644,30160,1600,via_1600x480
VDD,met3-met4,STRIPE,via,49234,29680,50834,30160,1600,via3_1600x480
VDD,met2-met3,STRIPE,via,49234,29680,50834,30160,1600,via2_1600x480
VDD,met1-met2,STRIPE,via,49234,29680,50834,30160,1600,via_1600x480
VDD,met3-met4,STRIPE,via,22216,29680,23816,30160,1600,via3_1600x480
VDD,met2-met3,STRIPE,via,22216,29680,23816,30160,1600,via2_1600x480
VDD,met1-met2,STRIPE,via,22216,29680,23816,30160,1600,via_1600x480
VDD,met3-met4,STRIPE,via,267802,24240,269402,24720,1600,via3_1600x480
VDD,met2-met3,STRIPE,via,267802,24240,269402,24720,1600,via2_1600x480
VDD,met1-met2,STRIPE,via,267802,24240,269402,24720,1600,via_1600x480
VDD,met3-met4,STRIPE,via,238669,24240,240269,24720,1600,via3_1600x480
VDD,met2-met3,STRIPE,via,238669,24240,240269,24720,1600,via2_1600x480
VDD,met1-met2,STRIPE,via,238669,24240,240269,24720,1600,via_1600x480
VDD,met3-met4,STRIPE,via,210980,24240,212580,24720,1600,via3_1600x480
VDD,met2-met3,STRIPE,via,210980,24240,212580,24720,1600,via2_1600x480
VDD,met1-met2,STRIPE,via,210980,24240,212580,24720,1600,via_1600x480
VDD,met3-met4,STRIPE,via,186499,24240,188099,24720,1600,via3_1600x480
VDD,met2-met3,STRIPE,via,186499,24240,188099,24720,1600,via2_1600x480
VDD,met1-met2,STRIPE,via,186499,24240,188099,24720,1600,via_1600x480
VDD,met3-met4,STRIPE,via,156340,24240,157940,24720,1600,via3_1600x480
VDD,met2-met3,STRIPE,via,156340,24240,157940,24720,1600,via2_1600x480
VDD,met1-met2,STRIPE,via,156340,24240,157940,24720,1600,via_1600x480
VDD,met3-met4,STRIPE,via,133778,24240,135378,24720,1600,via3_1600x480
VDD,met2-met3,STRIPE,via,133778,24240,135378,24720,1600,via2_1600x480
VDD,met1-met2,STRIPE,via,133778,24240,135378,24720,1600,via_1600x480
VDD,met3-met4,STRIPE,via,103961,24240,105561,24720,1600,via3_1600x480
VDD,met2-met3,STRIPE,via,103961,24240,105561,24720,1600,via2_1600x480
VDD,met1-met2,STRIPE,via,103961,24240,105561,24720,1600,via_1600x480
VDD,met3-met4,STRIPE,via,78044,24240,79644,24720,1600,via3_1600x480
VDD,met2-met3,STRIPE,via,78044,24240,79644,24720,1600,via2_1600x480
VDD,met1-met2,STRIPE,via,78044,24240,79644,24720,1600,via_1600x480
VDD,met3-met4,STRIPE,via,49234,24240,50834,24720,1600,via3_1600x480
VDD,met2-met3,STRIPE,via,49234,24240,50834,24720,1600,via2_1600x480
VDD,met1-met2,STRIPE,via,49234,24240,50834,24720,1600,via_1600x480
VDD,met3-met4,STRIPE,via,22216,24240,23816,24720,1600,via3_1600x480
VDD,met2-met3,STRIPE,via,22216,24240,23816,24720,1600,via2_1600x480
VDD,met1-met2,STRIPE,via,22216,24240,23816,24720,1600,via_1600x480
VDD,met3-met4,STRIPE,via,267802,18800,269402,19280,1600,via3_1600x480
VDD,met2-met3,STRIPE,via,267802,18800,269402,19280,1600,via2_1600x480
VDD,met1-met2,STRIPE,via,267802,18800,269402,19280,1600,via_1600x480
VDD,met3-met4,STRIPE,via,238669,18800,240269,19280,1600,via3_1600x480
VDD,met2-met3,STRIPE,via,238669,18800,240269,19280,1600,via2_1600x480
VDD,met1-met2,STRIPE,via,238669,18800,240269,19280,1600,via_1600x480
VDD,met3-met4,STRIPE,via,210980,18800,212580,19280,1600,via3_1600x480
VDD,met2-met3,STRIPE,via,210980,18800,212580,19280,1600,via2_1600x480
VDD,met1-met2,STRIPE,via,210980,18800,212580,19280,1600,via_1600x480
VDD,met3-met4,STRIPE,via,186499,18800,188099,19280,1600,via3_1600x480
VDD,met2-met3,STRIPE,via,186499,18800,188099,19280,1600,via2_1600x480
VDD,met1-met2,STRIPE,via,186499,18800,188099,19280,1600,via_1600x480
VDD,met3-met4,STRIPE,via,156340,18800,157940,19280,1600,via3_1600x480
VDD,met2-met3,STRIPE,via,156340,18800,157940,19280,1600,via2_1600x480
VDD,met1-met2,STRIPE,via,156340,18800,157940,19280,1600,via_1600x480
VDD,met3-met4,STRIPE,via,133778,18800,135378,19280,1600,via3_1600x480
VDD,met2-met3,STRIPE,via,133778,18800,135378,19280,1600,via2_1600x480
VDD,met1-met2,STRIPE,via,133778,18800,135378,19280,1600,via_1600x480
VDD,met3-met4,STRIPE,via,103961,18800,105561,19280,1600,via3_1600x480
VDD,met2-met3,STRIPE,via,103961,18800,105561,19280,1600,via2_1600x480
VDD,met1-met2,STRIPE,via,103961,18800,105561,19280,1600,via_1600x480
VDD,met3-met4,STRIPE,via,78044,18800,79644,19280,1600,via3_1600x480
VDD,met2-met3,STRIPE,via,78044,18800,79644,19280,1600,via2_1600x480
VDD,met1-met2,STRIPE,via,78044,18800,79644,19280,1600,via_1600x480
VDD,met3-met4,STRIPE,via,49234,18800,50834,19280,1600,via3_1600x480
VDD,met2-met3,STRIPE,via,49234,18800,50834,19280,1600,via2_1600x480
VDD,met1-met2,STRIPE,via,49234,18800,50834,19280,1600,via_1600x480
VDD,met3-met4,STRIPE,via,22216,18800,23816,19280,1600,via3_1600x480
VDD,met2-met3,STRIPE,via,22216,18800,23816,19280,1600,via2_1600x480
VDD,met1-met2,STRIPE,via,22216,18800,23816,19280,1600,via_1600x480
VDD,met3-met4,STRIPE,via,267802,13360,269402,13840,1600,via3_1600x480
VDD,met2-met3,STRIPE,via,267802,13360,269402,13840,1600,via2_1600x480
VDD,met1-met2,STRIPE,via,267802,13360,269402,13840,1600,via_1600x480
VDD,met3-met4,STRIPE,via,238669,13360,240269,13840,1600,via3_1600x480
VDD,met2-met3,STRIPE,via,238669,13360,240269,13840,1600,via2_1600x480
VDD,met1-met2,STRIPE,via,238669,13360,240269,13840,1600,via_1600x480
VDD,met3-met4,STRIPE,via,210980,13360,212580,13840,1600,via3_1600x480
VDD,met2-met3,STRIPE,via,210980,13360,212580,13840,1600,via2_1600x480
VDD,met1-met2,STRIPE,via,210980,13360,212580,13840,1600,via_1600x480
VDD,met3-met4,STRIPE,via,186499,13360,188099,13840,1600,via3_1600x480
VDD,met2-met3,STRIPE,via,186499,13360,188099,13840,1600,via2_1600x480
VDD,met1-met2,STRIPE,via,186499,13360,188099,13840,1600,via_1600x480
VDD,met3-met4,STRIPE,via,156340,13360,157940,13840,1600,via3_1600x480
VDD,met2-met3,STRIPE,via,156340,13360,157940,13840,1600,via2_1600x480
VDD,met1-met2,STRIPE,via,156340,13360,157940,13840,1600,via_1600x480
VDD,met3-met4,STRIPE,via,133778,13360,135378,13840,1600,via3_1600x480
VDD,met2-met3,STRIPE,via,133778,13360,135378,13840,1600,via2_1600x480
VDD,met1-met2,STRIPE,via,133778,13360,135378,13840,1600,via_1600x480
VDD,met3-met4,STRIPE,via,103961,13360,105561,13840,1600,via3_1600x480
VDD,met2-met3,STRIPE,via,103961,13360,105561,13840,1600,via2_1600x480
VDD,met1-met2,STRIPE,via,103961,13360,105561,13840,1600,via_1600x480
VDD,met3-met4,STRIPE,via,78044,13360,79644,13840,1600,via3_1600x480
VDD,met2-met3,STRIPE,via,78044,13360,79644,13840,1600,via2_1600x480
VDD,met1-met2,STRIPE,via,78044,13360,79644,13840,1600,via_1600x480
VDD,met3-met4,STRIPE,via,49234,13360,50834,13840,1600,via3_1600x480
VDD,met2-met3,STRIPE,via,49234,13360,50834,13840,1600,via2_1600x480
VDD,met1-met2,STRIPE,via,49234,13360,50834,13840,1600,via_1600x480
VDD,met3-met4,STRIPE,via,22216,13360,23816,13840,1600,via3_1600x480
VDD,met2-met3,STRIPE,via,22216,13360,23816,13840,1600,via2_1600x480
VDD,met1-met2,STRIPE,via,22216,13360,23816,13840,1600,via_1600x480
VDD,met5,STRIPE,wire,10120,241040,269560,242640,1600,
VDD,met5,STRIPE,wire,10120,213840,269560,215440,1600,
VDD,met5,STRIPE,wire,10120,186640,269560,188240,1600,
VDD,met5,STRIPE,wire,10120,159440,269560,161040,1600,
VDD,met5,STRIPE,wire,10120,132240,269560,133840,1600,
VDD,met5,STRIPE,wire,10120,105040,269560,106640,1600,
VDD,met5,STRIPE,wire,10120,77840,269560,79440,1600,
VDD,met5,STRIPE,wire,10120,50640,269560,52240,1600,
VDD,met5,STRIPE,wire,10120,23440,269560,25040,1600,
VDD,met4,STRIPE,wire,267802,10640,269402,269520,1600,
VDD,met4,STRIPE,wire,238669,10640,240269,269520,1600,
VDD,met4,STRIPE,wire,210980,10640,212580,269520,1600,
VDD,met4,STRIPE,wire,186499,10640,188099,269520,1600,
VDD,met4,STRIPE,wire,156340,10640,157940,269520,1600,
VDD,met4,STRIPE,wire,133778,10640,135378,269520,1600,
VDD,met4,STRIPE,wire,103961,10640,105561,269520,1600,
VDD,met4,STRIPE,wire,78044,10640,79644,269520,1600,
VDD,met4,STRIPE,wire,49234,10640,50834,269520,1600,
VDD,met4,STRIPE,wire,22216,10640,23816,269520,1600,
VDD,met1,FOLLOWPIN,wire,10120,269040,269560,269520,480,
VDD,met1,FOLLOWPIN,wire,10120,263600,269560,264080,480,
VDD,met1,FOLLOWPIN,wire,10120,258160,269560,258640,480,
VDD,met1,FOLLOWPIN,wire,10120,252720,269560,253200,480,
VDD,met1,FOLLOWPIN,wire,10120,247280,269560,247760,480,
VDD,met1,FOLLOWPIN,wire,10120,241840,269560,242320,480,
VDD,met1,FOLLOWPIN,wire,10120,236400,269560,236880,480,
VDD,met1,FOLLOWPIN,wire,10120,230960,269560,231440,480,
VDD,met1,FOLLOWPIN,wire,10120,225520,269560,226000,480,
VDD,met1,FOLLOWPIN,wire,10120,220080,269560,220560,480,
VDD,met1,FOLLOWPIN,wire,10120,214640,269560,215120,480,
VDD,met1,FOLLOWPIN,wire,10120,209200,269560,209680,480,
VDD,met1,FOLLOWPIN,wire,10120,203760,269560,204240,480,
VDD,met1,FOLLOWPIN,wire,10120,198320,269560,198800,480,
VDD,met1,FOLLOWPIN,wire,10120,192880,269560,193360,480,
VDD,met1,FOLLOWPIN,wire,10120,187440,269560,187920,480,
VDD,met1,FOLLOWPIN,wire,10120,182000,269560,182480,480,
VDD,met1,FOLLOWPIN,wire,10120,176560,269560,177040,480,
VDD,met1,FOLLOWPIN,wire,10120,171120,269560,171600,480,
VDD,met1,FOLLOWPIN,wire,10120,165680,269560,166160,480,
VDD,met1,FOLLOWPIN,wire,10120,160240,269560,160720,480,
VDD,met1,FOLLOWPIN,wire,10120,154800,269560,155280,480,
VDD,met1,FOLLOWPIN,wire,10120,149360,269560,149840,480,
VDD,met1,FOLLOWPIN,wire,10120,143920,269560,144400,480,
VDD,met1,FOLLOWPIN,wire,10120,138480,269560,138960,480,
VDD,met1,FOLLOWPIN,wire,10120,133040,269560,133520,480,
VDD,met1,FOLLOWPIN,wire,10120,127600,269560,128080,480,
VDD,met1,FOLLOWPIN,wire,10120,122160,269560,122640,480,
VDD,met1,FOLLOWPIN,wire,10120,116720,269560,117200,480,
VDD,met1,FOLLOWPIN,wire,10120,111280,269560,111760,480,
VDD,met1,FOLLOWPIN,wire,10120,105840,269560,106320,480,
VDD,met1,FOLLOWPIN,wire,10120,100400,269560,100880,480,
VDD,met1,FOLLOWPIN,wire,10120,94960,269560,95440,480,
VDD,met1,FOLLOWPIN,wire,10120,89520,269560,90000,480,
VDD,met1,FOLLOWPIN,wire,10120,84080,269560,84560,480,
VDD,met1,FOLLOWPIN,wire,10120,78640,269560,79120,480,
VDD,met1,FOLLOWPIN,wire,10120,73200,269560,73680,480,
VDD,met1,FOLLOWPIN,wire,10120,67760,269560,68240,480,
VDD,met1,FOLLOWPIN,wire,10120,62320,269560,62800,480,
VDD,met1,FOLLOWPIN,wire,10120,56880,269560,57360,480,
VDD,met1,FOLLOWPIN,wire,10120,51440,269560,51920,480,
VDD,met1,FOLLOWPIN,wire,10120,46000,269560,46480,480,
VDD,met1,FOLLOWPIN,wire,10120,40560,269560,41040,480,
VDD,met1,FOLLOWPIN,wire,10120,35120,269560,35600,480,
VDD,met1,FOLLOWPIN,wire,10120,29680,269560,30160,480,
VDD,met1,FOLLOWPIN,wire,10120,24240,269560,24720,480,
VDD,met1,FOLLOWPIN,wire,10120,18800,269560,19280,480,
VDD,met1,FOLLOWPIN,wire,10120,13360,269560,13840,480,
