net,layer,shape,kind,x1,y1,x2,y2,width,via_name
VSS,met4-met5,STRIPE,via,253958,254640,255558,256240,1600,via4_1600x1600
VSS,met4-met5,STRIPE,via,226238,254640,227838,256240,1600,via4_1600x1600
VSS,met4-met5,STRIPE,via,198092,254640,199692,256240,1600,via4_1600x1600
VSS,met4-met5,STRIPE,via,172471,254640,174071,256240,1600,via4_1600x1600
VSS,met4-met5,STRIPE,via,146089,254640,147689,256240,1600,via4_1600x1600
VSS,met4-met5,STRIPE,via,118533,254640,120133,256240,1600,via4_1600x1600
VSS,met4-met5,STRIPE,via,91589,254640,93189,256240,1600,via4_1600x1600
VSS,met4-met5,STRIPE,via,63092,254640,64692,256240,1600,via4_1600x1600
VSS,met4-met5,STRIPE,via,36974,254640,38574,256240,1600,via4_1600x1600
VSS,met4-met5,STRIPE,via,253958,227440,255558,229040,1600,via4_1600x1600
VSS,met4-met5,STRIPE,via,226238,227440,227838,229040,1600,via4_1600x1600
VSS,met4-met5,STRIPE,via,198092,227440,199692,229040,1600,via4_1600x1600
VSS,met4-met5,STRIPE,via,172471,227440,174071,229040,1600,via4_1600x1600
VSS,met4-met5,STRIPE,via,146089,227440,147689,229040,1600,via4_1600x1600
VSS,met4-met5,STRIPE,via,118533,227440,120133,229040,1600,via4_1600x1600
VSS,met4-met5,STRIPE,via,91589,227440,93189,229040,1600,via4_1600x1600
VSS,met4-met5,STRIPE,via,63092,227440,64692,229040,1600,via4_1600x1600
VSS,met4-met5,STRIPE,via,36974,227440,38574,229040,1600,via4_1600x1600
VSS,met4-met5,STRIPE,via,253958,200240,255558,201840,1600,via4_1600x1600
VSS,met4-met5,STRIPE,via,226238,200240,227838,201840,1600,via4_1600x1600
VSS,met4-met5,STRIPE,via,198092,200240,199692,201840,1600,via4_1600x1600
VSS,met4-met5,STRIPE,via,172471,200240,174071,201840,1600,via4_1600x1600
VSS,met4-met5,STRIPE,via,146089,200240,147689,201840,1600,via4_1600x1600
VSS,met4-met5,STRIPE,via,118533,200240,120133,201840,1600,via4_1600x1600
VSS,met4-met5,STRIPE,via,91589,200240,93189,201840,1600,via4_1600x1600
VSS,met4-met5,STRIPE,via,63092,200240,64692,201840,1600,via4_1600x1600
VSS,met4-met5,STRIPE,via,36974,200240,38574,201840,1600,via4_1600x1600
VSS,met4-met5,STRIPE,via,253958,173040,255558,174640,1600,via4_1600x1600
VSS,met4-met5,STRIPE,via,226238,173040,227838,174640,1600,via4_1600x1600
VSS,met4-met5,STRIPE,via,198092,173040,199692,174640,1600,via4_1600x1600
VSS,met4-met5,STRIPE,via,172471,173040,174071,174640,1600,via4_1600x1600
VSS,met4-met5,STRIPE,via,146089,173040,147689,174640,1600,via4_1600x1600
VSS,met4-met5,STRIPE,via,118533,173040,120133,174640,1600,via4_1600x1600
VSS,met4-met5,STRIPE,via,91589,173040,93189,174640,1600,via4_1600x1600
VSS,met4-met5,STRIPE,via,63092,173040,64692,174640,1600,via4_1600x1600
VSS,met4-met5,STRIPE,via,36974,173040,38574,174640,1600,via4_1600x1600
VSS,met4-met5,STRIPE,via,253958,145840,255558,147440,1600,via4_1600x1600
VSS,met4-met5,STRIPE,via,226238,145840,227838,147440,1600,via4_1600x1600
VSS,met4-met5,STRIPE,via,198092,145840,199692,147440,1600,via4_1600x1600
VSS,met4-met5,STRIPE,via,172471,145840,174071,147440,1600,via4_1600x1600
VSS,met4-met5,STRIPE,via,146089,145840,147689,147440,1600,via4_1600x1600
VSS,met4-met5,STRIPE,via,118533,145840,120133,147440,1600,via4_1600x1600
VSS,met4-met5,STRIPE,via,91589,145840,93189,147440,1600,via4_1600x1600
VSS,met4-met5,STRIPE,via,63092,145840,64692,147440,1600,via4_1600x1600
VSS,met4-met5,STRIPE,via,36974,145840,38574,147440,1600,via4_1600x1600
VSS,met4-met5,STRIPE,via,253958,118640,255558,120240,1600,via4_1600x1600
VSS,met4-met5,STRIPE,via,226238,118640,227838,120240,1600,via4_1600x1600
VSS,met4-met5,STRIPE,via,198092,118640,199692,120240,1600,via4_1600x1600
VSS,met4-met5,STRIPE,via,172471,118640,174071,120240,1600,via4_1600x1600
VSS,met4-met5,STRIPE,via,146089,118640,147689,120240,1600,via4_1600x1600
VSS,met4-met5,STRIPE,via,118533,118640,120133,120240,1600,via4_1600x1600
VSS,met4-met5,STRIPE,via,91589,118640,93189,120240,1600,via4_1600x1600
VSS,met4-met5,STRIPE,via,63092,118640,64692,120240,1600,via4_1600x1600
VSS,met4-met5,STRIPE,via,36974,118640,38574,120240,1600,via4_1600x1600
VSS,met4-met5,STRIPE,via,253958,91440,255558,93040,1600,via4_1600x1600
VSS,met4-met5,STRIPE,via,226238,91440,227838,93040,1600,via4_1600x1600
VSS,met4-met5,STRIPE,via,198092,91440,199692,93040,1600,via4_1600x1600
VSS,met4-met5,STRIPE,via,172471,91440,174071,93040,1600,via4_1600x1600
VSS,met4-met5,STRIPE,via,146089,91440,147689,93040,1600,via4_1600x1600
VSS,met4-met5,STRIPE,via,118533,91440,120133,93040,1600,via4_1600x1600
VSS,met4-met5,STRIPE,via,91589,91440,93189,93040,1600,via4_1600x1600
VSS,met4-met5,STRIPE,via,63092,91440,64692,93040,1600,via4_1600x1600
VSS,met4-met5,STRIPE,via,36974,91440,38574,93040,1600,via4_1600x1600
VSS,met4-met5,STRIPE,via,253958,64240,255558,65840,1600,via4_1600x1600
VSS,met4-met5,STRIPE,via,226238,64240,227838,65840,1600,via4_1600x1600
VSS,met4-met5,STRIPE,via,198092,64240,199692,65840,1600,via4_1600x1600
VSS,met4-met5,STRIPE,via,172471,64240,174071,65840,1600,via4_1600x1600
VSS,met4-met5,STRIPE,via,146089,64240,147689,65840,1600,via4_1600x1600
VSS,met4-met5,STRIPE,via,118533,64240,120133,65840,1600,via4_1600x1600
VSS,met4-met5,STRIPE,via,91589,64240,93189,65840,1600,via4_1600x1600
VSS,met4-met5,STRIPE,via,63092,64240,64692,65840,1600,via4_1600x1600
VSS,met4-met5,STRIPE,via,36974,64240,38574,65840,1600,via4_1600x1600
VSS,met4-met5,STRIPE,via,253958,37040,255558,38640,1600,via4_1600x1600
VSS,met4-met5,STRIPE,via,226238,37040,227838,38640,1600,via4_1600x1600
VSS,met4-met5,STRIPE,via,198092,37040,199692,38640,1600,via4_1600x1600
VSS,met4-met5,STRIPE,via,172471,37040,174071,38640,1600,via4_1600x1600
VSS,met4-met5,STRIPE,via,146089,37040,147689,38640,1600,via4_1600x1600
VSS,met4-met5,STRIPE,via,118533,37040,120133,38640,1600,via4_1600x1600
VSS,met4-met5,STRIPE,via,91589,37040,93189,38640,1600,via4_1600x1600
VSS,met4-met5,STRIPE,via,63092,37040,64692,38640,1600,via4_1600x1600
VSS,met4-met5,STRIPE,via,36974,37040,38574,38640,1600,via4_1600x1600
VSS,met3-met4,STRIPE,via,253958,266320,255558,266800,1600,via3_1600x480
VSS,met2-met3,STRIPE,via,253958,266320,255558,266800,1600,via2_1600x480
VSS,met1-met2,STRIPE,via,253958,266320,255558,266800,1600,via_1600x480
VSS,met3-met4,STRIPE,via,226238,266320,227838,266800,1600,via3_1600x480
VSS,met2-met3,STRIPE,via,226238,266320,227838,266800,1600,via2_1600x480
VSS,met1-met2,STRIPE,via,226238,266320,227838,266800,1600,via_1600x480
VSS,met3-met4,STRIPE,via,198092,266320,199692,266800,1600,via3_1600x480
VSS,met2-met3,STRIPE,via,198092,266320,199692,266800,1600,via2_1600x480
VSS,met1-met2,STRIPE,via,198092,266320,199692,266800,1600,via_1600x480
VSS,met3-met4,STRIPE,via,172471,266320,174071,266800,1600,via3_1600x480
VSS,met2-met3,STRIPE,via,172471,266320,174071,266800,1600,via2_1600x480
VSS,met1-met2,STRIPE,via,172471,266320,174071,266800,1600,via_1600x480
VSS,met3-met4,STRIPE,via,146089,266320,147689,266800,1600,via3_1600x480
VSS,met2-met3,STRIPE,via,146089,266320,147689,266800,1600,via2_1600x480
VSS,met1-met2,STRIPE,via,146089,266320,147689,266800,1600,via_1600x480
VSS,met3-met4,STRIPE,via,118533,266320,120133,266800,1600,via3_1600x480
VSS,met2-met3,STRIPE,via,118533,266320,120133,266800,1600,via2_1600x480
VSS,met1-met2,STRIPE,via,118533,266320,120133,266800,1600,via_1600x480
VSS,met3-met4,STRIPE,via,91589,266320,93189,266800,1600,via3_1600x480
VSS,met2-met3,STRIPE,via,91589,266320,93189,266800,1600,via2_1600x480
VSS,met1-met2,STRIPE,via,91589,266320,93189,266800,1600,via_1600x480
VSS,met3-met4,STRIPE,via,63092,266320,64692,266800,1600,via3_1600x480
VSS,met2-met3,STRIPE,via,63092,266320,64692,266800,1600,via2_1600x480
VSS,met1-met2,STRIPE,via,63092,266320,64692,266800,1600,via_1600x480
VSS,met3-met4,STRIPE,via,36974,266320,38574,266800,1600,via3_1600x480
VSS,met2-met3,STRIPE,via,36974,266320,38574,266800,1600,via2_1600x480
VSS,met1-met2,STRIPE,via,36974,266320,38574,266800,1600,via_1600x480
VSS,met3-met4,STRIPE,via,253958,260880,255558,261360,1600,via3_1600x480
VSS,met2-met3,STRIPE,via,253958,260880,255558,261360,1600,via2_1600x480
VSS,met1-met2,STRIPE,via,253958,260880,255558,261360,1600,via_1600x480
VSS,met3-met4,STRIPE,via,226238,260880,227838,261360,1600,via3_1600x480
VSS,met2-met3,STRIPE,via,226238,260880,227838,261360,1600,via2_1600x480
VSS,met1-met2,STRIPE,via,226238,260880,227838,261360,1600,via_1600x480
VSS,met3-met4,STRIPE,via,198092,260880,199692,261360,1600,via3_1600x480
VSS,met2-met3,STRIPE,via,198092,260880,199692,261360,1600,via2_1600x480
VSS,met1-met2,STRIPE,via,198092,260880,199692,261360,1600,via_1600x480
VSS,met3-met4,STRIPE,via,172471,260880,174071,261360,1600,via3_1600x480
VSS,met2-met3,STRIPE,via,172471,260880,174071,261360,1600,via2_1600x480
VSS,met1-met2,STRIPE,via,172471,260880,174071,261360,1600,via_1600x480
VSS,met3-met4,STRIPE,via,146089,260880,147689,261360,1600,via3_1600x480
VSS,met2-met3,STRIPE,via,146089,260880,147689,261360,1600,via2_1600x480
VSS,met1-met2,STRIPE,via,146089,260880,147689,261360,1600,via_1600x480
VSS,met3-met4,STRIPE,via,118533,260880,120133,261360,1600,via3_1600x480
VSS,met2-met3,STRIPE,via,118533,260880,120133,261360,1600,via2_1600x480
VSS,met1-met2,STRIPE,via,118533,260880,120133,261360,1600,via_1600x480
VSS,met3-met4,STRIPE,via,91589,260880,93189,261360,1600,via3_1600x480
VSS,met2-met3,STRIPE,via,91589,260880,93189,261360,1600,via2_1600x480
VSS,met1-met2,STRIPE,via,91589,260880,93189,261360,1600,via_1600x480
VSS,met3-met4,STRIPE,via,63092,260880,64692,261360,1600,via3_1600x480
VSS,met2-met3,STRIPE,via,63092,260880,64692,261360,1600,via2_1600x480
VSS,met1-met2,STRIPE,via,63092,260880,64692,261360,1600,via_1600x480
VSS,met3-met4,STRIPE,via,36974,260880,38574,261360,1600,via3_1600x480
VSS,met2-met3,STRIPE,via,36974,260880,38574,261360,1600,via2_1600x480
VSS,met1-met2,STRIPE,via,36974,260880,38574,261360,1600,via_1600x480
VSS,met3-met4,STRIPE,via,253958,255440,255558,255920,1600,via3_1600x480
VSS,met2-met3,STRIPE,via,253958,255440,255558,255920,1600,via2_1600x480
VSS,met1-met2,STRIPE,via,253958,255440,255558,255920,1600,via_1600x480
VSS,met3-met4,STRIPE,via,226238,255440,227838,255920,1600,via3_1600x480
VSS,met2-met3,STRIPE,via,226238,255440,227838,255920,1600,via2_1600x480
VSS,met1-met2,STRIPE,via,226238,255440,227838,255920,1600,via_1600x480
VSS,met3-met4,STRIPE,via,198092,255440,199692,255920,1600,via3_1600x480
VSS,met2-met3,STRIPE,via,198092,255440,199692,255920,1600,via2_1600x480
VSS,met1-met2,STRIPE,via,198092,255440,199692,255920,1600,via_1600x480
VSS,met3-met4,STRIPE,via,172471,255440,174071,255920,1600,via3_1600x480
VSS,met2-met3,STRIPE,via,172471,255440,174071,255920,1600,via2_1600x480
VSS,met1-met2,STRIPE,via,172471,255440,174071,255920,1600,via_1600x480
VSS,met3-met4,STRIPE,via,146089,255440,147689,255920,1600,via3_1600x480
VSS,met2-met3,STRIPE,via,146089,255440,147689,255920,1600,via2_1600x480
VSS,met1-met2,STRIPE,via,146089,255440,147689,255920,1600,via_1600x480
VSS,met3-met4,STRIPE,via,118533,255440,120133,255920,1600,via3_1600x480
VSS,met2-met3,STRIPE,via,118533,255440,120133,255920,1600,via2_1600x480
VSS,met1-met2,STRIPE,via,118533,255440,120133,255920,1600,via_1600x480
VSS,met3-met4,STRIPE,via,91589,255440,93189,255920,1600,via3_1600x480
VSS,met2-met3,STRIPE,via,91589,255440,93189,255920,1600,via2_1600x480
VSS,met1-met2,STRIPE,via,91589,255440,93189,255920,1600,via_1600x480
VSS,met3-met4,STRIPE,via,63092,255440,64692,255920,1600,via3_1600x480
VSS,met2-met3,STRIPE,via,63092,255440,64692,255920,1600,via2_1600x480
VSS,met1-met2,STRIPE,via,63092,255440,64692,255920,1600,via_1600x480
VSS,met3-met4,STRIPE,via,36974,255440,38574,255920,1600,via3_1600x480
VSS,met2-met3,STRIPE,via,36974,255440,38574,255920,1600,via2_1600x480
VSS,met1-met2,STRIPE,via,36974,255440,38574,255920,1600,via_1600x480
VSS,met3-met4,STRIPE,via,253958,250000,255558,250480,1600,via3_1600x480
VSS,met2-met3,STRIPE,via,253958,250000,255558,250480,1600,via2_1600x480
VSS,met1-met2,STRIPE,via,253958,250000,255558,250480,1600,via_1600x480
VSS,met3-met4,STRIPE,via,226238,250000,227838,250480,1600,via3_1600x480
VSS,met2-met3,STRIPE,via,226238,250000,227838,250480,1600,via2_1600x480
VSS,met1-met2,STRIPE,via,226238,250000,227838,250480,1600,via_1600x480
VSS,met3-met4,STRIPE,via,198092,250000,199692,250480,1600,via3_1600x480
VSS,met2-met3,STRIPE,via,198092,250000,199692,250480,1600,via2_1600x480
VSS,met1-met2,STRIPE,via,198092,250000,199692,250480,1600,via_1600x480
VSS,met3-met4,STRIPE,via,172471,250000,174071,250480,1600,via3_1600x480
VSS,met2-met3,STRIPE,via,172471,250000,174071,250480,1600,via2_1600x480
VSS,met1-met2,STRIPE,via,172471,250000,174071,250480,1600,via_1600x480
VSS,met3-met4,STRIPE,via,146089,250000,147689,250480,1600,via3_1600x480
VSS,met2-met3,STRIPE,via,146089,250000,147689,250480,1600,via2_1600x480
VSS,met1-met2,STRIPE,via,146089,250000,147689,250480,1600,via_1600x480
VSS,met3-met4,STRIPE,via,118533,250000,120133,250480,1600,via3_1600x480
VSS,met2-met3,STRIPE,via,118533,250000,120133,250480,1600,via2_1600x480
VSS,met1-met2,STRIPE,via,118533,250000,120133,250480,1600,via_1600x480
VSS,met3-met4,STRIPE,via,91589,250000,93189,250480,1600,via3_1600x480
VSS,met2-met3,STRIPE,via,91589,250000,93189,250480,1600,via2_1600x480
VSS,met1-met2,STRIPE,via,91589,250000,93189,250480,1600,via_1600x480
VSS,met3-met4,STRIPE,via,63092,250000,64692,250480,1600,via3_1600x480
VSS,met2-met3,STRIPE,via,63092,250000,64692,250480,1600,via2_1600x480
VSS,met1-met2,STRIPE,via,63092,250000,64692,250480,1600,via_1600x480
VSS,met3-met4,STRIPE,via,36974,250000,38574,250480,1600,via3_1600x480
VSS,met2-met3,STRIPE,via,36974,250000,38574,250480,1600,via2_1600x480
VSS,met1-met2,STRIPE,via,36974,250000,38574,250480,1600,via_1600x480
VSS,met3-met4,STRIPE,via,253958,244560,255558,245040,1600,via3_1600x480
VSS,met2-met3,STRIPE,via,253958,244560,255558,245040,1600,via2_1600x480
VSS,met1-met2,STRIPE,via,253958,244560,255558,245040,1600,via_1600x480
VSS,met3-met4,STRIPE,via,226238,244560,227838,245040,1600,via3_1600x480
VSS,met2-met3,STRIPE,via,226238,244560,227838,245040,1600,via2_1600x480
VSS,met1-met2,STRIPE,via,226238,244560,227838,245040,1600,via_1600x480
VSS,met3-met4,STRIPE,via,198092,244560,199692,245040,1600,via3_1600x480
VSS,met2-met3,STRIPE,via,198092,244560,199692,245040,1600,via2_1600x480
VSS,met1-met2,STRIPE,via,198092,244560,199692,245040,1600,via_1600x480
VSS,met3-met4,STRIPE,via,172471,244560,174071,245040,1600,via3_1600x480
VSS,met2-met3,STRIPE,via,172471,244560,174071,245040,1600,via2_1600x480
VSS,met1-met2,STRIPE,via,172471,244560,174071,245040,1600,via_1600x480
VSS,met3-met4,STRIPE,via,146089,244560,147689,245040,1600,via3_1600x480
VSS,met2-met3,STRIPE,via,146089,244560,147689,245040,1600,via2_1600x480
VSS,met1-met2,STRIPE,via,146089,244560,147689,245040,1600,via_1600x480
VSS,met3-met4,STRIPE,via,118533,244560,120133,245040,1600,via3_1600x480
VSS,met2-met3,STRIPE,via,118533,244560,120133,245040,1600,via2_1600x480
VSS,met1-met2,STRIPE,via,118533,244560,120133,245040,1600,via_1600x480
VSS,met3-met4,STRIPE,via,91589,244560,93189,245040,1600,via3_1600x480
VSS,met2-met3,STRIPE,via,91589,244560,93189,245040,1600,via2_1600x480
VSS,met1-met2,STRIPE,via,91589,244560,93189,245040,1600,via_1600x480
VSS,met3-met4,STRIPE,via,63092,244560,64692,245040,1600,via3_1600x480
VSS,met2-met3,STRIPE,via,63092,244560,64692,245040,1600,via2_1600x480
VSS,met1-met2,STRIPE,via,63092,244560,64692,245040,1600,via_1600x480
VSS,met3-met4,STRIPE,via,36974,244560,38574,245040,1600,via3_1600x480
VSS,met2-met3,STRIPE,via,36974,244560,38574,245040,1600,via2_1600x480
VSS,met1-met2,STRIPE,via,36974,244560,38574,245040,1600,via_1600x480
VSS,met3-met4,STRIPE,via,253958,239120,255558,239600,1600,via3_1600x480
VSS,met2-met3,STRIPE,via,253958,239120,255558,239600,1600,via2_1600x480
VSS,met1-met2,STRIPE,via,253958,239120,255558,239600,1600,via_1600x480
VSS,met3-met4,STRIPE,via,226238,239120,227838,239600,1600,via3_1600x480
VSS,met2-met3,STRIPE,via,226238,239120,227838,239600,1600,via2_1600x480
VSS,met1-met2,STRIPE,via,226238,239120,227838,239600,1600,via_1600x480
VSS,met3-met4,STRIPE,via,198092,239120,199692,239600,1600,via3_1600x480
VSS,met2-met3,STRIPE,via,198092,239120,199692,239600,1600,via2_1600x480
VSS,met1-met2,STRIPE,via,198092,239120,199692,239600,1600,via_1600x480
VSS,met3-met4,STRIPE,via,172471,239120,174071,239600,1600,via3_1600x480
VSS,met2-met3,STRIPE,via,172471,239120,174071,239600,1600,via2_1600x480
VSS,met1-met2,STRIPE,via,172471,239120,174071,239600,1600,via_1600x480
VSS,met3-met4,STRIPE,via,146089,239120,147689,239600,1600,via3_1600x480
VSS,met2-met3,STRIPE,via,146089,239120,147689,239600,1600,via2_1600x480
VSS,met1-met2,STRIPE,via,146089,239120,147689,239600,1600,via_1600x480
VSS,met3-met4,STRIPE,via,118533,239120,120133,239600,1600,via3_1600x480
VSS,met2-met3,STRIPE,via,118533,239120,120133,239600,1600,via2_1600x480
VSS,met1-met2,STRIPE,via,118533,239120,120133,239600,1600,via_1600x480
VSS,met3-met4,STRIPE,via,91589,239120,93189,239600,1600,via3_1600x480
VSS,met2-met3,STRIPE,via,91589,239120,93189,239600,1600,via2_1600x480
VSS,met1-met2,STRIPE,via,91589,239120,93189,239600,1600,via_1600x480
VSS,met3-met4,STRIPE,via,63092,239120,64692,239600,1600,via3_1600x480
VSS,met2-met3,STRIPE,via,63092,239120,64692,239600,1600,via2_1600x480
VSS,met1-met2,STRIPE,via,63092,239120,64692,239600,1600,via_1600x480
VSS,met3-met4,STRIPE,via,36974,239120,38574,239600,1600,via3_1600x480
VSS,met2-met3,STRIPE,via,36974,239120,38574,239600,1600,via2_1600x480
VSS,met1-met2,STRIPE,via,36974,239120,38574,239600,1600,via_1600x480
VSS,met3-met4,STRIPE,via,253958,233680,255558,234160,1600,via3_1600x480
VSS,met2-met3,STRIPE,via,253958,233680,255558,234160,1600,via2_1600x480
VSS,met1-met2,STRIPE,via,253958,233680,255558,234160,1600,via_1600x480
VSS,met3-met4,STRIPE,via,226238,233680,227838,234160,1600,via3_1600x480
VSS,met2-met3,STRIPE,via,226238,233680,227838,234160,1600,via2_1600x480
VSS,met1-met2,STRIPE,via,226238,233680,227838,234160,1600,via_1600x480
VSS,met3-met4,STRIPE,via,198092,233680,199692,234160,1600,via3_1600x480
VSS,met2-met3,STRIPE,via,198092,233680,199692,234160,1600,via2_1600x480
VSS,met1-met2,STRIPE,via,198092,233680,199692,234160,1600,via_1600x480
VSS,met3-met4,STRIPE,via,172471,233680,174071,234160,1600,via3_1600x480
VSS,met2-met3,STRIPE,via,172471,233680,174071,234160,1600,via2_1600x480
VSS,met1-met2,STRIPE,via,172471,233680,174071,234160,1600,via_1600x480
VSS,met3-met4,STRIPE,via,146089,233680,147689,234160,1600,via3_1600x480
VSS,met2-met3,STRIPE,via,146089,233680,147689,234160,1600,via2_1600x480
VSS,met1-met2,STRIPE,via,146089,233680,147689,234160,1600,via_1600x480
VSS,met3-met4,STRIPE,via,118533,233680,120133,234160,1600,via3_1600x480
VSS,met2-met3,STRIPE,via,118533,233680,120133,234160,1600,via2_1600x480
VSS,met1-met2,STRIPE,via,118533,233680,120133,234160,1600,via_1600x480
VSS,met3-met4,STRIPE,via,91589,233680,93189,234160,1600,via3_1600x480
VSS,met2-met3,STRIPE,via,91589,233680,93189,234160,1600,via2_1600x480
VSS,met1-met2,STRIPE,via,91589,233680,93189,234160,1600,via_1600x480
VSS,met3-met4,STRIPE,via,63092,233680,64692,234160,1600,via3_1600x480
VSS,met2-met3,STRIPE,via,63092,233680,64692,234160,1600,via2_1600x480
VSS,met1-met2,STRIPE,via,63092,233680,64692,234160,1600,via_1600x480
VSS,met3-met4,STRIPE,via,36974,233680,38574,234160,1600,via3_1600x480
VSS,met2-met3,STRIPE,via,36974,233680,38574,234160,1600,via2_1600x480
VSS,met1-met2,STRIPE,via,36974,233680,38574,234160,1600,via_1600x480
VSS,met3-met4,STRIPE,via,253958,228240,255558,228720,1600,via3_1600x480
VSS,met2-met3,STRIPE,via,253958,228240,255558,228720,1600,via2_1600x480
VSS,met1-met2,STRIPE,via,253958,228240,255558,228720,1600,via_1600x480
VSS,met3-met4,STRIPE,via,226238,228240,227838,228720,1600,via3_1600x480
VSS,met2-met3,STRIPE,via,226238,228240,227838,228720,1600,via2_1600x480
VSS,met1-met2,STRIPE,via,226238,228240,227838,228720,1600,via_1600x480
VSS,met3-met4,STRIPE,via,198092,228240,199692,228720,1600,via3_1600x480
VSS,met2-met3,STRIPE,via,198092,228240,199692,228720,1600,via2_1600x480
VSS,met1-met2,STRIPE,via,198092,228240,199692,228720,1600,via_1600x480
VSS,met3-met4,STRIPE,via,172471,228240,174071,228720,1600,via3_1600x480
VSS,met2-met3,STRIPE,via,172471,228240,174071,228720,1600,via2_1600x480
VSS,met1-met2,STRIPE,via,172471,228240,174071,228720,1600,via_1600x480
VSS,met3-met4,STRIPE,via,146089,228240,147689,228720,1600,via3_1600x480
VSS,met2-met3,STRIPE,via,146089,228240,147689,228720,1600,via2_1600x480
VSS,met1-met2,STRIPE,via,146089,228240,147689,228720,1600,via_1600x480
VSS,met3-met4,STRIPE,via,118533,228240,120133,228720,1600,via3_1600x480
VSS,met2-met3,STRIPE,via,118533,228240,120133,228720,1600,via2_1600x480
VSS,met1-met2,STRIPE,via,118533,228240,120133,228720,1600,via_1600x480
VSS,met3-met4,STRIPE,via,91589,228240,93189,228720,1600,via3_1600x480
VSS,met2-met3,STRIPE,via,91589,228240,93189,228720,1600,via2_1600x480
VSS,met1-met2,STRIPE,via,91589,228240,93189,228720,1600,via_1600x480
VSS,met3-met4,STRIPE,via,63092,228240,64692,228720,1600,via3_1600x480
VSS,met2-met3,STRIPE,via,63092,228240,64692,228720,1600,via2_1600x480
VSS,met1-met2,STRIPE,via,63092,228240,64692,228720,1600,via_1600x480
VSS,met3-met4,STRIPE,via,36974,228240,38574,228720,1600,via3_1600x480
VSS,met2-met3,STRIPE,via,36974,228240,38574,228720,1600,via2_1600x480
VSS,met1-met2,STRIPE,via,36974,228240,38574,228720,1600,via_1600x480
VSS,met3-met4,STRIPE,via,253958,222800,255558,223280,1600,via3_1600x480
VSS,met2-met3,STRIPE,via,253958,222800,255558,223280,1600,via2_1600x480
VSS,met1-met2,STRIPE,via,253958,222800,255558,223280,1600,via_1600x480
VSS,met3-met4,STRIPE,via,226238,222800,227838,223280,1600,via3_1600x480
VSS,met2-met3,STRIPE,via,226238,222800,227838,223280,1600,via2_1600x480
VSS,met1-met2,STRIPE,via,226238,222800,227838,223280,1600,via_1600x480
VSS,met3-met4,STRIPE,via,198092,222800,199692,223280,1600,via3_1600x480
VSS,met2-met3,STRIPE,via,198092,222800,199692,223280,1600,via2_1600x480
VSS,met1-met2,STRIPE,via,198092,222800,199692,223280,1600,via_1600x480
VSS,met3-met4,STRIPE,via,172471,222800,174071,223280,1600,via3_1600x480
VSS,met2-met3,STRIPE,via,172471,222800,174071,223280,1600,via2_1600x480
VSS,met1-met2,STRIPE,via,172471,222800,174071,223280,1600,via_1600x480
VSS,met3-met4,STRIPE,via,146089,222800,147689,223280,1600,via3_1600x480
VSS,met2-met3,STRIPE,via,146089,222800,147689,223280,1600,via2_1600x480
VSS,met1-met2,STRIPE,via,146089,222800,147689,223280,1600,via_1600x480
VSS,met3-met4,STRIPE,via,118533,222800,120133,223280,1600,via3_1600x480
VSS,met2-met3,STRIPE,via,118533,222800,120133,223280,1600,via2_1600x480
VSS,met1-met2,STRIPE,via,118533,222800,120133,223280,1600,via_1600x480
VSS,met3-met4,STRIPE,via,91589,222800,93189,223280,1600,via3_1600x480
VSS,met2-met3,STRIPE,via,91589,222800,93189,223280,1600,via2_1600x480
VSS,met1-met2,STRIPE,via,91589,222800,93189,223280,1600,via_1600x480
VSS,met3-met4,STRIPE,via,63092,222800,64692,223280,1600,via3_1600x480
VSS,met2-met3,STRIPE,via,63092,222800,64692,223280,1600,via2_1600x480
VSS,met1-met2,STRIPE,via,63092,222800,64692,223280,1600,via_1600x480
VSS,met3-met4,STRIPE,via,36974,222800,38574,223280,1600,via3_1600x480
VSS,met2-met3,STRIPE,via,36974,222800,38574,223280,1600,via2_1600x480
VSS,met1-met2,STRIPE,via,36974,222800,38574,223280,1600,via_1600x480
VSS,met3-met4,STRIPE,via,253958,217360,255558,217840,1600,via3_1600x480
VSS,met2-met3,STRIPE,via,253958,217360,255558,217840,1600,via2_1600x480
VSS,met1-met2,STRIPE,via,253958,217360,255558,217840,1600,via_1600x480
VSS,met3-met4,STRIPE,via,226238,217360,227838,217840,1600,via3_1600x480
VSS,met2-met3,STRIPE,via,226238,217360,227838,217840,1600,via2_1600x480
VSS,met1-met2,STRIPE,via,226238,217360,227838,217840,1600,via_1600x480
VSS,met3-met4,STRIPE,via,198092,217360,199692,217840,1600,via3_1600x480
VSS,met2-met3,STRIPE,via,198092,217360,199692,217840,1600,via2_1600x480
VSS,met1-met2,STRIPE,via,198092,217360,199692,217840,1600,via_1600x480
VSS,met3-met4,STRIPE,via,172471,217360,174071,217840,1600,via3_1600x480
VSS,met2-met3,STRIPE,via,172471,217360,174071,217840,1600,via2_1600x480
VSS,met1-met2,STRIPE,via,172471,217360,174071,217840,1600,via_1600x480
VSS,met3-met4,STRIPE,via,146089,217360,147689,217840,1600,via3_1600x480
VSS,met2-met3,STRIPE,via,146089,217360,147689,217840,1600,via2_1600x480
VSS,met1-met2,STRIPE,via,146089,217360,147689,217840,1600,via_1600x480
VSS,met3-met4,STRIPE,via,118533,217360,120133,217840,1600,via3_1600x480
VSS,met2-met3,STRIPE,via,118533,217360,120133,217840,1600,via2_1600x480
VSS,met1-met2,STRIPE,via,118533,217360,120133,217840,1600,via_1600x480
VSS,met3-met4,STRIPE,via,91589,217360,93189,217840,1600,via3_1600x480
VSS,met2-met3,STRIPE,via,91589,217360,93189,217840,1600,via2_1600x480
VSS,met1-met2,STRIPE,via,91589,217360,93189,217840,1600,via_1600x480
VSS,met3-met4,STRIPE,via,63092,217360,64692,217840,1600,via3_1600x480
VSS,met2-met3,STRIPE,via,63092,217360,64692,217840,1600,via2_1600x480
VSS,met1-met2,STRIPE,via,63092,217360,64692,217840,1600,via_1600x480
VSS,met3-met4,STRIPE,via,36974,217360,38574,217840,1600,via3_1600x480
VSS,met2-met3,STRIPE,via,36974,217360,38574,217840,1600,via2_1600x480
VSS,met1-met2,STRIPE,via,36974,217360,38574,217840,1600,via_1600x480
VSS,met3-met4,STRIPE,via,253958,211920,255558,212400,1600,via3_1600x480
VSS,met2-met3,STRIPE,via,253958,211920,255558,212400,1600,via2_1600x480
VSS,met1-met2,STRIPE,via,253958,211920,255558,212400,1600,via_1600x480
VSS,met3-met4,STRIPE,via,226238,211920,227838,212400,1600,via3_1600x480
VSS,met2-met3,STRIPE,via,226238,211920,227838,212400,1600,via2_1600x480
VSS,met1-met2,STRIPE,via,226238,211920,227838,212400,1600,via_1600x480
VSS,met3-met4,STRIPE,via,198092,211920,199692,212400,1600,via3_1600x480
VSS,met2-met3,STRIPE,via,198092,211920,199692,212400,1600,via2_1600x480
VSS,met1-met2,STRIPE,via,198092,211920,199692,212400,1600,via_1600x480
VSS,met3-met4,STRIPE,via,172471,211920,174071,212400,1600,via3_1600x480
VSS,met2-met3,STRIPE,via,172471,211920,174071,212400,1600,via2_1600x480
VSS,met1-met2,STRIPE,via,172471,211920,174071,212400,1600,via_1600x480
VSS,met3-met4,STRIPE,via,146089,211920,147689,212400,1600,via3_1600x480
VSS,met2-met3,STRIPE,via,146089,211920,147689,212400,1600,via2_1600x480
VSS,met1-met2,STRIPE,via,146089,211920,147689,212400,1600,via_1600x480
VSS,met3-met4,STRIPE,via,118533,211920,120133,212400,1600,via3_1600x480
VSS,met2-met3,STRIPE,via,118533,211920,120133,212400,1600,via2_1600x480
VSS,met1-met2,STRIPE,via,118533,211920,120133,212400,1600,via_1600x480
VSS,met3-met4,STRIPE,via,91589,211920,93189,212400,1600,via3_1600x480
VSS,met2-met3,STRIPE,via,91589,211920,93189,212400,1600,via2_1600x480
VSS,met1-met2,STRIPE,via,91589,211920,93189,212400,1600,via_1600x480
VSS,met3-met4,STRIPE,via,63092,211920,64692,212400,1600,via3_1600x480
VSS,met2-met3,STRIPE,via,63092,211920,64692,212400,1600,via2_1600x480
VSS,met1-met2,STRIPE,via,63092,211920,64692,212400,1600,via_1600x480
VSS,met3-met4,STRIPE,via,36974,211920,38574,212400,1600,via3_1600x480
VSS,met2-met3,STRIPE,via,36974,211920,38574,212400,1600,via2_1600x480
VSS,met1-met2,STRIPE,via,36974,211920,38574,212400,1600,via_1600x480
VSS,met3-met4,STRIPE,via,253958,206480,255558,206960,1600,via3_1600x480
VSS,met2-met3,STRIPE,via,253958,206480,255558,206960,1600,via2_1600x480
VSS,met1-met2,STRIPE,via,253958,206480,255558,206960,1600,via_1600x480
VSS,met3-met4,STRIPE,via,226238,206480,227838,206960,1600,via3_1600x480
VSS,met2-met3,STRIPE,via,226238,206480,227838,206960,1600,via2_1600x480
VSS,met1-met2,STRIPE,via,226238,206480,227838,206960,1600,via_1600x480
VSS,met3-met4,STRIPE,via,198092,206480,199692,206960,1600,via3_1600x480
VSS,met2-met3,STRIPE,via,198092,206480,199692,206960,1600,via2_1600x480
VSS,met1-met2,STRIPE,via,198092,206480,199692,206960,1600,via_1600x480
VSS,met3-met4,STRIPE,via,172471,206480,174071,206960,1600,via3_1600x480
VSS,met2-met3,STRIPE,via,172471,206480,174071,206960,1600,via2_1600x480
VSS,met1-met2,STRIPE,via,172471,206480,174071,206960,1600,via_1600x480
VSS,met3-met4,STRIPE,via,146089,206480,147689,206960,1600,via3_1600x480
VSS,met2-met3,STRIPE,via,146089,206480,147689,206960,1600,via2_1600x480
VSS,met1-met2,STRIPE,via,146089,206480,147689,206960,1600,via_1600x480
VSS,met3-met4,STRIPE,via,118533,206480,120133,206960,1600,via3_1600x480
VSS,met2-met3,STRIPE,via,118533,206480,120133,206960,1600,via2_1600x480
VSS,met1-met2,STRIPE,via,118533,206480,120133,206960,1600,via_1600x480
VSS,met3-met4,STRIPE,via,91589,206480,93189,206960,1600,via3_1600x480
VSS,met2-met3,STRIPE,via,91589,206480,93189,206960,1600,via2_1600x480
VSS,met1-met2,STRIPE,via,91589,206480,93189,206960,1600,via_1600x480
VSS,met3-met4,STRIPE,via,63092,206480,64692,206960,1600,via3_1600x480
VSS,met2-met3,STRIPE,via,63092,206480,64692,206960,1600,via2_1600x480
VSS,met1-met2,STRIPE,via,63092,206480,64692,206960,1600,via_1600x480
VSS,met3-met4,STRIPE,via,36974,206480,38574,206960,1600,via3_1600x480
VSS,met2-met3,STRIPE,via,36974,206480,38574,206960,1600,via2_1600x480
VSS,met1-met2,STRIPE,via,36974,206480,38574,206960,1600,via_1600x480
VSS,met3-met4,STRIPE,via,253958,201040,255558,201520,1600,via3_1600x480
VSS,met2-met3,STRIPE,via,253958,201040,255558,201520,1600,via2_1600x480
VSS,met1-met2,STRIPE,via,253958,201040,255558,201520,1600,via_1600x480
VSS,met3-met4,STRIPE,via,226238,201040,227838,201520,1600,via3_1600x480
VSS,met2-met3,STRIPE,via,226238,201040,227838,201520,1600,via2_1600x480
VSS,met1-met2,STRIPE,via,226238,201040,227838,201520,1600,via_1600x480
VSS,met3-met4,STRIPE,via,198092,201040,199692,201520,1600,via3_1600x480
VSS,met2-met3,STRIPE,via,198092,201040,199692,201520,1600,via2_1600x480
VSS,met1-met2,STRIPE,via,198092,201040,199692,201520,1600,via_1600x480
VSS,met3-met4,STRIPE,via,172471,201040,174071,201520,1600,via3_1600x480
VSS,met2-met3,STRIPE,via,172471,201040,174071,201520,1600,via2_1600x480
VSS,met1-met2,STRIPE,via,172471,201040,174071,201520,1600,via_1600x480
VSS,met3-met4,STRIPE,via,146089,201040,147689,201520,1600,via3_1600x480
VSS,met2-met3,STRIPE,via,146089,201040,147689,201520,1600,via2_1600x480
VSS,met1-met2,STRIPE,via,146089,201040,147689,201520,1600,via_1600x480
VSS,met3-met4,STRIPE,via,118533,201040,120133,201520,1600,via3_1600x480
VSS,met2-met3,STRIPE,via,118533,201040,120133,201520,1600,via2_1600x480
VSS,met1-met2,STRIPE,via,118533,201040,120133,201520,1600,via_1600x480
VSS,met3-met4,STRIPE,via,91589,201040,93189,201520,1600,via3_1600x480
VSS,met2-met3,STRIPE,via,91589,201040,93189,201520,1600,via2_1600x480
VSS,met1-met2,STRIPE,via,91589,201040,93189,201520,1600,via_1600x480
VSS,met3-met4,STRIPE,via,63092,201040,64692,201520,1600,via3_1600x480
VSS,met2-met3,STRIPE,via,63092,201040,64692,201520,1600,via2_1600x480
VSS,met1-met2,STRIPE,via,63092,201040,64692,201520,1600,via_1600x480
VSS,met3-met4,STRIPE,via,36974,201040,38574,201520,1600,via3_1600x480
VSS,met2-met3,STRIPE,via,36974,201040,38574,201520,1600,via2_1600x480
VSS,met1-met2,STRIPE,via,36974,201040,38574,201520,1600,via_1600x480
VSS,met3-met4,STRIPE,via,253958,195600,255558,196080,1600,via3_1600x480
VSS,met2-met3,STRIPE,via,253958,195600,255558,196080,1600,via2_1600x480
VSS,met1-met2,STRIPE,via,253958,195600,255558,196080,1600,via_1600x480
VSS,met3-met4,STRIPE,via,226238,195600,227838,196080,1600,via3_1600x480
VSS,met2-met3,STRIPE,via,226238,195600,227838,196080,1600,via2_1600x480
VSS,met1-met2,STRIPE,via,226238,195600,227838,196080,1600,via_1600x480
VSS,met3-met4,STRIPE,via,198092,195600,199692,196080,1600,via3_1600x480
VSS,met2-met3,STRIPE,via,198092,195600,199692,196080,1600,via2_1600x480
VSS,met1-met2,STRIPE,via,198092,195600,199692,196080,1600,via_1600x480
VSS,met3-met4,STRIPE,via,172471,195600,174071,196080,1600,via3_1600x480
VSS,met2-met3,STRIPE,via,172471,195600,174071,196080,1600,via2_1600x480
VSS,met1-met2,STRIPE,via,172471,195600,174071,196080,1600,via_1600x480
VSS,met3-met4,STRIPE,via,146089,195600,147689,196080,1600,via3_1600x480
VSS,met2-met3,STRIPE,via,146089,195600,147689,196080,1600,via2_1600x480
VSS,met1-met2,STRIPE,via,146089,195600,147689,196080,1600,via_1600x480
VSS,met3-met4,STRIPE,via,118533,195600,120133,196080,1600,via3_1600x480
VSS,met2-met3,STRIPE,via,118533,195600,120133,196080,1600,via2_1600x480
VSS,met1-met2,STRIPE,via,118533,195600,120133,196080,1600,via_1600x480
VSS,met3-met4,STRIPE,via,91589,195600,93189,196080,1600,via3_1600x480
VSS,met2-met3,STRIPE,via,91589,195600,93189,196080,1600,via2_1600x480
VSS,met1-met2,STRIPE,via,91589,195600,93189,196080,1600,via_1600x480
VSS,met3-met4,STRIPE,via,63092,195600,64692,196080,1600,via3_1600x480
VSS,met2-met3,STRIPE,via,63092,195600,64692,196080,1600,via2_1600x480
VSS,met1-met2,STRIPE,via,63092,195600,64692,196080,1600,via_1600x480
VSS,met3-met4,STRIPE,via,36974,195600,38574,196080,1600,via3_1600x480
VSS,met2-met3,STRIPE,via,36974,195600,38574,196080,1600,via2_1600x480
VSS,met1-met2,STRIPE,via,36974,195600,38574,196080,1600,via_1600x480
VSS,met3-met4,STRIPE,via,253958,190160,255558,190640,1600,via3_1600x480
VSS,met2-met3,STRIPE,via,253958,190160,255558,190640,1600,via2_1600x480
VSS,met1-met2,STRIPE,via,253958,190160,255558,190640,1600,via_1600x480
VSS,met3-met4,STRIPE,via,226238,190160,227838,190640,1600,via3_1600x480
VSS,met2-met3,STRIPE,via,226238,190160,227838,190640,1600,via2_1600x480
VSS,met1-met2,STRIPE,via,226238,190160,227838,190640,1600,via_1600x480
VSS,met3-met4,STRIPE,via,198092,190160,199692,190640,1600,via3_1600x480
VSS,met2-met3,STRIPE,via,198092,190160,199692,190640,1600,via2_1600x480
VSS,met1-met2,STRIPE,via,198092,190160,199692,190640,1600,via_1600x480
VSS,met3-met4,STRIPE,via,172471,190160,174071,190640,1600,via3_1600x480
VSS,met2-met3,STRIPE,via,172471,190160,174071,190640,1600,via2_1600x480
VSS,met1-met2,STRIPE,via,172471,190160,174071,190640,1600,via_1600x480
VSS,met3-met4,STRIPE,via,146089,190160,147689,190640,1600,via3_1600x480
VSS,met2-met3,STRIPE,via,146089,190160,147689,190640,1600,via2_1600x480
VSS,met1-met2,STRIPE,via,146089,190160,147689,190640,1600,via_1600x480
VSS,met3-met4,STRIPE,via,118533,190160,120133,190640,1600,via3_1600x480
VSS,met2-met3,STRIPE,via,118533,190160,120133,190640,1600,via2_1600x480
VSS,met1-met2,STRIPE,via,118533,190160,120133,190640,1600,via_1600x480
VSS,met3-met4,STRIPE,via,91589,190160,93189,190640,1600,via3_1600x480
VSS,met2-met3,STRIPE,via,91589,190160,93189,190640,1600,via2_1600x480
VSS,met1-met2,STRIPE,via,91589,190160,93189,190640,1600,via_1600x480
VSS,met3-met4,STRIPE,via,63092,190160,64692,190640,1600,via3_1600x480
VSS,met2-met3,STRIPE,via,63092,190160,64692,190640,1600,via2_1600x480
VSS,met1-met2,STRIPE,via,63092,190160,64692,190640,1600,via_1600x480
VSS,met3-met4,STRIPE,via,36974,190160,38574,190640,1600,via3_1600x480
VSS,met2-met3,STRIPE,via,36974,190160,38574,190640,1600,via2_1600x480
VSS,met1-met2,STRIPE,via,36974,190160,38574,190640,1600,via_1600x480
VSS,met3-met4,STRIPE,via,253958,184720,255558,185200,1600,via3_1600x480
VSS,met2-met3,STRIPE,via,253958,184720,255558,185200,1600,via2_1600x480
VSS,met1-met2,STRIPE,via,253958,184720,255558,185200,1600,via_1600x480
VSS,met3-met4,STRIPE,via,226238,184720,227838,185200,1600,via3_1600x480
VSS,met2-met3,STRIPE,via,226238,184720,227838,185200,1600,via2_1600x480
VSS,met1-met2,STRIPE,via,226238,184720,227838,185200,1600,via_1600x480
VSS,met3-met4,STRIPE,via,198092,184720,199692,185200,1600,via3_1600x480
VSS,met2-met3,STRIPE,via,198092,184720,199692,185200,1600,via2_1600x480
VSS,met1-met2,STRIPE,via,198092,184720,199692,185200,1600,via_1600x480
VSS,met3-met4,STRIPE,via,172471,184720,174071,185200,1600,via3_1600x480
VSS,met2-met3,STRIPE,via,172471,184720,174071,185200,1600,via2_1600x480
VSS,met1-met2,STRIPE,via,172471,184720,174071,185200,1600,via_1600x480
VSS,met3-met4,STRIPE,via,146089,184720,147689,185200,1600,via3_1600x480
VSS,met2-met3,STRIPE,via,146089,184720,147689,185200,1600,via2_1600x480
VSS,met1-met2,STRIPE,via,146089,184720,147689,185200,1600,via_1600x480
VSS,met3-met4,STRIPE,via,118533,184720,120133,185200,1600,via3_1600x480
VSS,met2-met3,STRIPE,via,118533,184720,120133,185200,1600,via2_1600x480
VSS,met1-met2,STRIPE,via,118533,184720,120133,185200,1600,via_1600x480
VSS,met3-met4,STRIPE,via,91589,184720,93189,185200,1600,via3_1600x480
VSS,met2-met3,STRIPE,via,91589,184720,93189,185200,1600,via2_1600x480
VSS,met1-met2,STRIPE,via,91589,184720,93189,185200,1600,via_1600x480
VSS,met3-met4,STRIPE,via,63092,184720,64692,185200,1600,via3_1600x480
VSS,met2-met3,STRIPE,via,63092,184720,64692,185200,1600,via2_1600x480
VSS,met1-met2,STRIPE,via,63092,184720,64692,185200,1600,via_1600x480
VSS,met3-met4,STRIPE,via,36974,184720,38574,185200,1600,via3_1600x480
VSS,met2-met3,STRIPE,via,36974,184720,38574,185200,1600,via2_1600x480
VSS,met1-met2,STRIPE,via,36974,184720,38574,185200,1600,via_1600x480
VSS,met3-met4,STRIPE,via,253958,179280,255558,179760,1600,via3_1600x480
VSS,met2-met3,STRIPE,via,253958,179280,255558,179760,1600,via2_1600x480
VSS,met1-met2,STRIPE,via,253958,179280,255558,179760,1600,via_1600x480
VSS,met3-met4,STRIPE,via,226238,179280,227838,179760,1600,via3_1600x480
VSS,met2-met3,STRIPE,via,226238,179280,227838,179760,1600,via2_1600x480
VSS,met1-met2,STRIPE,via,226238,179280,227838,179760,1600,via_1600x480
VSS,met3-met4,STRIPE,via,198092,179280,199692,179760,1600,via3_1600x480
VSS,met2-met3,STRIPE,via,198092,179280,199692,179760,1600,via2_1600x480
VSS,met1-met2,STRIPE,via,198092,179280,199692,179760,1600,via_1600x480
VSS,met3-met4,STRIPE,via,172471,179280,174071,179760,1600,via3_1600x480
VSS,met2-met3,STRIPE,via,172471,179280,174071,179760,1600,via2_1600x480
VSS,met1-met2,STRIPE,via,172471,179280,174071,179760,1600,via_1600x480
VSS,met3-met4,STRIPE,via,146089,179280,147689,179760,1600,via3_1600x480
VSS,met2-met3,STRIPE,via,146089,179280,147689,179760,1600,via2_1600x480
VSS,met1-met2,STRIPE,via,146089,179280,147689,179760,1600,via_1600x480
VSS,met3-met4,STRIPE,via,118533,179280,120133,179760,1600,via3_1600x480
VSS,met2-met3,STRIPE,via,118533,179280,120133,179760,1600,via2_1600x480
VSS,met1-met2,STRIPE,via,118533,179280,120133,179760,1600,via_1600x480
VSS,met3-met4,STRIPE,via,91589,179280,93189,179760,1600,via3_1600x480
VSS,met2-met3,STRIPE,via,91589,179280,93189,179760,1600,via2_1600x480
VSS,met1-met2,STRIPE,via,91589,179280,93189,179760,1600,via_1600x480
VSS,met3-met4,STRIPE,via,63092,179280,64692,179760,1600,via3_1600x480
VSS,met2-met3,STRIPE,via,63092,179280,64692,179760,1600,via2_1600x480
VSS,met1-met2,STRIPE,via,63092,179280,64692,179760,1600,via_1600x480
VSS,met3-met4,STRIPE,via,36974,179280,38574,179760,1600,via3_1600x480
VSS,met2-met3,STRIPE,via,36974,179280,38574,179760,1600,via2_1600x480
VSS,met1-met2,STRIPE,via,36974,179280,38574,179760,1600,via_1600x480
VSS,met3-met4,STRIPE,via,253958,173840,255558,174320,1600,via3_1600x480
VSS,met2-met3,STRIPE,via,253958,173840,255558,174320,1600,via2_1600x480
VSS,met1-met2,STRIPE,via,253958,173840,255558,174320,1600,via_1600x480
VSS,met3-met4,STRIPE,via,226238,173840,227838,174320,1600,via3_1600x480
VSS,met2-met3,STRIPE,via,226238,173840,227838,174320,1600,via2_1600x480
VSS,met1-met2,STRIPE,via,226238,173840,227838,174320,1600,via_1600x480
VSS,met3-met4,STRIPE,via,198092,173840,199692,174320,1600,via3_1600x480
VSS,met2-met3,STRIPE,via,198092,173840,199692,174320,1600,via2_1600x480
VSS,met1-met2,STRIPE,via,198092,173840,199692,174320,1600,via_1600x480
VSS,met3-met4,STRIPE,via,172471,173840,174071,174320,1600,via3_1600x480
VSS,met2-met3,STRIPE,via,172471,173840,174071,174320,1600,via2_1600x480
VSS,met1-met2,STRIPE,via,172471,173840,174071,174320,1600,via_1600x480
VSS,met3-met4,STRIPE,via,146089,173840,147689,174320,1600,via3_1600x480
VSS,met2-met3,STRIPE,via,146089,173840,147689,174320,1600,via2_1600x480
VSS,met1-met2,STRIPE,via,146089,173840,147689,174320,1600,via_1600x480
VSS,met3-met4,STRIPE,via,118533,173840,120133,174320,1600,via3_1600x480
VSS,met2-met3,STRIPE,via,118533,173840,120133,174320,1600,via2_1600x480
VSS,met1-met2,STRIPE,via,118533,173840,120133,174320,1600,via_1600x480
VSS,met3-met4,STRIPE,via,91589,173840,93189,174320,1600,via3_1600x480
VSS,met2-met3,STRIPE,via,91589,173840,93189,174320,1600,via2_1600x480
VSS,met1-met2,STRIPE,via,91589,173840,93189,174320,1600,via_1600x480
VSS,met3-met4,STRIPE,via,63092,173840,64692,174320,1600,via3_1600x480
VSS,met2-met3,STRIPE,via,63092,173840,64692,174320,1600,via2_1600x480
VSS,met1-met2,STRIPE,via,63092,173840,64692,174320,1600,via_1600x480
VSS,met3-met4,STRIPE,via,36974,173840,38574,174320,1600,via3_1600x480
VSS,met2-met3,STRIPE,via,36974,173840,38574,174320,1600,via2_1600x480
VSS,met1-met2,STRIPE,via,36974,173840,38574,174320,1600,via_1600x480
VSS,met3-met4,STRIPE,via,253958,168400,255558,168880,1600,via3_1600x480
VSS,met2-met3,STRIPE,via,253958,168400,255558,168880,1600,via2_1600x480
VSS,met1-met2,STRIPE,via,253958,168400,255558,168880,1600,via_1600x480
VSS,met3-met4,STRIPE,via,226238,168400,227838,168880,1600,via3_1600x480
VSS,met2-met3,STRIPE,via,226238,168400,227838,168880,1600,via2_1600x480
VSS,met1-met2,STRIPE,via,226238,168400,227838,168880,1600,via_1600x480
VSS,met3-met4,STRIPE,via,198092,168400,199692,168880,1600,via3_1600x480
VSS,met2-met3,STRIPE,via,198092,168400,199692,168880,1600,via2_1600x480
VSS,met1-met2,STRIPE,via,198092,168400,199692,168880,1600,via_1600x480
VSS,met3-met4,STRIPE,via,172471,168400,174071,168880,1600,via3_1600x480
VSS,met2-met3,STRIPE,via,172471,168400,174071,168880,1600,via2_1600x480
VSS,met1-met2,STRIPE,via,172471,168400,174071,168880,1600,via_1600x480
VSS,met3-met4,STRIPE,via,146089,168400,147689,168880,1600,via3_1600x480
VSS,met2-met3,STRIPE,via,146089,168400,147689,168880,1600,via2_1600x480
VSS,met1-met2,STRIPE,via,146089,168400,147689,168880,1600,via_1600x480
VSS,met3-met4,STRIPE,via,118533,168400,120133,168880,1600,via3_1600x480
VSS,met2-met3,STRIPE,via,118533,168400,120133,168880,1600,via2_1600x480
VSS,met1-met2,STRIPE,via,118533,168400,120133,168880,1600,via_1600x480
VSS,met3-met4,STRIPE,via,91589,168400,93189,168880,1600,via3_1600x480
VSS,met2-met3,STRIPE,via,91589,168400,93189,168880,1600,via2_1600x480
VSS,met1-met2,STRIPE,via,91589,168400,93189,168880,1600,via_1600x480
VSS,met3-met4,STRIPE,via,63092,168400,64692,168880,1600,via3_1600x480
VSS,met2-met3,STRIPE,via,63092,168400,64692,168880,1600,via2_1600x480
VSS,met1-met2,STRIPE,via,63092,168400,64692,168880,1600,via_1600x480
VSS,met3-met4,STRIPE,via,36974,168400,38574,168880,1600,via3_1600x480
VSS,met2-met3,STRIPE,via,36974,168400,38574,168880,1600,via2_1600x480
VSS,met1-met2,STRIPE,via,36974,168400,38574,168880,1600,via_1600x480
VSS,met3-met4,STRIPE,via,253958,162960,255558,163440,1600,via3_1600x480
VSS,met2-met3,STRIPE,via,253958,162960,255558,163440,1600,via2_1600x480
VSS,met1-met2,STRIPE,via,253958,162960,255558,163440,1600,via_1600x480
VSS,met3-met4,STRIPE,via,226238,162960,227838,163440,1600,via3_1600x480
VSS,met2-met3,STRIPE,via,226238,162960,227838,163440,1600,via2_1600x480
VSS,met1-met2,STRIPE,via,226238,162960,227838,163440,1600,via_1600x480
VSS,met3-met4,STRIPE,via,198092,162960,199692,163440,1600,via3_1600x480
VSS,met2-met3,STRIPE,via,198092,162960,199692,163440,1600,via2_1600x480
VSS,met1-met2,STRIPE,via,198092,162960,199692,163440,1600,via_1600x480
VSS,met3-met4,STRIPE,via,172471,162960,174071,163440,1600,via3_1600x480
VSS,met2-met3,STRIPE,via,172471,162960,174071,163440,1600,via2_1600x480
VSS,met1-met2,STRIPE,via,172471,162960,174071,163440,1600,via_1600x480
VSS,met3-met4,STRIPE,via,146089,162960,147689,163440,1600,via3_1600x480
VSS,met2-met3,STRIPE,via,146089,162960,147689,163440,1600,via2_1600x480
VSS,met1-met2,STRIPE,via,146089,162960,147689,163440,1600,via_1600x480
VSS,met3-met4,STRIPE,via,118533,162960,120133,163440,1600,via3_1600x480
VSS,met2-met3,STRIPE,via,118533,162960,120133,163440,1600,via2_1600x480
VSS,met1-met2,STRIPE,via,118533,162960,120133,163440,1600,via_1600x480
VSS,met3-met4,STRIPE,via,91589,162960,93189,163440,1600,via3_1600x480
VSS,met2-met3,STRIPE,via,91589,162960,93189,163440,1600,via2_1600x480
VSS,met1-met2,STRIPE,via,91589,162960,93189,163440,1600,via_1600x480
VSS,met3-met4,STRIPE,via,63092,162960,64692,163440,1600,via3_1600x480
VSS,met2-met3,STRIPE,via,63092,162960,64692,163440,1600,via2_1600x480
VSS,met1-met2,STRIPE,via,63092,162960,64692,163440,1600,via_1600x480
VSS,met3-met4,STRIPE,via,36974,162960,38574,163440,1600,via3_1600x480
VSS,met2-met3,STRIPE,via,36974,162960,38574,163440,1600,via2_1600x480
VSS,met1-met2,STRIPE,via,36974,162960,38574,163440,1600,via_1600x480
VSS,met3-met4,STRIPE,via,253958,157520,255558,158000,1600,via3_1600x480
VSS,met2-met3,STRIPE,via,253958,157520,255558,158000,1600,via2_1600x480
VSS,met1-met2,STRIPE,via,253958,157520,255558,158000,1600,via_1600x480
VSS,met3-met4,STRIPE,via,226238,157520,227838,158000,1600,via3_1600x480
VSS,met2-met3,STRIPE,via,226238,157520,227838,158000,1600,via2_1600x480
VSS,met1-met2,STRIPE,via,226238,157520,227838,158000,1600,via_1600x480
VSS,met3-met4,STRIPE,via,198092,157520,199692,158000,1600,via3_1600x480
VSS,met2-met3,STRIPE,via,198092,157520,199692,158000,1600,via2_1600x480
VSS,met1-met2,STRIPE,via,198092,157520,199692,158000,1600,via_1600x480
VSS,met3-met4,STRIPE,via,172471,157520,174071,158000,1600,via3_1600x480
VSS,met2-met3,STRIPE,via,172471,157520,174071,158000,1600,via2_1600x480
VSS,met1-met2,STRIPE,via,172471,157520,174071,158000,1600,via_1600x480
VSS,met3-met4,STRIPE,via,146089,157520,147689,158000,1600,via3_1600x480
VSS,met2-met3,STRIPE,via,146089,157520,147689,158000,1600,via2_1600x480
VSS,met1-met2,STRIPE,via,146089,157520,147689,158000,1600,via_1600x480
VSS,met3-met4,STRIPE,via,118533,157520,120133,158000,1600,via3_1600x480
VSS,met2-met3,STRIPE,via,118533,157520,120133,158000,1600,via2_1600x480
VSS,met1-met2,STRIPE,via,118533,157520,120133,158000,1600,via_1600x480
VSS,met3-met4,STRIPE,via,91589,157520,93189,158000,1600,via3_1600x480
VSS,met2-met3,STRIPE,via,91589,157520,93189,158000,1600,via2_1600x480
VSS,met1-met2,STRIPE,via,91589,157520,93189,158000,1600,via_1600x480
VSS,met3-met4,STRIPE,via,63092,157520,64692,158000,1600,via3_1600x480
VSS,met2-met3,STRIPE,via,63092,157520,64692,158000,1600,via2_1600x480
VSS,met1-met2,STRIPE,via,63092,157520,64692,158000,1600,via_1600x480
VSS,met3-met4,STRIPE,via,36974,157520,38574,158000,1600,via3_1600x480
VSS,met2-met3,STRIPE,via,36974,157520,38574,158000,1600,via2_1600x480
VSS,met1-met2,STRIPE,via,36974,157520,38574,158000,1600,via_1600x480
VSS,met3-met4,STRIPE,via,253958,152080,255558,152560,1600,via3_1600x480
VSS,met2-met3,STRIPE,via,253958,152080,255558,152560,1600,via2_1600x480
VSS,met1-met2,STRIPE,via,253958,152080,255558,152560,1600,via_1600x480
VSS,met3-met4,STRIPE,via,226238,152080,227838,152560,1600,via3_1600x480
VSS,met2-met3,STRIPE,via,226238,152080,227838,152560,1600,via2_1600x480
VSS,met1-met2,STRIPE,via,226238,152080,227838,152560,1600,via_1600x480
VSS,met3-met4,STRIPE,via,198092,152080,199692,152560,1600,via3_1600x480
VSS,met2-met3,STRIPE,via,198092,152080,199692,152560,1600,via2_1600x480
VSS,met1-met2,STRIPE,via,198092,152080,199692,152560,1600,via_1600x480
VSS,met3-met4,STRIPE,via,172471,152080,174071,152560,1600,via3_1600x480
VSS,met2-met3,STRIPE,via,172471,152080,174071,152560,1600,via2_1600x480
VSS,met1-met2,STRIPE,via,172471,152080,174071,152560,1600,via_1600x480
VSS,met3-met4,STRIPE,via,146089,152080,147689,152560,1600,via3_1600x480
VSS,met2-met3,STRIPE,via,146089,152080,147689,152560,1600,via2_1600x480
VSS,met1-met2,STRIPE,via,146089,152080,147689,152560,1600,via_1600x480
VSS,met3-met4,STRIPE,via,118533,152080,120133,152560,1600,via3_1600x480
VSS,met2-met3,STRIPE,via,118533,152080,120133,152560,1600,via2_1600x480
VSS,met1-met2,STRIPE,via,118533,152080,120133,152560,1600,via_1600x480
VSS,met3-met4,STRIPE,via,91589,152080,93189,152560,1600,via3_1600x480
VSS,met2-met3,STRIPE,via,91589,152080,93189,152560,1600,via2_1600x480
VSS,met1-met2,STRIPE,via,91589,152080,93189,152560,1600,via_1600x480
VSS,met3-met4,STRIPE,via,63092,152080,64692,152560,1600,via3_1600x480
VSS,met2-met3,STRIPE,via,63092,152080,64692,152560,1600,via2_1600x480
VSS,met1-met2,STRIPE,via,63092,152080,64692,152560,1600,via_1600x480
VSS,met3-met4,STRIPE,via,36974,152080,38574,152560,1600,via3_1600x480
VSS,met2-met3,STRIPE,via,36974,152080,38574,152560,1600,via2_1600x480
VSS,met1-met2,STRIPE,via,36974,152080,38574,152560,1600,via_1600x480
VSS,met3-met4,STRIPE,via,253958,146640,255558,147120,1600,via3_1600x480
VSS,met2-met3,STRIPE,via,253958,146640,255558,147120,1600,via2_1600x480
VSS,met1-met2,STRIPE,via,253958,146640,255558,147120,1600,via_1600x480
VSS,met3-met4,STRIPE,via,226238,146640,227838,147120,1600,via3_1600x480
VSS,met2-met3,STRIPE,via,226238,146640,227838,147120,1600,via2_1600x480
VSS,met1-met2,STRIPE,via,226238,146640,227838,147120,1600,via_1600x480
VSS,met3-met4,STRIPE,via,198092,146640,199692,147120,1600,via3_1600x480
VSS,met2-met3,STRIPE,via,198092,146640,199692,147120,1600,via2_1600x480
VSS,met1-met2,STRIPE,via,198092,146640,199692,147120,1600,via_1600x480
VSS,met3-met4,STRIPE,via,172471,146640,174071,147120,1600,via3_1600x480
VSS,met2-met3,STRIPE,via,172471,146640,174071,147120,1600,via2_1600x480
VSS,met1-met2,STRIPE,via,172471,146640,174071,147120,1600,via_1600x480
VSS,met3-met4,STRIPE,via,146089,146640,147689,147120,1600,via3_1600x480
VSS,met2-met3,STRIPE,via,146089,146640,147689,147120,1600,via2_1600x480
VSS,met1-met2,STRIPE,via,146089,146640,147689,147120,1600,via_1600x480
VSS,met3-met4,STRIPE,via,118533,146640,120133,147120,1600,via3_1600x480
VSS,met2-met3,STRIPE,via,118533,146640,120133,147120,1600,via2_1600x480
VSS,met1-met2,STRIPE,via,118533,146640,120133,147120,1600,via_1600x480
VSS,met3-met4,STRIPE,via,91589,146640,93189,147120,1600,via3_1600x480
VSS,met2-met3,STRIPE,via,91589,146640,93189,147120,1600,via2_1600x480
VSS,met1-met2,STRIPE,via,91589,146640,93189,147120,1600,via_1600x480
VSS,met3-met4,STRIPE,via,63092,146640,64692,147120,1600,via3_1600x480
VSS,met2-met3,STRIPE,via,63092,146640,64692,147120,1600,via2_1600x480
VSS,met1-met2,STRIPE,via,63092,146640,64692,147120,1600,via_1600x480
VSS,met3-met4,STRIPE,via,36974,146640,38574,147120,1600,via3_1600x480
VSS,met2-met3,STRIPE,via,36974,146640,38574,147120,1600,via2_1600x480
VSS,met1-met2,STRIPE,via,36974,146640,38574,147120,1600,via_1600x480
VSS,met3-met4,STRIPE,via,253958,141200,255558,141680,1600,via3_1600x480
VSS,met2-met3,STRIPE,via,253958,141200,255558,141680,1600,via2_1600x480
VSS,met1-met2,STRIPE,via,253958,141200,255558,141680,1600,via_1600x480
VSS,met3-met4,STRIPE,via,226238,141200,227838,141680,1600,via3_1600x480
VSS,met2-met3,STRIPE,via,226238,141200,227838,141680,1600,via2_1600x480
VSS,met1-met2,STRIPE,via,226238,141200,227838,141680,1600,via_1600x480
VSS,met3-met4,STRIPE,via,198092,141200,199692,141680,1600,via3_1600x480
VSS,met2-met3,STRIPE,via,198092,141200,199692,141680,1600,via2_1600x480
VSS,met1-met2,STRIPE,via,198092,141200,199692,141680,1600,via_1600x480
VSS,met3-met4,STRIPE,via,172471,141200,174071,141680,1600,via3_1600x480
VSS,met2-met3,STRIPE,via,172471,141200,174071,141680,1600,via2_1600x480
VSS,met1-met2,STRIPE,via,172471,141200,174071,141680,1600,via_1600x480
VSS,met3-met4,STRIPE,via,146089,141200,147689,141680,1600,via3_1600x480
VSS,met2-met3,STRIPE,via,146089,141200,147689,141680,1600,via2_1600x480
VSS,met1-met2,STRIPE,via,146089,141200,147689,141680,1600,via_1600x480
VSS,met3-met4,STRIPE,via,118533,141200,120133,141680,1600,via3_1600x480
VSS,met2-met3,STRIPE,via,118533,141200,120133,141680,1600,via2_1600x480
VSS,met1-met2,STRIPE,via,118533,141200,120133,141680,1600,via_1600x480
VSS,met3-met4,STRIPE,via,91589,141200,93189,141680,1600,via3_1600x480
VSS,met2-met3,STRIPE,via,91589,141200,93189,141680,1600,via2_1600x480
VSS,met1-met2,STRIPE,via,91589,141200,93189,141680,1600,via_1600x480
VSS,met3-met4,STRIPE,via,63092,141200,64692,141680,1600,via3_1600x480
VSS,met2-met3,STRIPE,via,63092,141200,64692,141680,1600,via2_1600x480
VSS,met1-met2,STRIPE,via,63092,141200,64692,141680,1600,via_1600x480
VSS,met3-met4,STRIPE,via,36974,141200,38574,141680,1600,via3_1600x480
VSS,met2-met3,STRIPE,via,36974,141200,38574,141680,1600,via2_1600x480
VSS,met1-met2,STRIPE,via,36974,141200,38574,141680,1600,via_1600x480
VSS,met3-met4,STRIPE,via,253958,135760,255558,136240,1600,via3_1600x480
VSS,met2-met3,STRIPE,via,253958,135760,255558,136240,1600,via2_1600x480
VSS,met1-met2,STRIPE,via,253958,135760,255558,136240,1600,via_1600x480
VSS,met3-met4,STRIPE,via,226238,135760,227838,136240,1600,via3_1600x480
VSS,met2-met3,STRIPE,via,226238,135760,227838,136240,1600,via2_1600x480
VSS,met1-met2,STRIPE,via,226238,135760,227838,136240,1600,via_1600x480
VSS,met3-met4,STRIPE,via,198092,135760,199692,136240,1600,via3_1600x480
VSS,met2-met3,STRIPE,via,198092,135760,199692,136240,1600,via2_1600x480
VSS,met1-met2,STRIPE,via,198092,135760,199692,136240,1600,via_1600x480
VSS,met3-met4,STRIPE,via,172471,135760,174071,136240,1600,via3_1600x480
VSS,met2-met3,STRIPE,via,172471,135760,174071,136240,1600,via2_1600x480
VSS,met1-met2,STRIPE,via,172471,135760,174071,136240,1600,via_1600x480
VSS,met3-met4,STRIPE,via,146089,135760,147689,136240,1600,via3_1600x480
VSS,met2-met3,STRIPE,via,146089,135760,147689,136240,1600,via2_1600x480
VSS,met1-met2,STRIPE,via,146089,135760,147689,136240,1600,via_1600x480
VSS,met3-met4,STRIPE,via,118533,135760,120133,136240,1600,via3_1600x480
VSS,met2-met3,STRIPE,via,118533,135760,120133,136240,1600,via2_1600x480
VSS,met1-met2,STRIPE,via,118533,135760,120133,136240,1600,via_1600x480
VSS,met3-met4,STRIPE,via,91589,135760,93189,136240,1600,via3_1600x480
VSS,met2-met3,STRIPE,via,91589,135760,93189,136240,1600,via2_1600x480
VSS,met1-met2,STRIPE,via,91589,135760,93189,136240,1600,via_1600x480
VSS,met3-met4,STRIPE,via,63092,135760,64692,136240,1600,via3_1600x480
VSS,met2-met3,STRIPE,via,63092,135760,64692,136240,1600,via2_1600x480
VSS,met1-met2,STRIPE,via,63092,135760,64692,136240,1600,via_1600x480
VSS,met3-met4,STRIPE,via,36974,135760,38574,136240,1600,via3_1600x480
VSS,met2-met3,STRIPE,via,36974,135760,38574,136240,1600,via2_1600x480
VSS,met1-met2,STRIPE,via,36974,135760,38574,136240,1600,via_1600x480
VSS,met3-met4,STRIPE,via,253958,130320,255558,130800,1600,via3_1600x480
VSS,met2-met3,STRIPE,via,253958,130320,255558,130800,1600,via2_1600x480
VSS,met1-met2,STRIPE,via,253958,130320,255558,130800,1600,via_1600x480
VSS,met3-met4,STRIPE,via,226238,130320,227838,130800,1600,via3_1600x480
VSS,met2-met3,STRIPE,via,226238,130320,227838,130800,1600,via2_1600x480
VSS,met1-met2,STRIPE,via,226238,130320,227838,130800,1600,via_1600x480
VSS,met3-met4,STRIPE,via,198092,130320,199692,130800,1600,via3_1600x480
VSS,met2-met3,STRIPE,via,198092,130320,199692,130800,1600,via2_1600x480
VSS,met1-met2,STRIPE,via,198092,130320,199692,130800,1600,via_1600x480
VSS,met3-met4,STRIPE,via,172471,130320,174071,130800,1600,via3_1600x480
VSS,met2-met3,STRIPE,via,172471,130320,174071,130800,1600,via2_1600x480
VSS,met1-met2,STRIPE,via,172471,130320,174071,130800,1600,via_1600x480
VSS,met3-met4,STRIPE,via,146089,130320,147689,130800,1600,via3_1600x480
VSS,met2-met3,STRIPE,via,146089,130320,147689,130800,1600,via2_1600x480
VSS,met1-met2,STRIPE,via,146089,130320,147689,130800,1600,via_1600x480
VSS,met3-met4,STRIPE,via,118533,130320,120133,130800,1600,via3_1600x480
VSS,met2-met3,STRIPE,via,118533,130320,120133,130800,1600,via2_1600x480
VSS,met1-met2,STRIPE,via,118533,130320,120133,130800,1600,via_1600x480
VSS,met3-met4,STRIPE,via,91589,130320,93189,130800,1600,via3_1600x480
VSS,met2-met3,STRIPE,via,91589,130320,93189,130800,1600,via2_1600x480
VSS,met1-met2,STRIPE,via,91589,130320,93189,130800,1600,via_1600x480
VSS,met3-met4,STRIPE,via,63092,130320,64692,130800,1600,via3_1600x480
VSS,met2-met3,STRIPE,via,63092,130320,64692,130800,1600,via2_1600x480
VSS,met1-met2,STRIPE,via,63092,130320,64692,130800,1600,via_1600x480
VSS,met3-met4,STRIPE,via,36974,130320,38574,130800,1600,via3_1600x480
VSS,met2-met3,STRIPE,via,36974,130320,38574,130800,1600,via2_1600x480
VSS,met1-met2,STRIPE,via,36974,130320,38574,130800,1600,via_1600x480
VSS,met3-met4,STRIPE,via,253958,124880,255558,125360,1600,via3_1600x480
VSS,met2-met3,STRIPE,via,253958,124880,255558,125360,1600,via2_1600x480
VSS,met1-met2,STRIPE,via,253958,124880,255558,125360,1600,via_1600x480
VSS,met3-met4,STRIPE,via,226238,124880,227838,125360,1600,via3_1600x480
VSS,met2-met3,STRIPE,via,226238,124880,227838,125360,1600,via2_1600x480
VSS,met1-met2,STRIPE,via,226238,124880,227838,125360,1600,via_1600x480
VSS,met3-met4,STRIPE,via,198092,124880,199692,125360,1600,via3_1600x480
VSS,met2-met3,STRIPE,via,198092,124880,199692,125360,1600,via2_1600x480
VSS,met1-met2,STRIPE,via,198092,124880,199692,125360,1600,via_1600x480
VSS,met3-met4,STRIPE,via,172471,124880,174071,125360,1600,via3_1600x480
VSS,met2-met3,STRIPE,via,172471,124880,174071,125360,1600,via2_1600x480
VSS,met1-met2,STRIPE,via,172471,124880,174071,125360,1600,via_1600x480
VSS,met3-met4,STRIPE,via,146089,124880,147689,125360,1600,via3_1600x480
VSS,met2-met3,STRIPE,via,146089,124880,147689,125360,1600,via2_1600x480
VSS,met1-met2,STRIPE,via,146089,124880,147689,125360,1600,via_1600x480
VSS,met3-met4,STRIPE,via,118533,124880,120133,125360,1600,via3_1600x480
VSS,met2-met3,STRIPE,via,118533,124880,120133,125360,1600,via2_1600x480
VSS,met1-met2,STRIPE,via,118533,124880,120133,125360,1600,via_1600x480
VSS,met3-met4,STRIPE,via,91589,124880,93189,125360,1600,via3_1600x480
VSS,met2-met3,STRIPE,via,91589,124880,93189,125360,1600,via2_1600x480
VSS,met1-met2,STRIPE,via,91589,124880,93189,125360,1600,via_1600x480
VSS,met3-met4,STRIPE,via,63092,124880,64692,125360,1600,via3_1600x480
VSS,met2-met3,STRIPE,via,63092,124880,64692,125360,1600,via2_1600x480
VSS,met1-met2,STRIPE,via,63092,124880,64692,125360,1600,via_1600x480
VSS,met3-met4,STRIPE,via,36974,124880,38574,125360,1600,via3_1600x480
VSS,met2-met3,STRIPE,via,36974,124880,38574,125360,1600,via2_1600x480
VSS,met1-met2,STRIPE,via,36974,124880,38574,125360,1600,via_1600x480
VSS,met3-met4,STRIPE,via,253958,119440,255558,119920,1600,via3_1600x480
VSS,met2-met3,STRIPE,via,253958,119440,255558,119920,1600,via2_1600x480
VSS,met1-met2,STRIPE,via,253958,119440,255558,119920,1600,via_1600x480
VSS,met3-met4,STRIPE,via,226238,119440,227838,119920,1600,via3_1600x480
VSS,met2-met3,STRIPE,via,226238,119440,227838,119920,1600,via2_1600x480
VSS,met1-met2,STRIPE,via,226238,119440,227838,119920,1600,via_1600x480
VSS,met3-met4,STRIPE,via,198092,119440,199692,119920,1600,via3_1600x480
VSS,met2-met3,STRIPE,via,198092,119440,199692,119920,1600,via2_1600x480
VSS,met1-met2,STRIPE,via,198092,119440,199692,119920,1600,via_1600x480
VSS,met3-met4,STRIPE,via,172471,119440,174071,119920,1600,via3_1600x480
VSS,met2-met3,STRIPE,via,172471,119440,174071,119920,1600,via2_1600x480
VSS,met1-met2,STRIPE,via,172471,119440,174071,119920,1600,via_1600x480
VSS,met3-met4,STRIPE,via,146089,119440,147689,119920,1600,via3_1600x480
VSS,met2-met3,STRIPE,via,146089,119440,147689,119920,1600,via2_1600x480
VSS,met1-met2,STRIPE,via,146089,119440,147689,119920,1600,via_1600x480
VSS,met3-met4,STRIPE,via,118533,119440,120133,119920,1600,via3_1600x480
VSS,met2-met3,STRIPE,via,118533,119440,120133,119920,1600,via2_1600x480
VSS,met1-met2,STRIPE,via,118533,119440,120133,119920,1600,via_1600x480
VSS,met3-met4,STRIPE,via,91589,119440,93189,119920,1600,via3_1600x480
VSS,met2-met3,STRIPE,via,91589,119440,93189,119920,1600,via2_1600x480
VSS,met1-met2,STRIPE,via,91589,119440,93189,119920,1600,via_1600x480
VSS,met3-met4,STRIPE,via,63092,119440,64692,119920,1600,via3_1600x480
VSS,met2-met3,STRIPE,via,63092,119440,64692,119920,1600,via2_1600x480
VSS,met1-met2,STRIPE,via,63092,119440,64692,119920,1600,via_1600x480
VSS,met3-met4,STRIPE,via,36974,119440,38574,119920,1600,via3_1600x480
VSS,met2-met3,STRIPE,via,36974,119440,38574,119920,1600,via2_1600x480
VSS,met1-met2,STRIPE,via,36974,119440,38574,119920,1600,via_1600x480
VSS,met3-met4,STRIPE,via,253958,114000,255558,114480,1600,via3_1600x480
VSS,met2-met3,STRIPE,via,253958,114000,255558,114480,1600,via2_1600x480
VSS,met1-met2,STRIPE,via,253958,114000,255558,114480,1600,via_1600x480
VSS,met3-met4,STRIPE,via,226238,114000,227838,114480,1600,via3_1600x480
VSS,met2-met3,STRIPE,via,226238,114000,227838,114480,1600,via2_1600x480
VSS,met1-met2,STRIPE,via,226238,114000,227838,114480,1600,via_1600x480
VSS,met3-met4,STRIPE,via,198092,114000,199692,114480,1600,via3_1600x480
VSS,met2-met3,STRIPE,via,198092,114000,199692,114480,1600,via2_1600x480
VSS,met1-met2,STRIPE,via,198092,114000,199692,114480,1600,via_1600x480
VSS,met3-met4,STRIPE,via,172471,114000,174071,114480,1600,via3_1600x480
VSS,met2-met3,STRIPE,via,172471,114000,174071,114480,1600,via2_1600x480
VSS,met1-met2,STRIPE,via,172471,114000,174071,114480,1600,via_1600x480
VSS,met3-met4,STRIPE,via,146089,114000,147689,114480,1600,via3_1600x480
VSS,met2-met3,STRIPE,via,146089,114000,147689,114480,1600,via2_1600x480
VSS,met1-met2,STRIPE,via,146089,114000,147689,114480,1600,via_1600x480
VSS,met3-met4,STRIPE,via,118533,114000,120133,114480,1600,via3_1600x480
VSS,met2-met3,STRIPE,via,118533,114000,120133,114480,1600,via2_1600x480
VSS,met1-met2,STRIPE,via,118533,114000,120133,114480,1600,via_1600x480
VSS,met3-met4,STRIPE,via,91589,114000,93189,114480,1600,via3_1600x480
VSS,met2-met3,STRIPE,via,91589,114000,93189,114480,1600,via2_1600x480
VSS,met1-met2,STRIPE,via,91589,114000,93189,114480,1600,via_1600x480
VSS,met3-met4,STRIPE,via,63092,114000,64692,114480,1600,via3_1600x480
VSS,met2-met3,STRIPE,via,63092,114000,64692,114480,1600,via2_1600x480
VSS,met1-met2,STRIPE,via,63092,114000,64692,114480,1600,via_1600x480
VSS,met3-met4,STRIPE,via,36974,114000,38574,114480,1600,via3_1600x480
VSS,met2-met3,STRIPE,via,36974,114000,38574,114480,1600,via2_1600x480
VSS,met1-met2,STRIPE,via,36974,114000,38574,114480,1600,via_1600x480
VSS,met3-met4,STRIPE,via,253958,108560,255558,109040,1600,via3_1600x480
VSS,met2-met3,STRIPE,via,253958,108560,255558,109040,1600,via2_1600x480
VSS,met1-met2,STRIPE,via,253958,108560,255558,109040,1600,via_1600x480
VSS,met3-met4,STRIPE,via,226238,108560,227838,109040,1600,via3_1600x480
VSS,met2-met3,STRIPE,via,226238,108560,227838,109040,1600,via2_1600x480
VSS,met1-met2,STRIPE,via,226238,108560,227838,109040,1600,via_1600x480
VSS,met3-met4,STRIPE,via,198092,108560,199692,109040,1600,via3_1600x480
VSS,met2-met3,STRIPE,via,198092,108560,199692,109040,1600,via2_1600x480
VSS,met1-met2,STRIPE,via,198092,108560,199692,109040,1600,via_1600x480
VSS,met3-met4,STRIPE,via,172471,108560,174071,109040,1600,via3_1600x480
VSS,met2-met3,STRIPE,via,172471,108560,174071,109040,1600,via2_1600x480
VSS,met1-met2,STRIPE,via,172471,108560,174071,109040,1600,via_1600x480
VSS,met3-met4,STRIPE,via,146089,108560,147689,109040,1600,via3_1600x480
VSS,met2-met3,STRIPE,via,146089,108560,147689,109040,1600,via2_1600x480
VSS,met1-met2,STRIPE,via,146089,108560,147689,109040,1600,via_1600x480
VSS,met3-met4,STRIPE,via,118533,108560,120133,109040,1600,via3_1600x480
VSS,met2-met3,STRIPE,via,118533,108560,120133,109040,1600,via2_1600x480
VSS,met1-met2,STRIPE,via,118533,108560,120133,109040,1600,via_1600x480
VSS,met3-met4,STRIPE,via,91589,108560,93189,109040,1600,via3_1600x480
VSS,met2-met3,STRIPE,via,91589,108560,93189,109040,1600,via2_1600x480
VSS,met1-met2,STRIPE,via,91589,108560,93189,109040,1600,via_1600x480
VSS,met3-met4,STRIPE,via,63092,108560,64692,109040,1600,via3_1600x480
VSS,met2-met3,STRIPE,via,63092,108560,64692,109040,1600,via2_1600x480
VSS,met1-met2,STRIPE,via,63092,108560,64692,109040,1600,via_1600x480
VSS,met3-met4,STRIPE,via,36974,108560,38574,109040,1600,via3_1600x480
VSS,met2-met3,STRIPE,via,36974,108560,38574,109040,1600,via2_1600x480
VSS,met1-met2,STRIPE,via,36974,108560,38574,109040,1600,via_1600x480
VSS,met3-met4,STRIPE,via,253958,103120,255558,103600,1600,via3_1600x480
VSS,met2-met3,STRIPE,via,253958,103120,255558,103600,1600,via2_1600x480
VSS,met1-met2,STRIPE,via,253958,103120,255558,103600,1600,via_1600x480
VSS,met3-met4,STRIPE,via,226238,103120,227838,103600,1600,via3_1600x480
VSS,met2-met3,STRIPE,via,226238,103120,227838,103600,1600,via2_1600x480
VSS,met1-met2,STRIPE,via,226238,103120,227838,103600,1600,via_1600x480
VSS,met3-met4,STRIPE,via,198092,103120,199692,103600,1600,via3_1600x480
VSS,met2-met3,STRIPE,via,198092,103120,199692,103600,1600,via2_1600x480
VSS,met1-met2,STRIPE,via,198092,103120,199692,103600,1600,via_1600x480
VSS,met3-met4,STRIPE,via,172471,103120,174071,103600,1600,via3_1600x480
VSS,met2-met3,STRIPE,via,172471,103120,174071,103600,1600,via2_1600x480
VSS,met1-met2,STRIPE,via,172471,103120,174071,103600,1600,via_1600x480
VSS,met3-met4,STRIPE,via,146089,103120,147689,103600,1600,via3_1600x480
VSS,met2-met3,STRIPE,via,146089,103120,147689,103600,1600,via2_1600x480
VSS,met1-met2,STRIPE,via,146089,103120,147689,103600,1600,via_1600x480
VSS,met3-met4,STRIPE,via,118533,103120,120133,103600,1600,via3_1600x480
VSS,met2-met3,STRIPE,via,118533,103120,120133,103600,1600,via2_1600x480
VSS,met1-met2,STRIPE,via,118533,103120,120133,103600,1600,via_1600x480
VSS,met3-met4,STRIPE,via,91589,103120,93189,103600,1600,via3_1600x480
VSS,met2-met3,STRIPE,via,91589,103120,93189,103600,1600,via2_1600x480
VSS,met1-met2,STRIPE,via,91589,103120,93189,103600,1600,via_1600x480
VSS,met3-met4,STRIPE,via,63092,103120,64692,103600,1600,via3_1600x480
VSS,met2-met3,STRIPE,via,63092,103120,64692,103600,1600,via2_1600x480
VSS,met1-met2,STRIPE,via,63092,103120,64692,103600,1600,via_1600x480
VSS,met3-met4,STRIPE,via,36974,103120,38574,103600,1600,via3_1600x480
VSS,met2-met3,STRIPE,via,36974,103120,38574,103600,1600,via2_1600x480
VSS,met1-met2,STRIPE,via,36974,103120,38574,103600,1600,via_1600x480
VSS,met3-met4,STRIPE,via,253958,97680,255558,98160,1600,via3_1600x480
VSS,met2-met3,STRIPE,via,253958,97680,255558,98160,1600,via2_1600x480
VSS,met1-met2,STRIPE,via,253958,97680,255558,98160,1600,via_1600x480
VSS,met3-met4,STRIPE,via,226238,97680,227838,98160,1600,via3_1600x480
VSS,met2-met3,STRIPE,via,226238,97680,227838,98160,1600,via2_1600x480
VSS,met1-met2,STRIPE,via,226238,97680,227838,98160,1600,via_1600x480
VSS,met3-met4,STRIPE,via,198092,97680,199692,98160,1600,via3_1600x480
VSS,met2-met3,STRIPE,via,198092,97680,199692,98160,1600,via2_1600x480
VSS,met1-met2,STRIPE,via,198092,97680,199692,98160,1600,via_1600x480
VSS,met3-met4,STRIPE,via,172471,97680,174071,98160,1600,via3_1600x480
VSS,met2-met3,STRIPE,via,172471,97680,174071,98160,1600,via2_1600x480
VSS,met1-met2,STRIPE,via,172471,97680,174071,98160,1600,via_1600x480
VSS,met3-met4,STRIPE,via,146089,97680,147689,98160,1600,via3_1600x480
VSS,met2-met3,STRIPE,via,146089,97680,147689,98160,1600,via2_1600x480
VSS,met1-met2,STRIPE,via,146089,97680,147689,98160,1600,via_1600x480
VSS,met3-met4,STRIPE,via,118533,97680,120133,98160,1600,via3_1600x480
VSS,met2-met3,STRIPE,via,118533,97680,120133,98160,1600,via2_1600x480
VSS,met1-met2,STRIPE,via,118533,97680,120133,98160,1600,via_1600x480
VSS,met3-met4,STRIPE,via,91589,97680,93189,98160,1600,via3_1600x480
VSS,met2-met3,STRIPE,via,91589,97680,93189,98160,1600,via2_1600x480
VSS,met1-met2,STRIPE,via,91589,97680,93189,98160,1600,via_1600x480
VSS,met3-met4,STRIPE,via,63092,97680,64692,98160,1600,via3_1600x480
VSS,met2-met3,STRIPE,via,63092,97680,64692,98160,1600,via2_1600x480
VSS,met1-met2,STRIPE,via,63092,97680,64692,98160,1600,via_1600x480
VSS,met3-met4,STRIPE,via,36974,97680,38574,98160,1600,via3_1600x480
VSS,met2-met3,STRIPE,via,36974,97680,38574,98160,1600,via2_1600x480
VSS,met1-met2,STRIPE,via,36974,97680,38574,98160,1600,via_1600x480
VSS,met3-met4,STRIPE,via,253958,92240,255558,92720,1600,via3_1600x480
VSS,met2-met3,STRIPE,via,253958,92240,255558,92720,1600,via2_1600x480
VSS,met1-met2,STRIPE,via,253958,92240,255558,92720,1600,via_1600x480
VSS,met3-met4,STRIPE,via,226238,92240,227838,92720,1600,via3_1600x480
VSS,met2-met3,STRIPE,via,226238,92240,227838,92720,1600,via2_1600x480
VSS,met1-met2,STRIPE,via,226238,92240,227838,92720,1600,via_1600x480
VSS,met3-met4,STRIPE,via,198092,92240,199692,92720,1600,via3_1600x480
VSS,met2-met3,STRIPE,via,198092,92240,199692,92720,1600,via2_1600x480
VSS,met1-met2,STRIPE,via,198092,92240,199692,92720,1600,via_1600x480
VSS,met3-met4,STRIPE,via,172471,92240,174071,92720,1600,via3_1600x480
VSS,met2-met3,STRIPE,via,172471,92240,174071,92720,1600,via2_1600x480
VSS,met1-met2,STRIPE,via,172471,92240,174071,92720,1600,via_1600x480
VSS,met3-met4,STRIPE,via,146089,92240,147689,92720,1600,via3_1600x480
VSS,met2-met3,STRIPE,via,146089,92240,147689,92720,1600,via2_1600x480
VSS,met1-met2,STRIPE,via,146089,92240,147689,92720,1600,via_1600x480
VSS,met3-met4,STRIPE,via,118533,92240,120133,92720,1600,via3_1600x480
VSS,met2-met3,STRIPE,via,118533,92240,120133,92720,1600,via2_1600x480
VSS,met1-met2,STRIPE,via,118533,92240,120133,92720,1600,via_1600x480
VSS,met3-met4,STRIPE,via,91589,92240,93189,92720,1600,via3_1600x480
VSS,met2-met3,STRIPE,via,91589,92240,93189,92720,1600,via2_1600x480
VSS,met1-met2,STRIPE,via,91589,92240,93189,92720,1600,via_1600x480
VSS,met3-met4,STRIPE,via,63092,92240,64692,92720,1600,via3_1600x480
VSS,met2-met3,STRIPE,via,63092,92240,64692,92720,1600,via2_1600x480
VSS,met1-met2,STRIPE,via,63092,92240,64692,92720,1600,via_1600x480
VSS,met3-met4,STRIPE,via,36974,92240,38574,92720,1600,via3_1600x480
VSS,met2-met3,STRIPE,via,36974,92240,38574,92720,1600,via2_1600x480
VSS,met1-met2,STRIPE,via,36974,92240,38574,92720,1600,via_1600x480
VSS,met3-met4,STRIPE,via,253958,86800,255558,87280,1600,via3_1600x480
VSS,met2-met3,STRIPE,via,253958,86800,255558,87280,1600,via2_1600x480
VSS,met1-met2,STRIPE,via,253958,86800,255558,87280,1600,via_1600x480
VSS,met3-met4,STRIPE,via,226238,86800,227838,87280,1600,via3_1600x480
VSS,met2-met3,STRIPE,via,226238,86800,227838,87280,1600,via2_1600x480
VSS,met1-met2,STRIPE,via,226238,86800,227838,87280,1600,via_1600x480
VSS,met3-met4,STRIPE,via,198092,86800,199692,87280,1600,via3_1600x480
VSS,met2-met3,STRIPE,via,198092,86800,199692,87280,1600,via2_1600x480
VSS,met1-met2,STRIPE,via,198092,86800,199692,87280,1600,via_1600x480
VSS,met3-met4,STRIPE,via,172471,86800,174071,87280,1600,via3_1600x480
VSS,met2-met3,STRIPE,via,172471,86800,174071,87280,1600,via2_1600x480
VSS,met1-met2,STRIPE,via,172471,86800,174071,87280,1600,via_1600x480
VSS,met3-met4,STRIPE,via,146089,86800,147689,87280,1600,via3_1600x480
VSS,met2-met3,STRIPE,via,146089,86800,147689,87280,1600,via2_1600x480
VSS,met1-met2,STRIPE,via,146089,86800,147689,87280,1600,via_1600x480
VSS,met3-met4,STRIPE,via,118533,86800,120133,87280,1600,via3_1600x480
VSS,met2-met3,STRIPE,via,118533,86800,120133,87280,1600,via2_1600x480
VSS,met1-met2,STRIPE,via,118533,86800,120133,87280,1600,via_1600x480
VSS,met3-met4,STRIPE,via,91589,86800,93189,87280,1600,via3_1600x480
VSS,met2-met3,STRIPE,via,91589,86800,93189,87280,1600,via2_1600x480
VSS,met1-met2,STRIPE,via,91589,86800,93189,87280,1600,via_1600x480
VSS,met3-met4,STRIPE,via,63092,86800,64692,87280,1600,via3_1600x480
VSS,met2-met3,STRIPE,via,63092,86800,64692,87280,1600,via2_1600x480
VSS,met1-met2,STRIPE,via,63092,86800,64692,87280,1600,via_1600x480
VSS,met3-met4,STRIPE,via,36974,86800,38574,87280,1600,via3_1600x480
VSS,met2-met3,STRIPE,via,36974,86800,38574,87280,1600,via2_1600x480
VSS,met1-met2,STRIPE,via,36974,86800,38574,87280,1600,via_1600x480
VSS,met3-met4,STRIPE,via,253958,81360,255558,81840,1600,via3_1600x480
VSS,met2-met3,STRIPE,via,253958,81360,255558,81840,1600,via2_1600x480
VSS,met1-met2,STRIPE,via,253958,81360,255558,81840,1600,via_1600x480
VSS,met3-met4,STRIPE,via,226238,81360,227838,81840,1600,via3_1600x480
VSS,met2-met3,STRIPE,via,226238,81360,227838,81840,1600,via2_1600x480
VSS,met1-met2,STRIPE,via,226238,81360,227838,81840,1600,via_1600x480
VSS,met3-met4,STRIPE,via,198092,81360,199692,81840,1600,via3_1600x480
VSS,met2-met3,STRIPE,via,198092,81360,199692,81840,1600,via2_1600x480
VSS,met1-met2,STRIPE,via,198092,81360,199692,81840,1600,via_1600x480
VSS,met3-met4,STRIPE,via,172471,81360,174071,81840,1600,via3_1600x480
VSS,met2-met3,STRIPE,via,172471,81360,174071,81840,1600,via2_1600x480
VSS,met1-met2,STRIPE,via,172471,81360,174071,81840,1600,via_1600x480
VSS,met3-met4,STRIPE,via,146089,81360,147689,81840,1600,via3_1600x480
VSS,met2-met3,STRIPE,via,146089,81360,147689,81840,1600,via2_1600x480
VSS,met1-met2,STRIPE,via,146089,81360,147689,81840,1600,via_1600x480
VSS,met3-met4,STRIPE,via,118533,81360,120133,81840,1600,via3_1600x480
VSS,met2-met3,STRIPE,via,118533,81360,120133,81840,1600,via2_1600x480
VSS,met1-met2,STRIPE,via,118533,81360,120133,81840,1600,via_1600x480
VSS,met3-met4,STRIPE,via,91589,81360,93189,81840,1600,via3_1600x480
VSS,met2-met3,STRIPE,via,91589,81360,93189,81840,1600,via2_1600x480
VSS,met1-met2,STRIPE,via,91589,81360,93189,81840,1600,via_1600x480
VSS,met3-met4,STRIPE,via,63092,81360,64692,81840,1600,via3_1600x480
VSS,met2-met3,STRIPE,via,63092,81360,64692,81840,1600,via2_1600x480
VSS,met1-met2,STRIPE,via,63092,81360,64692,81840,1600,via_1600x480
VSS,met3-met4,STRIPE,via,36974,81360,38574,81840,1600,via3_1600x480
VSS,met2-met3,STRIPE,via,36974,81360,38574,81840,1600,via2_1600x480
VSS,met1-met2,STRIPE,via,36974,81360,38574,81840,1600,via_1600x480
VSS,met3-met4,STRIPE,via,253958,75920,255558,76400,1600,via3_1600x480
VSS,met2-met3,STRIPE,via,253958,75920,255558,76400,1600,via2_1600x480
VSS,met1-met2,STRIPE,via,253958,75920,255558,76400,1600,via_1600x480
VSS,met3-met4,STRIPE,via,226238,75920,227838,76400,1600,via3_1600x480
VSS,met2-met3,STRIPE,via,226238,75920,227838,76400,1600,via2_1600x480
VSS,met1-met2,STRIPE,via,226238,75920,227838,76400,1600,via_1600x480
VSS,met3-met4,STRIPE,via,198092,75920,199692,76400,1600,via3_1600x480
VSS,met2-met3,STRIPE,via,198092,75920,199692,76400,1600,via2_1600x480
VSS,met1-met2,STRIPE,via,198092,75920,199692,76400,1600,via_1600x480
VSS,met3-met4,STRIPE,via,172471,75920,174071,76400,1600,via3_1600x480
VSS,met2-met3,STRIPE,via,172471,75920,174071,76400,1600,via2_1600x480
VSS,met1-met2,STRIPE,via,172471,75920,174071,76400,1600,via_1600x480
VSS,met3-met4,STRIPE,via,146089,75920,147689,76400,1600,via3_1600x480
VSS,met2-met3,STRIPE,via,146089,75920,147689,76400,1600,via2_1600x480
VSS,met1-met2,STRIPE,via,146089,75920,147689,76400,1600,via_1600x480
VSS,met3-met4,STRIPE,via,118533,75920,120133,76400,1600,via3_1600x480
VSS,met2-met3,STRIPE,via,118533,75920,120133,76400,1600,via2_1600x480
VSS,met1-met2,STRIPE,via,118533,75920,120133,76400,1600,via_1600x480
VSS,met3-met4,STRIPE,via,91589,75920,93189,76400,1600,via3_1600x480
VSS,met2-met3,STRIPE,via,91589,75920,93189,76400,1600,via2_1600x480
VSS,met1-met2,STRIPE,via,91589,75920,93189,76400,1600,via_1600x480
VSS,met3-met4,STRIPE,via,63092,75920,64692,76400,1600,via3_1600x480
VSS,met2-met3,STRIPE,via,63092,75920,64692,76400,1600,via2_1600x480
VSS,met1-met2,STRIPE,via,63092,75920,64692,76400,1600,via_1600x480
VSS,met3-met4,STRIPE,via,36974,75920,38574,76400,1600,via3_1600x480
VSS,met2-met3,STRIPE,via,36974,75920,38574,76400,1600,via2_1600x480
VSS,met1-met2,STRIPE,via,36974,75920,38574,76400,1600,via_1600x480
VSS,met3-met4,STRIPE,via,253958,70480,255558,70960,1600,via3_1600x480
VSS,met2-met3,STRIPE,via,253958,70480,255558,70960,1600,via2_1600x480
VSS,met1-met2,STRIPE,via,253958,70480,255558,70960,1600,via_1600x480
VSS,met3-met4,STRIPE,via,226238,70480,227838,70960,1600,via3_1600x480
VSS,met2-met3,STRIPE,via,226238,70480,227838,70960,1600,via2_1600x480
VSS,met1-met2,STRIPE,via,226238,70480,227838,70960,1600,via_1600x480
VSS,met3-met4,STRIPE,via,198092,70480,199692,70960,1600,via3_1600x480
VSS,met2-met3,STRIPE,via,198092,70480,199692,70960,1600,via2_1600x480
VSS,met1-met2,STRIPE,via,198092,70480,199692,70960,1600,via_1600x480
VSS,met3-met4,STRIPE,via,172471,70480,174071,70960,1600,via3_1600x480
VSS,met2-met3,STRIPE,via,172471,70480,174071,70960,1600,via2_1600x480
VSS,met1-met2,STRIPE,via,172471,70480,174071,70960,1600,via_1600x480
VSS,met3-met4,STRIPE,via,146089,70480,147689,70960,1600,via3_1600x480
VSS,met2-met3,STRIPE,via,146089,70480,147689,70960,1600,via2_1600x480
VSS,met1-met2,STRIPE,via,146089,70480,147689,70960,1600,via_1600x480
VSS,met3-met4,STRIPE,via,118533,70480,120133,70960,1600,via3_1600x480
VSS,met2-met3,STRIPE,via,118533,70480,120133,70960,1600,via2_1600x480
VSS,met1-met2,STRIPE,via,118533,70480,120133,70960,1600,via_1600x480
VSS,met3-met4,STRIPE,via,91589,70480,93189,70960,1600,via3_1600x480
VSS,met2-met3,STRIPE,via,91589,70480,93189,70960,1600,via2_1600x480
VSS,met1-met2,STRIPE,via,91589,70480,93189,70960,1600,via_1600x480
VSS,met3-met4,STRIPE,via,63092,70480,64692,70960,1600,via3_1600x480
VSS,met2-met3,STRIPE,via,63092,70480,64692,70960,1600,via2_1600x480
VSS,met1-met2,STRIPE,via,63092,70480,64692,70960,1600,via_1600x480
VSS,met3-met4,STRIPE,via,36974,70480,38574,70960,1600,via3_1600x480
VSS,met2-met3,STRIPE,via,36974,70480,38574,70960,1600,via2_1600x480
VSS,met1-met2,STRIPE,via,36974,70480,38574,70960,1600,via_1600x480
VSS,met3-met4,STRIPE,via,253958,65040,255558,65520,1600,via3_1600x480
VSS,met2-met3,STRIPE,via,253958,65040,255558,65520,1600,via2_1600x480
VSS,met1-met2,STRIPE,via,253958,65040,255558,65520,1600,via_1600x480
VSS,met3-met4,STRIPE,via,226238,65040,227838,65520,1600,via3_1600x480
VSS,met2-met3,STRIPE,via,226238,65040,227838,65520,1600,via2_1600x480
VSS,met1-met2,STRIPE,via,226238,65040,227838,65520,1600,via_1600x480
VSS,met3-met4,STRIPE,via,198092,65040,199692,65520,1600,via3_1600x480
VSS,met2-met3,STRIPE,via,198092,65040,199692,65520,1600,via2_1600x480
VSS,met1-met2,STRIPE,via,198092,65040,199692,65520,1600,via_1600x480
VSS,met3-met4,STRIPE,via,172471,65040,174071,65520,1600,via3_1600x480
VSS,met2-met3,STRIPE,via,172471,65040,174071,65520,1600,via2_1600x480
VSS,met1-met2,STRIPE,via,172471,65040,174071,65520,1600,via_1600x480
VSS,met3-met4,STRIPE,via,146089,65040,147689,65520,1600,via3_1600x480
VSS,met2-met3,STRIPE,via,146089,65040,147689,65520,1600,via2_1600x480
VSS,met1-met2,STRIPE,via,146089,65040,147689,65520,1600,via_1600x480
VSS,met3-met4,STRIPE,via,118533,65040,120133,65520,1600,via3_1600x480
VSS,met2-met3,STRIPE,via,118533,65040,120133,65520,1600,via2_1600x480
VSS,met1-met2,STRIPE,via,118533,65040,120133,65520,1600,via_1600x480
VSS,met3-met4,STRIPE,via,91589,65040,93189,65520,1600,via3_1600x480
VSS,met2-met3,STRIPE,via,91589,65040,93189,65520,1600,via2_1600x480
VSS,met1-met2,STRIPE,via,91589,65040,93189,65520,1600,via_1600x480
VSS,met3-met4,STRIPE,via,63092,65040,64692,65520,1600,via3_1600x480
VSS,met2-met3,STRIPE,via,63092,65040,64692,65520,1600,via2_1600x480
VSS,met1-met2,STRIPE,via,63092,65040,64692,65520,1600,via_1600x480
VSS,met3-met4,STRIPE,via,36974,65040,38574,65520,1600,via3_1600x480
VSS,met2-met3,STRIPE,via,36974,65040,38574,65520,1600,via2_1600x480
VSS,met1-met2,STRIPE,via,36974,65040,38574,65520,1600,via_1600x480
VSS,met3-met4,STRIPE,via,253958,59600,255558,60080,1600,via3_1600x480
VSS,met2-met3,STRIPE,via,253958,59600,255558,60080,1600,via2_1600x480
VSS,met1-met2,STRIPE,via,253958,59600,255558,60080,1600,via_1600x480
VSS,met3-met4,STRIPE,via,226238,59600,227838,60080,1600,via3_1600x480
VSS,met2-met3,STRIPE,via,226238,59600,227838,60080,1600,via2_1600x480
VSS,met1-met2,STRIPE,via,226238,59600,227838,60080,1600,via_1600x480
VSS,met3-met4,STRIPE,via,198092,59600,199692,60080,1600,via3_1600x480
VSS,met2-met3,STRIPE,via,198092,59600,199692,60080,1600,via2_1600x480
VSS,met1-met2,STRIPE,via,198092,59600,199692,60080,1600,via_1600x480
VSS,met3-met4,STRIPE,via,172471,59600,174071,60080,1600,via3_1600x480
VSS,met2-met3,STRIPE,via,172471,59600,174071,60080,1600,via2_1600x480
VSS,met1-met2,STRIPE,via,172471,59600,174071,60080,1600,via_1600x480
VSS,met3-met4,STRIPE,via,146089,59600,147689,60080,1600,via3_1600x480
VSS,met2-met3,STRIPE,via,146089,59600,147689,60080,1600,via2_1600x480
VSS,met1-met2,STRIPE,via,146089,59600,147689,60080,1600,via_1600x480
VSS,met3-met4,STRIPE,via,118533,59600,120133,60080,1600,via3_1600x480
VSS,met2-met3,STRIPE,via,118533,59600,120133,60080,1600,via2_1600x480
VSS,met1-met2,STRIPE,via,118533,59600,120133,60080,1600,via_1600x480
VSS,met3-met4,STRIPE,via,91589,59600,93189,60080,1600,via3_1600x480
VSS,met2-met3,STRIPE,via,91589,59600,93189,60080,1600,via2_1600x480
VSS,met1-met2,STRIPE,via,91589,59600,93189,60080,1600,via_1600x480
VSS,met3-met4,STRIPE,via,63092,59600,64692,60080,1600,via3_1600x480
VSS,met2-met3,STRIPE,via,63092,59600,64692,60080,1600,via2_1600x480
VSS,met1-met2,STRIPE,via,63092,59600,64692,60080,1600,via_1600x480
VSS,met3-met4,STRIPE,via,36974,59600,38574,60080,1600,via3_1600x480
VSS,met2-met3,STRIPE,via,36974,59600,38574,60080,1600,via2_1600x480
VSS,met1-met2,STRIPE,via,36974,59600,38574,60080,1600,via_1600x480
VSS,met3-met4,STRIPE,via,253958,54160,255558,54640,1600,via3_1600x480
VSS,met2-met3,STRIPE,via,253958,54160,255558,54640,1600,via2_1600x480
VSS,met1-met2,STRIPE,via,253958,54160,255558,54640,1600,via_1600x480
VSS,met3-met4,STRIPE,via,226238,54160,227838,54640,1600,via3_1600x480
VSS,met2-met3,STRIPE,via,226238,54160,227838,54640,1600,via2_1600x480
VSS,met1-met2,STRIPE,via,226238,54160,227838,54640,1600,via_1600x480
VSS,met3-met4,STRIPE,via,198092,54160,199692,54640,1600,via3_1600x480
VSS,met2-met3,STRIPE,via,198092,54160,199692,54640,1600,via2_1600x480
VSS,met1-met2,STRIPE,via,198092,54160,199692,54640,1600,via_1600x480
VSS,met3-met4,STRIPE,via,172471,54160,174071,54640,1600,via3_1600x480
VSS,met2-met3,STRIPE,via,172471,54160,174071,54640,1600,via2_1600x480
VSS,met1-met2,STRIPE,via,172471,54160,174071,54640,1600,via_1600x480
VSS,met3-met4,STRIPE,via,146089,54160,147689,54640,1600,via3_1600x480
VSS,met2-met3,STRIPE,via,146089,54160,147689,54640,1600,via2_1600x480
VSS,met1-met2,STRIPE,via,146089,54160,147689,54640,1600,via_1600x480
VSS,met3-met4,STRIPE,via,118533,54160,120133,54640,1600,via3_1600x480
VSS,met2-met3,STRIPE,via,118533,54160,120133,54640,1600,via2_1600x480
VSS,met1-met2,STRIPE,via,118533,54160,120133,54640,1600,via_1600x480
VSS,met3-met4,STRIPE,via,91589,54160,93189,54640,1600,via3_1600x480
VSS,met2-met3,STRIPE,via,91589,54160,93189,54640,1600,via2_1600x480
VSS,met1-met2,STRIPE,via,91589,54160,93189,54640,1600,via_1600x480
VSS,met3-met4,STRIPE,via,63092,54160,64692,54640,1600,via3_1600x480
VSS,met2-met3,STRIPE,via,63092,54160,64692,54640,1600,via2_1600x480
VSS,met1-met2,STRIPE,via,63092,54160,64692,54640,1600,via_1600x480
VSS,met3-met4,STRIPE,via,36974,54160,38574,54640,1600,via3_1600x480
VSS,met2-met3,STRIPE,via,36974,54160,38574,54640,1600,via2_1600x480
VSS,met1-met2,STRIPE,via,36974,54160,38574,54640,1600,via_1600x480
VSS,met3-met4,STRIPE,via,253958,48720,255558,49200,1600,via3_1600x480
VSS,met2-met3,STRIPE,via,253958,48720,255558,49200,1600,via2_1600x480
VSS,met1-met2,STRIPE,via,253958,48720,255558,49200,1600,via_1600x480
VSS,met3-met4,STRIPE,via,226238,48720,227838,49200,1600,via3_1600x480
VSS,met2-met3,STRIPE,via,226238,48720,227838,49200,1600,via2_1600x480
VSS,met1-met2,STRIPE,via,226238,48720,227838,49200,1600,via_1600x480
VSS,met3-met4,STRIPE,via,198092,48720,199692,49200,1600,via3_1600x480
VSS,met2-met3,STRIPE,via,198092,48720,199692,49200,1600,via2_1600x480
VSS,met1-met2,STRIPE,via,198092,48720,199692,49200,1600,via_1600x480
VSS,met3-met4,STRIPE,via,172471,48720,174071,49200,1600,via3_1600x480
VSS,met2-met3,STRIPE,via,172471,48720,174071,49200,1600,via2_1600x480
VSS,met1-met2,STRIPE,via,172471,48720,174071,49200,1600,via_1600x480
VSS,met3-met4,STRIPE,via,146089,48720,147689,49200,1600,via3_1600x480
VSS,met2-met3,STRIPE,via,146089,48720,147689,49200,1600,via2_1600x480
VSS,met1-met2,STRIPE,via,146089,48720,147689,49200,1600,via_1600x480
VSS,met3-met4,STRIPE,via,118533,48720,120133,49200,1600,via3_1600x480
VSS,met2-met3,STRIPE,via,118533,48720,120133,49200,1600,via2_1600x480
VSS,met1-met2,STRIPE,via,118533,48720,120133,49200,1600,via_1600x480
VSS,met3-met4,STRIPE,via,91589,48720,93189,49200,1600,via3_1600x480
VSS,met2-met3,STRIPE,via,91589,48720,93189,49200,1600,via2_1600x480
VSS,met1-met2,STRIPE,via,91589,48720,93189,49200,1600,via_1600x480
VSS,met3-met4,STRIPE,via,63092,48720,64692,49200,1600,via3_1600x480
VSS,met2-met3,STRIPE,via,63092,48720,64692,49200,1600,via2_1600x480
VSS,met1-met2,STRIPE,via,63092,48720,64692,49200,1600,via_1600x480
VSS,met3-met4,STRIPE,via,36974,48720,38574,49200,1600,via3_1600x480
VSS,met2-met3,STRIPE,via,36974,48720,38574,49200,1600,via2_1600x480
VSS,met1-met2,STRIPE,via,36974,48720,38574,49200,1600,via_1600x480
VSS,met3-met4,STRIPE,via,253958,43280,255558,43760,1600,via3_1600x480
VSS,met2-met3,STRIPE,via,253958,43280,255558,43760,1600,via2_1600x480
VSS,met1-met2,STRIPE,via,253958,43280,255558,43760,1600,via_1600x480
VSS,met3-met4,STRIPE,via,226238,43280,227838,43760,1600,via3_1600x480
VSS,met2-met3,STRIPE,via,226238,43280,227838,43760,1600,via2_1600x480
VSS,met1-met2,STRIPE,via,226238,43280,227838,43760,1600,via_1600x480
VSS,met3-met4,STRIPE,via,198092,43280,199692,43760,1600,via3_1600x480
VSS,met2-met3,STRIPE,via,198092,43280,199692,43760,1600,via2_1600x480
VSS,met1-met2,STRIPE,via,198092,43280,199692,43760,1600,via_1600x480
VSS,met3-met4,STRIPE,via,172471,43280,174071,43760,1600,via3_1600x480
VSS,met2-met3,STRIPE,via,172471,43280,174071,43760,1600,via2_1600x480
VSS,met1-met2,STRIPE,via,172471,43280,174071,43760,1600,via_1600x480
VSS,met3-met4,STRIPE,via,146089,43280,147689,43760,1600,via3_1600x480
VSS,met2-met3,STRIPE,via,146089,43280,147689,43760,1600,via2_1600x480
VSS,met1-met2,STRIPE,via,146089,43280,147689,43760,1600,via_1600x480
VSS,met3-met4,STRIPE,via,118533,43280,120133,43760,1600,via3_1600x480
VSS,met2-met3,STRIPE,via,118533,43280,120133,43760,1600,via2_1600x480
VSS,met1-met2,STRIPE,via,118533,43280,120133,43760,1600,via_1600x480
VSS,met3-met4,STRIPE,via,91589,43280,93189,43760,1600,via3_1600x480
VSS,met2-met3,STRIPE,via,91589,43280,93189,43760,1600,via2_1600x480
VSS,met1-met2,STRIPE,via,91589,43280,93189,43760,1600,via_1600x480
VSS,met3-met4,STRIPE,via,63092,43280,64692,43760,1600,via3_1600x480
VSS,met2-met3,STRIPE,via,63092,43280,64692,43760,1600,via2_1600x480
VSS,met1-met2,STRIPE,via,63092,43280,64692,43760,1600,via_1600x480
VSS,met3-met4,STRIPE,via,36974,43280,38574,43760,1600,via3_1600x480
VSS,met2-met3,STRIPE,via,36974,43280,38574,43760,1600,via2_1600x480
VSS,met1-met2,STRIPE,via,36974,43280,38574,43760,1600,via_1600x480
VSS,met3-met4,STRIPE,via,253958,37840,255558,38320,1600,via3_1600x480
VSS,met2-met3,STRIPE,via,253958,37840,255558,38320,1600,via2_1600x480
VSS,met1-met2,STRIPE,via,253958,37840,255558,38320,1600,via_1600x480
VSS,met3-met4,STRIPE,via,226238,37840,227838,38320,1600,via3_1600x480
VSS,met2-met3,STRIPE,via,226238,37840,227838,38320,1600,via2_1600x480
VSS,met1-met2,STRIPE,via,226238,37840,227838,38320,1600,via_1600x480
VSS,met3-met4,STRIPE,via,198092,37840,199692,38320,1600,via3_1600x480
VSS,met2-met3,STRIPE,via,198092,37840,199692,38320,1600,via2_1600x480
VSS,met1-met2,STRIPE,via,198092,37840,199692,38320,1600,via_1600x480
VSS,met3-met4,STRIPE,via,172471,37840,174071,38320,1600,via3_1600x480
VSS,met2-met3,STRIPE,via,172471,37840,174071,38320,1600,via2_1600x480
VSS,met1-met2,STRIPE,via,172471,37840,174071,38320,1600,via_1600x480
VSS,met3-met4,STRIPE,via,146089,37840,147689,38320,1600,via3_1600x480
VSS,met2-met3,STRIPE,via,146089,37840,147689,38320,1600,via2_1600x480
VSS,met1-met2,STRIPE,via,146089,37840,147689,38320,1600,via_1600x480
VSS,met3-met4,STRIPE,via,118533,37840,120133,38320,1600,via3_1600x480
VSS,met2-met3,STRIPE,via,118533,37840,120133,38320,1600,via2_1600x480
VSS,met1-met2,STRIPE,via,118533,37840,120133,38320,1600,via_1600x480
VSS,met3-met4,STRIPE,via,91589,37840,93189,38320,1600,via3_1600x480
VSS,met2-met3,STRIPE,via,91589,37840,93189,38320,1600,via2_1600x480
VSS,met1-met2,STRIPE,via,91589,37840,93189,38320,1600,via_1600x480
VSS,met3-met4,STRIPE,via,63092,37840,64692,38320,1600,via3_1600x480
VSS,met2-met3,STRIPE,via,63092,37840,64692,38320,1600,via2_1600x480
VSS,met1-met2,STRIPE,via,63092,37840,64692,38320,1600,via_1600x480
VSS,met3-met4,STRIPE,via,36974,37840,38574,38320,1600,via3_1600x480
VSS,met2-met3,STRIPE,via,36974,37840,38574,38320,1600,via2_1600x480
VSS,met1-met2,STRIPE,via,36974,37840,38574,38320,1600,via_1600x480
VSS,met3-met4,STRIPE,via,253958,32400,255558,32880,1600,via3_1600x480
VSS,met2-met3,STRIPE,via,253958,32400,255558,32880,1600,via2_1600x480
VSS,met1-met2,STRIPE,via,253958,32400,255558,32880,1600,via_1600x480
VSS,met3-met4,STRIPE,via,226238,32400,227838,32880,1600,via3_1600x480
VSS,met2-met3,STRIPE,via,226238,32400,227838,32880,1600,via2_1600x480
VSS,met1-met2,STRIPE,via,226238,32400,227838,32880,1600,via_1600x480
VSS,met3-met4,STRIPE,via,198092,32400,199692,32880,1600,via3_1600x480
VSS,met2-met3,STRIPE,via,198092,32400,199692,32880,1600,via2_1600x480
VSS,met1-met2,STRIPE,via,198092,32400,199692,32880,1600,via_1600x480
VSS,met3-met4,STRIPE,via,172471,32400,174071,32880,1600,via3_1600x480
VSS,met2-met3,STRIPE,via,172471,32400,174071,32880,1600,via2_1600x480
VSS,met1-met2,STRIPE,via,172471,32400,174071,32880,1600,via_1600x480
VSS,met3-met4,STRIPE,via,146089,32400,147689,32880,1600,via3_1600x480
VSS,met2-met3,STRIPE,via,146089,32400,147689,32880,1600,via2_1600x480
VSS,met1-met2,STRIPE,via,146089,32400,147689,32880,1600,via_1600x480
VSS,met3-met4,STRIPE,via,118533,32400,120133,32880,1600,via3_1600x480
VSS,met2-met3,STRIPE,via,118533,32400,120133,32880,1600,via2_1600x480
VSS,met1-met2,STRIPE,via,118533,32400,120133,32880,1600,via_1600x480
VSS,met3-met4,STRIPE,via,91589,32400,93189,32880,1600,via3_1600x480
VSS,met2-met3,STRIPE,via,91589,32400,93189,32880,1600,via2_1600x480
VSS,met1-met2,STRIPE,via,91589,32400,93189,32880,1600,via_1600x480
VSS,met3-met4,STRIPE,via,63092,32400,64692,32880,1600,via3_1600x480
VSS,met2-met3,STRIPE,via,63092,32400,64692,32880,1600,via2_1600x480
VSS,met1-met2,STRIPE,via,63092,32400,64692,32880,1600,via_1600x480
VSS,met3-met4,STRIPE,via,36974,32400,38574,32880,1600,via3_1600x480
VSS,met2-met3,STRIPE,via,36974,32400,38574,32880,1600,via2_1600x480
VSS,met1-met2,STRIPE,via,36974,32400,38574,32880,1600,via_1600x480
VSS,met3-met4,STRIPE,via,253958,26960,255558,27440,1600,via3_1600x480
VSS,met2-met3,STRIPE,via,253958,26960,255558,27440,1600,via2_1600x480
VSS,met1-met2,STRIPE,via,253958,26960,255558,27440,1600,via_1600x480
VSS,met3-met4,STRIPE,via,226238,26960,227838,27440,1600,via3_1600x480
VSS,met2-met3,STRIPE,via,226238,26960,227838,27440,1600,via2_1600x480
VSS,met1-met2,STRIPE,via,226238,26960,227838,27440,1600,via_1600x480
VSS,met3-met4,STRIPE,via,198092,26960,199692,27440,1600,via3_1600x480
VSS,met2-met3,STRIPE,via,198092,26960,199692,27440,1600,via2_1600x480
VSS,met1-met2,STRIPE,via,198092,26960,199692,27440,1600,via_1600x480
VSS,met3-met4,STRIPE,via,172471,26960,174071,27440,1600,via3_1600x480
VSS,met2-met3,STRIPE,via,172471,26960,174071,27440,1600,via2_1600x480
VSS,met1-met2,STRIPE,via,172471,26960,174071,27440,1600,via_1600x480
VSS,met3-met4,STRIPE,via,146089,26960,147689,27440,1600,via3_1600x480
VSS,met2-met3,STRIPE,via,146089,26960,147689,27440,1600,via2_1600x480
VSS,met1-met2,STRIPE,via,146089,26960,147689,27440,1600,via_1600x480
VSS,met3-met4,STRIPE,via,118533,26960,120133,27440,1600,via3_1600x480
VSS,met2-met3,STRIPE,via,118533,26960,120133,27440,1600,via2_1600x480
VSS,met1-met2,STRIPE,via,118533,26960,120133,27440,1600,via_1600x480
VSS,met3-met4,STRIPE,via,91589,26960,93189,27440,1600,via3_1600x480
VSS,met2-met3,STRIPE,via,91589,26960,93189,27440,1600,via2_1600x480
VSS,met1-met2,STRIPE,via,91589,26960,93189,27440,1600,via_1600x480
VSS,met3-met4,STRIPE,via,63092,26960,64692,27440,1600,via3_1600x480
VSS,met2-met3,STRIPE,via,63092,26960,64692,27440,1600,via2_1600x480
VSS,met1-met2,STRIPE,via,63092,26960,64692,27440,1600,via_1600x480
VSS,met3-met4,STRIPE,via,36974,26960,38574,27440,1600,via3_1600x480
VSS,met2-met3,STRIPE,via,36974,26960,38574,27440,1600,via2_1600x480
VSS,met1-met2,STRIPE,via,36974,26960,38574,27440,1600,via_1600x480
VSS,met3-met4,STRIPE,via,253958,21520,255558,22000,1600,via3_1600x480
VSS,met2-met3,STRIPE,via,253958,21520,255558,22000,1600,via2_1600x480
VSS,met1-met2,STRIPE,via,253958,21520,255558,22000,1600,via_1600x480
VSS,met3-met4,STRIPE,via,226238,21520,227838,22000,1600,via3_1600x480
VSS,met2-met3,STRIPE,via,226238,21520,227838,22000,1600,via2_1600x480
VSS,met1-met2,STRIPE,via,226238,21520,227838,22000,1600,via_1600x480
VSS,met3-met4,STRIPE,via,198092,21520,199692,22000,1600,via3_1600x480
VSS,met2-met3,STRIPE,via,198092,21520,199692,22000,1600,via2_1600x480
VSS,met1-met2,STRIPE,via,198092,21520,199692,22000,1600,via_1600x480
VSS,met3-met4,STRIPE,via,172471,21520,174071,22000,1600,via3_1600x480
VSS,met2-met3,STRIPE,via,172471,21520,174071,22000,1600,via2_1600x480
VSS,met1-met2,STRIPE,via,172471,21520,174071,22000,1600,via_1600x480
VSS,met3-met4,STRIPE,via,146089,21520,147689,22000,1600,via3_1600x480
VSS,met2-met3,STRIPE,via,146089,21520,147689,22000,1600,via2_1600x480
VSS,met1-met2,STRIPE,via,146089,21520,147689,22000,1600,via_1600x480
VSS,met3-met4,STRIPE,via,118533,21520,120133,22000,1600,via3_1600x480
VSS,met2-met3,STRIPE,via,118533,21520,120133,22000,1600,via2_1600x480
VSS,met1-met2,STRIPE,via,118533,21520,120133,22000,1600,via_1600x480
VSS,met3-met4,STRIPE,via,91589,21520,93189,22000,1600,via3_1600x480
VSS,met2-met3,STRIPE,via,91589,21520,93189,22000,1600,via2_1600x480
VSS,met1-met2,STRIPE,via,91589,21520,93189,22000,1600,via_1600x480
VSS,met3-met4,STRIPE,via,63092,21520,64692,22000,1600,via3_1600x480
VSS,met2-met3,STRIPE,via,63092,21520,64692,22000,1600,via2_1600x480
VSS,met1-met2,STRIPE,via,63092,21520,64692,22000,1600,via_1600x480
VSS,met3-met4,STRIPE,via,36974,21520,38574,22000,1600,via3_1600x480
VSS,met2-met3,STRIPE,via,36974,21520,38574,22000,1600,via2_1600x480
VSS,met1-met2,STRIPE,via,36974,21520,38574,22000,1600,via_1600x480
VSS,met3-met4,STRIPE,via,253958,16080,255558,16560,1600,via3_1600x480
VSS,met2-met3,STRIPE,via,253958,16080,255558,16560,1600,via2_1600x480
VSS,met1-met2,STRIPE,via,253958,16080,255558,16560,1600,via_1600x480
VSS,met3-met4,STRIPE,via,226238,16080,227838,16560,1600,via3_1600x480
VSS,met2-met3,STRIPE,via,226238,16080,227838,16560,1600,via2_1600x480
VSS,met1-met2,STRIPE,via,226238,16080,227838,16560,1600,via_1600x480
VSS,met3-met4,STRIPE,via,198092,16080,199692,16560,1600,via3_1600x480
VSS,met2-met3,STRIPE,via,198092,16080,199692,16560,1600,via2_1600x480
VSS,met1-met2,STRIPE,via,198092,16080,199692,16560,1600,via_1600x480
VSS,met3-met4,STRIPE,via,172471,16080,174071,16560,1600,via3_1600x480
VSS,met2-met3,STRIPE,via,172471,16080,174071,16560,1600,via2_1600x480
VSS,met1-met2,STRIPE,via,172471,16080,174071,16560,1600,via_1600x480
VSS,met3-met4,STRIPE,via,146089,16080,147689,16560,1600,via3_1600x480
VSS,met2-met3,STRIPE,via,146089,16080,147689,16560,1600,via2_1600x480
VSS,met1-met2,STRIPE,via,146089,16080,147689,16560,1600,via_1600x480
VSS,met3-met4,STRIPE,via,118533,16080,120133,16560,1600,via3_1600x480
VSS,met2-met3,STRIPE,via,118533,16080,120133,16560,1600,via2_1600x480
VSS,met1-met2,STRIPE,via,118533,16080,120133,16560,1600,via_1600x480
VSS,met3-met4,STRIPE,via,91589,16080,93189,16560,1600,via3_1600x480
VSS,met2-met3,STRIPE,via,91589,16080,93189,16560,1600,via2_1600x480
VSS,met1-met2,STRIPE,via,91589,16080,93189,16560,1600,via_1600x480
VSS,met3-met4,STRIPE,via,63092,16080,64692,16560,1600,via3_1600x480
VSS,met2-met3,STRIPE,via,63092,16080,64692,16560,1600,via2_1600x480
VSS,met1-met2,STRIPE,via,63092,16080,64692,16560,1600,via_1600x480
VSS,met3-met4,STRIPE,via,36974,16080,38574,16560,1600,via3_1600x480
VSS,met2-met3,STRIPE,via,36974,16080,38574,16560,1600,via2_1600x480
VSS,met1-met2,STRIPE,via,36974,16080,38574,16560,1600,via_1600x480
VSS,met3-met4,STRIPE,via,253958,10640,255558,11120,1600,via3_1600x480
VSS,met2-met3,STRIPE,via,253958,10640,255558,11120,1600,via2_1600x480
VSS,met1-met2,STRIPE,via,253958,10640,255558,11120,1600,via_1600x480
VSS,met3-met4,STRIPE,via,226238,10640,227838,11120,1600,via3_1600x480
VSS,met2-met3,STRIPE,via,226238,10640,227838,11120,1600,via2_1600x480
VSS,met1-met2,STRIPE,via,226238,10640,227838,11120,1600,via_1600x480
VSS,met3-met4,STRIPE,via,198092,10640,199692,11120,1600,via3_1600x480
VSS,met2-met3,STRIPE,via,198092,10640,199692,11120,1600,via2_1600x480
VSS,met1-met2,STRIPE,via,198092,10640,199692,11120,1600,via_1600x480
VSS,met3-met4,STRIPE,via,172471,10640,174071,11120,1600,via3_1600x480
VSS,met2-met3,STRIPE,via,172471,10640,174071,11120,1600,via2_1600x480
VSS,met1-met2,STRIPE,via,172471,10640,174071,11120,1600,via_1600x480
VSS,met3-met4,STRIPE,via,146089,10640,147689,11120,1600,via3_1600x480
VSS,met2-met3,STRIPE,via,146089,10640,147689,11120,1600,via2_1600x480
VSS,met1-met2,STRIPE,via,146089,10640,147689,11120,1600,via_1600x480
VSS,met3-met4,STRIPE,via,118533,10640,120133,11120,1600,via3_1600x480
VSS,met2-met3,STRIPE,via,118533,10640,120133,11120,1600,via2_1600x480
VSS,met1-met2,STRIPE,via,118533,10640,120133,11120,1600,via_1600x480
VSS,met3-met4,STRIPE,via,91589,10640,93189,11120,1600,via3_1600x480
VSS,met2-met3,STRIPE,via,91589,10640,93189,11120,1600,via2_1600x480
VSS,met1-met2,STRIPE,via,91589,10640,93189,11120,1600,via_1600x480
VSS,met3-met4,STRIPE,via,63092,10640,64692,11120,1600,via3_1600x480
VSS,met2-met3,STRIPE,via,63092,10640,64692,11120,1600,via2_1600x480
VSS,met1-met2,STRIPE,via,63092,10640,64692,11120,1600,via_1600x480
VSS,met3-met4,STRIPE,via,36974,10640,38574,11120,1600,via3_1600x480
VSS,met2-met3,STRIPE,via,36974,10640,38574,11120,1600,via2_1600x480
VSS,met1-met2,STRIPE,via,36974,10640,38574,11120,1600,via_1600x480
VSS,met5,STRIPE,wire,10120,254640,269560,256240,1600,
VSS,met5,STRIPE,wire,10120,227440,269560,229040,1600,
VSS,met5,STRIPE,wire,10120,200240,269560,201840,1600,
VSS,met5,STRIPE,wire,10120,173040,269560,174640,1600,
VSS,met5,STRIPE,wire,10120,145840,269560,147440,1600,
VSS,met5,STRIPE,wire,10120,118640,269560,120240,1600,
VSS,met5,STRIPE,wire,10120,91440,269560,93040,1600,
VSS,met5,STRIPE,wire,10120,64240,269560,65840,1600,
VSS,met5,STRIPE,wire,10120,37040,269560,38640,1600,
VSS,met4,STRIPE,wire,253958,10640,255558,269520,1600,
VSS,met4,STRIPE,wire,226238,10640,227838,269520,1600,
VSS,met4,STRIPE,wire,198092,10640,199692,269520,1600,
VSS,met4,STRIPE,wire,172471,10640,174071,269520,1600,
VSS,met4,STRIPE,wire,146089,10640,147689,269520,1600,
VSS,met4,STRIPE,wire,118533,10640,120133,269520,1600,
VSS,met4,STRIPE,wire,91589,10640,93189,269520,1600,
VSS,met4,STRIPE,wire,63092,10640,64692,269520,1600,
VSS,met4,STRIPE,wire,36974,10640,38574,269520,1600,
VSS,met1,FOLLOWPIN,wire,10120,266320,269560,266800,480,
VSS,met1,FOLLOWPIN,wire,10120,260880,269560,261360,480,
VSS,met1,FOLLOWPIN,wire,10120,255440,269560,255920,480,
VSS,met1,FOLLOWPIN,wire,10120,250000,269560,250480,480,
VSS,met1,FOLLOWPIN,wire,10120,244560,269560,245040,480,
VSS,met1,FOLLOWPIN,wire,10120,239120,269560,239600,480,
VSS,met1,FOLLOWPIN,wire,10120,233680,269560,234160,480,
VSS,met1,FOLLOWPIN,wire,10120,228240,269560,228720,480,
VSS,met1,FOLLOWPIN,wire,10120,222800,269560,223280,480,
VSS,met1,FOLLOWPIN,wire,10120,217360,269560,217840,480,
VSS,met1,FOLLOWPIN,wire,10120,211920,269560,212400,480,
VSS,met1,FOLLOWPIN,wire,10120,206480,269560,206960,480,
VSS,met1,FOLLOWPIN,wire,10120,201040,269560,201520,480,
VSS,met1,FOLLOWPIN,wire,10120,195600,269560,196080,480,
VSS,met1,FOLLOWPIN,wire,10120,190160,269560,190640,480,
VSS,met1,FOLLOWPIN,wire,10120,184720,269560,185200,480,
VSS,met1,FOLLOWPIN,wire,10120,179280,269560,179760,480,
VSS,met1,FOLLOWPIN,wire,10120,173840,269560,174320,480,
VSS,met1,FOLLOWPIN,wire,10120,168400,269560,168880,480,
VSS,met1,FOLLOWPIN,wire,10120,162960,269560,163440,480,
VSS,met1,FOLLOWPIN,wire,10120,157520,269560,158000,480,
VSS,met1,FOLLOWPIN,wire,10120,152080,269560,152560,480,
VSS,met1,FOLLOWPIN,wire,10120,146640,269560,147120,480,
VSS,met1,FOLLOWPIN,wire,10120,141200,269560,141680,480,
VSS,met1,FOLLOWPIN,wire,10120,135760,269560,136240,480,
VSS,met1,FOLLOWPIN,wire,10120,130320,269560,130800,480,
VSS,met1,FOLLOWPIN,wire,10120,124880,269560,125360,480,
VSS,met1,FOLLOWPIN,wire,10120,119440,269560,119920,480,
VSS,met1,FOLLOWPIN,wire,10120,114000,269560,114480,480,
VSS,met1,FOLLOWPIN,wire,10120,108560,269560,109040,480,
VSS,met1,FOLLOWPIN,wire,10120,103120,269560,103600,480,
VSS,met1,FOLLOWPIN,wire,10120,97680,269560,98160,480,
VSS,met1,FOLLOWPIN,wire,10120,92240,269560,92720,480,
VSS,met1,FOLLOWPIN,wire,10120,86800,269560,87280,480,
VSS,met1,FOLLOWPIN,wire,10120,81360,269560,81840,480,
VSS,met1,FOLLOWPIN,wire,10120,75920,269560,76400,480,
VSS,met1,FOLLOWPIN,wire,10120,70480,269560,70960,480,
VSS,met1,FOLLOWPIN,wire,10120,65040,269560,65520,480,
VSS,met1,FOLLOWPIN,wire,10120,59600,269560,60080,480,
VSS,met1,FOLLOWPIN,wire,10120,54160,269560,54640,480,
VSS,met1,FOLLOWPIN,wire,10120,48720,269560,49200,480,
VSS,met1,FOLLOWPIN,wire,10120,43280,269560,43760,480,
VSS,met1,FOLLOWPIN,wire,10120,37840,269560,38320,480,
VSS,met1,FOLLOWPIN,wire,10120,32400,269560,32880,480,
VSS,met1,FOLLOWPIN,wire,10120,26960,269560,27440,480,
VSS,met1,FOLLOWPIN,wire,10120,21520,269560,22000,480,
VSS,met1,FOLLOWPIN,wire,10120,16080,269560,16560,480,
VSS,met1,FOLLOWPIN,wire,10120,10640,269560,11120,480,
VDD,met4-met5,STRIPE,via,266500,241040,268100,242640,1600,via4_1600x1600
VDD,met4-met5,STRIPE,via,238661,241040,240261,242640,1600,via4_1600x1600
VDD,met4-met5,STRIPE,via,212165,241040,213765,242640,1600,via4_1600x1600
VDD,met4-met5,STRIPE,via,185355,241040,186955,242640,1600,via4_1600x1600
VDD,met4-met5,STRIPE,via,157886,241040,159486,242640,1600,via4_1600x1600
VDD,met4-met5,STRIPE,via,131594,241040,133194,242640,1600,via4_1600x1600
VDD,met4-met5,STRIPE,via,103479,241040,105079,242640,1600,via4_1600x1600
VDD,met4-met5,STRIPE,via,78298,241040,79898,242640,1600,via4_1600x1600
VDD,met4-met5,STRIPE,via,49970,241040,51570,242640,1600,via4_1600x1600
VDD,met4-met5,STRIPE,via,24080,241040,25680,242640,1600,via4_1600x1600
VDD,met4-met5,STRIPE,via,266500,213840,268100,215440,1600,via4_1600x1600
VDD,met4-met5,STRIPE,via,238661,213840,240261,215440,1600,via4_1600x1600
VDD,met4-met5,STRIPE,via,212165,213840,213765,215440,1600,via4_1600x1600
VDD,met4-met5,STRIPE,via,185355,213840,186955,215440,1600,via4_1600x1600
VDD,met4-met5,STRIPE,via,157886,213840,159486,215440,1600,via4_1600x1600
VDD,met4-met5,STRIPE,via,131594,213840,133194,215440,1600,via4_1600x1600
VDD,met4-met5,STRIPE,via,103479,213840,105079,215440,1600,via4_1600x1600
VDD,met4-met5,STRIPE,via,78298,213840,79898,215440,1600,via4_1600x1600
VDD,met4-met5,STRIPE,via,49970,213840,51570,215440,1600,via4_1600x1600
VDD,met4-met5,STRIPE,via,24080,213840,25680,215440,1600,via4_1600x1600
VDD,met4-met5,STRIPE,via,266500,186640,268100,188240,1600,via4_1600x1600
VDD,met4-met5,STRIPE,via,238661,186640,240261,188240,1600,via4_1600x1600
VDD,met4-met5,STRIPE,via,212165,186640,213765,188240,1600,via4_1600x1600
VDD,met4-met5,STRIPE,via,185355,186640,186955,188240,1600,via4_1600x1600
VDD,met4-met5,STRIPE,via,157886,186640,159486,188240,1600,via4_1600x1600
VDD,met4-met5,STRIPE,via,131594,186640,133194,188240,1600,via4_1600x1600
VDD,met4-met5,STRIPE,via,103479,186640,105079,188240,1600,via4_1600x1600
VDD,met4-met5,STRIPE,via,78298,186640,79898,188240,1600,via4_1600x1600
VDD,met4-met5,STRIPE,via,49970,186640,51570,188240,1600,via4_1600x1600
VDD,met4-met5,STRIPE,via,24080,186640,25680,188240,1600,via4_1600x1600
VDD,met4-met5,STRIPE,via,266500,159440,268100,161040,1600,via4_1600x1600
VDD,met4-met5,STRIPE,via,238661,159440,240261,161040,1600,via4_1600x1600
VDD,met4-met5,STRIPE,via,212165,159440,213765,161040,1600,via4_1600x1600
VDD,met4-met5,STRIPE,via,185355,159440,186955,161040,1600,via4_1600x1600
VDD,met4-met5,STRIPE,via,157886,159440,159486,161040,1600,via4_1600x1600
VDD,met4-met5,STRIPE,via,131594,159440,133194,161040,1600,via4_1600x1600
VDD,met4-met5,STRIPE,via,103479,159440,105079,161040,1600,via4_1600x1600
VDD,met4-met5,STRIPE,via,78298,159440,79898,161040,1600,via4_1600x1600
VDD,met4-met5,STRIPE,via,49970,159440,51570,161040,1600,via4_1600x1600
VDD,met4-met5,STRIPE,via,24080,159440,25680,161040,1600,via4_1600x1600
VDD,met4-met5,STRIPE,via,266500,132240,268100,133840,1600,via4_1600x1600
VDD,met4-met5,STRIPE,via,238661,132240,240261,133840,1600,via4_1600x1600
VDD,met4-met5,STRIPE,via,212165,132240,213765,133840,1600,via4_1600x1600
VDD,met4-met5,STRIPE,via,185355,132240,186955,133840,1600,via4_1600x1600
VDD,met4-met5,STRIPE,via,157886,132240,159486,133840,1600,via4_1600x1600
VDD,met4-met5,STRIPE,via,131594,132240,133194,133840,1600,via4_1600x1600
VDD,met4-met5,STRIPE,via,103479,132240,105079,133840,1600,via4_1600x1600
VDD,met4-met5,STRIPE,via,78298,132240,79898,133840,1600,via4_1600x1600
VDD,met4-met5,STRIPE,via,49970,132240,51570,133840,1600,via4_1600x1600
VDD,met4-met5,STRIPE,via,24080,132240,25680,133840,1600,via4_1600x1600
VDD,met4-met5,STRIPE,via,266500,105040,268100,106640,1600,via4_1600x1600
VDD,met4-met5,STRIPE,via,238661,105040,240261,106640,1600,via4_1600x1600
VDD,met4-met5,STRIPE,via,212165,105040,213765,106640,1600,via4_1600x1600
VDD,met4-met5,STRIPE,via,185355,105040,186955,106640,1600,via4_1600x1600
VDD,met4-met5,STRIPE,via,157886,105040,159486,106640,1600,via4_1600x1600
VDD,met4-met5,STRIPE,via,131594,105040,133194,106640,1600,via4_1600x1600
VDD,met4-met5,STRIPE,via,103479,105040,105079,106640,1600,via4_1600x1600
VDD,met4-met5,STRIPE,via,78298,105040,79898,106640,1600,via4_1600x1600
VDD,met4-met5,STRIPE,via,49970,105040,51570,106640,1600,via4_1600x1600
VDD,met4-met5,STRIPE,via,24080,105040,25680,106640,1600,via4_1600x1600
VDD,met4-met5,STRIPE,via,266500,77840,268100,79440,1600,via4_1600x1600
VDD,met4-met5,STRIPE,via,238661,77840,240261,79440,1600,via4_1600x1600
VDD,met4-met5,STRIPE,via,212165,77840,213765,79440,1600,via4_1600x1600
VDD,met4-met5,STRIPE,via,185355,77840,186955,79440,1600,via4_1600x1600
VDD,met4-met5,STRIPE,via,157886,77840,159486,79440,1600,via4_1600x1600
VDD,met4-met5,STRIPE,via,131594,77840,133194,79440,1600,via4_1600x1600
VDD,met4-met5,STRIPE,via,103479,77840,105079,79440,1600,via4_1600x1600
VDD,met4-met5,STRIPE,via,78298,77840,79898,79440,1600,via4_1600x1600
VDD,met4-met5,STRIPE,via,49970,77840,51570,79440,1600,via4_1600x1600
VDD,met4-met5,STRIPE,via,24080,77840,25680,79440,1600,via4_1600x1600
VDD,met4-met5,STRIPE,via,266500,50640,268100,52240,1600,via4_1600x1600
VDD,met4-met5,STRIPE,via,238661,50640,240261,52240,1600,via4_1600x1600
VDD,met4-met5,STRIPE,via,212165,50640,213765,52240,1600,via4_1600x1600
VDD,met4-met5,STRIPE,via,185355,50640,186955,52240,1600,via4_1600x1600
VDD,met4-met5,STRIPE,via,157886,50640,159486,52240,1600,via4_1600x1600
VDD,met4-met5,STRIPE,via,131594,50640,133194,52240,1600,via4_1600x1600
VDD,met4-met5,STRIPE,via,103479,50640,105079,52240,1600,via4_1600x1600
VDD,met4-met5,STRIPE,via,78298,50640,79898,52240,1600,via4_1600x1600
VDD,met4-met5,STRIPE,via,49970,50640,51570,52240,1600,via4_1600x1600
VDD,met4-met5,STRIPE,via,24080,50640,25680,52240,1600,via4_1600x1600
VDD,met4-met5,STRIPE,via,266500,23440,268100,25040,1600,via4_1600x1600
VDD,met4-met5,STRIPE,via,238661,23440,240261,25040,1600,via4_1600x1600
VDD,met4-met5,STRIPE,via,212165,23440,213765,25040,1600,via4_1600x1600
VDD,met4-met5,STRIPE,via,185355,23440,186955,25040,1600,via4_1600x1600
VDD,met4-met5,STRIPE,via,157886,23440,159486,25040,1600,via4_1600x1600
VDD,met4-met5,STRIPE,via,131594,23440,133194,25040,1600,via4_1600x1600
VDD,met4-met5,STRIPE,via,103479,23440,105079,25040,1600,via4_1600x1600
VDD,met4-met5,STRIPE,via,78298,23440,79898,25040,1600,via4_1600x1600
VDD,met4-met5,STRIPE,via,49970,23440,51570,25040,1600,via4_1600x1600
VDD,met4-met5,STRIPE,via,24080,23440,25680,25040,1600,via4_1600x1600
VDD,met3-met4,STRIPE,via,266500,269040,268100,269520,1600,via3_1600x480
VDD,met2-met3,STRIPE,via,266500,269040,268100,269520,1600,via2_1600x480
VDD,met1-met2,STRIPE,via,266500,269040,268100,269520,1600,via_1600x480
VDD,met3-met4,STRIPE,via,238661,269040,240261,269520,1600,via3_1600x480
VDD,met2-met3,STRIPE,via,238661,269040,240261,269520,1600,via2_1600x480
VDD,met1-met2,STRIPE,via,238661,269040,240261,269520,1600,via_1600x480
VDD,met3-met4,STRIPE,via,212165,269040,213765,269520,1600,via3_1600x480
VDD,met2-met3,STRIPE,via,212165,269040,213765,269520,1600,via2_1600x480
VDD,met1-met2,STRIPE,via,212165,269040,213765,269520,1600,via_1600x480
VDD,met3-met4,STRIPE,via,185355,269040,186955,269520,1600,via3_1600x480
VDD,met2-met3,STRIPE,via,185355,269040,186955,269520,1600,via2_1600x480
VDD,met1-met2,STRIPE,via,185355,269040,186955,269520,1600,via_1600x480
VDD,met3-met4,STRIPE,via,157886,269040,159486,269520,1600,via3_1600x480
VDD,met2-met3,STRIPE,via,157886,269040,159486,269520,1600,via2_1600x480
VDD,met1-met2,STRIPE,via,157886,269040,159486,269520,1600,via_1600x480
VDD,met3-met4,STRIPE,via,131594,269040,133194,269520,1600,via3_1600x480
VDD,met2-met3,STRIPE,via,131594,269040,133194,269520,1600,via2_1600x480
VDD,met1-met2,STRIPE,via,131594,269040,133194,269520,1600,via_1600x480
VDD,met3-met4,STRIPE,via,103479,269040,105079,269520,1600,via3_1600x480
VDD,met2-met3,STRIPE,via,103479,269040,105079,269520,1600,via2_1600x480
VDD,met1-met2,STRIPE,via,103479,269040,105079,269520,1600,via_1600x480
VDD,met3-met4,STRIPE,via,78298,269040,79898,269520,1600,via3_1600x480
VDD,met2-met3,STRIPE,via,78298,269040,79898,269520,1600,via2_1600x480
VDD,met1-met2,STRIPE,via,78298,269040,79898,269520,1600,via_1600x480
VDD,met3-met4,STRIPE,via,49970,269040,51570,269520,1600,via3_1600x480
VDD,met2-met3,STRIPE,via,49970,269040,51570,269520,1600,via2_1600x480
VDD,met1-met2,STRIPE,via,49970,269040,51570,269520,1600,via_1600x480
VDD,met3-met4,STRIPE,via,24080,269040,25680,269520,1600,via3_1600x480
VDD,met2-met3,STRIPE,via,24080,269040,25680,269520,1600,via2_1600x480
VDD,met1-met2,STRIPE,via,24080,269040,25680,269520,1600,via_1600x480
VDD,met3-met4,STRIPE,via,266500,263600,268100,264080,1600,via3_1600x480
VDD,met2-met3,STRIPE,via,266500,263600,268100,264080,1600,via2_1600x480
VDD,met1-met2,STRIPE,via,266500,263600,268100,264080,1600,via_1600x480
VDD,met3-met4,STRIPE,via,238661,263600,240261,264080,1600,via3_1600x480
VDD,met2-met3,STRIPE,via,238661,263600,240261,264080,1600,via2_1600x480
VDD,met1-met2,STRIPE,via,238661,263600,240261,264080,1600,via_1600x480
VDD,met3-met4,STRIPE,via,212165,263600,213765,264080,1600,via3_1600x480
VDD,met2-met3,STRIPE,via,212165,263600,213765,264080,1600,via2_1600x480
VDD,met1-met2,STRIPE,via,212165,263600,213765,264080,1600,via_1600x480
VDD,met3-met4,STRIPE,via,185355,263600,186955,264080,1600,via3_1600x480
VDD,met2-met3,STRIPE,via,185355,263600,186955,264080,1600,via2_1600x480
VDD,met1-met2,STRIPE,via,185355,263600,186955,264080,1600,via_1600x480
VDD,met3-met4,STRIPE,via,157886,263600,159486,264080,1600,via3_1600x480
VDD,met2-met3,STRIPE,via,157886,263600,159486,264080,1600,via2_1600x480
VDD,met1-met2,STRIPE,via,157886,263600,159486,264080,1600,via_1600x480
VDD,met3-met4,STRIPE,via,131594,263600,133194,264080,1600,via3_1600x480
VDD,met2-met3,STRIPE,via,131594,263600,133194,264080,1600,via2_1600x480
VDD,met1-met2,STRIPE,via,131594,263600,133194,264080,1600,via_1600x480
VDD,met3-met4,STRIPE,via,103479,263600,105079,264080,1600,via3_1600x480
VDD,met2-met3,STRIPE,via,103479,263600,105079,264080,1600,via2_1600x480
VDD,met1-met2,STRIPE,via,103479,263600,105079,264080,1600,via_1600x480
VDD,met3-met4,STRIPE,via,78298,263600,79898,264080,1600,via3_1600x480
VDD,met2-met3,STRIPE,via,78298,263600,79898,264080,1600,via2_1600x480
VDD,met1-met2,STRIPE,via,78298,263600,79898,264080,1600,via_1600x480
VDD,met3-met4,STRIPE,via,49970,263600,51570,264080,1600,via3_1600x480
VDD,met2-met3,STRIPE,via,49970,263600,51570,264080,1600,via2_1600x480
VDD,met1-met2,STRIPE,via,49970,263600,51570,264080,1600,via_1600x480
VDD,met3-met4,STRIPE,via,24080,263600,25680,264080,1600,via3_1600x480
VDD,met2-met3,STRIPE,via,24080,263600,25680,264080,1600,via2_1600x480
VDD,met1-met2,STRIPE,via,24080,263600,25680,264080,1600,via_1600x480
VDD,met3-met4,STRIPE,via,266500,258160,268100,258640,1600,via3_1600x480
VDD,met2-met3,STRIPE,via,266500,258160,268100,258640,1600,via2_1600x480
VDD,met1-met2,STRIPE,via,266500,258160,268100,258640,1600,via_1600x480
VDD,met3-met4,STRIPE,via,238661,258160,240261,258640,1600,via3_1600x480
VDD,met2-met3,STRIPE,via,238661,258160,240261,258640,1600,via2_1600x480
VDD,met1-met2,STRIPE,via,238661,258160,240261,258640,1600,via_1600x480
VDD,met3-met4,STRIPE,via,212165,258160,213765,258640,1600,via3_1600x480
VDD,met2-met3,STRIPE,via,212165,258160,213765,258640,1600,via2_1600x480
VDD,met1-met2,STRIPE,via,212165,258160,213765,258640,1600,via_1600x480
VDD,met3-met4,STRIPE,via,185355,258160,186955,258640,1600,via3_1600x480
VDD,met2-met3,STRIPE,via,185355,258160,186955,258640,1600,via2_1600x480
VDD,met1-met2,STRIPE,via,185355,258160,186955,258640,1600,via_1600x480
VDD,met3-met4,STRIPE,via,157886,258160,159486,258640,1600,via3_1600x480
VDD,met2-met3,STRIPE,via,157886,258160,159486,258640,1600,via2_1600x480
VDD,met1-met2,STRIPE,via,157886,258160,159486,258640,1600,via_1600x480
VDD,met3-met4,STRIPE,via,131594,258160,133194,258640,1600,via3_1600x480
VDD,met2-met3,STRIPE,via,131594,258160,133194,258640,1600,via2_1600x480
VDD,met1-met2,STRIPE,via,131594,258160,133194,258640,1600,via_1600x480
VDD,met3-met4,STRIPE,via,103479,258160,105079,258640,1600,via3_1600x480
VDD,met2-met3,STRIPE,via,103479,258160,105079,258640,1600,via2_1600x480
VDD,met1-met2,STRIPE,via,103479,258160,105079,258640,1600,via_1600x480
VDD,met3-met4,STRIPE,via,78298,258160,79898,258640,1600,via3_1600x480
VDD,met2-met3,STRIPE,via,78298,258160,79898,258640,1600,via2_1600x480
VDD,met1-met2,STRIPE,via,78298,258160,79898,258640,1600,via_1600x480
VDD,met3-met4,STRIPE,via,49970,258160,51570,258640,1600,via3_1600x480
VDD,met2-met3,STRIPE,via,49970,258160,51570,258640,1600,via2_1600x480
VDD,met1-met2,STRIPE,via,49970,258160,51570,258640,1600,via_1600x480
VDD,met3-met4,STRIPE,via,24080,258160,25680,258640,1600,via3_1600x480
VDD,met2-met3,STRIPE,via,24080,258160,25680,258640,1600,via2_1600x480
VDD,met1-met2,STRIPE,via,24080,258160,25680,258640,1600,via_1600x480
VDD,met3-met4,STRIPE,via,266500,252720,268100,253200,1600,via3_1600x480
VDD,met2-met3,STRIPE,via,266500,252720,268100,253200,1600,via2_1600x480
VDD,met1-met2,STRIPE,via,266500,252720,268100,253200,1600,via_1600x480
VDD,met3-met4,STRIPE,via,238661,252720,240261,253200,1600,via3_1600x480
VDD,met2-met3,STRIPE,via,238661,252720,240261,253200,1600,via2_1600x480
VDD,met1-met2,STRIPE,via,238661,252720,240261,253200,1600,via_1600x480
VDD,met3-met4,STRIPE,via,212165,252720,213765,253200,1600,via3_1600x480
VDD,met2-met3,STRIPE,via,212165,252720,213765,253200,1600,via2_1600x480
VDD,met1-met2,STRIPE,via,212165,252720,213765,253200,1600,via_1600x480
VDD,met3-met4,STRIPE,via,185355,252720,186955,253200,1600,via3_1600x480
VDD,met2-met3,STRIPE,via,185355,252720,186955,253200,1600,via2_1600x480
VDD,met1-met2,STRIPE,via,185355,252720,186955,253200,1600,via_1600x480
VDD,met3-met4,STRIPE,via,157886,252720,159486,253200,1600,via3_1600x480
VDD,met2-met3,STRIPE,via,157886,252720,159486,253200,1600,via2_1600x480
VDD,met1-met2,STRIPE,via,157886,252720,159486,253200,1600,via_1600x480
VDD,met3-met4,STRIPE,via,131594,252720,133194,253200,1600,via3_1600x480
VDD,met2-met3,STRIPE,via,131594,252720,133194,253200,1600,via2_1600x480
VDD,met1-met2,STRIPE,via,131594,252720,133194,253200,1600,via_1600x480
VDD,met3-met4,STRIPE,via,103479,252720,105079,253200,1600,via3_1600x480
VDD,met2-met3,STRIPE,via,103479,252720,105079,253200,1600,via2_1600x480
VDD,met1-met2,STRIPE,via,103479,252720,105079,253200,1600,via_1600x480
VDD,met3-met4,STRIPE,via,78298,252720,79898,253200,1600,via3_1600x480
VDD,met2-met3,STRIPE,via,78298,252720,79898,253200,1600,via2_1600x480
VDD,met1-met2,STRIPE,via,78298,252720,79898,253200,1600,via_1600x480
VDD,met3-met4,STRIPE,via,49970,252720,51570,253200,1600,via3_1600x480
VDD,met2-met3,STRIPE,via,49970,252720,51570,253200,1600,via2_1600x480
VDD,met1-met2,STRIPE,via,49970,252720,51570,253200,1600,via_1600x480
VDD,met3-met4,STRIPE,via,24080,252720,25680,253200,1600,via3_1600x480
VDD,met2-met3,STRIPE,via,24080,252720,25680,253200,1600,via2_1600x480
VDD,met1-met2,STRIPE,via,24080,252720,25680,253200,1600,via_1600x480
VDD,met3-met4,STRIPE,via,266500,247280,268100,247760,1600,via3_1600x480
VDD,met2-met3,STRIPE,via,266500,247280,268100,247760,1600,via2_1600x480
VDD,met1-met2,STRIPE,via,266500,247280,268100,247760,1600,via_1600x480
VDD,met3-met4,STRIPE,via,238661,247280,240261,247760,1600,via3_1600x480
VDD,met2-met3,STRIPE,via,238661,247280,240261,247760,1600,via2_1600x480
VDD,met1-met2,STRIPE,via,238661,247280,240261,247760,1600,via_1600x480
VDD,met3-met4,STRIPE,via,212165,247280,213765,247760,1600,via3_1600x480
VDD,met2-met3,STRIPE,via,212165,247280,213765,247760,1600,via2_1600x480
VDD,met1-met2,STRIPE,via,212165,247280,213765,247760,1600,via_1600x480
VDD,met3-met4,STRIPE,via,185355,247280,186955,247760,1600,via3_1600x480
VDD,met2-met3,STRIPE,via,185355,247280,186955,247760,1600,via2_1600x480
VDD,met1-met2,STRIPE,via,185355,247280,186955,247760,1600,via_1600x480
VDD,met3-met4,STRIPE,via,157886,247280,159486,247760,1600,via3_1600x480
VDD,met2-met3,STRIPE,via,157886,247280,159486,247760,1600,via2_1600x480
VDD,met1-met2,STRIPE,via,157886,247280,159486,247760,1600,via_1600x480
VDD,met3-met4,STRIPE,via,131594,247280,133194,247760,1600,via3_1600x480
VDD,met2-met3,STRIPE,via,131594,247280,133194,247760,1600,via2_1600x480
VDD,met1-met2,STRIPE,via,131594,247280,133194,247760,1600,via_1600x480
VDD,met3-met4,STRIPE,via,103479,247280,105079,247760,1600,via3_1600x480
VDD,met2-met3,STRIPE,via,103479,247280,105079,247760,1600,via2_1600x480
VDD,met1-met2,STRIPE,via,103479,247280,105079,247760,1600,via_1600x480
VDD,met3-met4,STRIPE,via,78298,247280,79898,247760,1600,via3_1600x480
VDD,met2-met3,STRIPE,via,78298,247280,79898,247760,1600,via2_1600x480
VDD,met1-met2,STRIPE,via,78298,247280,79898,247760,1600,via_1600x480
VDD,met3-met4,STRIPE,via,49970,247280,51570,247760,1600,via3_1600x480
VDD,met2-met3,STRIPE,via,49970,247280,51570,247760,1600,via2_1600x480
VDD,met1-met2,STRIPE,via,49970,247280,51570,247760,1600,via_1600x480
VDD,met3-met4,STRIPE,via,24080,247280,25680,247760,1600,via3_1600x480
VDD,met2-met3,STRIPE,via,24080,247280,25680,247760,1600,via2_1600x480
VDD,met1-met2,STRIPE,via,24080,247280,25680,247760,1600,via_1600x480
VDD,met3-met4,STRIPE,via,266500,241840,268100,242320,1600,via3_1600x480
VDD,met2-met3,STRIPE,via,266500,241840,268100,242320,1600,via2_1600x480
VDD,met1-met2,STRIPE,via,266500,241840,268100,242320,1600,via_1600x480
VDD,met3-met4,STRIPE,via,238661,241840,240261,242320,1600,via3_1600x480
VDD,met2-met3,STRIPE,via,238661,241840,240261,242320,1600,via2_1600x480
VDD,met1-met2,STRIPE,via,238661,241840,240261,242320,1600,via_1600x480
VDD,met3-met4,STRIPE,via,212165,241840,213765,242320,1600,via3_1600x480
VDD,met2-met3,STRIPE,via,212165,241840,213765,242320,1600,via2_1600x480
VDD,met1-met2,STRIPE,via,212165,241840,213765,242320,1600,via_1600x480
VDD,met3-met4,STRIPE,via,185355,241840,186955,242320,1600,via3_1600x480
VDD,met2-met3,STRIPE,via,185355,241840,186955,242320,1600,via2_1600x480
VDD,met1-met2,STRIPE,via,185355,241840,186955,242320,1600,via_1600x480
VDD,met3-met4,STRIPE,via,157886,241840,159486,242320,1600,via3_1600x480
VDD,met2-met3,STRIPE,via,157886,241840,159486,242320,1600,via2_1600x480
VDD,met1-met2,STRIPE,via,157886,241840,159486,242320,1600,via_1600x480
VDD,met3-met4,STRIPE,via,131594,241840,133194,242320,1600,via3_1600x480
VDD,met2-met3,STRIPE,via,131594,241840,133194,242320,1600,via2_1600x480
VDD,met1-met2,STRIPE,via,131594,241840,133194,242320,1600,via_1600x480
VDD,met3-met4,STRIPE,via,103479,241840,105079,242320,1600,via3_1600x480
VDD,met2-met3,STRIPE,via,103479,241840,105079,242320,1600,via2_1600x480
VDD,met1-met2,STRIPE,via,103479,241840,105079,242320,1600,via_1600x480
VDD,met3-met4,STRIPE,via,78298,241840,79898,242320,1600,via3_1600x480
VDD,met2-met3,STRIPE,via,78298,241840,79898,242320,1600,via2_1600x480
VDD,met1-met2,STRIPE,via,78298,241840,79898,242320,1600,via_1600x480
VDD,met3-met4,STRIPE,via,49970,241840,51570,242320,1600,via3_1600x480
VDD,met2-met3,STRIPE,via,49970,241840,51570,242320,1600,via2_1600x480
VDD,met1-met2,STRIPE,via,49970,241840,51570,242320,1600,via_1600x480
VDD,met3-met4,STRIPE,via,24080,241840,25680,242320,1600,via3_1600x480
VDD,met2-met3,STRIPE,via,24080,241840,25680,242320,1600,via2_1600x480
VDD,met1-met2,STRIPE,via,24080,241840,25680,242320,1600,via_1600x480
VDD,met3-met4,STRIPE,via,266500,236400,268100,236880,1600,via3_1600x480
VDD,met2-met3,STRIPE,via,266500,236400,268100,236880,1600,via2_1600x480
VDD,met1-met2,STRIPE,via,266500,236400,268100,236880,1600,via_1600x480
VDD,met3-met4,STRIPE,via,238661,236400,240261,236880,1600,via3_1600x480
VDD,met2-met3,STRIPE,via,238661,236400,240261,236880,1600,via2_1600x480
VDD,met1-met2,STRIPE,via,238661,236400,240261,236880,1600,via_1600x480
VDD,met3-met4,STRIPE,via,212165,236400,213765,236880,1600,via3_1600x480
VDD,met2-met3,STRIPE,via,212165,236400,213765,236880,1600,via2_1600x480
VDD,met1-met2,STRIPE,via,212165,236400,213765,236880,1600,via_1600x480
VDD,met3-met4,STRIPE,via,185355,236400,186955,236880,1600,via3_1600x480
VDD,met2-met3,STRIPE,via,185355,236400,186955,236880,1600,via2_1600x480
VDD,met1-met2,STRIPE,via,185355,236400,186955,236880,1600,via_1600x480
VDD,met3-met4,STRIPE,via,157886,236400,159486,236880,1600,via3_1600x480
VDD,met2-met3,STRIPE,via,157886,236400,159486,236880,1600,via2_1600x480
VDD,met1-met2,STRIPE,via,157886,236400,159486,236880,1600,via_1600x480
VDD,met3-met4,STRIPE,via,131594,236400,133194,236880,1600,via3_1600x480
VDD,met2-met3,STRIPE,via,131594,236400,133194,236880,1600,via2_1600x480
VDD,met1-met2,STRIPE,via,131594,236400,133194,236880,1600,via_1600x480
VDD,met3-met4,STRIPE,via,103479,236400,105079,236880,1600,via3_1600x480
VDD,met2-met3,STRIPE,via,103479,236400,105079,236880,1600,via2_1600x480
VDD,met1-met2,STRIPE,via,103479,236400,105079,236880,1600,via_1600x480
VDD,met3-met4,STRIPE,via,78298,236400,79898,236880,1600,via3_1600x480
VDD,met2-met3,STRIPE,via,78298,236400,79898,236880,1600,via2_1600x480
VDD,met1-met2,STRIPE,via,78298,236400,79898,236880,1600,via_1600x480
VDD,met3-met4,STRIPE,via,49970,236400,51570,236880,1600,via3_1600x480
VDD,met2-met3,STRIPE,via,49970,236400,51570,236880,1600,via2_1600x480
VDD,met1-met2,STRIPE,via,49970,236400,51570,236880,1600,via_1600x480
VDD,met3-met4,STRIPE,via,24080,236400,25680,236880,1600,via3_1600x480
VDD,met2-met3,STRIPE,via,24080,236400,25680,236880,1600,via2_1600x480
VDD,met1-met2,STRIPE,via,24080,236400,25680,236880,1600,via_1600x480
VDD,met3-met4,STRIPE,via,266500,230960,268100,231440,1600,via3_1600x480
VDD,met2-met3,STRIPE,via,266500,230960,268100,231440,1600,via2_1600x480
VDD,met1-met2,STRIPE,via,266500,230960,268100,231440,1600,via_1600x480
VDD,met3-met4,STRIPE,via,238661,230960,240261,231440,1600,via3_1600x480
VDD,met2-met3,STRIPE,via,238661,230960,240261,231440,1600,via2_1600x480
VDD,met1-met2,STRIPE,via,238661,230960,240261,231440,1600,via_1600x480
VDD,met3-met4,STRIPE,via,212165,230960,213765,231440,1600,via3_1600x480
VDD,met2-met3,STRIPE,via,212165,230960,213765,231440,1600,via2_1600x480
VDD,met1-met2,STRIPE,via,212165,230960,213765,231440,1600,via_1600x480
VDD,met3-met4,STRIPE,via,185355,230960,186955,231440,1600,via3_1600x480
VDD,met2-met3,STRIPE,via,185355,230960,186955,231440,1600,via2_1600x480
VDD,met1-met2,STRIPE,via,185355,230960,186955,231440,1600,via_1600x480
VDD,met3-met4,STRIPE,via,157886,230960,159486,231440,1600,via3_1600x480
VDD,met2-met3,STRIPE,via,157886,230960,159486,231440,1600,via2_1600x480
VDD,met1-met2,STRIPE,via,157886,230960,159486,231440,1600,via_1600x480
VDD,met3-met4,STRIPE,via,131594,230960,133194,231440,1600,via3_1600x480
VDD,met2-met3,STRIPE,via,131594,230960,133194,231440,1600,via2_1600x480
VDD,met1-met2,STRIPE,via,131594,230960,133194,231440,1600,via_1600x480
VDD,met3-met4,STRIPE,via,103479,230960,105079,231440,1600,via3_1600x480
VDD,met2-met3,STRIPE,via,103479,230960,105079,231440,1600,via2_1600x480
VDD,met1-met2,STRIPE,via,103479,230960,105079,231440,1600,via_1600x480
VDD,met3-met4,STRIPE,via,78298,230960,79898,231440,1600,via3_1600x480
VDD,met2-met3,STRIPE,via,78298,230960,79898,231440,1600,via2_1600x480
VDD,met1-met2,STRIPE,via,78298,230960,79898,231440,1600,via_1600x480
VDD,met3-met4,STRIPE,via,49970,230960,51570,231440,1600,via3_1600x480
VDD,met2-met3,STRIPE,via,49970,230960,51570,231440,1600,via2_1600x480
VDD,met1-met2,STRIPE,via,49970,230960,51570,231440,1600,via_1600x480
VDD,met3-met4,STRIPE,via,24080,230960,25680,231440,1600,via3_1600x480
VDD,met2-met3,STRIPE,via,24080,230960,25680,231440,1600,via2_1600x480
VDD,met1-met2,STRIPE,via,24080,230960,25680,231440,1600,via_1600x480
VDD,met3-met4,STRIPE,via,266500,225520,268100,226000,1600,via3_1600x480
VDD,met2-met3,STRIPE,via,266500,225520,268100,226000,1600,via2_1600x480
VDD,met1-met2,STRIPE,via,266500,225520,268100,226000,1600,via_1600x480
VDD,met3-met4,STRIPE,via,238661,225520,240261,226000,1600,via3_1600x480
VDD,met2-met3,STRIPE,via,238661,225520,240261,226000,1600,via2_1600x480
VDD,met1-met2,STRIPE,via,238661,225520,240261,226000,1600,via_1600x480
VDD,met3-met4,STRIPE,via,212165,225520,213765,226000,1600,via3_1600x480
VDD,met2-met3,STRIPE,via,212165,225520,213765,226000,1600,via2_1600x480
VDD,met1-met2,STRIPE,via,212165,225520,213765,226000,1600,via_1600x480
VDD,met3-met4,STRIPE,via,185355,225520,186955,226000,1600,via3_1600x480
VDD,met2-met3,STRIPE,via,185355,225520,186955,226000,1600,via2_1600x480
VDD,met1-met2,STRIPE,via,185355,225520,186955,226000,1600,via_1600x480
VDD,met3-met4,STRIPE,via,157886,225520,159486,226000,1600,via3_1600x480
VDD,met2-met3,STRIPE,via,157886,225520,159486,226000,1600,via2_1600x480
VDD,met1-met2,STRIPE,via,157886,225520,159486,226000,1600,via_1600x480
VDD,met3-met4,STRIPE,via,131594,225520,133194,226000,1600,via3_1600x480
VDD,met2-met3,STRIPE,via,131594,225520,133194,226000,1600,via2_1600x480
VDD,met1-met2,STRIPE,via,131594,225520,133194,226000,1600,via_1600x480
VDD,met3-met4,STRIPE,via,103479,225520,105079,226000,1600,via3_1600x480
VDD,met2-met3,STRIPE,via,103479,225520,105079,226000,1600,via2_1600x480
VDD,met1-met2,STRIPE,via,103479,225520,105079,226000,1600,via_1600x480
VDD,met3-met4,STRIPE,via,78298,225520,79898,226000,1600,via3_1600x480
VDD,met2-met3,STRIPE,via,78298,225520,79898,226000,1600,via2_1600x480
VDD,met1-met2,STRIPE,via,78298,225520,79898,226000,1600,via_1600x480
VDD,met3-met4,STRIPE,via,49970,225520,51570,226000,1600,via3_1600x480
VDD,met2-met3,STRIPE,via,49970,225520,51570,226000,1600,via2_1600x480
VDD,met1-met2,STRIPE,via,49970,225520,51570,226000,1600,via_1600x480
VDD,met3-met4,STRIPE,via,24080,225520,25680,226000,1600,via3_1600x480
VDD,met2-met3,STRIPE,via,24080,225520,25680,226000,1600,via2_1600x480
VDD,met1-met2,STRIPE,via,24080,225520,25680,226000,1600,via_1600x480
VDD,met3-met4,STRIPE,via,266500,220080,268100,220560,1600,via3_1600x480
VDD,met2-met3,STRIPE,via,266500,220080,268100,220560,1600,via2_1600x480
VDD,met1-met2,STRIPE,via,266500,220080,268100,220560,1600,via_1600x480
VDD,met3-met4,STRIPE,via,238661,220080,240261,220560,1600,via3_1600x480
VDD,met2-met3,STRIPE,via,238661,220080,240261,220560,1600,via2_1600x480
VDD,met1-met2,STRIPE,via,238661,220080,240261,220560,1600,via_1600x480
VDD,met3-met4,STRIPE,via,212165,220080,213765,220560,1600,via3_1600x480
VDD,met2-met3,STRIPE,via,212165,220080,213765,220560,1600,via2_1600x480
VDD,met1-met2,STRIPE,via,212165,220080,213765,220560,1600,via_1600x480
VDD,met3-met4,STRIPE,via,185355,220080,186955,220560,1600,via3_1600x480
VDD,met2-met3,STRIPE,via,185355,220080,186955,220560,1600,via2_1600x480
VDD,met1-met2,STRIPE,via,185355,220080,186955,220560,1600,via_1600x480
VDD,met3-met4,STRIPE,via,157886,220080,159486,220560,1600,via3_1600x480
VDD,met2-met3,STRIPE,via,157886,220080,159486,220560,1600,via2_1600x480
VDD,met1-met2,STRIPE,via,157886,220080,159486,220560,1600,via_1600x480
VDD,met3-met4,STRIPE,via,131594,220080,133194,220560,1600,via3_1600x480
VDD,met2-met3,STRIPE,via,131594,220080,133194,220560,1600,via2_1600x480
VDD,met1-met2,STRIPE,via,131594,220080,133194,220560,1600,via_1600x480
VDD,met3-met4,STRIPE,via,103479,220080,105079,220560,1600,via3_1600x480
VDD,met2-met3,STRIPE,via,103479,220080,105079,220560,1600,via2_1600x480
VDD,met1-met2,STRIPE,via,103479,220080,105079,220560,1600,via_1600x480
VDD,met3-met4,STRIPE,via,78298,220080,79898,220560,1600,via3_1600x480
VDD,met2-met3,STRIPE,via,78298,220080,79898,220560,1600,via2_1600x480
VDD,met1-met2,STRIPE,via,78298,220080,79898,220560,1600,via_1600x480
VDD,met3-met4,STRIPE,via,49970,220080,51570,220560,1600,via3_1600x480
VDD,met2-met3,STRIPE,via,49970,220080,51570,220560,1600,via2_1600x480
VDD,met1-met2,STRIPE,via,49970,220080,51570,220560,1600,via_1600x480
VDD,met3-met4,STRIPE,via,24080,220080,25680,220560,1600,via3_1600x480
VDD,met2-met3,STRIPE,via,24080,220080,25680,220560,1600,via2_1600x480
VDD,met1-met2,STRIPE,via,24080,220080,25680,220560,1600,via_1600x480
VDD,met3-met4,STRIPE,via,266500,214640,268100,215120,1600,via3_1600x480
VDD,met2-met3,STRIPE,via,266500,214640,268100,215120,1600,via2_1600x480
VDD,met1-met2,STRIPE,via,266500,214640,268100,215120,1600,via_1600x480
VDD,met3-met4,STRIPE,via,238661,214640,240261,215120,1600,via3_1600x480
VDD,met2-met3,STRIPE,via,238661,214640,240261,215120,1600,via2_1600x480
VDD,met1-met2,STRIPE,via,238661,214640,240261,215120,1600,via_1600x480
VDD,met3-met4,STRIPE,via,212165,214640,213765,215120,1600,via3_1600x480
VDD,met2-met3,STRIPE,via,212165,214640,213765,215120,1600,via2_1600x480
VDD,met1-met2,STRIPE,via,212165,214640,213765,215120,1600,via_1600x480
VDD,met3-met4,STRIPE,via,185355,214640,186955,215120,1600,via3_1600x480
VDD,met2-met3,STRIPE,via,185355,214640,186955,215120,1600,via2_1600x480
VDD,met1-met2,STRIPE,via,185355,214640,186955,215120,1600,via_1600x480
VDD,met3-met4,STRIPE,via,157886,214640,159486,215120,1600,via3_1600x480
VDD,met2-met3,STRIPE,via,157886,214640,159486,215120,1600,via2_1600x480
VDD,met1-met2,STRIPE,via,157886,214640,159486,215120,1600,via_1600x480
VDD,met3-met4,STRIPE,via,131594,214640,133194,215120,1600,via3_1600x480
VDD,met2-met3,STRIPE,via,131594,214640,133194,215120,1600,via2_1600x480
VDD,met1-met2,STRIPE,via,131594,214640,133194,215120,1600,via_1600x480
VDD,met3-met4,STRIPE,via,103479,214640,105079,215120,1600,via3_1600x480
VDD,met2-met3,STRIPE,via,103479,214640,105079,215120,1600,via2_1600x480
VDD,met1-met2,STRIPE,via,103479,214640,105079,215120,1600,via_1600x480
VDD,met3-met4,STRIPE,via,78298,214640,79898,215120,1600,via3_1600x480
VDD,met2-met3,STRIPE,via,78298,214640,79898,215120,1600,via2_1600x480
VDD,met1-met2,STRIPE,via,78298,214640,79898,215120,1600,via_1600x480
VDD,met3-met4,STRIPE,via,49970,214640,51570,215120,1600,via3_1600x480
VDD,met2-met3,STRIPE,via,49970,214640,51570,215120,1600,via2_1600x480
VDD,met1-met2,STRIPE,via,49970,214640,51570,215120,1600,via_1600x480
VDD,met3-met4,STRIPE,via,24080,214640,25680,215120,1600,via3_1600x480
VDD,met2-met3,STRIPE,via,24080,214640,25680,215120,1600,via2_1600x480
VDD,met1-met2,STRIPE,via,24080,214640,25680,215120,1600,via_1600x480
VDD,met3-met4,STRIPE,via,266500,209200,268100,209680,1600,via3_1600x480
VDD,met2-met3,STRIPE,via,266500,209200,268100,209680,1600,via2_1600x480
VDD,met1-met2,STRIPE,via,266500,209200,268100,209680,1600,via_1600x480
VDD,met3-met4,STRIPE,via,238661,209200,240261,209680,1600,via3_1600x480
VDD,met2-met3,STRIPE,via,238661,209200,240261,209680,1600,via2_1600x480
VDD,met1-met2,STRIPE,via,238661,209200,240261,209680,1600,via_1600x480
VDD,met3-met4,STRIPE,via,212165,209200,213765,209680,1600,via3_1600x480
VDD,met2-met3,STRIPE,via,212165,209200,213765,209680,1600,via2_1600x480
VDD,met1-met2,STRIPE,via,212165,209200,213765,209680,1600,via_1600x480
VDD,met3-met4,STRIPE,via,185355,209200,186955,209680,1600,via3_1600x480
VDD,met2-met3,STRIPE,via,185355,209200,186955,209680,1600,via2_1600x480
VDD,met1-met2,STRIPE,via,185355,209200,186955,209680,1600,via_1600x480
VDD,met3-met4,STRIPE,via,157886,209200,159486,209680,1600,via3_1600x480
VDD,met2-met3,STRIPE,via,157886,209200,159486,209680,1600,via2_1600x480
VDD,met1-met2,STRIPE,via,157886,209200,159486,209680,1600,via_1600x480
VDD,met3-met4,STRIPE,via,131594,209200,133194,209680,1600,via3_1600x480
VDD,met2-met3,STRIPE,via,131594,209200,133194,209680,1600,via2_1600x480
VDD,met1-met2,STRIPE,via,131594,209200,133194,209680,1600,via_1600x480
VDD,met3-met4,STRIPE,via,103479,209200,105079,209680,1600,via3_1600x480
VDD,met2-met3,STRIPE,via,103479,209200,105079,209680,1600,via2_1600x480
VDD,met1-met2,STRIPE,via,103479,209200,105079,209680,1600,via_1600x480
VDD,met3-met4,STRIPE,via,78298,209200,79898,209680,1600,via3_1600x480
VDD,met2-met3,STRIPE,via,78298,209200,79898,209680,1600,via2_1600x480
VDD,met1-met2,STRIPE,via,78298,209200,79898,209680,1600,via_1600x480
VDD,met3-met4,STRIPE,via,49970,209200,51570,209680,1600,via3_1600x480
VDD,met2-met3,STRIPE,via,49970,209200,51570,209680,1600,via2_1600x480
VDD,met1-met2,STRIPE,via,49970,209200,51570,209680,1600,via_1600x480
VDD,met3-met4,STRIPE,via,24080,209200,25680,209680,1600,via3_1600x480
VDD,met2-met3,STRIPE,via,24080,209200,25680,209680,1600,via2_1600x480
VDD,met1-met2,STRIPE,via,24080,209200,25680,209680,1600,via_1600x480
VDD,met3-met4,STRIPE,via,266500,203760,268100,204240,1600,via3_1600x480
VDD,met2-met3,STRIPE,via,266500,203760,268100,204240,1600,via2_1600x480
VDD,met1-met2,STRIPE,via,266500,203760,268100,204240,1600,via_1600x480
VDD,met3-met4,STRIPE,via,238661,203760,240261,204240,1600,via3_1600x480
VDD,met2-met3,STRIPE,via,238661,203760,240261,204240,1600,via2_1600x480
VDD,met1-met2,STRIPE,via,238661,203760,240261,204240,1600,via_1600x480
VDD,met3-met4,STRIPE,via,212165,203760,213765,204240,1600,via3_1600x480
VDD,met2-met3,STRIPE,via,212165,203760,213765,204240,1600,via2_1600x480
VDD,met1-met2,STRIPE,via,212165,203760,213765,204240,1600,via_1600x480
VDD,met3-met4,STRIPE,via,185355,203760,186955,204240,1600,via3_1600x480
VDD,met2-met3,STRIPE,via,185355,203760,186955,204240,1600,via2_1600x480
VDD,met1-met2,STRIPE,via,185355,203760,186955,204240,1600,via_1600x480
VDD,met3-met4,STRIPE,via,157886,203760,159486,204240,1600,via3_1600x480
VDD,met2-met3,STRIPE,via,157886,203760,159486,204240,1600,via2_1600x480
VDD,met1-met2,STRIPE,via,157886,203760,159486,204240,1600,via_1600x480
VDD,met3-met4,STRIPE,via,131594,203760,133194,204240,1600,via3_1600x480
VDD,met2-met3,STRIPE,via,131594,203760,133194,204240,1600,via2_1600x480
VDD,met1-met2,STRIPE,via,131594,203760,133194,204240,1600,via_1600x480
VDD,met3-met4,STRIPE,via,103479,203760,105079,204240,1600,via3_1600x480
VDD,met2-met3,STRIPE,via,103479,203760,105079,204240,1600,via2_1600x480
VDD,met1-met2,STRIPE,via,103479,203760,105079,204240,1600,via_1600x480
VDD,met3-met4,STRIPE,via,78298,203760,79898,204240,1600,via3_1600x480
VDD,met2-met3,STRIPE,via,78298,203760,79898,204240,1600,via2_1600x480
VDD,met1-met2,STRIPE,via,78298,203760,79898,204240,1600,via_1600x480
VDD,met3-met4,STRIPE,via,49970,203760,51570,204240,1600,via3_1600x480
VDD,met2-met3,STRIPE,via,49970,203760,51570,204240,1600,via2_1600x480
VDD,met1-met2,STRIPE,via,49970,203760,51570,204240,1600,via_1600x480
VDD,met3-met4,STRIPE,via,24080,203760,25680,204240,1600,via3_1600x480
VDD,met2-met3,STRIPE,via,24080,203760,25680,204240,1600,via2_1600x480
VDD,met1-met2,STRIPE,via,24080,203760,25680,204240,1600,via_1600x480
VDD,met3-met4,STRIPE,via,266500,198320,268100,198800,1600,via3_1600x480
VDD,met2-met3,STRIPE,via,266500,198320,268100,198800,1600,via2_1600x480
VDD,met1-met2,STRIPE,via,266500,198320,268100,198800,1600,via_1600x480
VDD,met3-met4,STRIPE,via,238661,198320,240261,198800,1600,via3_1600x480
VDD,met2-met3,STRIPE,via,238661,198320,240261,198800,1600,via2_1600x480
VDD,met1-met2,STRIPE,via,238661,198320,240261,198800,1600,via_1600x480
VDD,met3-met4,STRIPE,via,212165,198320,213765,198800,1600,via3_1600x480
VDD,met2-met3,STRIPE,via,212165,198320,213765,198800,1600,via2_1600x480
VDD,met1-met2,STRIPE,via,212165,198320,213765,198800,1600,via_1600x480
VDD,met3-met4,STRIPE,via,185355,198320,186955,198800,1600,via3_1600x480
VDD,met2-met3,STRIPE,via,185355,198320,186955,198800,1600,via2_1600x480
VDD,met1-met2,STRIPE,via,185355,198320,186955,198800,1600,via_1600x480
VDD,met3-met4,STRIPE,via,157886,198320,159486,198800,1600,via3_1600x480
VDD,met2-met3,STRIPE,via,157886,198320,159486,198800,1600,via2_1600x480
VDD,met1-met2,STRIPE,via,157886,198320,159486,198800,1600,via_1600x480
VDD,met3-met4,STRIPE,via,131594,198320,133194,198800,1600,via3_1600x480
VDD,met2-met3,STRIPE,via,131594,198320,133194,198800,1600,via2_1600x480
VDD,met1-met2,STRIPE,via,131594,198320,133194,198800,1600,via_1600x480
VDD,met3-met4,STRIPE,via,103479,198320,105079,198800,1600,via3_1600x480
VDD,met2-met3,STRIPE,via,103479,198320,105079,198800,1600,via2_1600x480
VDD,met1-met2,STRIPE,via,103479,198320,105079,198800,1600,via_1600x480
VDD,met3-met4,STRIPE,via,78298,198320,79898,198800,1600,via3_1600x480
VDD,met2-met3,STRIPE,via,78298,198320,79898,198800,1600,via2_1600x480
VDD,met1-met2,STRIPE,via,78298,198320,79898,198800,1600,via_1600x480
VDD,met3-met4,STRIPE,via,49970,198320,51570,198800,1600,via3_1600x480
VDD,met2-met3,STRIPE,via,49970,198320,51570,198800,1600,via2_1600x480
VDD,met1-met2,STRIPE,via,49970,198320,51570,198800,1600,via_1600x480
VDD,met3-met4,STRIPE,via,24080,198320,25680,198800,1600,via3_1600x480
VDD,met2-met3,STRIPE,via,24080,198320,25680,198800,1600,via2_1600x480
VDD,met1-met2,STRIPE,via,24080,198320,25680,198800,1600,via_1600x480
VDD,met3-met4,STRIPE,via,266500,192880,268100,193360,1600,via3_1600x480
VDD,met2-met3,STRIPE,via,266500,192880,268100,193360,1600,via2_1600x480
VDD,met1-met2,STRIPE,via,266500,192880,268100,193360,1600,via_1600x480
VDD,met3-met4,STRIPE,via,238661,192880,240261,193360,1600,via3_1600x480
VDD,met2-met3,STRIPE,via,238661,192880,240261,193360,1600,via2_1600x480
VDD,met1-met2,STRIPE,via,238661,192880,240261,193360,1600,via_1600x480
VDD,met3-met4,STRIPE,via,212165,192880,213765,193360,1600,via3_1600x480
VDD,met2-met3,STRIPE,via,212165,192880,213765,193360,1600,via2_1600x480
VDD,met1-met2,STRIPE,via,212165,192880,213765,193360,1600,via_1600x480
VDD,met3-met4,STRIPE,via,185355,192880,186955,193360,1600,via3_1600x480
VDD,met2-met3,STRIPE,via,185355,192880,186955,193360,1600,via2_1600x480
VDD,met1-met2,STRIPE,via,185355,192880,186955,193360,1600,via_1600x480
VDD,met3-met4,STRIPE,via,157886,192880,159486,193360,1600,via3_1600x480
VDD,met2-met3,STRIPE,via,157886,192880,159486,193360,1600,via2_1600x480
VDD,met1-met2,STRIPE,via,157886,192880,159486,193360,1600,via_1600x480
VDD,met3-met4,STRIPE,via,131594,192880,133194,193360,1600,via3_1600x480
VDD,met2-met3,STRIPE,via,131594,192880,133194,193360,1600,via2_1600x480
VDD,met1-met2,STRIPE,via,131594,192880,133194,193360,1600,via_1600x480
VDD,met3-met4,STRIPE,via,103479,192880,105079,193360,1600,via3_1600x480
VDD,met2-met3,STRIPE,via,103479,192880,105079,193360,1600,via2_1600x480
VDD,met1-met2,STRIPE,via,103479,192880,105079,193360,1600,via_1600x480
VDD,met3-met4,STRIPE,via,78298,192880,79898,193360,1600,via3_1600x480
VDD,met2-met3,STRIPE,via,78298,192880,79898,193360,1600,via2_1600x480
VDD,met1-met2,STRIPE,via,78298,192880,79898,193360,1600,via_1600x480
VDD,met3-met4,STRIPE,via,49970,192880,51570,193360,1600,via3_1600x480
VDD,met2-met3,STRIPE,via,49970,192880,51570,193360,1600,via2_1600x480
VDD,met1-met2,STRIPE,via,49970,192880,51570,193360,1600,via_1600x480
VDD,met3-met4,STRIPE,via,24080,192880,25680,193360,1600,via3_1600x480
VDD,met2-met3,STRIPE,via,24080,192880,25680,193360,1600,via2_1600x480
VDD,met1-met2,STRIPE,via,24080,192880,25680,193360,1600,via_1600x480
VDD,met3-met4,STRIPE,via,266500,187440,268100,187920,1600,via3_1600x480
VDD,met2-met3,STRIPE,via,266500,187440,268100,187920,1600,via2_1600x480
VDD,met1-met2,STRIPE,via,266500,187440,268100,187920,1600,via_1600x480
VDD,met3-met4,STRIPE,via,238661,187440,240261,187920,1600,via3_1600x480
VDD,met2-met3,STRIPE,via,238661,187440,240261,187920,1600,via2_1600x480
VDD,met1-met2,STRIPE,via,238661,187440,240261,187920,1600,via_1600x480
VDD,met3-met4,STRIPE,via,212165,187440,213765,187920,1600,via3_1600x480
VDD,met2-met3,STRIPE,via,212165,187440,213765,187920,1600,via2_1600x480
VDD,met1-met2,STRIPE,via,212165,187440,213765,187920,1600,via_1600x480
VDD,met3-met4,STRIPE,via,185355,187440,186955,187920,1600,via3_1600x480
VDD,met2-met3,STRIPE,via,185355,187440,186955,187920,1600,via2_1600x480
VDD,met1-met2,STRIPE,via,185355,187440,186955,187920,1600,via_1600x480
VDD,met3-met4,STRIPE,via,157886,187440,159486,187920,1600,via3_1600x480
VDD,met2-met3,STRIPE,via,157886,187440,159486,187920,1600,via2_1600x480
VDD,met1-met2,STRIPE,via,157886,187440,159486,187920,1600,via_1600x480
VDD,met3-met4,STRIPE,via,131594,187440,133194,187920,1600,via3_1600x480
VDD,met2-met3,STRIPE,via,131594,187440,133194,187920,1600,via2_1600x480
VDD,met1-met2,STRIPE,via,131594,187440,133194,187920,1600,via_1600x480
VDD,met3-met4,STRIPE,via,103479,187440,105079,187920,1600,via3_1600x480
VDD,met2-met3,STRIPE,via,103479,187440,105079,187920,1600,via2_1600x480
VDD,met1-met2,STRIPE,via,103479,187440,105079,187920,1600,via_1600x480
VDD,met3-met4,STRIPE,via,78298,187440,79898,187920,1600,via3_1600x480
VDD,met2-met3,STRIPE,via,78298,187440,79898,187920,1600,via2_1600x480
VDD,met1-met2,STRIPE,via,78298,187440,79898,187920,1600,via_1600x480
VDD,met3-met4,STRIPE,via,49970,187440,51570,187920,1600,via3_1600x480
VDD,met2-met3,STRIPE,via,49970,187440,51570,187920,1600,via2_1600x480
VDD,met1-met2,STRIPE,via,49970,187440,51570,187920,1600,via_1600x480
VDD,met3-met4,STRIPE,via,24080,187440,25680,187920,1600,via3_1600x480
VDD,met2-met3,STRIPE,via,24080,187440,25680,187920,1600,via2_1600x480
VDD,met1-met2,STRIPE,via,24080,187440,25680,187920,1600,via_1600x480
VDD,met3-met4,STRIPE,via,266500,182000,268100,182480,1600,via3_1600x480
VDD,met2-met3,STRIPE,via,266500,182000,268100,182480,1600,via2_1600x480
VDD,met1-met2,STRIPE,via,266500,182000,268100,182480,1600,via_1600x480
VDD,met3-met4,STRIPE,via,238661,182000,240261,182480,1600,via3_1600x480
VDD,met2-met3,STRIPE,via,238661,182000,240261,182480,1600,via2_1600x480
VDD,met1-met2,STRIPE,via,238661,182000,240261,182480,1600,via_1600x480
VDD,met3-met4,STRIPE,via,212165,182000,213765,182480,1600,via3_1600x480
VDD,met2-met3,STRIPE,via,212165,182000,213765,182480,1600,via2_1600x480
VDD,met1-met2,STRIPE,via,212165,182000,213765,182480,1600,via_1600x480
VDD,met3-met4,STRIPE,via,185355,182000,186955,182480,1600,via3_1600x480
VDD,met2-met3,STRIPE,via,185355,182000,186955,182480,1600,via2_1600x480
VDD,met1-met2,STRIPE,via,185355,182000,186955,182480,1600,via_1600x480
VDD,met3-met4,STRIPE,via,157886,182000,159486,182480,1600,via3_1600x480
VDD,met2-met3,STRIPE,via,157886,182000,159486,182480,1600,via2_1600x480
VDD,met1-met2,STRIPE,via,157886,182000,159486,182480,1600,via_1600x480
VDD,met3-met4,STRIPE,via,131594,182000,133194,182480,1600,via3_1600x480
VDD,met2-met3,STRIPE,via,131594,182000,133194,182480,1600,via2_1600x480
VDD,met1-met2,STRIPE,via,131594,182000,133194,182480,1600,via_1600x480
VDD,met3-met4,STRIPE,via,103479,182000,105079,182480,1600,via3_1600x480
VDD,met2-met3,STRIPE,via,103479,182000,105079,182480,1600,via2_1600x480
VDD,met1-met2,STRIPE,via,103479,182000,105079,182480,1600,via_1600x480
VDD,met3-met4,STRIPE,via,78298,182000,79898,182480,1600,via3_1600x480
VDD,met2-met3,STRIPE,via,78298,182000,79898,182480,1600,via2_1600x480
VDD,met1-met2,STRIPE,via,78298,182000,79898,182480,1600,via_1600x480
VDD,met3-met4,STRIPE,via,49970,182000,51570,182480,1600,via3_1600x480
VDD,met2-met3,STRIPE,via,49970,182000,51570,182480,1600,via2_1600x480
VDD,met1-met2,STRIPE,via,49970,182000,51570,182480,1600,via_1600x480
VDD,met3-met4,STRIPE,via,24080,182000,25680,182480,1600,via3_1600x480
VDD,met2-met3,STRIPE,via,24080,182000,25680,182480,1600,via2_1600x480
VDD,met1-met2,STRIPE,via,24080,182000,25680,182480,1600,via_1600x480
VDD,met3-met4,STRIPE,via,266500,176560,268100,177040,1600,via3_1600x480
VDD,met2-met3,STRIPE,via,266500,176560,268100,177040,1600,via2_1600x480
VDD,met1-met2,STRIPE,via,266500,176560,268100,177040,1600,via_1600x480
VDD,met3-met4,STRIPE,via,238661,176560,240261,177040,1600,via3_1600x480
VDD,met2-met3,STRIPE,via,238661,176560,240261,177040,1600,via2_1600x480
VDD,met1-met2,STRIPE,via,238661,176560,240261,177040,1600,via_1600x480
VDD,met3-met4,STRIPE,via,212165,176560,213765,177040,1600,via3_1600x480
VDD,met2-met3,STRIPE,via,212165,176560,213765,177040,1600,via2_1600x480
VDD,met1-met2,STRIPE,via,212165,176560,213765,177040,1600,via_1600x480
VDD,met3-met4,STRIPE,via,185355,176560,186955,177040,1600,via3_1600x480
VDD,met2-met3,STRIPE,via,185355,176560,186955,177040,1600,via2_1600x480
VDD,met1-met2,STRIPE,via,185355,176560,186955,177040,1600,via_1600x480
VDD,met3-met4,STRIPE,via,157886,176560,159486,177040,1600,via3_1600x480
VDD,met2-met3,STRIPE,via,157886,176560,159486,177040,1600,via2_1600x480
VDD,met1-met2,STRIPE,via,157886,176560,159486,177040,1600,via_1600x480
VDD,met3-met4,STRIPE,via,131594,176560,133194,177040,1600,via3_1600x480
VDD,met2-met3,STRIPE,via,131594,176560,133194,177040,1600,via2_1600x480
VDD,met1-met2,STRIPE,via,131594,176560,133194,177040,1600,via_1600x480
VDD,met3-met4,STRIPE,via,103479,176560,105079,177040,1600,via3_1600x480
VDD,met2-met3,STRIPE,via,103479,176560,105079,177040,1600,via2_1600x480
VDD,met1-met2,STRIPE,via,103479,176560,105079,177040,1600,via_1600x480
VDD,met3-met4,STRIPE,via,78298,176560,79898,177040,1600,via3_1600x480
VDD,met2-met3,STRIPE,via,78298,176560,79898,177040,1600,via2_1600x480
VDD,met1-met2,STRIPE,via,78298,176560,79898,177040,1600,via_1600x480
VDD,met3-met4,STRIPE,via,49970,176560,51570,177040,1600,via3_1600x480
VDD,met2-met3,STRIPE,via,49970,176560,51570,177040,1600,via2_1600x480
VDD,met1-met2,STRIPE,via,49970,176560,51570,177040,1600,via_1600x480
VDD,met3-met4,STRIPE,via,24080,176560,25680,177040,1600,via3_1600x480
VDD,met2-met3,STRIPE,via,24080,176560,25680,177040,1600,via2_1600x480
VDD,met1-met2,STRIPE,via,24080,176560,25680,177040,1600,via_1600x480
VDD,met3-met4,STRIPE,via,266500,171120,268100,171600,1600,via3_1600x480
VDD,met2-met3,STRIPE,via,266500,171120,268100,171600,1600,via2_1600x480
VDD,met1-met2,STRIPE,via,266500,171120,268100,171600,1600,via_1600x480
VDD,met3-met4,STRIPE,via,238661,171120,240261,171600,1600,via3_1600x480
VDD,met2-met3,STRIPE,via,238661,171120,240261,171600,1600,via2_1600x480
VDD,met1-met2,STRIPE,via,238661,171120,240261,171600,1600,via_1600x480
VDD,met3-met4,STRIPE,via,212165,171120,213765,171600,1600,via3_1600x480
VDD,met2-met3,STRIPE,via,212165,171120,213765,171600,1600,via2_1600x480
VDD,met1-met2,STRIPE,via,212165,171120,213765,171600,1600,via_1600x480
VDD,met3-met4,STRIPE,via,185355,171120,186955,171600,1600,via3_1600x480
VDD,met2-met3,STRIPE,via,185355,171120,186955,171600,1600,via2_1600x480
VDD,met1-met2,STRIPE,via,185355,171120,186955,171600,1600,via_1600x480
VDD,met3-met4,STRIPE,via,157886,171120,159486,171600,1600,via3_1600x480
VDD,met2-met3,STRIPE,via,157886,171120,159486,171600,1600,via2_1600x480
VDD,met1-met2,STRIPE,via,157886,171120,159486,171600,1600,via_1600x480
VDD,met3-met4,STRIPE,via,131594,171120,133194,171600,1600,via3_1600x480
VDD,met2-met3,STRIPE,via,131594,171120,133194,171600,1600,via2_1600x480
VDD,met1-met2,STRIPE,via,131594,171120,133194,171600,1600,via_1600x480
VDD,met3-met4,STRIPE,via,103479,171120,105079,171600,1600,via3_1600x480
VDD,met2-met3,STRIPE,via,103479,171120,105079,171600,1600,via2_1600x480
VDD,met1-met2,STRIPE,via,103479,171120,105079,171600,1600,via_1600x480
VDD,met3-met4,STRIPE,via,78298,171120,79898,171600,1600,via3_1600x480
VDD,met2-met3,STRIPE,via,78298,171120,79898,171600,1600,via2_1600x480
VDD,met1-met2,STRIPE,via,78298,171120,79898,171600,1600,via_1600x480
VDD,met3-met4,STRIPE,via,49970,171120,51570,171600,1600,via3_1600x480
VDD,met2-met3,STRIPE,via,49970,171120,51570,171600,1600,via2_1600x480
VDD,met1-met2,STRIPE,via,49970,171120,51570,171600,1600,via_1600x480
VDD,met3-met4,STRIPE,via,24080,171120,25680,171600,1600,via3_1600x480
VDD,met2-met3,STRIPE,via,24080,171120,25680,171600,1600,via2_1600x480
VDD,met1-met2,STRIPE,via,24080,171120,25680,171600,1600,via_1600x480
VDD,met3-met4,STRIPE,via,266500,165680,268100,166160,1600,via3_1600x480
VDD,met2-met3,STRIPE,via,266500,165680,268100,166160,1600,via2_1600x480
VDD,met1-met2,STRIPE,via,266500,165680,268100,166160,1600,via_1600x480
VDD,met3-met4,STRIPE,via,238661,165680,240261,166160,1600,via3_1600x480
VDD,met2-met3,STRIPE,via,238661,165680,240261,166160,1600,via2_1600x480
VDD,met1-met2,STRIPE,via,238661,165680,240261,166160,1600,via_1600x480
VDD,met3-met4,STRIPE,via,212165,165680,213765,166160,1600,via3_1600x480
VDD,met2-met3,STRIPE,via,212165,165680,213765,166160,1600,via2_1600x480
VDD,met1-met2,STRIPE,via,212165,165680,213765,166160,1600,via_1600x480
VDD,met3-met4,STRIPE,via,185355,165680,186955,166160,1600,via3_1600x480
VDD,met2-met3,STRIPE,via,185355,165680,186955,166160,1600,via2_1600x480
VDD,met1-met2,STRIPE,via,185355,165680,186955,166160,1600,via_1600x480
VDD,met3-met4,STRIPE,via,157886,165680,159486,166160,1600,via3_1600x480
VDD,met2-met3,STRIPE,via,157886,165680,159486,166160,1600,via2_1600x480
VDD,met1-met2,STRIPE,via,157886,165680,159486,166160,1600,via_1600x480
VDD,met3-met4,STRIPE,via,131594,165680,133194,166160,1600,via3_1600x480
VDD,met2-met3,STRIPE,via,131594,165680,133194,166160,1600,via2_1600x480
VDD,met1-met2,STRIPE,via,131594,165680,133194,166160,1600,via_1600x480
VDD,met3-met4,STRIPE,via,103479,165680,105079,166160,1600,via3_1600x480
VDD,met2-met3,STRIPE,via,103479,165680,105079,166160,1600,via2_1600x480
VDD,met1-met2,STRIPE,via,103479,165680,105079,166160,1600,via_1600x480
VDD,met3-met4,STRIPE,via,78298,165680,79898,166160,1600,via3_1600x480
VDD,met2-met3,STRIPE,via,78298,165680,79898,166160,1600,via2_1600x480
VDD,met1-met2,STRIPE,via,78298,165680,79898,166160,1600,via_1600x480
VDD,met3-met4,STRIPE,via,49970,165680,51570,166160,1600,via3_1600x480
VDD,met2-met3,STRIPE,via,49970,165680,51570,166160,1600,via2_1600x480
VDD,met1-met2,STRIPE,via,49970,165680,51570,166160,1600,via_1600x480
VDD,met3-met4,STRIPE,via,24080,165680,25680,166160,1600,via3_1600x480
VDD,met2-met3,STRIPE,via,24080,165680,25680,166160,1600,via2_1600x480
VDD,met1-met2,STRIPE,via,24080,165680,25680,166160,1600,via_1600x480
VDD,met3-met4,STRIPE,via,266500,160240,268100,160720,1600,via3_1600x480
VDD,met2-met3,STRIPE,via,266500,160240,268100,160720,1600,via2_1600x480
VDD,met1-met2,STRIPE,via,266500,160240,268100,160720,1600,via_1600x480
VDD,met3-met4,STRIPE,via,238661,160240,240261,160720,1600,via3_1600x480
VDD,met2-met3,STRIPE,via,238661,160240,240261,160720,1600,via2_1600x480
VDD,met1-met2,STRIPE,via,238661,160240,240261,160720,1600,via_1600x480
VDD,met3-met4,STRIPE,via,212165,160240,213765,160720,1600,via3_1600x480
VDD,met2-met3,STRIPE,via,212165,160240,213765,160720,1600,via2_1600x480
VDD,met1-met2,STRIPE,via,212165,160240,213765,160720,1600,via_1600x480
VDD,met3-met4,STRIPE,via,185355,160240,186955,160720,1600,via3_1600x480
VDD,met2-met3,STRIPE,via,185355,160240,186955,160720,1600,via2_1600x480
VDD,met1-met2,STRIPE,via,185355,160240,186955,160720,1600,via_1600x480
VDD,met3-met4,STRIPE,via,157886,160240,159486,160720,1600,via3_1600x480
VDD,met2-met3,STRIPE,via,157886,160240,159486,160720,1600,via2_1600x480
VDD,met1-met2,STRIPE,via,157886,160240,159486,160720,1600,via_1600x480
VDD,met3-met4,STRIPE,via,131594,160240,133194,160720,1600,via3_1600x480
VDD,met2-met3,STRIPE,via,131594,160240,133194,160720,1600,via2_1600x480
VDD,met1-met2,STRIPE,via,131594,160240,133194,160720,1600,via_1600x480
VDD,met3-met4,STRIPE,via,103479,160240,105079,160720,1600,via3_1600x480
VDD,met2-met3,STRIPE,via,103479,160240,105079,160720,1600,via2_1600x480
VDD,met1-met2,STRIPE,via,103479,160240,105079,160720,1600,via_1600x480
VDD,met3-met4,STRIPE,via,78298,160240,79898,160720,1600,via3_1600x480
VDD,met2-met3,STRIPE,via,78298,160240,79898,160720,1600,via2_1600x480
VDD,met1-met2,STRIPE,via,78298,160240,79898,160720,1600,via_1600x480
VDD,met3-met4,STRIPE,via,49970,160240,51570,160720,1600,via3_1600x480
VDD,met2-met3,STRIPE,via,49970,160240,51570,160720,1600,via2_1600x480
VDD,met1-met2,STRIPE,via,49970,160240,51570,160720,1600,via_1600x480
VDD,met3-met4,STRIPE,via,24080,160240,25680,160720,1600,via3_1600x480
VDD,met2-met3,STRIPE,via,24080,160240,25680,160720,1600,via2_1600x480
VDD,met1-met2,STRIPE,via,24080,160240,25680,160720,1600,via_1600x480
VDD,met3-met4,STRIPE,via,266500,154800,268100,155280,1600,via3_1600x480
VDD,met2-met3,STRIPE,via,266500,154800,268100,155280,1600,via2_1600x480
VDD,met1-met2,STRIPE,via,266500,154800,268100,155280,1600,via_1600x480
VDD,met3-met4,STRIPE,via,238661,154800,240261,155280,1600,via3_1600x480
VDD,met2-met3,STRIPE,via,238661,154800,240261,155280,1600,via2_1600x480
VDD,met1-met2,STRIPE,via,238661,154800,240261,155280,1600,via_1600x480
VDD,met3-met4,STRIPE,via,212165,154800,213765,155280,1600,via3_1600x480
VDD,met2-met3,STRIPE,via,212165,154800,213765,155280,1600,via2_1600x480
VDD,met1-met2,STRIPE,via,212165,154800,213765,155280,1600,via_1600x480
VDD,met3-met4,STRIPE,via,185355,154800,186955,155280,1600,via3_1600x480
VDD,met2-met3,STRIPE,via,185355,154800,186955,155280,1600,via2_1600x480
VDD,met1-met2,STRIPE,via,185355,154800,186955,155280,1600,via_1600x480
VDD,met3-met4,STRIPE,via,157886,154800,159486,155280,1600,via3_1600x480
VDD,met2-met3,STRIPE,via,157886,154800,159486,155280,1600,via2_1600x480
VDD,met1-met2,STRIPE,via,157886,154800,159486,155280,1600,via_1600x480
VDD,met3-met4,STRIPE,via,131594,154800,133194,155280,1600,via3_1600x480
VDD,met2-met3,STRIPE,via,131594,154800,133194,155280,1600,via2_1600x480
VDD,met1-met2,STRIPE,via,131594,154800,133194,155280,1600,via_1600x480
VDD,met3-met4,STRIPE,via,103479,154800,105079,155280,1600,via3_1600x480
VDD,met2-met3,STRIPE,via,103479,154800,105079,155280,1600,via2_1600x480
VDD,met1-met2,STRIPE,via,103479,154800,105079,155280,1600,via_1600x480
VDD,met3-met4,STRIPE,via,78298,154800,79898,155280,1600,via3_1600x480
VDD,met2-met3,STRIPE,via,78298,154800,79898,155280,1600,via2_1600x480
VDD,met1-met2,STRIPE,via,78298,154800,79898,155280,1600,via_1600x480
VDD,met3-met4,STRIPE,via,49970,154800,51570,155280,1600,via3_1600x480
VDD,met2-met3,STRIPE,via,49970,154800,51570,155280,1600,via2_1600x480
VDD,met1-met2,STRIPE,via,49970,154800,51570,155280,1600,via_1600x480
VDD,met3-met4,STRIPE,via,24080,154800,25680,155280,1600,via3_1600x480
VDD,met2-met3,STRIPE,via,24080,154800,25680,155280,1600,via2_1600x480
VDD,met1-met2,STRIPE,via,24080,154800,25680,155280,1600,via_1600x480
VDD,met3-met4,STRIPE,via,266500,149360,268100,149840,1600,via3_1600x480
VDD,met2-met3,STRIPE,via,266500,149360,268100,149840,1600,via2_1600x480
VDD,met1-met2,STRIPE,via,266500,149360,268100,149840,1600,via_1600x480
VDD,met3-met4,STRIPE,via,238661,149360,240261,149840,1600,via3_1600x480
VDD,met2-met3,STRIPE,via,238661,149360,240261,149840,1600,via2_1600x480
VDD,met1-met2,STRIPE,via,238661,149360,240261,149840,1600,via_1600x480
VDD,met3-met4,STRIPE,via,212165,149360,213765,149840,1600,via3_1600x480
VDD,met2-met3,STRIPE,via,212165,149360,213765,149840,1600,via2_1600x480
VDD,met1-met2,STRIPE,via,212165,149360,213765,149840,1600,via_1600x480
VDD,met3-met4,STRIPE,via,185355,149360,186955,149840,1600,via3_1600x480
VDD,met2-met3,STRIPE,via,185355,149360,186955,149840,1600,via2_1600x480
VDD,met1-met2,STRIPE,via,185355,149360,186955,149840,1600,via_1600x480
VDD,met3-met4,STRIPE,via,157886,149360,159486,149840,1600,via3_1600x480
VDD,met2-met3,STRIPE,via,157886,149360,159486,149840,1600,via2_1600x480
VDD,met1-met2,STRIPE,via,157886,149360,159486,149840,1600,via_1600x480
VDD,met3-met4,STRIPE,via,131594,149360,133194,149840,1600,via3_1600x480
VDD,met2-met3,STRIPE,via,131594,149360,133194,149840,1600,via2_1600x480
VDD,met1-met2,STRIPE,via,131594,149360,133194,149840,1600,via_1600x480
VDD,met3-met4,STRIPE,via,103479,149360,105079,149840,1600,via3_1600x480
VDD,met2-met3,STRIPE,via,103479,149360,105079,149840,1600,via2_1600x480
VDD,met1-met2,STRIPE,via,103479,149360,105079,149840,1600,via_1600x480
VDD,met3-met4,STRIPE,via,78298,149360,79898,149840,1600,via3_1600x480
VDD,met2-met3,STRIPE,via,78298,149360,79898,149840,1600,via2_1600x480
VDD,met1-met2,STRIPE,via,78298,149360,79898,149840,1600,via_1600x480
VDD,met3-met4,STRIPE,via,49970,149360,51570,149840,1600,via3_1600x480
VDD,met2-met3,STRIPE,via,49970,149360,51570,149840,1600,via2_1600x480
VDD,met1-met2,STRIPE,via,49970,149360,51570,149840,1600,via_1600x480
VDD,met3-met4,STRIPE,via,24080,149360,25680,149840,1600,via3_1600x480
VDD,met2-met3,STRIPE,via,24080,149360,25680,149840,1600,via2_1600x480
VDD,met1-met2,STRIPE,via,24080,149360,25680,149840,1600,via_1600x480
VDD,met3-met4,STRIPE,via,266500,143920,268100,144400,1600,via3_1600x480
VDD,met2-met3,STRIPE,via,266500,143920,268100,144400,1600,via2_1600x480
VDD,met1-met2,STRIPE,via,266500,143920,268100,144400,1600,via_1600x480
VDD,met3-met4,STRIPE,via,238661,143920,240261,144400,1600,via3_1600x480
VDD,met2-met3,STRIPE,via,238661,143920,240261,144400,1600,via2_1600x480
VDD,met1-met2,STRIPE,via,238661,143920,240261,144400,1600,via_1600x480
VDD,met3-met4,STRIPE,via,212165,143920,213765,144400,1600,via3_1600x480
VDD,met2-met3,STRIPE,via,212165,143920,213765,144400,1600,via2_1600x480
VDD,met1-met2,STRIPE,via,212165,143920,213765,144400,1600,via_1600x480
VDD,met3-met4,STRIPE,via,185355,143920,186955,144400,1600,via3_1600x480
VDD,met2-met3,STRIPE,via,185355,143920,186955,144400,1600,via2_1600x480
VDD,met1-met2,STRIPE,via,185355,143920,186955,144400,1600,via_1600x480
VDD,met3-met4,STRIPE,via,157886,143920,159486,144400,1600,via3_1600x480
VDD,met2-met3,STRIPE,via,157886,143920,159486,144400,1600,via2_1600x480
VDD,met1-met2,STRIPE,via,157886,143920,159486,144400,1600,via_1600x480
VDD,met3-met4,STRIPE,via,131594,143920,133194,144400,1600,via3_1600x480
VDD,met2-met3,STRIPE,via,131594,143920,133194,144400,1600,via2_1600x480
VDD,met1-met2,STRIPE,via,131594,143920,133194,144400,1600,via_1600x480
VDD,met3-met4,STRIPE,via,103479,143920,105079,144400,1600,via3_1600x480
VDD,met2-met3,STRIPE,via,103479,143920,105079,144400,1600,via2_1600x480
VDD,met1-met2,STRIPE,via,103479,143920,105079,144400,1600,via_1600x480
VDD,met3-met4,STRIPE,via,78298,143920,79898,144400,1600,via3_1600x480
VDD,met2-met3,STRIPE,via,78298,143920,79898,144400,1600,via2_1600x480
VDD,met1-met2,STRIPE,via,78298,143920,79898,144400,1600,via_1600x480
VDD,met3-met4,STRIPE,via,49970,143920,51570,144400,1600,via3_1600x480
VDD,met2-met3,STRIPE,via,49970,143920,51570,144400,1600,via2_1600x480
VDD,met1-met2,STRIPE,via,49970,143920,51570,144400,1600,via_1600x480
VDD,met3-met4,STRIPE,via,24080,143920,25680,144400,1600,via3_1600x480
VDD,met2-met3,STRIPE,via,24080,143920,25680,144400,1600,via2_1600x480
VDD,met1-met2,STRIPE,via,24080,143920,25680,144400,1600,via_1600x480
VDD,met3-met4,STRIPE,via,266500,138480,268100,138960,1600,via3_1600x480
VDD,met2-met3,STRIPE,via,266500,138480,268100,138960,1600,via2_1600x480
VDD,met1-met2,STRIPE,via,266500,138480,268100,138960,1600,via_1600x480
VDD,met3-met4,STRIPE,via,238661,138480,240261,138960,1600,via3_1600x480
VDD,met2-met3,STRIPE,via,238661,138480,240261,138960,1600,via2_1600x480
VDD,met1-met2,STRIPE,via,238661,138480,240261,138960,1600,via_1600x480
VDD,met3-met4,STRIPE,via,212165,138480,213765,138960,1600,via3_1600x480
VDD,met2-met3,STRIPE,via,212165,138480,213765,138960,1600,via2_1600x480
VDD,met1-met2,STRIPE,via,212165,138480,213765,138960,1600,via_1600x480
VDD,met3-met4,STRIPE,via,185355,138480,186955,138960,1600,via3_1600x480
VDD,met2-met3,STRIPE,via,185355,138480,186955,138960,1600,via2_1600x480
VDD,met1-met2,STRIPE,via,185355,138480,186955,138960,1600,via_1600x480
VDD,met3-met4,STRIPE,via,157886,138480,159486,138960,1600,via3_1600x480
VDD,met2-met3,STRIPE,via,157886,138480,159486,138960,1600,via2_1600x480
VDD,met1-met2,STRIPE,via,157886,138480,159486,138960,1600,via_1600x480
VDD,met3-met4,STRIPE,via,131594,138480,133194,138960,1600,via3_1600x480
VDD,met2-met3,STRIPE,via,131594,138480,133194,138960,1600,via2_1600x480
VDD,met1-met2,STRIPE,via,131594,138480,133194,138960,1600,via_1600x480
VDD,met3-met4,STRIPE,via,103479,138480,105079,138960,1600,via3_1600x480
VDD,met2-met3,STRIPE,via,103479,138480,105079,138960,1600,via2_1600x480
VDD,met1-met2,STRIPE,via,103479,138480,105079,138960,1600,via_1600x480
VDD,met3-met4,STRIPE,via,78298,138480,79898,138960,1600,via3_1600x480
VDD,met2-met3,STRIPE,via,78298,138480,79898,138960,1600,via2_1600x480
VDD,met1-met2,STRIPE,via,78298,138480,79898,138960,1600,via_1600x480
VDD,met3-met4,STRIPE,via,49970,138480,51570,138960,1600,via3_1600x480
VDD,met2-met3,STRIPE,via,49970,138480,51570,138960,1600,via2_1600x480
VDD,met1-met2,STRIPE,via,49970,138480,51570,138960,1600,via_1600x480
VDD,met3-met4,STRIPE,via,24080,138480,25680,138960,1600,via3_1600x480
VDD,met2-met3,STRIPE,via,24080,138480,25680,138960,1600,via2_1600x480
VDD,met1-met2,STRIPE,via,24080,138480,25680,138960,1600,via_1600x480
VDD,met3-met4,STRIPE,via,266500,133040,268100,133520,1600,via3_1600x480
VDD,met2-met3,STRIPE,via,266500,133040,268100,133520,1600,via2_1600x480
VDD,met1-met2,STRIPE,via,266500,133040,268100,133520,1600,via_1600x480
VDD,met3-met4,STRIPE,via,238661,133040,240261,133520,1600,via3_1600x480
VDD,met2-met3,STRIPE,via,238661,133040,240261,133520,1600,via2_1600x480
VDD,met1-met2,STRIPE,via,238661,133040,240261,133520,1600,via_1600x480
VDD,met3-met4,STRIPE,via,212165,133040,213765,133520,1600,via3_1600x480
VDD,met2-met3,STRIPE,via,212165,133040,213765,133520,1600,via2_1600x480
VDD,met1-met2,STRIPE,via,212165,133040,213765,133520,1600,via_1600x480
VDD,met3-met4,STRIPE,via,185355,133040,186955,133520,1600,via3_1600x480
VDD,met2-met3,STRIPE,via,185355,133040,186955,133520,1600,via2_1600x480
VDD,met1-met2,STRIPE,via,185355,133040,186955,133520,1600,via_1600x480
VDD,met3-met4,STRIPE,via,157886,133040,159486,133520,1600,via3_1600x480
VDD,met2-met3,STRIPE,via,157886,133040,159486,133520,1600,via2_1600x480
VDD,met1-met2,STRIPE,via,157886,133040,159486,133520,1600,via_1600x480
VDD,met3-met4,STRIPE,via,131594,133040,133194,133520,1600,via3_1600x480
VDD,met2-met3,STRIPE,via,131594,133040,133194,133520,1600,via2_1600x480
VDD,met1-met2,STRIPE,via,131594,133040,133194,133520,1600,via_1600x480
VDD,met3-met4,STRIPE,via,103479,133040,105079,133520,1600,via3_1600x480
VDD,met2-met3,STRIPE,via,103479,133040,105079,133520,1600,via2_1600x480
VDD,met1-met2,STRIPE,via,103479,133040,105079,133520,1600,via_1600x480
VDD,met3-met4,STRIPE,via,78298,133040,79898,133520,1600,via3_1600x480
VDD,met2-met3,STRIPE,via,78298,133040,79898,133520,1600,via2_1600x480
VDD,met1-met2,STRIPE,via,78298,133040,79898,133520,1600,via_1600x480
VDD,met3-met4,STRIPE,via,49970,133040,51570,133520,1600,via3_1600x480
VDD,met2-met3,STRIPE,via,49970,133040,51570,133520,1600,via2_1600x480
VDD,met1-met2,STRIPE,via,49970,133040,51570,133520,1600,via_1600x480
VDD,met3-met4,STRIPE,via,24080,133040,25680,133520,1600,via3_1600x480
VDD,met2-met3,STRIPE,via,24080,133040,25680,133520,1600,via2_1600x480
VDD,met1-met2,STRIPE,via,24080,133040,25680,133520,1600,via_1600x480
VDD,met3-met4,STRIPE,via,266500,127600,268100,128080,1600,via3_1600x480
VDD,met2-met3,STRIPE,via,266500,127600,268100,128080,1600,via2_1600x480
VDD,met1-met2,STRIPE,via,266500,127600,268100,128080,1600,via_1600x480
VDD,met3-met4,STRIPE,via,238661,127600,240261,128080,1600,via3_1600x480
VDD,met2-met3,STRIPE,via,238661,127600,240261,128080,1600,via2_1600x480
VDD,met1-met2,STRIPE,via,238661,127600,240261,128080,1600,via_1600x480
VDD,met3-met4,STRIPE,via,212165,127600,213765,128080,1600,via3_1600x480
VDD,met2-met3,STRIPE,via,212165,127600,213765,128080,1600,via2_1600x480
VDD,met1-met2,STRIPE,via,212165,127600,213765,128080,1600,via_1600x480
VDD,met3-met4,STRIPE,via,185355,127600,186955,128080,1600,via3_1600x480
VDD,met2-met3,STRIPE,via,185355,127600,186955,128080,1600,via2_1600x480
VDD,met1-met2,STRIPE,via,185355,127600,186955,128080,1600,via_1600x480
VDD,met3-met4,STRIPE,via,157886,127600,159486,128080,1600,via3_1600x480
VDD,met2-met3,STRIPE,via,157886,127600,159486,128080,1600,via2_1600x480
VDD,met1-met2,STRIPE,via,157886,127600,159486,128080,1600,via_1600x480
VDD,met3-met4,STRIPE,via,131594,127600,133194,128080,1600,via3_1600x480
VDD,met2-met3,STRIPE,via,131594,127600,133194,128080,1600,via2_1600x480
VDD,met1-met2,STRIPE,via,131594,127600,133194,128080,1600,via_1600x480
VDD,met3-met4,STRIPE,via,103479,127600,105079,128080,1600,via3_1600x480
VDD,met2-met3,STRIPE,via,103479,127600,105079,128080,1600,via2_1600x480
VDD,met1-met2,STRIPE,via,103479,127600,105079,128080,1600,via_1600x480
VDD,met3-met4,STRIPE,via,78298,127600,79898,128080,1600,via3_1600x480
VDD,met2-met3,STRIPE,via,78298,127600,79898,128080,1600,via2_1600x480
VDD,met1-met2,STRIPE,via,78298,127600,79898,128080,1600,via_1600x480
VDD,met3-met4,STRIPE,via,49970,127600,51570,128080,1600,via3_1600x480
VDD,met2-met3,STRIPE,via,49970,127600,51570,128080,1600,via2_1600x480
VDD,met1-met2,STRIPE,via,49970,127600,51570,128080,1600,via_1600x480
VDD,met3-met4,STRIPE,via,24080,127600,25680,128080,1600,via3_1600x480
VDD,met2-met3,STRIPE,via,24080,127600,25680,128080,1600,via2_1600x480
VDD,met1-met2,STRIPE,via,24080,127600,25680,128080,1600,via_1600x480
VDD,met3-met4,STRIPE,via,266500,122160,268100,122640,1600,via3_1600x480
VDD,met2-met3,STRIPE,via,266500,122160,268100,122640,1600,via2_1600x480
VDD,met1-met2,STRIPE,via,266500,122160,268100,122640,1600,via_1600x480
VDD,met3-met4,STRIPE,via,238661,122160,240261,122640,1600,via3_1600x480
VDD,met2-met3,STRIPE,via,238661,122160,240261,122640,1600,via2_1600x480
VDD,met1-met2,STRIPE,via,238661,122160,240261,122640,1600,via_1600x480
VDD,met3-met4,STRIPE,via,212165,122160,213765,122640,1600,via3_1600x480
VDD,met2-met3,STRIPE,via,212165,122160,213765,122640,1600,via2_1600x480
VDD,met1-met2,STRIPE,via,212165,122160,213765,122640,1600,via_1600x480
VDD,met3-met4,STRIPE,via,185355,122160,186955,122640,1600,via3_1600x480
VDD,met2-met3,STRIPE,via,185355,122160,186955,122640,1600,via2_1600x480
VDD,met1-met2,STRIPE,via,185355,122160,186955,122640,1600,via_1600x480
VDD,met3-met4,STRIPE,via,157886,122160,159486,122640,1600,via3_1600x480
VDD,met2-met3,STRIPE,via,157886,122160,159486,122640,1600,via2_1600x480
VDD,met1-met2,STRIPE,via,157886,122160,159486,122640,1600,via_1600x480
VDD,met3-met4,STRIPE,via,131594,122160,133194,122640,1600,via3_1600x480
VDD,met2-met3,STRIPE,via,131594,122160,133194,122640,1600,via2_1600x480
VDD,met1-met2,STRIPE,via,131594,122160,133194,122640,1600,via_1600x480
VDD,met3-met4,STRIPE,via,103479,122160,105079,122640,1600,via3_1600x480
VDD,met2-met3,STRIPE,via,103479,122160,105079,122640,1600,via2_1600x480
VDD,met1-met2,STRIPE,via,103479,122160,105079,122640,1600,via_1600x480
VDD,met3-met4,STRIPE,via,78298,122160,79898,122640,1600,via3_1600x480
VDD,met2-met3,STRIPE,via,78298,122160,79898,122640,1600,via2_1600x480
VDD,met1-met2,STRIPE,via,78298,122160,79898,122640,1600,via_1600x480
VDD,met3-met4,STRIPE,via,49970,122160,51570,122640,1600,via3_1600x480
VDD,met2-met3,STRIPE,via,49970,122160,51570,122640,1600,via2_1600x480
VDD,met1-met2,STRIPE,via,49970,122160,51570,122640,1600,via_1600x480
VDD,met3-met4,STRIPE,via,24080,122160,25680,122640,1600,via3_1600x480
VDD,met2-met3,STRIPE,via,24080,122160,25680,122640,1600,via2_1600x480
VDD,met1-met2,STRIPE,via,24080,122160,25680,122640,1600,via_1600x480
VDD,met3-met4,STRIPE,via,266500,116720,268100,117200,1600,via3_1600x480
VDD,met2-met3,STRIPE,via,266500,116720,268100,117200,1600,via2_1600x480
VDD,met1-met2,STRIPE,via,266500,116720,268100,117200,1600,via_1600x480
VDD,met3-met4,STRIPE,via,238661,116720,240261,117200,1600,via3_1600x480
VDD,met2-met3,STRIPE,via,238661,116720,240261,117200,1600,via2_1600x480
VDD,met1-met2,STRIPE,via,238661,116720,240261,117200,1600,via_1600x480
VDD,met3-met4,STRIPE,via,212165,116720,213765,117200,1600,via3_1600x480
VDD,met2-met3,STRIPE,via,212165,116720,213765,117200,1600,via2_1600x480
VDD,met1-met2,STRIPE,via,212165,116720,213765,117200,1600,via_1600x480
VDD,met3-met4,STRIPE,via,185355,116720,186955,117200,1600,via3_1600x480
VDD,met2-met3,STRIPE,via,185355,116720,186955,117200,1600,via2_1600x480
VDD,met1-met2,STRIPE,via,185355,116720,186955,117200,1600,via_1600x480
VDD,met3-met4,STRIPE,via,157886,116720,159486,117200,1600,via3_1600x480
VDD,met2-met3,STRIPE,via,157886,116720,159486,117200,1600,via2_1600x480
VDD,met1-met2,STRIPE,via,157886,116720,159486,117200,1600,via_1600x480
VDD,met3-met4,STRIPE,via,131594,116720,133194,117200,1600,via3_1600x480
VDD,met2-met3,STRIPE,via,131594,116720,133194,117200,1600,via2_1600x480
VDD,met1-met2,STRIPE,via,131594,116720,133194,117200,1600,via_1600x480
VDD,met3-met4,STRIPE,via,103479,116720,105079,117200,1600,via3_1600x480
VDD,met2-met3,STRIPE,via,103479,116720,105079,117200,1600,via2_1600x480
VDD,met1-met2,STRIPE,via,103479,116720,105079,117200,1600,via_1600x480
VDD,met3-met4,STRIPE,via,78298,116720,79898,117200,1600,via3_1600x480
VDD,met2-met3,STRIPE,via,78298,116720,79898,117200,1600,via2_1600x480
VDD,met1-met2,STRIPE,via,78298,116720,79898,117200,1600,via_1600x480
VDD,met3-met4,STRIPE,via,49970,116720,51570,117200,1600,via3_1600x480
VDD,met2-met3,STRIPE,via,49970,116720,51570,117200,1600,via2_1600x480
VDD,met1-met2,STRIPE,via,49970,116720,51570,117200,1600,via_1600x480
VDD,met3-met4,STRIPE,via,24080,116720,25680,117200,1600,via3_1600x480
VDD,met2-met3,STRIPE,via,24080,116720,25680,117200,1600,via2_1600x480
VDD,met1-met2,STRIPE,via,24080,116720,25680,117200,1600,via_1600x480
VDD,met3-met4,STRIPE,via,266500,111280,268100,111760,1600,via3_1600x480
VDD,met2-met3,STRIPE,via,266500,111280,268100,111760,1600,via2_1600x480
VDD,met1-met2,STRIPE,via,266500,111280,268100,111760,1600,via_1600x480
VDD,met3-met4,STRIPE,via,238661,111280,240261,111760,1600,via3_1600x480
VDD,met2-met3,STRIPE,via,238661,111280,240261,111760,1600,via2_1600x480
VDD,met1-met2,STRIPE,via,238661,111280,240261,111760,1600,via_1600x480
VDD,met3-met4,STRIPE,via,212165,111280,213765,111760,1600,via3_1600x480
VDD,met2-met3,STRIPE,via,212165,111280,213765,111760,1600,via2_1600x480
VDD,met1-met2,STRIPE,via,212165,111280,213765,111760,1600,via_1600x480
VDD,met3-met4,STRIPE,via,185355,111280,186955,111760,1600,via3_1600x480
VDD,met2-met3,STRIPE,via,185355,111280,186955,111760,1600,via2_1600x480
VDD,met1-met2,STRIPE,via,185355,111280,186955,111760,1600,via_1600x480
VDD,met3-met4,STRIPE,via,157886,111280,159486,111760,1600,via3_1600x480
VDD,met2-met3,STRIPE,via,157886,111280,159486,111760,1600,via2_1600x480
VDD,met1-met2,STRIPE,via,157886,111280,159486,111760,1600,via_1600x480
VDD,met3-met4,STRIPE,via,131594,111280,133194,111760,1600,via3_1600x480
VDD,met2-met3,STRIPE,via,131594,111280,133194,111760,1600,via2_1600x480
VDD,met1-met2,STRIPE,via,131594,111280,133194,111760,1600,via_1600x480
VDD,met3-met4,STRIPE,via,103479,111280,105079,111760,1600,via3_1600x480
VDD,met2-met3,STRIPE,via,103479,111280,105079,111760,1600,via2_1600x480
VDD,met1-met2,STRIPE,via,103479,111280,105079,111760,1600,via_1600x480
VDD,met3-met4,STRIPE,via,78298,111280,79898,111760,1600,via3_1600x480
VDD,met2-met3,STRIPE,via,78298,111280,79898,111760,1600,via2_1600x480
VDD,met1-met2,STRIPE,via,78298,111280,79898,111760,1600,via_1600x480
VDD,met3-met4,STRIPE,via,49970,111280,51570,111760,1600,via3_1600x480
VDD,met2-met3,STRIPE,via,49970,111280,51570,111760,1600,via2_1600x480
VDD,met1-met2,STRIPE,via,49970,111280,51570,111760,1600,via_1600x480
VDD,met3-met4,STRIPE,via,24080,111280,25680,111760,1600,via3_1600x480
VDD,met2-met3,STRIPE,via,24080,111280,25680,111760,1600,via2_1600x480
VDD,met1-met2,STRIPE,via,24080,111280,25680,111760,1600,via_1600x480
VDD,met3-met4,STRIPE,via,266500,105840,268100,106320,1600,via3_1600x480
VDD,met2-met3,STRIPE,via,266500,105840,268100,106320,1600,via2_1600x480
VDD,met1-met2,STRIPE,via,266500,105840,268100,106320,1600,via_1600x480
VDD,met3-met4,STRIPE,via,238661,105840,240261,106320,1600,via3_1600x480
VDD,met2-met3,STRIPE,via,238661,105840,240261,106320,1600,via2_1600x480
VDD,met1-met2,STRIPE,via,238661,105840,240261,106320,1600,via_1600x480
VDD,met3-met4,STRIPE,via,212165,105840,213765,106320,1600,via3_1600x480
VDD,met2-met3,STRIPE,via,212165,105840,213765,106320,1600,via2_1600x480
VDD,met1-met2,STRIPE,via,212165,105840,213765,106320,1600,via_1600x480
VDD,met3-met4,STRIPE,via,185355,105840,186955,106320,1600,via3_1600x480
VDD,met2-met3,STRIPE,via,185355,105840,186955,106320,1600,via2_1600x480
VDD,met1-met2,STRIPE,via,185355,105840,186955,106320,1600,via_1600x480
VDD,met3-met4,STRIPE,via,157886,105840,159486,106320,1600,via3_1600x480
VDD,met2-met3,STRIPE,via,157886,105840,159486,106320,1600,via2_1600x480
VDD,met1-met2,STRIPE,via,157886,105840,159486,106320,1600,via_1600x480
VDD,met3-met4,STRIPE,via,131594,105840,133194,106320,1600,via3_1600x480
VDD,met2-met3,STRIPE,via,131594,105840,133194,106320,1600,via2_1600x480
VDD,met1-met2,STRIPE,via,131594,105840,133194,106320,1600,via_1600x480
VDD,met3-met4,STRIPE,via,103479,105840,105079,106320,1600,via3_1600x480
VDD,met2-met3,STRIPE,via,103479,105840,105079,106320,1600,via2_1600x480
VDD,met1-met2,STRIPE,via,103479,105840,105079,106320,1600,via_1600x480
VDD,met3-met4,STRIPE,via,78298,105840,79898,106320,1600,via3_1600x480
VDD,met2-met3,STRIPE,via,78298,105840,79898,106320,1600,via2_1600x480
VDD,met1-met2,STRIPE,via,78298,105840,79898,106320,1600,via_1600x480
VDD,met3-met4,STRIPE,via,49970,105840,51570,106320,1600,via3_1600x480
VDD,met2-met3,STRIPE,via,49970,105840,51570,106320,1600,via2_1600x480
VDD,met1-met2,STRIPE,via,49970,105840,51570,106320,1600,via_1600x480
VDD,met3-met4,STRIPE,via,24080,105840,25680,106320,1600,via3_1600x480
VDD,met2-met3,STRIPE,via,24080,105840,25680,106320,1600,via2_1600x480
VDD,met1-met2,STRIPE,via,24080,105840,25680,106320,1600,via_1600x480
VDD,met3-met4,STRIPE,via,266500,100400,268100,100880,1600,via3_1600x480
VDD,met2-met3,STRIPE,via,266500,100400,268100,100880,1600,via2_1600x480
VDD,met1-met2,STRIPE,via,266500,100400,268100,100880,1600,via_1600x480
VDD,met3-met4,STRIPE,via,238661,100400,240261,100880,1600,via3_1600x480
VDD,met2-met3,STRIPE,via,238661,100400,240261,100880,1600,via2_1600x480
VDD,met1-met2,STRIPE,via,238661,100400,240261,100880,1600,via_1600x480
VDD,met3-met4,STRIPE,via,212165,100400,213765,100880,1600,via3_1600x480
VDD,met2-met3,STRIPE,via,212165,100400,213765,100880,1600,via2_1600x480
VDD,met1-met2,STRIPE,via,212165,100400,213765,100880,1600,via_1600x480
VDD,met3-met4,STRIPE,via,185355,100400,186955,100880,1600,via3_1600x480
VDD,met2-met3,STRIPE,via,185355,100400,186955,100880,1600,via2_1600x480
VDD,met1-met2,STRIPE,via,185355,100400,186955,100880,1600,via_1600x480
VDD,met3-met4,STRIPE,via,157886,100400,159486,100880,1600,via3_1600x480
VDD,met2-met3,STRIPE,via,157886,100400,159486,100880,1600,via2_1600x480
VDD,met1-met2,STRIPE,via,157886,100400,159486,100880,1600,via_1600x480
VDD,met3-met4,STRIPE,via,131594,100400,133194,100880,1600,via3_1600x480
VDD,met2-met3,STRIPE,via,131594,100400,133194,100880,1600,via2_1600x480
VDD,met1-met2,STRIPE,via,131594,100400,133194,100880,1600,via_1600x480
VDD,met3-met4,STRIPE,via,103479,100400,105079,100880,1600,via3_1600x480
VDD,met2-met3,STRIPE,via,103479,100400,105079,100880,1600,via2_1600x480
VDD,met1-met2,STRIPE,via,103479,100400,105079,100880,1600,via_1600x480
VDD,met3-met4,STRIPE,via,78298,100400,79898,100880,1600,via3_1600x480
VDD,met2-met3,STRIPE,via,78298,100400,79898,100880,1600,via2_1600x480
VDD,met1-met2,STRIPE,via,78298,100400,79898,100880,1600,via_1600x480
VDD,met3-met4,STRIPE,via,49970,100400,51570,100880,1600,via3_1600x480
VDD,met2-met3,STRIPE,via,49970,100400,51570,100880,1600,via2_1600x480
VDD,met1-met2,STRIPE,via,49970,100400,51570,100880,1600,via_1600x480
VDD,met3-met4,STRIPE,via,24080,100400,25680,100880,1600,via3_1600x480
VDD,met2-met3,STRIPE,via,24080,100400,25680,100880,1600,via2_1600x480
VDD,met1-met2,STRIPE,via,24080,100400,25680,100880,1600,via_1600x480
VDD,met3-met4,STRIPE,via,266500,94960,268100,95440,1600,via3_1600x480
VDD,met2-met3,STRIPE,via,266500,94960,268100,95440,1600,via2_1600x480
VDD,met1-met2,STRIPE,via,266500,94960,268100,95440,1600,via_1600x480
VDD,met3-met4,STRIPE,via,238661,94960,240261,95440,1600,via3_1600x480
VDD,met2-met3,STRIPE,via,238661,94960,240261,95440,1600,via2_1600x480
VDD,met1-met2,STRIPE,via,238661,94960,240261,95440,1600,via_1600x480
VDD,met3-met4,STRIPE,via,212165,94960,213765,95440,1600,via3_1600x480
VDD,met2-met3,STRIPE,via,212165,94960,213765,95440,1600,via2_1600x480
VDD,met1-met2,STRIPE,via,212165,94960,213765,95440,1600,via_1600x480
VDD,met3-met4,STRIPE,via,185355,94960,186955,95440,1600,via3_1600x480
VDD,met2-met3,STRIPE,via,185355,94960,186955,95440,1600,via2_1600x480
VDD,met1-met2,STRIPE,via,185355,94960,186955,95440,1600,via_1600x480
VDD,met3-met4,STRIPE,via,157886,94960,159486,95440,1600,via3_1600x480
VDD,met2-met3,STRIPE,via,157886,94960,159486,95440,1600,via2_1600x480
VDD,met1-met2,STRIPE,via,157886,94960,159486,95440,1600,via_1600x480
VDD,met3-met4,STRIPE,via,131594,94960,133194,95440,1600,via3_1600x480
VDD,met2-met3,STRIPE,via,131594,94960,133194,95440,1600,via2_1600x480
VDD,met1-met2,STRIPE,via,131594,94960,133194,95440,1600,via_1600x480
VDD,met3-met4,STRIPE,via,103479,94960,105079,95440,1600,via3_1600x480
VDD,met2-met3,STRIPE,via,103479,94960,105079,95440,1600,via2_1600x480
VDD,met1-met2,STRIPE,via,103479,94960,105079,95440,1600,via_1600x480
VDD,met3-met4,STRIPE,via,78298,94960,79898,95440,1600,via3_1600x480
VDD,met2-met3,STRIPE,via,78298,94960,79898,95440,1600,via2_1600x480
VDD,met1-met2,STRIPE,via,78298,94960,79898,95440,1600,via_1600x480
VDD,met3-met4,STRIPE,via,49970,94960,51570,95440,1600,via3_1600x480
VDD,met2-met3,STRIPE,via,49970,94960,51570,95440,1600,via2_1600x480
VDD,met1-met2,STRIPE,via,49970,94960,51570,95440,1600,via_1600x480
VDD,met3-met4,STRIPE,via,24080,94960,25680,95440,1600,via3_1600x480
VDD,met2-met3,STRIPE,via,24080,94960,25680,95440,1600,via2_1600x480
VDD,met1-met2,STRIPE,via,24080,94960,25680,95440,1600,via_1600x480
VDD,met3-met4,STRIPE,via,266500,89520,268100,90000,1600,via3_1600x480
VDD,met2-met3,STRIPE,via,266500,89520,268100,90000,1600,via2_1600x480
VDD,met1-met2,STRIPE,via,266500,89520,268100,90000,1600,via_1600x480
VDD,met3-met4,STRIPE,via,238661,89520,240261,90000,1600,via3_1600x480
VDD,met2-met3,STRIPE,via,238661,89520,240261,90000,1600,via2_1600x480
VDD,met1-met2,STRIPE,via,238661,89520,240261,90000,1600,via_1600x480
VDD,met3-met4,STRIPE,via,212165,89520,213765,90000,1600,via3_1600x480
VDD,met2-met3,STRIPE,via,212165,89520,213765,90000,1600,via2_1600x480
VDD,met1-met2,STRIPE,via,212165,89520,213765,90000,1600,via_1600x480
VDD,met3-met4,STRIPE,via,185355,89520,186955,90000,1600,via3_1600x480
VDD,met2-met3,STRIPE,via,185355,89520,186955,90000,1600,via2_1600x480
VDD,met1-met2,STRIPE,via,185355,89520,186955,90000,1600,via_1600x480
VDD,met3-met4,STRIPE,via,157886,89520,159486,90000,1600,via3_1600x480
VDD,met2-met3,STRIPE,via,157886,89520,159486,90000,1600,via2_1600x480
VDD,met1-met2,STRIPE,via,157886,89520,159486,90000,1600,via_1600x480
VDD,met3-met4,STRIPE,via,131594,89520,133194,90000,1600,via3_1600x480
VDD,met2-met3,STRIPE,via,131594,89520,133194,90000,1600,via2_1600x480
VDD,met1-met2,STRIPE,via,131594,89520,133194,90000,1600,via_1600x480
VDD,met3-met4,STRIPE,via,103479,89520,105079,90000,1600,via3_1600x480
VDD,met2-met3,STRIPE,via,103479,89520,105079,90000,1600,via2_1600x480
VDD,met1-met2,STRIPE,via,103479,89520,105079,90000,1600,via_1600x480
VDD,met3-met4,STRIPE,via,78298,89520,79898,90000,1600,via3_1600x480
VDD,met2-met3,STRIPE,via,78298,89520,79898,90000,1600,via2_1600x480
VDD,met1-met2,STRIPE,via,78298,89520,79898,90000,1600,via_1600x480
VDD,met3-met4,STRIPE,via,49970,89520,51570,90000,1600,via3_1600x480
VDD,met2-met3,STRIPE,via,49970,89520,51570,90000,1600,via2_1600x480
VDD,met1-met2,STRIPE,via,49970,89520,51570,90000,1600,via_1600x480
VDD,met3-met4,STRIPE,via,24080,89520,25680,90000,1600,via3_1600x480
VDD,met2-met3,STRIPE,via,24080,89520,25680,90000,1600,via2_1600x480
VDD,met1-met2,STRIPE,via,24080,89520,25680,90000,1600,via_1600x480
VDD,met3-met4,STRIPE,via,266500,84080,268100,84560,1600,via3_1600x480
VDD,met2-met3,STRIPE,via,266500,84080,268100,84560,1600,via2_1600x480
VDD,met1-met2,STRIPE,via,266500,84080,268100,84560,1600,via_1600x480
VDD,met3-met4,STRIPE,via,238661,84080,240261,84560,1600,via3_1600x480
VDD,met2-met3,STRIPE,via,238661,84080,240261,84560,1600,via2_1600x480
VDD,met1-met2,STRIPE,via,238661,84080,240261,84560,1600,via_1600x480
VDD,met3-met4,STRIPE,via,212165,84080,213765,84560,1600,via3_1600x480
VDD,met2-met3,STRIPE,via,212165,84080,213765,84560,1600,via2_1600x480
VDD,met1-met2,STRIPE,via,212165,84080,213765,84560,1600,via_1600x480
VDD,met3-met4,STRIPE,via,185355,84080,186955,84560,1600,via3_1600x480
VDD,met2-met3,STRIPE,via,185355,84080,186955,84560,1600,via2_1600x480
VDD,met1-met2,STRIPE,via,185355,84080,186955,84560,1600,via_1600x480
VDD,met3-met4,STRIPE,via,157886,84080,159486,84560,1600,via3_1600x480
VDD,met2-met3,STRIPE,via,157886,84080,159486,84560,1600,via2_1600x480
VDD,met1-met2,STRIPE,via,157886,84080,159486,84560,1600,via_1600x480
VDD,met3-met4,STRIPE,via,131594,84080,133194,84560,1600,via3_1600x480
VDD,met2-met3,STRIPE,via,131594,84080,133194,84560,1600,via2_1600x480
VDD,met1-met2,STRIPE,via,131594,84080,133194,84560,1600,via_1600x480
VDD,met3-met4,STRIPE,via,103479,84080,105079,84560,1600,via3_1600x480
VDD,met2-met3,STRIPE,via,103479,84080,105079,84560,1600,via2_1600x480
VDD,met1-met2,STRIPE,via,103479,84080,105079,84560,1600,via_1600x480
VDD,met3-met4,STRIPE,via,78298,84080,79898,84560,1600,via3_1600x480
VDD,met2-met3,STRIPE,via,78298,84080,79898,84560,1600,via2_1600x480
VDD,met1-met2,STRIPE,via,78298,84080,79898,84560,1600,via_1600x480
VDD,met3-met4,STRIPE,via,49970,84080,51570,84560,1600,via3_1600x480
VDD,met2-met3,STRIPE,via,49970,84080,51570,84560,1600,via2_1600x480
VDD,met1-met2,STRIPE,via,49970,84080,51570,84560,1600,via_1600x480
VDD,met3-met4,STRIPE,via,24080,84080,25680,84560,1600,via3_1600x480
VDD,met2-met3,STRIPE,via,24080,84080,25680,84560,1600,via2_1600x480
VDD,met1-met2,STRIPE,via,24080,84080,25680,84560,1600,via_1600x480
VDD,met3-met4,STRIPE,via,266500,78640,268100,79120,1600,via3_1600x480
VDD,met2-met3,STRIPE,via,266500,78640,268100,79120,1600,via2_1600x480
VDD,met1-met2,STRIPE,via,266500,78640,268100,79120,1600,via_1600x480
VDD,met3-met4,STRIPE,via,238661,78640,240261,79120,1600,via3_1600x480
VDD,met2-met3,STRIPE,via,238661,78640,240261,79120,1600,via2_1600x480
VDD,met1-met2,STRIPE,via,238661,78640,240261,79120,1600,via_1600x480
VDD,met3-met4,STRIPE,via,212165,78640,213765,79120,1600,via3_1600x480
VDD,met2-met3,STRIPE,via,212165,78640,213765,79120,1600,via2_1600x480
VDD,met1-met2,STRIPE,via,212165,78640,213765,79120,1600,via_1600x480
VDD,met3-met4,STRIPE,via,185355,78640,186955,79120,1600,via3_1600x480
VDD,met2-met3,STRIPE,via,185355,78640,186955,79120,1600,via2_1600x480
VDD,met1-met2,STRIPE,via,185355,78640,186955,79120,1600,via_1600x480
VDD,met3-met4,STRIPE,via,157886,78640,159486,79120,1600,via3_1600x480
VDD,met2-met3,STRIPE,via,157886,78640,159486,79120,1600,via2_1600x480
VDD,met1-met2,STRIPE,via,157886,78640,159486,79120,1600,via_1600x480
VDD,met3-met4,STRIPE,via,131594,78640,133194,79120,1600,via3_1600x480
VDD,met2-met3,STRIPE,via,131594,78640,133194,79120,1600,via2_1600x480
VDD,met1-met2,STRIPE,via,131594,78640,133194,79120,1600,via_1600x480
VDD,met3-met4,STRIPE,via,103479,78640,105079,79120,1600,via3_1600x480
VDD,met2-met3,STRIPE,via,103479,78640,105079,79120,1600,via2_1600x480
VDD,met1-met2,STRIPE,via,103479,78640,105079,79120,1600,via_1600x480
VDD,met3-met4,STRIPE,via,78298,78640,79898,79120,1600,via3_1600x480
VDD,met2-met3,STRIPE,via,78298,78640,79898,79120,1600,via2_1600x480
VDD,met1-met2,STRIPE,via,78298,78640,79898,79120,1600,via_1600x480
VDD,met3-met4,STRIPE,via,49970,78640,51570,79120,1600,via3_1600x480
VDD,met2-met3,STRIPE,via,49970,78640,51570,79120,1600,via2_1600x480
VDD,met1-met2,STRIPE,via,49970,78640,51570,79120,1600,via_1600x480
VDD,met3-met4,STRIPE,via,24080,78640,25680,79120,1600,via3_1600x480
VDD,met2-met3,STRIPE,via,24080,78640,25680,79120,1600,via2_1600x480
VDD,met1-met2,STRIPE,via,24080,78640,25680,79120,1600,via_1600x480
VDD,met3-met4,STRIPE,via,266500,73200,268100,73680,1600,via3_1600x480
VDD,met2-met3,STRIPE,via,266500,73200,268100,73680,1600,via2_1600x480
VDD,met1-met2,STRIPE,via,266500,73200,268100,73680,1600,via_1600x480
VDD,met3-met4,STRIPE,via,238661,73200,240261,73680,1600,via3_1600x480
VDD,met2-met3,STRIPE,via,238661,73200,240261,73680,1600,via2_1600x480
VDD,met1-met2,STRIPE,via,238661,73200,240261,73680,1600,via_1600x480
VDD,met3-met4,STRIPE,via,212165,73200,213765,73680,1600,via3_1600x480
VDD,met2-met3,STRIPE,via,212165,73200,213765,73680,1600,via2_1600x480
VDD,met1-met2,STRIPE,via,212165,73200,213765,73680,1600,via_1600x480
VDD,met3-met4,STRIPE,via,185355,73200,186955,73680,1600,via3_1600x480
VDD,met2-met3,STRIPE,via,185355,73200,186955,73680,1600,via2_1600x480
VDD,met1-met2,STRIPE,via,185355,73200,186955,73680,1600,via_1600x480
VDD,met3-met4,STRIPE,via,157886,73200,159486,73680,1600,via3_1600x480
VDD,met2-met3,STRIPE,via,157886,73200,159486,73680,1600,via2_1600x480
VDD,met1-met2,STRIPE,via,157886,73200,159486,73680,1600,via_1600x480
VDD,met3-met4,STRIPE,via,131594,73200,133194,73680,1600,via3_1600x480
VDD,met2-met3,STRIPE,via,131594,73200,133194,73680,1600,via2_1600x480
VDD,met1-met2,STRIPE,via,131594,73200,133194,73680,1600,via_1600x480
VDD,met3-met4,STRIPE,via,103479,73200,105079,73680,1600,via3_1600x480
VDD,met2-met3,STRIPE,via,103479,73200,105079,73680,1600,via2_1600x480
VDD,met1-met2,STRIPE,via,103479,73200,105079,73680,1600,via_1600x480
VDD,met3-met4,STRIPE,via,78298,73200,79898,73680,1600,via3_1600x480
VDD,met2-met3,STRIPE,via,78298,73200,79898,73680,1600,via2_1600x480
VDD,met1-met2,STRIPE,via,78298,73200,79898,73680,1600,via_1600x480
VDD,met3-met4,STRIPE,via,49970,73200,51570,73680,1600,via3_1600x480
VDD,met2-met3,STRIPE,via,49970,73200,51570,73680,1600,via2_1600x480
VDD,met1-met2,STRIPE,via,49970,73200,51570,73680,1600,via_1600x480
VDD,met3-met4,STRIPE,via,24080,73200,25680,73680,1600,via3_1600x480
VDD,met2-met3,STRIPE,via,24080,73200,25680,73680,1600,via2_1600x480
VDD,met1-met2,STRIPE,via,24080,73200,25680,73680,1600,via_1600x480
VDD,met3-met4,STRIPE,via,266500,67760,268100,68240,1600,via3_1600x480
VDD,met2-met3,STRIPE,via,266500,67760,268100,68240,1600,via2_1600x480
VDD,met1-met2,STRIPE,via,266500,67760,268100,68240,1600,via_1600x480
VDD,met3-met4,STRIPE,via,238661,67760,240261,68240,1600,via3_1600x480
VDD,met2-met3,STRIPE,via,238661,67760,240261,68240,1600,via2_1600x480
VDD,met1-met2,STRIPE,via,238661,67760,240261,68240,1600,via_1600x480
VDD,met3-met4,STRIPE,via,212165,67760,213765,68240,1600,via3_1600x480
VDD,met2-met3,STRIPE,via,212165,67760,213765,68240,1600,via2_1600x480
VDD,met1-met2,STRIPE,via,212165,67760,213765,68240,1600,via_1600x480
VDD,met3-met4,STRIPE,via,185355,67760,186955,68240,1600,via3_1600x480
VDD,met2-met3,STRIPE,via,185355,67760,186955,68240,1600,via2_1600x480
VDD,met1-met2,STRIPE,via,185355,67760,186955,68240,1600,via_1600x480
VDD,met3-met4,STRIPE,via,157886,67760,159486,68240,1600,via3_1600x480
VDD,met2-met3,STRIPE,via,157886,67760,159486,68240,1600,via2_1600x480
VDD,met1-met2,STRIPE,via,157886,67760,159486,68240,1600,via_1600x480
VDD,met3-met4,STRIPE,via,131594,67760,133194,68240,1600,via3_1600x480
VDD,met2-met3,STRIPE,via,131594,67760,133194,68240,1600,via2_1600x480
VDD,met1-met2,STRIPE,via,131594,67760,133194,68240,1600,via_1600x480
VDD,met3-met4,STRIPE,via,103479,67760,105079,68240,1600,via3_1600x480
VDD,met2-met3,STRIPE,via,103479,67760,105079,68240,1600,via2_1600x480
VDD,met1-met2,STRIPE,via,103479,67760,105079,68240,1600,via_1600x480
VDD,met3-met4,STRIPE,via,78298,67760,79898,68240,1600,via3_1600x480
VDD,met2-met3,STRIPE,via,78298,67760,79898,68240,1600,via2_1600x480
VDD,met1-met2,STRIPE,via,78298,67760,79898,68240,1600,via_1600x480
VDD,met3-met4,STRIPE,via,49970,67760,51570,68240,1600,via3_1600x480
VDD,met2-met3,STRIPE,via,49970,67760,51570,68240,1600,via2_1600x480
VDD,met1-met2,STRIPE,via,49970,67760,51570,68240,1600,via_1600x480
VDD,met3-met4,STRIPE,via,24080,67760,25680,68240,1600,via3_1600x480
VDD,met2-met3,STRIPE,via,24080,67760,25680,68240,1600,via2_1600x480
VDD,met1-met2,STRIPE,via,24080,67760,25680,68240,1600,via_1600x480
VDD,met3-met4,STRIPE,via,266500,62320,268100,62800,1600,via3_1600x480
VDD,met2-met3,STRIPE,via,266500,62320,268100,62800,1600,via2_1600x480
VDD,met1-met2,STRIPE,via,266500,62320,268100,62800,1600,via_1600x480
VDD,met3-met4,STRIPE,via,238661,62320,240261,62800,1600,via3_1600x480
VDD,met2-met3,STRIPE,via,238661,62320,240261,62800,1600,via2_1600x480
VDD,met1-met2,STRIPE,via,238661,62320,240261,62800,1600,via_1600x480
VDD,met3-met4,STRIPE,via,212165,62320,213765,62800,1600,via3_1600x480
VDD,met2-met3,STRIPE,via,212165,62320,213765,62800,1600,via2_1600x480
VDD,met1-met2,STRIPE,via,212165,62320,213765,62800,1600,via_1600x480
VDD,met3-met4,STRIPE,via,185355,62320,186955,62800,1600,via3_1600x480
VDD,met2-met3,STRIPE,via,185355,62320,186955,62800,1600,via2_1600x480
VDD,met1-met2,STRIPE,via,185355,62320,186955,62800,1600,via_1600x480
VDD,met3-met4,STRIPE,via,157886,62320,159486,62800,1600,via3_1600x480
VDD,met2-met3,STRIPE,via,157886,62320,159486,62800,1600,via2_1600x480
VDD,met1-met2,STRIPE,via,157886,62320,159486,62800,1600,via_1600x480
VDD,met3-met4,STRIPE,via,131594,62320,133194,62800,1600,via3_1600x480
VDD,met2-met3,STRIPE,via,131594,62320,133194,62800,1600,via2_1600x480
VDD,met1-met2,STRIPE,via,131594,62320,133194,62800,1600,via_1600x480
VDD,met3-met4,STRIPE,via,103479,62320,105079,62800,1600,via3_1600x480
VDD,met2-met3,STRIPE,via,103479,62320,105079,62800,1600,via2_1600x480
VDD,met1-met2,STRIPE,via,103479,62320,105079,62800,1600,via_1600x480
VDD,met3-met4,STRIPE,via,78298,62320,79898,62800,1600,via3_1600x480
VDD,met2-met3,STRIPE,via,78298,62320,79898,62800,1600,via2_1600x480
VDD,met1-met2,STRIPE,via,78298,62320,79898,62800,1600,via_1600x480
VDD,met3-met4,STRIPE,via,49970,62320,51570,62800,1600,via3_1600x480
VDD,met2-met3,STRIPE,via,49970,62320,51570,62800,1600,via2_1600x480
VDD,met1-met2,STRIPE,via,49970,62320,51570,62800,1600,via_1600x480
VDD,met3-met4,STRIPE,via,24080,62320,25680,62800,1600,via3_1600x480
VDD,met2-met3,STRIPE,via,24080,62320,25680,62800,1600,via2_1600x480
VDD,met1-met2,STRIPE,via,24080,62320,25680,62800,1600,via_1600x480
VDD,met3-met4,STRIPE,via,266500,56880,268100,57360,1600,via3_1600x480
VDD,met2-met3,STRIPE,via,266500,56880,268100,57360,1600,via2_1600x480
VDD,met1-met2,STRIPE,via,266500,56880,268100,57360,1600,via_1600x480
VDD,met3-met4,STRIPE,via,238661,56880,240261,57360,1600,via3_1600x480
VDD,met2-met3,STRIPE,via,238661,56880,240261,57360,1600,via2_1600x480
VDD,met1-met2,STRIPE,via,238661,56880,240261,57360,1600,via_1600x480
VDD,met3-met4,STRIPE,via,212165,56880,213765,57360,1600,via3_1600x480
VDD,met2-met3,STRIPE,via,212165,56880,213765,57360,1600,via2_1600x480
VDD,met1-met2,STRIPE,via,212165,56880,213765,57360,1600,via_1600x480
VDD,met3-met4,STRIPE,via,185355,56880,186955,57360,1600,via3_1600x480
VDD,met2-met3,STRIPE,via,185355,56880,186955,57360,1600,via2_1600x480
VDD,met1-met2,STRIPE,via,185355,56880,186955,57360,1600,via_1600x480
VDD,met3-met4,STRIPE,via,157886,56880,159486,57360,1600,via3_1600x480
VDD,met2-met3,STRIPE,via,157886,56880,159486,57360,1600,via2_1600x480
VDD,met1-met2,STRIPE,via,157886,56880,159486,57360,1600,via_1600x480
VDD,met3-met4,STRIPE,via,131594,56880,133194,57360,1600,via3_1600x480
VDD,met2-met3,STRIPE,via,131594,56880,133194,57360,1600,via2_1600x480
VDD,met1-met2,STRIPE,via,131594,56880,133194,57360,1600,via_1600x480
VDD,met3-met4,STRIPE,via,103479,56880,105079,57360,1600,via3_1600x480
VDD,met2-met3,STRIPE,via,103479,56880,105079,57360,1600,via2_1600x480
VDD,met1-met2,STRIPE,via,103479,56880,105079,57360,1600,via_1600x480
VDD,met3-met4,STRIPE,via,78298,56880,79898,57360,1600,via3_1600x480
VDD,met2-met3,STRIPE,via,78298,56880,79898,57360,1600,via2_1600x480
VDD,met1-met2,STRIPE,via,78298,56880,79898,57360,1600,via_1600x480
VDD,met3-met4,STRIPE,via,49970,56880,51570,57360,1600,via3_1600x480
VDD,met2-met3,STRIPE,via,49970,56880,51570,57360,1600,via2_1600x480
VDD,met1-met2,STRIPE,via,49970,56880,51570,57360,1600,via_1600x480
VDD,met3-met4,STRIPE,via,24080,56880,25680,57360,1600,via3_1600x480
VDD,met2-met3,STRIPE,via,24080,56880,25680,57360,1600,via2_1600x480
VDD,met1-met2,STRIPE,via,24080,56880,25680,57360,1600,via_1600x480
VDD,met3-met4,STRIPE,via,266500,51440,268100,51920,1600,via3_1600x480
VDD,met2-met3,STRIPE,via,266500,51440,268100,51920,1600,via2_1600x480
VDD,met1-met2,STRIPE,via,266500,51440,268100,51920,1600,via_1600x480
VDD,met3-met4,STRIPE,via,238661,51440,240261,51920,1600,via3_1600x480
VDD,met2-met3,STRIPE,via,238661,51440,240261,51920,1600,via2_1600x480
VDD,met1-met2,STRIPE,via,238661,51440,240261,51920,1600,via_1600x480
VDD,met3-met4,STRIPE,via,212165,51440,213765,51920,1600,via3_1600x480
VDD,met2-met3,STRIPE,via,212165,51440,213765,51920,1600,via2_1600x480
VDD,met1-met2,STRIPE,via,212165,51440,213765,51920,1600,via_1600x480
VDD,met3-met4,STRIPE,via,185355,51440,186955,51920,1600,via3_1600x480
VDD,met2-met3,STRIPE,via,185355,51440,186955,51920,1600,via2_1600x480
VDD,met1-met2,STRIPE,via,185355,51440,186955,51920,1600,via_1600x480
VDD,met3-met4,STRIPE,via,157886,51440,159486,51920,1600,via3_1600x480
VDD,met2-met3,STRIPE,via,157886,51440,159486,51920,1600,via2_1600x480
VDD,met1-met2,STRIPE,via,157886,51440,159486,51920,1600,via_1600x480
VDD,met3-met4,STRIPE,via,131594,51440,133194,51920,1600,via3_1600x480
VDD,met2-met3,STRIPE,via,131594,51440,133194,51920,1600,via2_1600x480
VDD,met1-met2,STRIPE,via,131594,51440,133194,51920,1600,via_1600x480
VDD,met3-met4,STRIPE,via,103479,51440,105079,51920,1600,via3_1600x480
VDD,met2-met3,STRIPE,via,103479,51440,105079,51920,1600,via2_1600x480
VDD,met1-met2,STRIPE,via,103479,51440,105079,51920,1600,via_1600x480
VDD,met3-met4,STRIPE,via,78298,51440,79898,51920,1600,via3_1600x480
VDD,met2-met3,STRIPE,via,78298,51440,79898,51920,1600,via2_1600x480
VDD,met1-met2,STRIPE,via,78298,51440,79898,51920,1600,via_1600x480
VDD,met3-met4,STRIPE,via,49970,51440,51570,51920,1600,via3_1600x480
VDD,met2-met3,STRIPE,via,49970,51440,51570,51920,1600,via2_1600x480
VDD,met1-met2,STRIPE,via,49970,51440,51570,51920,1600,via_1600x480
VDD,met3-met4,STRIPE,via,24080,51440,25680,51920,1600,via3_1600x480
VDD,met2-met3,STRIPE,via,24080,51440,25680,51920,1600,via2_1600x480
VDD,met1-met2,STRIPE,via,24080,51440,25680,51920,1600,via_1600x480
VDD,met3-met4,STRIPE,via,266500,46000,268100,46480,1600,via3_1600x480
VDD,met2-met3,STRIPE,via,266500,46000,268100,46480,1600,via2_1600x480
VDD,met1-met2,STRIPE,via,266500,46000,268100,46480,1600,via_1600x480
VDD,met3-met4,STRIPE,via,238661,46000,240261,46480,1600,via3_1600x480
VDD,met2-met3,STRIPE,via,238661,46000,240261,46480,1600,via2_1600x480
VDD,met1-met2,STRIPE,via,238661,46000,240261,46480,1600,via_1600x480
VDD,met3-met4,STRIPE,via,212165,46000,213765,46480,1600,via3_1600x480
VDD,met2-met3,STRIPE,via,212165,46000,213765,46480,1600,via2_1600x480
VDD,met1-met2,STRIPE,via,212165,46000,213765,46480,1600,via_1600x480
VDD,met3-met4,STRIPE,via,185355,46000,186955,46480,1600,via3_1600x480
VDD,met2-met3,STRIPE,via,185355,46000,186955,46480,1600,via2_1600x480
VDD,met1-met2,STRIPE,via,185355,46000,186955,46480,1600,via_1600x480
VDD,met3-met4,STRIPE,via,157886,46000,159486,46480,1600,via3_1600x480
VDD,met2-met3,STRIPE,via,157886,46000,159486,46480,1600,via2_1600x480
VDD,met1-met2,STRIPE,via,157886,46000,159486,46480,1600,via_1600x480
VDD,met3-met4,STRIPE,via,131594,46000,133194,46480,1600,via3_1600x480
VDD,met2-met3,STRIPE,via,131594,46000,133194,46480,1600,via2_1600x480
VDD,met1-met2,STRIPE,via,131594,46000,133194,46480,1600,via_1600x480
VDD,met3-met4,STRIPE,via,103479,46000,105079,46480,1600,via3_1600x480
VDD,met2-met3,STRIPE,via,103479,46000,105079,46480,1600,via2_1600x480
VDD,met1-met2,STRIPE,via,103479,46000,105079,46480,1600,via_1600x480
VDD,met3-met4,STRIPE,via,78298,46000,79898,46480,1600,via3_1600x480
VDD,met2-met3,STRIPE,via,78298,46000,79898,46480,1600,via2_1600x480
VDD,met1-met2,STRIPE,via,78298,46000,79898,46480,1600,via_1600x480
VDD,met3-met4,STRIPE,via,49970,46000,51570,46480,1600,via3_1600x480
VDD,met2-met3,STRIPE,via,49970,46000,51570,46480,1600,via2_1600x480
VDD,met1-met2,STRIPE,via,49970,46000,51570,46480,1600,via_1600x480
VDD,met3-met4,STRIPE,via,24080,46000,25680,46480,1600,via3_1600x480
VDD,met2-met3,STRIPE,via,24080,46000,25680,46480,1600,via2_1600x480
VDD,met1-met2,STRIPE,via,24080,46000,25680,46480,1600,via_1600x480
VDD,met3-met4,STRIPE,via,266500,40560,268100,41040,1600,via3_1600x480
VDD,met2-met3,STRIPE,via,266500,40560,268100,41040,1600,via2_1600x480
VDD,met1-met2,STRIPE,via,266500,40560,268100,41040,1600,via_1600x480
VDD,met3-met4,STRIPE,via,238661,40560,240261,41040,1600,via3_1600x480
VDD,met2-met3,STRIPE,via,238661,40560,240261,41040,1600,via2_1600x480
VDD,met1-met2,STRIPE,via,238661,40560,240261,41040,1600,via_1600x480
VDD,met3-met4,STRIPE,via,212165,40560,213765,41040,1600,via3_1600x480
VDD,met2-met3,STRIPE,via,212165,40560,213765,41040,1600,via2_1600x480
VDD,met1-met2,STRIPE,via,212165,40560,213765,41040,1600,via_1600x480
VDD,met3-met4,STRIPE,via,185355,40560,186955,41040,1600,via3_1600x480
VDD,met2-met3,STRIPE,via,185355,40560,186955,41040,1600,via2_1600x480
VDD,met1-met2,STRIPE,via,185355,40560,186955,41040,1600,via_1600x480
VDD,met3-met4,STRIPE,via,157886,40560,159486,41040,1600,via3_1600x480
VDD,met2-met3,STRIPE,via,157886,40560,159486,41040,1600,via2_1600x480
VDD,met1-met2,STRIPE,via,157886,40560,159486,41040,1600,via_1600x480
VDD,met3-met4,STRIPE,via,131594,40560,133194,41040,1600,via3_1600x480
VDD,met2-met3,STRIPE,via,131594,40560,133194,41040,1600,via2_1600x480
VDD,met1-met2,STRIPE,via,131594,40560,133194,41040,1600,via_1600x480
VDD,met3-met4,STRIPE,via,103479,40560,105079,41040,1600,via3_1600x480
VDD,met2-met3,STRIPE,via,103479,40560,105079,41040,1600,via2_1600x480
VDD,met1-met2,STRIPE,via,103479,40560,105079,41040,1600,via_1600x480
VDD,met3-met4,STRIPE,via,78298,40560,79898,41040,1600,via3_1600x480
VDD,met2-met3,STRIPE,via,78298,40560,79898,41040,1600,via2_1600x480
VDD,met1-met2,STRIPE,via,78298,40560,79898,41040,1600,via_1600x480
VDD,met3-met4,STRIPE,via,49970,40560,51570,41040,1600,via3_1600x480
VDD,met2-met3,STRIPE,via,49970,40560,51570,41040,1600,via2_1600x480
VDD,met1-met2,STRIPE,via,49970,40560,51570,41040,1600,via_1600x480
VDD,met3-met4,STRIPE,via,24080,40560,25680,41040,1600,via3_1600x480
VDD,met2-met3,STRIPE,via,24080,40560,25680,41040,1600,via2_1600x480
VDD,met1-met2,STRIPE,via,24080,40560,25680,41040,1600,via_1600x480
VDD,met3-met4,STRIPE,via,266500,35120,268100,35600,1600,via3_1600x480
VDD,met2-met3,STRIPE,via,266500,35120,268100,35600,1600,via2_1600x480
VDD,met1-met2,STRIPE,via,266500,35120,268100,35600,1600,via_1600x480
VDD,met3-met4,STRIPE,via,238661,35120,240261,35600,1600,via3_1600x480
VDD,met2-met3,STRIPE,via,238661,35120,240261,35600,1600,via2_1600x480
VDD,met1-met2,STRIPE,via,238661,35120,240261,35600,1600,via_1600x480
VDD,met3-met4,STRIPE,via,212165,35120,213765,35600,1600,via3_1600x480
VDD,met2-met3,STRIPE,via,212165,35120,213765,35600,1600,via2_1600x480
VDD,met1-met2,STRIPE,via,212165,35120,213765,35600,1600,via_1600x480
VDD,met3-met4,STRIPE,via,185355,35120,186955,35600,1600,via3_1600x480
VDD,met2-met3,STRIPE,via,185355,35120,186955,35600,1600,via2_1600x480
VDD,met1-met2,STRIPE,via,185355,35120,186955,35600,1600,via_1600x480
VDD,met3-met4,STRIPE,via,157886,35120,159486,35600,1600,via3_1600x480
VDD,met2-met3,STRIPE,via,157886,35120,159486,35600,1600,via2_1600x480
VDD,met1-met2,STRIPE,via,157886,35120,159486,35600,1600,via_1600x480
VDD,met3-met4,STRIPE,via,131594,35120,133194,35600,1600,via3_1600x480
VDD,met2-met3,STRIPE,via,131594,35120,133194,35600,1600,via2_1600x480
VDD,met1-met2,STRIPE,via,131594,35120,133194,35600,1600,via_1600x480
VDD,met3-met4,STRIPE,via,103479,35120,105079,35600,1600,via3_1600x480
VDD,met2-met3,STRIPE,via,103479,35120,105079,35600,1600,via2_1600x480
VDD,met1-met2,STRIPE,via,103479,35120,105079,35600,1600,via_1600x480
VDD,met3-met4,STRIPE,via,78298,35120,79898,35600,1600,via3_1600x480
VDD,met2-met3,STRIPE,via,78298,35120,79898,35600,1600,via2_1600x480
VDD,met1-met2,STRIPE,via,78298,35120,79898,35600,1600,via_1600x480
VDD,met3-met4,STRIPE,via,49970,35120,51570,35600,1600,via3_1600x480
VDD,met2-met3,STRIPE,via,49970,35120,51570,35600,1600,via2_1600x480
VDD,met1-met2,STRIPE,via,49970,35120,51570,35600,1600,via_1600x480
VDD,met3-met4,STRIPE,via,24080,35120,25680,35600,1600,via3_1600x480
VDD,met2-met3,STRIPE,via,24080,35120,25680,35600,1600,via2_1600x480
VDD,met1-met2,STRIPE,via,24080,35120,25680,35600,1600,via_1600x480
VDD,met3-met4,STRIPE,via,266500,29680,268100,30160,1600,via3_1600x480
VDD,met2-met3,STRIPE,via,266500,29680,268100,30160,1600,via2_1600x480
VDD,met1-met2,STRIPE,via,266500,29680,268100,30160,1600,via_1600x480
VDD,met3-met4,STRIPE,via,238661,29680,240261,30160,1600,via3_1600x480
VDD,met2-met3,STRIPE,via,238661,29680,240261,30160,1600,via2_1600x480
VDD,met1-met2,STRIPE,via,238661,29680,240261,30160,1600,via_1600x480
VDD,met3-met4,STRIPE,via,212165,29680,213765,30160,1600,via3_1600x480
VDD,met2-met3,STRIPE,via,212165,29680,213765,30160,1600,via2_1600x480
VDD,met1-met2,STRIPE,via,212165,29680,213765,30160,1600,via_1600x480
VDD,met3-met4,STRIPE,via,185355,29680,186955,30160,1600,via3_1600x480
VDD,met2-met3,STRIPE,via,185355,29680,186955,30160,1600,via2_1600x480
VDD,met1-met2,STRIPE,via,185355,29680,186955,30160,1600,via_1600x480
VDD,met3-met4,STRIPE,via,157886,29680,159486,30160,1600,via3_1600x480
VDD,met2-met3,STRIPE,via,157886,29680,159486,30160,1600,via2_1600x480
VDD,met1-met2,STRIPE,via,157886,29680,159486,30160,1600,via_1600x480
VDD,met3-met4,STRIPE,via,131594,29680,133194,30160,1600,via3_1600x480
VDD,met2-met3,STRIPE,via,131594,29680,133194,30160,1600,via2_1600x480
VDD,met1-met2,STRIPE,via,131594,29680,133194,30160,1600,via_1600x480
VDD,met3-met4,STRIPE,via,103479,29680,105079,30160,1600,via3_1600x480
VDD,met2-met3,STRIPE,via,103479,29680,105079,30160,1600,via2_1600x480
VDD,met1-met2,STRIPE,via,103479,29680,105079,30160,1600,via_1600x480
VDD,met3-met4,STRIPE,via,78298,29680,79898,30160,1600,via3_1600x480
VDD,met2-met3,STRIPE,via,78298,29680,79898,30160,1600,via2_1600x480
VDD,met1-met2,STRIPE,via,78298,29680,79898,30160,1600,via_1600x480
VDD,met3-met4,STRIPE,via,49970,29680,51570,30160,1600,via3_1600x480
VDD,met2-met3,STRIPE,via,49970,29680,51570,30160,1600,via2_1600x480
VDD,met1-met2,STRIPE,via,49970,29680,51570,30160,1600,via_1600x480
VDD,met3-met4,STRIPE,via,24080,29680,25680,30160,1600,via3_1600x480
VDD,met2-met3,STRIPE,via,24080,29680,25680,30160,1600,via2_1600x480
VDD,met1-met2,STRIPE,via,24080,29680,25680,30160,1600,via_1600x480
VDD,met3-met4,STRIPE,via,266500,24240,268100,24720,1600,via3_1600x480
VDD,met2-met3,STRIPE,via,266500,24240,268100,24720,1600,via2_1600x480
VDD,met1-met2,STRIPE,via,266500,24240,268100,24720,1600,via_1600x480
VDD,met3-met4,STRIPE,via,238661,24240,240261,24720,1600,via3_1600x480
VDD,met2-met3,STRIPE,via,238661,24240,240261,24720,1600,via2_1600x480
VDD,met1-met2,STRIPE,via,238661,24240,240261,24720,1600,via_1600x480
VDD,met3-met4,STRIPE,via,212165,24240,213765,24720,1600,via3_1600x480
VDD,met2-met3,STRIPE,via,212165,24240,213765,24720,1600,via2_1600x480
VDD,met1-met2,STRIPE,via,212165,24240,213765,24720,1600,via_1600x480
VDD,met3-met4,STRIPE,via,185355,24240,186955,24720,1600,via3_1600x480
VDD,met2-met3,STRIPE,via,185355,24240,186955,24720,1600,via2_1600x480
VDD,met1-met2,STRIPE,via,185355,24240,186955,24720,1600,via_1600x480
VDD,met3-met4,STRIPE,via,157886,24240,159486,24720,1600,via3_1600x480
VDD,met2-met3,STRIPE,via,157886,24240,159486,24720,1600,via2_1600x480
VDD,met1-met2,STRIPE,via,157886,24240,159486,24720,1600,via_1600x480
VDD,met3-met4,STRIPE,via,131594,24240,133194,24720,1600,via3_1600x480
VDD,met2-met3,STRIPE,via,131594,24240,133194,24720,1600,via2_1600x480
VDD,met1-met2,STRIPE,via,131594,24240,133194,24720,1600,via_1600x480
VDD,met3-met4,STRIPE,via,103479,24240,105079,24720,1600,via3_1600x480
VDD,met2-met3,STRIPE,via,103479,24240,105079,24720,1600,via2_1600x480
VDD,met1-met2,STRIPE,via,103479,24240,105079,24720,1600,via_1600x480
VDD,met3-met4,STRIPE,via,78298,24240,79898,24720,1600,via3_1600x480
VDD,met2-met3,STRIPE,via,78298,24240,79898,24720,1600,via2_1600x480
VDD,met1-met2,STRIPE,via,78298,24240,79898,24720,1600,via_1600x480
VDD,met3-met4,STRIPE,via,49970,24240,51570,24720,1600,via3_1600x480
VDD,met2-met3,STRIPE,via,49970,24240,51570,24720,1600,via2_1600x480
VDD,met1-met2,STRIPE,via,49970,24240,51570,24720,1600,via_1600x480
VDD,met3-met4,STRIPE,via,24080,24240,25680,24720,1600,via3_1600x480
VDD,met2-met3,STRIPE,via,24080,24240,25680,24720,1600,via2_1600x480
VDD,met1-met2,STRIPE,via,24080,24240,25680,24720,1600,via_1600x480
VDD,met3-met4,STRIPE,via,266500,18800,268100,19280,1600,via3_1600x480
VDD,met2-met3,STRIPE,via,266500,18800,268100,19280,1600,via2_1600x480
VDD,met1-met2,STRIPE,via,266500,18800,268100,19280,1600,via_1600x480
VDD,met3-met4,STRIPE,via,238661,18800,240261,19280,1600,via3_1600x480
VDD,met2-met3,STRIPE,via,238661,18800,240261,19280,1600,via2_1600x480
VDD,met1-met2,STRIPE,via,238661,18800,240261,19280,1600,via_1600x480
VDD,met3-met4,STRIPE,via,212165,18800,213765,19280,1600,via3_1600x480
VDD,met2-met3,STRIPE,via,212165,18800,213765,19280,1600,via2_1600x480
VDD,met1-met2,STRIPE,via,212165,18800,213765,19280,1600,via_1600x480
VDD,met3-met4,STRIPE,via,185355,18800,186955,19280,1600,via3_1600x480
VDD,met2-met3,STRIPE,via,185355,18800,186955,19280,1600,via2_1600x480
VDD,met1-met2,STRIPE,via,185355,18800,186955,19280,1600,via_1600x480
VDD,met3-met4,STRIPE,via,157886,18800,159486,19280,1600,via3_1600x480
VDD,met2-met3,STRIPE,via,157886,18800,159486,19280,1600,via2_1600x480
VDD,met1-met2,STRIPE,via,157886,18800,159486,19280,1600,via_1600x480
VDD,met3-met4,STRIPE,via,131594,18800,133194,19280,1600,via3_1600x480
VDD,met2-met3,STRIPE,via,131594,18800,133194,19280,1600,via2_1600x480
VDD,met1-met2,STRIPE,via,131594,18800,133194,19280,1600,via_1600x480
VDD,met3-met4,STRIPE,via,103479,18800,105079,19280,1600,via3_1600x480
VDD,met2-met3,STRIPE,via,103479,18800,105079,19280,1600,via2_1600x480
VDD,met1-met2,STRIPE,via,103479,18800,105079,19280,1600,via_1600x480
VDD,met3-met4,STRIPE,via,78298,18800,79898,19280,1600,via3_1600x480
VDD,met2-met3,STRIPE,via,78298,18800,79898,19280,1600,via2_1600x480
VDD,met1-met2,STRIPE,via,78298,18800,79898,19280,1600,via_1600x480
VDD,met3-met4,STRIPE,via,49970,18800,51570,19280,1600,via3_1600x480
VDD,met2-met3,STRIPE,via,49970,18800,51570,19280,1600,via2_1600x480
VDD,met1-met2,STRIPE,via,49970,18800,51570,19280,1600,via_1600x480
VDD,met3-met4,STRIPE,via,24080,18800,25680,19280,1600,via3_1600x480
VDD,met2-met3,STRIPE,via,24080,18800,25680,19280,1600,via2_1600x480
VDD,met1-met2,STRIPE,via,24080,18800,25680,19280,1600,via_1600x480
VDD,met3-met4,STRIPE,via,266500,13360,268100,13840,1600,via3_1600x480
VDD,met2-met3,STRIPE,via,266500,13360,268100,13840,1600,via2_1600x480
VDD,met1-met2,STRIPE,via,266500,13360,268100,13840,1600,via_1600x480
VDD,met3-met4,STRIPE,via,238661,13360,240261,13840,1600,via3_1600x480
VDD,met2-met3,STRIPE,via,238661,13360,240261,13840,1600,via2_1600x480
VDD,met1-met2,STRIPE,via,238661,13360,240261,13840,1600,via_1600x480
VDD,met3-met4,STRIPE,via,212165,13360,213765,13840,1600,via3_1600x480
VDD,met2-met3,STRIPE,via,212165,13360,213765,13840,1600,via2_1600x480
VDD,met1-met2,STRIPE,via,212165,13360,213765,13840,1600,via_1600x480
VDD,met3-met4,STRIPE,via,185355,13360,186955,13840,1600,via3_1600x480
VDD,met2-met3,STRIPE,via,185355,13360,186955,13840,1600,via2_1600x480
VDD,met1-met2,STRIPE,via,185355,13360,186955,13840,1600,via_1600x480
VDD,met3-met4,STRIPE,via,157886,13360,159486,13840,1600,via3_1600x480
VDD,met2-met3,STRIPE,via,157886,13360,159486,13840,1600,via2_1600x480
VDD,met1-met2,STRIPE,via,157886,13360,159486,13840,1600,via_1600x480
VDD,met3-met4,STRIPE,via,131594,13360,133194,13840,1600,via3_1600x480
VDD,met2-met3,STRIPE,via,131594,13360,133194,13840,1600,via2_1600x480
VDD,met1-met2,STRIPE,via,131594,13360,133194,13840,1600,via_1600x480
VDD,met3-met4,STRIPE,via,103479,13360,105079,13840,1600,via3_1600x480
VDD,met2-met3,STRIPE,via,103479,13360,105079,13840,1600,via2_1600x480
VDD,met1-met2,STRIPE,via,103479,13360,105079,13840,1600,via_1600x480
VDD,met3-met4,STRIPE,via,78298,13360,79898,13840,1600,via3_1600x480
VDD,met2-met3,STRIPE,via,78298,13360,79898,13840,1600,via2_1600x480
VDD,met1-met2,STRIPE,via,78298,13360,79898,13840,1600,via_1600x480
VDD,met3-met4,STRIPE,via,49970,13360,51570,13840,1600,via3_1600x480
VDD,met2-met3,STRIPE,via,49970,13360,51570,13840,1600,via2_1600x480
VDD,met1-met2,STRIPE,via,49970,13360,51570,13840,1600,via_1600x480
VDD,met3-met4,STRIPE,via,24080,13360,25680,13840,1600,via3_1600x480
VDD,met2-met3,STRIPE,via,24080,13360,25680,13840,1600,via2_1600x480
VDD,met1-met2,STRIPE,via,24080,13360,25680,13840,1600,via_1600x480
VDD,met5,STRIPE,wire,10120,241040,269560,242640,1600,
VDD,met5,STRIPE,wire,10120,213840,269560,215440,1600,
VDD,met5,STRIPE,wire,10120,186640,269560,188240,1600,
VDD,met5,STRIPE,wire,10120,159440,269560,161040,1600,
VDD,met5,STRIPE,wire,10120,132240,269560,133840,1600,
VDD,met5,STRIPE,wire,10120,105040,269560,106640,1600,
VDD,met5,STRIPE,wire,10120,77840,269560,79440,1600,
VDD,met5,STRIPE,wire,10120,50640,269560,52240,1600,
VDD,met5,STRIPE,wire,10120,23440,269560,25040,1600,
VDD,met4,STRIPE,wire,266500,10640,268100,269520,1600,
VDD,met4,STRIPE,wire,238661,10640,240261,269520,1600,
VDD,met4,STRIPE,wire,212165,10640,213765,269520,1600,
VDD,met4,STRIPE,wire,185355,10640,186955,269520,1600,
VDD,met4,STRIPE,wire,157886,10640,159486,269520,1600,
VDD,met4,STRIPE,wire,131594,10640,133194,269520,1600,
VDD,met4,STRIPE,wire,103479,10640,105079,269520,1600,
VDD,met4,STRIPE,wire,78298,10640,79898,269520,1600,
VDD,met4,STRIPE,wire,49970,10640,51570,269520,1600,
VDD,met4,STRIPE,wire,24080,10640,25680,269520,1600,
VDD,met1,FOLLOWPIN,wire,10120,269040,269560,269520,480,
VDD,met1,FOLLOWPIN,wire,10120,263600,269560,264080,480,
VDD,met1,FOLLOWPIN,wire,10120,258160,269560,258640,480,
VDD,met1,FOLLOWPIN,wire,10120,252720,269560,253200,480,
VDD,met1,FOLLOWPIN,wire,10120,247280,269560,247760,480,
VDD,met1,FOLLOWPIN,wire,10120,241840,269560,242320,480,
VDD,met1,FOLLOWPIN,wire,10120,236400,269560,236880,480,
VDD,met1,FOLLOWPIN,wire,10120,230960,269560,231440,480,
VDD,met1,FOLLOWPIN,wire,10120,225520,269560,226000,480,
VDD,met1,FOLLOWPIN,wire,10120,220080,269560,220560,480,
VDD,met1,FOLLOWPIN,wire,10120,214640,269560,215120,480,
VDD,met1,FOLLOWPIN,wire,10120,209200,269560,209680,480,
VDD,met1,FOLLOWPIN,wire,10120,203760,269560,204240,480,
VDD,met1,FOLLOWPIN,wire,10120,198320,269560,198800,480,
VDD,met1,FOLLOWPIN,wire,10120,192880,269560,193360,480,
VDD,met1,FOLLOWPIN,wire,10120,187440,269560,187920,480,
VDD,met1,FOLLOWPIN,wire,10120,182000,269560,182480,480,
VDD,met1,FOLLOWPIN,wire,10120,176560,269560,177040,480,
VDD,met1,FOLLOWPIN,wire,10120,171120,269560,171600,480,
VDD,met1,FOLLOWPIN,wire,10120,165680,269560,166160,480,
VDD,met1,FOLLOWPIN,wire,10120,160240,269560,160720,480,
VDD,met1,FOLLOWPIN,wire,10120,154800,269560,155280,480,
VDD,met1,FOLLOWPIN,wire,10120,149360,269560,149840,480,
VDD,met1,FOLLOWPIN,wire,10120,143920,269560,144400,480,
VDD,met1,FOLLOWPIN,wire,10120,138480,269560,138960,480,
VDD,met1,FOLLOWPIN,wire,10120,133040,269560,133520,480,
VDD,met1,FOLLOWPIN,wire,10120,127600,269560,128080,480,
VDD,met1,FOLLOWPIN,wire,10120,122160,269560,122640,480,
VDD,met1,FOLLOWPIN,wire,10120,116720,269560,117200,480,
VDD,met1,FOLLOWPIN,wire,10120,111280,269560,111760,480,
VDD,met1,FOLLOWPIN,wire,10120,105840,269560,106320,480,
VDD,met1,FOLLOWPIN,wire,10120,100400,269560,100880,480,
VDD,met1,FOLLOWPIN,wire,10120,94960,269560,95440,480,
VDD,met1,FOLLOWPIN,wire,10120,89520,269560,90000,480,
VDD,met1,FOLLOWPIN,wire,10120,84080,269560,84560,480,
VDD,met1,FOLLOWPIN,wire,10120,78640,269560,79120,480,
VDD,met1,FOLLOWPIN,wire,10120,73200,269560,73680,480,
VDD,met1,FOLLOWPIN,wire,10120,67760,269560,68240,480,
VDD,met1,FOLLOWPIN,wire,10120,62320,269560,62800,480,
VDD,met1,FOLLOWPIN,wire,10120,56880,269560,57360,480,
VDD,met1,FOLLOWPIN,wire,10120,51440,269560,51920,480,
VDD,met1,FOLLOWPIN,wire,10120,46000,269560,46480,480,
VDD,met1,FOLLOWPIN,wire,10120,40560,269560,41040,480,
VDD,met1,FOLLOWPIN,wire,10120,35120,269560,35600,480,
VDD,met1,FOLLOWPIN,wire,10120,29680,269560,30160,480,
VDD,met1,FOLLOWPIN,wire,10120,24240,269560,24720,480,
VDD,met1,FOLLOWPIN,wire,10120,18800,269560,19280,480,
VDD,met1,FOLLOWPIN,wire,10120,13360,269560,13840,480,
