net,layer,shape,kind,x1,y1,x2,y2,width,via_name
VSS,met4-met5,STRIPE,via,254815,254640,256415,256240,1600,via4_1600x1600
VSS,met4-met5,STRIPE,via,226442,254640,228042,256240,1600,via4_1600x1600
VSS,met4-met5,STRIPE,via,200806,254640,202406,256240,1600,via4_1600x1600
VSS,met4-met5,STRIPE,via,172508,254640,174108,256240,1600,via4_1600x1600
VSS,met4-met5,STRIPE,via,147085,254640,148685,256240,1600,via4_1600x1600
VSS,met4-met5,STRIPE,via,119969,254640,121569,256240,1600,via4_1600x1600
VSS,met4-met5,STRIPE,via,91274,254640,92874,256240,1600,via4_1600x1600
VSS,met4-met5,STRIPE,via,60895,254640,62495,256240,1600,via4_1600x1600
VSS,met4-met5,STRIPE,via,35196,254640,36796,256240,1600,via4_1600x1600
VSS,met4-met5,STRIPE,via,254815,227440,256415,229040,1600,via4_1600x1600
VSS,met4-met5,STRIPE,via,226442,227440,228042,229040,1600,via4_1600x1600
VSS,met4-met5,STRIPE,via,200806,227440,202406,229040,1600,via4_1600x1600
VSS,met4-met5,STRIPE,via,172508,227440,174108,229040,1600,via4_1600x1600
VSS,met4-met5,STRIPE,via,147085,227440,148685,229040,1600,via4_1600x1600
VSS,met4-met5,STRIPE,via,119969,227440,121569,229040,1600,via4_1600x1600
VSS,met4-met5,STRIPE,via,91274,227440,92874,229040,1600,via4_1600x1600
VSS,met4-met5,STRIPE,via,60895,227440,62495,229040,1600,via4_1600x1600
VSS,met4-met5,STRIPE,via,35196,227440,36796,229040,1600,via4_1600x1600
VSS,met4-met5,STRIPE,via,254815,200240,256415,201840,1600,via4_1600x1600
VSS,met4-met5,STRIPE,via,226442,200240,228042,201840,1600,via4_1600x1600
VSS,met4-met5,STRIPE,via,200806,200240,202406,201840,1600,via4_1600x1600
VSS,met4-met5,STRIPE,via,172508,200240,174108,201840,1600,via4_1600x1600
VSS,met4-met5,STRIPE,via,147085,200240,148685,201840,1600,via4_1600x1600
VSS,met4-met5,STRIPE,via,119969,200240,121569,201840,1600,via4_1600x1600
VSS,met4-met5,STRIPE,via,91274,200240,92874,201840,1600,via4_1600x1600
VSS,met4-met5,STRIPE,via,60895,200240,62495,201840,1600,via4_1600x1600
VSS,met4-met5,STRIPE,via,35196,200240,36796,201840,1600,via4_1600x1600
VSS,met4-met5,STRIPE,via,254815,173040,256415,174640,1600,via4_1600x1600
VSS,met4-met5,STRIPE,via,226442,173040,228042,174640,1600,via4_1600x1600
VSS,met4-met5,STRIPE,via,200806,173040,202406,174640,1600,via4_1600x1600
VSS,met4-met5,STRIPE,via,172508,173040,174108,174640,1600,via4_1600x1600
VSS,met4-met5,STRIPE,via,147085,173040,148685,174640,1600,via4_1600x1600
VSS,met4-met5,STRIPE,via,119969,173040,121569,174640,1600,via4_1600x1600
VSS,met4-met5,STRIPE,via,91274,173040,92874,174640,1600,via4_1600x1600
VSS,met4-met5,STRIPE,via,60895,173040,62495,174640,1600,via4_1600x1600
VSS,met4-met5,STRIPE,via,35196,173040,36796,174640,1600,via4_1600x1600
VSS,met4-met5,STRIPE,via,254815,145840,256415,147440,1600,via4_1600x1600
VSS,met4-met5,STRIPE,via,226442,145840,228042,147440,1600,via4_1600x1600
VSS,met4-met5,STRIPE,via,200806,145840,202406,147440,1600,via4_1600x1600
VSS,met4-met5,STRIPE,via,172508,145840,174108,147440,1600,via4_1600x1600
VSS,met4-met5,STRIPE,via,147085,145840,148685,147440,1600,via4_1600x1600
VSS,met4-met5,STRIPE,via,119969,145840,121569,147440,1600,via4_1600x1600
VSS,met4-met5,STRIPE,via,91274,145840,92874,147440,1600,via4_1600x1600
VSS,met4-met5,STRIPE,via,60895,145840,62495,147440,1600,via4_1600x1600
VSS,met4-met5,STRIPE,via,35196,145840,36796,147440,1600,via4_1600x1600
VSS,met4-met5,STRIPE,via,254815,118640,256415,120240,1600,via4_1600x1600
VSS,met4-met5,STRIPE,via,226442,118640,228042,120240,1600,via4_1600x1600
VSS,met4-met5,STRIPE,via,200806,118640,202406,120240,1600,via4_1600x1600
VSS,met4-met5,STRIPE,via,172508,118640,174108,120240,1600,via4_1600x1600
VSS,met4-met5,STRIPE,via,147085,118640,148685,120240,1600,via4_1600x1600
VSS,met4-met5,STRIPE,via,119969,118640,121569,120240,1600,via4_1600x1600
VSS,met4-met5,STRIPE,via,91274,118640,92874,120240,1600,via4_1600x1600
VSS,met4-met5,STRIPE,via,60895,118640,62495,120240,1600,via4_1600x1600
VSS,met4-met5,STRIPE,via,35196,118640,36796,120240,1600,via4_1600x1600
VSS,met4-met5,STRIPE,via,254815,91440,256415,93040,1600,via4_1600x1600
VSS,met4-met5,STRIPE,via,226442,91440,228042,93040,1600,via4_1600x1600
VSS,met4-met5,STRIPE,via,200806,91440,202406,93040,1600,via4_1600x1600
VSS,met4-met5,STRIPE,via,172508,91440,174108,93040,1600,via4_1600x1600
VSS,met4-met5,STRIPE,via,147085,91440,148685,93040,1600,via4_1600x1600
VSS,met4-met5,STRIPE,via,119969,91440,121569,93040,1600,via4_1600x1600
VSS,met4-met5,STRIPE,via,91274,91440,92874,93040,1600,via4_1600x1600
VSS,met4-met5,STRIPE,via,60895,91440,62495,93040,1600,via4_1600x1600
VSS,met4-met5,STRIPE,via,35196,91440,36796,93040,1600,via4_1600x1600
VSS,met4-met5,STRIPE,via,254815,64240,256415,65840,1600,via4_1600x1600
VSS,met4-met5,STRIPE,via,226442,64240,228042,65840,1600,via4_1600x1600
VSS,met4-met5,STRIPE,via,200806,64240,202406,65840,1600,via4_1600x1600
VSS,met4-met5,STRIPE,via,172508,64240,174108,65840,1600,via4_1600x1600
VSS,met4-met5,STRIPE,via,147085,64240,148685,65840,1600,via4_1600x1600
VSS,met4-met5,STRIPE,via,119969,64240,121569,65840,1600,via4_1600x1600
VSS,met4-met5,STRIPE,via,91274,64240,92874,65840,1600,via4_1600x1600
VSS,met4-met5,STRIPE,via,60895,64240,62495,65840,1600,via4_1600x1600
VSS,met4-met5,STRIPE,via,35196,64240,36796,65840,1600,via4_1600x1600
VSS,met4-met5,STRIPE,via,254815,37040,256415,38640,1600,via4_1600x1600
VSS,met4-met5,STRIPE,via,226442,37040,228042,38640,1600,via4_1600x1600
VSS,met4-met5,STRIPE,via,200806,37040,202406,38640,1600,via4_1600x1600
VSS,met4-met5,STRIPE,via,172508,37040,174108,38640,1600,via4_1600x1600
VSS,met4-met5,STRIPE,via,147085,37040,148685,38640,1600,via4_1600x1600
VSS,met4-met5,STRIPE,via,119969,37040,121569,38640,1600,via4_1600x1600
VSS,met4-met5,STRIPE,via,91274,37040,92874,38640,1600,via4_1600x1600
VSS,met4-met5,STRIPE,via,60895,37040,62495,38640,1600,via4_1600x1600
VSS,met4-met5,STRIPE,via,35196,37040,36796,38640,1600,via4_1600x1600
VSS,met3-met4,STRIPE,via,254815,266320,256415,266800,1600,via3_1600x480
VSS,met2-met3,STRIPE,via,254815,266320,256415,266800,1600,via2_1600x480
VSS,met1-met2,STRIPE,via,254815,266320,256415,266800,1600,via_1600x480
VSS,met3-met4,STRIPE,via,226442,266320,228042,266800,1600,via3_1600x480
VSS,met2-met3,STRIPE,via,226442,266320,228042,266800,1600,via2_1600x480
VSS,met1-met2,STRIPE,via,226442,266320,228042,266800,1600,via_1600x480
VSS,met3-met4,STRIPE,via,200806,266320,202406,266800,1600,via3_1600x480
VSS,met2-met3,STRIPE,via,200806,266320,202406,266800,1600,via2_1600x480
VSS,met1-met2,STRIPE,via,200806,266320,202406,266800,1600,via_1600x480
VSS,met3-met4,STRIPE,via,172508,266320,174108,266800,1600,via3_1600x480
VSS,met2-met3,STRIPE,via,172508,266320,174108,266800,1600,via2_1600x480
VSS,met1-met2,STRIPE,via,172508,266320,174108,266800,1600,via_1600x480
VSS,met3-met4,STRIPE,via,147085,266320,148685,266800,1600,via3_1600x480
VSS,met2-met3,STRIPE,via,147085,266320,148685,266800,1600,via2_1600x480
VSS,met1-met2,STRIPE,via,147085,266320,148685,266800,1600,via_1600x480
VSS,met3-met4,STRIPE,via,119969,266320,121569,266800,1600,via3_1600x480
VSS,met2-met3,STRIPE,via,119969,266320,121569,266800,1600,via2_1600x480
VSS,met1-met2,STRIPE,via,119969,266320,121569,266800,1600,via_1600x480
VSS,met3-met4,STRIPE,via,91274,266320,92874,266800,1600,via3_1600x480
VSS,met2-met3,STRIPE,via,91274,266320,92874,266800,1600,via2_1600x480
VSS,met1-met2,STRIPE,via,91274,266320,92874,266800,1600,via_1600x480
VSS,met3-met4,STRIPE,via,60895,266320,62495,266800,1600,via3_1600x480
VSS,met2-met3,STRIPE,via,60895,266320,62495,266800,1600,via2_1600x480
VSS,met1-met2,STRIPE,via,60895,266320,62495,266800,1600,via_1600x480
VSS,met3-met4,STRIPE,via,35196,266320,36796,266800,1600,via3_1600x480
VSS,met2-met3,STRIPE,via,35196,266320,36796,266800,1600,via2_1600x480
VSS,met1-met2,STRIPE,via,35196,266320,36796,266800,1600,via_1600x480
VSS,met3-met4,STRIPE,via,254815,260880,256415,261360,1600,via3_1600x480
VSS,met2-met3,STRIPE,via,254815,260880,256415,261360,1600,via2_1600x480
VSS,met1-met2,STRIPE,via,254815,260880,256415,261360,1600,via_1600x480
VSS,met3-met4,STRIPE,via,226442,260880,228042,261360,1600,via3_1600x480
VSS,met2-met3,STRIPE,via,226442,260880,228042,261360,1600,via2_1600x480
VSS,met1-met2,STRIPE,via,226442,260880,228042,261360,1600,via_1600x480
VSS,met3-met4,STRIPE,via,200806,260880,202406,261360,1600,via3_1600x480
VSS,met2-met3,STRIPE,via,200806,260880,202406,261360,1600,via2_1600x480
VSS,met1-met2,STRIPE,via,200806,260880,202406,261360,1600,via_1600x480
VSS,met3-met4,STRIPE,via,172508,260880,174108,261360,1600,via3_1600x480
VSS,met2-met3,STRIPE,via,172508,260880,174108,261360,1600,via2_1600x480
VSS,met1-met2,STRIPE,via,172508,260880,174108,261360,1600,via_1600x480
VSS,met3-met4,STRIPE,via,147085,260880,148685,261360,1600,via3_1600x480
VSS,met2-met3,STRIPE,via,147085,260880,148685,261360,1600,via2_1600x480
VSS,met1-met2,STRIPE,via,147085,260880,148685,261360,1600,via_1600x480
VSS,met3-met4,STRIPE,via,119969,260880,121569,261360,1600,via3_1600x480
VSS,met2-met3,STRIPE,via,119969,260880,121569,261360,1600,via2_1600x480
VSS,met1-met2,STRIPE,via,119969,260880,121569,261360,1600,via_1600x480
VSS,met3-met4,STRIPE,via,91274,260880,92874,261360,1600,via3_1600x480
VSS,met2-met3,STRIPE,via,91274,260880,92874,261360,1600,via2_1600x480
VSS,met1-met2,STRIPE,via,91274,260880,92874,261360,1600,via_1600x480
VSS,met3-met4,STRIPE,via,60895,260880,62495,261360,1600,via3_1600x480
VSS,met2-met3,STRIPE,via,60895,260880,62495,261360,1600,via2_1600x480
VSS,met1-met2,STRIPE,via,60895,260880,62495,261360,1600,via_1600x480
VSS,met3-met4,STRIPE,via,35196,260880,36796,261360,1600,via3_1600x480
VSS,met2-met3,STRIPE,via,35196,260880,36796,261360,1600,via2_1600x480
VSS,met1-met2,STRIPE,via,35196,260880,36796,261360,1600,via_1600x480
VSS,met3-met4,STRIPE,via,254815,255440,256415,255920,1600,via3_1600x480
VSS,met2-met3,STRIPE,via,254815,255440,256415,255920,1600,via2_1600x480
VSS,met1-met2,STRIPE,via,254815,255440,256415,255920,1600,via_1600x480
VSS,met3-met4,STRIPE,via,226442,255440,228042,255920,1600,via3_1600x480
VSS,met2-met3,STRIPE,via,226442,255440,228042,255920,1600,via2_1600x480
VSS,met1-met2,STRIPE,via,226442,255440,228042,255920,1600,via_1600x480
VSS,met3-met4,STRIPE,via,200806,255440,202406,255920,1600,via3_1600x480
VSS,met2-met3,STRIPE,via,200806,255440,202406,255920,1600,via2_1600x480
VSS,met1-met2,STRIPE,via,200806,255440,202406,255920,1600,via_1600x480
VSS,met3-met4,STRIPE,via,172508,255440,174108,255920,1600,via3_1600x480
VSS,met2-met3,STRIPE,via,172508,255440,174108,255920,1600,via2_1600x480
VSS,met1-met2,STRIPE,via,172508,255440,174108,255920,1600,via_1600x480
VSS,met3-met4,STRIPE,via,147085,255440,148685,255920,1600,via3_1600x480
VSS,met2-met3,STRIPE,via,147085,255440,148685,255920,1600,via2_1600x480
VSS,met1-met2,STRIPE,via,147085,255440,148685,255920,1600,via_1600x480
VSS,met3-met4,STRIPE,via,119969,255440,121569,255920,1600,via3_1600x480
VSS,met2-met3,STRIPE,via,119969,255440,121569,255920,1600,via2_1600x480
VSS,met1-met2,STRIPE,via,119969,255440,121569,255920,1600,via_1600x480
VSS,met3-met4,STRIPE,via,91274,255440,92874,255920,1600,via3_1600x480
VSS,met2-met3,STRIPE,via,91274,255440,92874,255920,1600,via2_1600x480
VSS,met1-met2,STRIPE,via,91274,255440,92874,255920,1600,via_1600x480
VSS,met3-met4,STRIPE,via,60895,255440,62495,255920,1600,via3_1600x480
VSS,met2-met3,STRIPE,via,60895,255440,62495,255920,1600,via2_1600x480
VSS,met1-met2,STRIPE,via,60895,255440,62495,255920,1600,via_1600x480
VSS,met3-met4,STRIPE,via,35196,255440,36796,255920,1600,via3_1600x480
VSS,met2-met3,STRIPE,via,35196,255440,36796,255920,1600,via2_1600x480
VSS,met1-met2,STRIPE,via,35196,255440,36796,255920,1600,via_1600x480
VSS,met3-met4,STRIPE,via,254815,250000,256415,250480,1600,via3_1600x480
VSS,met2-met3,STRIPE,via,254815,250000,256415,250480,1600,via2_1600x480
VSS,met1-met2,STRIPE,via,254815,250000,256415,250480,1600,via_1600x480
VSS,met3-met4,STRIPE,via,226442,250000,228042,250480,1600,via3_1600x480
VSS,met2-met3,STRIPE,via,226442,250000,228042,250480,1600,via2_1600x480
VSS,met1-met2,STRIPE,via,226442,250000,228042,250480,1600,via_1600x480
VSS,met3-met4,STRIPE,via,200806,250000,202406,250480,1600,via3_1600x480
VSS,met2-met3,STRIPE,via,200806,250000,202406,250480,1600,via2_1600x480
VSS,met1-met2,STRIPE,via,200806,250000,202406,250480,1600,via_1600x480
VSS,met3-met4,STRIPE,via,172508,250000,174108,250480,1600,via3_1600x480
VSS,met2-met3,STRIPE,via,172508,250000,174108,250480,1600,via2_1600x480
VSS,met1-met2,STRIPE,via,172508,250000,174108,250480,1600,via_1600x480
VSS,met3-met4,STRIPE,via,147085,250000,148685,250480,1600,via3_1600x480
VSS,met2-met3,STRIPE,via,147085,250000,148685,250480,1600,via2_1600x480
VSS,met1-met2,STRIPE,via,147085,250000,148685,250480,1600,via_1600x480
VSS,met3-met4,STRIPE,via,119969,250000,121569,250480,1600,via3_1600x480
VSS,met2-met3,STRIPE,via,119969,250000,121569,250480,1600,via2_1600x480
VSS,met1-met2,STRIPE,via,119969,250000,121569,250480,1600,via_1600x480
VSS,met3-met4,STRIPE,via,91274,250000,92874,250480,1600,via3_1600x480
VSS,met2-met3,STRIPE,via,91274,250000,92874,250480,1600,via2_1600x480
VSS,met1-met2,STRIPE,via,91274,250000,92874,250480,1600,via_1600x480
VSS,met3-met4,STRIPE,via,60895,250000,62495,250480,1600,via3_1600x480
VSS,met2-met3,STRIPE,via,60895,250000,62495,250480,1600,via2_1600x480
VSS,met1-met2,STRIPE,via,60895,250000,62495,250480,1600,via_1600x480
VSS,met3-met4,STRIPE,via,35196,250000,36796,250480,1600,via3_1600x480
VSS,met2-met3,STRIPE,via,35196,250000,36796,250480,1600,via2_1600x480
VSS,met1-met2,STRIPE,via,35196,250000,36796,250480,1600,via_1600x480
VSS,met3-met4,STRIPE,via,254815,244560,256415,245040,1600,via3_1600x480
VSS,met2-met3,STRIPE,via,254815,244560,256415,245040,1600,via2_1600x480
VSS,met1-met2,STRIPE,via,254815,244560,256415,245040,1600,via_1600x480
VSS,met3-met4,STRIPE,via,226442,244560,228042,245040,1600,via3_1600x480
VSS,met2-met3,STRIPE,via,226442,244560,228042,245040,1600,via2_1600x480
VSS,met1-met2,STRIPE,via,226442,244560,228042,245040,1600,via_1600x480
VSS,met3-met4,STRIPE,via,200806,244560,202406,245040,1600,via3_1600x480
VSS,met2-met3,STRIPE,via,200806,244560,202406,245040,1600,via2_1600x480
VSS,met1-met2,STRIPE,via,200806,244560,202406,245040,1600,via_1600x480
VSS,met3-met4,STRIPE,via,172508,244560,174108,245040,1600,via3_1600x480
VSS,met2-met3,STRIPE,via,172508,244560,174108,245040,1600,via2_1600x480
VSS,met1-met2,STRIPE,via,172508,244560,174108,245040,1600,via_1600x480
VSS,met3-met4,STRIPE,via,147085,244560,148685,245040,1600,via3_1600x480
VSS,met2-met3,STRIPE,via,147085,244560,148685,245040,1600,via2_1600x480
VSS,met1-met2,STRIPE,via,147085,244560,148685,245040,1600,via_1600x480
VSS,met3-met4,STRIPE,via,119969,244560,121569,245040,1600,via3_1600x480
VSS,met2-met3,STRIPE,via,119969,244560,121569,245040,1600,via2_1600x480
VSS,met1-met2,STRIPE,via,119969,244560,121569,245040,1600,via_1600x480
VSS,met3-met4,STRIPE,via,91274,244560,92874,245040,1600,via3_1600x480
VSS,met2-met3,STRIPE,via,91274,244560,92874,245040,1600,via2_1600x480
VSS,met1-met2,STRIPE,via,91274,244560,92874,245040,1600,via_1600x480
VSS,met3-met4,STRIPE,via,60895,244560,62495,245040,1600,via3_1600x480
VSS,met2-met3,STRIPE,via,60895,244560,62495,245040,1600,via2_1600x480
VSS,met1-met2,STRIPE,via,60895,244560,62495,245040,1600,via_1600x480
VSS,met3-met4,STRIPE,via,35196,244560,36796,245040,1600,via3_1600x480
VSS,met2-met3,STRIPE,via,35196,244560,36796,245040,1600,via2_1600x480
VSS,met1-met2,STRIPE,via,35196,244560,36796,245040,1600,via_1600x480
VSS,met3-met4,STRIPE,via,254815,239120,256415,239600,1600,via3_1600x480
VSS,met2-met3,STRIPE,via,254815,239120,256415,239600,1600,via2_1600x480
VSS,met1-met2,STRIPE,via,254815,239120,256415,239600,1600,via_1600x480
VSS,met3-met4,STRIPE,via,226442,239120,228042,239600,1600,via3_1600x480
VSS,met2-met3,STRIPE,via,226442,239120,228042,239600,1600,via2_1600x480
VSS,met1-met2,STRIPE,via,226442,239120,228042,239600,1600,via_1600x480
VSS,met3-met4,STRIPE,via,200806,239120,202406,239600,1600,via3_1600x480
VSS,met2-met3,STRIPE,via,200806,239120,202406,239600,1600,via2_1600x480
VSS,met1-met2,STRIPE,via,200806,239120,202406,239600,1600,via_1600x480
VSS,met3-met4,STRIPE,via,172508,239120,174108,239600,1600,via3_1600x480
VSS,met2-met3,STRIPE,via,172508,239120,174108,239600,1600,via2_1600x480
VSS,met1-met2,STRIPE,via,172508,239120,174108,239600,1600,via_1600x480
VSS,met3-met4,STRIPE,via,147085,239120,148685,239600,1600,via3_1600x480
VSS,met2-met3,STRIPE,via,147085,239120,148685,239600,1600,via2_1600x480
VSS,met1-met2,STRIPE,via,147085,239120,148685,239600,1600,via_1600x480
VSS,met3-met4,STRIPE,via,119969,239120,121569,239600,1600,via3_1600x480
VSS,met2-met3,STRIPE,via,119969,239120,121569,239600,1600,via2_1600x480
VSS,met1-met2,STRIPE,via,119969,239120,121569,239600,1600,via_1600x480
VSS,met3-met4,STRIPE,via,91274,239120,92874,239600,1600,via3_1600x480
VSS,met2-met3,STRIPE,via,91274,239120,92874,239600,1600,via2_1600x480
VSS,met1-met2,STRIPE,via,91274,239120,92874,239600,1600,via_1600x480
VSS,met3-met4,STRIPE,via,60895,239120,62495,239600,1600,via3_1600x480
VSS,met2-met3,STRIPE,via,60895,239120,62495,239600,1600,via2_1600x480
VSS,met1-met2,STRIPE,via,60895,239120,62495,239600,1600,via_1600x480
VSS,met3-met4,STRIPE,via,35196,239120,36796,239600,1600,via3_1600x480
VSS,met2-met3,STRIPE,via,35196,239120,36796,239600,1600,via2_1600x480
VSS,met1-met2,STRIPE,via,35196,239120,36796,239600,1600,via_1600x480
VSS,met3-met4,STRIPE,via,254815,233680,256415,234160,1600,via3_1600x480
VSS,met2-met3,STRIPE,via,254815,233680,256415,234160,1600,via2_1600x480
VSS,met1-met2,STRIPE,via,254815,233680,256415,234160,1600,via_1600x480
VSS,met3-met4,STRIPE,via,226442,233680,228042,234160,1600,via3_1600x480
VSS,met2-met3,STRIPE,via,226442,233680,228042,234160,1600,via2_1600x480
VSS,met1-met2,STRIPE,via,226442,233680,228042,234160,1600,via_1600x480
VSS,met3-met4,STRIPE,via,200806,233680,202406,234160,1600,via3_1600x480
VSS,met2-met3,STRIPE,via,200806,233680,202406,234160,1600,via2_1600x480
VSS,met1-met2,STRIPE,via,200806,233680,202406,234160,1600,via_1600x480
VSS,met3-met4,STRIPE,via,172508,233680,174108,234160,1600,via3_1600x480
VSS,met2-met3,STRIPE,via,172508,233680,174108,234160,1600,via2_1600x480
VSS,met1-met2,STRIPE,via,172508,233680,174108,234160,1600,via_1600x480
VSS,met3-met4,STRIPE,via,147085,233680,148685,234160,1600,via3_1600x480
VSS,met2-met3,STRIPE,via,147085,233680,148685,234160,1600,via2_1600x480
VSS,met1-met2,STRIPE,via,147085,233680,148685,234160,1600,via_1600x480
VSS,met3-met4,STRIPE,via,119969,233680,121569,234160,1600,via3_1600x480
VSS,met2-met3,STRIPE,via,119969,233680,121569,234160,1600,via2_1600x480
VSS,met1-met2,STRIPE,via,119969,233680,121569,234160,1600,via_1600x480
VSS,met3-met4,STRIPE,via,91274,233680,92874,234160,1600,via3_1600x480
VSS,met2-met3,STRIPE,via,91274,233680,92874,234160,1600,via2_1600x480
VSS,met1-met2,STRIPE,via,91274,233680,92874,234160,1600,via_1600x480
VSS,met3-met4,STRIPE,via,60895,233680,62495,234160,1600,via3_1600x480
VSS,met2-met3,STRIPE,via,60895,233680,62495,234160,1600,via2_1600x480
VSS,met1-met2,STRIPE,via,60895,233680,62495,234160,1600,via_1600x480
VSS,met3-met4,STRIPE,via,35196,233680,36796,234160,1600,via3_1600x480
VSS,met2-met3,STRIPE,via,35196,233680,36796,234160,1600,via2_1600x480
VSS,met1-met2,STRIPE,via,35196,233680,36796,234160,1600,via_1600x480
VSS,met3-met4,STRIPE,via,254815,228240,256415,228720,1600,via3_1600x480
VSS,met2-met3,STRIPE,via,254815,228240,256415,228720,1600,via2_1600x480
VSS,met1-met2,STRIPE,via,254815,228240,256415,228720,1600,via_1600x480
VSS,met3-met4,STRIPE,via,226442,228240,228042,228720,1600,via3_1600x480
VSS,met2-met3,STRIPE,via,226442,228240,228042,228720,1600,via2_1600x480
VSS,met1-met2,STRIPE,via,226442,228240,228042,228720,1600,via_1600x480
VSS,met3-met4,STRIPE,via,200806,228240,202406,228720,1600,via3_1600x480
VSS,met2-met3,STRIPE,via,200806,228240,202406,228720,1600,via2_1600x480
VSS,met1-met2,STRIPE,via,200806,228240,202406,228720,1600,via_1600x480
VSS,met3-met4,STRIPE,via,172508,228240,174108,228720,1600,via3_1600x480
VSS,met2-met3,STRIPE,via,172508,228240,174108,228720,1600,via2_1600x480
VSS,met1-met2,STRIPE,via,172508,228240,174108,228720,1600,via_1600x480
VSS,met3-met4,STRIPE,via,147085,228240,148685,228720,1600,via3_1600x480
VSS,met2-met3,STRIPE,via,147085,228240,148685,228720,1600,via2_1600x480
VSS,met1-met2,STRIPE,via,147085,228240,148685,228720,1600,via_1600x480
VSS,met3-met4,STRIPE,via,119969,228240,121569,228720,1600,via3_1600x480
VSS,met2-met3,STRIPE,via,119969,228240,121569,228720,1600,via2_1600x480
VSS,met1-met2,STRIPE,via,119969,228240,121569,228720,1600,via_1600x480
VSS,met3-met4,STRIPE,via,91274,228240,92874,228720,1600,via3_1600x480
VSS,met2-met3,STRIPE,via,91274,228240,92874,228720,1600,via2_1600x480
VSS,met1-met2,STRIPE,via,91274,228240,92874,228720,1600,via_1600x480
VSS,met3-met4,STRIPE,via,60895,228240,62495,228720,1600,via3_1600x480
VSS,met2-met3,STRIPE,via,60895,228240,62495,228720,1600,via2_1600x480
VSS,met1-met2,STRIPE,via,60895,228240,62495,228720,1600,via_1600x480
VSS,met3-met4,STRIPE,via,35196,228240,36796,228720,1600,via3_1600x480
VSS,met2-met3,STRIPE,via,35196,228240,36796,228720,1600,via2_1600x480
VSS,met1-met2,STRIPE,via,35196,228240,36796,228720,1600,via_1600x480
VSS,met3-met4,STRIPE,via,254815,222800,256415,223280,1600,via3_1600x480
VSS,met2-met3,STRIPE,via,254815,222800,256415,223280,1600,via2_1600x480
VSS,met1-met2,STRIPE,via,254815,222800,256415,223280,1600,via_1600x480
VSS,met3-met4,STRIPE,via,226442,222800,228042,223280,1600,via3_1600x480
VSS,met2-met3,STRIPE,via,226442,222800,228042,223280,1600,via2_1600x480
VSS,met1-met2,STRIPE,via,226442,222800,228042,223280,1600,via_1600x480
VSS,met3-met4,STRIPE,via,200806,222800,202406,223280,1600,via3_1600x480
VSS,met2-met3,STRIPE,via,200806,222800,202406,223280,1600,via2_1600x480
VSS,met1-met2,STRIPE,via,200806,222800,202406,223280,1600,via_1600x480
VSS,met3-met4,STRIPE,via,172508,222800,174108,223280,1600,via3_1600x480
VSS,met2-met3,STRIPE,via,172508,222800,174108,223280,1600,via2_1600x480
VSS,met1-met2,STRIPE,via,172508,222800,174108,223280,1600,via_1600x480
VSS,met3-met4,STRIPE,via,147085,222800,148685,223280,1600,via3_1600x480
VSS,met2-met3,STRIPE,via,147085,222800,148685,223280,1600,via2_1600x480
VSS,met1-met2,STRIPE,via,147085,222800,148685,223280,1600,via_1600x480
VSS,met3-met4,STRIPE,via,119969,222800,121569,223280,1600,via3_1600x480
VSS,met2-met3,STRIPE,via,119969,222800,121569,223280,1600,via2_1600x480
VSS,met1-met2,STRIPE,via,119969,222800,121569,223280,1600,via_1600x480
VSS,met3-met4,STRIPE,via,91274,222800,92874,223280,1600,via3_1600x480
VSS,met2-met3,STRIPE,via,91274,222800,92874,223280,1600,via2_1600x480
VSS,met1-met2,STRIPE,via,91274,222800,92874,223280,1600,via_1600x480
VSS,met3-met4,STRIPE,via,60895,222800,62495,223280,1600,via3_1600x480
VSS,met2-met3,STRIPE,via,60895,222800,62495,223280,1600,via2_1600x480
VSS,met1-met2,STRIPE,via,60895,222800,62495,223280,1600,via_1600x480
VSS,met3-met4,STRIPE,via,35196,222800,36796,223280,1600,via3_1600x480
VSS,met2-met3,STRIPE,via,35196,222800,36796,223280,1600,via2_1600x480
VSS,met1-met2,STRIPE,via,35196,222800,36796,223280,1600,via_1600x480
VSS,met3-met4,STRIPE,via,254815,217360,256415,217840,1600,via3_1600x480
VSS,met2-met3,STRIPE,via,254815,217360,256415,217840,1600,via2_1600x480
VSS,met1-met2,STRIPE,via,254815,217360,256415,217840,1600,via_1600x480
VSS,met3-met4,STRIPE,via,226442,217360,228042,217840,1600,via3_1600x480
VSS,met2-met3,STRIPE,via,226442,217360,228042,217840,1600,via2_1600x480
VSS,met1-met2,STRIPE,via,226442,217360,228042,217840,1600,via_1600x480
VSS,met3-met4,STRIPE,via,200806,217360,202406,217840,1600,via3_1600x480
VSS,met2-met3,STRIPE,via,200806,217360,202406,217840,1600,via2_1600x480
VSS,met1-met2,STRIPE,via,200806,217360,202406,217840,1600,via_1600x480
VSS,met3-met4,STRIPE,via,172508,217360,174108,217840,1600,via3_1600x480
VSS,met2-met3,STRIPE,via,172508,217360,174108,217840,1600,via2_1600x480
VSS,met1-met2,STRIPE,via,172508,217360,174108,217840,1600,via_1600x480
VSS,met3-met4,STRIPE,via,147085,217360,148685,217840,1600,via3_1600x480
VSS,met2-met3,STRIPE,via,147085,217360,148685,217840,1600,via2_1600x480
VSS,met1-met2,STRIPE,via,147085,217360,148685,217840,1600,via_1600x480
VSS,met3-met4,STRIPE,via,119969,217360,121569,217840,1600,via3_1600x480
VSS,met2-met3,STRIPE,via,119969,217360,121569,217840,1600,via2_1600x480
VSS,met1-met2,STRIPE,via,119969,217360,121569,217840,1600,via_1600x480
VSS,met3-met4,STRIPE,via,91274,217360,92874,217840,1600,via3_1600x480
VSS,met2-met3,STRIPE,via,91274,217360,92874,217840,1600,via2_1600x480
VSS,met1-met2,STRIPE,via,91274,217360,92874,217840,1600,via_1600x480
VSS,met3-met4,STRIPE,via,60895,217360,62495,217840,1600,via3_1600x480
VSS,met2-met3,STRIPE,via,60895,217360,62495,217840,1600,via2_1600x480
VSS,met1-met2,STRIPE,via,60895,217360,62495,217840,1600,via_1600x480
VSS,met3-met4,STRIPE,via,35196,217360,36796,217840,1600,via3_1600x480
VSS,met2-met3,STRIPE,via,35196,217360,36796,217840,1600,via2_1600x480
VSS,met1-met2,STRIPE,via,35196,217360,36796,217840,1600,via_1600x480
VSS,met3-met4,STRIPE,via,254815,211920,256415,212400,1600,via3_1600x480
VSS,met2-met3,STRIPE,via,254815,211920,256415,212400,1600,via2_1600x480
VSS,met1-met2,STRIPE,via,254815,211920,256415,212400,1600,via_1600x480
VSS,met3-met4,STRIPE,via,226442,211920,228042,212400,1600,via3_1600x480
VSS,met2-met3,STRIPE,via,226442,211920,228042,212400,1600,via2_1600x480
VSS,met1-met2,STRIPE,via,226442,211920,228042,212400,1600,via_1600x480
VSS,met3-met4,STRIPE,via,200806,211920,202406,212400,1600,via3_1600x480
VSS,met2-met3,STRIPE,via,200806,211920,202406,212400,1600,via2_1600x480
VSS,met1-met2,STRIPE,via,200806,211920,202406,212400,1600,via_1600x480
VSS,met3-met4,STRIPE,via,172508,211920,174108,212400,1600,via3_1600x480
VSS,met2-met3,STRIPE,via,172508,211920,174108,212400,1600,via2_1600x480
VSS,met1-met2,STRIPE,via,172508,211920,174108,212400,1600,via_1600x480
VSS,met3-met4,STRIPE,via,147085,211920,148685,212400,1600,via3_1600x480
VSS,met2-met3,STRIPE,via,147085,211920,148685,212400,1600,via2_1600x480
VSS,met1-met2,STRIPE,via,147085,211920,148685,212400,1600,via_1600x480
VSS,met3-met4,STRIPE,via,119969,211920,121569,212400,1600,via3_1600x480
VSS,met2-met3,STRIPE,via,119969,211920,121569,212400,1600,via2_1600x480
VSS,met1-met2,STRIPE,via,119969,211920,121569,212400,1600,via_1600x480
VSS,met3-met4,STRIPE,via,91274,211920,92874,212400,1600,via3_1600x480
VSS,met2-met3,STRIPE,via,91274,211920,92874,212400,1600,via2_1600x480
VSS,met1-met2,STRIPE,via,91274,211920,92874,212400,1600,via_1600x480
VSS,met3-met4,STRIPE,via,60895,211920,62495,212400,1600,via3_1600x480
VSS,met2-met3,STRIPE,via,60895,211920,62495,212400,1600,via2_1600x480
VSS,met1-met2,STRIPE,via,60895,211920,62495,212400,1600,via_1600x480
VSS,met3-met4,STRIPE,via,35196,211920,36796,212400,1600,via3_1600x480
VSS,met2-met3,STRIPE,via,35196,211920,36796,212400,1600,via2_1600x480
VSS,met1-met2,STRIPE,via,35196,211920,36796,212400,1600,via_1600x480
VSS,met3-met4,STRIPE,via,254815,206480,256415,206960,1600,via3_1600x480
VSS,met2-met3,STRIPE,via,254815,206480,256415,206960,1600,via2_1600x480
VSS,met1-met2,STRIPE,via,254815,206480,256415,206960,1600,via_1600x480
VSS,met3-met4,STRIPE,via,226442,206480,228042,206960,1600,via3_1600x480
VSS,met2-met3,STRIPE,via,226442,206480,228042,206960,1600,via2_1600x480
VSS,met1-met2,STRIPE,via,226442,206480,228042,206960,1600,via_1600x480
VSS,met3-met4,STRIPE,via,200806,206480,202406,206960,1600,via3_1600x480
VSS,met2-met3,STRIPE,via,200806,206480,202406,206960,1600,via2_1600x480
VSS,met1-met2,STRIPE,via,200806,206480,202406,206960,1600,via_1600x480
VSS,met3-met4,STRIPE,via,172508,206480,174108,206960,1600,via3_1600x480
VSS,met2-met3,STRIPE,via,172508,206480,174108,206960,1600,via2_1600x480
VSS,met1-met2,STRIPE,via,172508,206480,174108,206960,1600,via_1600x480
VSS,met3-met4,STRIPE,via,147085,206480,148685,206960,1600,via3_1600x480
VSS,met2-met3,STRIPE,via,147085,206480,148685,206960,1600,via2_1600x480
VSS,met1-met2,STRIPE,via,147085,206480,148685,206960,1600,via_1600x480
VSS,met3-met4,STRIPE,via,119969,206480,121569,206960,1600,via3_1600x480
VSS,met2-met3,STRIPE,via,119969,206480,121569,206960,1600,via2_1600x480
VSS,met1-met2,STRIPE,via,119969,206480,121569,206960,1600,via_1600x480
VSS,met3-met4,STRIPE,via,91274,206480,92874,206960,1600,via3_1600x480
VSS,met2-met3,STRIPE,via,91274,206480,92874,206960,1600,via2_1600x480
VSS,met1-met2,STRIPE,via,91274,206480,92874,206960,1600,via_1600x480
VSS,met3-met4,STRIPE,via,60895,206480,62495,206960,1600,via3_1600x480
VSS,met2-met3,STRIPE,via,60895,206480,62495,206960,1600,via2_1600x480
VSS,met1-met2,STRIPE,via,60895,206480,62495,206960,1600,via_1600x480
VSS,met3-met4,STRIPE,via,35196,206480,36796,206960,1600,via3_1600x480
VSS,met2-met3,STRIPE,via,35196,206480,36796,206960,1600,via2_1600x480
VSS,met1-met2,STRIPE,via,35196,206480,36796,206960,1600,via_1600x480
VSS,met3-met4,STRIPE,via,254815,201040,256415,201520,1600,via3_1600x480
VSS,met2-met3,STRIPE,via,254815,201040,256415,201520,1600,via2_1600x480
VSS,met1-met2,STRIPE,via,254815,201040,256415,201520,1600,via_1600x480
VSS,met3-met4,STRIPE,via,226442,201040,228042,201520,1600,via3_1600x480
VSS,met2-met3,STRIPE,via,226442,201040,228042,201520,1600,via2_1600x480
VSS,met1-met2,STRIPE,via,226442,201040,228042,201520,1600,via_1600x480
VSS,met3-met4,STRIPE,via,200806,201040,202406,201520,1600,via3_1600x480
VSS,met2-met3,STRIPE,via,200806,201040,202406,201520,1600,via2_1600x480
VSS,met1-met2,STRIPE,via,200806,201040,202406,201520,1600,via_1600x480
VSS,met3-met4,STRIPE,via,172508,201040,174108,201520,1600,via3_1600x480
VSS,met2-met3,STRIPE,via,172508,201040,174108,201520,1600,via2_1600x480
VSS,met1-met2,STRIPE,via,172508,201040,174108,201520,1600,via_1600x480
VSS,met3-met4,STRIPE,via,147085,201040,148685,201520,1600,via3_1600x480
VSS,met2-met3,STRIPE,via,147085,201040,148685,201520,1600,via2_1600x480
VSS,met1-met2,STRIPE,via,147085,201040,148685,201520,1600,via_1600x480
VSS,met3-met4,STRIPE,via,119969,201040,121569,201520,1600,via3_1600x480
VSS,met2-met3,STRIPE,via,119969,201040,121569,201520,1600,via2_1600x480
VSS,met1-met2,STRIPE,via,119969,201040,121569,201520,1600,via_1600x480
VSS,met3-met4,STRIPE,via,91274,201040,92874,201520,1600,via3_1600x480
VSS,met2-met3,STRIPE,via,91274,201040,92874,201520,1600,via2_1600x480
VSS,met1-met2,STRIPE,via,91274,201040,92874,201520,1600,via_1600x480
VSS,met3-met4,STRIPE,via,60895,201040,62495,201520,1600,via3_1600x480
VSS,met2-met3,STRIPE,via,60895,201040,62495,201520,1600,via2_1600x480
VSS,met1-met2,STRIPE,via,60895,201040,62495,201520,1600,via_1600x480
VSS,met3-met4,STRIPE,via,35196,201040,36796,201520,1600,via3_1600x480
VSS,met2-met3,STRIPE,via,35196,201040,36796,201520,1600,via2_1600x480
VSS,met1-met2,STRIPE,via,35196,201040,36796,201520,1600,via_1600x480
VSS,met3-met4,STRIPE,via,254815,195600,256415,196080,1600,via3_1600x480
VSS,met2-met3,STRIPE,via,254815,195600,256415,196080,1600,via2_1600x480
VSS,met1-met2,STRIPE,via,254815,195600,256415,196080,1600,via_1600x480
VSS,met3-met4,STRIPE,via,226442,195600,228042,196080,1600,via3_1600x480
VSS,met2-met3,STRIPE,via,226442,195600,228042,196080,1600,via2_1600x480
VSS,met1-met2,STRIPE,via,226442,195600,228042,196080,1600,via_1600x480
VSS,met3-met4,STRIPE,via,200806,195600,202406,196080,1600,via3_1600x480
VSS,met2-met3,STRIPE,via,200806,195600,202406,196080,1600,via2_1600x480
VSS,met1-met2,STRIPE,via,200806,195600,202406,196080,1600,via_1600x480
VSS,met3-met4,STRIPE,via,172508,195600,174108,196080,1600,via3_1600x480
VSS,met2-met3,STRIPE,via,172508,195600,174108,196080,1600,via2_1600x480
VSS,met1-met2,STRIPE,via,172508,195600,174108,196080,1600,via_1600x480
VSS,met3-met4,STRIPE,via,147085,195600,148685,196080,1600,via3_1600x480
VSS,met2-met3,STRIPE,via,147085,195600,148685,196080,1600,via2_1600x480
VSS,met1-met2,STRIPE,via,147085,195600,148685,196080,1600,via_1600x480
VSS,met3-met4,STRIPE,via,119969,195600,121569,196080,1600,via3_1600x480
VSS,met2-met3,STRIPE,via,119969,195600,121569,196080,1600,via2_1600x480
VSS,met1-met2,STRIPE,via,119969,195600,121569,196080,1600,via_1600x480
VSS,met3-met4,STRIPE,via,91274,195600,92874,196080,1600,via3_1600x480
VSS,met2-met3,STRIPE,via,91274,195600,92874,196080,1600,via2_1600x480
VSS,met1-met2,STRIPE,via,91274,195600,92874,196080,1600,via_1600x480
VSS,met3-met4,STRIPE,via,60895,195600,62495,196080,1600,via3_1600x480
VSS,met2-met3,STRIPE,via,60895,195600,62495,196080,1600,via2_1600x480
VSS,met1-met2,STRIPE,via,60895,195600,62495,196080,1600,via_1600x480
VSS,met3-met4,STRIPE,via,35196,195600,36796,196080,1600,via3_1600x480
VSS,met2-met3,STRIPE,via,35196,195600,36796,196080,1600,via2_1600x480
VSS,met1-met2,STRIPE,via,35196,195600,36796,196080,1600,via_1600x480
VSS,met3-met4,STRIPE,via,254815,190160,256415,190640,1600,via3_1600x480
VSS,met2-met3,STRIPE,via,254815,190160,256415,190640,1600,via2_1600x480
VSS,met1-met2,STRIPE,via,254815,190160,256415,190640,1600,via_1600x480
VSS,met3-met4,STRIPE,via,226442,190160,228042,190640,1600,via3_1600x480
VSS,met2-met3,STRIPE,via,226442,190160,228042,190640,1600,via2_1600x480
VSS,met1-met2,STRIPE,via,226442,190160,228042,190640,1600,via_1600x480
VSS,met3-met4,STRIPE,via,200806,190160,202406,190640,1600,via3_1600x480
VSS,met2-met3,STRIPE,via,200806,190160,202406,190640,1600,via2_1600x480
VSS,met1-met2,STRIPE,via,200806,190160,202406,190640,1600,via_1600x480
VSS,met3-met4,STRIPE,via,172508,190160,174108,190640,1600,via3_1600x480
VSS,met2-met3,STRIPE,via,172508,190160,174108,190640,1600,via2_1600x480
VSS,met1-met2,STRIPE,via,172508,190160,174108,190640,1600,via_1600x480
VSS,met3-met4,STRIPE,via,147085,190160,148685,190640,1600,via3_1600x480
VSS,met2-met3,STRIPE,via,147085,190160,148685,190640,1600,via2_1600x480
VSS,met1-met2,STRIPE,via,147085,190160,148685,190640,1600,via_1600x480
VSS,met3-met4,STRIPE,via,119969,190160,121569,190640,1600,via3_1600x480
VSS,met2-met3,STRIPE,via,119969,190160,121569,190640,1600,via2_1600x480
VSS,met1-met2,STRIPE,via,119969,190160,121569,190640,1600,via_1600x480
VSS,met3-met4,STRIPE,via,91274,190160,92874,190640,1600,via3_1600x480
VSS,met2-met3,STRIPE,via,91274,190160,92874,190640,1600,via2_1600x480
VSS,met1-met2,STRIPE,via,91274,190160,92874,190640,1600,via_1600x480
VSS,met3-met4,STRIPE,via,60895,190160,62495,190640,1600,via3_1600x480
VSS,met2-met3,STRIPE,via,60895,190160,62495,190640,1600,via2_1600x480
VSS,met1-met2,STRIPE,via,60895,190160,62495,190640,1600,via_1600x480
VSS,met3-met4,STRIPE,via,35196,190160,36796,190640,1600,via3_1600x480
VSS,met2-met3,STRIPE,via,35196,190160,36796,190640,1600,via2_1600x480
VSS,met1-met2,STRIPE,via,35196,190160,36796,190640,1600,via_1600x480
VSS,met3-met4,STRIPE,via,254815,184720,256415,185200,1600,via3_1600x480
VSS,met2-met3,STRIPE,via,254815,184720,256415,185200,1600,via2_1600x480
VSS,met1-met2,STRIPE,via,254815,184720,256415,185200,1600,via_1600x480
VSS,met3-met4,STRIPE,via,226442,184720,228042,185200,1600,via3_1600x480
VSS,met2-met3,STRIPE,via,226442,184720,228042,185200,1600,via2_1600x480
VSS,met1-met2,STRIPE,via,226442,184720,228042,185200,1600,via_1600x480
VSS,met3-met4,STRIPE,via,200806,184720,202406,185200,1600,via3_1600x480
VSS,met2-met3,STRIPE,via,200806,184720,202406,185200,1600,via2_1600x480
VSS,met1-met2,STRIPE,via,200806,184720,202406,185200,1600,via_1600x480
VSS,met3-met4,STRIPE,via,172508,184720,174108,185200,1600,via3_1600x480
VSS,met2-met3,STRIPE,via,172508,184720,174108,185200,1600,via2_1600x480
VSS,met1-met2,STRIPE,via,172508,184720,174108,185200,1600,via_1600x480
VSS,met3-met4,STRIPE,via,147085,184720,148685,185200,1600,via3_1600x480
VSS,met2-met3,STRIPE,via,147085,184720,148685,185200,1600,via2_1600x480
VSS,met1-met2,STRIPE,via,147085,184720,148685,185200,1600,via_1600x480
VSS,met3-met4,STRIPE,via,119969,184720,121569,185200,1600,via3_1600x480
VSS,met2-met3,STRIPE,via,119969,184720,121569,185200,1600,via2_1600x480
VSS,met1-met2,STRIPE,via,119969,184720,121569,185200,1600,via_1600x480
VSS,met3-met4,STRIPE,via,91274,184720,92874,185200,1600,via3_1600x480
VSS,met2-met3,STRIPE,via,91274,184720,92874,185200,1600,via2_1600x480
VSS,met1-met2,STRIPE,via,91274,184720,92874,185200,1600,via_1600x480
VSS,met3-met4,STRIPE,via,60895,184720,62495,185200,1600,via3_1600x480
VSS,met2-met3,STRIPE,via,60895,184720,62495,185200,1600,via2_1600x480
VSS,met1-met2,STRIPE,via,60895,184720,62495,185200,1600,via_1600x480
VSS,met3-met4,STRIPE,via,35196,184720,36796,185200,1600,via3_1600x480
VSS,met2-met3,STRIPE,via,35196,184720,36796,185200,1600,via2_1600x480
VSS,met1-met2,STRIPE,via,35196,184720,36796,185200,1600,via_1600x480
VSS,met3-met4,STRIPE,via,254815,179280,256415,179760,1600,via3_1600x480
VSS,met2-met3,STRIPE,via,254815,179280,256415,179760,1600,via2_1600x480
VSS,met1-met2,STRIPE,via,254815,179280,256415,179760,1600,via_1600x480
VSS,met3-met4,STRIPE,via,226442,179280,228042,179760,1600,via3_1600x480
VSS,met2-met3,STRIPE,via,226442,179280,228042,179760,1600,via2_1600x480
VSS,met1-met2,STRIPE,via,226442,179280,228042,179760,1600,via_1600x480
VSS,met3-met4,STRIPE,via,200806,179280,202406,179760,1600,via3_1600x480
VSS,met2-met3,STRIPE,via,200806,179280,202406,179760,1600,via2_1600x480
VSS,met1-met2,STRIPE,via,200806,179280,202406,179760,1600,via_1600x480
VSS,met3-met4,STRIPE,via,172508,179280,174108,179760,1600,via3_1600x480
VSS,met2-met3,STRIPE,via,172508,179280,174108,179760,1600,via2_1600x480
VSS,met1-met2,STRIPE,via,172508,179280,174108,179760,1600,via_1600x480
VSS,met3-met4,STRIPE,via,147085,179280,148685,179760,1600,via3_1600x480
VSS,met2-met3,STRIPE,via,147085,179280,148685,179760,1600,via2_1600x480
VSS,met1-met2,STRIPE,via,147085,179280,148685,179760,1600,via_1600x480
VSS,met3-met4,STRIPE,via,119969,179280,121569,179760,1600,via3_1600x480
VSS,met2-met3,STRIPE,via,119969,179280,121569,179760,1600,via2_1600x480
VSS,met1-met2,STRIPE,via,119969,179280,121569,179760,1600,via_1600x480
VSS,met3-met4,STRIPE,via,91274,179280,92874,179760,1600,via3_1600x480
VSS,met2-met3,STRIPE,via,91274,179280,92874,179760,1600,via2_1600x480
VSS,met1-met2,STRIPE,via,91274,179280,92874,179760,1600,via_1600x480
VSS,met3-met4,STRIPE,via,60895,179280,62495,179760,1600,via3_1600x480
VSS,met2-met3,STRIPE,via,60895,179280,62495,179760,1600,via2_1600x480
VSS,met1-met2,STRIPE,via,60895,179280,62495,179760,1600,via_1600x480
VSS,met3-met4,STRIPE,via,35196,179280,36796,179760,1600,via3_1600x480
VSS,met2-met3,STRIPE,via,35196,179280,36796,179760,1600,via2_1600x480
VSS,met1-met2,STRIPE,via,35196,179280,36796,179760,1600,via_1600x480
VSS,met3-met4,STRIPE,via,254815,173840,256415,174320,1600,via3_1600x480
VSS,met2-met3,STRIPE,via,254815,173840,256415,174320,1600,via2_1600x480
VSS,met1-met2,STRIPE,via,254815,173840,256415,174320,1600,via_1600x480
VSS,met3-met4,STRIPE,via,226442,173840,228042,174320,1600,via3_1600x480
VSS,met2-met3,STRIPE,via,226442,173840,228042,174320,1600,via2_1600x480
VSS,met1-met2,STRIPE,via,226442,173840,228042,174320,1600,via_1600x480
VSS,met3-met4,STRIPE,via,200806,173840,202406,174320,1600,via3_1600x480
VSS,met2-met3,STRIPE,via,200806,173840,202406,174320,1600,via2_1600x480
VSS,met1-met2,STRIPE,via,200806,173840,202406,174320,1600,via_1600x480
VSS,met3-met4,STRIPE,via,172508,173840,174108,174320,1600,via3_1600x480
VSS,met2-met3,STRIPE,via,172508,173840,174108,174320,1600,via2_1600x480
VSS,met1-met2,STRIPE,via,172508,173840,174108,174320,1600,via_1600x480
VSS,met3-met4,STRIPE,via,147085,173840,148685,174320,1600,via3_1600x480
VSS,met2-met3,STRIPE,via,147085,173840,148685,174320,1600,via2_1600x480
VSS,met1-met2,STRIPE,via,147085,173840,148685,174320,1600,via_1600x480
VSS,met3-met4,STRIPE,via,119969,173840,121569,174320,1600,via3_1600x480
VSS,met2-met3,STRIPE,via,119969,173840,121569,174320,1600,via2_1600x480
VSS,met1-met2,STRIPE,via,119969,173840,121569,174320,1600,via_1600x480
VSS,met3-met4,STRIPE,via,91274,173840,92874,174320,1600,via3_1600x480
VSS,met2-met3,STRIPE,via,91274,173840,92874,174320,1600,via2_1600x480
VSS,met1-met2,STRIPE,via,91274,173840,92874,174320,1600,via_1600x480
VSS,met3-met4,STRIPE,via,60895,173840,62495,174320,1600,via3_1600x480
VSS,met2-met3,STRIPE,via,60895,173840,62495,174320,1600,via2_1600x480
VSS,met1-met2,STRIPE,via,60895,173840,62495,174320,1600,via_1600x480
VSS,met3-met4,STRIPE,via,35196,173840,36796,174320,1600,via3_1600x480
VSS,met2-met3,STRIPE,via,35196,173840,36796,174320,1600,via2_1600x480
VSS,met1-met2,STRIPE,via,35196,173840,36796,174320,1600,via_1600x480
VSS,met3-met4,STRIPE,via,254815,168400,256415,168880,1600,via3_1600x480
VSS,met2-met3,STRIPE,via,254815,168400,256415,168880,1600,via2_1600x480
VSS,met1-met2,STRIPE,via,254815,168400,256415,168880,1600,via_1600x480
VSS,met3-met4,STRIPE,via,226442,168400,228042,168880,1600,via3_1600x480
VSS,met2-met3,STRIPE,via,226442,168400,228042,168880,1600,via2_1600x480
VSS,met1-met2,STRIPE,via,226442,168400,228042,168880,1600,via_1600x480
VSS,met3-met4,STRIPE,via,200806,168400,202406,168880,1600,via3_1600x480
VSS,met2-met3,STRIPE,via,200806,168400,202406,168880,1600,via2_1600x480
VSS,met1-met2,STRIPE,via,200806,168400,202406,168880,1600,via_1600x480
VSS,met3-met4,STRIPE,via,172508,168400,174108,168880,1600,via3_1600x480
VSS,met2-met3,STRIPE,via,172508,168400,174108,168880,1600,via2_1600x480
VSS,met1-met2,STRIPE,via,172508,168400,174108,168880,1600,via_1600x480
VSS,met3-met4,STRIPE,via,147085,168400,148685,168880,1600,via3_1600x480
VSS,met2-met3,STRIPE,via,147085,168400,148685,168880,1600,via2_1600x480
VSS,met1-met2,STRIPE,via,147085,168400,148685,168880,1600,via_1600x480
VSS,met3-met4,STRIPE,via,119969,168400,121569,168880,1600,via3_1600x480
VSS,met2-met3,STRIPE,via,119969,168400,121569,168880,1600,via2_1600x480
VSS,met1-met2,STRIPE,via,119969,168400,121569,168880,1600,via_1600x480
VSS,met3-met4,STRIPE,via,91274,168400,92874,168880,1600,via3_1600x480
VSS,met2-met3,STRIPE,via,91274,168400,92874,168880,1600,via2_1600x480
VSS,met1-met2,STRIPE,via,91274,168400,92874,168880,1600,via_1600x480
VSS,met3-met4,STRIPE,via,60895,168400,62495,168880,1600,via3_1600x480
VSS,met2-met3,STRIPE,via,60895,168400,62495,168880,1600,via2_1600x480
VSS,met1-met2,STRIPE,via,60895,168400,62495,168880,1600,via_1600x480
VSS,met3-met4,STRIPE,via,35196,168400,36796,168880,1600,via3_1600x480
VSS,met2-met3,STRIPE,via,35196,168400,36796,168880,1600,via2_1600x480
VSS,met1-met2,STRIPE,via,35196,168400,36796,168880,1600,via_1600x480
VSS,met3-met4,STRIPE,via,254815,162960,256415,163440,1600,via3_1600x480
VSS,met2-met3,STRIPE,via,254815,162960,256415,163440,1600,via2_1600x480
VSS,met1-met2,STRIPE,via,254815,162960,256415,163440,1600,via_1600x480
VSS,met3-met4,STRIPE,via,226442,162960,228042,163440,1600,via3_1600x480
VSS,met2-met3,STRIPE,via,226442,162960,228042,163440,1600,via2_1600x480
VSS,met1-met2,STRIPE,via,226442,162960,228042,163440,1600,via_1600x480
VSS,met3-met4,STRIPE,via,200806,162960,202406,163440,1600,via3_1600x480
VSS,met2-met3,STRIPE,via,200806,162960,202406,163440,1600,via2_1600x480
VSS,met1-met2,STRIPE,via,200806,162960,202406,163440,1600,via_1600x480
VSS,met3-met4,STRIPE,via,172508,162960,174108,163440,1600,via3_1600x480
VSS,met2-met3,STRIPE,via,172508,162960,174108,163440,1600,via2_1600x480
VSS,met1-met2,STRIPE,via,172508,162960,174108,163440,1600,via_1600x480
VSS,met3-met4,STRIPE,via,147085,162960,148685,163440,1600,via3_1600x480
VSS,met2-met3,STRIPE,via,147085,162960,148685,163440,1600,via2_1600x480
VSS,met1-met2,STRIPE,via,147085,162960,148685,163440,1600,via_1600x480
VSS,met3-met4,STRIPE,via,119969,162960,121569,163440,1600,via3_1600x480
VSS,met2-met3,STRIPE,via,119969,162960,121569,163440,1600,via2_1600x480
VSS,met1-met2,STRIPE,via,119969,162960,121569,163440,1600,via_1600x480
VSS,met3-met4,STRIPE,via,91274,162960,92874,163440,1600,via3_1600x480
VSS,met2-met3,STRIPE,via,91274,162960,92874,163440,1600,via2_1600x480
VSS,met1-met2,STRIPE,via,91274,162960,92874,163440,1600,via_1600x480
VSS,met3-met4,STRIPE,via,60895,162960,62495,163440,1600,via3_1600x480
VSS,met2-met3,STRIPE,via,60895,162960,62495,163440,1600,via2_1600x480
VSS,met1-met2,STRIPE,via,60895,162960,62495,163440,1600,via_1600x480
VSS,met3-met4,STRIPE,via,35196,162960,36796,163440,1600,via3_1600x480
VSS,met2-met3,STRIPE,via,35196,162960,36796,163440,1600,via2_1600x480
VSS,met1-met2,STRIPE,via,35196,162960,36796,163440,1600,via_1600x480
VSS,met3-met4,STRIPE,via,254815,157520,256415,158000,1600,via3_1600x480
VSS,met2-met3,STRIPE,via,254815,157520,256415,158000,1600,via2_1600x480
VSS,met1-met2,STRIPE,via,254815,157520,256415,158000,1600,via_1600x480
VSS,met3-met4,STRIPE,via,226442,157520,228042,158000,1600,via3_1600x480
VSS,met2-met3,STRIPE,via,226442,157520,228042,158000,1600,via2_1600x480
VSS,met1-met2,STRIPE,via,226442,157520,228042,158000,1600,via_1600x480
VSS,met3-met4,STRIPE,via,200806,157520,202406,158000,1600,via3_1600x480
VSS,met2-met3,STRIPE,via,200806,157520,202406,158000,1600,via2_1600x480
VSS,met1-met2,STRIPE,via,200806,157520,202406,158000,1600,via_1600x480
VSS,met3-met4,STRIPE,via,172508,157520,174108,158000,1600,via3_1600x480
VSS,met2-met3,STRIPE,via,172508,157520,174108,158000,1600,via2_1600x480
VSS,met1-met2,STRIPE,via,172508,157520,174108,158000,1600,via_1600x480
VSS,met3-met4,STRIPE,via,147085,157520,148685,158000,1600,via3_1600x480
VSS,met2-met3,STRIPE,via,147085,157520,148685,158000,1600,via2_1600x480
VSS,met1-met2,STRIPE,via,147085,157520,148685,158000,1600,via_1600x480
VSS,met3-met4,STRIPE,via,119969,157520,121569,158000,1600,via3_1600x480
VSS,met2-met3,STRIPE,via,119969,157520,121569,158000,1600,via2_1600x480
VSS,met1-met2,STRIPE,via,119969,157520,121569,158000,1600,via_1600x480
VSS,met3-met4,STRIPE,via,91274,157520,92874,158000,1600,via3_1600x480
VSS,met2-met3,STRIPE,via,91274,157520,92874,158000,1600,via2_1600x480
VSS,met1-met2,STRIPE,via,91274,157520,92874,158000,1600,via_1600x480
VSS,met3-met4,STRIPE,via,60895,157520,62495,158000,1600,via3_1600x480
VSS,met2-met3,STRIPE,via,60895,157520,62495,158000,1600,via2_1600x480
VSS,met1-met2,STRIPE,via,60895,157520,62495,158000,1600,via_1600x480
VSS,met3-met4,STRIPE,via,35196,157520,36796,158000,1600,via3_1600x480
VSS,met2-met3,STRIPE,via,35196,157520,36796,158000,1600,via2_1600x480
VSS,met1-met2,STRIPE,via,35196,157520,36796,158000,1600,via_1600x480
VSS,met3-met4,STRIPE,via,254815,152080,256415,152560,1600,via3_1600x480
VSS,met2-met3,STRIPE,via,254815,152080,256415,152560,1600,via2_1600x480
VSS,met1-met2,STRIPE,via,254815,152080,256415,152560,1600,via_1600x480
VSS,met3-met4,STRIPE,via,226442,152080,228042,152560,1600,via3_1600x480
VSS,met2-met3,STRIPE,via,226442,152080,228042,152560,1600,via2_1600x480
VSS,met1-met2,STRIPE,via,226442,152080,228042,152560,1600,via_1600x480
VSS,met3-met4,STRIPE,via,200806,152080,202406,152560,1600,via3_1600x480
VSS,met2-met3,STRIPE,via,200806,152080,202406,152560,1600,via2_1600x480
VSS,met1-met2,STRIPE,via,200806,152080,202406,152560,1600,via_1600x480
VSS,met3-met4,STRIPE,via,172508,152080,174108,152560,1600,via3_1600x480
VSS,met2-met3,STRIPE,via,172508,152080,174108,152560,1600,via2_1600x480
VSS,met1-met2,STRIPE,via,172508,152080,174108,152560,1600,via_1600x480
VSS,met3-met4,STRIPE,via,147085,152080,148685,152560,1600,via3_1600x480
VSS,met2-met3,STRIPE,via,147085,152080,148685,152560,1600,via2_1600x480
VSS,met1-met2,STRIPE,via,147085,152080,148685,152560,1600,via_1600x480
VSS,met3-met4,STRIPE,via,119969,152080,121569,152560,1600,via3_1600x480
VSS,met2-met3,STRIPE,via,119969,152080,121569,152560,1600,via2_1600x480
VSS,met1-met2,STRIPE,via,119969,152080,121569,152560,1600,via_1600x480
VSS,met3-met4,STRIPE,via,91274,152080,92874,152560,1600,via3_1600x480
VSS,met2-met3,STRIPE,via,91274,152080,92874,152560,1600,via2_1600x480
VSS,met1-met2,STRIPE,via,91274,152080,92874,152560,1600,via_1600x480
VSS,met3-met4,STRIPE,via,60895,152080,62495,152560,1600,via3_1600x480
VSS,met2-met3,STRIPE,via,60895,152080,62495,152560,1600,via2_1600x480
VSS,met1-met2,STRIPE,via,60895,152080,62495,152560,1600,via_1600x480
VSS,met3-met4,STRIPE,via,35196,152080,36796,152560,1600,via3_1600x480
VSS,met2-met3,STRIPE,via,35196,152080,36796,152560,1600,via2_1600x480
VSS,met1-met2,STRIPE,via,35196,152080,36796,152560,1600,via_1600x480
VSS,met3-met4,STRIPE,via,254815,146640,256415,147120,1600,via3_1600x480
VSS,met2-met3,STRIPE,via,254815,146640,256415,147120,1600,via2_1600x480
VSS,met1-met2,STRIPE,via,254815,146640,256415,147120,1600,via_1600x480
VSS,met3-met4,STRIPE,via,226442,146640,228042,147120,1600,via3_1600x480
VSS,met2-met3,STRIPE,via,226442,146640,228042,147120,1600,via2_1600x480
VSS,met1-met2,STRIPE,via,226442,146640,228042,147120,1600,via_1600x480
VSS,met3-met4,STRIPE,via,200806,146640,202406,147120,1600,via3_1600x480
VSS,met2-met3,STRIPE,via,200806,146640,202406,147120,1600,via2_1600x480
VSS,met1-met2,STRIPE,via,200806,146640,202406,147120,1600,via_1600x480
VSS,met3-met4,STRIPE,via,172508,146640,174108,147120,1600,via3_1600x480
VSS,met2-met3,STRIPE,via,172508,146640,174108,147120,1600,via2_1600x480
VSS,met1-met2,STRIPE,via,172508,146640,174108,147120,1600,via_1600x480
VSS,met3-met4,STRIPE,via,147085,146640,148685,147120,1600,via3_1600x480
VSS,met2-met3,STRIPE,via,147085,146640,148685,147120,1600,via2_1600x480
VSS,met1-met2,STRIPE,via,147085,146640,148685,147120,1600,via_1600x480
VSS,met3-met4,STRIPE,via,119969,146640,121569,147120,1600,via3_1600x480
VSS,met2-met3,STRIPE,via,119969,146640,121569,147120,1600,via2_1600x480
VSS,met1-met2,STRIPE,via,119969,146640,121569,147120,1600,via_1600x480
VSS,met3-met4,STRIPE,via,91274,146640,92874,147120,1600,via3_1600x480
VSS,met2-met3,STRIPE,via,91274,146640,92874,147120,1600,via2_1600x480
VSS,met1-met2,STRIPE,via,91274,146640,92874,147120,1600,via_1600x480
VSS,met3-met4,STRIPE,via,60895,146640,62495,147120,1600,via3_1600x480
VSS,met2-met3,STRIPE,via,60895,146640,62495,147120,1600,via2_1600x480
VSS,met1-met2,STRIPE,via,60895,146640,62495,147120,1600,via_1600x480
VSS,met3-met4,STRIPE,via,35196,146640,36796,147120,1600,via3_1600x480
VSS,met2-met3,STRIPE,via,35196,146640,36796,147120,1600,via2_1600x480
VSS,met1-met2,STRIPE,via,35196,146640,36796,147120,1600,via_1600x480
VSS,met3-met4,STRIPE,via,254815,141200,256415,141680,1600,via3_1600x480
VSS,met2-met3,STRIPE,via,254815,141200,256415,141680,1600,via2_1600x480
VSS,met1-met2,STRIPE,via,254815,141200,256415,141680,1600,via_1600x480
VSS,met3-met4,STRIPE,via,226442,141200,228042,141680,1600,via3_1600x480
VSS,met2-met3,STRIPE,via,226442,141200,228042,141680,1600,via2_1600x480
VSS,met1-met2,STRIPE,via,226442,141200,228042,141680,1600,via_1600x480
VSS,met3-met4,STRIPE,via,200806,141200,202406,141680,1600,via3_1600x480
VSS,met2-met3,STRIPE,via,200806,141200,202406,141680,1600,via2_1600x480
VSS,met1-met2,STRIPE,via,200806,141200,202406,141680,1600,via_1600x480
VSS,met3-met4,STRIPE,via,172508,141200,174108,141680,1600,via3_1600x480
VSS,met2-met3,STRIPE,via,172508,141200,174108,141680,1600,via2_1600x480
VSS,met1-met2,STRIPE,via,172508,141200,174108,141680,1600,via_1600x480
VSS,met3-met4,STRIPE,via,147085,141200,148685,141680,1600,via3_1600x480
VSS,met2-met3,STRIPE,via,147085,141200,148685,141680,1600,via2_1600x480
VSS,met1-met2,STRIPE,via,147085,141200,148685,141680,1600,via_1600x480
VSS,met3-met4,STRIPE,via,119969,141200,121569,141680,1600,via3_1600x480
VSS,met2-met3,STRIPE,via,119969,141200,121569,141680,1600,via2_1600x480
VSS,met1-met2,STRIPE,via,119969,141200,121569,141680,1600,via_1600x480
VSS,met3-met4,STRIPE,via,91274,141200,92874,141680,1600,via3_1600x480
VSS,met2-met3,STRIPE,via,91274,141200,92874,141680,1600,via2_1600x480
VSS,met1-met2,STRIPE,via,91274,141200,92874,141680,1600,via_1600x480
VSS,met3-met4,STRIPE,via,60895,141200,62495,141680,1600,via3_1600x480
VSS,met2-met3,STRIPE,via,60895,141200,62495,141680,1600,via2_1600x480
VSS,met1-met2,STRIPE,via,60895,141200,62495,141680,1600,via_1600x480
VSS,met3-met4,STRIPE,via,35196,141200,36796,141680,1600,via3_1600x480
VSS,met2-met3,STRIPE,via,35196,141200,36796,141680,1600,via2_1600x480
VSS,met1-met2,STRIPE,via,35196,141200,36796,141680,1600,via_1600x480
VSS,met3-met4,STRIPE,via,254815,135760,256415,136240,1600,via3_1600x480
VSS,met2-met3,STRIPE,via,254815,135760,256415,136240,1600,via2_1600x480
VSS,met1-met2,STRIPE,via,254815,135760,256415,136240,1600,via_1600x480
VSS,met3-met4,STRIPE,via,226442,135760,228042,136240,1600,via3_1600x480
VSS,met2-met3,STRIPE,via,226442,135760,228042,136240,1600,via2_1600x480
VSS,met1-met2,STRIPE,via,226442,135760,228042,136240,1600,via_1600x480
VSS,met3-met4,STRIPE,via,200806,135760,202406,136240,1600,via3_1600x480
VSS,met2-met3,STRIPE,via,200806,135760,202406,136240,1600,via2_1600x480
VSS,met1-met2,STRIPE,via,200806,135760,202406,136240,1600,via_1600x480
VSS,met3-met4,STRIPE,via,172508,135760,174108,136240,1600,via3_1600x480
VSS,met2-met3,STRIPE,via,172508,135760,174108,136240,1600,via2_1600x480
VSS,met1-met2,STRIPE,via,172508,135760,174108,136240,1600,via_1600x480
VSS,met3-met4,STRIPE,via,147085,135760,148685,136240,1600,via3_1600x480
VSS,met2-met3,STRIPE,via,147085,135760,148685,136240,1600,via2_1600x480
VSS,met1-met2,STRIPE,via,147085,135760,148685,136240,1600,via_1600x480
VSS,met3-met4,STRIPE,via,119969,135760,121569,136240,1600,via3_1600x480
VSS,met2-met3,STRIPE,via,119969,135760,121569,136240,1600,via2_1600x480
VSS,met1-met2,STRIPE,via,119969,135760,121569,136240,1600,via_1600x480
VSS,met3-met4,STRIPE,via,91274,135760,92874,136240,1600,via3_1600x480
VSS,met2-met3,STRIPE,via,91274,135760,92874,136240,1600,via2_1600x480
VSS,met1-met2,STRIPE,via,91274,135760,92874,136240,1600,via_1600x480
VSS,met3-met4,STRIPE,via,60895,135760,62495,136240,1600,via3_1600x480
VSS,met2-met3,STRIPE,via,60895,135760,62495,136240,1600,via2_1600x480
VSS,met1-met2,STRIPE,via,60895,135760,62495,136240,1600,via_1600x480
VSS,met3-met4,STRIPE,via,35196,135760,36796,136240,1600,via3_1600x480
VSS,met2-met3,STRIPE,via,35196,135760,36796,136240,1600,via2_1600x480
VSS,met1-met2,STRIPE,via,35196,135760,36796,136240,1600,via_1600x480
VSS,met3-met4,STRIPE,via,254815,130320,256415,130800,1600,via3_1600x480
VSS,met2-met3,STRIPE,via,254815,130320,256415,130800,1600,via2_1600x480
VSS,met1-met2,STRIPE,via,254815,130320,256415,130800,1600,via_1600x480
VSS,met3-met4,STRIPE,via,226442,130320,228042,130800,1600,via3_1600x480
VSS,met2-met3,STRIPE,via,226442,130320,228042,130800,1600,via2_1600x480
VSS,met1-met2,STRIPE,via,226442,130320,228042,130800,1600,via_1600x480
VSS,met3-met4,STRIPE,via,200806,130320,202406,130800,1600,via3_1600x480
VSS,met2-met3,STRIPE,via,200806,130320,202406,130800,1600,via2_1600x480
VSS,met1-met2,STRIPE,via,200806,130320,202406,130800,1600,via_1600x480
VSS,met3-met4,STRIPE,via,172508,130320,174108,130800,1600,via3_1600x480
VSS,met2-met3,STRIPE,via,172508,130320,174108,130800,1600,via2_1600x480
VSS,met1-met2,STRIPE,via,172508,130320,174108,130800,1600,via_1600x480
VSS,met3-met4,STRIPE,via,147085,130320,148685,130800,1600,via3_1600x480
VSS,met2-met3,STRIPE,via,147085,130320,148685,130800,1600,via2_1600x480
VSS,met1-met2,STRIPE,via,147085,130320,148685,130800,1600,via_1600x480
VSS,met3-met4,STRIPE,via,119969,130320,121569,130800,1600,via3_1600x480
VSS,met2-met3,STRIPE,via,119969,130320,121569,130800,1600,via2_1600x480
VSS,met1-met2,STRIPE,via,119969,130320,121569,130800,1600,via_1600x480
VSS,met3-met4,STRIPE,via,91274,130320,92874,130800,1600,via3_1600x480
VSS,met2-met3,STRIPE,via,91274,130320,92874,130800,1600,via2_1600x480
VSS,met1-met2,STRIPE,via,91274,130320,92874,130800,1600,via_1600x480
VSS,met3-met4,STRIPE,via,60895,130320,62495,130800,1600,via3_1600x480
VSS,met2-met3,STRIPE,via,60895,130320,62495,130800,1600,via2_1600x480
VSS,met1-met2,STRIPE,via,60895,130320,62495,130800,1600,via_1600x480
VSS,met3-met4,STRIPE,via,35196,130320,36796,130800,1600,via3_1600x480
VSS,met2-met3,STRIPE,via,35196,130320,36796,130800,1600,via2_1600x480
VSS,met1-met2,STRIPE,via,35196,130320,36796,130800,1600,via_1600x480
VSS,met3-met4,STRIPE,via,254815,124880,256415,125360,1600,via3_1600x480
VSS,met2-met3,STRIPE,via,254815,124880,256415,125360,1600,via2_1600x480
VSS,met1-met2,STRIPE,via,254815,124880,256415,125360,1600,via_1600x480
VSS,met3-met4,STRIPE,via,226442,124880,228042,125360,1600,via3_1600x480
VSS,met2-met3,STRIPE,via,226442,124880,228042,125360,1600,via2_1600x480
VSS,met1-met2,STRIPE,via,226442,124880,228042,125360,1600,via_1600x480
VSS,met3-met4,STRIPE,via,200806,124880,202406,125360,1600,via3_1600x480
VSS,met2-met3,STRIPE,via,200806,124880,202406,125360,1600,via2_1600x480
VSS,met1-met2,STRIPE,via,200806,124880,202406,125360,1600,via_1600x480
VSS,met3-met4,STRIPE,via,172508,124880,174108,125360,1600,via3_1600x480
VSS,met2-met3,STRIPE,via,172508,124880,174108,125360,1600,via2_1600x480
VSS,met1-met2,STRIPE,via,172508,124880,174108,125360,1600,via_1600x480
VSS,met3-met4,STRIPE,via,147085,124880,148685,125360,1600,via3_1600x480
VSS,met2-met3,STRIPE,via,147085,124880,148685,125360,1600,via2_1600x480
VSS,met1-met2,STRIPE,via,147085,124880,148685,125360,1600,via_1600x480
VSS,met3-met4,STRIPE,via,119969,124880,121569,125360,1600,via3_1600x480
VSS,met2-met3,STRIPE,via,119969,124880,121569,125360,1600,via2_1600x480
VSS,met1-met2,STRIPE,via,119969,124880,121569,125360,1600,via_1600x480
VSS,met3-met4,STRIPE,via,91274,124880,92874,125360,1600,via3_1600x480
VSS,met2-met3,STRIPE,via,91274,124880,92874,125360,1600,via2_1600x480
VSS,met1-met2,STRIPE,via,91274,124880,92874,125360,1600,via_1600x480
VSS,met3-met4,STRIPE,via,60895,124880,62495,125360,1600,via3_1600x480
VSS,met2-met3,STRIPE,via,60895,124880,62495,125360,1600,via2_1600x480
VSS,met1-met2,STRIPE,via,60895,124880,62495,125360,1600,via_1600x480
VSS,met3-met4,STRIPE,via,35196,124880,36796,125360,1600,via3_1600x480
VSS,met2-met3,STRIPE,via,35196,124880,36796,125360,1600,via2_1600x480
VSS,met1-met2,STRIPE,via,35196,124880,36796,125360,1600,via_1600x480
VSS,met3-met4,STRIPE,via,254815,119440,256415,119920,1600,via3_1600x480
VSS,met2-met3,STRIPE,via,254815,119440,256415,119920,1600,via2_1600x480
VSS,met1-met2,STRIPE,via,254815,119440,256415,119920,1600,via_1600x480
VSS,met3-met4,STRIPE,via,226442,119440,228042,119920,1600,via3_1600x480
VSS,met2-met3,STRIPE,via,226442,119440,228042,119920,1600,via2_1600x480
VSS,met1-met2,STRIPE,via,226442,119440,228042,119920,1600,via_1600x480
VSS,met3-met4,STRIPE,via,200806,119440,202406,119920,1600,via3_1600x480
VSS,met2-met3,STRIPE,via,200806,119440,202406,119920,1600,via2_1600x480
VSS,met1-met2,STRIPE,via,200806,119440,202406,119920,1600,via_1600x480
VSS,met3-met4,STRIPE,via,172508,119440,174108,119920,1600,via3_1600x480
VSS,met2-met3,STRIPE,via,172508,119440,174108,119920,1600,via2_1600x480
VSS,met1-met2,STRIPE,via,172508,119440,174108,119920,1600,via_1600x480
VSS,met3-met4,STRIPE,via,147085,119440,148685,119920,1600,via3_1600x480
VSS,met2-met3,STRIPE,via,147085,119440,148685,119920,1600,via2_1600x480
VSS,met1-met2,STRIPE,via,147085,119440,148685,119920,1600,via_1600x480
VSS,met3-met4,STRIPE,via,119969,119440,121569,119920,1600,via3_1600x480
VSS,met2-met3,STRIPE,via,119969,119440,121569,119920,1600,via2_1600x480
VSS,met1-met2,STRIPE,via,119969,119440,121569,119920,1600,via_1600x480
VSS,met3-met4,STRIPE,via,91274,119440,92874,119920,1600,via3_1600x480
VSS,met2-met3,STRIPE,via,91274,119440,92874,119920,1600,via2_1600x480
VSS,met1-met2,STRIPE,via,91274,119440,92874,119920,1600,via_1600x480
VSS,met3-met4,STRIPE,via,60895,119440,62495,119920,1600,via3_1600x480
VSS,met2-met3,STRIPE,via,60895,119440,62495,119920,1600,via2_1600x480
VSS,met1-met2,STRIPE,via,60895,119440,62495,119920,1600,via_1600x480
VSS,met3-met4,STRIPE,via,35196,119440,36796,119920,1600,via3_1600x480
VSS,met2-met3,STRIPE,via,35196,119440,36796,119920,1600,via2_1600x480
VSS,met1-met2,STRIPE,via,35196,119440,36796,119920,1600,via_1600x480
VSS,met3-met4,STRIPE,via,254815,114000,256415,114480,1600,via3_1600x480
VSS,met2-met3,STRIPE,via,254815,114000,256415,114480,1600,via2_1600x480
VSS,met1-met2,STRIPE,via,254815,114000,256415,114480,1600,via_1600x480
VSS,met3-met4,STRIPE,via,226442,114000,228042,114480,1600,via3_1600x480
VSS,met2-met3,STRIPE,via,226442,114000,228042,114480,1600,via2_1600x480
VSS,met1-met2,STRIPE,via,226442,114000,228042,114480,1600,via_1600x480
VSS,met3-met4,STRIPE,via,200806,114000,202406,114480,1600,via3_1600x480
VSS,met2-met3,STRIPE,via,200806,114000,202406,114480,1600,via2_1600x480
VSS,met1-met2,STRIPE,via,200806,114000,202406,114480,1600,via_1600x480
VSS,met3-met4,STRIPE,via,172508,114000,174108,114480,1600,via3_1600x480
VSS,met2-met3,STRIPE,via,172508,114000,174108,114480,1600,via2_1600x480
VSS,met1-met2,STRIPE,via,172508,114000,174108,114480,1600,via_1600x480
VSS,met3-met4,STRIPE,via,147085,114000,148685,114480,1600,via3_1600x480
VSS,met2-met3,STRIPE,via,147085,114000,148685,114480,1600,via2_1600x480
VSS,met1-met2,STRIPE,via,147085,114000,148685,114480,1600,via_1600x480
VSS,met3-met4,STRIPE,via,119969,114000,121569,114480,1600,via3_1600x480
VSS,met2-met3,STRIPE,via,119969,114000,121569,114480,1600,via2_1600x480
VSS,met1-met2,STRIPE,via,119969,114000,121569,114480,1600,via_1600x480
VSS,met3-met4,STRIPE,via,91274,114000,92874,114480,1600,via3_1600x480
VSS,met2-met3,STRIPE,via,91274,114000,92874,114480,1600,via2_1600x480
VSS,met1-met2,STRIPE,via,91274,114000,92874,114480,1600,via_1600x480
VSS,met3-met4,STRIPE,via,60895,114000,62495,114480,1600,via3_1600x480
VSS,met2-met3,STRIPE,via,60895,114000,62495,114480,1600,via2_1600x480
VSS,met1-met2,STRIPE,via,60895,114000,62495,114480,1600,via_1600x480
VSS,met3-met4,STRIPE,via,35196,114000,36796,114480,1600,via3_1600x480
VSS,met2-met3,STRIPE,via,35196,114000,36796,114480,1600,via2_1600x480
VSS,met1-met2,STRIPE,via,35196,114000,36796,114480,1600,via_1600x480
VSS,met3-met4,STRIPE,via,254815,108560,256415,109040,1600,via3_1600x480
VSS,met2-met3,STRIPE,via,254815,108560,256415,109040,1600,via2_1600x480
VSS,met1-met2,STRIPE,via,254815,108560,256415,109040,1600,via_1600x480
VSS,met3-met4,STRIPE,via,226442,108560,228042,109040,1600,via3_1600x480
VSS,met2-met3,STRIPE,via,226442,108560,228042,109040,1600,via2_1600x480
VSS,met1-met2,STRIPE,via,226442,108560,228042,109040,1600,via_1600x480
VSS,met3-met4,STRIPE,via,200806,108560,202406,109040,1600,via3_1600x480
VSS,met2-met3,STRIPE,via,200806,108560,202406,109040,1600,via2_1600x480
VSS,met1-met2,STRIPE,via,200806,108560,202406,109040,1600,via_1600x480
VSS,met3-met4,STRIPE,via,172508,108560,174108,109040,1600,via3_1600x480
VSS,met2-met3,STRIPE,via,172508,108560,174108,109040,1600,via2_1600x480
VSS,met1-met2,STRIPE,via,172508,108560,174108,109040,1600,via_1600x480
VSS,met3-met4,STRIPE,via,147085,108560,148685,109040,1600,via3_1600x480
VSS,met2-met3,STRIPE,via,147085,108560,148685,109040,1600,via2_1600x480
VSS,met1-met2,STRIPE,via,147085,108560,148685,109040,1600,via_1600x480
VSS,met3-met4,STRIPE,via,119969,108560,121569,109040,1600,via3_1600x480
VSS,met2-met3,STRIPE,via,119969,108560,121569,109040,1600,via2_1600x480
VSS,met1-met2,STRIPE,via,119969,108560,121569,109040,1600,via_1600x480
VSS,met3-met4,STRIPE,via,91274,108560,92874,109040,1600,via3_1600x480
VSS,met2-met3,STRIPE,via,91274,108560,92874,109040,1600,via2_1600x480
VSS,met1-met2,STRIPE,via,91274,108560,92874,109040,1600,via_1600x480
VSS,met3-met4,STRIPE,via,60895,108560,62495,109040,1600,via3_1600x480
VSS,met2-met3,STRIPE,via,60895,108560,62495,109040,1600,via2_1600x480
VSS,met1-met2,STRIPE,via,60895,108560,62495,109040,1600,via_1600x480
VSS,met3-met4,STRIPE,via,35196,108560,36796,109040,1600,via3_1600x480
VSS,met2-met3,STRIPE,via,35196,108560,36796,109040,1600,via2_1600x480
VSS,met1-met2,STRIPE,via,35196,108560,36796,109040,1600,via_1600x480
VSS,met3-met4,STRIPE,via,254815,103120,256415,103600,1600,via3_1600x480
VSS,met2-met3,STRIPE,via,254815,103120,256415,103600,1600,via2_1600x480
VSS,met1-met2,STRIPE,via,254815,103120,256415,103600,1600,via_1600x480
VSS,met3-met4,STRIPE,via,226442,103120,228042,103600,1600,via3_1600x480
VSS,met2-met3,STRIPE,via,226442,103120,228042,103600,1600,via2_1600x480
VSS,met1-met2,STRIPE,via,226442,103120,228042,103600,1600,via_1600x480
VSS,met3-met4,STRIPE,via,200806,103120,202406,103600,1600,via3_1600x480
VSS,met2-met3,STRIPE,via,200806,103120,202406,103600,1600,via2_1600x480
VSS,met1-met2,STRIPE,via,200806,103120,202406,103600,1600,via_1600x480
VSS,met3-met4,STRIPE,via,172508,103120,174108,103600,1600,via3_1600x480
VSS,met2-met3,STRIPE,via,172508,103120,174108,103600,1600,via2_1600x480
VSS,met1-met2,STRIPE,via,172508,103120,174108,103600,1600,via_1600x480
VSS,met3-met4,STRIPE,via,147085,103120,148685,103600,1600,via3_1600x480
VSS,met2-met3,STRIPE,via,147085,103120,148685,103600,1600,via2_1600x480
VSS,met1-met2,STRIPE,via,147085,103120,148685,103600,1600,via_1600x480
VSS,met3-met4,STRIPE,via,119969,103120,121569,103600,1600,via3_1600x480
VSS,met2-met3,STRIPE,via,119969,103120,121569,103600,1600,via2_1600x480
VSS,met1-met2,STRIPE,via,119969,103120,121569,103600,1600,via_1600x480
VSS,met3-met4,STRIPE,via,91274,103120,92874,103600,1600,via3_1600x480
VSS,met2-met3,STRIPE,via,91274,103120,92874,103600,1600,via2_1600x480
VSS,met1-met2,STRIPE,via,91274,103120,92874,103600,1600,via_1600x480
VSS,met3-met4,STRIPE,via,60895,103120,62495,103600,1600,via3_1600x480
VSS,met2-met3,STRIPE,via,60895,103120,62495,103600,1600,via2_1600x480
VSS,met1-met2,STRIPE,via,60895,103120,62495,103600,1600,via_1600x480
VSS,met3-met4,STRIPE,via,35196,103120,36796,103600,1600,via3_1600x480
VSS,met2-met3,STRIPE,via,35196,103120,36796,103600,1600,via2_1600x480
VSS,met1-met2,STRIPE,via,35196,103120,36796,103600,1600,via_1600x480
VSS,met3-met4,STRIPE,via,254815,97680,256415,98160,1600,via3_1600x480
VSS,met2-met3,STRIPE,via,254815,97680,256415,98160,1600,via2_1600x480
VSS,met1-met2,STRIPE,via,254815,97680,256415,98160,1600,via_1600x480
VSS,met3-met4,STRIPE,via,226442,97680,228042,98160,1600,via3_1600x480
VSS,met2-met3,STRIPE,via,226442,97680,228042,98160,1600,via2_1600x480
VSS,met1-met2,STRIPE,via,226442,97680,228042,98160,1600,via_1600x480
VSS,met3-met4,STRIPE,via,200806,97680,202406,98160,1600,via3_1600x480
VSS,met2-met3,STRIPE,via,200806,97680,202406,98160,1600,via2_1600x480
VSS,met1-met2,STRIPE,via,200806,97680,202406,98160,1600,via_1600x480
VSS,met3-met4,STRIPE,via,172508,97680,174108,98160,1600,via3_1600x480
VSS,met2-met3,STRIPE,via,172508,97680,174108,98160,1600,via2_1600x480
VSS,met1-met2,STRIPE,via,172508,97680,174108,98160,1600,via_1600x480
VSS,met3-met4,STRIPE,via,147085,97680,148685,98160,1600,via3_1600x480
VSS,met2-met3,STRIPE,via,147085,97680,148685,98160,1600,via2_1600x480
VSS,met1-met2,STRIPE,via,147085,97680,148685,98160,1600,via_1600x480
VSS,met3-met4,STRIPE,via,119969,97680,121569,98160,1600,via3_1600x480
VSS,met2-met3,STRIPE,via,119969,97680,121569,98160,1600,via2_1600x480
VSS,met1-met2,STRIPE,via,119969,97680,121569,98160,1600,via_1600x480
VSS,met3-met4,STRIPE,via,91274,97680,92874,98160,1600,via3_1600x480
VSS,met2-met3,STRIPE,via,91274,97680,92874,98160,1600,via2_1600x480
VSS,met1-met2,STRIPE,via,91274,97680,92874,98160,1600,via_1600x480
VSS,met3-met4,STRIPE,via,60895,97680,62495,98160,1600,via3_1600x480
VSS,met2-met3,STRIPE,via,60895,97680,62495,98160,1600,via2_1600x480
VSS,met1-met2,STRIPE,via,60895,97680,62495,98160,1600,via_1600x480
VSS,met3-met4,STRIPE,via,35196,97680,36796,98160,1600,via3_1600x480
VSS,met2-met3,STRIPE,via,35196,97680,36796,98160,1600,via2_1600x480
VSS,met1-met2,STRIPE,via,35196,97680,36796,98160,1600,via_1600x480
VSS,met3-met4,STRIPE,via,254815,92240,256415,92720,1600,via3_1600x480
VSS,met2-met3,STRIPE,via,254815,92240,256415,92720,1600,via2_1600x480
VSS,met1-met2,STRIPE,via,254815,92240,256415,92720,1600,via_1600x480
VSS,met3-met4,STRIPE,via,226442,92240,228042,92720,1600,via3_1600x480
VSS,met2-met3,STRIPE,via,226442,92240,228042,92720,1600,via2_1600x480
VSS,met1-met2,STRIPE,via,226442,92240,228042,92720,1600,via_1600x480
VSS,met3-met4,STRIPE,via,200806,92240,202406,92720,1600,via3_1600x480
VSS,met2-met3,STRIPE,via,200806,92240,202406,92720,1600,via2_1600x480
VSS,met1-met2,STRIPE,via,200806,92240,202406,92720,1600,via_1600x480
VSS,met3-met4,STRIPE,via,172508,92240,174108,92720,1600,via3_1600x480
VSS,met2-met3,STRIPE,via,172508,92240,174108,92720,1600,via2_1600x480
VSS,met1-met2,STRIPE,via,172508,92240,174108,92720,1600,via_1600x480
VSS,met3-met4,STRIPE,via,147085,92240,148685,92720,1600,via3_1600x480
VSS,met2-met3,STRIPE,via,147085,92240,148685,92720,1600,via2_1600x480
VSS,met1-met2,STRIPE,via,147085,92240,148685,92720,1600,via_1600x480
VSS,met3-met4,STRIPE,via,119969,92240,121569,92720,1600,via3_1600x480
VSS,met2-met3,STRIPE,via,119969,92240,121569,92720,1600,via2_1600x480
VSS,met1-met2,STRIPE,via,119969,92240,121569,92720,1600,via_1600x480
VSS,met3-met4,STRIPE,via,91274,92240,92874,92720,1600,via3_1600x480
VSS,met2-met3,STRIPE,via,91274,92240,92874,92720,1600,via2_1600x480
VSS,met1-met2,STRIPE,via,91274,92240,92874,92720,1600,via_1600x480
VSS,met3-met4,STRIPE,via,60895,92240,62495,92720,1600,via3_1600x480
VSS,met2-met3,STRIPE,via,60895,92240,62495,92720,1600,via2_1600x480
VSS,met1-met2,STRIPE,via,60895,92240,62495,92720,1600,via_1600x480
VSS,met3-met4,STRIPE,via,35196,92240,36796,92720,1600,via3_1600x480
VSS,met2-met3,STRIPE,via,35196,92240,36796,92720,1600,via2_1600x480
VSS,met1-met2,STRIPE,via,35196,92240,36796,92720,1600,via_1600x480
VSS,met3-met4,STRIPE,via,254815,86800,256415,87280,1600,via3_1600x480
VSS,met2-met3,STRIPE,via,254815,86800,256415,87280,1600,via2_1600x480
VSS,met1-met2,STRIPE,via,254815,86800,256415,87280,1600,via_1600x480
VSS,met3-met4,STRIPE,via,226442,86800,228042,87280,1600,via3_1600x480
VSS,met2-met3,STRIPE,via,226442,86800,228042,87280,1600,via2_1600x480
VSS,met1-met2,STRIPE,via,226442,86800,228042,87280,1600,via_1600x480
VSS,met3-met4,STRIPE,via,200806,86800,202406,87280,1600,via3_1600x480
VSS,met2-met3,STRIPE,via,200806,86800,202406,87280,1600,via2_1600x480
VSS,met1-met2,STRIPE,via,200806,86800,202406,87280,1600,via_1600x480
VSS,met3-met4,STRIPE,via,172508,86800,174108,87280,1600,via3_1600x480
VSS,met2-met3,STRIPE,via,172508,86800,174108,87280,1600,via2_1600x480
VSS,met1-met2,STRIPE,via,172508,86800,174108,87280,1600,via_1600x480
VSS,met3-met4,STRIPE,via,147085,86800,148685,87280,1600,via3_1600x480
VSS,met2-met3,STRIPE,via,147085,86800,148685,87280,1600,via2_1600x480
VSS,met1-met2,STRIPE,via,147085,86800,148685,87280,1600,via_1600x480
VSS,met3-met4,STRIPE,via,119969,86800,121569,87280,1600,via3_1600x480
VSS,met2-met3,STRIPE,via,119969,86800,121569,87280,1600,via2_1600x480
VSS,met1-met2,STRIPE,via,119969,86800,121569,87280,1600,via_1600x480
VSS,met3-met4,STRIPE,via,91274,86800,92874,87280,1600,via3_1600x480
VSS,met2-met3,STRIPE,via,91274,86800,92874,87280,1600,via2_1600x480
VSS,met1-met2,STRIPE,via,91274,86800,92874,87280,1600,via_1600x480
VSS,met3-met4,STRIPE,via,60895,86800,62495,87280,1600,via3_1600x480
VSS,met2-met3,STRIPE,via,60895,86800,62495,87280,1600,via2_1600x480
VSS,met1-met2,STRIPE,via,60895,86800,62495,87280,1600,via_1600x480
VSS,met3-met4,STRIPE,via,35196,86800,36796,87280,1600,via3_1600x480
VSS,met2-met3,STRIPE,via,35196,86800,36796,87280,1600,via2_1600x480
VSS,met1-met2,STRIPE,via,35196,86800,36796,87280,1600,via_1600x480
VSS,met3-met4,STRIPE,via,254815,81360,256415,81840,1600,via3_1600x480
VSS,met2-met3,STRIPE,via,254815,81360,256415,81840,1600,via2_1600x480
VSS,met1-met2,STRIPE,via,254815,81360,256415,81840,1600,via_1600x480
VSS,met3-met4,STRIPE,via,226442,81360,228042,81840,1600,via3_1600x480
VSS,met2-met3,STRIPE,via,226442,81360,228042,81840,1600,via2_1600x480
VSS,met1-met2,STRIPE,via,226442,81360,228042,81840,1600,via_1600x480
VSS,met3-met4,STRIPE,via,200806,81360,202406,81840,1600,via3_1600x480
VSS,met2-met3,STRIPE,via,200806,81360,202406,81840,1600,via2_1600x480
VSS,met1-met2,STRIPE,via,200806,81360,202406,81840,1600,via_1600x480
VSS,met3-met4,STRIPE,via,172508,81360,174108,81840,1600,via3_1600x480
VSS,met2-met3,STRIPE,via,172508,81360,174108,81840,1600,via2_1600x480
VSS,met1-met2,STRIPE,via,172508,81360,174108,81840,1600,via_1600x480
VSS,met3-met4,STRIPE,via,147085,81360,148685,81840,1600,via3_1600x480
VSS,met2-met3,STRIPE,via,147085,81360,148685,81840,1600,via2_1600x480
VSS,met1-met2,STRIPE,via,147085,81360,148685,81840,1600,via_1600x480
VSS,met3-met4,STRIPE,via,119969,81360,121569,81840,1600,via3_1600x480
VSS,met2-met3,STRIPE,via,119969,81360,121569,81840,1600,via2_1600x480
VSS,met1-met2,STRIPE,via,119969,81360,121569,81840,1600,via_1600x480
VSS,met3-met4,STRIPE,via,91274,81360,92874,81840,1600,via3_1600x480
VSS,met2-met3,STRIPE,via,91274,81360,92874,81840,1600,via2_1600x480
VSS,met1-met2,STRIPE,via,91274,81360,92874,81840,1600,via_1600x480
VSS,met3-met4,STRIPE,via,60895,81360,62495,81840,1600,via3_1600x480
VSS,met2-met3,STRIPE,via,60895,81360,62495,81840,1600,via2_1600x480
VSS,met1-met2,STRIPE,via,60895,81360,62495,81840,1600,via_1600x480
VSS,met3-met4,STRIPE,via,35196,81360,36796,81840,1600,via3_1600x480
VSS,met2-met3,STRIPE,via,35196,81360,36796,81840,1600,via2_1600x480
VSS,met1-met2,STRIPE,via,35196,81360,36796,81840,1600,via_1600x480
VSS,met3-met4,STRIPE,via,254815,75920,256415,76400,1600,via3_1600x480
VSS,met2-met3,STRIPE,via,254815,75920,256415,76400,1600,via2_1600x480
VSS,met1-met2,STRIPE,via,254815,75920,256415,76400,1600,via_1600x480
VSS,met3-met4,STRIPE,via,226442,75920,228042,76400,1600,via3_1600x480
VSS,met2-met3,STRIPE,via,226442,75920,228042,76400,1600,via2_1600x480
VSS,met1-met2,STRIPE,via,226442,75920,228042,76400,1600,via_1600x480
VSS,met3-met4,STRIPE,via,200806,75920,202406,76400,1600,via3_1600x480
VSS,met2-met3,STRIPE,via,200806,75920,202406,76400,1600,via2_1600x480
VSS,met1-met2,STRIPE,via,200806,75920,202406,76400,1600,via_1600x480
VSS,met3-met4,STRIPE,via,172508,75920,174108,76400,1600,via3_1600x480
VSS,met2-met3,STRIPE,via,172508,75920,174108,76400,1600,via2_1600x480
VSS,met1-met2,STRIPE,via,172508,75920,174108,76400,1600,via_1600x480
VSS,met3-met4,STRIPE,via,147085,75920,148685,76400,1600,via3_1600x480
VSS,met2-met3,STRIPE,via,147085,75920,148685,76400,1600,via2_1600x480
VSS,met1-met2,STRIPE,via,147085,75920,148685,76400,1600,via_1600x480
VSS,met3-met4,STRIPE,via,119969,75920,121569,76400,1600,via3_1600x480
VSS,met2-met3,STRIPE,via,119969,75920,121569,76400,1600,via2_1600x480
VSS,met1-met2,STRIPE,via,119969,75920,121569,76400,1600,via_1600x480
VSS,met3-met4,STRIPE,via,91274,75920,92874,76400,1600,via3_1600x480
VSS,met2-met3,STRIPE,via,91274,75920,92874,76400,1600,via2_1600x480
VSS,met1-met2,STRIPE,via,91274,75920,92874,76400,1600,via_1600x480
VSS,met3-met4,STRIPE,via,60895,75920,62495,76400,1600,via3_1600x480
VSS,met2-met3,STRIPE,via,60895,75920,62495,76400,1600,via2_1600x480
VSS,met1-met2,STRIPE,via,60895,75920,62495,76400,1600,via_1600x480
VSS,met3-met4,STRIPE,via,35196,75920,36796,76400,1600,via3_1600x480
VSS,met2-met3,STRIPE,via,35196,75920,36796,76400,1600,via2_1600x480
VSS,met1-met2,STRIPE,via,35196,75920,36796,76400,1600,via_1600x480
VSS,met3-met4,STRIPE,via,254815,70480,256415,70960,1600,via3_1600x480
VSS,met2-met3,STRIPE,via,254815,70480,256415,70960,1600,via2_1600x480
VSS,met1-met2,STRIPE,via,254815,70480,256415,70960,1600,via_1600x480
VSS,met3-met4,STRIPE,via,226442,70480,228042,70960,1600,via3_1600x480
VSS,met2-met3,STRIPE,via,226442,70480,228042,70960,1600,via2_1600x480
VSS,met1-met2,STRIPE,via,226442,70480,228042,70960,1600,via_1600x480
VSS,met3-met4,STRIPE,via,200806,70480,202406,70960,1600,via3_1600x480
VSS,met2-met3,STRIPE,via,200806,70480,202406,70960,1600,via2_1600x480
VSS,met1-met2,STRIPE,via,200806,70480,202406,70960,1600,via_1600x480
VSS,met3-met4,STRIPE,via,172508,70480,174108,70960,1600,via3_1600x480
VSS,met2-met3,STRIPE,via,172508,70480,174108,70960,1600,via2_1600x480
VSS,met1-met2,STRIPE,via,172508,70480,174108,70960,1600,via_1600x480
VSS,met3-met4,STRIPE,via,147085,70480,148685,70960,1600,via3_1600x480
VSS,met2-met3,STRIPE,via,147085,70480,148685,70960,1600,via2_1600x480
VSS,met1-met2,STRIPE,via,147085,70480,148685,70960,1600,via_1600x480
VSS,met3-met4,STRIPE,via,119969,70480,121569,70960,1600,via3_1600x480
VSS,met2-met3,STRIPE,via,119969,70480,121569,70960,1600,via2_1600x480
VSS,met1-met2,STRIPE,via,119969,70480,121569,70960,1600,via_1600x480
VSS,met3-met4,STRIPE,via,91274,70480,92874,70960,1600,via3_1600x480
VSS,met2-met3,STRIPE,via,91274,70480,92874,70960,1600,via2_1600x480
VSS,met1-met2,STRIPE,via,91274,70480,92874,70960,1600,via_1600x480
VSS,met3-met4,STRIPE,via,60895,70480,62495,70960,1600,via3_1600x480
VSS,met2-met3,STRIPE,via,60895,70480,62495,70960,1600,via2_1600x480
VSS,met1-met2,STRIPE,via,60895,70480,62495,70960,1600,via_1600x480
VSS,met3-met4,STRIPE,via,35196,70480,36796,70960,1600,via3_1600x480
VSS,met2-met3,STRIPE,via,35196,70480,36796,70960,1600,via2_1600x480
VSS,met1-met2,STRIPE,via,35196,70480,36796,70960,1600,via_1600x480
VSS,met3-met4,STRIPE,via,254815,65040,256415,65520,1600,via3_1600x480
VSS,met2-met3,STRIPE,via,254815,65040,256415,65520,1600,via2_1600x480
VSS,met1-met2,STRIPE,via,254815,65040,256415,65520,1600,via_1600x480
VSS,met3-met4,STRIPE,via,226442,65040,228042,65520,1600,via3_1600x480
VSS,met2-met3,STRIPE,via,226442,65040,228042,65520,1600,via2_1600x480
VSS,met1-met2,STRIPE,via,226442,65040,228042,65520,1600,via_1600x480
VSS,met3-met4,STRIPE,via,200806,65040,202406,65520,1600,via3_1600x480
VSS,met2-met3,STRIPE,via,200806,65040,202406,65520,1600,via2_1600x480
VSS,met1-met2,STRIPE,via,200806,65040,202406,65520,1600,via_1600x480
VSS,met3-met4,STRIPE,via,172508,65040,174108,65520,1600,via3_1600x480
VSS,met2-met3,STRIPE,via,172508,65040,174108,65520,1600,via2_1600x480
VSS,met1-met2,STRIPE,via,172508,65040,174108,65520,1600,via_1600x480
VSS,met3-met4,STRIPE,via,147085,65040,148685,65520,1600,via3_1600x480
VSS,met2-met3,STRIPE,via,147085,65040,148685,65520,1600,via2_1600x480
VSS,met1-met2,STRIPE,via,147085,65040,148685,65520,1600,via_1600x480
VSS,met3-met4,STRIPE,via,119969,65040,121569,65520,1600,via3_1600x480
VSS,met2-met3,STRIPE,via,119969,65040,121569,65520,1600,via2_1600x480
VSS,met1-met2,STRIPE,via,119969,65040,121569,65520,1600,via_1600x480
VSS,met3-met4,STRIPE,via,91274,65040,92874,65520,1600,via3_1600x480
VSS,met2-met3,STRIPE,via,91274,65040,92874,65520,1600,via2_1600x480
VSS,met1-met2,STRIPE,via,91274,65040,92874,65520,1600,via_1600x480
VSS,met3-met4,STRIPE,via,60895,65040,62495,65520,1600,via3_1600x480
VSS,met2-met3,STRIPE,via,60895,65040,62495,65520,1600,via2_1600x480
VSS,met1-met2,STRIPE,via,60895,65040,62495,65520,1600,via_1600x480
VSS,met3-met4,STRIPE,via,35196,65040,36796,65520,1600,via3_1600x480
VSS,met2-met3,STRIPE,via,35196,65040,36796,65520,1600,via2_1600x480
VSS,met1-met2,STRIPE,via,35196,65040,36796,65520,1600,via_1600x480
VSS,met3-met4,STRIPE,via,254815,59600,256415,60080,1600,via3_1600x480
VSS,met2-met3,STRIPE,via,254815,59600,256415,60080,1600,via2_1600x480
VSS,met1-met2,STRIPE,via,254815,59600,256415,60080,1600,via_1600x480
VSS,met3-met4,STRIPE,via,226442,59600,228042,60080,1600,via3_1600x480
VSS,met2-met3,STRIPE,via,226442,59600,228042,60080,1600,via2_1600x480
VSS,met1-met2,STRIPE,via,226442,59600,228042,60080,1600,via_1600x480
VSS,met3-met4,STRIPE,via,200806,59600,202406,60080,1600,via3_1600x480
VSS,met2-met3,STRIPE,via,200806,59600,202406,60080,1600,via2_1600x480
VSS,met1-met2,STRIPE,via,200806,59600,202406,60080,1600,via_1600x480
VSS,met3-met4,STRIPE,via,172508,59600,174108,60080,1600,via3_1600x480
VSS,met2-met3,STRIPE,via,172508,59600,174108,60080,1600,via2_1600x480
VSS,met1-met2,STRIPE,via,172508,59600,174108,60080,1600,via_1600x480
VSS,met3-met4,STRIPE,via,147085,59600,148685,60080,1600,via3_1600x480
VSS,met2-met3,STRIPE,via,147085,59600,148685,60080,1600,via2_1600x480
VSS,met1-met2,STRIPE,via,147085,59600,148685,60080,1600,via_1600x480
VSS,met3-met4,STRIPE,via,119969,59600,121569,60080,1600,via3_1600x480
VSS,met2-met3,STRIPE,via,119969,59600,121569,60080,1600,via2_1600x480
VSS,met1-met2,STRIPE,via,119969,59600,121569,60080,1600,via_1600x480
VSS,met3-met4,STRIPE,via,91274,59600,92874,60080,1600,via3_1600x480
VSS,met2-met3,STRIPE,via,91274,59600,92874,60080,1600,via2_1600x480
VSS,met1-met2,STRIPE,via,91274,59600,92874,60080,1600,via_1600x480
VSS,met3-met4,STRIPE,via,60895,59600,62495,60080,1600,via3_1600x480
VSS,met2-met3,STRIPE,via,60895,59600,62495,60080,1600,via2_1600x480
VSS,met1-met2,STRIPE,via,60895,59600,62495,60080,1600,via_1600x480
VSS,met3-met4,STRIPE,via,35196,59600,36796,60080,1600,via3_1600x480
VSS,met2-met3,STRIPE,via,35196,59600,36796,60080,1600,via2_1600x480
VSS,met1-met2,STRIPE,via,35196,59600,36796,60080,1600,via_1600x480
VSS,met3-met4,STRIPE,via,254815,54160,256415,54640,1600,via3_1600x480
VSS,met2-met3,STRIPE,via,254815,54160,256415,54640,1600,via2_1600x480
VSS,met1-met2,STRIPE,via,254815,54160,256415,54640,1600,via_1600x480
VSS,met3-met4,STRIPE,via,226442,54160,228042,54640,1600,via3_1600x480
VSS,met2-met3,STRIPE,via,226442,54160,228042,54640,1600,via2_1600x480
VSS,met1-met2,STRIPE,via,226442,54160,228042,54640,1600,via_1600x480
VSS,met3-met4,STRIPE,via,200806,54160,202406,54640,1600,via3_1600x480
VSS,met2-met3,STRIPE,via,200806,54160,202406,54640,1600,via2_1600x480
VSS,met1-met2,STRIPE,via,200806,54160,202406,54640,1600,via_1600x480
VSS,met3-met4,STRIPE,via,172508,54160,174108,54640,1600,via3_1600x480
VSS,met2-met3,STRIPE,via,172508,54160,174108,54640,1600,via2_1600x480
VSS,met1-met2,STRIPE,via,172508,54160,174108,54640,1600,via_1600x480
VSS,met3-met4,STRIPE,via,147085,54160,148685,54640,1600,via3_1600x480
VSS,met2-met3,STRIPE,via,147085,54160,148685,54640,1600,via2_1600x480
VSS,met1-met2,STRIPE,via,147085,54160,148685,54640,1600,via_1600x480
VSS,met3-met4,STRIPE,via,119969,54160,121569,54640,1600,via3_1600x480
VSS,met2-met3,STRIPE,via,119969,54160,121569,54640,1600,via2_1600x480
VSS,met1-met2,STRIPE,via,119969,54160,121569,54640,1600,via_1600x480
VSS,met3-met4,STRIPE,via,91274,54160,92874,54640,1600,via3_1600x480
VSS,met2-met3,STRIPE,via,91274,54160,92874,54640,1600,via2_1600x480
VSS,met1-met2,STRIPE,via,91274,54160,92874,54640,1600,via_1600x480
VSS,met3-met4,STRIPE,via,60895,54160,62495,54640,1600,via3_1600x480
VSS,met2-met3,STRIPE,via,60895,54160,62495,54640,1600,via2_1600x480
VSS,met1-met2,STRIPE,via,60895,54160,62495,54640,1600,via_1600x480
VSS,met3-met4,STRIPE,via,35196,54160,36796,54640,1600,via3_1600x480
VSS,met2-met3,STRIPE,via,35196,54160,36796,54640,1600,via2_1600x480
VSS,met1-met2,STRIPE,via,35196,54160,36796,54640,1600,via_1600x480
VSS,met3-met4,STRIPE,via,254815,48720,256415,49200,1600,via3_1600x480
VSS,met2-met3,STRIPE,via,254815,48720,256415,49200,1600,via2_1600x480
VSS,met1-met2,STRIPE,via,254815,48720,256415,49200,1600,via_1600x480
VSS,met3-met4,STRIPE,via,226442,48720,228042,49200,1600,via3_1600x480
VSS,met2-met3,STRIPE,via,226442,48720,228042,49200,1600,via2_1600x480
VSS,met1-met2,STRIPE,via,226442,48720,228042,49200,1600,via_1600x480
VSS,met3-met4,STRIPE,via,200806,48720,202406,49200,1600,via3_1600x480
VSS,met2-met3,STRIPE,via,200806,48720,202406,49200,1600,via2_1600x480
VSS,met1-met2,STRIPE,via,200806,48720,202406,49200,1600,via_1600x480
VSS,met3-met4,STRIPE,via,172508,48720,174108,49200,1600,via3_1600x480
VSS,met2-met3,STRIPE,via,172508,48720,174108,49200,1600,via2_1600x480
VSS,met1-met2,STRIPE,via,172508,48720,174108,49200,1600,via_1600x480
VSS,met3-met4,STRIPE,via,147085,48720,148685,49200,1600,via3_1600x480
VSS,met2-met3,STRIPE,via,147085,48720,148685,49200,1600,via2_1600x480
VSS,met1-met2,STRIPE,via,147085,48720,148685,49200,1600,via_1600x480
VSS,met3-met4,STRIPE,via,119969,48720,121569,49200,1600,via3_1600x480
VSS,met2-met3,STRIPE,via,119969,48720,121569,49200,1600,via2_1600x480
VSS,met1-met2,STRIPE,via,119969,48720,121569,49200,1600,via_1600x480
VSS,met3-met4,STRIPE,via,91274,48720,92874,49200,1600,via3_1600x480
VSS,met2-met3,STRIPE,via,91274,48720,92874,49200,1600,via2_1600x480
VSS,met1-met2,STRIPE,via,91274,48720,92874,49200,1600,via_1600x480
VSS,met3-met4,STRIPE,via,60895,48720,62495,49200,1600,via3_1600x480
VSS,met2-met3,STRIPE,via,60895,48720,62495,49200,1600,via2_1600x480
VSS,met1-met2,STRIPE,via,60895,48720,62495,49200,1600,via_1600x480
VSS,met3-met4,STRIPE,via,35196,48720,36796,49200,1600,via3_1600x480
VSS,met2-met3,STRIPE,via,35196,48720,36796,49200,1600,via2_1600x480
VSS,met1-met2,STRIPE,via,35196,48720,36796,49200,1600,via_1600x480
VSS,met3-met4,STRIPE,via,254815,43280,256415,43760,1600,via3_1600x480
VSS,met2-met3,STRIPE,via,254815,43280,256415,43760,1600,via2_1600x480
VSS,met1-met2,STRIPE,via,254815,43280,256415,43760,1600,via_1600x480
VSS,met3-met4,STRIPE,via,226442,43280,228042,43760,1600,via3_1600x480
VSS,met2-met3,STRIPE,via,226442,43280,228042,43760,1600,via2_1600x480
VSS,met1-met2,STRIPE,via,226442,43280,228042,43760,1600,via_1600x480
VSS,met3-met4,STRIPE,via,200806,43280,202406,43760,1600,via3_1600x480
VSS,met2-met3,STRIPE,via,200806,43280,202406,43760,1600,via2_1600x480
VSS,met1-met2,STRIPE,via,200806,43280,202406,43760,1600,via_1600x480
VSS,met3-met4,STRIPE,via,172508,43280,174108,43760,1600,via3_1600x480
VSS,met2-met3,STRIPE,via,172508,43280,174108,43760,1600,via2_1600x480
VSS,met1-met2,STRIPE,via,172508,43280,174108,43760,1600,via_1600x480
VSS,met3-met4,STRIPE,via,147085,43280,148685,43760,1600,via3_1600x480
VSS,met2-met3,STRIPE,via,147085,43280,148685,43760,1600,via2_1600x480
VSS,met1-met2,STRIPE,via,147085,43280,148685,43760,1600,via_1600x480
VSS,met3-met4,STRIPE,via,119969,43280,121569,43760,1600,via3_1600x480
VSS,met2-met3,STRIPE,via,119969,43280,121569,43760,1600,via2_1600x480
VSS,met1-met2,STRIPE,via,119969,43280,121569,43760,1600,via_1600x480
VSS,met3-met4,STRIPE,via,91274,43280,92874,43760,1600,via3_1600x480
VSS,met2-met3,STRIPE,via,91274,43280,92874,43760,1600,via2_1600x480
VSS,met1-met2,STRIPE,via,91274,43280,92874,43760,1600,via_1600x480
VSS,met3-met4,STRIPE,via,60895,43280,62495,43760,1600,via3_1600x480
VSS,met2-met3,STRIPE,via,60895,43280,62495,43760,1600,via2_1600x480
VSS,met1-met2,STRIPE,via,60895,43280,62495,43760,1600,via_1600x480
VSS,met3-met4,STRIPE,via,35196,43280,36796,43760,1600,via3_1600x480
VSS,met2-met3,STRIPE,via,35196,43280,36796,43760,1600,via2_1600x480
VSS,met1-met2,STRIPE,via,35196,43280,36796,43760,1600,via_1600x480
VSS,met3-met4,STRIPE,via,254815,37840,256415,38320,1600,via3_1600x480
VSS,met2-met3,STRIPE,via,254815,37840,256415,38320,1600,via2_1600x480
VSS,met1-met2,STRIPE,via,254815,37840,256415,38320,1600,via_1600x480
VSS,met3-met4,STRIPE,via,226442,37840,228042,38320,1600,via3_1600x480
VSS,met2-met3,STRIPE,via,226442,37840,228042,38320,1600,via2_1600x480
VSS,met1-met2,STRIPE,via,226442,37840,228042,38320,1600,via_1600x480
VSS,met3-met4,STRIPE,via,200806,37840,202406,38320,1600,via3_1600x480
VSS,met2-met3,STRIPE,via,200806,37840,202406,38320,1600,via2_1600x480
VSS,met1-met2,STRIPE,via,200806,37840,202406,38320,1600,via_1600x480
VSS,met3-met4,STRIPE,via,172508,37840,174108,38320,1600,via3_1600x480
VSS,met2-met3,STRIPE,via,172508,37840,174108,38320,1600,via2_1600x480
VSS,met1-met2,STRIPE,via,172508,37840,174108,38320,1600,via_1600x480
VSS,met3-met4,STRIPE,via,147085,37840,148685,38320,1600,via3_1600x480
VSS,met2-met3,STRIPE,via,147085,37840,148685,38320,1600,via2_1600x480
VSS,met1-met2,STRIPE,via,147085,37840,148685,38320,1600,via_1600x480
VSS,met3-met4,STRIPE,via,119969,37840,121569,38320,1600,via3_1600x480
VSS,met2-met3,STRIPE,via,119969,37840,121569,38320,1600,via2_1600x480
VSS,met1-met2,STRIPE,via,119969,37840,121569,38320,1600,via_1600x480
VSS,met3-met4,STRIPE,via,91274,37840,92874,38320,1600,via3_1600x480
VSS,met2-met3,STRIPE,via,91274,37840,92874,38320,1600,via2_1600x480
VSS,met1-met2,STRIPE,via,91274,37840,92874,38320,1600,via_1600x480
VSS,met3-met4,STRIPE,via,60895,37840,62495,38320,1600,via3_1600x480
VSS,met2-met3,STRIPE,via,60895,37840,62495,38320,1600,via2_1600x480
VSS,met1-met2,STRIPE,via,60895,37840,62495,38320,1600,via_1600x480
VSS,met3-met4,STRIPE,via,35196,37840,36796,38320,1600,via3_1600x480
VSS,met2-met3,STRIPE,via,35196,37840,36796,38320,1600,via2_1600x480
VSS,met1-met2,STRIPE,via,35196,37840,36796,38320,1600,via_1600x480
VSS,met3-met4,STRIPE,via,254815,32400,256415,32880,1600,via3_1600x480
VSS,met2-met3,STRIPE,via,254815,32400,256415,32880,1600,via2_1600x480
VSS,met1-met2,STRIPE,via,254815,32400,256415,32880,1600,via_1600x480
VSS,met3-met4,STRIPE,via,226442,32400,228042,32880,1600,via3_1600x480
VSS,met2-met3,STRIPE,via,226442,32400,228042,32880,1600,via2_1600x480
VSS,met1-met2,STRIPE,via,226442,32400,228042,32880,1600,via_1600x480
VSS,met3-met4,STRIPE,via,200806,32400,202406,32880,1600,via3_1600x480
VSS,met2-met3,STRIPE,via,200806,32400,202406,32880,1600,via2_1600x480
VSS,met1-met2,STRIPE,via,200806,32400,202406,32880,1600,via_1600x480
VSS,met3-met4,STRIPE,via,172508,32400,174108,32880,1600,via3_1600x480
VSS,met2-met3,STRIPE,via,172508,32400,174108,32880,1600,via2_1600x480
VSS,met1-met2,STRIPE,via,172508,32400,174108,32880,1600,via_1600x480
VSS,met3-met4,STRIPE,via,147085,32400,148685,32880,1600,via3_1600x480
VSS,met2-met3,STRIPE,via,147085,32400,148685,32880,1600,via2_1600x480
VSS,met1-met2,STRIPE,via,147085,32400,148685,32880,1600,via_1600x480
VSS,met3-met4,STRIPE,via,119969,32400,121569,32880,1600,via3_1600x480
VSS,met2-met3,STRIPE,via,119969,32400,121569,32880,1600,via2_1600x480
VSS,met1-met2,STRIPE,via,119969,32400,121569,32880,1600,via_1600x480
VSS,met3-met4,STRIPE,via,91274,32400,92874,32880,1600,via3_1600x480
VSS,met2-met3,STRIPE,via,91274,32400,92874,32880,1600,via2_1600x480
VSS,met1-met2,STRIPE,via,91274,32400,92874,32880,1600,via_1600x480
VSS,met3-met4,STRIPE,via,60895,32400,62495,32880,1600,via3_1600x480
VSS,met2-met3,STRIPE,via,60895,32400,62495,32880,1600,via2_1600x480
VSS,met1-met2,STRIPE,via,60895,32400,62495,32880,1600,via_1600x480
VSS,met3-met4,STRIPE,via,35196,32400,36796,32880,1600,via3_1600x480
VSS,met2-met3,STRIPE,via,35196,32400,36796,32880,1600,via2_1600x480
VSS,met1-met2,STRIPE,via,35196,32400,36796,32880,1600,via_1600x480
VSS,met3-met4,STRIPE,via,254815,26960,256415,27440,1600,via3_1600x480
VSS,met2-met3,STRIPE,via,254815,26960,256415,27440,1600,via2_1600x480
VSS,met1-met2,STRIPE,via,254815,26960,256415,27440,1600,via_1600x480
VSS,met3-met4,STRIPE,via,226442,26960,228042,27440,1600,via3_1600x480
VSS,met2-met3,STRIPE,via,226442,26960,228042,27440,1600,via2_1600x480
VSS,met1-met2,STRIPE,via,226442,26960,228042,27440,1600,via_1600x480
VSS,met3-met4,STRIPE,via,200806,26960,202406,27440,1600,via3_1600x480
VSS,met2-met3,STRIPE,via,200806,26960,202406,27440,1600,via2_1600x480
VSS,met1-met2,STRIPE,via,200806,26960,202406,27440,1600,via_1600x480
VSS,met3-met4,STRIPE,via,172508,26960,174108,27440,1600,via3_1600x480
VSS,met2-met3,STRIPE,via,172508,26960,174108,27440,1600,via2_1600x480
VSS,met1-met2,STRIPE,via,172508,26960,174108,27440,1600,via_1600x480
VSS,met3-met4,STRIPE,via,147085,26960,148685,27440,1600,via3_1600x480
VSS,met2-met3,STRIPE,via,147085,26960,148685,27440,1600,via2_1600x480
VSS,met1-met2,STRIPE,via,147085,26960,148685,27440,1600,via_1600x480
VSS,met3-met4,STRIPE,via,119969,26960,121569,27440,1600,via3_1600x480
VSS,met2-met3,STRIPE,via,119969,26960,121569,27440,1600,via2_1600x480
VSS,met1-met2,STRIPE,via,119969,26960,121569,27440,1600,via_1600x480
VSS,met3-met4,STRIPE,via,91274,26960,92874,27440,1600,via3_1600x480
VSS,met2-met3,STRIPE,via,91274,26960,92874,27440,1600,via2_1600x480
VSS,met1-met2,STRIPE,via,91274,26960,92874,27440,1600,via_1600x480
VSS,met3-met4,STRIPE,via,60895,26960,62495,27440,1600,via3_1600x480
VSS,met2-met3,STRIPE,via,60895,26960,62495,27440,1600,via2_1600x480
VSS,met1-met2,STRIPE,via,60895,26960,62495,27440,1600,via_1600x480
VSS,met3-met4,STRIPE,via,35196,26960,36796,27440,1600,via3_1600x480
VSS,met2-met3,STRIPE,via,35196,26960,36796,27440,1600,via2_1600x480
VSS,met1-met2,STRIPE,via,35196,26960,36796,27440,1600,via_1600x480
VSS,met3-met4,STRIPE,via,254815,21520,256415,22000,1600,via3_1600x480
VSS,met2-met3,STRIPE,via,254815,21520,256415,22000,1600,via2_1600x480
VSS,met1-met2,STRIPE,via,254815,21520,256415,22000,1600,via_1600x480
VSS,met3-met4,STRIPE,via,226442,21520,228042,22000,1600,via3_1600x480
VSS,met2-met3,STRIPE,via,226442,21520,228042,22000,1600,via2_1600x480
VSS,met1-met2,STRIPE,via,226442,21520,228042,22000,1600,via_1600x480
VSS,met3-met4,STRIPE,via,200806,21520,202406,22000,1600,via3_1600x480
VSS,met2-met3,STRIPE,via,200806,21520,202406,22000,1600,via2_1600x480
VSS,met1-met2,STRIPE,via,200806,21520,202406,22000,1600,via_1600x480
VSS,met3-met4,STRIPE,via,172508,21520,174108,22000,1600,via3_1600x480
VSS,met2-met3,STRIPE,via,172508,21520,174108,22000,1600,via2_1600x480
VSS,met1-met2,STRIPE,via,172508,21520,174108,22000,1600,via_1600x480
VSS,met3-met4,STRIPE,via,147085,21520,148685,22000,1600,via3_1600x480
VSS,met2-met3,STRIPE,via,147085,21520,148685,22000,1600,via2_1600x480
VSS,met1-met2,STRIPE,via,147085,21520,148685,22000,1600,via_1600x480
VSS,met3-met4,STRIPE,via,119969,21520,121569,22000,1600,via3_1600x480
VSS,met2-met3,STRIPE,via,119969,21520,121569,22000,1600,via2_1600x480
VSS,met1-met2,STRIPE,via,119969,21520,121569,22000,1600,via_1600x480
VSS,met3-met4,STRIPE,via,91274,21520,92874,22000,1600,via3_1600x480
VSS,met2-met3,STRIPE,via,91274,21520,92874,22000,1600,via2_1600x480
VSS,met1-met2,STRIPE,via,91274,21520,92874,22000,1600,via_1600x480
VSS,met3-met4,STRIPE,via,60895,21520,62495,22000,1600,via3_1600x480
VSS,met2-met3,STRIPE,via,60895,21520,62495,22000,1600,via2_1600x480
VSS,met1-met2,STRIPE,via,60895,21520,62495,22000,1600,via_1600x480
VSS,met3-met4,STRIPE,via,35196,21520,36796,22000,1600,via3_1600x480
VSS,met2-met3,STRIPE,via,35196,21520,36796,22000,1600,via2_1600x480
VSS,met1-met2,STRIPE,via,35196,21520,36796,22000,1600,via_1600x480
VSS,met3-met4,STRIPE,via,254815,16080,256415,16560,1600,via3_1600x480
VSS,met2-met3,STRIPE,via,254815,16080,256415,16560,1600,via2_1600x480
VSS,met1-met2,STRIPE,via,254815,16080,256415,16560,1600,via_1600x480
VSS,met3-met4,STRIPE,via,226442,16080,228042,16560,1600,via3_1600x480
VSS,met2-met3,STRIPE,via,226442,16080,228042,16560,1600,via2_1600x480
VSS,met1-met2,STRIPE,via,226442,16080,228042,16560,1600,via_1600x480
VSS,met3-met4,STRIPE,via,200806,16080,202406,16560,1600,via3_1600x480
VSS,met2-met3,STRIPE,via,200806,16080,202406,16560,1600,via2_1600x480
VSS,met1-met2,STRIPE,via,200806,16080,202406,16560,1600,via_1600x480
VSS,met3-met4,STRIPE,via,172508,16080,174108,16560,1600,via3_1600x480
VSS,met2-met3,STRIPE,via,172508,16080,174108,16560,1600,via2_1600x480
VSS,met1-met2,STRIPE,via,172508,16080,174108,16560,1600,via_1600x480
VSS,met3-met4,STRIPE,via,147085,16080,148685,16560,1600,via3_1600x480
VSS,met2-met3,STRIPE,via,147085,16080,148685,16560,1600,via2_1600x480
VSS,met1-met2,STRIPE,via,147085,16080,148685,16560,1600,via_1600x480
VSS,met3-met4,STRIPE,via,119969,16080,121569,16560,1600,via3_1600x480
VSS,met2-met3,STRIPE,via,119969,16080,121569,16560,1600,via2_1600x480
VSS,met1-met2,STRIPE,via,119969,16080,121569,16560,1600,via_1600x480
VSS,met3-met4,STRIPE,via,91274,16080,92874,16560,1600,via3_1600x480
VSS,met2-met3,STRIPE,via,91274,16080,92874,16560,1600,via2_1600x480
VSS,met1-met2,STRIPE,via,91274,16080,92874,16560,1600,via_1600x480
VSS,met3-met4,STRIPE,via,60895,16080,62495,16560,1600,via3_1600x480
VSS,met2-met3,STRIPE,via,60895,16080,62495,16560,1600,via2_1600x480
VSS,met1-met2,STRIPE,via,60895,16080,62495,16560,1600,via_1600x480
VSS,met3-met4,STRIPE,via,35196,16080,36796,16560,1600,via3_1600x480
VSS,met2-met3,STRIPE,via,35196,16080,36796,16560,1600,via2_1600x480
VSS,met1-met2,STRIPE,via,35196,16080,36796,16560,1600,via_1600x480
VSS,met3-met4,STRIPE,via,254815,10640,256415,11120,1600,via3_1600x480
VSS,met2-met3,STRIPE,via,254815,10640,256415,11120,1600,via2_1600x480
VSS,met1-met2,STRIPE,via,254815,10640,256415,11120,1600,via_1600x480
VSS,met3-met4,STRIPE,via,226442,10640,228042,11120,1600,via3_1600x480
VSS,met2-met3,STRIPE,via,226442,10640,228042,11120,1600,via2_1600x480
VSS,met1-met2,STRIPE,via,226442,10640,228042,11120,1600,via_1600x480
VSS,met3-met4,STRIPE,via,200806,10640,202406,11120,1600,via3_1600x480
VSS,met2-met3,STRIPE,via,200806,10640,202406,11120,1600,via2_1600x480
VSS,met1-met2,STRIPE,via,200806,10640,202406,11120,1600,via_1600x480
VSS,met3-met4,STRIPE,via,172508,10640,174108,11120,1600,via3_1600x480
VSS,met2-met3,STRIPE,via,172508,10640,174108,11120,1600,via2_1600x480
VSS,met1-met2,STRIPE,via,172508,10640,174108,11120,1600,via_1600x480
VSS,met3-met4,STRIPE,via,147085,10640,148685,11120,1600,via3_1600x480
VSS,met2-met3,STRIPE,via,147085,10640,148685,11120,1600,via2_1600x480
VSS,met1-met2,STRIPE,via,147085,10640,148685,11120,1600,via_1600x480
VSS,met3-met4,STRIPE,via,119969,10640,121569,11120,1600,via3_1600x480
VSS,met2-met3,STRIPE,via,119969,10640,121569,11120,1600,via2_1600x480
VSS,met1-met2,STRIPE,via,119969,10640,121569,11120,1600,via_1600x480
VSS,met3-met4,STRIPE,via,91274,10640,92874,11120,1600,via3_1600x480
VSS,met2-met3,STRIPE,via,91274,10640,92874,11120,1600,via2_1600x480
VSS,met1-met2,STRIPE,via,91274,10640,92874,11120,1600,via_1600x480
VSS,met3-met4,STRIPE,via,60895,10640,62495,11120,1600,via3_1600x480
VSS,met2-met3,STRIPE,via,60895,10640,62495,11120,1600,via2_1600x480
VSS,met1-met2,STRIPE,via,60895,10640,62495,11120,1600,via_1600x480
VSS,met3-met4,STRIPE,via,35196,10640,36796,11120,1600,via3_1600x480
VSS,met2-met3,STRIPE,via,35196,10640,36796,11120,1600,via2_1600x480
VSS,met1-met2,STRIPE,via,35196,10640,36796,11120,1600,via_1600x480
VSS,met5,STRIPE,wire,10120,254640,269560,256240,1600,
VSS,met5,STRIPE,wire,10120,227440,269560,229040,1600,
VSS,met5,STRIPE,wire,10120,200240,269560,201840,1600,
VSS,met5,STRIPE,wire,10120,173040,269560,174640,1600,
VSS,met5,STRIPE,wire,10120,145840,269560,147440,1600,
VSS,met5,STRIPE,wire,10120,118640,269560,120240,1600,
VSS,met5,STRIPE,wire,10120,91440,269560,93040,1600,
VSS,met5,STRIPE,wire,10120,64240,269560,65840,1600,
VSS,met5,STRIPE,wire,10120,37040,269560,38640,1600,
VSS,met4,STRIPE,wire,254815,10640,256415,269520,1600,
VSS,met4,STRIPE,wire,226442,10640,228042,269520,1600,
VSS,met4,STRIPE,wire,200806,10640,202406,269520,1600,
VSS,met4,STRIPE,wire,172508,10640,174108,269520,1600,
VSS,met4,STRIPE,wire,147085,10640,148685,269520,1600,
VSS,met4,STRIPE,wire,119969,10640,121569,269520,1600,
VSS,met4,STRIPE,wire,91274,10640,92874,269520,1600,
VSS,met4,STRIPE,wire,60895,10640,62495,269520,1600,
VSS,met4,STRIPE,wire,35196,10640,36796,269520,1600,
VSS,met1,FOLLOWPIN,wire,10120,266320,269560,266800,480,
VSS,met1,FOLLOWPIN,wire,10120,260880,269560,261360,480,
VSS,met1,FOLLOWPIN,wire,10120,255440,269560,255920,480,
VSS,met1,FOLLOWPIN,wire,10120,250000,269560,250480,480,
VSS,met1,FOLLOWPIN,wire,10120,244560,269560,245040,480,
VSS,met1,FOLLOWPIN,wire,10120,239120,269560,239600,480,
VSS,met1,FOLLOWPIN,wire,10120,233680,269560,234160,480,
VSS,met1,FOLLOWPIN,wire,10120,228240,269560,228720,480,
VSS,met1,FOLLOWPIN,wire,10120,222800,269560,223280,480,
VSS,met1,FOLLOWPIN,wire,10120,217360,269560,217840,480,
VSS,met1,FOLLOWPIN,wire,10120,211920,269560,212400,480,
VSS,met1,FOLLOWPIN,wire,10120,206480,269560,206960,480,
VSS,met1,FOLLOWPIN,wire,10120,201040,269560,201520,480,
VSS,met1,FOLLOWPIN,wire,10120,195600,269560,196080,480,
VSS,met1,FOLLOWPIN,wire,10120,190160,269560,190640,480,
VSS,met1,FOLLOWPIN,wire,10120,184720,269560,185200,480,
VSS,met1,FOLLOWPIN,wire,10120,179280,269560,179760,480,
VSS,met1,FOLLOWPIN,wire,10120,173840,269560,174320,480,
VSS,met1,FOLLOWPIN,wire,10120,168400,269560,168880,480,
VSS,met1,FOLLOWPIN,wire,10120,162960,269560,163440,480,
VSS,met1,FOLLOWPIN,wire,10120,157520,269560,158000,480,
VSS,met1,FOLLOWPIN,wire,10120,152080,269560,152560,480,
VSS,met1,FOLLOWPIN,wire,10120,146640,269560,147120,480,
VSS,met1,FOLLOWPIN,wire,10120,141200,269560,141680,480,
VSS,met1,FOLLOWPIN,wire,10120,135760,269560,136240,480,
VSS,met1,FOLLOWPIN,wire,10120,130320,269560,130800,480,
VSS,met1,FOLLOWPIN,wire,10120,124880,269560,125360,480,
VSS,met1,FOLLOWPIN,wire,10120,119440,269560,119920,480,
VSS,met1,FOLLOWPIN,wire,10120,114000,269560,114480,480,
VSS,met1,FOLLOWPIN,wire,10120,108560,269560,109040,480,
VSS,met1,FOLLOWPIN,wire,10120,103120,269560,103600,480,
VSS,met1,FOLLOWPIN,wire,10120,97680,269560,98160,480,
VSS,met1,FOLLOWPIN,wire,10120,92240,269560,92720,480,
VSS,met1,FOLLOWPIN,wire,10120,86800,269560,87280,480,
VSS,met1,FOLLOWPIN,wire,10120,81360,269560,81840,480,
VSS,met1,FOLLOWPIN,wire,10120,75920,269560,76400,480,
VSS,met1,FOLLOWPIN,wire,10120,70480,269560,70960,480,
VSS,met1,FOLLOWPIN,wire,10120,65040,269560,65520,480,
VSS,met1,FOLLOWPIN,wire,10120,59600,269560,60080,480,
VSS,met1,FOLLOWPIN,wire,10120,54160,269560,54640,480,
VSS,met1,FOLLOWPIN,wire,10120,48720,269560,49200,480,
VSS,met1,FOLLOWPIN,wire,10120,43280,269560,43760,480,
VSS,met1,FOLLOWPIN,wire,10120,37840,269560,38320,480,
VSS,met1,FOLLOWPIN,wire,10120,32400,269560,32880,480,
VSS,met1,FOLLOWPIN,wire,10120,26960,269560,27440,480,
VSS,met1,FOLLOWPIN,wire,10120,21520,269560,22000,480,
VSS,met1,FOLLOWPIN,wire,10120,16080,269560,16560,480,
VSS,met1,FOLLOWPIN,wire,10120,10640,269560,11120,480,
VDD,met4-met5,STRIPE,via,267218,241040,268818,242640,1600,via4_1600x1600
VDD,met4-met5,STRIPE,via,242689,241040,244289,242640,1600,via4_1600x1600
VDD,met4-met5,STRIPE,via,210440,241040,212040,242640,1600,via4_1600x1600
VDD,met4-met5,STRIPE,via,187214,241040,188814,242640,1600,via4_1600x1600
VDD,met4-met5,STRIPE,via,160638,241040,162238,242640,1600,via4_1600x1600
VDD,met4-met5,STRIPE,via,128881,241040,130481,242640,1600,via4_1600x1600
VDD,met4-met5,STRIPE,via,101679,241040,103279,242640,1600,via4_1600x1600
VDD,met4-met5,STRIPE,via,75405,241040,77005,242640,1600,via4_1600x1600
VDD,met4-met5,STRIPE,via,49470,241040,51070,242640,1600,via4_1600x1600
VDD,met4-met5,STRIPE,via,22161,241040,23761,242640,1600,via4_1600x1600
VDD,met4-met5,STRIPE,via,267218,213840,268818,215440,1600,via4_1600x1600
VDD,met4-met5,STRIPE,via,242689,213840,244289,215440,1600,via4_1600x1600
VDD,met4-met5,STRIPE,via,210440,213840,212040,215440,1600,via4_1600x1600
VDD,met4-met5,STRIPE,via,187214,213840,188814,215440,1600,via4_1600x1600
VDD,met4-met5,STRIPE,via,160638,213840,162238,215440,1600,via4_1600x1600
VDD,met4-met5,STRIPE,via,128881,213840,130481,215440,1600,via4_1600x1600
VDD,met4-met5,STRIPE,via,101679,213840,103279,215440,1600,via4_1600x1600
VDD,met4-met5,STRIPE,via,75405,213840,77005,215440,1600,via4_1600x1600
VDD,met4-met5,STRIPE,via,49470,213840,51070,215440,1600,via4_1600x1600
VDD,met4-met5,STRIPE,via,22161,213840,23761,215440,1600,via4_1600x1600
VDD,met4-met5,STRIPE,via,267218,186640,268818,188240,1600,via4_1600x1600
VDD,met4-met5,STRIPE,via,242689,186640,244289,188240,1600,via4_1600x1600
VDD,met4-met5,STRIPE,via,210440,186640,212040,188240,1600,via4_1600x1600
VDD,met4-met5,STRIPE,via,187214,186640,188814,188240,1600,via4_1600x1600
VDD,met4-met5,STRIPE,via,160638,186640,162238,188240,1600,via4_1600x1600
VDD,met4-met5,STRIPE,via,128881,186640,130481,188240,1600,via4_1600x1600
VDD,met4-met5,STRIPE,via,101679,186640,103279,188240,1600,via4_1600x1600
VDD,met4-met5,STRIPE,via,75405,186640,77005,188240,1600,via4_1600x1600
VDD,met4-met5,STRIPE,via,49470,186640,51070,188240,1600,via4_1600x1600
VDD,met4-met5,STRIPE,via,22161,186640,23761,188240,1600,via4_1600x1600
VDD,met4-met5,STRIPE,via,267218,159440,268818,161040,1600,via4_1600x1600
VDD,met4-met5,STRIPE,via,242689,159440,244289,161040,1600,via4_1600x1600
VDD,met4-met5,STRIPE,via,210440,159440,212040,161040,1600,via4_1600x1600
VDD,met4-met5,STRIPE,via,187214,159440,188814,161040,1600,via4_1600x1600
VDD,met4-met5,STRIPE,via,160638,159440,162238,161040,1600,via4_1600x1600
VDD,met4-met5,STRIPE,via,128881,159440,130481,161040,1600,via4_1600x1600
VDD,met4-met5,STRIPE,via,101679,159440,103279,161040,1600,via4_1600x1600
VDD,met4-met5,STRIPE,via,75405,159440,77005,161040,1600,via4_1600x1600
VDD,met4-met5,STRIPE,via,49470,159440,51070,161040,1600,via4_1600x1600
VDD,met4-met5,STRIPE,via,22161,159440,23761,161040,1600,via4_1600x1600
VDD,met4-met5,STRIPE,via,267218,132240,268818,133840,1600,via4_1600x1600
VDD,met4-met5,STRIPE,via,242689,132240,244289,133840,1600,via4_1600x1600
VDD,met4-met5,STRIPE,via,210440,132240,212040,133840,1600,via4_1600x1600
VDD,met4-met5,STRIPE,via,187214,132240,188814,133840,1600,via4_1600x1600
VDD,met4-met5,STRIPE,via,160638,132240,162238,133840,1600,via4_1600x1600
VDD,met4-met5,STRIPE,via,128881,132240,130481,133840,1600,via4_1600x1600
VDD,met4-met5,STRIPE,via,101679,132240,103279,133840,1600,via4_1600x1600
VDD,met4-met5,STRIPE,via,75405,132240,77005,133840,1600,via4_1600x1600
VDD,met4-met5,STRIPE,via,49470,132240,51070,133840,1600,via4_1600x1600
VDD,met4-met5,STRIPE,via,22161,132240,23761,133840,1600,via4_1600x1600
VDD,met4-met5,STRIPE,via,267218,105040,268818,106640,1600,via4_1600x1600
VDD,met4-met5,STRIPE,via,242689,105040,244289,106640,1600,via4_1600x1600
VDD,met4-met5,STRIPE,via,210440,105040,212040,106640,1600,via4_1600x1600
VDD,met4-met5,STRIPE,via,187214,105040,188814,106640,1600,via4_1600x1600
VDD,met4-met5,STRIPE,via,160638,105040,162238,106640,1600,via4_1600x1600
VDD,met4-met5,STRIPE,via,128881,105040,130481,106640,1600,via4_1600x1600
VDD,met4-met5,STRIPE,via,101679,105040,103279,106640,1600,via4_1600x1600
VDD,met4-met5,STRIPE,via,75405,105040,77005,106640,1600,via4_1600x1600
VDD,met4-met5,STRIPE,via,49470,105040,51070,106640,1600,via4_1600x1600
VDD,met4-met5,STRIPE,via,22161,105040,23761,106640,1600,via4_1600x1600
VDD,met4-met5,STRIPE,via,267218,77840,268818,79440,1600,via4_1600x1600
VDD,met4-met5,STRIPE,via,242689,77840,244289,79440,1600,via4_1600x1600
VDD,met4-met5,STRIPE,via,210440,77840,212040,79440,1600,via4_1600x1600
VDD,met4-met5,STRIPE,via,187214,77840,188814,79440,1600,via4_1600x1600
VDD,met4-met5,STRIPE,via,160638,77840,162238,79440,1600,via4_1600x1600
VDD,met4-met5,STRIPE,via,128881,77840,130481,79440,1600,via4_1600x1600
VDD,met4-met5,STRIPE,via,101679,77840,103279,79440,1600,via4_1600x1600
VDD,met4-met5,STRIPE,via,75405,77840,77005,79440,1600,via4_1600x1600
VDD,met4-met5,STRIPE,via,49470,77840,51070,79440,1600,via4_1600x1600
VDD,met4-met5,STRIPE,via,22161,77840,23761,79440,1600,via4_1600x1600
VDD,met4-met5,STRIPE,via,267218,50640,268818,52240,1600,via4_1600x1600
VDD,met4-met5,STRIPE,via,242689,50640,244289,52240,1600,via4_1600x1600
VDD,met4-met5,STRIPE,via,210440,50640,212040,52240,1600,via4_1600x1600
VDD,met4-met5,STRIPE,via,187214,50640,188814,52240,1600,via4_1600x1600
VDD,met4-met5,STRIPE,via,160638,50640,162238,52240,1600,via4_1600x1600
VDD,met4-met5,STRIPE,via,128881,50640,130481,52240,1600,via4_1600x1600
VDD,met4-met5,STRIPE,via,101679,50640,103279,52240,1600,via4_1600x1600
VDD,met4-met5,STRIPE,via,75405,50640,77005,52240,1600,via4_1600x1600
VDD,met4-met5,STRIPE,via,49470,50640,51070,52240,1600,via4_1600x1600
VDD,met4-met5,STRIPE,via,22161,50640,23761,52240,1600,via4_1600x1600
VDD,met4-met5,STRIPE,via,267218,23440,268818,25040,1600,via4_1600x1600
VDD,met4-met5,STRIPE,via,242689,23440,244289,25040,1600,via4_1600x1600
VDD,met4-met5,STRIPE,via,210440,23440,212040,25040,1600,via4_1600x1600
VDD,met4-met5,STRIPE,via,187214,23440,188814,25040,1600,via4_1600x1600
VDD,met4-met5,STRIPE,via,160638,23440,162238,25040,1600,via4_1600x1600
VDD,met4-met5,STRIPE,via,128881,23440,130481,25040,1600,via4_1600x1600
VDD,met4-met5,STRIPE,via,101679,23440,103279,25040,1600,via4_1600x1600
VDD,met4-met5,STRIPE,via,75405,23440,77005,25040,1600,via4_1600x1600
VDD,met4-met5,STRIPE,via,49470,23440,51070,25040,1600,via4_1600x1600
VDD,met4-met5,STRIPE,via,22161,23440,23761,25040,1600,via4_1600x1600
VDD,met3-met4,STRIPE,via,267218,269040,268818,269520,1600,via3_1600x480
VDD,met2-met3,STRIPE,via,267218,269040,268818,269520,1600,via2_1600x480
VDD,met1-met2,STRIPE,via,267218,269040,268818,269520,1600,via_1600x480
VDD,met3-met4,STRIPE,via,242689,269040,244289,269520,1600,via3_1600x480
VDD,met2-met3,STRIPE,via,242689,269040,244289,269520,1600,via2_1600x480
VDD,met1-met2,STRIPE,via,242689,269040,244289,269520,1600,via_1600x480
VDD,met3-met4,STRIPE,via,210440,269040,212040,269520,1600,via3_1600x480
VDD,met2-met3,STRIPE,via,210440,269040,212040,269520,1600,via2_1600x480
VDD,met1-met2,STRIPE,via,210440,269040,212040,269520,1600,via_1600x480
VDD,met3-met4,STRIPE,via,187214,269040,188814,269520,1600,via3_1600x480
VDD,met2-met3,STRIPE,via,187214,269040,188814,269520,1600,via2_1600x480
VDD,met1-met2,STRIPE,via,187214,269040,188814,269520,1600,via_1600x480
VDD,met3-met4,STRIPE,via,160638,269040,162238,269520,1600,via3_1600x480
VDD,met2-met3,STRIPE,via,160638,269040,162238,269520,1600,via2_1600x480
VDD,met1-met2,STRIPE,via,160638,269040,162238,269520,1600,via_1600x480
VDD,met3-met4,STRIPE,via,128881,269040,130481,269520,1600,via3_1600x480
VDD,met2-met3,STRIPE,via,128881,269040,130481,269520,1600,via2_1600x480
VDD,met1-met2,STRIPE,via,128881,269040,130481,269520,1600,via_1600x480
VDD,met3-met4,STRIPE,via,101679,269040,103279,269520,1600,via3_1600x480
VDD,met2-met3,STRIPE,via,101679,269040,103279,269520,1600,via2_1600x480
VDD,met1-met2,STRIPE,via,101679,269040,103279,269520,1600,via_1600x480
VDD,met3-met4,STRIPE,via,75405,269040,77005,269520,1600,via3_1600x480
VDD,met2-met3,STRIPE,via,75405,269040,77005,269520,1600,via2_1600x480
VDD,met1-met2,STRIPE,via,75405,269040,77005,269520,1600,via_1600x480
VDD,met3-met4,STRIPE,via,49470,269040,51070,269520,1600,via3_1600x480
VDD,met2-met3,STRIPE,via,49470,269040,51070,269520,1600,via2_1600x480
VDD,met1-met2,STRIPE,via,49470,269040,51070,269520,1600,via_1600x480
VDD,met3-met4,STRIPE,via,22161,269040,23761,269520,1600,via3_1600x480
VDD,met2-met3,STRIPE,via,22161,269040,23761,269520,1600,via2_1600x480
VDD,met1-met2,STRIPE,via,22161,269040,23761,269520,1600,via_1600x480
VDD,met3-met4,STRIPE,via,267218,263600,268818,264080,1600,via3_1600x480
VDD,met2-met3,STRIPE,via,267218,263600,268818,264080,1600,via2_1600x480
VDD,met1-met2,STRIPE,via,267218,263600,268818,264080,1600,via_1600x480
VDD,met3-met4,STRIPE,via,242689,263600,244289,264080,1600,via3_1600x480
VDD,met2-met3,STRIPE,via,242689,263600,244289,264080,1600,via2_1600x480
VDD,met1-met2,STRIPE,via,242689,263600,244289,264080,1600,via_1600x480
VDD,met3-met4,STRIPE,via,210440,263600,212040,264080,1600,via3_1600x480
VDD,met2-met3,STRIPE,via,210440,263600,212040,264080,1600,via2_1600x480
VDD,met1-met2,STRIPE,via,210440,263600,212040,264080,1600,via_1600x480
VDD,met3-met4,STRIPE,via,187214,263600,188814,264080,1600,via3_1600x480
VDD,met2-met3,STRIPE,via,187214,263600,188814,264080,1600,via2_1600x480
VDD,met1-met2,STRIPE,via,187214,263600,188814,264080,1600,via_1600x480
VDD,met3-met4,STRIPE,via,160638,263600,162238,264080,1600,via3_1600x480
VDD,met2-met3,STRIPE,via,160638,263600,162238,264080,1600,via2_1600x480
VDD,met1-met2,STRIPE,via,160638,263600,162238,264080,1600,via_1600x480
VDD,met3-met4,STRIPE,via,128881,263600,130481,264080,1600,via3_1600x480
VDD,met2-met3,STRIPE,via,128881,263600,130481,264080,1600,via2_1600x480
VDD,met1-met2,STRIPE,via,128881,263600,130481,264080,1600,via_1600x480
VDD,met3-met4,STRIPE,via,101679,263600,103279,264080,1600,via3_1600x480
VDD,met2-met3,STRIPE,via,101679,263600,103279,264080,1600,via2_1600x480
VDD,met1-met2,STRIPE,via,101679,263600,103279,264080,1600,via_1600x480
VDD,met3-met4,STRIPE,via,75405,263600,77005,264080,1600,via3_1600x480
VDD,met2-met3,STRIPE,via,75405,263600,77005,264080,1600,via2_1600x480
VDD,met1-met2,STRIPE,via,75405,263600,77005,264080,1600,via_1600x480
VDD,met3-met4,STRIPE,via,49470,263600,51070,264080,1600,via3_1600x480
VDD,met2-met3,STRIPE,via,49470,263600,51070,264080,1600,via2_1600x480
VDD,met1-met2,STRIPE,via,49470,263600,51070,264080,1600,via_1600x480
VDD,met3-met4,STRIPE,via,22161,263600,23761,264080,1600,via3_1600x480
VDD,met2-met3,STRIPE,via,22161,263600,23761,264080,1600,via2_1600x480
VDD,met1-met2,STRIPE,via,22161,263600,23761,264080,1600,via_1600x480
VDD,met3-met4,STRIPE,via,267218,258160,268818,258640,1600,via3_1600x480
VDD,met2-met3,STRIPE,via,267218,258160,268818,258640,1600,via2_1600x480
VDD,met1-met2,STRIPE,via,267218,258160,268818,258640,1600,via_1600x480
VDD,met3-met4,STRIPE,via,242689,258160,244289,258640,1600,via3_1600x480
VDD,met2-met3,STRIPE,via,242689,258160,244289,258640,1600,via2_1600x480
VDD,met1-met2,STRIPE,via,242689,258160,244289,258640,1600,via_1600x480
VDD,met3-met4,STRIPE,via,210440,258160,212040,258640,1600,via3_1600x480
VDD,met2-met3,STRIPE,via,210440,258160,212040,258640,1600,via2_1600x480
VDD,met1-met2,STRIPE,via,210440,258160,212040,258640,1600,via_1600x480
VDD,met3-met4,STRIPE,via,187214,258160,188814,258640,1600,via3_1600x480
VDD,met2-met3,STRIPE,via,187214,258160,188814,258640,1600,via2_1600x480
VDD,met1-met2,STRIPE,via,187214,258160,188814,258640,1600,via_1600x480
VDD,met3-met4,STRIPE,via,160638,258160,162238,258640,1600,via3_1600x480
VDD,met2-met3,STRIPE,via,160638,258160,162238,258640,1600,via2_1600x480
VDD,met1-met2,STRIPE,via,160638,258160,162238,258640,1600,via_1600x480
VDD,met3-met4,STRIPE,via,128881,258160,130481,258640,1600,via3_1600x480
VDD,met2-met3,STRIPE,via,128881,258160,130481,258640,1600,via2_1600x480
VDD,met1-met2,STRIPE,via,128881,258160,130481,258640,1600,via_1600x480
VDD,met3-met4,STRIPE,via,101679,258160,103279,258640,1600,via3_1600x480
VDD,met2-met3,STRIPE,via,101679,258160,103279,258640,1600,via2_1600x480
VDD,met1-met2,STRIPE,via,101679,258160,103279,258640,1600,via_1600x480
VDD,met3-met4,STRIPE,via,75405,258160,77005,258640,1600,via3_1600x480
VDD,met2-met3,STRIPE,via,75405,258160,77005,258640,1600,via2_1600x480
VDD,met1-met2,STRIPE,via,75405,258160,77005,258640,1600,via_1600x480
VDD,met3-met4,STRIPE,via,49470,258160,51070,258640,1600,via3_1600x480
VDD,met2-met3,STRIPE,via,49470,258160,51070,258640,1600,via2_1600x480
VDD,met1-met2,STRIPE,via,49470,258160,51070,258640,1600,via_1600x480
VDD,met3-met4,STRIPE,via,22161,258160,23761,258640,1600,via3_1600x480
VDD,met2-met3,STRIPE,via,22161,258160,23761,258640,1600,via2_1600x480
VDD,met1-met2,STRIPE,via,22161,258160,23761,258640,1600,via_1600x480
VDD,met3-met4,STRIPE,via,267218,252720,268818,253200,1600,via3_1600x480
VDD,met2-met3,STRIPE,via,267218,252720,268818,253200,1600,via2_1600x480
VDD,met1-met2,STRIPE,via,267218,252720,268818,253200,1600,via_1600x480
VDD,met3-met4,STRIPE,via,242689,252720,244289,253200,1600,via3_1600x480
VDD,met2-met3,STRIPE,via,242689,252720,244289,253200,1600,via2_1600x480
VDD,met1-met2,STRIPE,via,242689,252720,244289,253200,1600,via_1600x480
VDD,met3-met4,STRIPE,via,210440,252720,212040,253200,1600,via3_1600x480
VDD,met2-met3,STRIPE,via,210440,252720,212040,253200,1600,via2_1600x480
VDD,met1-met2,STRIPE,via,210440,252720,212040,253200,1600,via_1600x480
VDD,met3-met4,STRIPE,via,187214,252720,188814,253200,1600,via3_1600x480
VDD,met2-met3,STRIPE,via,187214,252720,188814,253200,1600,via2_1600x480
VDD,met1-met2,STRIPE,via,187214,252720,188814,253200,1600,via_1600x480
VDD,met3-met4,STRIPE,via,160638,252720,162238,253200,1600,via3_1600x480
VDD,met2-met3,STRIPE,via,160638,252720,162238,253200,1600,via2_1600x480
VDD,met1-met2,STRIPE,via,160638,252720,162238,253200,1600,via_1600x480
VDD,met3-met4,STRIPE,via,128881,252720,130481,253200,1600,via3_1600x480
VDD,met2-met3,STRIPE,via,128881,252720,130481,253200,1600,via2_1600x480
VDD,met1-met2,STRIPE,via,128881,252720,130481,253200,1600,via_1600x480
VDD,met3-met4,STRIPE,via,101679,252720,103279,253200,1600,via3_1600x480
VDD,met2-met3,STRIPE,via,101679,252720,103279,253200,1600,via2_1600x480
VDD,met1-met2,STRIPE,via,101679,252720,103279,253200,1600,via_1600x480
VDD,met3-met4,STRIPE,via,75405,252720,77005,253200,1600,via3_1600x480
VDD,met2-met3,STRIPE,via,75405,252720,77005,253200,1600,via2_1600x480
VDD,met1-met2,STRIPE,via,75405,252720,77005,253200,1600,via_1600x480
VDD,met3-met4,STRIPE,via,49470,252720,51070,253200,1600,via3_1600x480
VDD,met2-met3,STRIPE,via,49470,252720,51070,253200,1600,via2_1600x480
VDD,met1-met2,STRIPE,via,49470,252720,51070,253200,1600,via_1600x480
VDD,met3-met4,STRIPE,via,22161,252720,23761,253200,1600,via3_1600x480
VDD,met2-met3,STRIPE,via,22161,252720,23761,253200,1600,via2_1600x480
VDD,met1-met2,STRIPE,via,22161,252720,23761,253200,1600,via_1600x480
VDD,met3-met4,STRIPE,via,267218,247280,268818,247760,1600,via3_1600x480
VDD,met2-met3,STRIPE,via,267218,247280,268818,247760,1600,via2_1600x480
VDD,met1-met2,STRIPE,via,267218,247280,268818,247760,1600,via_1600x480
VDD,met3-met4,STRIPE,via,242689,247280,244289,247760,1600,via3_1600x480
VDD,met2-met3,STRIPE,via,242689,247280,244289,247760,1600,via2_1600x480
VDD,met1-met2,STRIPE,via,242689,247280,244289,247760,1600,via_1600x480
VDD,met3-met4,STRIPE,via,210440,247280,212040,247760,1600,via3_1600x480
VDD,met2-met3,STRIPE,via,210440,247280,212040,247760,1600,via2_1600x480
VDD,met1-met2,STRIPE,via,210440,247280,212040,247760,1600,via_1600x480
VDD,met3-met4,STRIPE,via,187214,247280,188814,247760,1600,via3_1600x480
VDD,met2-met3,STRIPE,via,187214,247280,188814,247760,1600,via2_1600x480
VDD,met1-met2,STRIPE,via,187214,247280,188814,247760,1600,via_1600x480
VDD,met3-met4,STRIPE,via,160638,247280,162238,247760,1600,via3_1600x480
VDD,met2-met3,STRIPE,via,160638,247280,162238,247760,1600,via2_1600x480
VDD,met1-met2,STRIPE,via,160638,247280,162238,247760,1600,via_1600x480
VDD,met3-met4,STRIPE,via,128881,247280,130481,247760,1600,via3_1600x480
VDD,met2-met3,STRIPE,via,128881,247280,130481,247760,1600,via2_1600x480
VDD,met1-met2,STRIPE,via,128881,247280,130481,247760,1600,via_1600x480
VDD,met3-met4,STRIPE,via,101679,247280,103279,247760,1600,via3_1600x480
VDD,met2-met3,STRIPE,via,101679,247280,103279,247760,1600,via2_1600x480
VDD,met1-met2,STRIPE,via,101679,247280,103279,247760,1600,via_1600x480
VDD,met3-met4,STRIPE,via,75405,247280,77005,247760,1600,via3_1600x480
VDD,met2-met3,STRIPE,via,75405,247280,77005,247760,1600,via2_1600x480
VDD,met1-met2,STRIPE,via,75405,247280,77005,247760,1600,via_1600x480
VDD,met3-met4,STRIPE,via,49470,247280,51070,247760,1600,via3_1600x480
VDD,met2-met3,STRIPE,via,49470,247280,51070,247760,1600,via2_1600x480
VDD,met1-met2,STRIPE,via,49470,247280,51070,247760,1600,via_1600x480
VDD,met3-met4,STRIPE,via,22161,247280,23761,247760,1600,via3_1600x480
VDD,met2-met3,STRIPE,via,22161,247280,23761,247760,1600,via2_1600x480
VDD,met1-met2,STRIPE,via,22161,247280,23761,247760,1600,via_1600x480
VDD,met3-met4,STRIPE,via,267218,241840,268818,242320,1600,via3_1600x480
VDD,met2-met3,STRIPE,via,267218,241840,268818,242320,1600,via2_1600x480
VDD,met1-met2,STRIPE,via,267218,241840,268818,242320,1600,via_1600x480
VDD,met3-met4,STRIPE,via,242689,241840,244289,242320,1600,via3_1600x480
VDD,met2-met3,STRIPE,via,242689,241840,244289,242320,1600,via2_1600x480
VDD,met1-met2,STRIPE,via,242689,241840,244289,242320,1600,via_1600x480
VDD,met3-met4,STRIPE,via,210440,241840,212040,242320,1600,via3_1600x480
VDD,met2-met3,STRIPE,via,210440,241840,212040,242320,1600,via2_1600x480
VDD,met1-met2,STRIPE,via,210440,241840,212040,242320,1600,via_1600x480
VDD,met3-met4,STRIPE,via,187214,241840,188814,242320,1600,via3_1600x480
VDD,met2-met3,STRIPE,via,187214,241840,188814,242320,1600,via2_1600x480
VDD,met1-met2,STRIPE,via,187214,241840,188814,242320,1600,via_1600x480
VDD,met3-met4,STRIPE,via,160638,241840,162238,242320,1600,via3_1600x480
VDD,met2-met3,STRIPE,via,160638,241840,162238,242320,1600,via2_1600x480
VDD,met1-met2,STRIPE,via,160638,241840,162238,242320,1600,via_1600x480
VDD,met3-met4,STRIPE,via,128881,241840,130481,242320,1600,via3_1600x480
VDD,met2-met3,STRIPE,via,128881,241840,130481,242320,1600,via2_1600x480
VDD,met1-met2,STRIPE,via,128881,241840,130481,242320,1600,via_1600x480
VDD,met3-met4,STRIPE,via,101679,241840,103279,242320,1600,via3_1600x480
VDD,met2-met3,STRIPE,via,101679,241840,103279,242320,1600,via2_1600x480
VDD,met1-met2,STRIPE,via,101679,241840,103279,242320,1600,via_1600x480
VDD,met3-met4,STRIPE,via,75405,241840,77005,242320,1600,via3_1600x480
VDD,met2-met3,STRIPE,via,75405,241840,77005,242320,1600,via2_1600x480
VDD,met1-met2,STRIPE,via,75405,241840,77005,242320,1600,via_1600x480
VDD,met3-met4,STRIPE,via,49470,241840,51070,242320,1600,via3_1600x480
VDD,met2-met3,STRIPE,via,49470,241840,51070,242320,1600,via2_1600x480
VDD,met1-met2,STRIPE,via,49470,241840,51070,242320,1600,via_1600x480
VDD,met3-met4,STRIPE,via,22161,241840,23761,242320,1600,via3_1600x480
VDD,met2-met3,STRIPE,via,22161,241840,23761,242320,1600,via2_1600x480
VDD,met1-met2,STRIPE,via,22161,241840,23761,242320,1600,via_1600x480
VDD,met3-met4,STRIPE,via,267218,236400,268818,236880,1600,via3_1600x480
VDD,met2-met3,STRIPE,via,267218,236400,268818,236880,1600,via2_1600x480
VDD,met1-met2,STRIPE,via,267218,236400,268818,236880,1600,via_1600x480
VDD,met3-met4,STRIPE,via,242689,236400,244289,236880,1600,via3_1600x480
VDD,met2-met3,STRIPE,via,242689,236400,244289,236880,1600,via2_1600x480
VDD,met1-met2,STRIPE,via,242689,236400,244289,236880,1600,via_1600x480
VDD,met3-met4,STRIPE,via,210440,236400,212040,236880,1600,via3_1600x480
VDD,met2-met3,STRIPE,via,210440,236400,212040,236880,1600,via2_1600x480
VDD,met1-met2,STRIPE,via,210440,236400,212040,236880,1600,via_1600x480
VDD,met3-met4,STRIPE,via,187214,236400,188814,236880,1600,via3_1600x480
VDD,met2-met3,STRIPE,via,187214,236400,188814,236880,1600,via2_1600x480
VDD,met1-met2,STRIPE,via,187214,236400,188814,236880,1600,via_1600x480
VDD,met3-met4,STRIPE,via,160638,236400,162238,236880,1600,via3_1600x480
VDD,met2-met3,STRIPE,via,160638,236400,162238,236880,1600,via2_1600x480
VDD,met1-met2,STRIPE,via,160638,236400,162238,236880,1600,via_1600x480
VDD,met3-met4,STRIPE,via,128881,236400,130481,236880,1600,via3_1600x480
VDD,met2-met3,STRIPE,via,128881,236400,130481,236880,1600,via2_1600x480
VDD,met1-met2,STRIPE,via,128881,236400,130481,236880,1600,via_1600x480
VDD,met3-met4,STRIPE,via,101679,236400,103279,236880,1600,via3_1600x480
VDD,met2-met3,STRIPE,via,101679,236400,103279,236880,1600,via2_1600x480
VDD,met1-met2,STRIPE,via,101679,236400,103279,236880,1600,via_1600x480
VDD,met3-met4,STRIPE,via,75405,236400,77005,236880,1600,via3_1600x480
VDD,met2-met3,STRIPE,via,75405,236400,77005,236880,1600,via2_1600x480
VDD,met1-met2,STRIPE,via,75405,236400,77005,236880,1600,via_1600x480
VDD,met3-met4,STRIPE,via,49470,236400,51070,236880,1600,via3_1600x480
VDD,met2-met3,STRIPE,via,49470,236400,51070,236880,1600,via2_1600x480
VDD,met1-met2,STRIPE,via,49470,236400,51070,236880,1600,via_1600x480
VDD,met3-met4,STRIPE,via,22161,236400,23761,236880,1600,via3_1600x480
VDD,met2-met3,STRIPE,via,22161,236400,23761,236880,1600,via2_1600x480
VDD,met1-met2,STRIPE,via,22161,236400,23761,236880,1600,via_1600x480
VDD,met3-met4,STRIPE,via,267218,230960,268818,231440,1600,via3_1600x480
VDD,met2-met3,STRIPE,via,267218,230960,268818,231440,1600,via2_1600x480
VDD,met1-met2,STRIPE,via,267218,230960,268818,231440,1600,via_1600x480
VDD,met3-met4,STRIPE,via,242689,230960,244289,231440,1600,via3_1600x480
VDD,met2-met3,STRIPE,via,242689,230960,244289,231440,1600,via2_1600x480
VDD,met1-met2,STRIPE,via,242689,230960,244289,231440,1600,via_1600x480
VDD,met3-met4,STRIPE,via,210440,230960,212040,231440,1600,via3_1600x480
VDD,met2-met3,STRIPE,via,210440,230960,212040,231440,1600,via2_1600x480
VDD,met1-met2,STRIPE,via,210440,230960,212040,231440,1600,via_1600x480
VDD,met3-met4,STRIPE,via,187214,230960,188814,231440,1600,via3_1600x480
VDD,met2-met3,STRIPE,via,187214,230960,188814,231440,1600,via2_1600x480
VDD,met1-met2,STRIPE,via,187214,230960,188814,231440,1600,via_1600x480
VDD,met3-met4,STRIPE,via,160638,230960,162238,231440,1600,via3_1600x480
VDD,met2-met3,STRIPE,via,160638,230960,162238,231440,1600,via2_1600x480
VDD,met1-met2,STRIPE,via,160638,230960,162238,231440,1600,via_1600x480
VDD,met3-met4,STRIPE,via,128881,230960,130481,231440,1600,via3_1600x480
VDD,met2-met3,STRIPE,via,128881,230960,130481,231440,1600,via2_1600x480
VDD,met1-met2,STRIPE,via,128881,230960,130481,231440,1600,via_1600x480
VDD,met3-met4,STRIPE,via,101679,230960,103279,231440,1600,via3_1600x480
VDD,met2-met3,STRIPE,via,101679,230960,103279,231440,1600,via2_1600x480
VDD,met1-met2,STRIPE,via,101679,230960,103279,231440,1600,via_1600x480
VDD,met3-met4,STRIPE,via,75405,230960,77005,231440,1600,via3_1600x480
VDD,met2-met3,STRIPE,via,75405,230960,77005,231440,1600,via2_1600x480
VDD,met1-met2,STRIPE,via,75405,230960,77005,231440,1600,via_1600x480
VDD,met3-met4,STRIPE,via,49470,230960,51070,231440,1600,via3_1600x480
VDD,met2-met3,STRIPE,via,49470,230960,51070,231440,1600,via2_1600x480
VDD,met1-met2,STRIPE,via,49470,230960,51070,231440,1600,via_1600x480
VDD,met3-met4,STRIPE,via,22161,230960,23761,231440,1600,via3_1600x480
VDD,met2-met3,STRIPE,via,22161,230960,23761,231440,1600,via2_1600x480
VDD,met1-met2,STRIPE,via,22161,230960,23761,231440,1600,via_1600x480
VDD,met3-met4,STRIPE,via,267218,225520,268818,226000,1600,via3_1600x480
VDD,met2-met3,STRIPE,via,267218,225520,268818,226000,1600,via2_1600x480
VDD,met1-met2,STRIPE,via,267218,225520,268818,226000,1600,via_1600x480
VDD,met3-met4,STRIPE,via,242689,225520,244289,226000,1600,via3_1600x480
VDD,met2-met3,STRIPE,via,242689,225520,244289,226000,1600,via2_1600x480
VDD,met1-met2,STRIPE,via,242689,225520,244289,226000,1600,via_1600x480
VDD,met3-met4,STRIPE,via,210440,225520,212040,226000,1600,via3_1600x480
VDD,met2-met3,STRIPE,via,210440,225520,212040,226000,1600,via2_1600x480
VDD,met1-met2,STRIPE,via,210440,225520,212040,226000,1600,via_1600x480
VDD,met3-met4,STRIPE,via,187214,225520,188814,226000,1600,via3_1600x480
VDD,met2-met3,STRIPE,via,187214,225520,188814,226000,1600,via2_1600x480
VDD,met1-met2,STRIPE,via,187214,225520,188814,226000,1600,via_1600x480
VDD,met3-met4,STRIPE,via,160638,225520,162238,226000,1600,via3_1600x480
VDD,met2-met3,STRIPE,via,160638,225520,162238,226000,1600,via2_1600x480
VDD,met1-met2,STRIPE,via,160638,225520,162238,226000,1600,via_1600x480
VDD,met3-met4,STRIPE,via,128881,225520,130481,226000,1600,via3_1600x480
VDD,met2-met3,STRIPE,via,128881,225520,130481,226000,1600,via2_1600x480
VDD,met1-met2,STRIPE,via,128881,225520,130481,226000,1600,via_1600x480
VDD,met3-met4,STRIPE,via,101679,225520,103279,226000,1600,via3_1600x480
VDD,met2-met3,STRIPE,via,101679,225520,103279,226000,1600,via2_1600x480
VDD,met1-met2,STRIPE,via,101679,225520,103279,226000,1600,via_1600x480
VDD,met3-met4,STRIPE,via,75405,225520,77005,226000,1600,via3_1600x480
VDD,met2-met3,STRIPE,via,75405,225520,77005,226000,1600,via2_1600x480
VDD,met1-met2,STRIPE,via,75405,225520,77005,226000,1600,via_1600x480
VDD,met3-met4,STRIPE,via,49470,225520,51070,226000,1600,via3_1600x480
VDD,met2-met3,STRIPE,via,49470,225520,51070,226000,1600,via2_1600x480
VDD,met1-met2,STRIPE,via,49470,225520,51070,226000,1600,via_1600x480
VDD,met3-met4,STRIPE,via,22161,225520,23761,226000,1600,via3_1600x480
VDD,met2-met3,STRIPE,via,22161,225520,23761,226000,1600,via2_1600x480
VDD,met1-met2,STRIPE,via,22161,225520,23761,226000,1600,via_1600x480
VDD,met3-met4,STRIPE,via,267218,220080,268818,220560,1600,via3_1600x480
VDD,met2-met3,STRIPE,via,267218,220080,268818,220560,1600,via2_1600x480
VDD,met1-met2,STRIPE,via,267218,220080,268818,220560,1600,via_1600x480
VDD,met3-met4,STRIPE,via,242689,220080,244289,220560,1600,via3_1600x480
VDD,met2-met3,STRIPE,via,242689,220080,244289,220560,1600,via2_1600x480
VDD,met1-met2,STRIPE,via,242689,220080,244289,220560,1600,via_1600x480
VDD,met3-met4,STRIPE,via,210440,220080,212040,220560,1600,via3_1600x480
VDD,met2-met3,STRIPE,via,210440,220080,212040,220560,1600,via2_1600x480
VDD,met1-met2,STRIPE,via,210440,220080,212040,220560,1600,via_1600x480
VDD,met3-met4,STRIPE,via,187214,220080,188814,220560,1600,via3_1600x480
VDD,met2-met3,STRIPE,via,187214,220080,188814,220560,1600,via2_1600x480
VDD,met1-met2,STRIPE,via,187214,220080,188814,220560,1600,via_1600x480
VDD,met3-met4,STRIPE,via,160638,220080,162238,220560,1600,via3_1600x480
VDD,met2-met3,STRIPE,via,160638,220080,162238,220560,1600,via2_1600x480
VDD,met1-met2,STRIPE,via,160638,220080,162238,220560,1600,via_1600x480
VDD,met3-met4,STRIPE,via,128881,220080,130481,220560,1600,via3_1600x480
VDD,met2-met3,STRIPE,via,128881,220080,130481,220560,1600,via2_1600x480
VDD,met1-met2,STRIPE,via,128881,220080,130481,220560,1600,via_1600x480
VDD,met3-met4,STRIPE,via,101679,220080,103279,220560,1600,via3_1600x480
VDD,met2-met3,STRIPE,via,101679,220080,103279,220560,1600,via2_1600x480
VDD,met1-met2,STRIPE,via,101679,220080,103279,220560,1600,via_1600x480
VDD,met3-met4,STRIPE,via,75405,220080,77005,220560,1600,via3_1600x480
VDD,met2-met3,STRIPE,via,75405,220080,77005,220560,1600,via2_1600x480
VDD,met1-met2,STRIPE,via,75405,220080,77005,220560,1600,via_1600x480
VDD,met3-met4,STRIPE,via,49470,220080,51070,220560,1600,via3_1600x480
VDD,met2-met3,STRIPE,via,49470,220080,51070,220560,1600,via2_1600x480
VDD,met1-met2,STRIPE,via,49470,220080,51070,220560,1600,via_1600x480
VDD,met3-met4,STRIPE,via,22161,220080,23761,220560,1600,via3_1600x480
VDD,met2-met3,STRIPE,via,22161,220080,23761,220560,1600,via2_1600x480
VDD,met1-met2,STRIPE,via,22161,220080,23761,220560,1600,via_1600x480
VDD,met3-met4,STRIPE,via,267218,214640,268818,215120,1600,via3_1600x480
VDD,met2-met3,STRIPE,via,267218,214640,268818,215120,1600,via2_1600x480
VDD,met1-met2,STRIPE,via,267218,214640,268818,215120,1600,via_1600x480
VDD,met3-met4,STRIPE,via,242689,214640,244289,215120,1600,via3_1600x480
VDD,met2-met3,STRIPE,via,242689,214640,244289,215120,1600,via2_1600x480
VDD,met1-met2,STRIPE,via,242689,214640,244289,215120,1600,via_1600x480
VDD,met3-met4,STRIPE,via,210440,214640,212040,215120,1600,via3_1600x480
VDD,met2-met3,STRIPE,via,210440,214640,212040,215120,1600,via2_1600x480
VDD,met1-met2,STRIPE,via,210440,214640,212040,215120,1600,via_1600x480
VDD,met3-met4,STRIPE,via,187214,214640,188814,215120,1600,via3_1600x480
VDD,met2-met3,STRIPE,via,187214,214640,188814,215120,1600,via2_1600x480
VDD,met1-met2,STRIPE,via,187214,214640,188814,215120,1600,via_1600x480
VDD,met3-met4,STRIPE,via,160638,214640,162238,215120,1600,via3_1600x480
VDD,met2-met3,STRIPE,via,160638,214640,162238,215120,1600,via2_1600x480
VDD,met1-met2,STRIPE,via,160638,214640,162238,215120,1600,via_1600x480
VDD,met3-met4,STRIPE,via,128881,214640,130481,215120,1600,via3_1600x480
VDD,met2-met3,STRIPE,via,128881,214640,130481,215120,1600,via2_1600x480
VDD,met1-met2,STRIPE,via,128881,214640,130481,215120,1600,via_1600x480
VDD,met3-met4,STRIPE,via,101679,214640,103279,215120,1600,via3_1600x480
VDD,met2-met3,STRIPE,via,101679,214640,103279,215120,1600,via2_1600x480
VDD,met1-met2,STRIPE,via,101679,214640,103279,215120,1600,via_1600x480
VDD,met3-met4,STRIPE,via,75405,214640,77005,215120,1600,via3_1600x480
VDD,met2-met3,STRIPE,via,75405,214640,77005,215120,1600,via2_1600x480
VDD,met1-met2,STRIPE,via,75405,214640,77005,215120,1600,via_1600x480
VDD,met3-met4,STRIPE,via,49470,214640,51070,215120,1600,via3_1600x480
VDD,met2-met3,STRIPE,via,49470,214640,51070,215120,1600,via2_1600x480
VDD,met1-met2,STRIPE,via,49470,214640,51070,215120,1600,via_1600x480
VDD,met3-met4,STRIPE,via,22161,214640,23761,215120,1600,via3_1600x480
VDD,met2-met3,STRIPE,via,22161,214640,23761,215120,1600,via2_1600x480
VDD,met1-met2,STRIPE,via,22161,214640,23761,215120,1600,via_1600x480
VDD,met3-met4,STRIPE,via,267218,209200,268818,209680,1600,via3_1600x480
VDD,met2-met3,STRIPE,via,267218,209200,268818,209680,1600,via2_1600x480
VDD,met1-met2,STRIPE,via,267218,209200,268818,209680,1600,via_1600x480
VDD,met3-met4,STRIPE,via,242689,209200,244289,209680,1600,via3_1600x480
VDD,met2-met3,STRIPE,via,242689,209200,244289,209680,1600,via2_1600x480
VDD,met1-met2,STRIPE,via,242689,209200,244289,209680,1600,via_1600x480
VDD,met3-met4,STRIPE,via,210440,209200,212040,209680,1600,via3_1600x480
VDD,met2-met3,STRIPE,via,210440,209200,212040,209680,1600,via2_1600x480
VDD,met1-met2,STRIPE,via,210440,209200,212040,209680,1600,via_1600x480
VDD,met3-met4,STRIPE,via,187214,209200,188814,209680,1600,via3_1600x480
VDD,met2-met3,STRIPE,via,187214,209200,188814,209680,1600,via2_1600x480
VDD,met1-met2,STRIPE,via,187214,209200,188814,209680,1600,via_1600x480
VDD,met3-met4,STRIPE,via,160638,209200,162238,209680,1600,via3_1600x480
VDD,met2-met3,STRIPE,via,160638,209200,162238,209680,1600,via2_1600x480
VDD,met1-met2,STRIPE,via,160638,209200,162238,209680,1600,via_1600x480
VDD,met3-met4,STRIPE,via,128881,209200,130481,209680,1600,via3_1600x480
VDD,met2-met3,STRIPE,via,128881,209200,130481,209680,1600,via2_1600x480
VDD,met1-met2,STRIPE,via,128881,209200,130481,209680,1600,via_1600x480
VDD,met3-met4,STRIPE,via,101679,209200,103279,209680,1600,via3_1600x480
VDD,met2-met3,STRIPE,via,101679,209200,103279,209680,1600,via2_1600x480
VDD,met1-met2,STRIPE,via,101679,209200,103279,209680,1600,via_1600x480
VDD,met3-met4,STRIPE,via,75405,209200,77005,209680,1600,via3_1600x480
VDD,met2-met3,STRIPE,via,75405,209200,77005,209680,1600,via2_1600x480
VDD,met1-met2,STRIPE,via,75405,209200,77005,209680,1600,via_1600x480
VDD,met3-met4,STRIPE,via,49470,209200,51070,209680,1600,via3_1600x480
VDD,met2-met3,STRIPE,via,49470,209200,51070,209680,1600,via2_1600x480
VDD,met1-met2,STRIPE,via,49470,209200,51070,209680,1600,via_1600x480
VDD,met3-met4,STRIPE,via,22161,209200,23761,209680,1600,via3_1600x480
VDD,met2-met3,STRIPE,via,22161,209200,23761,209680,1600,via2_1600x480
VDD,met1-met2,STRIPE,via,22161,209200,23761,209680,1600,via_1600x480
VDD,met3-met4,STRIPE,via,267218,203760,268818,204240,1600,via3_1600x480
VDD,met2-met3,STRIPE,via,267218,203760,268818,204240,1600,via2_1600x480
VDD,met1-met2,STRIPE,via,267218,203760,268818,204240,1600,via_1600x480
VDD,met3-met4,STRIPE,via,242689,203760,244289,204240,1600,via3_1600x480
VDD,met2-met3,STRIPE,via,242689,203760,244289,204240,1600,via2_1600x480
VDD,met1-met2,STRIPE,via,242689,203760,244289,204240,1600,via_1600x480
VDD,met3-met4,STRIPE,via,210440,203760,212040,204240,1600,via3_1600x480
VDD,met2-met3,STRIPE,via,210440,203760,212040,204240,1600,via2_1600x480
VDD,met1-met2,STRIPE,via,210440,203760,212040,204240,1600,via_1600x480
VDD,met3-met4,STRIPE,via,187214,203760,188814,204240,1600,via3_1600x480
VDD,met2-met3,STRIPE,via,187214,203760,188814,204240,1600,via2_1600x480
VDD,met1-met2,STRIPE,via,187214,203760,188814,204240,1600,via_1600x480
VDD,met3-met4,STRIPE,via,160638,203760,162238,204240,1600,via3_1600x480
VDD,met2-met3,STRIPE,via,160638,203760,162238,204240,1600,via2_1600x480
VDD,met1-met2,STRIPE,via,160638,203760,162238,204240,1600,via_1600x480
VDD,met3-met4,STRIPE,via,128881,203760,130481,204240,1600,via3_1600x480
VDD,met2-met3,STRIPE,via,128881,203760,130481,204240,1600,via2_1600x480
VDD,met1-met2,STRIPE,via,128881,203760,130481,204240,1600,via_1600x480
VDD,met3-met4,STRIPE,via,101679,203760,103279,204240,1600,via3_1600x480
VDD,met2-met3,STRIPE,via,101679,203760,103279,204240,1600,via2_1600x480
VDD,met1-met2,STRIPE,via,101679,203760,103279,204240,1600,via_1600x480
VDD,met3-met4,STRIPE,via,75405,203760,77005,204240,1600,via3_1600x480
VDD,met2-met3,STRIPE,via,75405,203760,77005,204240,1600,via2_1600x480
VDD,met1-met2,STRIPE,via,75405,203760,77005,204240,1600,via_1600x480
VDD,met3-met4,STRIPE,via,49470,203760,51070,204240,1600,via3_1600x480
VDD,met2-met3,STRIPE,via,49470,203760,51070,204240,1600,via2_1600x480
VDD,met1-met2,STRIPE,via,49470,203760,51070,204240,1600,via_1600x480
VDD,met3-met4,STRIPE,via,22161,203760,23761,204240,1600,via3_1600x480
VDD,met2-met3,STRIPE,via,22161,203760,23761,204240,1600,via2_1600x480
VDD,met1-met2,STRIPE,via,22161,203760,23761,204240,1600,via_1600x480
VDD,met3-met4,STRIPE,via,267218,198320,268818,198800,1600,via3_1600x480
VDD,met2-met3,STRIPE,via,267218,198320,268818,198800,1600,via2_1600x480
VDD,met1-met2,STRIPE,via,267218,198320,268818,198800,1600,via_1600x480
VDD,met3-met4,STRIPE,via,242689,198320,244289,198800,1600,via3_1600x480
VDD,met2-met3,STRIPE,via,242689,198320,244289,198800,1600,via2_1600x480
VDD,met1-met2,STRIPE,via,242689,198320,244289,198800,1600,via_1600x480
VDD,met3-met4,STRIPE,via,210440,198320,212040,198800,1600,via3_1600x480
VDD,met2-met3,STRIPE,via,210440,198320,212040,198800,1600,via2_1600x480
VDD,met1-met2,STRIPE,via,210440,198320,212040,198800,1600,via_1600x480
VDD,met3-met4,STRIPE,via,187214,198320,188814,198800,1600,via3_1600x480
VDD,met2-met3,STRIPE,via,187214,198320,188814,198800,1600,via2_1600x480
VDD,met1-met2,STRIPE,via,187214,198320,188814,198800,1600,via_1600x480
VDD,met3-met4,STRIPE,via,160638,198320,162238,198800,1600,via3_1600x480
VDD,met2-met3,STRIPE,via,160638,198320,162238,198800,1600,via2_1600x480
VDD,met1-met2,STRIPE,via,160638,198320,162238,198800,1600,via_1600x480
VDD,met3-met4,STRIPE,via,128881,198320,130481,198800,1600,via3_1600x480
VDD,met2-met3,STRIPE,via,128881,198320,130481,198800,1600,via2_1600x480
VDD,met1-met2,STRIPE,via,128881,198320,130481,198800,1600,via_1600x480
VDD,met3-met4,STRIPE,via,101679,198320,103279,198800,1600,via3_1600x480
VDD,met2-met3,STRIPE,via,101679,198320,103279,198800,1600,via2_1600x480
VDD,met1-met2,STRIPE,via,101679,198320,103279,198800,1600,via_1600x480
VDD,met3-met4,STRIPE,via,75405,198320,77005,198800,1600,via3_1600x480
VDD,met2-met3,STRIPE,via,75405,198320,77005,198800,1600,via2_1600x480
VDD,met1-met2,STRIPE,via,75405,198320,77005,198800,1600,via_1600x480
VDD,met3-met4,STRIPE,via,49470,198320,51070,198800,1600,via3_1600x480
VDD,met2-met3,STRIPE,via,49470,198320,51070,198800,1600,via2_1600x480
VDD,met1-met2,STRIPE,via,49470,198320,51070,198800,1600,via_1600x480
VDD,met3-met4,STRIPE,via,22161,198320,23761,198800,1600,via3_1600x480
VDD,met2-met3,STRIPE,via,22161,198320,23761,198800,1600,via2_1600x480
VDD,met1-met2,STRIPE,via,22161,198320,23761,198800,1600,via_1600x480
VDD,met3-met4,STRIPE,via,267218,192880,268818,193360,1600,via3_1600x480
VDD,met2-met3,STRIPE,via,267218,192880,268818,193360,1600,via2_1600x480
VDD,met1-met2,STRIPE,via,267218,192880,268818,193360,1600,via_1600x480
VDD,met3-met4,STRIPE,via,242689,192880,244289,193360,1600,via3_1600x480
VDD,met2-met3,STRIPE,via,242689,192880,244289,193360,1600,via2_1600x480
VDD,met1-met2,STRIPE,via,242689,192880,244289,193360,1600,via_1600x480
VDD,met3-met4,STRIPE,via,210440,192880,212040,193360,1600,via3_1600x480
VDD,met2-met3,STRIPE,via,210440,192880,212040,193360,1600,via2_1600x480
VDD,met1-met2,STRIPE,via,210440,192880,212040,193360,1600,via_1600x480
VDD,met3-met4,STRIPE,via,187214,192880,188814,193360,1600,via3_1600x480
VDD,met2-met3,STRIPE,via,187214,192880,188814,193360,1600,via2_1600x480
VDD,met1-met2,STRIPE,via,187214,192880,188814,193360,1600,via_1600x480
VDD,met3-met4,STRIPE,via,160638,192880,162238,193360,1600,via3_1600x480
VDD,met2-met3,STRIPE,via,160638,192880,162238,193360,1600,via2_1600x480
VDD,met1-met2,STRIPE,via,160638,192880,162238,193360,1600,via_1600x480
VDD,met3-met4,STRIPE,via,128881,192880,130481,193360,1600,via3_1600x480
VDD,met2-met3,STRIPE,via,128881,192880,130481,193360,1600,via2_1600x480
VDD,met1-met2,STRIPE,via,128881,192880,130481,193360,1600,via_1600x480
VDD,met3-met4,STRIPE,via,101679,192880,103279,193360,1600,via3_1600x480
VDD,met2-met3,STRIPE,via,101679,192880,103279,193360,1600,via2_1600x480
VDD,met1-met2,STRIPE,via,101679,192880,103279,193360,1600,via_1600x480
VDD,met3-met4,STRIPE,via,75405,192880,77005,193360,1600,via3_1600x480
VDD,met2-met3,STRIPE,via,75405,192880,77005,193360,1600,via2_1600x480
VDD,met1-met2,STRIPE,via,75405,192880,77005,193360,1600,via_1600x480
VDD,met3-met4,STRIPE,via,49470,192880,51070,193360,1600,via3_1600x480
VDD,met2-met3,STRIPE,via,49470,192880,51070,193360,1600,via2_1600x480
VDD,met1-met2,STRIPE,via,49470,192880,51070,193360,1600,via_1600x480
VDD,met3-met4,STRIPE,via,22161,192880,23761,193360,1600,via3_1600x480
VDD,met2-met3,STRIPE,via,22161,192880,23761,193360,1600,via2_1600x480
VDD,met1-met2,STRIPE,via,22161,192880,23761,193360,1600,via_1600x480
VDD,met3-met4,STRIPE,via,267218,187440,268818,187920,1600,via3_1600x480
VDD,met2-met3,STRIPE,via,267218,187440,268818,187920,1600,via2_1600x480
VDD,met1-met2,STRIPE,via,267218,187440,268818,187920,1600,via_1600x480
VDD,met3-met4,STRIPE,via,242689,187440,244289,187920,1600,via3_1600x480
VDD,met2-met3,STRIPE,via,242689,187440,244289,187920,1600,via2_1600x480
VDD,met1-met2,STRIPE,via,242689,187440,244289,187920,1600,via_1600x480
VDD,met3-met4,STRIPE,via,210440,187440,212040,187920,1600,via3_1600x480
VDD,met2-met3,STRIPE,via,210440,187440,212040,187920,1600,via2_1600x480
VDD,met1-met2,STRIPE,via,210440,187440,212040,187920,1600,via_1600x480
VDD,met3-met4,STRIPE,via,187214,187440,188814,187920,1600,via3_1600x480
VDD,met2-met3,STRIPE,via,187214,187440,188814,187920,1600,via2_1600x480
VDD,met1-met2,STRIPE,via,187214,187440,188814,187920,1600,via_1600x480
VDD,met3-met4,STRIPE,via,160638,187440,162238,187920,1600,via3_1600x480
VDD,met2-met3,STRIPE,via,160638,187440,162238,187920,1600,via2_1600x480
VDD,met1-met2,STRIPE,via,160638,187440,162238,187920,1600,via_1600x480
VDD,met3-met4,STRIPE,via,128881,187440,130481,187920,1600,via3_1600x480
VDD,met2-met3,STRIPE,via,128881,187440,130481,187920,1600,via2_1600x480
VDD,met1-met2,STRIPE,via,128881,187440,130481,187920,1600,via_1600x480
VDD,met3-met4,STRIPE,via,101679,187440,103279,187920,1600,via3_1600x480
VDD,met2-met3,STRIPE,via,101679,187440,103279,187920,1600,via2_1600x480
VDD,met1-met2,STRIPE,via,101679,187440,103279,187920,1600,via_1600x480
VDD,met3-met4,STRIPE,via,75405,187440,77005,187920,1600,via3_1600x480
VDD,met2-met3,STRIPE,via,75405,187440,77005,187920,1600,via2_1600x480
VDD,met1-met2,STRIPE,via,75405,187440,77005,187920,1600,via_1600x480
VDD,met3-met4,STRIPE,via,49470,187440,51070,187920,1600,via3_1600x480
VDD,met2-met3,STRIPE,via,49470,187440,51070,187920,1600,via2_1600x480
VDD,met1-met2,STRIPE,via,49470,187440,51070,187920,1600,via_1600x480
VDD,met3-met4,STRIPE,via,22161,187440,23761,187920,1600,via3_1600x480
VDD,met2-met3,STRIPE,via,22161,187440,23761,187920,1600,via2_1600x480
VDD,met1-met2,STRIPE,via,22161,187440,23761,187920,1600,via_1600x480
VDD,met3-met4,STRIPE,via,267218,182000,268818,182480,1600,via3_1600x480
VDD,met2-met3,STRIPE,via,267218,182000,268818,182480,1600,via2_1600x480
VDD,met1-met2,STRIPE,via,267218,182000,268818,182480,1600,via_1600x480
VDD,met3-met4,STRIPE,via,242689,182000,244289,182480,1600,via3_1600x480
VDD,met2-met3,STRIPE,via,242689,182000,244289,182480,1600,via2_1600x480
VDD,met1-met2,STRIPE,via,242689,182000,244289,182480,1600,via_1600x480
VDD,met3-met4,STRIPE,via,210440,182000,212040,182480,1600,via3_1600x480
VDD,met2-met3,STRIPE,via,210440,182000,212040,182480,1600,via2_1600x480
VDD,met1-met2,STRIPE,via,210440,182000,212040,182480,1600,via_1600x480
VDD,met3-met4,STRIPE,via,187214,182000,188814,182480,1600,via3_1600x480
VDD,met2-met3,STRIPE,via,187214,182000,188814,182480,1600,via2_1600x480
VDD,met1-met2,STRIPE,via,187214,182000,188814,182480,1600,via_1600x480
VDD,met3-met4,STRIPE,via,160638,182000,162238,182480,1600,via3_1600x480
VDD,met2-met3,STRIPE,via,160638,182000,162238,182480,1600,via2_1600x480
VDD,met1-met2,STRIPE,via,160638,182000,162238,182480,1600,via_1600x480
VDD,met3-met4,STRIPE,via,128881,182000,130481,182480,1600,via3_1600x480
VDD,met2-met3,STRIPE,via,128881,182000,130481,182480,1600,via2_1600x480
VDD,met1-met2,STRIPE,via,128881,182000,130481,182480,1600,via_1600x480
VDD,met3-met4,STRIPE,via,101679,182000,103279,182480,1600,via3_1600x480
VDD,met2-met3,STRIPE,via,101679,182000,103279,182480,1600,via2_1600x480
VDD,met1-met2,STRIPE,via,101679,182000,103279,182480,1600,via_1600x480
VDD,met3-met4,STRIPE,via,75405,182000,77005,182480,1600,via3_1600x480
VDD,met2-met3,STRIPE,via,75405,182000,77005,182480,1600,via2_1600x480
VDD,met1-met2,STRIPE,via,75405,182000,77005,182480,1600,via_1600x480
VDD,met3-met4,STRIPE,via,49470,182000,51070,182480,1600,via3_1600x480
VDD,met2-met3,STRIPE,via,49470,182000,51070,182480,1600,via2_1600x480
VDD,met1-met2,STRIPE,via,49470,182000,51070,182480,1600,via_1600x480
VDD,met3-met4,STRIPE,via,22161,182000,23761,182480,1600,via3_1600x480
VDD,met2-met3,STRIPE,via,22161,182000,23761,182480,1600,via2_1600x480
VDD,met1-met2,STRIPE,via,22161,182000,23761,182480,1600,via_1600x480
VDD,met3-met4,STRIPE,via,267218,176560,268818,177040,1600,via3_1600x480
VDD,met2-met3,STRIPE,via,267218,176560,268818,177040,1600,via2_1600x480
VDD,met1-met2,STRIPE,via,267218,176560,268818,177040,1600,via_1600x480
VDD,met3-met4,STRIPE,via,242689,176560,244289,177040,1600,via3_1600x480
VDD,met2-met3,STRIPE,via,242689,176560,244289,177040,1600,via2_1600x480
VDD,met1-met2,STRIPE,via,242689,176560,244289,177040,1600,via_1600x480
VDD,met3-met4,STRIPE,via,210440,176560,212040,177040,1600,via3_1600x480
VDD,met2-met3,STRIPE,via,210440,176560,212040,177040,1600,via2_1600x480
VDD,met1-met2,STRIPE,via,210440,176560,212040,177040,1600,via_1600x480
VDD,met3-met4,STRIPE,via,187214,176560,188814,177040,1600,via3_1600x480
VDD,met2-met3,STRIPE,via,187214,176560,188814,177040,1600,via2_1600x480
VDD,met1-met2,STRIPE,via,187214,176560,188814,177040,1600,via_1600x480
VDD,met3-met4,STRIPE,via,160638,176560,162238,177040,1600,via3_1600x480
VDD,met2-met3,STRIPE,via,160638,176560,162238,177040,1600,via2_1600x480
VDD,met1-met2,STRIPE,via,160638,176560,162238,177040,1600,via_1600x480
VDD,met3-met4,STRIPE,via,128881,176560,130481,177040,1600,via3_1600x480
VDD,met2-met3,STRIPE,via,128881,176560,130481,177040,1600,via2_1600x480
VDD,met1-met2,STRIPE,via,128881,176560,130481,177040,1600,via_1600x480
VDD,met3-met4,STRIPE,via,101679,176560,103279,177040,1600,via3_1600x480
VDD,met2-met3,STRIPE,via,101679,176560,103279,177040,1600,via2_1600x480
VDD,met1-met2,STRIPE,via,101679,176560,103279,177040,1600,via_1600x480
VDD,met3-met4,STRIPE,via,75405,176560,77005,177040,1600,via3_1600x480
VDD,met2-met3,STRIPE,via,75405,176560,77005,177040,1600,via2_1600x480
VDD,met1-met2,STRIPE,via,75405,176560,77005,177040,1600,via_1600x480
VDD,met3-met4,STRIPE,via,49470,176560,51070,177040,1600,via3_1600x480
VDD,met2-met3,STRIPE,via,49470,176560,51070,177040,1600,via2_1600x480
VDD,met1-met2,STRIPE,via,49470,176560,51070,177040,1600,via_1600x480
VDD,met3-met4,STRIPE,via,22161,176560,23761,177040,1600,via3_1600x480
VDD,met2-met3,STRIPE,via,22161,176560,23761,177040,1600,via2_1600x480
VDD,met1-met2,STRIPE,via,22161,176560,23761,177040,1600,via_1600x480
VDD,met3-met4,STRIPE,via,267218,171120,268818,171600,1600,via3_1600x480
VDD,met2-met3,STRIPE,via,267218,171120,268818,171600,1600,via2_1600x480
VDD,met1-met2,STRIPE,via,267218,171120,268818,171600,1600,via_1600x480
VDD,met3-met4,STRIPE,via,242689,171120,244289,171600,1600,via3_1600x480
VDD,met2-met3,STRIPE,via,242689,171120,244289,171600,1600,via2_1600x480
VDD,met1-met2,STRIPE,via,242689,171120,244289,171600,1600,via_1600x480
VDD,met3-met4,STRIPE,via,210440,171120,212040,171600,1600,via3_1600x480
VDD,met2-met3,STRIPE,via,210440,171120,212040,171600,1600,via2_1600x480
VDD,met1-met2,STRIPE,via,210440,171120,212040,171600,1600,via_1600x480
VDD,met3-met4,STRIPE,via,187214,171120,188814,171600,1600,via3_1600x480
VDD,met2-met3,STRIPE,via,187214,171120,188814,171600,1600,via2_1600x480
VDD,met1-met2,STRIPE,via,187214,171120,188814,171600,1600,via_1600x480
VDD,met3-met4,STRIPE,via,160638,171120,162238,171600,1600,via3_1600x480
VDD,met2-met3,STRIPE,via,160638,171120,162238,171600,1600,via2_1600x480
VDD,met1-met2,STRIPE,via,160638,171120,162238,171600,1600,via_1600x480
VDD,met3-met4,STRIPE,via,128881,171120,130481,171600,1600,via3_1600x480
VDD,met2-met3,STRIPE,via,128881,171120,130481,171600,1600,via2_1600x480
VDD,met1-met2,STRIPE,via,128881,171120,130481,171600,1600,via_1600x480
VDD,met3-met4,STRIPE,via,101679,171120,103279,171600,1600,via3_1600x480
VDD,met2-met3,STRIPE,via,101679,171120,103279,171600,1600,via2_1600x480
VDD,met1-met2,STRIPE,via,101679,171120,103279,171600,1600,via_1600x480
VDD,met3-met4,STRIPE,via,75405,171120,77005,171600,1600,via3_1600x480
VDD,met2-met3,STRIPE,via,75405,171120,77005,171600,1600,via2_1600x480
VDD,met1-met2,STRIPE,via,75405,171120,77005,171600,1600,via_1600x480
VDD,met3-met4,STRIPE,via,49470,171120,51070,171600,1600,via3_1600x480
VDD,met2-met3,STRIPE,via,49470,171120,51070,171600,1600,via2_1600x480
VDD,met1-met2,STRIPE,via,49470,171120,51070,171600,1600,via_1600x480
VDD,met3-met4,STRIPE,via,22161,171120,23761,171600,1600,via3_1600x480
VDD,met2-met3,STRIPE,via,22161,171120,23761,171600,1600,via2_1600x480
VDD,met1-met2,STRIPE,via,22161,171120,23761,171600,1600,via_1600x480
VDD,met3-met4,STRIPE,via,267218,165680,268818,166160,1600,via3_1600x480
VDD,met2-met3,STRIPE,via,267218,165680,268818,166160,1600,via2_1600x480
VDD,met1-met2,STRIPE,via,267218,165680,268818,166160,1600,via_1600x480
VDD,met3-met4,STRIPE,via,242689,165680,244289,166160,1600,via3_1600x480
VDD,met2-met3,STRIPE,via,242689,165680,244289,166160,1600,via2_1600x480
VDD,met1-met2,STRIPE,via,242689,165680,244289,166160,1600,via_1600x480
VDD,met3-met4,STRIPE,via,210440,165680,212040,166160,1600,via3_1600x480
VDD,met2-met3,STRIPE,via,210440,165680,212040,166160,1600,via2_1600x480
VDD,met1-met2,STRIPE,via,210440,165680,212040,166160,1600,via_1600x480
VDD,met3-met4,STRIPE,via,187214,165680,188814,166160,1600,via3_1600x480
VDD,met2-met3,STRIPE,via,187214,165680,188814,166160,1600,via2_1600x480
VDD,met1-met2,STRIPE,via,187214,165680,188814,166160,1600,via_1600x480
VDD,met3-met4,STRIPE,via,160638,165680,162238,166160,1600,via3_1600x480
VDD,met2-met3,STRIPE,via,160638,165680,162238,166160,1600,via2_1600x480
VDD,met1-met2,STRIPE,via,160638,165680,162238,166160,1600,via_1600x480
VDD,met3-met4,STRIPE,via,128881,165680,130481,166160,1600,via3_1600x480
VDD,met2-met3,STRIPE,via,128881,165680,130481,166160,1600,via2_1600x480
VDD,met1-met2,STRIPE,via,128881,165680,130481,166160,1600,via_1600x480
VDD,met3-met4,STRIPE,via,101679,165680,103279,166160,1600,via3_1600x480
VDD,met2-met3,STRIPE,via,101679,165680,103279,166160,1600,via2_1600x480
VDD,met1-met2,STRIPE,via,101679,165680,103279,166160,1600,via_1600x480
VDD,met3-met4,STRIPE,via,75405,165680,77005,166160,1600,via3_1600x480
VDD,met2-met3,STRIPE,via,75405,165680,77005,166160,1600,via2_1600x480
VDD,met1-met2,STRIPE,via,75405,165680,77005,166160,1600,via_1600x480
VDD,met3-met4,STRIPE,via,49470,165680,51070,166160,1600,via3_1600x480
VDD,met2-met3,STRIPE,via,49470,165680,51070,166160,1600,via2_1600x480
VDD,met1-met2,STRIPE,via,49470,165680,51070,166160,1600,via_1600x480
VDD,met3-met4,STRIPE,via,22161,165680,23761,166160,1600,via3_1600x480
VDD,met2-met3,STRIPE,via,22161,165680,23761,166160,1600,via2_1600x480
VDD,met1-met2,STRIPE,via,22161,165680,23761,166160,1600,via_1600x480
VDD,met3-met4,STRIPE,via,267218,160240,268818,160720,1600,via3_1600x480
VDD,met2-met3,STRIPE,via,267218,160240,268818,160720,1600,via2_1600x480
VDD,met1-met2,STRIPE,via,267218,160240,268818,160720,1600,via_1600x480
VDD,met3-met4,STRIPE,via,242689,160240,244289,160720,1600,via3_1600x480
VDD,met2-met3,STRIPE,via,242689,160240,244289,160720,1600,via2_1600x480
VDD,met1-met2,STRIPE,via,242689,160240,244289,160720,1600,via_1600x480
VDD,met3-met4,STRIPE,via,210440,160240,212040,160720,1600,via3_1600x480
VDD,met2-met3,STRIPE,via,210440,160240,212040,160720,1600,via2_1600x480
VDD,met1-met2,STRIPE,via,210440,160240,212040,160720,1600,via_1600x480
VDD,met3-met4,STRIPE,via,187214,160240,188814,160720,1600,via3_1600x480
VDD,met2-met3,STRIPE,via,187214,160240,188814,160720,1600,via2_1600x480
VDD,met1-met2,STRIPE,via,187214,160240,188814,160720,1600,via_1600x480
VDD,met3-met4,STRIPE,via,160638,160240,162238,160720,1600,via3_1600x480
VDD,met2-met3,STRIPE,via,160638,160240,162238,160720,1600,via2_1600x480
VDD,met1-met2,STRIPE,via,160638,160240,162238,160720,1600,via_1600x480
VDD,met3-met4,STRIPE,via,128881,160240,130481,160720,1600,via3_1600x480
VDD,met2-met3,STRIPE,via,128881,160240,130481,160720,1600,via2_1600x480
VDD,met1-met2,STRIPE,via,128881,160240,130481,160720,1600,via_1600x480
VDD,met3-met4,STRIPE,via,101679,160240,103279,160720,1600,via3_1600x480
VDD,met2-met3,STRIPE,via,101679,160240,103279,160720,1600,via2_1600x480
VDD,met1-met2,STRIPE,via,101679,160240,103279,160720,1600,via_1600x480
VDD,met3-met4,STRIPE,via,75405,160240,77005,160720,1600,via3_1600x480
VDD,met2-met3,STRIPE,via,75405,160240,77005,160720,1600,via2_1600x480
VDD,met1-met2,STRIPE,via,75405,160240,77005,160720,1600,via_1600x480
VDD,met3-met4,STRIPE,via,49470,160240,51070,160720,1600,via3_1600x480
VDD,met2-met3,STRIPE,via,49470,160240,51070,160720,1600,via2_1600x480
VDD,met1-met2,STRIPE,via,49470,160240,51070,160720,1600,via_1600x480
VDD,met3-met4,STRIPE,via,22161,160240,23761,160720,1600,via3_1600x480
VDD,met2-met3,STRIPE,via,22161,160240,23761,160720,1600,via2_1600x480
VDD,met1-met2,STRIPE,via,22161,160240,23761,160720,1600,via_1600x480
VDD,met3-met4,STRIPE,via,267218,154800,268818,155280,1600,via3_1600x480
VDD,met2-met3,STRIPE,via,267218,154800,268818,155280,1600,via2_1600x480
VDD,met1-met2,STRIPE,via,267218,154800,268818,155280,1600,via_1600x480
VDD,met3-met4,STRIPE,via,242689,154800,244289,155280,1600,via3_1600x480
VDD,met2-met3,STRIPE,via,242689,154800,244289,155280,1600,via2_1600x480
VDD,met1-met2,STRIPE,via,242689,154800,244289,155280,1600,via_1600x480
VDD,met3-met4,STRIPE,via,210440,154800,212040,155280,1600,via3_1600x480
VDD,met2-met3,STRIPE,via,210440,154800,212040,155280,1600,via2_1600x480
VDD,met1-met2,STRIPE,via,210440,154800,212040,155280,1600,via_1600x480
VDD,met3-met4,STRIPE,via,187214,154800,188814,155280,1600,via3_1600x480
VDD,met2-met3,STRIPE,via,187214,154800,188814,155280,1600,via2_1600x480
VDD,met1-met2,STRIPE,via,187214,154800,188814,155280,1600,via_1600x480
VDD,met3-met4,STRIPE,via,160638,154800,162238,155280,1600,via3_1600x480
VDD,met2-met3,STRIPE,via,160638,154800,162238,155280,1600,via2_1600x480
VDD,met1-met2,STRIPE,via,160638,154800,162238,155280,1600,via_1600x480
VDD,met3-met4,STRIPE,via,128881,154800,130481,155280,1600,via3_1600x480
VDD,met2-met3,STRIPE,via,128881,154800,130481,155280,1600,via2_1600x480
VDD,met1-met2,STRIPE,via,128881,154800,130481,155280,1600,via_1600x480
VDD,met3-met4,STRIPE,via,101679,154800,103279,155280,1600,via3_1600x480
VDD,met2-met3,STRIPE,via,101679,154800,103279,155280,1600,via2_1600x480
VDD,met1-met2,STRIPE,via,101679,154800,103279,155280,1600,via_1600x480
VDD,met3-met4,STRIPE,via,75405,154800,77005,155280,1600,via3_1600x480
VDD,met2-met3,STRIPE,via,75405,154800,77005,155280,1600,via2_1600x480
VDD,met1-met2,STRIPE,via,75405,154800,77005,155280,1600,via_1600x480
VDD,met3-met4,STRIPE,via,49470,154800,51070,155280,1600,via3_1600x480
VDD,met2-met3,STRIPE,via,49470,154800,51070,155280,1600,via2_1600x480
VDD,met1-met2,STRIPE,via,49470,154800,51070,155280,1600,via_1600x480
VDD,met3-met4,STRIPE,via,22161,154800,23761,155280,1600,via3_1600x480
VDD,met2-met3,STRIPE,via,22161,154800,23761,155280,1600,via2_1600x480
VDD,met1-met2,STRIPE,via,22161,154800,23761,155280,1600,via_1600x480
VDD,met3-met4,STRIPE,via,267218,149360,268818,149840,1600,via3_1600x480
VDD,met2-met3,STRIPE,via,267218,149360,268818,149840,1600,via2_1600x480
VDD,met1-met2,STRIPE,via,267218,149360,268818,149840,1600,via_1600x480
VDD,met3-met4,STRIPE,via,242689,149360,244289,149840,1600,via3_1600x480
VDD,met2-met3,STRIPE,via,242689,149360,244289,149840,1600,via2_1600x480
VDD,met1-met2,STRIPE,via,242689,149360,244289,149840,1600,via_1600x480
VDD,met3-met4,STRIPE,via,210440,149360,212040,149840,1600,via3_1600x480
VDD,met2-met3,STRIPE,via,210440,149360,212040,149840,1600,via2_1600x480
VDD,met1-met2,STRIPE,via,210440,149360,212040,149840,1600,via_1600x480
VDD,met3-met4,STRIPE,via,187214,149360,188814,149840,1600,via3_1600x480
VDD,met2-met3,STRIPE,via,187214,149360,188814,149840,1600,via2_1600x480
VDD,met1-met2,STRIPE,via,187214,149360,188814,149840,1600,via_1600x480
VDD,met3-met4,STRIPE,via,160638,149360,162238,149840,1600,via3_1600x480
VDD,met2-met3,STRIPE,via,160638,149360,162238,149840,1600,via2_1600x480
VDD,met1-met2,STRIPE,via,160638,149360,162238,149840,1600,via_1600x480
VDD,met3-met4,STRIPE,via,128881,149360,130481,149840,1600,via3_1600x480
VDD,met2-met3,STRIPE,via,128881,149360,130481,149840,1600,via2_1600x480
VDD,met1-met2,STRIPE,via,128881,149360,130481,149840,1600,via_1600x480
VDD,met3-met4,STRIPE,via,101679,149360,103279,149840,1600,via3_1600x480
VDD,met2-met3,STRIPE,via,101679,149360,103279,149840,1600,via2_1600x480
VDD,met1-met2,STRIPE,via,101679,149360,103279,149840,1600,via_1600x480
VDD,met3-met4,STRIPE,via,75405,149360,77005,149840,1600,via3_1600x480
VDD,met2-met3,STRIPE,via,75405,149360,77005,149840,1600,via2_1600x480
VDD,met1-met2,STRIPE,via,75405,149360,77005,149840,1600,via_1600x480
VDD,met3-met4,STRIPE,via,49470,149360,51070,149840,1600,via3_1600x480
VDD,met2-met3,STRIPE,via,49470,149360,51070,149840,1600,via2_1600x480
VDD,met1-met2,STRIPE,via,49470,149360,51070,149840,1600,via_1600x480
VDD,met3-met4,STRIPE,via,22161,149360,23761,149840,1600,via3_1600x480
VDD,met2-met3,STRIPE,via,22161,149360,23761,149840,1600,via2_1600x480
VDD,met1-met2,STRIPE,via,22161,149360,23761,149840,1600,via_1600x480
VDD,met3-met4,STRIPE,via,267218,143920,268818,144400,1600,via3_1600x480
VDD,met2-met3,STRIPE,via,267218,143920,268818,144400,1600,via2_1600x480
VDD,met1-met2,STRIPE,via,267218,143920,268818,144400,1600,via_1600x480
VDD,met3-met4,STRIPE,via,242689,143920,244289,144400,1600,via3_1600x480
VDD,met2-met3,STRIPE,via,242689,143920,244289,144400,1600,via2_1600x480
VDD,met1-met2,STRIPE,via,242689,143920,244289,144400,1600,via_1600x480
VDD,met3-met4,STRIPE,via,210440,143920,212040,144400,1600,via3_1600x480
VDD,met2-met3,STRIPE,via,210440,143920,212040,144400,1600,via2_1600x480
VDD,met1-met2,STRIPE,via,210440,143920,212040,144400,1600,via_1600x480
VDD,met3-met4,STRIPE,via,187214,143920,188814,144400,1600,via3_1600x480
VDD,met2-met3,STRIPE,via,187214,143920,188814,144400,1600,via2_1600x480
VDD,met1-met2,STRIPE,via,187214,143920,188814,144400,1600,via_1600x480
VDD,met3-met4,STRIPE,via,160638,143920,162238,144400,1600,via3_1600x480
VDD,met2-met3,STRIPE,via,160638,143920,162238,144400,1600,via2_1600x480
VDD,met1-met2,STRIPE,via,160638,143920,162238,144400,1600,via_1600x480
VDD,met3-met4,STRIPE,via,128881,143920,130481,144400,1600,via3_1600x480
VDD,met2-met3,STRIPE,via,128881,143920,130481,144400,1600,via2_1600x480
VDD,met1-met2,STRIPE,via,128881,143920,130481,144400,1600,via_1600x480
VDD,met3-met4,STRIPE,via,101679,143920,103279,144400,1600,via3_1600x480
VDD,met2-met3,STRIPE,via,101679,143920,103279,144400,1600,via2_1600x480
VDD,met1-met2,STRIPE,via,101679,143920,103279,144400,1600,via_1600x480
VDD,met3-met4,STRIPE,via,75405,143920,77005,144400,1600,via3_1600x480
VDD,met2-met3,STRIPE,via,75405,143920,77005,144400,1600,via2_1600x480
VDD,met1-met2,STRIPE,via,75405,143920,77005,144400,1600,via_1600x480
VDD,met3-met4,STRIPE,via,49470,143920,51070,144400,1600,via3_1600x480
VDD,met2-met3,STRIPE,via,49470,143920,51070,144400,1600,via2_1600x480
VDD,met1-met2,STRIPE,via,49470,143920,51070,144400,1600,via_1600x480
VDD,met3-met4,STRIPE,via,22161,143920,23761,144400,1600,via3_1600x480
VDD,met2-met3,STRIPE,via,22161,143920,23761,144400,1600,via2_1600x480
VDD,met1-met2,STRIPE,via,22161,143920,23761,144400,1600,via_1600x480
VDD,met3-met4,STRIPE,via,267218,138480,268818,138960,1600,via3_1600x480
VDD,met2-met3,STRIPE,via,267218,138480,268818,138960,1600,via2_1600x480
VDD,met1-met2,STRIPE,via,267218,138480,268818,138960,1600,via_1600x480
VDD,met3-met4,STRIPE,via,242689,138480,244289,138960,1600,via3_1600x480
VDD,met2-met3,STRIPE,via,242689,138480,244289,138960,1600,via2_1600x480
VDD,met1-met2,STRIPE,via,242689,138480,244289,138960,1600,via_1600x480
VDD,met3-met4,STRIPE,via,210440,138480,212040,138960,1600,via3_1600x480
VDD,met2-met3,STRIPE,via,210440,138480,212040,138960,1600,via2_1600x480
VDD,met1-met2,STRIPE,via,210440,138480,212040,138960,1600,via_1600x480
VDD,met3-met4,STRIPE,via,187214,138480,188814,138960,1600,via3_1600x480
VDD,met2-met3,STRIPE,via,187214,138480,188814,138960,1600,via2_1600x480
VDD,met1-met2,STRIPE,via,187214,138480,188814,138960,1600,via_1600x480
VDD,met3-met4,STRIPE,via,160638,138480,162238,138960,1600,via3_1600x480
VDD,met2-met3,STRIPE,via,160638,138480,162238,138960,1600,via2_1600x480
VDD,met1-met2,STRIPE,via,160638,138480,162238,138960,1600,via_1600x480
VDD,met3-met4,STRIPE,via,128881,138480,130481,138960,1600,via3_1600x480
VDD,met2-met3,STRIPE,via,128881,138480,130481,138960,1600,via2_1600x480
VDD,met1-met2,STRIPE,via,128881,138480,130481,138960,1600,via_1600x480
VDD,met3-met4,STRIPE,via,101679,138480,103279,138960,1600,via3_1600x480
VDD,met2-met3,STRIPE,via,101679,138480,103279,138960,1600,via2_1600x480
VDD,met1-met2,STRIPE,via,101679,138480,103279,138960,1600,via_1600x480
VDD,met3-met4,STRIPE,via,75405,138480,77005,138960,1600,via3_1600x480
VDD,met2-met3,STRIPE,via,75405,138480,77005,138960,1600,via2_1600x480
VDD,met1-met2,STRIPE,via,75405,138480,77005,138960,1600,via_1600x480
VDD,met3-met4,STRIPE,via,49470,138480,51070,138960,1600,via3_1600x480
VDD,met2-met3,STRIPE,via,49470,138480,51070,138960,1600,via2_1600x480
VDD,met1-met2,STRIPE,via,49470,138480,51070,138960,1600,via_1600x480
VDD,met3-met4,STRIPE,via,22161,138480,23761,138960,1600,via3_1600x480
VDD,met2-met3,STRIPE,via,22161,138480,23761,138960,1600,via2_1600x480
VDD,met1-met2,STRIPE,via,22161,138480,23761,138960,1600,via_1600x480
VDD,met3-met4,STRIPE,via,267218,133040,268818,133520,1600,via3_1600x480
VDD,met2-met3,STRIPE,via,267218,133040,268818,133520,1600,via2_1600x480
VDD,met1-met2,STRIPE,via,267218,133040,268818,133520,1600,via_1600x480
VDD,met3-met4,STRIPE,via,242689,133040,244289,133520,1600,via3_1600x480
VDD,met2-met3,STRIPE,via,242689,133040,244289,133520,1600,via2_1600x480
VDD,met1-met2,STRIPE,via,242689,133040,244289,133520,1600,via_1600x480
VDD,met3-met4,STRIPE,via,210440,133040,212040,133520,1600,via3_1600x480
VDD,met2-met3,STRIPE,via,210440,133040,212040,133520,1600,via2_1600x480
VDD,met1-met2,STRIPE,via,210440,133040,212040,133520,1600,via_1600x480
VDD,met3-met4,STRIPE,via,187214,133040,188814,133520,1600,via3_1600x480
VDD,met2-met3,STRIPE,via,187214,133040,188814,133520,1600,via2_1600x480
VDD,met1-met2,STRIPE,via,187214,133040,188814,133520,1600,via_1600x480
VDD,met3-met4,STRIPE,via,160638,133040,162238,133520,1600,via3_1600x480
VDD,met2-met3,STRIPE,via,160638,133040,162238,133520,1600,via2_1600x480
VDD,met1-met2,STRIPE,via,160638,133040,162238,133520,1600,via_1600x480
VDD,met3-met4,STRIPE,via,128881,133040,130481,133520,1600,via3_1600x480
VDD,met2-met3,STRIPE,via,128881,133040,130481,133520,1600,via2_1600x480
VDD,met1-met2,STRIPE,via,128881,133040,130481,133520,1600,via_1600x480
VDD,met3-met4,STRIPE,via,101679,133040,103279,133520,1600,via3_1600x480
VDD,met2-met3,STRIPE,via,101679,133040,103279,133520,1600,via2_1600x480
VDD,met1-met2,STRIPE,via,101679,133040,103279,133520,1600,via_1600x480
VDD,met3-met4,STRIPE,via,75405,133040,77005,133520,1600,via3_1600x480
VDD,met2-met3,STRIPE,via,75405,133040,77005,133520,1600,via2_1600x480
VDD,met1-met2,STRIPE,via,75405,133040,77005,133520,1600,via_1600x480
VDD,met3-met4,STRIPE,via,49470,133040,51070,133520,1600,via3_1600x480
VDD,met2-met3,STRIPE,via,49470,133040,51070,133520,1600,via2_1600x480
VDD,met1-met2,STRIPE,via,49470,133040,51070,133520,1600,via_1600x480
VDD,met3-met4,STRIPE,via,22161,133040,23761,133520,1600,via3_1600x480
VDD,met2-met3,STRIPE,via,22161,133040,23761,133520,1600,via2_1600x480
VDD,met1-met2,STRIPE,via,22161,133040,23761,133520,1600,via_1600x480
VDD,met3-met4,STRIPE,via,267218,127600,268818,128080,1600,via3_1600x480
VDD,met2-met3,STRIPE,via,267218,127600,268818,128080,1600,via2_1600x480
VDD,met1-met2,STRIPE,via,267218,127600,268818,128080,1600,via_1600x480
VDD,met3-met4,STRIPE,via,242689,127600,244289,128080,1600,via3_1600x480
VDD,met2-met3,STRIPE,via,242689,127600,244289,128080,1600,via2_1600x480
VDD,met1-met2,STRIPE,via,242689,127600,244289,128080,1600,via_1600x480
VDD,met3-met4,STRIPE,via,210440,127600,212040,128080,1600,via3_1600x480
VDD,met2-met3,STRIPE,via,210440,127600,212040,128080,1600,via2_1600x480
VDD,met1-met2,STRIPE,via,210440,127600,212040,128080,1600,via_1600x480
VDD,met3-met4,STRIPE,via,187214,127600,188814,128080,1600,via3_1600x480
VDD,met2-met3,STRIPE,via,187214,127600,188814,128080,1600,via2_1600x480
VDD,met1-met2,STRIPE,via,187214,127600,188814,128080,1600,via_1600x480
VDD,met3-met4,STRIPE,via,160638,127600,162238,128080,1600,via3_1600x480
VDD,met2-met3,STRIPE,via,160638,127600,162238,128080,1600,via2_1600x480
VDD,met1-met2,STRIPE,via,160638,127600,162238,128080,1600,via_1600x480
VDD,met3-met4,STRIPE,via,128881,127600,130481,128080,1600,via3_1600x480
VDD,met2-met3,STRIPE,via,128881,127600,130481,128080,1600,via2_1600x480
VDD,met1-met2,STRIPE,via,128881,127600,130481,128080,1600,via_1600x480
VDD,met3-met4,STRIPE,via,101679,127600,103279,128080,1600,via3_1600x480
VDD,met2-met3,STRIPE,via,101679,127600,103279,128080,1600,via2_1600x480
VDD,met1-met2,STRIPE,via,101679,127600,103279,128080,1600,via_1600x480
VDD,met3-met4,STRIPE,via,75405,127600,77005,128080,1600,via3_1600x480
VDD,met2-met3,STRIPE,via,75405,127600,77005,128080,1600,via2_1600x480
VDD,met1-met2,STRIPE,via,75405,127600,77005,128080,1600,via_1600x480
VDD,met3-met4,STRIPE,via,49470,127600,51070,128080,1600,via3_1600x480
VDD,met2-met3,STRIPE,via,49470,127600,51070,128080,1600,via2_1600x480
VDD,met1-met2,STRIPE,via,49470,127600,51070,128080,1600,via_1600x480
VDD,met3-met4,STRIPE,via,22161,127600,23761,128080,1600,via3_1600x480
VDD,met2-met3,STRIPE,via,22161,127600,23761,128080,1600,via2_1600x480
VDD,met1-met2,STRIPE,via,22161,127600,23761,128080,1600,via_1600x480
VDD,met3-met4,STRIPE,via,267218,122160,268818,122640,1600,via3_1600x480
VDD,met2-met3,STRIPE,via,267218,122160,268818,122640,1600,via2_1600x480
VDD,met1-met2,STRIPE,via,267218,122160,268818,122640,1600,via_1600x480
VDD,met3-met4,STRIPE,via,242689,122160,244289,122640,1600,via3_1600x480
VDD,met2-met3,STRIPE,via,242689,122160,244289,122640,1600,via2_1600x480
VDD,met1-met2,STRIPE,via,242689,122160,244289,122640,1600,via_1600x480
VDD,met3-met4,STRIPE,via,210440,122160,212040,122640,1600,via3_1600x480
VDD,met2-met3,STRIPE,via,210440,122160,212040,122640,1600,via2_1600x480
VDD,met1-met2,STRIPE,via,210440,122160,212040,122640,1600,via_1600x480
VDD,met3-met4,STRIPE,via,187214,122160,188814,122640,1600,via3_1600x480
VDD,met2-met3,STRIPE,via,187214,122160,188814,122640,1600,via2_1600x480
VDD,met1-met2,STRIPE,via,187214,122160,188814,122640,1600,via_1600x480
VDD,met3-met4,STRIPE,via,160638,122160,162238,122640,1600,via3_1600x480
VDD,met2-met3,STRIPE,via,160638,122160,162238,122640,1600,via2_1600x480
VDD,met1-met2,STRIPE,via,160638,122160,162238,122640,1600,via_1600x480
VDD,met3-met4,STRIPE,via,128881,122160,130481,122640,1600,via3_1600x480
VDD,met2-met3,STRIPE,via,128881,122160,130481,122640,1600,via2_1600x480
VDD,met1-met2,STRIPE,via,128881,122160,130481,122640,1600,via_1600x480
VDD,met3-met4,STRIPE,via,101679,122160,103279,122640,1600,via3_1600x480
VDD,met2-met3,STRIPE,via,101679,122160,103279,122640,1600,via2_1600x480
VDD,met1-met2,STRIPE,via,101679,122160,103279,122640,1600,via_1600x480
VDD,met3-met4,STRIPE,via,75405,122160,77005,122640,1600,via3_1600x480
VDD,met2-met3,STRIPE,via,75405,122160,77005,122640,1600,via2_1600x480
VDD,met1-met2,STRIPE,via,75405,122160,77005,122640,1600,via_1600x480
VDD,met3-met4,STRIPE,via,49470,122160,51070,122640,1600,via3_1600x480
VDD,met2-met3,STRIPE,via,49470,122160,51070,122640,1600,via2_1600x480
VDD,met1-met2,STRIPE,via,49470,122160,51070,122640,1600,via_1600x480
VDD,met3-met4,STRIPE,via,22161,122160,23761,122640,1600,via3_1600x480
VDD,met2-met3,STRIPE,via,22161,122160,23761,122640,1600,via2_1600x480
VDD,met1-met2,STRIPE,via,22161,122160,23761,122640,1600,via_1600x480
VDD,met3-met4,STRIPE,via,267218,116720,268818,117200,1600,via3_1600x480
VDD,met2-met3,STRIPE,via,267218,116720,268818,117200,1600,via2_1600x480
VDD,met1-met2,STRIPE,via,267218,116720,268818,117200,1600,via_1600x480
VDD,met3-met4,STRIPE,via,242689,116720,244289,117200,1600,via3_1600x480
VDD,met2-met3,STRIPE,via,242689,116720,244289,117200,1600,via2_1600x480
VDD,met1-met2,STRIPE,via,242689,116720,244289,117200,1600,via_1600x480
VDD,met3-met4,STRIPE,via,210440,116720,212040,117200,1600,via3_1600x480
VDD,met2-met3,STRIPE,via,210440,116720,212040,117200,1600,via2_1600x480
VDD,met1-met2,STRIPE,via,210440,116720,212040,117200,1600,via_1600x480
VDD,met3-met4,STRIPE,via,187214,116720,188814,117200,1600,via3_1600x480
VDD,met2-met3,STRIPE,via,187214,116720,188814,117200,1600,via2_1600x480
VDD,met1-met2,STRIPE,via,187214,116720,188814,117200,1600,via_1600x480
VDD,met3-met4,STRIPE,via,160638,116720,162238,117200,1600,via3_1600x480
VDD,met2-met3,STRIPE,via,160638,116720,162238,117200,1600,via2_1600x480
VDD,met1-met2,STRIPE,via,160638,116720,162238,117200,1600,via_1600x480
VDD,met3-met4,STRIPE,via,128881,116720,130481,117200,1600,via3_1600x480
VDD,met2-met3,STRIPE,via,128881,116720,130481,117200,1600,via2_1600x480
VDD,met1-met2,STRIPE,via,128881,116720,130481,117200,1600,via_1600x480
VDD,met3-met4,STRIPE,via,101679,116720,103279,117200,1600,via3_1600x480
VDD,met2-met3,STRIPE,via,101679,116720,103279,117200,1600,via2_1600x480
VDD,met1-met2,STRIPE,via,101679,116720,103279,117200,1600,via_1600x480
VDD,met3-met4,STRIPE,via,75405,116720,77005,117200,1600,via3_1600x480
VDD,met2-met3,STRIPE,via,75405,116720,77005,117200,1600,via2_1600x480
VDD,met1-met2,STRIPE,via,75405,116720,77005,117200,1600,via_1600x480
VDD,met3-met4,STRIPE,via,49470,116720,51070,117200,1600,via3_1600x480
VDD,met2-met3,STRIPE,via,49470,116720,51070,117200,1600,via2_1600x480
VDD,met1-met2,STRIPE,via,49470,116720,51070,117200,1600,via_1600x480
VDD,met3-met4,STRIPE,via,22161,116720,23761,117200,1600,via3_1600x480
VDD,met2-met3,STRIPE,via,22161,116720,23761,117200,1600,via2_1600x480
VDD,met1-met2,STRIPE,via,22161,116720,23761,117200,1600,via_1600x480
VDD,met3-met4,STRIPE,via,267218,111280,268818,111760,1600,via3_1600x480
VDD,met2-met3,STRIPE,via,267218,111280,268818,111760,1600,via2_1600x480
VDD,met1-met2,STRIPE,via,267218,111280,268818,111760,1600,via_1600x480
VDD,met3-met4,STRIPE,via,242689,111280,244289,111760,1600,via3_1600x480
VDD,met2-met3,STRIPE,via,242689,111280,244289,111760,1600,via2_1600x480
VDD,met1-met2,STRIPE,via,242689,111280,244289,111760,1600,via_1600x480
VDD,met3-met4,STRIPE,via,210440,111280,212040,111760,1600,via3_1600x480
VDD,met2-met3,STRIPE,via,210440,111280,212040,111760,1600,via2_1600x480
VDD,met1-met2,STRIPE,via,210440,111280,212040,111760,1600,via_1600x480
VDD,met3-met4,STRIPE,via,187214,111280,188814,111760,1600,via3_1600x480
VDD,met2-met3,STRIPE,via,187214,111280,188814,111760,1600,via2_1600x480
VDD,met1-met2,STRIPE,via,187214,111280,188814,111760,1600,via_1600x480
VDD,met3-met4,STRIPE,via,160638,111280,162238,111760,1600,via3_1600x480
VDD,met2-met3,STRIPE,via,160638,111280,162238,111760,1600,via2_1600x480
VDD,met1-met2,STRIPE,via,160638,111280,162238,111760,1600,via_1600x480
VDD,met3-met4,STRIPE,via,128881,111280,130481,111760,1600,via3_1600x480
VDD,met2-met3,STRIPE,via,128881,111280,130481,111760,1600,via2_1600x480
VDD,met1-met2,STRIPE,via,128881,111280,130481,111760,1600,via_1600x480
VDD,met3-met4,STRIPE,via,101679,111280,103279,111760,1600,via3_1600x480
VDD,met2-met3,STRIPE,via,101679,111280,103279,111760,1600,via2_1600x480
VDD,met1-met2,STRIPE,via,101679,111280,103279,111760,1600,via_1600x480
VDD,met3-met4,STRIPE,via,75405,111280,77005,111760,1600,via3_1600x480
VDD,met2-met3,STRIPE,via,75405,111280,77005,111760,1600,via2_1600x480
VDD,met1-met2,STRIPE,via,75405,111280,77005,111760,1600,via_1600x480
VDD,met3-met4,STRIPE,via,49470,111280,51070,111760,1600,via3_1600x480
VDD,met2-met3,STRIPE,via,49470,111280,51070,111760,1600,via2_1600x480
VDD,met1-met2,STRIPE,via,49470,111280,51070,111760,1600,via_1600x480
VDD,met3-met4,STRIPE,via,22161,111280,23761,111760,1600,via3_1600x480
VDD,met2-met3,STRIPE,via,22161,111280,23761,111760,1600,via2_1600x480
VDD,met1-met2,STRIPE,via,22161,111280,23761,111760,1600,via_1600x480
VDD,met3-met4,STRIPE,via,267218,105840,268818,106320,1600,via3_1600x480
VDD,met2-met3,STRIPE,via,267218,105840,268818,106320,1600,via2_1600x480
VDD,met1-met2,STRIPE,via,267218,105840,268818,106320,1600,via_1600x480
VDD,met3-met4,STRIPE,via,242689,105840,244289,106320,1600,via3_1600x480
VDD,met2-met3,STRIPE,via,242689,105840,244289,106320,1600,via2_1600x480
VDD,met1-met2,STRIPE,via,242689,105840,244289,106320,1600,via_1600x480
VDD,met3-met4,STRIPE,via,210440,105840,212040,106320,1600,via3_1600x480
VDD,met2-met3,STRIPE,via,210440,105840,212040,106320,1600,via2_1600x480
VDD,met1-met2,STRIPE,via,210440,105840,212040,106320,1600,via_1600x480
VDD,met3-met4,STRIPE,via,187214,105840,188814,106320,1600,via3_1600x480
VDD,met2-met3,STRIPE,via,187214,105840,188814,106320,1600,via2_1600x480
VDD,met1-met2,STRIPE,via,187214,105840,188814,106320,1600,via_1600x480
VDD,met3-met4,STRIPE,via,160638,105840,162238,106320,1600,via3_1600x480
VDD,met2-met3,STRIPE,via,160638,105840,162238,106320,1600,via2_1600x480
VDD,met1-met2,STRIPE,via,160638,105840,162238,106320,1600,via_1600x480
VDD,met3-met4,STRIPE,via,128881,105840,130481,106320,1600,via3_1600x480
VDD,met2-met3,STRIPE,via,128881,105840,130481,106320,1600,via2_1600x480
VDD,met1-met2,STRIPE,via,128881,105840,130481,106320,1600,via_1600x480
VDD,met3-met4,STRIPE,via,101679,105840,103279,106320,1600,via3_1600x480
VDD,met2-met3,STRIPE,via,101679,105840,103279,106320,1600,via2_1600x480
VDD,met1-met2,STRIPE,via,101679,105840,103279,106320,1600,via_1600x480
VDD,met3-met4,STRIPE,via,75405,105840,77005,106320,1600,via3_1600x480
VDD,met2-met3,STRIPE,via,75405,105840,77005,106320,1600,via2_1600x480
VDD,met1-met2,STRIPE,via,75405,105840,77005,106320,1600,via_1600x480
VDD,met3-met4,STRIPE,via,49470,105840,51070,106320,1600,via3_1600x480
VDD,met2-met3,STRIPE,via,49470,105840,51070,106320,1600,via2_1600x480
VDD,met1-met2,STRIPE,via,49470,105840,51070,106320,1600,via_1600x480
VDD,met3-met4,STRIPE,via,22161,105840,23761,106320,1600,via3_1600x480
VDD,met2-met3,STRIPE,via,22161,105840,23761,106320,1600,via2_1600x480
VDD,met1-met2,STRIPE,via,22161,105840,23761,106320,1600,via_1600x480
VDD,met3-met4,STRIPE,via,267218,100400,268818,100880,1600,via3_1600x480
VDD,met2-met3,STRIPE,via,267218,100400,268818,100880,1600,via2_1600x480
VDD,met1-met2,STRIPE,via,267218,100400,268818,100880,1600,via_1600x480
VDD,met3-met4,STRIPE,via,242689,100400,244289,100880,1600,via3_1600x480
VDD,met2-met3,STRIPE,via,242689,100400,244289,100880,1600,via2_1600x480
VDD,met1-met2,STRIPE,via,242689,100400,244289,100880,1600,via_1600x480
VDD,met3-met4,STRIPE,via,210440,100400,212040,100880,1600,via3_1600x480
VDD,met2-met3,STRIPE,via,210440,100400,212040,100880,1600,via2_1600x480
VDD,met1-met2,STRIPE,via,210440,100400,212040,100880,1600,via_1600x480
VDD,met3-met4,STRIPE,via,187214,100400,188814,100880,1600,via3_1600x480
VDD,met2-met3,STRIPE,via,187214,100400,188814,100880,1600,via2_1600x480
VDD,met1-met2,STRIPE,via,187214,100400,188814,100880,1600,via_1600x480
VDD,met3-met4,STRIPE,via,160638,100400,162238,100880,1600,via3_1600x480
VDD,met2-met3,STRIPE,via,160638,100400,162238,100880,1600,via2_1600x480
VDD,met1-met2,STRIPE,via,160638,100400,162238,100880,1600,via_1600x480
VDD,met3-met4,STRIPE,via,128881,100400,130481,100880,1600,via3_1600x480
VDD,met2-met3,STRIPE,via,128881,100400,130481,100880,1600,via2_1600x480
VDD,met1-met2,STRIPE,via,128881,100400,130481,100880,1600,via_1600x480
VDD,met3-met4,STRIPE,via,101679,100400,103279,100880,1600,via3_1600x480
VDD,met2-met3,STRIPE,via,101679,100400,103279,100880,1600,via2_1600x480
VDD,met1-met2,STRIPE,via,101679,100400,103279,100880,1600,via_1600x480
VDD,met3-met4,STRIPE,via,75405,100400,77005,100880,1600,via3_1600x480
VDD,met2-met3,STRIPE,via,75405,100400,77005,100880,1600,via2_1600x480
VDD,met1-met2,STRIPE,via,75405,100400,77005,100880,1600,via_1600x480
VDD,met3-met4,STRIPE,via,49470,100400,51070,100880,1600,via3_1600x480
VDD,met2-met3,STRIPE,via,49470,100400,51070,100880,1600,via2_1600x480
VDD,met1-met2,STRIPE,via,49470,100400,51070,100880,1600,via_1600x480
VDD,met3-met4,STRIPE,via,22161,100400,23761,100880,1600,via3_1600x480
VDD,met2-met3,STRIPE,via,22161,100400,23761,100880,1600,via2_1600x480
VDD,met1-met2,STRIPE,via,22161,100400,23761,100880,1600,via_1600x480
VDD,met3-met4,STRIPE,via,267218,94960,268818,95440,1600,via3_1600x480
VDD,met2-met3,STRIPE,via,267218,94960,268818,95440,1600,via2_1600x480
VDD,met1-met2,STRIPE,via,267218,94960,268818,95440,1600,via_1600x480
VDD,met3-met4,STRIPE,via,242689,94960,244289,95440,1600,via3_1600x480
VDD,met2-met3,STRIPE,via,242689,94960,244289,95440,1600,via2_1600x480
VDD,met1-met2,STRIPE,via,242689,94960,244289,95440,1600,via_1600x480
VDD,met3-met4,STRIPE,via,210440,94960,212040,95440,1600,via3_1600x480
VDD,met2-met3,STRIPE,via,210440,94960,212040,95440,1600,via2_1600x480
VDD,met1-met2,STRIPE,via,210440,94960,212040,95440,1600,via_1600x480
VDD,met3-met4,STRIPE,via,187214,94960,188814,95440,1600,via3_1600x480
VDD,met2-met3,STRIPE,via,187214,94960,188814,95440,1600,via2_1600x480
VDD,met1-met2,STRIPE,via,187214,94960,188814,95440,1600,via_1600x480
VDD,met3-met4,STRIPE,via,160638,94960,162238,95440,1600,via3_1600x480
VDD,met2-met3,STRIPE,via,160638,94960,162238,95440,1600,via2_1600x480
VDD,met1-met2,STRIPE,via,160638,94960,162238,95440,1600,via_1600x480
VDD,met3-met4,STRIPE,via,128881,94960,130481,95440,1600,via3_1600x480
VDD,met2-met3,STRIPE,via,128881,94960,130481,95440,1600,via2_1600x480
VDD,met1-met2,STRIPE,via,128881,94960,130481,95440,1600,via_1600x480
VDD,met3-met4,STRIPE,via,101679,94960,103279,95440,1600,via3_1600x480
VDD,met2-met3,STRIPE,via,101679,94960,103279,95440,1600,via2_1600x480
VDD,met1-met2,STRIPE,via,101679,94960,103279,95440,1600,via_1600x480
VDD,met3-met4,STRIPE,via,75405,94960,77005,95440,1600,via3_1600x480
VDD,met2-met3,STRIPE,via,75405,94960,77005,95440,1600,via2_1600x480
VDD,met1-met2,STRIPE,via,75405,94960,77005,95440,1600,via_1600x480
VDD,met3-met4,STRIPE,via,49470,94960,51070,95440,1600,via3_1600x480
VDD,met2-met3,STRIPE,via,49470,94960,51070,95440,1600,via2_1600x480
VDD,met1-met2,STRIPE,via,49470,94960,51070,95440,1600,via_1600x480
VDD,met3-met4,STRIPE,via,22161,94960,23761,95440,1600,via3_1600x480
VDD,met2-met3,STRIPE,via,22161,94960,23761,95440,1600,via2_1600x480
VDD,met1-met2,STRIPE,via,22161,94960,23761,95440,1600,via_1600x480
VDD,met3-met4,STRIPE,via,267218,89520,268818,90000,1600,via3_1600x480
VDD,met2-met3,STRIPE,via,267218,89520,268818,90000,1600,via2_1600x480
VDD,met1-met2,STRIPE,via,267218,89520,268818,90000,1600,via_1600x480
VDD,met3-met4,STRIPE,via,242689,89520,244289,90000,1600,via3_1600x480
VDD,met2-met3,STRIPE,via,242689,89520,244289,90000,1600,via2_1600x480
VDD,met1-met2,STRIPE,via,242689,89520,244289,90000,1600,via_1600x480
VDD,met3-met4,STRIPE,via,210440,89520,212040,90000,1600,via3_1600x480
VDD,met2-met3,STRIPE,via,210440,89520,212040,90000,1600,via2_1600x480
VDD,met1-met2,STRIPE,via,210440,89520,212040,90000,1600,via_1600x480
VDD,met3-met4,STRIPE,via,187214,89520,188814,90000,1600,via3_1600x480
VDD,met2-met3,STRIPE,via,187214,89520,188814,90000,1600,via2_1600x480
VDD,met1-met2,STRIPE,via,187214,89520,188814,90000,1600,via_1600x480
VDD,met3-met4,STRIPE,via,160638,89520,162238,90000,1600,via3_1600x480
VDD,met2-met3,STRIPE,via,160638,89520,162238,90000,1600,via2_1600x480
VDD,met1-met2,STRIPE,via,160638,89520,162238,90000,1600,via_1600x480
VDD,met3-met4,STRIPE,via,128881,89520,130481,90000,1600,via3_1600x480
VDD,met2-met3,STRIPE,via,128881,89520,130481,90000,1600,via2_1600x480
VDD,met1-met2,STRIPE,via,128881,89520,130481,90000,1600,via_1600x480
VDD,met3-met4,STRIPE,via,101679,89520,103279,90000,1600,via3_1600x480
VDD,met2-met3,STRIPE,via,101679,89520,103279,90000,1600,via2_1600x480
VDD,met1-met2,STRIPE,via,101679,89520,103279,90000,1600,via_1600x480
VDD,met3-met4,STRIPE,via,75405,89520,77005,90000,1600,via3_1600x480
VDD,met2-met3,STRIPE,via,75405,89520,77005,90000,1600,via2_1600x480
VDD,met1-met2,STRIPE,via,75405,89520,77005,90000,1600,via_1600x480
VDD,met3-met4,STRIPE,via,49470,89520,51070,90000,1600,via3_1600x480
VDD,met2-met3,STRIPE,via,49470,89520,51070,90000,1600,via2_1600x480
VDD,met1-met2,STRIPE,via,49470,89520,51070,90000,1600,via_1600x480
VDD,met3-met4,STRIPE,via,22161,89520,23761,90000,1600,via3_1600x480
VDD,met2-met3,STRIPE,via,22161,89520,23761,90000,1600,via2_1600x480
VDD,met1-met2,STRIPE,via,22161,89520,23761,90000,1600,via_1600x480
VDD,met3-met4,STRIPE,via,267218,84080,268818,84560,1600,via3_1600x480
VDD,met2-met3,STRIPE,via,267218,84080,268818,84560,1600,via2_1600x480
VDD,met1-met2,STRIPE,via,267218,84080,268818,84560,1600,via_1600x480
VDD,met3-met4,STRIPE,via,242689,84080,244289,84560,1600,via3_1600x480
VDD,met2-met3,STRIPE,via,242689,84080,244289,84560,1600,via2_1600x480
VDD,met1-met2,STRIPE,via,242689,84080,244289,84560,1600,via_1600x480
VDD,met3-met4,STRIPE,via,210440,84080,212040,84560,1600,via3_1600x480
VDD,met2-met3,STRIPE,via,210440,84080,212040,84560,1600,via2_1600x480
VDD,met1-met2,STRIPE,via,210440,84080,212040,84560,1600,via_1600x480
VDD,met3-met4,STRIPE,via,187214,84080,188814,84560,1600,via3_1600x480
VDD,met2-met3,STRIPE,via,187214,84080,188814,84560,1600,via2_1600x480
VDD,met1-met2,STRIPE,via,187214,84080,188814,84560,1600,via_1600x480
VDD,met3-met4,STRIPE,via,160638,84080,162238,84560,1600,via3_1600x480
VDD,met2-met3,STRIPE,via,160638,84080,162238,84560,1600,via2_1600x480
VDD,met1-met2,STRIPE,via,160638,84080,162238,84560,1600,via_1600x480
VDD,met3-met4,STRIPE,via,128881,84080,130481,84560,1600,via3_1600x480
VDD,met2-met3,STRIPE,via,128881,84080,130481,84560,1600,via2_1600x480
VDD,met1-met2,STRIPE,via,128881,84080,130481,84560,1600,via_1600x480
VDD,met3-met4,STRIPE,via,101679,84080,103279,84560,1600,via3_1600x480
VDD,met2-met3,STRIPE,via,101679,84080,103279,84560,1600,via2_1600x480
VDD,met1-met2,STRIPE,via,101679,84080,103279,84560,1600,via_1600x480
VDD,met3-met4,STRIPE,via,75405,84080,77005,84560,1600,via3_1600x480
VDD,met2-met3,STRIPE,via,75405,84080,77005,84560,1600,via2_1600x480
VDD,met1-met2,STRIPE,via,75405,84080,77005,84560,1600,via_1600x480
VDD,met3-met4,STRIPE,via,49470,84080,51070,84560,1600,via3_1600x480
VDD,met2-met3,STRIPE,via,49470,84080,51070,84560,1600,via2_1600x480
VDD,met1-met2,STRIPE,via,49470,84080,51070,84560,1600,via_1600x480
VDD,met3-met4,STRIPE,via,22161,84080,23761,84560,1600,via3_1600x480
VDD,met2-met3,STRIPE,via,22161,84080,23761,84560,1600,via2_1600x480
VDD,met1-met2,STRIPE,via,22161,84080,23761,84560,1600,via_1600x480
VDD,met3-met4,STRIPE,via,267218,78640,268818,79120,1600,via3_1600x480
VDD,met2-met3,STRIPE,via,267218,78640,268818,79120,1600,via2_1600x480
VDD,met1-met2,STRIPE,via,267218,78640,268818,79120,1600,via_1600x480
VDD,met3-met4,STRIPE,via,242689,78640,244289,79120,1600,via3_1600x480
VDD,met2-met3,STRIPE,via,242689,78640,244289,79120,1600,via2_1600x480
VDD,met1-met2,STRIPE,via,242689,78640,244289,79120,1600,via_1600x480
VDD,met3-met4,STRIPE,via,210440,78640,212040,79120,1600,via3_1600x480
VDD,met2-met3,STRIPE,via,210440,78640,212040,79120,1600,via2_1600x480
VDD,met1-met2,STRIPE,via,210440,78640,212040,79120,1600,via_1600x480
VDD,met3-met4,STRIPE,via,187214,78640,188814,79120,1600,via3_1600x480
VDD,met2-met3,STRIPE,via,187214,78640,188814,79120,1600,via2_1600x480
VDD,met1-met2,STRIPE,via,187214,78640,188814,79120,1600,via_1600x480
VDD,met3-met4,STRIPE,via,160638,78640,162238,79120,1600,via3_1600x480
VDD,met2-met3,STRIPE,via,160638,78640,162238,79120,1600,via2_1600x480
VDD,met1-met2,STRIPE,via,160638,78640,162238,79120,1600,via_1600x480
VDD,met3-met4,STRIPE,via,128881,78640,130481,79120,1600,via3_1600x480
VDD,met2-met3,STRIPE,via,128881,78640,130481,79120,1600,via2_1600x480
VDD,met1-met2,STRIPE,via,128881,78640,130481,79120,1600,via_1600x480
VDD,met3-met4,STRIPE,via,101679,78640,103279,79120,1600,via3_1600x480
VDD,met2-met3,STRIPE,via,101679,78640,103279,79120,1600,via2_1600x480
VDD,met1-met2,STRIPE,via,101679,78640,103279,79120,1600,via_1600x480
VDD,met3-met4,STRIPE,via,75405,78640,77005,79120,1600,via3_1600x480
VDD,met2-met3,STRIPE,via,75405,78640,77005,79120,1600,via2_1600x480
VDD,met1-met2,STRIPE,via,75405,78640,77005,79120,1600,via_1600x480
VDD,met3-met4,STRIPE,via,49470,78640,51070,79120,1600,via3_1600x480
VDD,met2-met3,STRIPE,via,49470,78640,51070,79120,1600,via2_1600x480
VDD,met1-met2,STRIPE,via,49470,78640,51070,79120,1600,via_1600x480
VDD,met3-met4,STRIPE,via,22161,78640,23761,79120,1600,via3_1600x480
VDD,met2-met3,STRIPE,via,22161,78640,23761,79120,1600,via2_1600x480
VDD,met1-met2,STRIPE,via,22161,78640,23761,79120,1600,via_1600x480
VDD,met3-met4,STRIPE,via,267218,73200,268818,73680,1600,via3_1600x480
VDD,met2-met3,STRIPE,via,267218,73200,268818,73680,1600,via2_1600x480
VDD,met1-met2,STRIPE,via,267218,73200,268818,73680,1600,via_1600x480
VDD,met3-met4,STRIPE,via,242689,73200,244289,73680,1600,via3_1600x480
VDD,met2-met3,STRIPE,via,242689,73200,244289,73680,1600,via2_1600x480
VDD,met1-met2,STRIPE,via,242689,73200,244289,73680,1600,via_1600x480
VDD,met3-met4,STRIPE,via,210440,73200,212040,73680,1600,via3_1600x480
VDD,met2-met3,STRIPE,via,210440,73200,212040,73680,1600,via2_1600x480
VDD,met1-met2,STRIPE,via,210440,73200,212040,73680,1600,via_1600x480
VDD,met3-met4,STRIPE,via,187214,73200,188814,73680,1600,via3_1600x480
VDD,met2-met3,STRIPE,via,187214,73200,188814,73680,1600,via2_1600x480
VDD,met1-met2,STRIPE,via,187214,73200,188814,73680,1600,via_1600x480
VDD,met3-met4,STRIPE,via,160638,73200,162238,73680,1600,via3_1600x480
VDD,met2-met3,STRIPE,via,160638,73200,162238,73680,1600,via2_1600x480
VDD,met1-met2,STRIPE,via,160638,73200,162238,73680,1600,via_1600x480
VDD,met3-met4,STRIPE,via,128881,73200,130481,73680,1600,via3_1600x480
VDD,met2-met3,STRIPE,via,128881,73200,130481,73680,1600,via2_1600x480
VDD,met1-met2,STRIPE,via,128881,73200,130481,73680,1600,via_1600x480
VDD,met3-met4,STRIPE,via,101679,73200,103279,73680,1600,via3_1600x480
VDD,met2-met3,STRIPE,via,101679,73200,103279,73680,1600,via2_1600x480
VDD,met1-met2,STRIPE,via,101679,73200,103279,73680,1600,via_1600x480
VDD,met3-met4,STRIPE,via,75405,73200,77005,73680,1600,via3_1600x480
VDD,met2-met3,STRIPE,via,75405,73200,77005,73680,1600,via2_1600x480
VDD,met1-met2,STRIPE,via,75405,73200,77005,73680,1600,via_1600x480
VDD,met3-met4,STRIPE,via,49470,73200,51070,73680,1600,via3_1600x480
VDD,met2-met3,STRIPE,via,49470,73200,51070,73680,1600,via2_1600x480
VDD,met1-met2,STRIPE,via,49470,73200,51070,73680,1600,via_1600x480
VDD,met3-met4,STRIPE,via,22161,73200,23761,73680,1600,via3_1600x480
VDD,met2-met3,STRIPE,via,22161,73200,23761,73680,1600,via2_1600x480
VDD,met1-met2,STRIPE,via,22161,73200,23761,73680,1600,via_1600x480
VDD,met3-met4,STRIPE,via,267218,67760,268818,68240,1600,via3_1600x480
VDD,met2-met3,STRIPE,via,267218,67760,268818,68240,1600,via2_1600x480
VDD,met1-met2,STRIPE,via,267218,67760,268818,68240,1600,via_1600x480
VDD,met3-met4,STRIPE,via,242689,67760,244289,68240,1600,via3_1600x480
VDD,met2-met3,STRIPE,via,242689,67760,244289,68240,1600,via2_1600x480
VDD,met1-met2,STRIPE,via,242689,67760,244289,68240,1600,via_1600x480
VDD,met3-met4,STRIPE,via,210440,67760,212040,68240,1600,via3_1600x480
VDD,met2-met3,STRIPE,via,210440,67760,212040,68240,1600,via2_1600x480
VDD,met1-met2,STRIPE,via,210440,67760,212040,68240,1600,via_1600x480
VDD,met3-met4,STRIPE,via,187214,67760,188814,68240,1600,via3_1600x480
VDD,met2-met3,STRIPE,via,187214,67760,188814,68240,1600,via2_1600x480
VDD,met1-met2,STRIPE,via,187214,67760,188814,68240,1600,via_1600x480
VDD,met3-met4,STRIPE,via,160638,67760,162238,68240,1600,via3_1600x480
VDD,met2-met3,STRIPE,via,160638,67760,162238,68240,1600,via2_1600x480
VDD,met1-met2,STRIPE,via,160638,67760,162238,68240,1600,via_1600x480
VDD,met3-met4,STRIPE,via,128881,67760,130481,68240,1600,via3_1600x480
VDD,met2-met3,STRIPE,via,128881,67760,130481,68240,1600,via2_1600x480
VDD,met1-met2,STRIPE,via,128881,67760,130481,68240,1600,via_1600x480
VDD,met3-met4,STRIPE,via,101679,67760,103279,68240,1600,via3_1600x480
VDD,met2-met3,STRIPE,via,101679,67760,103279,68240,1600,via2_1600x480
VDD,met1-met2,STRIPE,via,101679,67760,103279,68240,1600,via_1600x480
VDD,met3-met4,STRIPE,via,75405,67760,77005,68240,1600,via3_1600x480
VDD,met2-met3,STRIPE,via,75405,67760,77005,68240,1600,via2_1600x480
VDD,met1-met2,STRIPE,via,75405,67760,77005,68240,1600,via_1600x480
VDD,met3-met4,STRIPE,via,49470,67760,51070,68240,1600,via3_1600x480
VDD,met2-met3,STRIPE,via,49470,67760,51070,68240,1600,via2_1600x480
VDD,met1-met2,STRIPE,via,49470,67760,51070,68240,1600,via_1600x480
VDD,met3-met4,STRIPE,via,22161,67760,23761,68240,1600,via3_1600x480
VDD,met2-met3,STRIPE,via,22161,67760,23761,68240,1600,via2_1600x480
VDD,met1-met2,STRIPE,via,22161,67760,23761,68240,1600,via_1600x480
VDD,met3-met4,STRIPE,via,267218,62320,268818,62800,1600,via3_1600x480
VDD,met2-met3,STRIPE,via,267218,62320,268818,62800,1600,via2_1600x480
VDD,met1-met2,STRIPE,via,267218,62320,268818,62800,1600,via_1600x480
VDD,met3-met4,STRIPE,via,242689,62320,244289,62800,1600,via3_1600x480
VDD,met2-met3,STRIPE,via,242689,62320,244289,62800,1600,via2_1600x480
VDD,met1-met2,STRIPE,via,242689,62320,244289,62800,1600,via_1600x480
VDD,met3-met4,STRIPE,via,210440,62320,212040,62800,1600,via3_1600x480
VDD,met2-met3,STRIPE,via,210440,62320,212040,62800,1600,via2_1600x480
VDD,met1-met2,STRIPE,via,210440,62320,212040,62800,1600,via_1600x480
VDD,met3-met4,STRIPE,via,187214,62320,188814,62800,1600,via3_1600x480
VDD,met2-met3,STRIPE,via,187214,62320,188814,62800,1600,via2_1600x480
VDD,met1-met2,STRIPE,via,187214,62320,188814,62800,1600,via_1600x480
VDD,met3-met4,STRIPE,via,160638,62320,162238,62800,1600,via3_1600x480
VDD,met2-met3,STRIPE,via,160638,62320,162238,62800,1600,via2_1600x480
VDD,met1-met2,STRIPE,via,160638,62320,162238,62800,1600,via_1600x480
VDD,met3-met4,STRIPE,via,128881,62320,130481,62800,1600,via3_1600x480
VDD,met2-met3,STRIPE,via,128881,62320,130481,62800,1600,via2_1600x480
VDD,met1-met2,STRIPE,via,128881,62320,130481,62800,1600,via_1600x480
VDD,met3-met4,STRIPE,via,101679,62320,103279,62800,1600,via3_1600x480
VDD,met2-met3,STRIPE,via,101679,62320,103279,62800,1600,via2_1600x480
VDD,met1-met2,STRIPE,via,101679,62320,103279,62800,1600,via_1600x480
VDD,met3-met4,STRIPE,via,75405,62320,77005,62800,1600,via3_1600x480
VDD,met2-met3,STRIPE,via,75405,62320,77005,62800,1600,via2_1600x480
VDD,met1-met2,STRIPE,via,75405,62320,77005,62800,1600,via_1600x480
VDD,met3-met4,STRIPE,via,49470,62320,51070,62800,1600,via3_1600x480
VDD,met2-met3,STRIPE,via,49470,62320,51070,62800,1600,via2_1600x480
VDD,met1-met2,STRIPE,via,49470,62320,51070,62800,1600,via_1600x480
VDD,met3-met4,STRIPE,via,22161,62320,23761,62800,1600,via3_1600x480
VDD,met2-met3,STRIPE,via,22161,62320,23761,62800,1600,via2_1600x480
VDD,met1-met2,STRIPE,via,22161,62320,23761,62800,1600,via_1600x480
VDD,met3-met4,STRIPE,via,267218,56880,268818,57360,1600,via3_1600x480
VDD,met2-met3,STRIPE,via,267218,56880,268818,57360,1600,via2_1600x480
VDD,met1-met2,STRIPE,via,267218,56880,268818,57360,1600,via_1600x480
VDD,met3-met4,STRIPE,via,242689,56880,244289,57360,1600,via3_1600x480
VDD,met2-met3,STRIPE,via,242689,56880,244289,57360,1600,via2_1600x480
VDD,met1-met2,STRIPE,via,242689,56880,244289,57360,1600,via_1600x480
VDD,met3-met4,STRIPE,via,210440,56880,212040,57360,1600,via3_1600x480
VDD,met2-met3,STRIPE,via,210440,56880,212040,57360,1600,via2_1600x480
VDD,met1-met2,STRIPE,via,210440,56880,212040,57360,1600,via_1600x480
VDD,met3-met4,STRIPE,via,187214,56880,188814,57360,1600,via3_1600x480
VDD,met2-met3,STRIPE,via,187214,56880,188814,57360,1600,via2_1600x480
VDD,met1-met2,STRIPE,via,187214,56880,188814,57360,1600,via_1600x480
VDD,met3-met4,STRIPE,via,160638,56880,162238,57360,1600,via3_1600x480
VDD,met2-met3,STRIPE,via,160638,56880,162238,57360,1600,via2_1600x480
VDD,met1-met2,STRIPE,via,160638,56880,162238,57360,1600,via_1600x480
VDD,met3-met4,STRIPE,via,128881,56880,130481,57360,1600,via3_1600x480
VDD,met2-met3,STRIPE,via,128881,56880,130481,57360,1600,via2_1600x480
VDD,met1-met2,STRIPE,via,128881,56880,130481,57360,1600,via_1600x480
VDD,met3-met4,STRIPE,via,101679,56880,103279,57360,1600,via3_1600x480
VDD,met2-met3,STRIPE,via,101679,56880,103279,57360,1600,via2_1600x480
VDD,met1-met2,STRIPE,via,101679,56880,103279,57360,1600,via_1600x480
VDD,met3-met4,STRIPE,via,75405,56880,77005,57360,1600,via3_1600x480
VDD,met2-met3,STRIPE,via,75405,56880,77005,57360,1600,via2_1600x480
VDD,met1-met2,STRIPE,via,75405,56880,77005,57360,1600,via_1600x480
VDD,met3-met4,STRIPE,via,49470,56880,51070,57360,1600,via3_1600x480
VDD,met2-met3,STRIPE,via,49470,56880,51070,57360,1600,via2_1600x480
VDD,met1-met2,STRIPE,via,49470,56880,51070,57360,1600,via_1600x480
VDD,met3-met4,STRIPE,via,22161,56880,23761,57360,1600,via3_1600x480
VDD,met2-met3,STRIPE,via,22161,56880,23761,57360,1600,via2_1600x480
VDD,met1-met2,STRIPE,via,22161,56880,23761,57360,1600,via_1600x480
VDD,met3-met4,STRIPE,via,267218,51440,268818,51920,1600,via3_1600x480
VDD,met2-met3,STRIPE,via,267218,51440,268818,51920,1600,via2_1600x480
VDD,met1-met2,STRIPE,via,267218,51440,268818,51920,1600,via_1600x480
VDD,met3-met4,STRIPE,via,242689,51440,244289,51920,1600,via3_1600x480
VDD,met2-met3,STRIPE,via,242689,51440,244289,51920,1600,via2_1600x480
VDD,met1-met2,STRIPE,via,242689,51440,244289,51920,1600,via_1600x480
VDD,met3-met4,STRIPE,via,210440,51440,212040,51920,1600,via3_1600x480
VDD,met2-met3,STRIPE,via,210440,51440,212040,51920,1600,via2_1600x480
VDD,met1-met2,STRIPE,via,210440,51440,212040,51920,1600,via_1600x480
VDD,met3-met4,STRIPE,via,187214,51440,188814,51920,1600,via3_1600x480
VDD,met2-met3,STRIPE,via,187214,51440,188814,51920,1600,via2_1600x480
VDD,met1-met2,STRIPE,via,187214,51440,188814,51920,1600,via_1600x480
VDD,met3-met4,STRIPE,via,160638,51440,162238,51920,1600,via3_1600x480
VDD,met2-met3,STRIPE,via,160638,51440,162238,51920,1600,via2_1600x480
VDD,met1-met2,STRIPE,via,160638,51440,162238,51920,1600,via_1600x480
VDD,met3-met4,STRIPE,via,128881,51440,130481,51920,1600,via3_1600x480
VDD,met2-met3,STRIPE,via,128881,51440,130481,51920,1600,via2_1600x480
VDD,met1-met2,STRIPE,via,128881,51440,130481,51920,1600,via_1600x480
VDD,met3-met4,STRIPE,via,101679,51440,103279,51920,1600,via3_1600x480
VDD,met2-met3,STRIPE,via,101679,51440,103279,51920,1600,via2_1600x480
VDD,met1-met2,STRIPE,via,101679,51440,103279,51920,1600,via_1600x480
VDD,met3-met4,STRIPE,via,75405,51440,77005,51920,1600,via3_1600x480
VDD,met2-met3,STRIPE,via,75405,51440,77005,51920,1600,via2_1600x480
VDD,met1-met2,STRIPE,via,75405,51440,77005,51920,1600,via_1600x480
VDD,met3-met4,STRIPE,via,49470,51440,51070,51920,1600,via3_1600x480
VDD,met2-met3,STRIPE,via,49470,51440,51070,51920,1600,via2_1600x480
VDD,met1-met2,STRIPE,via,49470,51440,51070,51920,1600,via_1600x480
VDD,met3-met4,STRIPE,via,22161,51440,23761,51920,1600,via3_1600x480
VDD,met2-met3,STRIPE,via,22161,51440,23761,51920,1600,via2_1600x480
VDD,met1-met2,STRIPE,via,22161,51440,23761,51920,1600,via_1600x480
VDD,met3-met4,STRIPE,via,267218,46000,268818,46480,1600,via3_1600x480
VDD,met2-met3,STRIPE,via,267218,46000,268818,46480,1600,via2_1600x480
VDD,met1-met2,STRIPE,via,267218,46000,268818,46480,1600,via_1600x480
VDD,met3-met4,STRIPE,via,242689,46000,244289,46480,1600,via3_1600x480
VDD,met2-met3,STRIPE,via,242689,46000,244289,46480,1600,via2_1600x480
VDD,met1-met2,STRIPE,via,242689,46000,244289,46480,1600,via_1600x480
VDD,met3-met4,STRIPE,via,210440,46000,212040,46480,1600,via3_1600x480
VDD,met2-met3,STRIPE,via,210440,46000,212040,46480,1600,via2_1600x480
VDD,met1-met2,STRIPE,via,210440,46000,212040,46480,1600,via_1600x480
VDD,met3-met4,STRIPE,via,187214,46000,188814,46480,1600,via3_1600x480
VDD,met2-met3,STRIPE,via,187214,46000,188814,46480,1600,via2_1600x480
VDD,met1-met2,STRIPE,via,187214,46000,188814,46480,1600,via_1600x480
VDD,met3-met4,STRIPE,via,160638,46000,162238,46480,1600,via3_1600x480
VDD,met2-met3,STRIPE,via,160638,46000,162238,46480,1600,via2_1600x480
VDD,met1-met2,STRIPE,via,160638,46000,162238,46480,1600,via_1600x480
VDD,met3-met4,STRIPE,via,128881,46000,130481,46480,1600,via3_1600x480
VDD,met2-met3,STRIPE,via,128881,46000,130481,46480,1600,via2_1600x480
VDD,met1-met2,STRIPE,via,128881,46000,130481,46480,1600,via_1600x480
VDD,met3-met4,STRIPE,via,101679,46000,103279,46480,1600,via3_1600x480
VDD,met2-met3,STRIPE,via,101679,46000,103279,46480,1600,via2_1600x480
VDD,met1-met2,STRIPE,via,101679,46000,103279,46480,1600,via_1600x480
VDD,met3-met4,STRIPE,via,75405,46000,77005,46480,1600,via3_1600x480
VDD,met2-met3,STRIPE,via,75405,46000,77005,46480,1600,via2_1600x480
VDD,met1-met2,STRIPE,via,75405,46000,77005,46480,1600,via_1600x480
VDD,met3-met4,STRIPE,via,49470,46000,51070,46480,1600,via3_1600x480
VDD,met2-met3,STRIPE,via,49470,46000,51070,46480,1600,via2_1600x480
VDD,met1-met2,STRIPE,via,49470,46000,51070,46480,1600,via_1600x480
VDD,met3-met4,STRIPE,via,22161,46000,23761,46480,1600,via3_1600x480
VDD,met2-met3,STRIPE,via,22161,46000,23761,46480,1600,via2_1600x480
VDD,met1-met2,STRIPE,via,22161,46000,23761,46480,1600,via_1600x480
VDD,met3-met4,STRIPE,via,267218,40560,268818,41040,1600,via3_1600x480
VDD,met2-met3,STRIPE,via,267218,40560,268818,41040,1600,via2_1600x480
VDD,met1-met2,STRIPE,via,267218,40560,268818,41040,1600,via_1600x480
VDD,met3-met4,STRIPE,via,242689,40560,244289,41040,1600,via3_1600x480
VDD,met2-met3,STRIPE,via,242689,40560,244289,41040,1600,via2_1600x480
VDD,met1-met2,STRIPE,via,242689,40560,244289,41040,1600,via_1600x480
VDD,met3-met4,STRIPE,via,210440,40560,212040,41040,1600,via3_1600x480
VDD,met2-met3,STRIPE,via,210440,40560,212040,41040,1600,via2_1600x480
VDD,met1-met2,STRIPE,via,210440,40560,212040,41040,1600,via_1600x480
VDD,met3-met4,STRIPE,via,187214,40560,188814,41040,1600,via3_1600x480
VDD,met2-met3,STRIPE,via,187214,40560,188814,41040,1600,via2_1600x480
VDD,met1-met2,STRIPE,via,187214,40560,188814,41040,1600,via_1600x480
VDD,met3-met4,STRIPE,via,160638,40560,162238,41040,1600,via3_1600x480
VDD,met2-met3,STRIPE,via,160638,40560,162238,41040,1600,via2_1600x480
VDD,met1-met2,STRIPE,via,160638,40560,162238,41040,1600,via_1600x480
VDD,met3-met4,STRIPE,via,128881,40560,130481,41040,1600,via3_1600x480
VDD,met2-met3,STRIPE,via,128881,40560,130481,41040,1600,via2_1600x480
VDD,met1-met2,STRIPE,via,128881,40560,130481,41040,1600,via_1600x480
VDD,met3-met4,STRIPE,via,101679,40560,103279,41040,1600,via3_1600x480
VDD,met2-met3,STRIPE,via,101679,40560,103279,41040,1600,via2_1600x480
VDD,met1-met2,STRIPE,via,101679,40560,103279,41040,1600,via_1600x480
VDD,met3-met4,STRIPE,via,75405,40560,77005,41040,1600,via3_1600x480
VDD,met2-met3,STRIPE,via,75405,40560,77005,41040,1600,via2_1600x480
VDD,met1-met2,STRIPE,via,75405,40560,77005,41040,1600,via_1600x480
VDD,met3-met4,STRIPE,via,49470,40560,51070,41040,1600,via3_1600x480
VDD,met2-met3,STRIPE,via,49470,40560,51070,41040,1600,via2_1600x480
VDD,met1-met2,STRIPE,via,49470,40560,51070,41040,1600,via_1600x480
VDD,met3-met4,STRIPE,via,22161,40560,23761,41040,1600,via3_1600x480
VDD,met2-met3,STRIPE,via,22161,40560,23761,41040,1600,via2_1600x480
VDD,met1-met2,STRIPE,via,22161,40560,23761,41040,1600,via_1600x480
VDD,met3-met4,STRIPE,via,267218,35120,268818,35600,1600,via3_1600x480
VDD,met2-met3,STRIPE,via,267218,35120,268818,35600,1600,via2_1600x480
VDD,met1-met2,STRIPE,via,267218,35120,268818,35600,1600,via_1600x480
VDD,met3-met4,STRIPE,via,242689,35120,244289,35600,1600,via3_1600x480
VDD,met2-met3,STRIPE,via,242689,35120,244289,35600,1600,via2_1600x480
VDD,met1-met2,STRIPE,via,242689,35120,244289,35600,1600,via_1600x480
VDD,met3-met4,STRIPE,via,210440,35120,212040,35600,1600,via3_1600x480
VDD,met2-met3,STRIPE,via,210440,35120,212040,35600,1600,via2_1600x480
VDD,met1-met2,STRIPE,via,210440,35120,212040,35600,1600,via_1600x480
VDD,met3-met4,STRIPE,via,187214,35120,188814,35600,1600,via3_1600x480
VDD,met2-met3,STRIPE,via,187214,35120,188814,35600,1600,via2_1600x480
VDD,met1-met2,STRIPE,via,187214,35120,188814,35600,1600,via_1600x480
VDD,met3-met4,STRIPE,via,160638,35120,162238,35600,1600,via3_1600x480
VDD,met2-met3,STRIPE,via,160638,35120,162238,35600,1600,via2_1600x480
VDD,met1-met2,STRIPE,via,160638,35120,162238,35600,1600,via_1600x480
VDD,met3-met4,STRIPE,via,128881,35120,130481,35600,1600,via3_1600x480
VDD,met2-met3,STRIPE,via,128881,35120,130481,35600,1600,via2_1600x480
VDD,met1-met2,STRIPE,via,128881,35120,130481,35600,1600,via_1600x480
VDD,met3-met4,STRIPE,via,101679,35120,103279,35600,1600,via3_1600x480
VDD,met2-met3,STRIPE,via,101679,35120,103279,35600,1600,via2_1600x480
VDD,met1-met2,STRIPE,via,101679,35120,103279,35600,1600,via_1600x480
VDD,met3-met4,STRIPE,via,75405,35120,77005,35600,1600,via3_1600x480
VDD,met2-met3,STRIPE,via,75405,35120,77005,35600,1600,via2_1600x480
VDD,met1-met2,STRIPE,via,75405,35120,77005,35600,1600,via_1600x480
VDD,met3-met4,STRIPE,via,49470,35120,51070,35600,1600,via3_1600x480
VDD,met2-met3,STRIPE,via,49470,35120,51070,35600,1600,via2_1600x480
VDD,met1-met2,STRIPE,via,49470,35120,51070,35600,1600,via_1600x480
VDD,met3-met4,STRIPE,via,22161,35120,23761,35600,1600,via3_1600x480
VDD,met2-met3,STRIPE,via,22161,35120,23761,35600,1600,via2_1600x480
VDD,met1-met2,STRIPE,via,22161,35120,23761,35600,1600,via_1600x480
VDD,met3-met4,STRIPE,via,267218,29680,268818,30160,1600,via3_1600x480
VDD,met2-met3,STRIPE,via,267218,29680,268818,30160,1600,via2_1600x480
VDD,met1-met2,STRIPE,via,267218,29680,268818,30160,1600,via_1600x480
VDD,met3-met4,STRIPE,via,242689,29680,244289,30160,1600,via3_1600x480
VDD,met2-met3,STRIPE,via,242689,29680,244289,30160,1600,via2_1600x480
VDD,met1-met2,STRIPE,via,242689,29680,244289,30160,1600,via_1600x480
VDD,met3-met4,STRIPE,via,210440,29680,212040,30160,1600,via3_1600x480
VDD,met2-met3,STRIPE,via,210440,29680,212040,30160,1600,via2_1600x480
VDD,met1-met2,STRIPE,via,210440,29680,212040,30160,1600,via_1600x480
VDD,met3-met4,STRIPE,via,187214,29680,188814,30160,1600,via3_1600x480
VDD,met2-met3,STRIPE,via,187214,29680,188814,30160,1600,via2_1600x480
VDD,met1-met2,STRIPE,via,187214,29680,188814,30160,1600,via_1600x480
VDD,met3-met4,STRIPE,via,160638,29680,162238,30160,1600,via3_1600x480
VDD,met2-met3,STRIPE,via,160638,29680,162238,30160,1600,via2_1600x480
VDD,met1-met2,STRIPE,via,160638,29680,162238,30160,1600,via_1600x480
VDD,met3-met4,STRIPE,via,128881,29680,130481,30160,1600,via3_1600x480
VDD,met2-met3,STRIPE,via,128881,29680,130481,30160,1600,via2_1600x480
VDD,met1-met2,STRIPE,via,128881,29680,130481,30160,1600,via_1600x480
VDD,met3-met4,STRIPE,via,101679,29680,103279,30160,1600,via3_1600x480
VDD,met2-met3,STRIPE,via,101679,29680,103279,30160,1600,via2_1600x480
VDD,met1-met2,STRIPE,via,101679,29680,103279,30160,1600,via_1600x480
VDD,met3-met4,STRIPE,via,75405,29680,77005,30160,1600,via3_1600x480
VDD,met2-met3,STRIPE,via,75405,29680,77005,30160,1600,via2_1600x480
VDD,met1-met2,STRIPE,via,75405,29680,77005,30160,1600,via_1600x480
VDD,met3-met4,STRIPE,via,49470,29680,51070,30160,1600,via3_1600x480
VDD,met2-met3,STRIPE,via,49470,29680,51070,30160,1600,via2_1600x480
VDD,met1-met2,STRIPE,via,49470,29680,51070,30160,1600,via_1600x480
VDD,met3-met4,STRIPE,via,22161,29680,23761,30160,1600,via3_1600x480
VDD,met2-met3,STRIPE,via,22161,29680,23761,30160,1600,via2_1600x480
VDD,met1-met2,STRIPE,via,22161,29680,23761,30160,1600,via_1600x480
VDD,met3-met4,STRIPE,via,267218,24240,268818,24720,1600,via3_1600x480
VDD,met2-met3,STRIPE,via,267218,24240,268818,24720,1600,via2_1600x480
VDD,met1-met2,STRIPE,via,267218,24240,268818,24720,1600,via_1600x480
VDD,met3-met4,STRIPE,via,242689,24240,244289,24720,1600,via3_1600x480
VDD,met2-met3,STRIPE,via,242689,24240,244289,24720,1600,via2_1600x480
VDD,met1-met2,STRIPE,via,242689,24240,244289,24720,1600,via_1600x480
VDD,met3-met4,STRIPE,via,210440,24240,212040,24720,1600,via3_1600x480
VDD,met2-met3,STRIPE,via,210440,24240,212040,24720,1600,via2_1600x480
VDD,met1-met2,STRIPE,via,210440,24240,212040,24720,1600,via_1600x480
VDD,met3-met4,STRIPE,via,187214,24240,188814,24720,1600,via3_1600x480
VDD,met2-met3,STRIPE,via,187214,24240,188814,24720,1600,via2_1600x480
VDD,met1-met2,STRIPE,via,187214,24240,188814,24720,1600,via_1600x480
VDD,met3-met4,STRIPE,via,160638,24240,162238,24720,1600,via3_1600x480
VDD,met2-met3,STRIPE,via,160638,24240,162238,24720,1600,via2_1600x480
VDD,met1-met2,STRIPE,via,160638,24240,162238,24720,1600,via_1600x480
VDD,met3-met4,STRIPE,via,128881,24240,130481,24720,1600,via3_1600x480
VDD,met2-met3,STRIPE,via,128881,24240,130481,24720,1600,via2_1600x480
VDD,met1-met2,STRIPE,via,128881,24240,130481,24720,1600,via_1600x480
VDD,met3-met4,STRIPE,via,101679,24240,103279,24720,1600,via3_1600x480
VDD,met2-met3,STRIPE,via,101679,24240,103279,24720,1600,via2_1600x480
VDD,met1-met2,STRIPE,via,101679,24240,103279,24720,1600,via_1600x480
VDD,met3-met4,STRIPE,via,75405,24240,77005,24720,1600,via3_1600x480
VDD,met2-met3,STRIPE,via,75405,24240,77005,24720,1600,via2_1600x480
VDD,met1-met2,STRIPE,via,75405,24240,77005,24720,1600,via_1600x480
VDD,met3-met4,STRIPE,via,49470,24240,51070,24720,1600,via3_1600x480
VDD,met2-met3,STRIPE,via,49470,24240,51070,24720,1600,via2_1600x480
VDD,met1-met2,STRIPE,via,49470,24240,51070,24720,1600,via_1600x480
VDD,met3-met4,STRIPE,via,22161,24240,23761,24720,1600,via3_1600x480
VDD,met2-met3,STRIPE,via,22161,24240,23761,24720,1600,via2_1600x480
VDD,met1-met2,STRIPE,via,22161,24240,23761,24720,1600,via_1600x480
VDD,met3-met4,STRIPE,via,267218,18800,268818,19280,1600,via3_1600x480
VDD,met2-met3,STRIPE,via,267218,18800,268818,19280,1600,via2_1600x480
VDD,met1-met2,STRIPE,via,267218,18800,268818,19280,1600,via_1600x480
VDD,met3-met4,STRIPE,via,242689,18800,244289,19280,1600,via3_1600x480
VDD,met2-met3,STRIPE,via,242689,18800,244289,19280,1600,via2_1600x480
VDD,met1-met2,STRIPE,via,242689,18800,244289,19280,1600,via_1600x480
VDD,met3-met4,STRIPE,via,210440,18800,212040,19280,1600,via3_1600x480
VDD,met2-met3,STRIPE,via,210440,18800,212040,19280,1600,via2_1600x480
VDD,met1-met2,STRIPE,via,210440,18800,212040,19280,1600,via_1600x480
VDD,met3-met4,STRIPE,via,187214,18800,188814,19280,1600,via3_1600x480
VDD,met2-met3,STRIPE,via,187214,18800,188814,19280,1600,via2_1600x480
VDD,met1-met2,STRIPE,via,187214,18800,188814,19280,1600,via_1600x480
VDD,met3-met4,STRIPE,via,160638,18800,162238,19280,1600,via3_1600x480
VDD,met2-met3,STRIPE,via,160638,18800,162238,19280,1600,via2_1600x480
VDD,met1-met2,STRIPE,via,160638,18800,162238,19280,1600,via_1600x480
VDD,met3-met4,STRIPE,via,128881,18800,130481,19280,1600,via3_1600x480
VDD,met2-met3,STRIPE,via,128881,18800,130481,19280,1600,via2_1600x480
VDD,met1-met2,STRIPE,via,128881,18800,130481,19280,1600,via_1600x480
VDD,met3-met4,STRIPE,via,101679,18800,103279,19280,1600,via3_1600x480
VDD,met2-met3,STRIPE,via,101679,18800,103279,19280,1600,via2_1600x480
VDD,met1-met2,STRIPE,via,101679,18800,103279,19280,1600,via_1600x480
VDD,met3-met4,STRIPE,via,75405,18800,77005,19280,1600,via3_1600x480
VDD,met2-met3,STRIPE,via,75405,18800,77005,19280,1600,via2_1600x480
VDD,met1-met2,STRIPE,via,75405,18800,77005,19280,1600,via_1600x480
VDD,met3-met4,STRIPE,via,49470,18800,51070,19280,1600,via3_1600x480
VDD,met2-met3,STRIPE,via,49470,18800,51070,19280,1600,via2_1600x480
VDD,met1-met2,STRIPE,via,49470,18800,51070,19280,1600,via_1600x480
VDD,met3-met4,STRIPE,via,22161,18800,23761,19280,1600,via3_1600x480
VDD,met2-met3,STRIPE,via,22161,18800,23761,19280,1600,via2_1600x480
VDD,met1-met2,STRIPE,via,22161,18800,23761,19280,1600,via_1600x480
VDD,met3-met4,STRIPE,via,267218,13360,268818,13840,1600,via3_1600x480
VDD,met2-met3,STRIPE,via,267218,13360,268818,13840,1600,via2_1600x480
VDD,met1-met2,STRIPE,via,267218,13360,268818,13840,1600,via_1600x480
VDD,met3-met4,STRIPE,via,242689,13360,244289,13840,1600,via3_1600x480
VDD,met2-met3,STRIPE,via,242689,13360,244289,13840,1600,via2_1600x480
VDD,met1-met2,STRIPE,via,242689,13360,244289,13840,1600,via_1600x480
VDD,met3-met4,STRIPE,via,210440,13360,212040,13840,1600,via3_1600x480
VDD,met2-met3,STRIPE,via,210440,13360,212040,13840,1600,via2_1600x480
VDD,met1-met2,STRIPE,via,210440,13360,212040,13840,1600,via_1600x480
VDD,met3-met4,STRIPE,via,187214,13360,188814,13840,1600,via3_1600x480
VDD,met2-met3,STRIPE,via,187214,13360,188814,13840,1600,via2_1600x480
VDD,met1-met2,STRIPE,via,187214,13360,188814,13840,1600,via_1600x480
VDD,met3-met4,STRIPE,via,160638,13360,162238,13840,1600,via3_1600x480
VDD,met2-met3,STRIPE,via,160638,13360,162238,13840,1600,via2_1600x480
VDD,met1-met2,STRIPE,via,160638,13360,162238,13840,1600,via_1600x480
VDD,met3-met4,STRIPE,via,128881,13360,130481,13840,1600,via3_1600x480
VDD,met2-met3,STRIPE,via,128881,13360,130481,13840,1600,via2_1600x480
VDD,met1-met2,STRIPE,via,128881,13360,130481,13840,1600,via_1600x480
VDD,met3-met4,STRIPE,via,101679,13360,103279,13840,1600,via3_1600x480
VDD,met2-met3,STRIPE,via,101679,13360,103279,13840,1600,via2_1600x480
VDD,met1-met2,STRIPE,via,101679,13360,103279,13840,1600,via_1600x480
VDD,met3-met4,STRIPE,via,75405,13360,77005,13840,1600,via3_1600x480
VDD,met2-met3,STRIPE,via,75405,13360,77005,13840,1600,via2_1600x480
VDD,met1-met2,STRIPE,via,75405,13360,77005,13840,1600,via_1600x480
VDD,met3-met4,STRIPE,via,49470,13360,51070,13840,1600,via3_1600x480
VDD,met2-met3,STRIPE,via,49470,13360,51070,13840,1600,via2_1600x480
VDD,met1-met2,STRIPE,via,49470,13360,51070,13840,1600,via_1600x480
VDD,met3-met4,STRIPE,via,22161,13360,23761,13840,1600,via3_1600x480
VDD,met2-met3,STRIPE,via,22161,13360,23761,13840,1600,via2_1600x480
VDD,met1-met2,STRIPE,via,22161,13360,23761,13840,1600,via_1600x480
VDD,met5,STRIPE,wire,10120,241040,269560,242640,1600,
VDD,met5,STRIPE,wire,10120,213840,269560,215440,1600,
VDD,met5,STRIPE,wire,10120,186640,269560,188240,1600,
VDD,met5,STRIPE,wire,10120,159440,269560,161040,1600,
VDD,met5,STRIPE,wire,10120,132240,269560,133840,1600,
VDD,met5,STRIPE,wire,10120,105040,269560,106640,1600,
VDD,met5,STRIPE,wire,10120,77840,269560,79440,1600,
VDD,met5,STRIPE,wire,10120,50640,269560,52240,1600,
VDD,met5,STRIPE,wire,10120,23440,269560,25040,1600,
VDD,met4,STRIPE,wire,267218,10640,268818,269520,1600,
VDD,met4,STRIPE,wire,242689,10640,244289,269520,1600,
VDD,met4,STRIPE,wire,210440,10640,212040,269520,1600,
VDD,met4,STRIPE,wire,187214,10640,188814,269520,1600,
VDD,met4,STRIPE,wire,160638,10640,162238,269520,1600,
VDD,met4,STRIPE,wire,128881,10640,130481,269520,1600,
VDD,met4,STRIPE,wire,101679,10640,103279,269520,1600,
VDD,met4,STRIPE,wire,75405,10640,77005,269520,1600,
VDD,met4,STRIPE,wire,49470,10640,51070,269520,1600,
VDD,met4,STRIPE,wire,22161,10640,23761,269520,1600,
VDD,met1,FOLLOWPIN,wire,10120,269040,269560,269520,480,
VDD,met1,FOLLOWPIN,wire,10120,263600,269560,264080,480,
VDD,met1,FOLLOWPIN,wire,10120,258160,269560,258640,480,
VDD,met1,FOLLOWPIN,wire,10120,252720,269560,253200,480,
VDD,met1,FOLLOWPIN,wire,10120,247280,269560,247760,480,
VDD,met1,FOLLOWPIN,wire,10120,241840,269560,242320,480,
VDD,met1,FOLLOWPIN,wire,10120,236400,269560,236880,480,
VDD,met1,FOLLOWPIN,wire,10120,230960,269560,231440,480,
VDD,met1,FOLLOWPIN,wire,10120,225520,269560,226000,480,
VDD,met1,FOLLOWPIN,wire,10120,220080,269560,220560,480,
VDD,met1,FOLLOWPIN,wire,10120,214640,269560,215120,480,
VDD,met1,FOLLOWPIN,wire,10120,209200,269560,209680,480,
VDD,met1,FOLLOWPIN,wire,10120,203760,269560,204240,480,
VDD,met1,FOLLOWPIN,wire,10120,198320,269560,198800,480,
VDD,met1,FOLLOWPIN,wire,10120,192880,269560,193360,480,
VDD,met1,FOLLOWPIN,wire,10120,187440,269560,187920,480,
VDD,met1,FOLLOWPIN,wire,10120,182000,269560,182480,480,
VDD,met1,FOLLOWPIN,wire,10120,176560,269560,177040,480,
VDD,met1,FOLLOWPIN,wire,10120,171120,269560,171600,480,
VDD,met1,FOLLOWPIN,wire,10120,165680,269560,166160,480,
VDD,met1,FOLLOWPIN,wire,10120,160240,269560,160720,480,
VDD,met1,FOLLOWPIN,wire,10120,154800,269560,155280,480,
VDD,met1,FOLLOWPIN,wire,10120,149360,269560,149840,480,
VDD,met1,FOLLOWPIN,wire,10120,143920,269560,144400,480,
VDD,met1,FOLLOWPIN,wire,10120,138480,269560,138960,480,
VDD,met1,FOLLOWPIN,wire,10120,133040,269560,133520,480,
VDD,met1,FOLLOWPIN,wire,10120,127600,269560,128080,480,
VDD,met1,FOLLOWPIN,wire,10120,122160,269560,122640,480,
VDD,met1,FOLLOWPIN,wire,10120,116720,269560,117200,480,
VDD,met1,FOLLOWPIN,wire,10120,111280,269560,111760,480,
VDD,met1,FOLLOWPIN,wire,10120,105840,269560,106320,480,
VDD,met1,FOLLOWPIN,wire,10120,100400,269560,100880,480,
VDD,met1,FOLLOWPIN,wire,10120,94960,269560,95440,480,
VDD,met1,FOLLOWPIN,wire,10120,89520,269560,90000,480,
VDD,met1,FOLLOWPIN,wire,10120,84080,269560,84560,480,
VDD,met1,FOLLOWPIN,wire,10120,78640,269560,79120,480,
VDD,met1,FOLLOWPIN,wire,10120,73200,269560,73680,480,
VDD,met1,FOLLOWPIN,wire,10120,67760,269560,68240,480,
VDD,met1,FOLLOWPIN,wire,10120,62320,269560,62800,480,
VDD,met1,FOLLOWPIN,wire,10120,56880,269560,57360,480,
VDD,met1,FOLLOWPIN,wire,10120,51440,269560,51920,480,
VDD,met1,FOLLOWPIN,wire,10120,46000,269560,46480,480,
VDD,met1,FOLLOWPIN,wire,10120,40560,269560,41040,480,
VDD,met1,FOLLOWPIN,wire,10120,35120,269560,35600,480,
VDD,met1,FOLLOWPIN,wire,10120,29680,269560,30160,480,
VDD,met1,FOLLOWPIN,wire,10120,24240,269560,24720,480,
VDD,met1,FOLLOWPIN,wire,10120,18800,269560,19280,480,
VDD,met1,FOLLOWPIN,wire,10120,13360,269560,13840,480,
