net,layer,shape,kind,x1,y1,x2,y2,width,via_name
VSS,met4-met5,STRIPE,via,251478,254640,253078,256240,1600,via4_1600x1600
VSS,met4-met5,STRIPE,via,228964,254640,230564,256240,1600,via4_1600x1600
VSS,met4-met5,STRIPE,via,200349,254640,201949,256240,1600,via4_1600x1600
VSS,met4-met5,STRIPE,via,170986,254640,172586,256240,1600,via4_1600x1600
VSS,met4-met5,STRIPE,via,145931,254640,147531,256240,1600,via4_1600x1600
VSS,met4-met5,STRIPE,via,119456,254640,121056,256240,1600,via4_1600x1600
VSS,met4-met5,STRIPE,via,92387,254640,93987,256240,1600,via4_1600x1600
VSS,met4-met5,STRIPE,via,65496,254640,67096,256240,1600,via4_1600x1600
VSS,met4-met5,STRIPE,via,37584,254640,39184,256240,1600,via4_1600x1600
VSS,met4-met5,STRIPE,via,251478,227440,253078,229040,1600,via4_1600x1600
VSS,met4-met5,STRIPE,via,228964,227440,230564,229040,1600,via4_1600x1600
VSS,met4-met5,STRIPE,via,200349,227440,201949,229040,1600,via4_1600x1600
VSS,met4-met5,STRIPE,via,170986,227440,172586,229040,1600,via4_1600x1600
VSS,met4-met5,STRIPE,via,145931,227440,147531,229040,1600,via4_1600x1600
VSS,met4-met5,STRIPE,via,119456,227440,121056,229040,1600,via4_1600x1600
VSS,met4-met5,STRIPE,via,92387,227440,93987,229040,1600,via4_1600x1600
VSS,met4-met5,STRIPE,via,65496,227440,67096,229040,1600,via4_1600x1600
VSS,met4-met5,STRIPE,via,37584,227440,39184,229040,1600,via4_1600x1600
VSS,met4-met5,STRIPE,via,251478,200240,253078,201840,1600,via4_1600x1600
VSS,met4-met5,STRIPE,via,228964,200240,230564,201840,1600,via4_1600x1600
VSS,met4-met5,STRIPE,via,200349,200240,201949,201840,1600,via4_1600x1600
VSS,met4-met5,STRIPE,via,170986,200240,172586,201840,1600,via4_1600x1600
VSS,met4-met5,STRIPE,via,145931,200240,147531,201840,1600,via4_1600x1600
VSS,met4-met5,STRIPE,via,119456,200240,121056,201840,1600,via4_1600x1600
VSS,met4-met5,STRIPE,via,92387,200240,93987,201840,1600,via4_1600x1600
VSS,met4-met5,STRIPE,via,65496,200240,67096,201840,1600,via4_1600x1600
VSS,met4-met5,STRIPE,via,37584,200240,39184,201840,1600,via4_1600x1600
VSS,met4-met5,STRIPE,via,251478,173040,253078,174640,1600,via4_1600x1600
VSS,met4-met5,STRIPE,via,228964,173040,230564,174640,1600,via4_1600x1600
VSS,met4-met5,STRIPE,via,200349,173040,201949,174640,1600,via4_1600x1600
VSS,met4-met5,STRIPE,via,170986,173040,172586,174640,1600,via4_1600x1600
VSS,met4-met5,STRIPE,via,145931,173040,147531,174640,1600,via4_1600x1600
VSS,met4-met5,STRIPE,via,119456,173040,121056,174640,1600,via4_1600x1600
VSS,met4-met5,STRIPE,via,92387,173040,93987,174640,1600,via4_1600x1600
VSS,met4-met5,STRIPE,via,65496,173040,67096,174640,1600,via4_1600x1600
VSS,met4-met5,STRIPE,via,37584,173040,39184,174640,1600,via4_1600x1600
VSS,met4-met5,STRIPE,via,251478,145840,253078,147440,1600,via4_1600x1600
VSS,met4-met5,STRIPE,via,228964,145840,230564,147440,1600,via4_1600x1600
VSS,met4-met5,STRIPE,via,200349,145840,201949,147440,1600,via4_1600x1600
VSS,met4-met5,STRIPE,via,170986,145840,172586,147440,1600,via4_1600x1600
VSS,met4-met5,STRIPE,via,145931,145840,147531,147440,1600,via4_1600x1600
VSS,met4-met5,STRIPE,via,119456,145840,121056,147440,1600,via4_1600x1600
VSS,met4-met5,STRIPE,via,92387,145840,93987,147440,1600,via4_1600x1600
VSS,met4-met5,STRIPE,via,65496,145840,67096,147440,1600,via4_1600x1600
VSS,met4-met5,STRIPE,via,37584,145840,39184,147440,1600,via4_1600x1600
VSS,met4-met5,STRIPE,via,251478,118640,253078,120240,1600,via4_1600x1600
VSS,met4-met5,STRIPE,via,228964,118640,230564,120240,1600,via4_1600x1600
VSS,met4-met5,STRIPE,via,200349,118640,201949,120240,1600,via4_1600x1600
VSS,met4-met5,STRIPE,via,170986,118640,172586,120240,1600,via4_1600x1600
VSS,met4-met5,STRIPE,via,145931,118640,147531,120240,1600,via4_1600x1600
VSS,met4-met5,STRIPE,via,119456,118640,121056,120240,1600,via4_1600x1600
VSS,met4-met5,STRIPE,via,92387,118640,93987,120240,1600,via4_1600x1600
VSS,met4-met5,STRIPE,via,65496,118640,67096,120240,1600,via4_1600x1600
VSS,met4-met5,STRIPE,via,37584,118640,39184,120240,1600,via4_1600x1600
VSS,met4-met5,STRIPE,via,251478,91440,253078,93040,1600,via4_1600x1600
VSS,met4-met5,STRIPE,via,228964,91440,230564,93040,1600,via4_1600x1600
VSS,met4-met5,STRIPE,via,200349,91440,201949,93040,1600,via4_1600x1600
VSS,met4-met5,STRIPE,via,170986,91440,172586,93040,1600,via4_1600x1600
VSS,met4-met5,STRIPE,via,145931,91440,147531,93040,1600,via4_1600x1600
VSS,met4-met5,STRIPE,via,119456,91440,121056,93040,1600,via4_1600x1600
VSS,met4-met5,STRIPE,via,92387,91440,93987,93040,1600,via4_1600x1600
VSS,met4-met5,STRIPE,via,65496,91440,67096,93040,1600,via4_1600x1600
VSS,met4-met5,STRIPE,via,37584,91440,39184,93040,1600,via4_1600x1600
VSS,met4-met5,STRIPE,via,251478,64240,253078,65840,1600,via4_1600x1600
VSS,met4-met5,STRIPE,via,228964,64240,230564,65840,1600,via4_1600x1600
VSS,met4-met5,STRIPE,via,200349,64240,201949,65840,1600,via4_1600x1600
VSS,met4-met5,STRIPE,via,170986,64240,172586,65840,1600,via4_1600x1600
VSS,met4-met5,STRIPE,via,145931,64240,147531,65840,1600,via4_1600x1600
VSS,met4-met5,STRIPE,via,119456,64240,121056,65840,1600,via4_1600x1600
VSS,met4-met5,STRIPE,via,92387,64240,93987,65840,1600,via4_1600x1600
VSS,met4-met5,STRIPE,via,65496,64240,67096,65840,1600,via4_1600x1600
VSS,met4-met5,STRIPE,via,37584,64240,39184,65840,1600,via4_1600x1600
VSS,met4-met5,STRIPE,via,251478,37040,253078,38640,1600,via4_1600x1600
VSS,met4-met5,STRIPE,via,228964,37040,230564,38640,1600,via4_1600x1600
VSS,met4-met5,STRIPE,via,200349,37040,201949,38640,1600,via4_1600x1600
VSS,met4-met5,STRIPE,via,170986,37040,172586,38640,1600,via4_1600x1600
VSS,met4-met5,STRIPE,via,145931,37040,147531,38640,1600,via4_1600x1600
VSS,met4-met5,STRIPE,via,119456,37040,121056,38640,1600,via4_1600x1600
VSS,met4-met5,STRIPE,via,92387,37040,93987,38640,1600,via4_1600x1600
VSS,met4-met5,STRIPE,via,65496,37040,67096,38640,1600,via4_1600x1600
VSS,met4-met5,STRIPE,via,37584,37040,39184,38640,1600,via4_1600x1600
VSS,met3-met4,STRIPE,via,251478,266320,253078,266800,1600,via3_1600x480
VSS,met2-met3,STRIPE,via,251478,266320,253078,266800,1600,via2_1600x480
VSS,met1-met2,STRIPE,via,251478,266320,253078,266800,1600,via_1600x480
VSS,met3-met4,STRIPE,via,228964,266320,230564,266800,1600,via3_1600x480
VSS,met2-met3,STRIPE,via,228964,266320,230564,266800,1600,via2_1600x480
VSS,met1-met2,STRIPE,via,228964,266320,230564,266800,1600,via_1600x480
VSS,met3-met4,STRIPE,via,200349,266320,201949,266800,1600,via3_1600x480
VSS,met2-met3,STRIPE,via,200349,266320,201949,266800,1600,via2_1600x480
VSS,met1-met2,STRIPE,via,200349,266320,201949,266800,1600,via_1600x480
VSS,met3-met4,STRIPE,via,170986,266320,172586,266800,1600,via3_1600x480
VSS,met2-met3,STRIPE,via,170986,266320,172586,266800,1600,via2_1600x480
VSS,met1-met2,STRIPE,via,170986,266320,172586,266800,1600,via_1600x480
VSS,met3-met4,STRIPE,via,145931,266320,147531,266800,1600,via3_1600x480
VSS,met2-met3,STRIPE,via,145931,266320,147531,266800,1600,via2_1600x480
VSS,met1-met2,STRIPE,via,145931,266320,147531,266800,1600,via_1600x480
VSS,met3-met4,STRIPE,via,119456,266320,121056,266800,1600,via3_1600x480
VSS,met2-met3,STRIPE,via,119456,266320,121056,266800,1600,via2_1600x480
VSS,met1-met2,STRIPE,via,119456,266320,121056,266800,1600,via_1600x480
VSS,met3-met4,STRIPE,via,92387,266320,93987,266800,1600,via3_1600x480
VSS,met2-met3,STRIPE,via,92387,266320,93987,266800,1600,via2_1600x480
VSS,met1-met2,STRIPE,via,92387,266320,93987,266800,1600,via_1600x480
VSS,met3-met4,STRIPE,via,65496,266320,67096,266800,1600,via3_1600x480
VSS,met2-met3,STRIPE,via,65496,266320,67096,266800,1600,via2_1600x480
VSS,met1-met2,STRIPE,via,65496,266320,67096,266800,1600,via_1600x480
VSS,met3-met4,STRIPE,via,37584,266320,39184,266800,1600,via3_1600x480
VSS,met2-met3,STRIPE,via,37584,266320,39184,266800,1600,via2_1600x480
VSS,met1-met2,STRIPE,via,37584,266320,39184,266800,1600,via_1600x480
VSS,met3-met4,STRIPE,via,251478,260880,253078,261360,1600,via3_1600x480
VSS,met2-met3,STRIPE,via,251478,260880,253078,261360,1600,via2_1600x480
VSS,met1-met2,STRIPE,via,251478,260880,253078,261360,1600,via_1600x480
VSS,met3-met4,STRIPE,via,228964,260880,230564,261360,1600,via3_1600x480
VSS,met2-met3,STRIPE,via,228964,260880,230564,261360,1600,via2_1600x480
VSS,met1-met2,STRIPE,via,228964,260880,230564,261360,1600,via_1600x480
VSS,met3-met4,STRIPE,via,200349,260880,201949,261360,1600,via3_1600x480
VSS,met2-met3,STRIPE,via,200349,260880,201949,261360,1600,via2_1600x480
VSS,met1-met2,STRIPE,via,200349,260880,201949,261360,1600,via_1600x480
VSS,met3-met4,STRIPE,via,170986,260880,172586,261360,1600,via3_1600x480
VSS,met2-met3,STRIPE,via,170986,260880,172586,261360,1600,via2_1600x480
VSS,met1-met2,STRIPE,via,170986,260880,172586,261360,1600,via_1600x480
VSS,met3-met4,STRIPE,via,145931,260880,147531,261360,1600,via3_1600x480
VSS,met2-met3,STRIPE,via,145931,260880,147531,261360,1600,via2_1600x480
VSS,met1-met2,STRIPE,via,145931,260880,147531,261360,1600,via_1600x480
VSS,met3-met4,STRIPE,via,119456,260880,121056,261360,1600,via3_1600x480
VSS,met2-met3,STRIPE,via,119456,260880,121056,261360,1600,via2_1600x480
VSS,met1-met2,STRIPE,via,119456,260880,121056,261360,1600,via_1600x480
VSS,met3-met4,STRIPE,via,92387,260880,93987,261360,1600,via3_1600x480
VSS,met2-met3,STRIPE,via,92387,260880,93987,261360,1600,via2_1600x480
VSS,met1-met2,STRIPE,via,92387,260880,93987,261360,1600,via_1600x480
VSS,met3-met4,STRIPE,via,65496,260880,67096,261360,1600,via3_1600x480
VSS,met2-met3,STRIPE,via,65496,260880,67096,261360,1600,via2_1600x480
VSS,met1-met2,STRIPE,via,65496,260880,67096,261360,1600,via_1600x480
VSS,met3-met4,STRIPE,via,37584,260880,39184,261360,1600,via3_1600x480
VSS,met2-met3,STRIPE,via,37584,260880,39184,261360,1600,via2_1600x480
VSS,met1-met2,STRIPE,via,37584,260880,39184,261360,1600,via_1600x480
VSS,met3-met4,STRIPE,via,251478,255440,253078,255920,1600,via3_1600x480
VSS,met2-met3,STRIPE,via,251478,255440,253078,255920,1600,via2_1600x480
VSS,met1-met2,STRIPE,via,251478,255440,253078,255920,1600,via_1600x480
VSS,met3-met4,STRIPE,via,228964,255440,230564,255920,1600,via3_1600x480
VSS,met2-met3,STRIPE,via,228964,255440,230564,255920,1600,via2_1600x480
VSS,met1-met2,STRIPE,via,228964,255440,230564,255920,1600,via_1600x480
VSS,met3-met4,STRIPE,via,200349,255440,201949,255920,1600,via3_1600x480
VSS,met2-met3,STRIPE,via,200349,255440,201949,255920,1600,via2_1600x480
VSS,met1-met2,STRIPE,via,200349,255440,201949,255920,1600,via_1600x480
VSS,met3-met4,STRIPE,via,170986,255440,172586,255920,1600,via3_1600x480
VSS,met2-met3,STRIPE,via,170986,255440,172586,255920,1600,via2_1600x480
VSS,met1-met2,STRIPE,via,170986,255440,172586,255920,1600,via_1600x480
VSS,met3-met4,STRIPE,via,145931,255440,147531,255920,1600,via3_1600x480
VSS,met2-met3,STRIPE,via,145931,255440,147531,255920,1600,via2_1600x480
VSS,met1-met2,STRIPE,via,145931,255440,147531,255920,1600,via_1600x480
VSS,met3-met4,STRIPE,via,119456,255440,121056,255920,1600,via3_1600x480
VSS,met2-met3,STRIPE,via,119456,255440,121056,255920,1600,via2_1600x480
VSS,met1-met2,STRIPE,via,119456,255440,121056,255920,1600,via_1600x480
VSS,met3-met4,STRIPE,via,92387,255440,93987,255920,1600,via3_1600x480
VSS,met2-met3,STRIPE,via,92387,255440,93987,255920,1600,via2_1600x480
VSS,met1-met2,STRIPE,via,92387,255440,93987,255920,1600,via_1600x480
VSS,met3-met4,STRIPE,via,65496,255440,67096,255920,1600,via3_1600x480
VSS,met2-met3,STRIPE,via,65496,255440,67096,255920,1600,via2_1600x480
VSS,met1-met2,STRIPE,via,65496,255440,67096,255920,1600,via_1600x480
VSS,met3-met4,STRIPE,via,37584,255440,39184,255920,1600,via3_1600x480
VSS,met2-met3,STRIPE,via,37584,255440,39184,255920,1600,via2_1600x480
VSS,met1-met2,STRIPE,via,37584,255440,39184,255920,1600,via_1600x480
VSS,met3-met4,STRIPE,via,251478,250000,253078,250480,1600,via3_1600x480
VSS,met2-met3,STRIPE,via,251478,250000,253078,250480,1600,via2_1600x480
VSS,met1-met2,STRIPE,via,251478,250000,253078,250480,1600,via_1600x480
VSS,met3-met4,STRIPE,via,228964,250000,230564,250480,1600,via3_1600x480
VSS,met2-met3,STRIPE,via,228964,250000,230564,250480,1600,via2_1600x480
VSS,met1-met2,STRIPE,via,228964,250000,230564,250480,1600,via_1600x480
VSS,met3-met4,STRIPE,via,200349,250000,201949,250480,1600,via3_1600x480
VSS,met2-met3,STRIPE,via,200349,250000,201949,250480,1600,via2_1600x480
VSS,met1-met2,STRIPE,via,200349,250000,201949,250480,1600,via_1600x480
VSS,met3-met4,STRIPE,via,170986,250000,172586,250480,1600,via3_1600x480
VSS,met2-met3,STRIPE,via,170986,250000,172586,250480,1600,via2_1600x480
VSS,met1-met2,STRIPE,via,170986,250000,172586,250480,1600,via_1600x480
VSS,met3-met4,STRIPE,via,145931,250000,147531,250480,1600,via3_1600x480
VSS,met2-met3,STRIPE,via,145931,250000,147531,250480,1600,via2_1600x480
VSS,met1-met2,STRIPE,via,145931,250000,147531,250480,1600,via_1600x480
VSS,met3-met4,STRIPE,via,119456,250000,121056,250480,1600,via3_1600x480
VSS,met2-met3,STRIPE,via,119456,250000,121056,250480,1600,via2_1600x480
VSS,met1-met2,STRIPE,via,119456,250000,121056,250480,1600,via_1600x480
VSS,met3-met4,STRIPE,via,92387,250000,93987,250480,1600,via3_1600x480
VSS,met2-met3,STRIPE,via,92387,250000,93987,250480,1600,via2_1600x480
VSS,met1-met2,STRIPE,via,92387,250000,93987,250480,1600,via_1600x480
VSS,met3-met4,STRIPE,via,65496,250000,67096,250480,1600,via3_1600x480
VSS,met2-met3,STRIPE,via,65496,250000,67096,250480,1600,via2_1600x480
VSS,met1-met2,STRIPE,via,65496,250000,67096,250480,1600,via_1600x480
VSS,met3-met4,STRIPE,via,37584,250000,39184,250480,1600,via3_1600x480
VSS,met2-met3,STRIPE,via,37584,250000,39184,250480,1600,via2_1600x480
VSS,met1-met2,STRIPE,via,37584,250000,39184,250480,1600,via_1600x480
VSS,met3-met4,STRIPE,via,251478,244560,253078,245040,1600,via3_1600x480
VSS,met2-met3,STRIPE,via,251478,244560,253078,245040,1600,via2_1600x480
VSS,met1-met2,STRIPE,via,251478,244560,253078,245040,1600,via_1600x480
VSS,met3-met4,STRIPE,via,228964,244560,230564,245040,1600,via3_1600x480
VSS,met2-met3,STRIPE,via,228964,244560,230564,245040,1600,via2_1600x480
VSS,met1-met2,STRIPE,via,228964,244560,230564,245040,1600,via_1600x480
VSS,met3-met4,STRIPE,via,200349,244560,201949,245040,1600,via3_1600x480
VSS,met2-met3,STRIPE,via,200349,244560,201949,245040,1600,via2_1600x480
VSS,met1-met2,STRIPE,via,200349,244560,201949,245040,1600,via_1600x480
VSS,met3-met4,STRIPE,via,170986,244560,172586,245040,1600,via3_1600x480
VSS,met2-met3,STRIPE,via,170986,244560,172586,245040,1600,via2_1600x480
VSS,met1-met2,STRIPE,via,170986,244560,172586,245040,1600,via_1600x480
VSS,met3-met4,STRIPE,via,145931,244560,147531,245040,1600,via3_1600x480
VSS,met2-met3,STRIPE,via,145931,244560,147531,245040,1600,via2_1600x480
VSS,met1-met2,STRIPE,via,145931,244560,147531,245040,1600,via_1600x480
VSS,met3-met4,STRIPE,via,119456,244560,121056,245040,1600,via3_1600x480
VSS,met2-met3,STRIPE,via,119456,244560,121056,245040,1600,via2_1600x480
VSS,met1-met2,STRIPE,via,119456,244560,121056,245040,1600,via_1600x480
VSS,met3-met4,STRIPE,via,92387,244560,93987,245040,1600,via3_1600x480
VSS,met2-met3,STRIPE,via,92387,244560,93987,245040,1600,via2_1600x480
VSS,met1-met2,STRIPE,via,92387,244560,93987,245040,1600,via_1600x480
VSS,met3-met4,STRIPE,via,65496,244560,67096,245040,1600,via3_1600x480
VSS,met2-met3,STRIPE,via,65496,244560,67096,245040,1600,via2_1600x480
VSS,met1-met2,STRIPE,via,65496,244560,67096,245040,1600,via_1600x480
VSS,met3-met4,STRIPE,via,37584,244560,39184,245040,1600,via3_1600x480
VSS,met2-met3,STRIPE,via,37584,244560,39184,245040,1600,via2_1600x480
VSS,met1-met2,STRIPE,via,37584,244560,39184,245040,1600,via_1600x480
VSS,met3-met4,STRIPE,via,251478,239120,253078,239600,1600,via3_1600x480
VSS,met2-met3,STRIPE,via,251478,239120,253078,239600,1600,via2_1600x480
VSS,met1-met2,STRIPE,via,251478,239120,253078,239600,1600,via_1600x480
VSS,met3-met4,STRIPE,via,228964,239120,230564,239600,1600,via3_1600x480
VSS,met2-met3,STRIPE,via,228964,239120,230564,239600,1600,via2_1600x480
VSS,met1-met2,STRIPE,via,228964,239120,230564,239600,1600,via_1600x480
VSS,met3-met4,STRIPE,via,200349,239120,201949,239600,1600,via3_1600x480
VSS,met2-met3,STRIPE,via,200349,239120,201949,239600,1600,via2_1600x480
VSS,met1-met2,STRIPE,via,200349,239120,201949,239600,1600,via_1600x480
VSS,met3-met4,STRIPE,via,170986,239120,172586,239600,1600,via3_1600x480
VSS,met2-met3,STRIPE,via,170986,239120,172586,239600,1600,via2_1600x480
VSS,met1-met2,STRIPE,via,170986,239120,172586,239600,1600,via_1600x480
VSS,met3-met4,STRIPE,via,145931,239120,147531,239600,1600,via3_1600x480
VSS,met2-met3,STRIPE,via,145931,239120,147531,239600,1600,via2_1600x480
VSS,met1-met2,STRIPE,via,145931,239120,147531,239600,1600,via_1600x480
VSS,met3-met4,STRIPE,via,119456,239120,121056,239600,1600,via3_1600x480
VSS,met2-met3,STRIPE,via,119456,239120,121056,239600,1600,via2_1600x480
VSS,met1-met2,STRIPE,via,119456,239120,121056,239600,1600,via_1600x480
VSS,met3-met4,STRIPE,via,92387,239120,93987,239600,1600,via3_1600x480
VSS,met2-met3,STRIPE,via,92387,239120,93987,239600,1600,via2_1600x480
VSS,met1-met2,STRIPE,via,92387,239120,93987,239600,1600,via_1600x480
VSS,met3-met4,STRIPE,via,65496,239120,67096,239600,1600,via3_1600x480
VSS,met2-met3,STRIPE,via,65496,239120,67096,239600,1600,via2_1600x480
VSS,met1-met2,STRIPE,via,65496,239120,67096,239600,1600,via_1600x480
VSS,met3-met4,STRIPE,via,37584,239120,39184,239600,1600,via3_1600x480
VSS,met2-met3,STRIPE,via,37584,239120,39184,239600,1600,via2_1600x480
VSS,met1-met2,STRIPE,via,37584,239120,39184,239600,1600,via_1600x480
VSS,met3-met4,STRIPE,via,251478,233680,253078,234160,1600,via3_1600x480
VSS,met2-met3,STRIPE,via,251478,233680,253078,234160,1600,via2_1600x480
VSS,met1-met2,STRIPE,via,251478,233680,253078,234160,1600,via_1600x480
VSS,met3-met4,STRIPE,via,228964,233680,230564,234160,1600,via3_1600x480
VSS,met2-met3,STRIPE,via,228964,233680,230564,234160,1600,via2_1600x480
VSS,met1-met2,STRIPE,via,228964,233680,230564,234160,1600,via_1600x480
VSS,met3-met4,STRIPE,via,200349,233680,201949,234160,1600,via3_1600x480
VSS,met2-met3,STRIPE,via,200349,233680,201949,234160,1600,via2_1600x480
VSS,met1-met2,STRIPE,via,200349,233680,201949,234160,1600,via_1600x480
VSS,met3-met4,STRIPE,via,170986,233680,172586,234160,1600,via3_1600x480
VSS,met2-met3,STRIPE,via,170986,233680,172586,234160,1600,via2_1600x480
VSS,met1-met2,STRIPE,via,170986,233680,172586,234160,1600,via_1600x480
VSS,met3-met4,STRIPE,via,145931,233680,147531,234160,1600,via3_1600x480
VSS,met2-met3,STRIPE,via,145931,233680,147531,234160,1600,via2_1600x480
VSS,met1-met2,STRIPE,via,145931,233680,147531,234160,1600,via_1600x480
VSS,met3-met4,STRIPE,via,119456,233680,121056,234160,1600,via3_1600x480
VSS,met2-met3,STRIPE,via,119456,233680,121056,234160,1600,via2_1600x480
VSS,met1-met2,STRIPE,via,119456,233680,121056,234160,1600,via_1600x480
VSS,met3-met4,STRIPE,via,92387,233680,93987,234160,1600,via3_1600x480
VSS,met2-met3,STRIPE,via,92387,233680,93987,234160,1600,via2_1600x480
VSS,met1-met2,STRIPE,via,92387,233680,93987,234160,1600,via_1600x480
VSS,met3-met4,STRIPE,via,65496,233680,67096,234160,1600,via3_1600x480
VSS,met2-met3,STRIPE,via,65496,233680,67096,234160,1600,via2_1600x480
VSS,met1-met2,STRIPE,via,65496,233680,67096,234160,1600,via_1600x480
VSS,met3-met4,STRIPE,via,37584,233680,39184,234160,1600,via3_1600x480
VSS,met2-met3,STRIPE,via,37584,233680,39184,234160,1600,via2_1600x480
VSS,met1-met2,STRIPE,via,37584,233680,39184,234160,1600,via_1600x480
VSS,met3-met4,STRIPE,via,251478,228240,253078,228720,1600,via3_1600x480
VSS,met2-met3,STRIPE,via,251478,228240,253078,228720,1600,via2_1600x480
VSS,met1-met2,STRIPE,via,251478,228240,253078,228720,1600,via_1600x480
VSS,met3-met4,STRIPE,via,228964,228240,230564,228720,1600,via3_1600x480
VSS,met2-met3,STRIPE,via,228964,228240,230564,228720,1600,via2_1600x480
VSS,met1-met2,STRIPE,via,228964,228240,230564,228720,1600,via_1600x480
VSS,met3-met4,STRIPE,via,200349,228240,201949,228720,1600,via3_1600x480
VSS,met2-met3,STRIPE,via,200349,228240,201949,228720,1600,via2_1600x480
VSS,met1-met2,STRIPE,via,200349,228240,201949,228720,1600,via_1600x480
VSS,met3-met4,STRIPE,via,170986,228240,172586,228720,1600,via3_1600x480
VSS,met2-met3,STRIPE,via,170986,228240,172586,228720,1600,via2_1600x480
VSS,met1-met2,STRIPE,via,170986,228240,172586,228720,1600,via_1600x480
VSS,met3-met4,STRIPE,via,145931,228240,147531,228720,1600,via3_1600x480
VSS,met2-met3,STRIPE,via,145931,228240,147531,228720,1600,via2_1600x480
VSS,met1-met2,STRIPE,via,145931,228240,147531,228720,1600,via_1600x480
VSS,met3-met4,STRIPE,via,119456,228240,121056,228720,1600,via3_1600x480
VSS,met2-met3,STRIPE,via,119456,228240,121056,228720,1600,via2_1600x480
VSS,met1-met2,STRIPE,via,119456,228240,121056,228720,1600,via_1600x480
VSS,met3-met4,STRIPE,via,92387,228240,93987,228720,1600,via3_1600x480
VSS,met2-met3,STRIPE,via,92387,228240,93987,228720,1600,via2_1600x480
VSS,met1-met2,STRIPE,via,92387,228240,93987,228720,1600,via_1600x480
VSS,met3-met4,STRIPE,via,65496,228240,67096,228720,1600,via3_1600x480
VSS,met2-met3,STRIPE,via,65496,228240,67096,228720,1600,via2_1600x480
VSS,met1-met2,STRIPE,via,65496,228240,67096,228720,1600,via_1600x480
VSS,met3-met4,STRIPE,via,37584,228240,39184,228720,1600,via3_1600x480
VSS,met2-met3,STRIPE,via,37584,228240,39184,228720,1600,via2_1600x480
VSS,met1-met2,STRIPE,via,37584,228240,39184,228720,1600,via_1600x480
VSS,met3-met4,STRIPE,via,251478,222800,253078,223280,1600,via3_1600x480
VSS,met2-met3,STRIPE,via,251478,222800,253078,223280,1600,via2_1600x480
VSS,met1-met2,STRIPE,via,251478,222800,253078,223280,1600,via_1600x480
VSS,met3-met4,STRIPE,via,228964,222800,230564,223280,1600,via3_1600x480
VSS,met2-met3,STRIPE,via,228964,222800,230564,223280,1600,via2_1600x480
VSS,met1-met2,STRIPE,via,228964,222800,230564,223280,1600,via_1600x480
VSS,met3-met4,STRIPE,via,200349,222800,201949,223280,1600,via3_1600x480
VSS,met2-met3,STRIPE,via,200349,222800,201949,223280,1600,via2_1600x480
VSS,met1-met2,STRIPE,via,200349,222800,201949,223280,1600,via_1600x480
VSS,met3-met4,STRIPE,via,170986,222800,172586,223280,1600,via3_1600x480
VSS,met2-met3,STRIPE,via,170986,222800,172586,223280,1600,via2_1600x480
VSS,met1-met2,STRIPE,via,170986,222800,172586,223280,1600,via_1600x480
VSS,met3-met4,STRIPE,via,145931,222800,147531,223280,1600,via3_1600x480
VSS,met2-met3,STRIPE,via,145931,222800,147531,223280,1600,via2_1600x480
VSS,met1-met2,STRIPE,via,145931,222800,147531,223280,1600,via_1600x480
VSS,met3-met4,STRIPE,via,119456,222800,121056,223280,1600,via3_1600x480
VSS,met2-met3,STRIPE,via,119456,222800,121056,223280,1600,via2_1600x480
VSS,met1-met2,STRIPE,via,119456,222800,121056,223280,1600,via_1600x480
VSS,met3-met4,STRIPE,via,92387,222800,93987,223280,1600,via3_1600x480
VSS,met2-met3,STRIPE,via,92387,222800,93987,223280,1600,via2_1600x480
VSS,met1-met2,STRIPE,via,92387,222800,93987,223280,1600,via_1600x480
VSS,met3-met4,STRIPE,via,65496,222800,67096,223280,1600,via3_1600x480
VSS,met2-met3,STRIPE,via,65496,222800,67096,223280,1600,via2_1600x480
VSS,met1-met2,STRIPE,via,65496,222800,67096,223280,1600,via_1600x480
VSS,met3-met4,STRIPE,via,37584,222800,39184,223280,1600,via3_1600x480
VSS,met2-met3,STRIPE,via,37584,222800,39184,223280,1600,via2_1600x480
VSS,met1-met2,STRIPE,via,37584,222800,39184,223280,1600,via_1600x480
VSS,met3-met4,STRIPE,via,251478,217360,253078,217840,1600,via3_1600x480
VSS,met2-met3,STRIPE,via,251478,217360,253078,217840,1600,via2_1600x480
VSS,met1-met2,STRIPE,via,251478,217360,253078,217840,1600,via_1600x480
VSS,met3-met4,STRIPE,via,228964,217360,230564,217840,1600,via3_1600x480
VSS,met2-met3,STRIPE,via,228964,217360,230564,217840,1600,via2_1600x480
VSS,met1-met2,STRIPE,via,228964,217360,230564,217840,1600,via_1600x480
VSS,met3-met4,STRIPE,via,200349,217360,201949,217840,1600,via3_1600x480
VSS,met2-met3,STRIPE,via,200349,217360,201949,217840,1600,via2_1600x480
VSS,met1-met2,STRIPE,via,200349,217360,201949,217840,1600,via_1600x480
VSS,met3-met4,STRIPE,via,170986,217360,172586,217840,1600,via3_1600x480
VSS,met2-met3,STRIPE,via,170986,217360,172586,217840,1600,via2_1600x480
VSS,met1-met2,STRIPE,via,170986,217360,172586,217840,1600,via_1600x480
VSS,met3-met4,STRIPE,via,145931,217360,147531,217840,1600,via3_1600x480
VSS,met2-met3,STRIPE,via,145931,217360,147531,217840,1600,via2_1600x480
VSS,met1-met2,STRIPE,via,145931,217360,147531,217840,1600,via_1600x480
VSS,met3-met4,STRIPE,via,119456,217360,121056,217840,1600,via3_1600x480
VSS,met2-met3,STRIPE,via,119456,217360,121056,217840,1600,via2_1600x480
VSS,met1-met2,STRIPE,via,119456,217360,121056,217840,1600,via_1600x480
VSS,met3-met4,STRIPE,via,92387,217360,93987,217840,1600,via3_1600x480
VSS,met2-met3,STRIPE,via,92387,217360,93987,217840,1600,via2_1600x480
VSS,met1-met2,STRIPE,via,92387,217360,93987,217840,1600,via_1600x480
VSS,met3-met4,STRIPE,via,65496,217360,67096,217840,1600,via3_1600x480
VSS,met2-met3,STRIPE,via,65496,217360,67096,217840,1600,via2_1600x480
VSS,met1-met2,STRIPE,via,65496,217360,67096,217840,1600,via_1600x480
VSS,met3-met4,STRIPE,via,37584,217360,39184,217840,1600,via3_1600x480
VSS,met2-met3,STRIPE,via,37584,217360,39184,217840,1600,via2_1600x480
VSS,met1-met2,STRIPE,via,37584,217360,39184,217840,1600,via_1600x480
VSS,met3-met4,STRIPE,via,251478,211920,253078,212400,1600,via3_1600x480
VSS,met2-met3,STRIPE,via,251478,211920,253078,212400,1600,via2_1600x480
VSS,met1-met2,STRIPE,via,251478,211920,253078,212400,1600,via_1600x480
VSS,met3-met4,STRIPE,via,228964,211920,230564,212400,1600,via3_1600x480
VSS,met2-met3,STRIPE,via,228964,211920,230564,212400,1600,via2_1600x480
VSS,met1-met2,STRIPE,via,228964,211920,230564,212400,1600,via_1600x480
VSS,met3-met4,STRIPE,via,200349,211920,201949,212400,1600,via3_1600x480
VSS,met2-met3,STRIPE,via,200349,211920,201949,212400,1600,via2_1600x480
VSS,met1-met2,STRIPE,via,200349,211920,201949,212400,1600,via_1600x480
VSS,met3-met4,STRIPE,via,170986,211920,172586,212400,1600,via3_1600x480
VSS,met2-met3,STRIPE,via,170986,211920,172586,212400,1600,via2_1600x480
VSS,met1-met2,STRIPE,via,170986,211920,172586,212400,1600,via_1600x480
VSS,met3-met4,STRIPE,via,145931,211920,147531,212400,1600,via3_1600x480
VSS,met2-met3,STRIPE,via,145931,211920,147531,212400,1600,via2_1600x480
VSS,met1-met2,STRIPE,via,145931,211920,147531,212400,1600,via_1600x480
VSS,met3-met4,STRIPE,via,119456,211920,121056,212400,1600,via3_1600x480
VSS,met2-met3,STRIPE,via,119456,211920,121056,212400,1600,via2_1600x480
VSS,met1-met2,STRIPE,via,119456,211920,121056,212400,1600,via_1600x480
VSS,met3-met4,STRIPE,via,92387,211920,93987,212400,1600,via3_1600x480
VSS,met2-met3,STRIPE,via,92387,211920,93987,212400,1600,via2_1600x480
VSS,met1-met2,STRIPE,via,92387,211920,93987,212400,1600,via_1600x480
VSS,met3-met4,STRIPE,via,65496,211920,67096,212400,1600,via3_1600x480
VSS,met2-met3,STRIPE,via,65496,211920,67096,212400,1600,via2_1600x480
VSS,met1-met2,STRIPE,via,65496,211920,67096,212400,1600,via_1600x480
VSS,met3-met4,STRIPE,via,37584,211920,39184,212400,1600,via3_1600x480
VSS,met2-met3,STRIPE,via,37584,211920,39184,212400,1600,via2_1600x480
VSS,met1-met2,STRIPE,via,37584,211920,39184,212400,1600,via_1600x480
VSS,met3-met4,STRIPE,via,251478,206480,253078,206960,1600,via3_1600x480
VSS,met2-met3,STRIPE,via,251478,206480,253078,206960,1600,via2_1600x480
VSS,met1-met2,STRIPE,via,251478,206480,253078,206960,1600,via_1600x480
VSS,met3-met4,STRIPE,via,228964,206480,230564,206960,1600,via3_1600x480
VSS,met2-met3,STRIPE,via,228964,206480,230564,206960,1600,via2_1600x480
VSS,met1-met2,STRIPE,via,228964,206480,230564,206960,1600,via_1600x480
VSS,met3-met4,STRIPE,via,200349,206480,201949,206960,1600,via3_1600x480
VSS,met2-met3,STRIPE,via,200349,206480,201949,206960,1600,via2_1600x480
VSS,met1-met2,STRIPE,via,200349,206480,201949,206960,1600,via_1600x480
VSS,met3-met4,STRIPE,via,170986,206480,172586,206960,1600,via3_1600x480
VSS,met2-met3,STRIPE,via,170986,206480,172586,206960,1600,via2_1600x480
VSS,met1-met2,STRIPE,via,170986,206480,172586,206960,1600,via_1600x480
VSS,met3-met4,STRIPE,via,145931,206480,147531,206960,1600,via3_1600x480
VSS,met2-met3,STRIPE,via,145931,206480,147531,206960,1600,via2_1600x480
VSS,met1-met2,STRIPE,via,145931,206480,147531,206960,1600,via_1600x480
VSS,met3-met4,STRIPE,via,119456,206480,121056,206960,1600,via3_1600x480
VSS,met2-met3,STRIPE,via,119456,206480,121056,206960,1600,via2_1600x480
VSS,met1-met2,STRIPE,via,119456,206480,121056,206960,1600,via_1600x480
VSS,met3-met4,STRIPE,via,92387,206480,93987,206960,1600,via3_1600x480
VSS,met2-met3,STRIPE,via,92387,206480,93987,206960,1600,via2_1600x480
VSS,met1-met2,STRIPE,via,92387,206480,93987,206960,1600,via_1600x480
VSS,met3-met4,STRIPE,via,65496,206480,67096,206960,1600,via3_1600x480
VSS,met2-met3,STRIPE,via,65496,206480,67096,206960,1600,via2_1600x480
VSS,met1-met2,STRIPE,via,65496,206480,67096,206960,1600,via_1600x480
VSS,met3-met4,STRIPE,via,37584,206480,39184,206960,1600,via3_1600x480
VSS,met2-met3,STRIPE,via,37584,206480,39184,206960,1600,via2_1600x480
VSS,met1-met2,STRIPE,via,37584,206480,39184,206960,1600,via_1600x480
VSS,met3-met4,STRIPE,via,251478,201040,253078,201520,1600,via3_1600x480
VSS,met2-met3,STRIPE,via,251478,201040,253078,201520,1600,via2_1600x480
VSS,met1-met2,STRIPE,via,251478,201040,253078,201520,1600,via_1600x480
VSS,met3-met4,STRIPE,via,228964,201040,230564,201520,1600,via3_1600x480
VSS,met2-met3,STRIPE,via,228964,201040,230564,201520,1600,via2_1600x480
VSS,met1-met2,STRIPE,via,228964,201040,230564,201520,1600,via_1600x480
VSS,met3-met4,STRIPE,via,200349,201040,201949,201520,1600,via3_1600x480
VSS,met2-met3,STRIPE,via,200349,201040,201949,201520,1600,via2_1600x480
VSS,met1-met2,STRIPE,via,200349,201040,201949,201520,1600,via_1600x480
VSS,met3-met4,STRIPE,via,170986,201040,172586,201520,1600,via3_1600x480
VSS,met2-met3,STRIPE,via,170986,201040,172586,201520,1600,via2_1600x480
VSS,met1-met2,STRIPE,via,170986,201040,172586,201520,1600,via_1600x480
VSS,met3-met4,STRIPE,via,145931,201040,147531,201520,1600,via3_1600x480
VSS,met2-met3,STRIPE,via,145931,201040,147531,201520,1600,via2_1600x480
VSS,met1-met2,STRIPE,via,145931,201040,147531,201520,1600,via_1600x480
VSS,met3-met4,STRIPE,via,119456,201040,121056,201520,1600,via3_1600x480
VSS,met2-met3,STRIPE,via,119456,201040,121056,201520,1600,via2_1600x480
VSS,met1-met2,STRIPE,via,119456,201040,121056,201520,1600,via_1600x480
VSS,met3-met4,STRIPE,via,92387,201040,93987,201520,1600,via3_1600x480
VSS,met2-met3,STRIPE,via,92387,201040,93987,201520,1600,via2_1600x480
VSS,met1-met2,STRIPE,via,92387,201040,93987,201520,1600,via_1600x480
VSS,met3-met4,STRIPE,via,65496,201040,67096,201520,1600,via3_1600x480
VSS,met2-met3,STRIPE,via,65496,201040,67096,201520,1600,via2_1600x480
VSS,met1-met2,STRIPE,via,65496,201040,67096,201520,1600,via_1600x480
VSS,met3-met4,STRIPE,via,37584,201040,39184,201520,1600,via3_1600x480
VSS,met2-met3,STRIPE,via,37584,201040,39184,201520,1600,via2_1600x480
VSS,met1-met2,STRIPE,via,37584,201040,39184,201520,1600,via_1600x480
VSS,met3-met4,STRIPE,via,251478,195600,253078,196080,1600,via3_1600x480
VSS,met2-met3,STRIPE,via,251478,195600,253078,196080,1600,via2_1600x480
VSS,met1-met2,STRIPE,via,251478,195600,253078,196080,1600,via_1600x480
VSS,met3-met4,STRIPE,via,228964,195600,230564,196080,1600,via3_1600x480
VSS,met2-met3,STRIPE,via,228964,195600,230564,196080,1600,via2_1600x480
VSS,met1-met2,STRIPE,via,228964,195600,230564,196080,1600,via_1600x480
VSS,met3-met4,STRIPE,via,200349,195600,201949,196080,1600,via3_1600x480
VSS,met2-met3,STRIPE,via,200349,195600,201949,196080,1600,via2_1600x480
VSS,met1-met2,STRIPE,via,200349,195600,201949,196080,1600,via_1600x480
VSS,met3-met4,STRIPE,via,170986,195600,172586,196080,1600,via3_1600x480
VSS,met2-met3,STRIPE,via,170986,195600,172586,196080,1600,via2_1600x480
VSS,met1-met2,STRIPE,via,170986,195600,172586,196080,1600,via_1600x480
VSS,met3-met4,STRIPE,via,145931,195600,147531,196080,1600,via3_1600x480
VSS,met2-met3,STRIPE,via,145931,195600,147531,196080,1600,via2_1600x480
VSS,met1-met2,STRIPE,via,145931,195600,147531,196080,1600,via_1600x480
VSS,met3-met4,STRIPE,via,119456,195600,121056,196080,1600,via3_1600x480
VSS,met2-met3,STRIPE,via,119456,195600,121056,196080,1600,via2_1600x480
VSS,met1-met2,STRIPE,via,119456,195600,121056,196080,1600,via_1600x480
VSS,met3-met4,STRIPE,via,92387,195600,93987,196080,1600,via3_1600x480
VSS,met2-met3,STRIPE,via,92387,195600,93987,196080,1600,via2_1600x480
VSS,met1-met2,STRIPE,via,92387,195600,93987,196080,1600,via_1600x480
VSS,met3-met4,STRIPE,via,65496,195600,67096,196080,1600,via3_1600x480
VSS,met2-met3,STRIPE,via,65496,195600,67096,196080,1600,via2_1600x480
VSS,met1-met2,STRIPE,via,65496,195600,67096,196080,1600,via_1600x480
VSS,met3-met4,STRIPE,via,37584,195600,39184,196080,1600,via3_1600x480
VSS,met2-met3,STRIPE,via,37584,195600,39184,196080,1600,via2_1600x480
VSS,met1-met2,STRIPE,via,37584,195600,39184,196080,1600,via_1600x480
VSS,met3-met4,STRIPE,via,251478,190160,253078,190640,1600,via3_1600x480
VSS,met2-met3,STRIPE,via,251478,190160,253078,190640,1600,via2_1600x480
VSS,met1-met2,STRIPE,via,251478,190160,253078,190640,1600,via_1600x480
VSS,met3-met4,STRIPE,via,228964,190160,230564,190640,1600,via3_1600x480
VSS,met2-met3,STRIPE,via,228964,190160,230564,190640,1600,via2_1600x480
VSS,met1-met2,STRIPE,via,228964,190160,230564,190640,1600,via_1600x480
VSS,met3-met4,STRIPE,via,200349,190160,201949,190640,1600,via3_1600x480
VSS,met2-met3,STRIPE,via,200349,190160,201949,190640,1600,via2_1600x480
VSS,met1-met2,STRIPE,via,200349,190160,201949,190640,1600,via_1600x480
VSS,met3-met4,STRIPE,via,170986,190160,172586,190640,1600,via3_1600x480
VSS,met2-met3,STRIPE,via,170986,190160,172586,190640,1600,via2_1600x480
VSS,met1-met2,STRIPE,via,170986,190160,172586,190640,1600,via_1600x480
VSS,met3-met4,STRIPE,via,145931,190160,147531,190640,1600,via3_1600x480
VSS,met2-met3,STRIPE,via,145931,190160,147531,190640,1600,via2_1600x480
VSS,met1-met2,STRIPE,via,145931,190160,147531,190640,1600,via_1600x480
VSS,met3-met4,STRIPE,via,119456,190160,121056,190640,1600,via3_1600x480
VSS,met2-met3,STRIPE,via,119456,190160,121056,190640,1600,via2_1600x480
VSS,met1-met2,STRIPE,via,119456,190160,121056,190640,1600,via_1600x480
VSS,met3-met4,STRIPE,via,92387,190160,93987,190640,1600,via3_1600x480
VSS,met2-met3,STRIPE,via,92387,190160,93987,190640,1600,via2_1600x480
VSS,met1-met2,STRIPE,via,92387,190160,93987,190640,1600,via_1600x480
VSS,met3-met4,STRIPE,via,65496,190160,67096,190640,1600,via3_1600x480
VSS,met2-met3,STRIPE,via,65496,190160,67096,190640,1600,via2_1600x480
VSS,met1-met2,STRIPE,via,65496,190160,67096,190640,1600,via_1600x480
VSS,met3-met4,STRIPE,via,37584,190160,39184,190640,1600,via3_1600x480
VSS,met2-met3,STRIPE,via,37584,190160,39184,190640,1600,via2_1600x480
VSS,met1-met2,STRIPE,via,37584,190160,39184,190640,1600,via_1600x480
VSS,met3-met4,STRIPE,via,251478,184720,253078,185200,1600,via3_1600x480
VSS,met2-met3,STRIPE,via,251478,184720,253078,185200,1600,via2_1600x480
VSS,met1-met2,STRIPE,via,251478,184720,253078,185200,1600,via_1600x480
VSS,met3-met4,STRIPE,via,228964,184720,230564,185200,1600,via3_1600x480
VSS,met2-met3,STRIPE,via,228964,184720,230564,185200,1600,via2_1600x480
VSS,met1-met2,STRIPE,via,228964,184720,230564,185200,1600,via_1600x480
VSS,met3-met4,STRIPE,via,200349,184720,201949,185200,1600,via3_1600x480
VSS,met2-met3,STRIPE,via,200349,184720,201949,185200,1600,via2_1600x480
VSS,met1-met2,STRIPE,via,200349,184720,201949,185200,1600,via_1600x480
VSS,met3-met4,STRIPE,via,170986,184720,172586,185200,1600,via3_1600x480
VSS,met2-met3,STRIPE,via,170986,184720,172586,185200,1600,via2_1600x480
VSS,met1-met2,STRIPE,via,170986,184720,172586,185200,1600,via_1600x480
VSS,met3-met4,STRIPE,via,145931,184720,147531,185200,1600,via3_1600x480
VSS,met2-met3,STRIPE,via,145931,184720,147531,185200,1600,via2_1600x480
VSS,met1-met2,STRIPE,via,145931,184720,147531,185200,1600,via_1600x480
VSS,met3-met4,STRIPE,via,119456,184720,121056,185200,1600,via3_1600x480
VSS,met2-met3,STRIPE,via,119456,184720,121056,185200,1600,via2_1600x480
VSS,met1-met2,STRIPE,via,119456,184720,121056,185200,1600,via_1600x480
VSS,met3-met4,STRIPE,via,92387,184720,93987,185200,1600,via3_1600x480
VSS,met2-met3,STRIPE,via,92387,184720,93987,185200,1600,via2_1600x480
VSS,met1-met2,STRIPE,via,92387,184720,93987,185200,1600,via_1600x480
VSS,met3-met4,STRIPE,via,65496,184720,67096,185200,1600,via3_1600x480
VSS,met2-met3,STRIPE,via,65496,184720,67096,185200,1600,via2_1600x480
VSS,met1-met2,STRIPE,via,65496,184720,67096,185200,1600,via_1600x480
VSS,met3-met4,STRIPE,via,37584,184720,39184,185200,1600,via3_1600x480
VSS,met2-met3,STRIPE,via,37584,184720,39184,185200,1600,via2_1600x480
VSS,met1-met2,STRIPE,via,37584,184720,39184,185200,1600,via_1600x480
VSS,met3-met4,STRIPE,via,251478,179280,253078,179760,1600,via3_1600x480
VSS,met2-met3,STRIPE,via,251478,179280,253078,179760,1600,via2_1600x480
VSS,met1-met2,STRIPE,via,251478,179280,253078,179760,1600,via_1600x480
VSS,met3-met4,STRIPE,via,228964,179280,230564,179760,1600,via3_1600x480
VSS,met2-met3,STRIPE,via,228964,179280,230564,179760,1600,via2_1600x480
VSS,met1-met2,STRIPE,via,228964,179280,230564,179760,1600,via_1600x480
VSS,met3-met4,STRIPE,via,200349,179280,201949,179760,1600,via3_1600x480
VSS,met2-met3,STRIPE,via,200349,179280,201949,179760,1600,via2_1600x480
VSS,met1-met2,STRIPE,via,200349,179280,201949,179760,1600,via_1600x480
VSS,met3-met4,STRIPE,via,170986,179280,172586,179760,1600,via3_1600x480
VSS,met2-met3,STRIPE,via,170986,179280,172586,179760,1600,via2_1600x480
VSS,met1-met2,STRIPE,via,170986,179280,172586,179760,1600,via_1600x480
VSS,met3-met4,STRIPE,via,145931,179280,147531,179760,1600,via3_1600x480
VSS,met2-met3,STRIPE,via,145931,179280,147531,179760,1600,via2_1600x480
VSS,met1-met2,STRIPE,via,145931,179280,147531,179760,1600,via_1600x480
VSS,met3-met4,STRIPE,via,119456,179280,121056,179760,1600,via3_1600x480
VSS,met2-met3,STRIPE,via,119456,179280,121056,179760,1600,via2_1600x480
VSS,met1-met2,STRIPE,via,119456,179280,121056,179760,1600,via_1600x480
VSS,met3-met4,STRIPE,via,92387,179280,93987,179760,1600,via3_1600x480
VSS,met2-met3,STRIPE,via,92387,179280,93987,179760,1600,via2_1600x480
VSS,met1-met2,STRIPE,via,92387,179280,93987,179760,1600,via_1600x480
VSS,met3-met4,STRIPE,via,65496,179280,67096,179760,1600,via3_1600x480
VSS,met2-met3,STRIPE,via,65496,179280,67096,179760,1600,via2_1600x480
VSS,met1-met2,STRIPE,via,65496,179280,67096,179760,1600,via_1600x480
VSS,met3-met4,STRIPE,via,37584,179280,39184,179760,1600,via3_1600x480
VSS,met2-met3,STRIPE,via,37584,179280,39184,179760,1600,via2_1600x480
VSS,met1-met2,STRIPE,via,37584,179280,39184,179760,1600,via_1600x480
VSS,met3-met4,STRIPE,via,251478,173840,253078,174320,1600,via3_1600x480
VSS,met2-met3,STRIPE,via,251478,173840,253078,174320,1600,via2_1600x480
VSS,met1-met2,STRIPE,via,251478,173840,253078,174320,1600,via_1600x480
VSS,met3-met4,STRIPE,via,228964,173840,230564,174320,1600,via3_1600x480
VSS,met2-met3,STRIPE,via,228964,173840,230564,174320,1600,via2_1600x480
VSS,met1-met2,STRIPE,via,228964,173840,230564,174320,1600,via_1600x480
VSS,met3-met4,STRIPE,via,200349,173840,201949,174320,1600,via3_1600x480
VSS,met2-met3,STRIPE,via,200349,173840,201949,174320,1600,via2_1600x480
VSS,met1-met2,STRIPE,via,200349,173840,201949,174320,1600,via_1600x480
VSS,met3-met4,STRIPE,via,170986,173840,172586,174320,1600,via3_1600x480
VSS,met2-met3,STRIPE,via,170986,173840,172586,174320,1600,via2_1600x480
VSS,met1-met2,STRIPE,via,170986,173840,172586,174320,1600,via_1600x480
VSS,met3-met4,STRIPE,via,145931,173840,147531,174320,1600,via3_1600x480
VSS,met2-met3,STRIPE,via,145931,173840,147531,174320,1600,via2_1600x480
VSS,met1-met2,STRIPE,via,145931,173840,147531,174320,1600,via_1600x480
VSS,met3-met4,STRIPE,via,119456,173840,121056,174320,1600,via3_1600x480
VSS,met2-met3,STRIPE,via,119456,173840,121056,174320,1600,via2_1600x480
VSS,met1-met2,STRIPE,via,119456,173840,121056,174320,1600,via_1600x480
VSS,met3-met4,STRIPE,via,92387,173840,93987,174320,1600,via3_1600x480
VSS,met2-met3,STRIPE,via,92387,173840,93987,174320,1600,via2_1600x480
VSS,met1-met2,STRIPE,via,92387,173840,93987,174320,1600,via_1600x480
VSS,met3-met4,STRIPE,via,65496,173840,67096,174320,1600,via3_1600x480
VSS,met2-met3,STRIPE,via,65496,173840,67096,174320,1600,via2_1600x480
VSS,met1-met2,STRIPE,via,65496,173840,67096,174320,1600,via_1600x480
VSS,met3-met4,STRIPE,via,37584,173840,39184,174320,1600,via3_1600x480
VSS,met2-met3,STRIPE,via,37584,173840,39184,174320,1600,via2_1600x480
VSS,met1-met2,STRIPE,via,37584,173840,39184,174320,1600,via_1600x480
VSS,met3-met4,STRIPE,via,251478,168400,253078,168880,1600,via3_1600x480
VSS,met2-met3,STRIPE,via,251478,168400,253078,168880,1600,via2_1600x480
VSS,met1-met2,STRIPE,via,251478,168400,253078,168880,1600,via_1600x480
VSS,met3-met4,STRIPE,via,228964,168400,230564,168880,1600,via3_1600x480
VSS,met2-met3,STRIPE,via,228964,168400,230564,168880,1600,via2_1600x480
VSS,met1-met2,STRIPE,via,228964,168400,230564,168880,1600,via_1600x480
VSS,met3-met4,STRIPE,via,200349,168400,201949,168880,1600,via3_1600x480
VSS,met2-met3,STRIPE,via,200349,168400,201949,168880,1600,via2_1600x480
VSS,met1-met2,STRIPE,via,200349,168400,201949,168880,1600,via_1600x480
VSS,met3-met4,STRIPE,via,170986,168400,172586,168880,1600,via3_1600x480
VSS,met2-met3,STRIPE,via,170986,168400,172586,168880,1600,via2_1600x480
VSS,met1-met2,STRIPE,via,170986,168400,172586,168880,1600,via_1600x480
VSS,met3-met4,STRIPE,via,145931,168400,147531,168880,1600,via3_1600x480
VSS,met2-met3,STRIPE,via,145931,168400,147531,168880,1600,via2_1600x480
VSS,met1-met2,STRIPE,via,145931,168400,147531,168880,1600,via_1600x480
VSS,met3-met4,STRIPE,via,119456,168400,121056,168880,1600,via3_1600x480
VSS,met2-met3,STRIPE,via,119456,168400,121056,168880,1600,via2_1600x480
VSS,met1-met2,STRIPE,via,119456,168400,121056,168880,1600,via_1600x480
VSS,met3-met4,STRIPE,via,92387,168400,93987,168880,1600,via3_1600x480
VSS,met2-met3,STRIPE,via,92387,168400,93987,168880,1600,via2_1600x480
VSS,met1-met2,STRIPE,via,92387,168400,93987,168880,1600,via_1600x480
VSS,met3-met4,STRIPE,via,65496,168400,67096,168880,1600,via3_1600x480
VSS,met2-met3,STRIPE,via,65496,168400,67096,168880,1600,via2_1600x480
VSS,met1-met2,STRIPE,via,65496,168400,67096,168880,1600,via_1600x480
VSS,met3-met4,STRIPE,via,37584,168400,39184,168880,1600,via3_1600x480
VSS,met2-met3,STRIPE,via,37584,168400,39184,168880,1600,via2_1600x480
VSS,met1-met2,STRIPE,via,37584,168400,39184,168880,1600,via_1600x480
VSS,met3-met4,STRIPE,via,251478,162960,253078,163440,1600,via3_1600x480
VSS,met2-met3,STRIPE,via,251478,162960,253078,163440,1600,via2_1600x480
VSS,met1-met2,STRIPE,via,251478,162960,253078,163440,1600,via_1600x480
VSS,met3-met4,STRIPE,via,228964,162960,230564,163440,1600,via3_1600x480
VSS,met2-met3,STRIPE,via,228964,162960,230564,163440,1600,via2_1600x480
VSS,met1-met2,STRIPE,via,228964,162960,230564,163440,1600,via_1600x480
VSS,met3-met4,STRIPE,via,200349,162960,201949,163440,1600,via3_1600x480
VSS,met2-met3,STRIPE,via,200349,162960,201949,163440,1600,via2_1600x480
VSS,met1-met2,STRIPE,via,200349,162960,201949,163440,1600,via_1600x480
VSS,met3-met4,STRIPE,via,170986,162960,172586,163440,1600,via3_1600x480
VSS,met2-met3,STRIPE,via,170986,162960,172586,163440,1600,via2_1600x480
VSS,met1-met2,STRIPE,via,170986,162960,172586,163440,1600,via_1600x480
VSS,met3-met4,STRIPE,via,145931,162960,147531,163440,1600,via3_1600x480
VSS,met2-met3,STRIPE,via,145931,162960,147531,163440,1600,via2_1600x480
VSS,met1-met2,STRIPE,via,145931,162960,147531,163440,1600,via_1600x480
VSS,met3-met4,STRIPE,via,119456,162960,121056,163440,1600,via3_1600x480
VSS,met2-met3,STRIPE,via,119456,162960,121056,163440,1600,via2_1600x480
VSS,met1-met2,STRIPE,via,119456,162960,121056,163440,1600,via_1600x480
VSS,met3-met4,STRIPE,via,92387,162960,93987,163440,1600,via3_1600x480
VSS,met2-met3,STRIPE,via,92387,162960,93987,163440,1600,via2_1600x480
VSS,met1-met2,STRIPE,via,92387,162960,93987,163440,1600,via_1600x480
VSS,met3-met4,STRIPE,via,65496,162960,67096,163440,1600,via3_1600x480
VSS,met2-met3,STRIPE,via,65496,162960,67096,163440,1600,via2_1600x480
VSS,met1-met2,STRIPE,via,65496,162960,67096,163440,1600,via_1600x480
VSS,met3-met4,STRIPE,via,37584,162960,39184,163440,1600,via3_1600x480
VSS,met2-met3,STRIPE,via,37584,162960,39184,163440,1600,via2_1600x480
VSS,met1-met2,STRIPE,via,37584,162960,39184,163440,1600,via_1600x480
VSS,met3-met4,STRIPE,via,251478,157520,253078,158000,1600,via3_1600x480
VSS,met2-met3,STRIPE,via,251478,157520,253078,158000,1600,via2_1600x480
VSS,met1-met2,STRIPE,via,251478,157520,253078,158000,1600,via_1600x480
VSS,met3-met4,STRIPE,via,228964,157520,230564,158000,1600,via3_1600x480
VSS,met2-met3,STRIPE,via,228964,157520,230564,158000,1600,via2_1600x480
VSS,met1-met2,STRIPE,via,228964,157520,230564,158000,1600,via_1600x480
VSS,met3-met4,STRIPE,via,200349,157520,201949,158000,1600,via3_1600x480
VSS,met2-met3,STRIPE,via,200349,157520,201949,158000,1600,via2_1600x480
VSS,met1-met2,STRIPE,via,200349,157520,201949,158000,1600,via_1600x480
VSS,met3-met4,STRIPE,via,170986,157520,172586,158000,1600,via3_1600x480
VSS,met2-met3,STRIPE,via,170986,157520,172586,158000,1600,via2_1600x480
VSS,met1-met2,STRIPE,via,170986,157520,172586,158000,1600,via_1600x480
VSS,met3-met4,STRIPE,via,145931,157520,147531,158000,1600,via3_1600x480
VSS,met2-met3,STRIPE,via,145931,157520,147531,158000,1600,via2_1600x480
VSS,met1-met2,STRIPE,via,145931,157520,147531,158000,1600,via_1600x480
VSS,met3-met4,STRIPE,via,119456,157520,121056,158000,1600,via3_1600x480
VSS,met2-met3,STRIPE,via,119456,157520,121056,158000,1600,via2_1600x480
VSS,met1-met2,STRIPE,via,119456,157520,121056,158000,1600,via_1600x480
VSS,met3-met4,STRIPE,via,92387,157520,93987,158000,1600,via3_1600x480
VSS,met2-met3,STRIPE,via,92387,157520,93987,158000,1600,via2_1600x480
VSS,met1-met2,STRIPE,via,92387,157520,93987,158000,1600,via_1600x480
VSS,met3-met4,STRIPE,via,65496,157520,67096,158000,1600,via3_1600x480
VSS,met2-met3,STRIPE,via,65496,157520,67096,158000,1600,via2_1600x480
VSS,met1-met2,STRIPE,via,65496,157520,67096,158000,1600,via_1600x480
VSS,met3-met4,STRIPE,via,37584,157520,39184,158000,1600,via3_1600x480
VSS,met2-met3,STRIPE,via,37584,157520,39184,158000,1600,via2_1600x480
VSS,met1-met2,STRIPE,via,37584,157520,39184,158000,1600,via_1600x480
VSS,met3-met4,STRIPE,via,251478,152080,253078,152560,1600,via3_1600x480
VSS,met2-met3,STRIPE,via,251478,152080,253078,152560,1600,via2_1600x480
VSS,met1-met2,STRIPE,via,251478,152080,253078,152560,1600,via_1600x480
VSS,met3-met4,STRIPE,via,228964,152080,230564,152560,1600,via3_1600x480
VSS,met2-met3,STRIPE,via,228964,152080,230564,152560,1600,via2_1600x480
VSS,met1-met2,STRIPE,via,228964,152080,230564,152560,1600,via_1600x480
VSS,met3-met4,STRIPE,via,200349,152080,201949,152560,1600,via3_1600x480
VSS,met2-met3,STRIPE,via,200349,152080,201949,152560,1600,via2_1600x480
VSS,met1-met2,STRIPE,via,200349,152080,201949,152560,1600,via_1600x480
VSS,met3-met4,STRIPE,via,170986,152080,172586,152560,1600,via3_1600x480
VSS,met2-met3,STRIPE,via,170986,152080,172586,152560,1600,via2_1600x480
VSS,met1-met2,STRIPE,via,170986,152080,172586,152560,1600,via_1600x480
VSS,met3-met4,STRIPE,via,145931,152080,147531,152560,1600,via3_1600x480
VSS,met2-met3,STRIPE,via,145931,152080,147531,152560,1600,via2_1600x480
VSS,met1-met2,STRIPE,via,145931,152080,147531,152560,1600,via_1600x480
VSS,met3-met4,STRIPE,via,119456,152080,121056,152560,1600,via3_1600x480
VSS,met2-met3,STRIPE,via,119456,152080,121056,152560,1600,via2_1600x480
VSS,met1-met2,STRIPE,via,119456,152080,121056,152560,1600,via_1600x480
VSS,met3-met4,STRIPE,via,92387,152080,93987,152560,1600,via3_1600x480
VSS,met2-met3,STRIPE,via,92387,152080,93987,152560,1600,via2_1600x480
VSS,met1-met2,STRIPE,via,92387,152080,93987,152560,1600,via_1600x480
VSS,met3-met4,STRIPE,via,65496,152080,67096,152560,1600,via3_1600x480
VSS,met2-met3,STRIPE,via,65496,152080,67096,152560,1600,via2_1600x480
VSS,met1-met2,STRIPE,via,65496,152080,67096,152560,1600,via_1600x480
VSS,met3-met4,STRIPE,via,37584,152080,39184,152560,1600,via3_1600x480
VSS,met2-met3,STRIPE,via,37584,152080,39184,152560,1600,via2_1600x480
VSS,met1-met2,STRIPE,via,37584,152080,39184,152560,1600,via_1600x480
VSS,met3-met4,STRIPE,via,251478,146640,253078,147120,1600,via3_1600x480
VSS,met2-met3,STRIPE,via,251478,146640,253078,147120,1600,via2_1600x480
VSS,met1-met2,STRIPE,via,251478,146640,253078,147120,1600,via_1600x480
VSS,met3-met4,STRIPE,via,228964,146640,230564,147120,1600,via3_1600x480
VSS,met2-met3,STRIPE,via,228964,146640,230564,147120,1600,via2_1600x480
VSS,met1-met2,STRIPE,via,228964,146640,230564,147120,1600,via_1600x480
VSS,met3-met4,STRIPE,via,200349,146640,201949,147120,1600,via3_1600x480
VSS,met2-met3,STRIPE,via,200349,146640,201949,147120,1600,via2_1600x480
VSS,met1-met2,STRIPE,via,200349,146640,201949,147120,1600,via_1600x480
VSS,met3-met4,STRIPE,via,170986,146640,172586,147120,1600,via3_1600x480
VSS,met2-met3,STRIPE,via,170986,146640,172586,147120,1600,via2_1600x480
VSS,met1-met2,STRIPE,via,170986,146640,172586,147120,1600,via_1600x480
VSS,met3-met4,STRIPE,via,145931,146640,147531,147120,1600,via3_1600x480
VSS,met2-met3,STRIPE,via,145931,146640,147531,147120,1600,via2_1600x480
VSS,met1-met2,STRIPE,via,145931,146640,147531,147120,1600,via_1600x480
VSS,met3-met4,STRIPE,via,119456,146640,121056,147120,1600,via3_1600x480
VSS,met2-met3,STRIPE,via,119456,146640,121056,147120,1600,via2_1600x480
VSS,met1-met2,STRIPE,via,119456,146640,121056,147120,1600,via_1600x480
VSS,met3-met4,STRIPE,via,92387,146640,93987,147120,1600,via3_1600x480
VSS,met2-met3,STRIPE,via,92387,146640,93987,147120,1600,via2_1600x480
VSS,met1-met2,STRIPE,via,92387,146640,93987,147120,1600,via_1600x480
VSS,met3-met4,STRIPE,via,65496,146640,67096,147120,1600,via3_1600x480
VSS,met2-met3,STRIPE,via,65496,146640,67096,147120,1600,via2_1600x480
VSS,met1-met2,STRIPE,via,65496,146640,67096,147120,1600,via_1600x480
VSS,met3-met4,STRIPE,via,37584,146640,39184,147120,1600,via3_1600x480
VSS,met2-met3,STRIPE,via,37584,146640,39184,147120,1600,via2_1600x480
VSS,met1-met2,STRIPE,via,37584,146640,39184,147120,1600,via_1600x480
VSS,met3-met4,STRIPE,via,251478,141200,253078,141680,1600,via3_1600x480
VSS,met2-met3,STRIPE,via,251478,141200,253078,141680,1600,via2_1600x480
VSS,met1-met2,STRIPE,via,251478,141200,253078,141680,1600,via_1600x480
VSS,met3-met4,STRIPE,via,228964,141200,230564,141680,1600,via3_1600x480
VSS,met2-met3,STRIPE,via,228964,141200,230564,141680,1600,via2_1600x480
VSS,met1-met2,STRIPE,via,228964,141200,230564,141680,1600,via_1600x480
VSS,met3-met4,STRIPE,via,200349,141200,201949,141680,1600,via3_1600x480
VSS,met2-met3,STRIPE,via,200349,141200,201949,141680,1600,via2_1600x480
VSS,met1-met2,STRIPE,via,200349,141200,201949,141680,1600,via_1600x480
VSS,met3-met4,STRIPE,via,170986,141200,172586,141680,1600,via3_1600x480
VSS,met2-met3,STRIPE,via,170986,141200,172586,141680,1600,via2_1600x480
VSS,met1-met2,STRIPE,via,170986,141200,172586,141680,1600,via_1600x480
VSS,met3-met4,STRIPE,via,145931,141200,147531,141680,1600,via3_1600x480
VSS,met2-met3,STRIPE,via,145931,141200,147531,141680,1600,via2_1600x480
VSS,met1-met2,STRIPE,via,145931,141200,147531,141680,1600,via_1600x480
VSS,met3-met4,STRIPE,via,119456,141200,121056,141680,1600,via3_1600x480
VSS,met2-met3,STRIPE,via,119456,141200,121056,141680,1600,via2_1600x480
VSS,met1-met2,STRIPE,via,119456,141200,121056,141680,1600,via_1600x480
VSS,met3-met4,STRIPE,via,92387,141200,93987,141680,1600,via3_1600x480
VSS,met2-met3,STRIPE,via,92387,141200,93987,141680,1600,via2_1600x480
VSS,met1-met2,STRIPE,via,92387,141200,93987,141680,1600,via_1600x480
VSS,met3-met4,STRIPE,via,65496,141200,67096,141680,1600,via3_1600x480
VSS,met2-met3,STRIPE,via,65496,141200,67096,141680,1600,via2_1600x480
VSS,met1-met2,STRIPE,via,65496,141200,67096,141680,1600,via_1600x480
VSS,met3-met4,STRIPE,via,37584,141200,39184,141680,1600,via3_1600x480
VSS,met2-met3,STRIPE,via,37584,141200,39184,141680,1600,via2_1600x480
VSS,met1-met2,STRIPE,via,37584,141200,39184,141680,1600,via_1600x480
VSS,met3-met4,STRIPE,via,251478,135760,253078,136240,1600,via3_1600x480
VSS,met2-met3,STRIPE,via,251478,135760,253078,136240,1600,via2_1600x480
VSS,met1-met2,STRIPE,via,251478,135760,253078,136240,1600,via_1600x480
VSS,met3-met4,STRIPE,via,228964,135760,230564,136240,1600,via3_1600x480
VSS,met2-met3,STRIPE,via,228964,135760,230564,136240,1600,via2_1600x480
VSS,met1-met2,STRIPE,via,228964,135760,230564,136240,1600,via_1600x480
VSS,met3-met4,STRIPE,via,200349,135760,201949,136240,1600,via3_1600x480
VSS,met2-met3,STRIPE,via,200349,135760,201949,136240,1600,via2_1600x480
VSS,met1-met2,STRIPE,via,200349,135760,201949,136240,1600,via_1600x480
VSS,met3-met4,STRIPE,via,170986,135760,172586,136240,1600,via3_1600x480
VSS,met2-met3,STRIPE,via,170986,135760,172586,136240,1600,via2_1600x480
VSS,met1-met2,STRIPE,via,170986,135760,172586,136240,1600,via_1600x480
VSS,met3-met4,STRIPE,via,145931,135760,147531,136240,1600,via3_1600x480
VSS,met2-met3,STRIPE,via,145931,135760,147531,136240,1600,via2_1600x480
VSS,met1-met2,STRIPE,via,145931,135760,147531,136240,1600,via_1600x480
VSS,met3-met4,STRIPE,via,119456,135760,121056,136240,1600,via3_1600x480
VSS,met2-met3,STRIPE,via,119456,135760,121056,136240,1600,via2_1600x480
VSS,met1-met2,STRIPE,via,119456,135760,121056,136240,1600,via_1600x480
VSS,met3-met4,STRIPE,via,92387,135760,93987,136240,1600,via3_1600x480
VSS,met2-met3,STRIPE,via,92387,135760,93987,136240,1600,via2_1600x480
VSS,met1-met2,STRIPE,via,92387,135760,93987,136240,1600,via_1600x480
VSS,met3-met4,STRIPE,via,65496,135760,67096,136240,1600,via3_1600x480
VSS,met2-met3,STRIPE,via,65496,135760,67096,136240,1600,via2_1600x480
VSS,met1-met2,STRIPE,via,65496,135760,67096,136240,1600,via_1600x480
VSS,met3-met4,STRIPE,via,37584,135760,39184,136240,1600,via3_1600x480
VSS,met2-met3,STRIPE,via,37584,135760,39184,136240,1600,via2_1600x480
VSS,met1-met2,STRIPE,via,37584,135760,39184,136240,1600,via_1600x480
VSS,met3-met4,STRIPE,via,251478,130320,253078,130800,1600,via3_1600x480
VSS,met2-met3,STRIPE,via,251478,130320,253078,130800,1600,via2_1600x480
VSS,met1-met2,STRIPE,via,251478,130320,253078,130800,1600,via_1600x480
VSS,met3-met4,STRIPE,via,228964,130320,230564,130800,1600,via3_1600x480
VSS,met2-met3,STRIPE,via,228964,130320,230564,130800,1600,via2_1600x480
VSS,met1-met2,STRIPE,via,228964,130320,230564,130800,1600,via_1600x480
VSS,met3-met4,STRIPE,via,200349,130320,201949,130800,1600,via3_1600x480
VSS,met2-met3,STRIPE,via,200349,130320,201949,130800,1600,via2_1600x480
VSS,met1-met2,STRIPE,via,200349,130320,201949,130800,1600,via_1600x480
VSS,met3-met4,STRIPE,via,170986,130320,172586,130800,1600,via3_1600x480
VSS,met2-met3,STRIPE,via,170986,130320,172586,130800,1600,via2_1600x480
VSS,met1-met2,STRIPE,via,170986,130320,172586,130800,1600,via_1600x480
VSS,met3-met4,STRIPE,via,145931,130320,147531,130800,1600,via3_1600x480
VSS,met2-met3,STRIPE,via,145931,130320,147531,130800,1600,via2_1600x480
VSS,met1-met2,STRIPE,via,145931,130320,147531,130800,1600,via_1600x480
VSS,met3-met4,STRIPE,via,119456,130320,121056,130800,1600,via3_1600x480
VSS,met2-met3,STRIPE,via,119456,130320,121056,130800,1600,via2_1600x480
VSS,met1-met2,STRIPE,via,119456,130320,121056,130800,1600,via_1600x480
VSS,met3-met4,STRIPE,via,92387,130320,93987,130800,1600,via3_1600x480
VSS,met2-met3,STRIPE,via,92387,130320,93987,130800,1600,via2_1600x480
VSS,met1-met2,STRIPE,via,92387,130320,93987,130800,1600,via_1600x480
VSS,met3-met4,STRIPE,via,65496,130320,67096,130800,1600,via3_1600x480
VSS,met2-met3,STRIPE,via,65496,130320,67096,130800,1600,via2_1600x480
VSS,met1-met2,STRIPE,via,65496,130320,67096,130800,1600,via_1600x480
VSS,met3-met4,STRIPE,via,37584,130320,39184,130800,1600,via3_1600x480
VSS,met2-met3,STRIPE,via,37584,130320,39184,130800,1600,via2_1600x480
VSS,met1-met2,STRIPE,via,37584,130320,39184,130800,1600,via_1600x480
VSS,met3-met4,STRIPE,via,251478,124880,253078,125360,1600,via3_1600x480
VSS,met2-met3,STRIPE,via,251478,124880,253078,125360,1600,via2_1600x480
VSS,met1-met2,STRIPE,via,251478,124880,253078,125360,1600,via_1600x480
VSS,met3-met4,STRIPE,via,228964,124880,230564,125360,1600,via3_1600x480
VSS,met2-met3,STRIPE,via,228964,124880,230564,125360,1600,via2_1600x480
VSS,met1-met2,STRIPE,via,228964,124880,230564,125360,1600,via_1600x480
VSS,met3-met4,STRIPE,via,200349,124880,201949,125360,1600,via3_1600x480
VSS,met2-met3,STRIPE,via,200349,124880,201949,125360,1600,via2_1600x480
VSS,met1-met2,STRIPE,via,200349,124880,201949,125360,1600,via_1600x480
VSS,met3-met4,STRIPE,via,170986,124880,172586,125360,1600,via3_1600x480
VSS,met2-met3,STRIPE,via,170986,124880,172586,125360,1600,via2_1600x480
VSS,met1-met2,STRIPE,via,170986,124880,172586,125360,1600,via_1600x480
VSS,met3-met4,STRIPE,via,145931,124880,147531,125360,1600,via3_1600x480
VSS,met2-met3,STRIPE,via,145931,124880,147531,125360,1600,via2_1600x480
VSS,met1-met2,STRIPE,via,145931,124880,147531,125360,1600,via_1600x480
VSS,met3-met4,STRIPE,via,119456,124880,121056,125360,1600,via3_1600x480
VSS,met2-met3,STRIPE,via,119456,124880,121056,125360,1600,via2_1600x480
VSS,met1-met2,STRIPE,via,119456,124880,121056,125360,1600,via_1600x480
VSS,met3-met4,STRIPE,via,92387,124880,93987,125360,1600,via3_1600x480
VSS,met2-met3,STRIPE,via,92387,124880,93987,125360,1600,via2_1600x480
VSS,met1-met2,STRIPE,via,92387,124880,93987,125360,1600,via_1600x480
VSS,met3-met4,STRIPE,via,65496,124880,67096,125360,1600,via3_1600x480
VSS,met2-met3,STRIPE,via,65496,124880,67096,125360,1600,via2_1600x480
VSS,met1-met2,STRIPE,via,65496,124880,67096,125360,1600,via_1600x480
VSS,met3-met4,STRIPE,via,37584,124880,39184,125360,1600,via3_1600x480
VSS,met2-met3,STRIPE,via,37584,124880,39184,125360,1600,via2_1600x480
VSS,met1-met2,STRIPE,via,37584,124880,39184,125360,1600,via_1600x480
VSS,met3-met4,STRIPE,via,251478,119440,253078,119920,1600,via3_1600x480
VSS,met2-met3,STRIPE,via,251478,119440,253078,119920,1600,via2_1600x480
VSS,met1-met2,STRIPE,via,251478,119440,253078,119920,1600,via_1600x480
VSS,met3-met4,STRIPE,via,228964,119440,230564,119920,1600,via3_1600x480
VSS,met2-met3,STRIPE,via,228964,119440,230564,119920,1600,via2_1600x480
VSS,met1-met2,STRIPE,via,228964,119440,230564,119920,1600,via_1600x480
VSS,met3-met4,STRIPE,via,200349,119440,201949,119920,1600,via3_1600x480
VSS,met2-met3,STRIPE,via,200349,119440,201949,119920,1600,via2_1600x480
VSS,met1-met2,STRIPE,via,200349,119440,201949,119920,1600,via_1600x480
VSS,met3-met4,STRIPE,via,170986,119440,172586,119920,1600,via3_1600x480
VSS,met2-met3,STRIPE,via,170986,119440,172586,119920,1600,via2_1600x480
VSS,met1-met2,STRIPE,via,170986,119440,172586,119920,1600,via_1600x480
VSS,met3-met4,STRIPE,via,145931,119440,147531,119920,1600,via3_1600x480
VSS,met2-met3,STRIPE,via,145931,119440,147531,119920,1600,via2_1600x480
VSS,met1-met2,STRIPE,via,145931,119440,147531,119920,1600,via_1600x480
VSS,met3-met4,STRIPE,via,119456,119440,121056,119920,1600,via3_1600x480
VSS,met2-met3,STRIPE,via,119456,119440,121056,119920,1600,via2_1600x480
VSS,met1-met2,STRIPE,via,119456,119440,121056,119920,1600,via_1600x480
VSS,met3-met4,STRIPE,via,92387,119440,93987,119920,1600,via3_1600x480
VSS,met2-met3,STRIPE,via,92387,119440,93987,119920,1600,via2_1600x480
VSS,met1-met2,STRIPE,via,92387,119440,93987,119920,1600,via_1600x480
VSS,met3-met4,STRIPE,via,65496,119440,67096,119920,1600,via3_1600x480
VSS,met2-met3,STRIPE,via,65496,119440,67096,119920,1600,via2_1600x480
VSS,met1-met2,STRIPE,via,65496,119440,67096,119920,1600,via_1600x480
VSS,met3-met4,STRIPE,via,37584,119440,39184,119920,1600,via3_1600x480
VSS,met2-met3,STRIPE,via,37584,119440,39184,119920,1600,via2_1600x480
VSS,met1-met2,STRIPE,via,37584,119440,39184,119920,1600,via_1600x480
VSS,met3-met4,STRIPE,via,251478,114000,253078,114480,1600,via3_1600x480
VSS,met2-met3,STRIPE,via,251478,114000,253078,114480,1600,via2_1600x480
VSS,met1-met2,STRIPE,via,251478,114000,253078,114480,1600,via_1600x480
VSS,met3-met4,STRIPE,via,228964,114000,230564,114480,1600,via3_1600x480
VSS,met2-met3,STRIPE,via,228964,114000,230564,114480,1600,via2_1600x480
VSS,met1-met2,STRIPE,via,228964,114000,230564,114480,1600,via_1600x480
VSS,met3-met4,STRIPE,via,200349,114000,201949,114480,1600,via3_1600x480
VSS,met2-met3,STRIPE,via,200349,114000,201949,114480,1600,via2_1600x480
VSS,met1-met2,STRIPE,via,200349,114000,201949,114480,1600,via_1600x480
VSS,met3-met4,STRIPE,via,170986,114000,172586,114480,1600,via3_1600x480
VSS,met2-met3,STRIPE,via,170986,114000,172586,114480,1600,via2_1600x480
VSS,met1-met2,STRIPE,via,170986,114000,172586,114480,1600,via_1600x480
VSS,met3-met4,STRIPE,via,145931,114000,147531,114480,1600,via3_1600x480
VSS,met2-met3,STRIPE,via,145931,114000,147531,114480,1600,via2_1600x480
VSS,met1-met2,STRIPE,via,145931,114000,147531,114480,1600,via_1600x480
VSS,met3-met4,STRIPE,via,119456,114000,121056,114480,1600,via3_1600x480
VSS,met2-met3,STRIPE,via,119456,114000,121056,114480,1600,via2_1600x480
VSS,met1-met2,STRIPE,via,119456,114000,121056,114480,1600,via_1600x480
VSS,met3-met4,STRIPE,via,92387,114000,93987,114480,1600,via3_1600x480
VSS,met2-met3,STRIPE,via,92387,114000,93987,114480,1600,via2_1600x480
VSS,met1-met2,STRIPE,via,92387,114000,93987,114480,1600,via_1600x480
VSS,met3-met4,STRIPE,via,65496,114000,67096,114480,1600,via3_1600x480
VSS,met2-met3,STRIPE,via,65496,114000,67096,114480,1600,via2_1600x480
VSS,met1-met2,STRIPE,via,65496,114000,67096,114480,1600,via_1600x480
VSS,met3-met4,STRIPE,via,37584,114000,39184,114480,1600,via3_1600x480
VSS,met2-met3,STRIPE,via,37584,114000,39184,114480,1600,via2_1600x480
VSS,met1-met2,STRIPE,via,37584,114000,39184,114480,1600,via_1600x480
VSS,met3-met4,STRIPE,via,251478,108560,253078,109040,1600,via3_1600x480
VSS,met2-met3,STRIPE,via,251478,108560,253078,109040,1600,via2_1600x480
VSS,met1-met2,STRIPE,via,251478,108560,253078,109040,1600,via_1600x480
VSS,met3-met4,STRIPE,via,228964,108560,230564,109040,1600,via3_1600x480
VSS,met2-met3,STRIPE,via,228964,108560,230564,109040,1600,via2_1600x480
VSS,met1-met2,STRIPE,via,228964,108560,230564,109040,1600,via_1600x480
VSS,met3-met4,STRIPE,via,200349,108560,201949,109040,1600,via3_1600x480
VSS,met2-met3,STRIPE,via,200349,108560,201949,109040,1600,via2_1600x480
VSS,met1-met2,STRIPE,via,200349,108560,201949,109040,1600,via_1600x480
VSS,met3-met4,STRIPE,via,170986,108560,172586,109040,1600,via3_1600x480
VSS,met2-met3,STRIPE,via,170986,108560,172586,109040,1600,via2_1600x480
VSS,met1-met2,STRIPE,via,170986,108560,172586,109040,1600,via_1600x480
VSS,met3-met4,STRIPE,via,145931,108560,147531,109040,1600,via3_1600x480
VSS,met2-met3,STRIPE,via,145931,108560,147531,109040,1600,via2_1600x480
VSS,met1-met2,STRIPE,via,145931,108560,147531,109040,1600,via_1600x480
VSS,met3-met4,STRIPE,via,119456,108560,121056,109040,1600,via3_1600x480
VSS,met2-met3,STRIPE,via,119456,108560,121056,109040,1600,via2_1600x480
VSS,met1-met2,STRIPE,via,119456,108560,121056,109040,1600,via_1600x480
VSS,met3-met4,STRIPE,via,92387,108560,93987,109040,1600,via3_1600x480
VSS,met2-met3,STRIPE,via,92387,108560,93987,109040,1600,via2_1600x480
VSS,met1-met2,STRIPE,via,92387,108560,93987,109040,1600,via_1600x480
VSS,met3-met4,STRIPE,via,65496,108560,67096,109040,1600,via3_1600x480
VSS,met2-met3,STRIPE,via,65496,108560,67096,109040,1600,via2_1600x480
VSS,met1-met2,STRIPE,via,65496,108560,67096,109040,1600,via_1600x480
VSS,met3-met4,STRIPE,via,37584,108560,39184,109040,1600,via3_1600x480
VSS,met2-met3,STRIPE,via,37584,108560,39184,109040,1600,via2_1600x480
VSS,met1-met2,STRIPE,via,37584,108560,39184,109040,1600,via_1600x480
VSS,met3-met4,STRIPE,via,251478,103120,253078,103600,1600,via3_1600x480
VSS,met2-met3,STRIPE,via,251478,103120,253078,103600,1600,via2_1600x480
VSS,met1-met2,STRIPE,via,251478,103120,253078,103600,1600,via_1600x480
VSS,met3-met4,STRIPE,via,228964,103120,230564,103600,1600,via3_1600x480
VSS,met2-met3,STRIPE,via,228964,103120,230564,103600,1600,via2_1600x480
VSS,met1-met2,STRIPE,via,228964,103120,230564,103600,1600,via_1600x480
VSS,met3-met4,STRIPE,via,200349,103120,201949,103600,1600,via3_1600x480
VSS,met2-met3,STRIPE,via,200349,103120,201949,103600,1600,via2_1600x480
VSS,met1-met2,STRIPE,via,200349,103120,201949,103600,1600,via_1600x480
VSS,met3-met4,STRIPE,via,170986,103120,172586,103600,1600,via3_1600x480
VSS,met2-met3,STRIPE,via,170986,103120,172586,103600,1600,via2_1600x480
VSS,met1-met2,STRIPE,via,170986,103120,172586,103600,1600,via_1600x480
VSS,met3-met4,STRIPE,via,145931,103120,147531,103600,1600,via3_1600x480
VSS,met2-met3,STRIPE,via,145931,103120,147531,103600,1600,via2_1600x480
VSS,met1-met2,STRIPE,via,145931,103120,147531,103600,1600,via_1600x480
VSS,met3-met4,STRIPE,via,119456,103120,121056,103600,1600,via3_1600x480
VSS,met2-met3,STRIPE,via,119456,103120,121056,103600,1600,via2_1600x480
VSS,met1-met2,STRIPE,via,119456,103120,121056,103600,1600,via_1600x480
VSS,met3-met4,STRIPE,via,92387,103120,93987,103600,1600,via3_1600x480
VSS,met2-met3,STRIPE,via,92387,103120,93987,103600,1600,via2_1600x480
VSS,met1-met2,STRIPE,via,92387,103120,93987,103600,1600,via_1600x480
VSS,met3-met4,STRIPE,via,65496,103120,67096,103600,1600,via3_1600x480
VSS,met2-met3,STRIPE,via,65496,103120,67096,103600,1600,via2_1600x480
VSS,met1-met2,STRIPE,via,65496,103120,67096,103600,1600,via_1600x480
VSS,met3-met4,STRIPE,via,37584,103120,39184,103600,1600,via3_1600x480
VSS,met2-met3,STRIPE,via,37584,103120,39184,103600,1600,via2_1600x480
VSS,met1-met2,STRIPE,via,37584,103120,39184,103600,1600,via_1600x480
VSS,met3-met4,STRIPE,via,251478,97680,253078,98160,1600,via3_1600x480
VSS,met2-met3,STRIPE,via,251478,97680,253078,98160,1600,via2_1600x480
VSS,met1-met2,STRIPE,via,251478,97680,253078,98160,1600,via_1600x480
VSS,met3-met4,STRIPE,via,228964,97680,230564,98160,1600,via3_1600x480
VSS,met2-met3,STRIPE,via,228964,97680,230564,98160,1600,via2_1600x480
VSS,met1-met2,STRIPE,via,228964,97680,230564,98160,1600,via_1600x480
VSS,met3-met4,STRIPE,via,200349,97680,201949,98160,1600,via3_1600x480
VSS,met2-met3,STRIPE,via,200349,97680,201949,98160,1600,via2_1600x480
VSS,met1-met2,STRIPE,via,200349,97680,201949,98160,1600,via_1600x480
VSS,met3-met4,STRIPE,via,170986,97680,172586,98160,1600,via3_1600x480
VSS,met2-met3,STRIPE,via,170986,97680,172586,98160,1600,via2_1600x480
VSS,met1-met2,STRIPE,via,170986,97680,172586,98160,1600,via_1600x480
VSS,met3-met4,STRIPE,via,145931,97680,147531,98160,1600,via3_1600x480
VSS,met2-met3,STRIPE,via,145931,97680,147531,98160,1600,via2_1600x480
VSS,met1-met2,STRIPE,via,145931,97680,147531,98160,1600,via_1600x480
VSS,met3-met4,STRIPE,via,119456,97680,121056,98160,1600,via3_1600x480
VSS,met2-met3,STRIPE,via,119456,97680,121056,98160,1600,via2_1600x480
VSS,met1-met2,STRIPE,via,119456,97680,121056,98160,1600,via_1600x480
VSS,met3-met4,STRIPE,via,92387,97680,93987,98160,1600,via3_1600x480
VSS,met2-met3,STRIPE,via,92387,97680,93987,98160,1600,via2_1600x480
VSS,met1-met2,STRIPE,via,92387,97680,93987,98160,1600,via_1600x480
VSS,met3-met4,STRIPE,via,65496,97680,67096,98160,1600,via3_1600x480
VSS,met2-met3,STRIPE,via,65496,97680,67096,98160,1600,via2_1600x480
VSS,met1-met2,STRIPE,via,65496,97680,67096,98160,1600,via_1600x480
VSS,met3-met4,STRIPE,via,37584,97680,39184,98160,1600,via3_1600x480
VSS,met2-met3,STRIPE,via,37584,97680,39184,98160,1600,via2_1600x480
VSS,met1-met2,STRIPE,via,37584,97680,39184,98160,1600,via_1600x480
VSS,met3-met4,STRIPE,via,251478,92240,253078,92720,1600,via3_1600x480
VSS,met2-met3,STRIPE,via,251478,92240,253078,92720,1600,via2_1600x480
VSS,met1-met2,STRIPE,via,251478,92240,253078,92720,1600,via_1600x480
VSS,met3-met4,STRIPE,via,228964,92240,230564,92720,1600,via3_1600x480
VSS,met2-met3,STRIPE,via,228964,92240,230564,92720,1600,via2_1600x480
VSS,met1-met2,STRIPE,via,228964,92240,230564,92720,1600,via_1600x480
VSS,met3-met4,STRIPE,via,200349,92240,201949,92720,1600,via3_1600x480
VSS,met2-met3,STRIPE,via,200349,92240,201949,92720,1600,via2_1600x480
VSS,met1-met2,STRIPE,via,200349,92240,201949,92720,1600,via_1600x480
VSS,met3-met4,STRIPE,via,170986,92240,172586,92720,1600,via3_1600x480
VSS,met2-met3,STRIPE,via,170986,92240,172586,92720,1600,via2_1600x480
VSS,met1-met2,STRIPE,via,170986,92240,172586,92720,1600,via_1600x480
VSS,met3-met4,STRIPE,via,145931,92240,147531,92720,1600,via3_1600x480
VSS,met2-met3,STRIPE,via,145931,92240,147531,92720,1600,via2_1600x480
VSS,met1-met2,STRIPE,via,145931,92240,147531,92720,1600,via_1600x480
VSS,met3-met4,STRIPE,via,119456,92240,121056,92720,1600,via3_1600x480
VSS,met2-met3,STRIPE,via,119456,92240,121056,92720,1600,via2_1600x480
VSS,met1-met2,STRIPE,via,119456,92240,121056,92720,1600,via_1600x480
VSS,met3-met4,STRIPE,via,92387,92240,93987,92720,1600,via3_1600x480
VSS,met2-met3,STRIPE,via,92387,92240,93987,92720,1600,via2_1600x480
VSS,met1-met2,STRIPE,via,92387,92240,93987,92720,1600,via_1600x480
VSS,met3-met4,STRIPE,via,65496,92240,67096,92720,1600,via3_1600x480
VSS,met2-met3,STRIPE,via,65496,92240,67096,92720,1600,via2_1600x480
VSS,met1-met2,STRIPE,via,65496,92240,67096,92720,1600,via_1600x480
VSS,met3-met4,STRIPE,via,37584,92240,39184,92720,1600,via3_1600x480
VSS,met2-met3,STRIPE,via,37584,92240,39184,92720,1600,via2_1600x480
VSS,met1-met2,STRIPE,via,37584,92240,39184,92720,1600,via_1600x480
VSS,met3-met4,STRIPE,via,251478,86800,253078,87280,1600,via3_1600x480
VSS,met2-met3,STRIPE,via,251478,86800,253078,87280,1600,via2_1600x480
VSS,met1-met2,STRIPE,via,251478,86800,253078,87280,1600,via_1600x480
VSS,met3-met4,STRIPE,via,228964,86800,230564,87280,1600,via3_1600x480
VSS,met2-met3,STRIPE,via,228964,86800,230564,87280,1600,via2_1600x480
VSS,met1-met2,STRIPE,via,228964,86800,230564,87280,1600,via_1600x480
VSS,met3-met4,STRIPE,via,200349,86800,201949,87280,1600,via3_1600x480
VSS,met2-met3,STRIPE,via,200349,86800,201949,87280,1600,via2_1600x480
VSS,met1-met2,STRIPE,via,200349,86800,201949,87280,1600,via_1600x480
VSS,met3-met4,STRIPE,via,170986,86800,172586,87280,1600,via3_1600x480
VSS,met2-met3,STRIPE,via,170986,86800,172586,87280,1600,via2_1600x480
VSS,met1-met2,STRIPE,via,170986,86800,172586,87280,1600,via_1600x480
VSS,met3-met4,STRIPE,via,145931,86800,147531,87280,1600,via3_1600x480
VSS,met2-met3,STRIPE,via,145931,86800,147531,87280,1600,via2_1600x480
VSS,met1-met2,STRIPE,via,145931,86800,147531,87280,1600,via_1600x480
VSS,met3-met4,STRIPE,via,119456,86800,121056,87280,1600,via3_1600x480
VSS,met2-met3,STRIPE,via,119456,86800,121056,87280,1600,via2_1600x480
VSS,met1-met2,STRIPE,via,119456,86800,121056,87280,1600,via_1600x480
VSS,met3-met4,STRIPE,via,92387,86800,93987,87280,1600,via3_1600x480
VSS,met2-met3,STRIPE,via,92387,86800,93987,87280,1600,via2_1600x480
VSS,met1-met2,STRIPE,via,92387,86800,93987,87280,1600,via_1600x480
VSS,met3-met4,STRIPE,via,65496,86800,67096,87280,1600,via3_1600x480
VSS,met2-met3,STRIPE,via,65496,86800,67096,87280,1600,via2_1600x480
VSS,met1-met2,STRIPE,via,65496,86800,67096,87280,1600,via_1600x480
VSS,met3-met4,STRIPE,via,37584,86800,39184,87280,1600,via3_1600x480
VSS,met2-met3,STRIPE,via,37584,86800,39184,87280,1600,via2_1600x480
VSS,met1-met2,STRIPE,via,37584,86800,39184,87280,1600,via_1600x480
VSS,met3-met4,STRIPE,via,251478,81360,253078,81840,1600,via3_1600x480
VSS,met2-met3,STRIPE,via,251478,81360,253078,81840,1600,via2_1600x480
VSS,met1-met2,STRIPE,via,251478,81360,253078,81840,1600,via_1600x480
VSS,met3-met4,STRIPE,via,228964,81360,230564,81840,1600,via3_1600x480
VSS,met2-met3,STRIPE,via,228964,81360,230564,81840,1600,via2_1600x480
VSS,met1-met2,STRIPE,via,228964,81360,230564,81840,1600,via_1600x480
VSS,met3-met4,STRIPE,via,200349,81360,201949,81840,1600,via3_1600x480
VSS,met2-met3,STRIPE,via,200349,81360,201949,81840,1600,via2_1600x480
VSS,met1-met2,STRIPE,via,200349,81360,201949,81840,1600,via_1600x480
VSS,met3-met4,STRIPE,via,170986,81360,172586,81840,1600,via3_1600x480
VSS,met2-met3,STRIPE,via,170986,81360,172586,81840,1600,via2_1600x480
VSS,met1-met2,STRIPE,via,170986,81360,172586,81840,1600,via_1600x480
VSS,met3-met4,STRIPE,via,145931,81360,147531,81840,1600,via3_1600x480
VSS,met2-met3,STRIPE,via,145931,81360,147531,81840,1600,via2_1600x480
VSS,met1-met2,STRIPE,via,145931,81360,147531,81840,1600,via_1600x480
VSS,met3-met4,STRIPE,via,119456,81360,121056,81840,1600,via3_1600x480
VSS,met2-met3,STRIPE,via,119456,81360,121056,81840,1600,via2_1600x480
VSS,met1-met2,STRIPE,via,119456,81360,121056,81840,1600,via_1600x480
VSS,met3-met4,STRIPE,via,92387,81360,93987,81840,1600,via3_1600x480
VSS,met2-met3,STRIPE,via,92387,81360,93987,81840,1600,via2_1600x480
VSS,met1-met2,STRIPE,via,92387,81360,93987,81840,1600,via_1600x480
VSS,met3-met4,STRIPE,via,65496,81360,67096,81840,1600,via3_1600x480
VSS,met2-met3,STRIPE,via,65496,81360,67096,81840,1600,via2_1600x480
VSS,met1-met2,STRIPE,via,65496,81360,67096,81840,1600,via_1600x480
VSS,met3-met4,STRIPE,via,37584,81360,39184,81840,1600,via3_1600x480
VSS,met2-met3,STRIPE,via,37584,81360,39184,81840,1600,via2_1600x480
VSS,met1-met2,STRIPE,via,37584,81360,39184,81840,1600,via_1600x480
VSS,met3-met4,STRIPE,via,251478,75920,253078,76400,1600,via3_1600x480
VSS,met2-met3,STRIPE,via,251478,75920,253078,76400,1600,via2_1600x480
VSS,met1-met2,STRIPE,via,251478,75920,253078,76400,1600,via_1600x480
VSS,met3-met4,STRIPE,via,228964,75920,230564,76400,1600,via3_1600x480
VSS,met2-met3,STRIPE,via,228964,75920,230564,76400,1600,via2_1600x480
VSS,met1-met2,STRIPE,via,228964,75920,230564,76400,1600,via_1600x480
VSS,met3-met4,STRIPE,via,200349,75920,201949,76400,1600,via3_1600x480
VSS,met2-met3,STRIPE,via,200349,75920,201949,76400,1600,via2_1600x480
VSS,met1-met2,STRIPE,via,200349,75920,201949,76400,1600,via_1600x480
VSS,met3-met4,STRIPE,via,170986,75920,172586,76400,1600,via3_1600x480
VSS,met2-met3,STRIPE,via,170986,75920,172586,76400,1600,via2_1600x480
VSS,met1-met2,STRIPE,via,170986,75920,172586,76400,1600,via_1600x480
VSS,met3-met4,STRIPE,via,145931,75920,147531,76400,1600,via3_1600x480
VSS,met2-met3,STRIPE,via,145931,75920,147531,76400,1600,via2_1600x480
VSS,met1-met2,STRIPE,via,145931,75920,147531,76400,1600,via_1600x480
VSS,met3-met4,STRIPE,via,119456,75920,121056,76400,1600,via3_1600x480
VSS,met2-met3,STRIPE,via,119456,75920,121056,76400,1600,via2_1600x480
VSS,met1-met2,STRIPE,via,119456,75920,121056,76400,1600,via_1600x480
VSS,met3-met4,STRIPE,via,92387,75920,93987,76400,1600,via3_1600x480
VSS,met2-met3,STRIPE,via,92387,75920,93987,76400,1600,via2_1600x480
VSS,met1-met2,STRIPE,via,92387,75920,93987,76400,1600,via_1600x480
VSS,met3-met4,STRIPE,via,65496,75920,67096,76400,1600,via3_1600x480
VSS,met2-met3,STRIPE,via,65496,75920,67096,76400,1600,via2_1600x480
VSS,met1-met2,STRIPE,via,65496,75920,67096,76400,1600,via_1600x480
VSS,met3-met4,STRIPE,via,37584,75920,39184,76400,1600,via3_1600x480
VSS,met2-met3,STRIPE,via,37584,75920,39184,76400,1600,via2_1600x480
VSS,met1-met2,STRIPE,via,37584,75920,39184,76400,1600,via_1600x480
VSS,met3-met4,STRIPE,via,251478,70480,253078,70960,1600,via3_1600x480
VSS,met2-met3,STRIPE,via,251478,70480,253078,70960,1600,via2_1600x480
VSS,met1-met2,STRIPE,via,251478,70480,253078,70960,1600,via_1600x480
VSS,met3-met4,STRIPE,via,228964,70480,230564,70960,1600,via3_1600x480
VSS,met2-met3,STRIPE,via,228964,70480,230564,70960,1600,via2_1600x480
VSS,met1-met2,STRIPE,via,228964,70480,230564,70960,1600,via_1600x480
VSS,met3-met4,STRIPE,via,200349,70480,201949,70960,1600,via3_1600x480
VSS,met2-met3,STRIPE,via,200349,70480,201949,70960,1600,via2_1600x480
VSS,met1-met2,STRIPE,via,200349,70480,201949,70960,1600,via_1600x480
VSS,met3-met4,STRIPE,via,170986,70480,172586,70960,1600,via3_1600x480
VSS,met2-met3,STRIPE,via,170986,70480,172586,70960,1600,via2_1600x480
VSS,met1-met2,STRIPE,via,170986,70480,172586,70960,1600,via_1600x480
VSS,met3-met4,STRIPE,via,145931,70480,147531,70960,1600,via3_1600x480
VSS,met2-met3,STRIPE,via,145931,70480,147531,70960,1600,via2_1600x480
VSS,met1-met2,STRIPE,via,145931,70480,147531,70960,1600,via_1600x480
VSS,met3-met4,STRIPE,via,119456,70480,121056,70960,1600,via3_1600x480
VSS,met2-met3,STRIPE,via,119456,70480,121056,70960,1600,via2_1600x480
VSS,met1-met2,STRIPE,via,119456,70480,121056,70960,1600,via_1600x480
VSS,met3-met4,STRIPE,via,92387,70480,93987,70960,1600,via3_1600x480
VSS,met2-met3,STRIPE,via,92387,70480,93987,70960,1600,via2_1600x480
VSS,met1-met2,STRIPE,via,92387,70480,93987,70960,1600,via_1600x480
VSS,met3-met4,STRIPE,via,65496,70480,67096,70960,1600,via3_1600x480
VSS,met2-met3,STRIPE,via,65496,70480,67096,70960,1600,via2_1600x480
VSS,met1-met2,STRIPE,via,65496,70480,67096,70960,1600,via_1600x480
VSS,met3-met4,STRIPE,via,37584,70480,39184,70960,1600,via3_1600x480
VSS,met2-met3,STRIPE,via,37584,70480,39184,70960,1600,via2_1600x480
VSS,met1-met2,STRIPE,via,37584,70480,39184,70960,1600,via_1600x480
VSS,met3-met4,STRIPE,via,251478,65040,253078,65520,1600,via3_1600x480
VSS,met2-met3,STRIPE,via,251478,65040,253078,65520,1600,via2_1600x480
VSS,met1-met2,STRIPE,via,251478,65040,253078,65520,1600,via_1600x480
VSS,met3-met4,STRIPE,via,228964,65040,230564,65520,1600,via3_1600x480
VSS,met2-met3,STRIPE,via,228964,65040,230564,65520,1600,via2_1600x480
VSS,met1-met2,STRIPE,via,228964,65040,230564,65520,1600,via_1600x480
VSS,met3-met4,STRIPE,via,200349,65040,201949,65520,1600,via3_1600x480
VSS,met2-met3,STRIPE,via,200349,65040,201949,65520,1600,via2_1600x480
VSS,met1-met2,STRIPE,via,200349,65040,201949,65520,1600,via_1600x480
VSS,met3-met4,STRIPE,via,170986,65040,172586,65520,1600,via3_1600x480
VSS,met2-met3,STRIPE,via,170986,65040,172586,65520,1600,via2_1600x480
VSS,met1-met2,STRIPE,via,170986,65040,172586,65520,1600,via_1600x480
VSS,met3-met4,STRIPE,via,145931,65040,147531,65520,1600,via3_1600x480
VSS,met2-met3,STRIPE,via,145931,65040,147531,65520,1600,via2_1600x480
VSS,met1-met2,STRIPE,via,145931,65040,147531,65520,1600,via_1600x480
VSS,met3-met4,STRIPE,via,119456,65040,121056,65520,1600,via3_1600x480
VSS,met2-met3,STRIPE,via,119456,65040,121056,65520,1600,via2_1600x480
VSS,met1-met2,STRIPE,via,119456,65040,121056,65520,1600,via_1600x480
VSS,met3-met4,STRIPE,via,92387,65040,93987,65520,1600,via3_1600x480
VSS,met2-met3,STRIPE,via,92387,65040,93987,65520,1600,via2_1600x480
VSS,met1-met2,STRIPE,via,92387,65040,93987,65520,1600,via_1600x480
VSS,met3-met4,STRIPE,via,65496,65040,67096,65520,1600,via3_1600x480
VSS,met2-met3,STRIPE,via,65496,65040,67096,65520,1600,via2_1600x480
VSS,met1-met2,STRIPE,via,65496,65040,67096,65520,1600,via_1600x480
VSS,met3-met4,STRIPE,via,37584,65040,39184,65520,1600,via3_1600x480
VSS,met2-met3,STRIPE,via,37584,65040,39184,65520,1600,via2_1600x480
VSS,met1-met2,STRIPE,via,37584,65040,39184,65520,1600,via_1600x480
VSS,met3-met4,STRIPE,via,251478,59600,253078,60080,1600,via3_1600x480
VSS,met2-met3,STRIPE,via,251478,59600,253078,60080,1600,via2_1600x480
VSS,met1-met2,STRIPE,via,251478,59600,253078,60080,1600,via_1600x480
VSS,met3-met4,STRIPE,via,228964,59600,230564,60080,1600,via3_1600x480
VSS,met2-met3,STRIPE,via,228964,59600,230564,60080,1600,via2_1600x480
VSS,met1-met2,STRIPE,via,228964,59600,230564,60080,1600,via_1600x480
VSS,met3-met4,STRIPE,via,200349,59600,201949,60080,1600,via3_1600x480
VSS,met2-met3,STRIPE,via,200349,59600,201949,60080,1600,via2_1600x480
VSS,met1-met2,STRIPE,via,200349,59600,201949,60080,1600,via_1600x480
VSS,met3-met4,STRIPE,via,170986,59600,172586,60080,1600,via3_1600x480
VSS,met2-met3,STRIPE,via,170986,59600,172586,60080,1600,via2_1600x480
VSS,met1-met2,STRIPE,via,170986,59600,172586,60080,1600,via_1600x480
VSS,met3-met4,STRIPE,via,145931,59600,147531,60080,1600,via3_1600x480
VSS,met2-met3,STRIPE,via,145931,59600,147531,60080,1600,via2_1600x480
VSS,met1-met2,STRIPE,via,145931,59600,147531,60080,1600,via_1600x480
VSS,met3-met4,STRIPE,via,119456,59600,121056,60080,1600,via3_1600x480
VSS,met2-met3,STRIPE,via,119456,59600,121056,60080,1600,via2_1600x480
VSS,met1-met2,STRIPE,via,119456,59600,121056,60080,1600,via_1600x480
VSS,met3-met4,STRIPE,via,92387,59600,93987,60080,1600,via3_1600x480
VSS,met2-met3,STRIPE,via,92387,59600,93987,60080,1600,via2_1600x480
VSS,met1-met2,STRIPE,via,92387,59600,93987,60080,1600,via_1600x480
VSS,met3-met4,STRIPE,via,65496,59600,67096,60080,1600,via3_1600x480
VSS,met2-met3,STRIPE,via,65496,59600,67096,60080,1600,via2_1600x480
VSS,met1-met2,STRIPE,via,65496,59600,67096,60080,1600,via_1600x480
VSS,met3-met4,STRIPE,via,37584,59600,39184,60080,1600,via3_1600x480
VSS,met2-met3,STRIPE,via,37584,59600,39184,60080,1600,via2_1600x480
VSS,met1-met2,STRIPE,via,37584,59600,39184,60080,1600,via_1600x480
VSS,met3-met4,STRIPE,via,251478,54160,253078,54640,1600,via3_1600x480
VSS,met2-met3,STRIPE,via,251478,54160,253078,54640,1600,via2_1600x480
VSS,met1-met2,STRIPE,via,251478,54160,253078,54640,1600,via_1600x480
VSS,met3-met4,STRIPE,via,228964,54160,230564,54640,1600,via3_1600x480
VSS,met2-met3,STRIPE,via,228964,54160,230564,54640,1600,via2_1600x480
VSS,met1-met2,STRIPE,via,228964,54160,230564,54640,1600,via_1600x480
VSS,met3-met4,STRIPE,via,200349,54160,201949,54640,1600,via3_1600x480
VSS,met2-met3,STRIPE,via,200349,54160,201949,54640,1600,via2_1600x480
VSS,met1-met2,STRIPE,via,200349,54160,201949,54640,1600,via_1600x480
VSS,met3-met4,STRIPE,via,170986,54160,172586,54640,1600,via3_1600x480
VSS,met2-met3,STRIPE,via,170986,54160,172586,54640,1600,via2_1600x480
VSS,met1-met2,STRIPE,via,170986,54160,172586,54640,1600,via_1600x480
VSS,met3-met4,STRIPE,via,145931,54160,147531,54640,1600,via3_1600x480
VSS,met2-met3,STRIPE,via,145931,54160,147531,54640,1600,via2_1600x480
VSS,met1-met2,STRIPE,via,145931,54160,147531,54640,1600,via_1600x480
VSS,met3-met4,STRIPE,via,119456,54160,121056,54640,1600,via3_1600x480
VSS,met2-met3,STRIPE,via,119456,54160,121056,54640,1600,via2_1600x480
VSS,met1-met2,STRIPE,via,119456,54160,121056,54640,1600,via_1600x480
VSS,met3-met4,STRIPE,via,92387,54160,93987,54640,1600,via3_1600x480
VSS,met2-met3,STRIPE,via,92387,54160,93987,54640,1600,via2_1600x480
VSS,met1-met2,STRIPE,via,92387,54160,93987,54640,1600,via_1600x480
VSS,met3-met4,STRIPE,via,65496,54160,67096,54640,1600,via3_1600x480
VSS,met2-met3,STRIPE,via,65496,54160,67096,54640,1600,via2_1600x480
VSS,met1-met2,STRIPE,via,65496,54160,67096,54640,1600,via_1600x480
VSS,met3-met4,STRIPE,via,37584,54160,39184,54640,1600,via3_1600x480
VSS,met2-met3,STRIPE,via,37584,54160,39184,54640,1600,via2_1600x480
VSS,met1-met2,STRIPE,via,37584,54160,39184,54640,1600,via_1600x480
VSS,met3-met4,STRIPE,via,251478,48720,253078,49200,1600,via3_1600x480
VSS,met2-met3,STRIPE,via,251478,48720,253078,49200,1600,via2_1600x480
VSS,met1-met2,STRIPE,via,251478,48720,253078,49200,1600,via_1600x480
VSS,met3-met4,STRIPE,via,228964,48720,230564,49200,1600,via3_1600x480
VSS,met2-met3,STRIPE,via,228964,48720,230564,49200,1600,via2_1600x480
VSS,met1-met2,STRIPE,via,228964,48720,230564,49200,1600,via_1600x480
VSS,met3-met4,STRIPE,via,200349,48720,201949,49200,1600,via3_1600x480
VSS,met2-met3,STRIPE,via,200349,48720,201949,49200,1600,via2_1600x480
VSS,met1-met2,STRIPE,via,200349,48720,201949,49200,1600,via_1600x480
VSS,met3-met4,STRIPE,via,170986,48720,172586,49200,1600,via3_1600x480
VSS,met2-met3,STRIPE,via,170986,48720,172586,49200,1600,via2_1600x480
VSS,met1-met2,STRIPE,via,170986,48720,172586,49200,1600,via_1600x480
VSS,met3-met4,STRIPE,via,145931,48720,147531,49200,1600,via3_1600x480
VSS,met2-met3,STRIPE,via,145931,48720,147531,49200,1600,via2_1600x480
VSS,met1-met2,STRIPE,via,145931,48720,147531,49200,1600,via_1600x480
VSS,met3-met4,STRIPE,via,119456,48720,121056,49200,1600,via3_1600x480
VSS,met2-met3,STRIPE,via,119456,48720,121056,49200,1600,via2_1600x480
VSS,met1-met2,STRIPE,via,119456,48720,121056,49200,1600,via_1600x480
VSS,met3-met4,STRIPE,via,92387,48720,93987,49200,1600,via3_1600x480
VSS,met2-met3,STRIPE,via,92387,48720,93987,49200,1600,via2_1600x480
VSS,met1-met2,STRIPE,via,92387,48720,93987,49200,1600,via_1600x480
VSS,met3-met4,STRIPE,via,65496,48720,67096,49200,1600,via3_1600x480
VSS,met2-met3,STRIPE,via,65496,48720,67096,49200,1600,via2_1600x480
VSS,met1-met2,STRIPE,via,65496,48720,67096,49200,1600,via_1600x480
VSS,met3-met4,STRIPE,via,37584,48720,39184,49200,1600,via3_1600x480
VSS,met2-met3,STRIPE,via,37584,48720,39184,49200,1600,via2_1600x480
VSS,met1-met2,STRIPE,via,37584,48720,39184,49200,1600,via_1600x480
VSS,met3-met4,STRIPE,via,251478,43280,253078,43760,1600,via3_1600x480
VSS,met2-met3,STRIPE,via,251478,43280,253078,43760,1600,via2_1600x480
VSS,met1-met2,STRIPE,via,251478,43280,253078,43760,1600,via_1600x480
VSS,met3-met4,STRIPE,via,228964,43280,230564,43760,1600,via3_1600x480
VSS,met2-met3,STRIPE,via,228964,43280,230564,43760,1600,via2_1600x480
VSS,met1-met2,STRIPE,via,228964,43280,230564,43760,1600,via_1600x480
VSS,met3-met4,STRIPE,via,200349,43280,201949,43760,1600,via3_1600x480
VSS,met2-met3,STRIPE,via,200349,43280,201949,43760,1600,via2_1600x480
VSS,met1-met2,STRIPE,via,200349,43280,201949,43760,1600,via_1600x480
VSS,met3-met4,STRIPE,via,170986,43280,172586,43760,1600,via3_1600x480
VSS,met2-met3,STRIPE,via,170986,43280,172586,43760,1600,via2_1600x480
VSS,met1-met2,STRIPE,via,170986,43280,172586,43760,1600,via_1600x480
VSS,met3-met4,STRIPE,via,145931,43280,147531,43760,1600,via3_1600x480
VSS,met2-met3,STRIPE,via,145931,43280,147531,43760,1600,via2_1600x480
VSS,met1-met2,STRIPE,via,145931,43280,147531,43760,1600,via_1600x480
VSS,met3-met4,STRIPE,via,119456,43280,121056,43760,1600,via3_1600x480
VSS,met2-met3,STRIPE,via,119456,43280,121056,43760,1600,via2_1600x480
VSS,met1-met2,STRIPE,via,119456,43280,121056,43760,1600,via_1600x480
VSS,met3-met4,STRIPE,via,92387,43280,93987,43760,1600,via3_1600x480
VSS,met2-met3,STRIPE,via,92387,43280,93987,43760,1600,via2_1600x480
VSS,met1-met2,STRIPE,via,92387,43280,93987,43760,1600,via_1600x480
VSS,met3-met4,STRIPE,via,65496,43280,67096,43760,1600,via3_1600x480
VSS,met2-met3,STRIPE,via,65496,43280,67096,43760,1600,via2_1600x480
VSS,met1-met2,STRIPE,via,65496,43280,67096,43760,1600,via_1600x480
VSS,met3-met4,STRIPE,via,37584,43280,39184,43760,1600,via3_1600x480
VSS,met2-met3,STRIPE,via,37584,43280,39184,43760,1600,via2_1600x480
VSS,met1-met2,STRIPE,via,37584,43280,39184,43760,1600,via_1600x480
VSS,met3-met4,STRIPE,via,251478,37840,253078,38320,1600,via3_1600x480
VSS,met2-met3,STRIPE,via,251478,37840,253078,38320,1600,via2_1600x480
VSS,met1-met2,STRIPE,via,251478,37840,253078,38320,1600,via_1600x480
VSS,met3-met4,STRIPE,via,228964,37840,230564,38320,1600,via3_1600x480
VSS,met2-met3,STRIPE,via,228964,37840,230564,38320,1600,via2_1600x480
VSS,met1-met2,STRIPE,via,228964,37840,230564,38320,1600,via_1600x480
VSS,met3-met4,STRIPE,via,200349,37840,201949,38320,1600,via3_1600x480
VSS,met2-met3,STRIPE,via,200349,37840,201949,38320,1600,via2_1600x480
VSS,met1-met2,STRIPE,via,200349,37840,201949,38320,1600,via_1600x480
VSS,met3-met4,STRIPE,via,170986,37840,172586,38320,1600,via3_1600x480
VSS,met2-met3,STRIPE,via,170986,37840,172586,38320,1600,via2_1600x480
VSS,met1-met2,STRIPE,via,170986,37840,172586,38320,1600,via_1600x480
VSS,met3-met4,STRIPE,via,145931,37840,147531,38320,1600,via3_1600x480
VSS,met2-met3,STRIPE,via,145931,37840,147531,38320,1600,via2_1600x480
VSS,met1-met2,STRIPE,via,145931,37840,147531,38320,1600,via_1600x480
VSS,met3-met4,STRIPE,via,119456,37840,121056,38320,1600,via3_1600x480
VSS,met2-met3,STRIPE,via,119456,37840,121056,38320,1600,via2_1600x480
VSS,met1-met2,STRIPE,via,119456,37840,121056,38320,1600,via_1600x480
VSS,met3-met4,STRIPE,via,92387,37840,93987,38320,1600,via3_1600x480
VSS,met2-met3,STRIPE,via,92387,37840,93987,38320,1600,via2_1600x480
VSS,met1-met2,STRIPE,via,92387,37840,93987,38320,1600,via_1600x480
VSS,met3-met4,STRIPE,via,65496,37840,67096,38320,1600,via3_1600x480
VSS,met2-met3,STRIPE,via,65496,37840,67096,38320,1600,via2_1600x480
VSS,met1-met2,STRIPE,via,65496,37840,67096,38320,1600,via_1600x480
VSS,met3-met4,STRIPE,via,37584,37840,39184,38320,1600,via3_1600x480
VSS,met2-met3,STRIPE,via,37584,37840,39184,38320,1600,via2_1600x480
VSS,met1-met2,STRIPE,via,37584,37840,39184,38320,1600,via_1600x480
VSS,met3-met4,STRIPE,via,251478,32400,253078,32880,1600,via3_1600x480
VSS,met2-met3,STRIPE,via,251478,32400,253078,32880,1600,via2_1600x480
VSS,met1-met2,STRIPE,via,251478,32400,253078,32880,1600,via_1600x480
VSS,met3-met4,STRIPE,via,228964,32400,230564,32880,1600,via3_1600x480
VSS,met2-met3,STRIPE,via,228964,32400,230564,32880,1600,via2_1600x480
VSS,met1-met2,STRIPE,via,228964,32400,230564,32880,1600,via_1600x480
VSS,met3-met4,STRIPE,via,200349,32400,201949,32880,1600,via3_1600x480
VSS,met2-met3,STRIPE,via,200349,32400,201949,32880,1600,via2_1600x480
VSS,met1-met2,STRIPE,via,200349,32400,201949,32880,1600,via_1600x480
VSS,met3-met4,STRIPE,via,170986,32400,172586,32880,1600,via3_1600x480
VSS,met2-met3,STRIPE,via,170986,32400,172586,32880,1600,via2_1600x480
VSS,met1-met2,STRIPE,via,170986,32400,172586,32880,1600,via_1600x480
VSS,met3-met4,STRIPE,via,145931,32400,147531,32880,1600,via3_1600x480
VSS,met2-met3,STRIPE,via,145931,32400,147531,32880,1600,via2_1600x480
VSS,met1-met2,STRIPE,via,145931,32400,147531,32880,1600,via_1600x480
VSS,met3-met4,STRIPE,via,119456,32400,121056,32880,1600,via3_1600x480
VSS,met2-met3,STRIPE,via,119456,32400,121056,32880,1600,via2_1600x480
VSS,met1-met2,STRIPE,via,119456,32400,121056,32880,1600,via_1600x480
VSS,met3-met4,STRIPE,via,92387,32400,93987,32880,1600,via3_1600x480
VSS,met2-met3,STRIPE,via,92387,32400,93987,32880,1600,via2_1600x480
VSS,met1-met2,STRIPE,via,92387,32400,93987,32880,1600,via_1600x480
VSS,met3-met4,STRIPE,via,65496,32400,67096,32880,1600,via3_1600x480
VSS,met2-met3,STRIPE,via,65496,32400,67096,32880,1600,via2_1600x480
VSS,met1-met2,STRIPE,via,65496,32400,67096,32880,1600,via_1600x480
VSS,met3-met4,STRIPE,via,37584,32400,39184,32880,1600,via3_1600x480
VSS,met2-met3,STRIPE,via,37584,32400,39184,32880,1600,via2_1600x480
VSS,met1-met2,STRIPE,via,37584,32400,39184,32880,1600,via_1600x480
VSS,met3-met4,STRIPE,via,251478,26960,253078,27440,1600,via3_1600x480
VSS,met2-met3,STRIPE,via,251478,26960,253078,27440,1600,via2_1600x480
VSS,met1-met2,STRIPE,via,251478,26960,253078,27440,1600,via_1600x480
VSS,met3-met4,STRIPE,via,228964,26960,230564,27440,1600,via3_1600x480
VSS,met2-met3,STRIPE,via,228964,26960,230564,27440,1600,via2_1600x480
VSS,met1-met2,STRIPE,via,228964,26960,230564,27440,1600,via_1600x480
VSS,met3-met4,STRIPE,via,200349,26960,201949,27440,1600,via3_1600x480
VSS,met2-met3,STRIPE,via,200349,26960,201949,27440,1600,via2_1600x480
VSS,met1-met2,STRIPE,via,200349,26960,201949,27440,1600,via_1600x480
VSS,met3-met4,STRIPE,via,170986,26960,172586,27440,1600,via3_1600x480
VSS,met2-met3,STRIPE,via,170986,26960,172586,27440,1600,via2_1600x480
VSS,met1-met2,STRIPE,via,170986,26960,172586,27440,1600,via_1600x480
VSS,met3-met4,STRIPE,via,145931,26960,147531,27440,1600,via3_1600x480
VSS,met2-met3,STRIPE,via,145931,26960,147531,27440,1600,via2_1600x480
VSS,met1-met2,STRIPE,via,145931,26960,147531,27440,1600,via_1600x480
VSS,met3-met4,STRIPE,via,119456,26960,121056,27440,1600,via3_1600x480
VSS,met2-met3,STRIPE,via,119456,26960,121056,27440,1600,via2_1600x480
VSS,met1-met2,STRIPE,via,119456,26960,121056,27440,1600,via_1600x480
VSS,met3-met4,STRIPE,via,92387,26960,93987,27440,1600,via3_1600x480
VSS,met2-met3,STRIPE,via,92387,26960,93987,27440,1600,via2_1600x480
VSS,met1-met2,STRIPE,via,92387,26960,93987,27440,1600,via_1600x480
VSS,met3-met4,STRIPE,via,65496,26960,67096,27440,1600,via3_1600x480
VSS,met2-met3,STRIPE,via,65496,26960,67096,27440,1600,via2_1600x480
VSS,met1-met2,STRIPE,via,65496,26960,67096,27440,1600,via_1600x480
VSS,met3-met4,STRIPE,via,37584,26960,39184,27440,1600,via3_1600x480
VSS,met2-met3,STRIPE,via,37584,26960,39184,27440,1600,via2_1600x480
VSS,met1-met2,STRIPE,via,37584,26960,39184,27440,1600,via_1600x480
VSS,met3-met4,STRIPE,via,251478,21520,253078,22000,1600,via3_1600x480
VSS,met2-met3,STRIPE,via,251478,21520,253078,22000,1600,via2_1600x480
VSS,met1-met2,STRIPE,via,251478,21520,253078,22000,1600,via_1600x480
VSS,met3-met4,STRIPE,via,228964,21520,230564,22000,1600,via3_1600x480
VSS,met2-met3,STRIPE,via,228964,21520,230564,22000,1600,via2_1600x480
VSS,met1-met2,STRIPE,via,228964,21520,230564,22000,1600,via_1600x480
VSS,met3-met4,STRIPE,via,200349,21520,201949,22000,1600,via3_1600x480
VSS,met2-met3,STRIPE,via,200349,21520,201949,22000,1600,via2_1600x480
VSS,met1-met2,STRIPE,via,200349,21520,201949,22000,1600,via_1600x480
VSS,met3-met4,STRIPE,via,170986,21520,172586,22000,1600,via3_1600x480
VSS,met2-met3,STRIPE,via,170986,21520,172586,22000,1600,via2_1600x480
VSS,met1-met2,STRIPE,via,170986,21520,172586,22000,1600,via_1600x480
VSS,met3-met4,STRIPE,via,145931,21520,147531,22000,1600,via3_1600x480
VSS,met2-met3,STRIPE,via,145931,21520,147531,22000,1600,via2_1600x480
VSS,met1-met2,STRIPE,via,145931,21520,147531,22000,1600,via_1600x480
VSS,met3-met4,STRIPE,via,119456,21520,121056,22000,1600,via3_1600x480
VSS,met2-met3,STRIPE,via,119456,21520,121056,22000,1600,via2_1600x480
VSS,met1-met2,STRIPE,via,119456,21520,121056,22000,1600,via_1600x480
VSS,met3-met4,STRIPE,via,92387,21520,93987,22000,1600,via3_1600x480
VSS,met2-met3,STRIPE,via,92387,21520,93987,22000,1600,via2_1600x480
VSS,met1-met2,STRIPE,via,92387,21520,93987,22000,1600,via_1600x480
VSS,met3-met4,STRIPE,via,65496,21520,67096,22000,1600,via3_1600x480
VSS,met2-met3,STRIPE,via,65496,21520,67096,22000,1600,via2_1600x480
VSS,met1-met2,STRIPE,via,65496,21520,67096,22000,1600,via_1600x480
VSS,met3-met4,STRIPE,via,37584,21520,39184,22000,1600,via3_1600x480
VSS,met2-met3,STRIPE,via,37584,21520,39184,22000,1600,via2_1600x480
VSS,met1-met2,STRIPE,via,37584,21520,39184,22000,1600,via_1600x480
VSS,met3-met4,STRIPE,via,251478,16080,253078,16560,1600,via3_1600x480
VSS,met2-met3,STRIPE,via,251478,16080,253078,16560,1600,via2_1600x480
VSS,met1-met2,STRIPE,via,251478,16080,253078,16560,1600,via_1600x480
VSS,met3-met4,STRIPE,via,228964,16080,230564,16560,1600,via3_1600x480
VSS,met2-met3,STRIPE,via,228964,16080,230564,16560,1600,via2_1600x480
VSS,met1-met2,STRIPE,via,228964,16080,230564,16560,1600,via_1600x480
VSS,met3-met4,STRIPE,via,200349,16080,201949,16560,1600,via3_1600x480
VSS,met2-met3,STRIPE,via,200349,16080,201949,16560,1600,via2_1600x480
VSS,met1-met2,STRIPE,via,200349,16080,201949,16560,1600,via_1600x480
VSS,met3-met4,STRIPE,via,170986,16080,172586,16560,1600,via3_1600x480
VSS,met2-met3,STRIPE,via,170986,16080,172586,16560,1600,via2_1600x480
VSS,met1-met2,STRIPE,via,170986,16080,172586,16560,1600,via_1600x480
VSS,met3-met4,STRIPE,via,145931,16080,147531,16560,1600,via3_1600x480
VSS,met2-met3,STRIPE,via,145931,16080,147531,16560,1600,via2_1600x480
VSS,met1-met2,STRIPE,via,145931,16080,147531,16560,1600,via_1600x480
VSS,met3-met4,STRIPE,via,119456,16080,121056,16560,1600,via3_1600x480
VSS,met2-met3,STRIPE,via,119456,16080,121056,16560,1600,via2_1600x480
VSS,met1-met2,STRIPE,via,119456,16080,121056,16560,1600,via_1600x480
VSS,met3-met4,STRIPE,via,92387,16080,93987,16560,1600,via3_1600x480
VSS,met2-met3,STRIPE,via,92387,16080,93987,16560,1600,via2_1600x480
VSS,met1-met2,STRIPE,via,92387,16080,93987,16560,1600,via_1600x480
VSS,met3-met4,STRIPE,via,65496,16080,67096,16560,1600,via3_1600x480
VSS,met2-met3,STRIPE,via,65496,16080,67096,16560,1600,via2_1600x480
VSS,met1-met2,STRIPE,via,65496,16080,67096,16560,1600,via_1600x480
VSS,met3-met4,STRIPE,via,37584,16080,39184,16560,1600,via3_1600x480
VSS,met2-met3,STRIPE,via,37584,16080,39184,16560,1600,via2_1600x480
VSS,met1-met2,STRIPE,via,37584,16080,39184,16560,1600,via_1600x480
VSS,met3-met4,STRIPE,via,251478,10640,253078,11120,1600,via3_1600x480
VSS,met2-met3,STRIPE,via,251478,10640,253078,11120,1600,via2_1600x480
VSS,met1-met2,STRIPE,via,251478,10640,253078,11120,1600,via_1600x480
VSS,met3-met4,STRIPE,via,228964,10640,230564,11120,1600,via3_1600x480
VSS,met2-met3,STRIPE,via,228964,10640,230564,11120,1600,via2_1600x480
VSS,met1-met2,STRIPE,via,228964,10640,230564,11120,1600,via_1600x480
VSS,met3-met4,STRIPE,via,200349,10640,201949,11120,1600,via3_1600x480
VSS,met2-met3,STRIPE,via,200349,10640,201949,11120,1600,via2_1600x480
VSS,met1-met2,STRIPE,via,200349,10640,201949,11120,1600,via_1600x480
VSS,met3-met4,STRIPE,via,170986,10640,172586,11120,1600,via3_1600x480
VSS,met2-met3,STRIPE,via,170986,10640,172586,11120,1600,via2_1600x480
VSS,met1-met2,STRIPE,via,170986,10640,172586,11120,1600,via_1600x480
VSS,met3-met4,STRIPE,via,145931,10640,147531,11120,1600,via3_1600x480
VSS,met2-met3,STRIPE,via,145931,10640,147531,11120,1600,via2_1600x480
VSS,met1-met2,STRIPE,via,145931,10640,147531,11120,1600,via_1600x480
VSS,met3-met4,STRIPE,via,119456,10640,121056,11120,1600,via3_1600x480
VSS,met2-met3,STRIPE,via,119456,10640,121056,11120,1600,via2_1600x480
VSS,met1-met2,STRIPE,via,119456,10640,121056,11120,1600,via_1600x480
VSS,met3-met4,STRIPE,via,92387,10640,93987,11120,1600,via3_1600x480
VSS,met2-met3,STRIPE,via,92387,10640,93987,11120,1600,via2_1600x480
VSS,met1-met2,STRIPE,via,92387,10640,93987,11120,1600,via_1600x480
VSS,met3-met4,STRIPE,via,65496,10640,67096,11120,1600,via3_1600x480
VSS,met2-met3,STRIPE,via,65496,10640,67096,11120,1600,via2_1600x480
VSS,met1-met2,STRIPE,via,65496,10640,67096,11120,1600,via_1600x480
VSS,met3-met4,STRIPE,via,37584,10640,39184,11120,1600,via3_1600x480
VSS,met2-met3,STRIPE,via,37584,10640,39184,11120,1600,via2_1600x480
VSS,met1-met2,STRIPE,via,37584,10640,39184,11120,1600,via_1600x480
VSS,met5,STRIPE,wire,10120,254640,269560,256240,1600,
VSS,met5,STRIPE,wire,10120,227440,269560,229040,1600,
VSS,met5,STRIPE,wire,10120,200240,269560,201840,1600,
VSS,met5,STRIPE,wire,10120,173040,269560,174640,1600,
VSS,met5,STRIPE,wire,10120,145840,269560,147440,1600,
VSS,met5,STRIPE,wire,10120,118640,269560,120240,1600,
VSS,met5,STRIPE,wire,10120,91440,269560,93040,1600,
VSS,met5,STRIPE,wire,10120,64240,269560,65840,1600,
VSS,met5,STRIPE,wire,10120,37040,269560,38640,1600,
VSS,met4,STRIPE,wire,251478,10640,253078,269520,1600,
VSS,met4,STRIPE,wire,228964,10640,230564,269520,1600,
VSS,met4,STRIPE,wire,200349,10640,201949,269520,1600,
VSS,met4,STRIPE,wire,170986,10640,172586,269520,1600,
VSS,met4,STRIPE,wire,145931,10640,147531,269520,1600,
VSS,met4,STRIPE,wire,119456,10640,121056,269520,1600,
VSS,met4,STRIPE,wire,92387,10640,93987,269520,1600,
VSS,met4,STRIPE,wire,65496,10640,67096,269520,1600,
VSS,met4,STRIPE,wire,37584,10640,39184,269520,1600,
VSS,met1,FOLLOWPIN,wire,10120,266320,269560,266800,480,
VSS,met1,FOLLOWPIN,wire,10120,260880,269560,261360,480,
VSS,met1,FOLLOWPIN,wire,10120,255440,269560,255920,480,
VSS,met1,FOLLOWPIN,wire,10120,250000,269560,250480,480,
VSS,met1,FOLLOWPIN,wire,10120,244560,269560,245040,480,
VSS,met1,FOLLOWPIN,wire,10120,239120,269560,239600,480,
VSS,met1,FOLLOWPIN,wire,10120,233680,269560,234160,480,
VSS,met1,FOLLOWPIN,wire,10120,228240,269560,228720,480,
VSS,met1,FOLLOWPIN,wire,10120,222800,269560,223280,480,
VSS,met1,FOLLOWPIN,wire,10120,217360,269560,217840,480,
VSS,met1,FOLLOWPIN,wire,10120,211920,269560,212400,480,
VSS,met1,FOLLOWPIN,wire,10120,206480,269560,206960,480,
VSS,met1,FOLLOWPIN,wire,10120,201040,269560,201520,480,
VSS,met1,FOLLOWPIN,wire,10120,195600,269560,196080,480,
VSS,met1,FOLLOWPIN,wire,10120,190160,269560,190640,480,
VSS,met1,FOLLOWPIN,wire,10120,184720,269560,185200,480,
VSS,met1,FOLLOWPIN,wire,10120,179280,269560,179760,480,
VSS,met1,FOLLOWPIN,wire,10120,173840,269560,174320,480,
VSS,met1,FOLLOWPIN,wire,10120,168400,269560,168880,480,
VSS,met1,FOLLOWPIN,wire,10120,162960,269560,163440,480,
VSS,met1,FOLLOWPIN,wire,10120,157520,269560,158000,480,
VSS,met1,FOLLOWPIN,wire,10120,152080,269560,152560,480,
VSS,met1,FOLLOWPIN,wire,10120,146640,269560,147120,480,
VSS,met1,FOLLOWPIN,wire,10120,141200,269560,141680,480,
VSS,met1,FOLLOWPIN,wire,10120,135760,269560,136240,480,
VSS,met1,FOLLOWPIN,wire,10120,130320,269560,130800,480,
VSS,met1,FOLLOWPIN,wire,10120,124880,269560,125360,480,
VSS,met1,FOLLOWPIN,wire,10120,119440,269560,119920,480,
VSS,met1,FOLLOWPIN,wire,10120,114000,269560,114480,480,
VSS,met1,FOLLOWPIN,wire,10120,108560,269560,109040,480,
VSS,met1,FOLLOWPIN,wire,10120,103120,269560,103600,480,
VSS,met1,FOLLOWPIN,wire,10120,97680,269560,98160,480,
VSS,met1,FOLLOWPIN,wire,10120,92240,269560,92720,480,
VSS,met1,FOLLOWPIN,wire,10120,86800,269560,87280,480,
VSS,met1,FOLLOWPIN,wire,10120,81360,269560,81840,480,
VSS,met1,FOLLOWPIN,wire,10120,75920,269560,76400,480,
VSS,met1,FOLLOWPIN,wire,10120,70480,269560,70960,480,
VSS,met1,FOLLOWPIN,wire,10120,65040,269560,65520,480,
VSS,met1,FOLLOWPIN,wire,10120,59600,269560,60080,480,
VSS,met1,FOLLOWPIN,wire,10120,54160,269560,54640,480,
VSS,met1,FOLLOWPIN,wire,10120,48720,269560,49200,480,
VSS,met1,FOLLOWPIN,wire,10120,43280,269560,43760,480,
VSS,met1,FOLLOWPIN,wire,10120,37840,269560,38320,480,
VSS,met1,FOLLOWPIN,wire,10120,32400,269560,32880,480,
VSS,met1,FOLLOWPIN,wire,10120,26960,269560,27440,480,
VSS,met1,FOLLOWPIN,wire,10120,21520,269560,22000,480,
VSS,met1,FOLLOWPIN,wire,10120,16080,269560,16560,480,
VSS,met1,FOLLOWPIN,wire,10120,10640,269560,11120,480,
VDD,met4-met5,STRIPE,via,264975,241040,266575,242640,1600,via4_1600x1600
VDD,met4-met5,STRIPE,via,238201,241040,239801,242640,1600,via4_1600x1600
VDD,met4-met5,STRIPE,via,211742,241040,213342,242640,1600,via4_1600x1600
VDD,met4-met5,STRIPE,via,187231,241040,188831,242640,1600,via4_1600x1600
VDD,met4-met5,STRIPE,via,157970,241040,159570,242640,1600,via4_1600x1600
VDD,met4-met5,STRIPE,via,129607,241040,131207,242640,1600,via4_1600x1600
VDD,met4-met5,STRIPE,via,103777,241040,105377,242640,1600,via4_1600x1600
VDD,met4-met5,STRIPE,via,77599,241040,79199,242640,1600,via4_1600x1600
VDD,met4-met5,STRIPE,via,49213,241040,50813,242640,1600,via4_1600x1600
VDD,met4-met5,STRIPE,via,20329,241040,21929,242640,1600,via4_1600x1600
VDD,met4-met5,STRIPE,via,264975,213840,266575,215440,1600,via4_1600x1600
VDD,met4-met5,STRIPE,via,238201,213840,239801,215440,1600,via4_1600x1600
VDD,met4-met5,STRIPE,via,211742,213840,213342,215440,1600,via4_1600x1600
VDD,met4-met5,STRIPE,via,187231,213840,188831,215440,1600,via4_1600x1600
VDD,met4-met5,STRIPE,via,157970,213840,159570,215440,1600,via4_1600x1600
VDD,met4-met5,STRIPE,via,129607,213840,131207,215440,1600,via4_1600x1600
VDD,met4-met5,STRIPE,via,103777,213840,105377,215440,1600,via4_1600x1600
VDD,met4-met5,STRIPE,via,77599,213840,79199,215440,1600,via4_1600x1600
VDD,met4-met5,STRIPE,via,49213,213840,50813,215440,1600,via4_1600x1600
VDD,met4-met5,STRIPE,via,20329,213840,21929,215440,1600,via4_1600x1600
VDD,met4-met5,STRIPE,via,264975,186640,266575,188240,1600,via4_1600x1600
VDD,met4-met5,STRIPE,via,238201,186640,239801,188240,1600,via4_1600x1600
VDD,met4-met5,STRIPE,via,211742,186640,213342,188240,1600,via4_1600x1600
VDD,met4-met5,STRIPE,via,187231,186640,188831,188240,1600,via4_1600x1600
VDD,met4-met5,STRIPE,via,157970,186640,159570,188240,1600,via4_1600x1600
VDD,met4-met5,STRIPE,via,129607,186640,131207,188240,1600,via4_1600x1600
VDD,met4-met5,STRIPE,via,103777,186640,105377,188240,1600,via4_1600x1600
VDD,met4-met5,STRIPE,via,77599,186640,79199,188240,1600,via4_1600x1600
VDD,met4-met5,STRIPE,via,49213,186640,50813,188240,1600,via4_1600x1600
VDD,met4-met5,STRIPE,via,20329,186640,21929,188240,1600,via4_1600x1600
VDD,met4-met5,STRIPE,via,264975,159440,266575,161040,1600,via4_1600x1600
VDD,met4-met5,STRIPE,via,238201,159440,239801,161040,1600,via4_1600x1600
VDD,met4-met5,STRIPE,via,211742,159440,213342,161040,1600,via4_1600x1600
VDD,met4-met5,STRIPE,via,187231,159440,188831,161040,1600,via4_1600x1600
VDD,met4-met5,STRIPE,via,157970,159440,159570,161040,1600,via4_1600x1600
VDD,met4-met5,STRIPE,via,129607,159440,131207,161040,1600,via4_1600x1600
VDD,met4-met5,STRIPE,via,103777,159440,105377,161040,1600,via4_1600x1600
VDD,met4-met5,STRIPE,via,77599,159440,79199,161040,1600,via4_1600x1600
VDD,met4-met5,STRIPE,via,49213,159440,50813,161040,1600,via4_1600x1600
VDD,met4-met5,STRIPE,via,20329,159440,21929,161040,1600,via4_1600x1600
VDD,met4-met5,STRIPE,via,264975,132240,266575,133840,1600,via4_1600x1600
VDD,met4-met5,STRIPE,via,238201,132240,239801,133840,1600,via4_1600x1600
VDD,met4-met5,STRIPE,via,211742,132240,213342,133840,1600,via4_1600x1600
VDD,met4-met5,STRIPE,via,187231,132240,188831,133840,1600,via4_1600x1600
VDD,met4-met5,STRIPE,via,157970,132240,159570,133840,1600,via4_1600x1600
VDD,met4-met5,STRIPE,via,129607,132240,131207,133840,1600,via4_1600x1600
VDD,met4-met5,STRIPE,via,103777,132240,105377,133840,1600,via4_1600x1600
VDD,met4-met5,STRIPE,via,77599,132240,79199,133840,1600,via4_1600x1600
VDD,met4-met5,STRIPE,via,49213,132240,50813,133840,1600,via4_1600x1600
VDD,met4-met5,STRIPE,via,20329,132240,21929,133840,1600,via4_1600x1600
VDD,met4-met5,STRIPE,via,264975,105040,266575,106640,1600,via4_1600x1600
VDD,met4-met5,STRIPE,via,238201,105040,239801,106640,1600,via4_1600x1600
VDD,met4-met5,STRIPE,via,211742,105040,213342,106640,1600,via4_1600x1600
VDD,met4-met5,STRIPE,via,187231,105040,188831,106640,1600,via4_1600x1600
VDD,met4-met5,STRIPE,via,157970,105040,159570,106640,1600,via4_1600x1600
VDD,met4-met5,STRIPE,via,129607,105040,131207,106640,1600,via4_1600x1600
VDD,met4-met5,STRIPE,via,103777,105040,105377,106640,1600,via4_1600x1600
VDD,met4-met5,STRIPE,via,77599,105040,79199,106640,1600,via4_1600x1600
VDD,met4-met5,STRIPE,via,49213,105040,50813,106640,1600,via4_1600x1600
VDD,met4-met5,STRIPE,via,20329,105040,21929,106640,1600,via4_1600x1600
VDD,met4-met5,STRIPE,via,264975,77840,266575,79440,1600,via4_1600x1600
VDD,met4-met5,STRIPE,via,238201,77840,239801,79440,1600,via4_1600x1600
VDD,met4-met5,STRIPE,via,211742,77840,213342,79440,1600,via4_1600x1600
VDD,met4-met5,STRIPE,via,187231,77840,188831,79440,1600,via4_1600x1600
VDD,met4-met5,STRIPE,via,157970,77840,159570,79440,1600,via4_1600x1600
VDD,met4-met5,STRIPE,via,129607,77840,131207,79440,1600,via4_1600x1600
VDD,met4-met5,STRIPE,via,103777,77840,105377,79440,1600,via4_1600x1600
VDD,met4-met5,STRIPE,via,77599,77840,79199,79440,1600,via4_1600x1600
VDD,met4-met5,STRIPE,via,49213,77840,50813,79440,1600,via4_1600x1600
VDD,met4-met5,STRIPE,via,20329,77840,21929,79440,1600,via4_1600x1600
VDD,met4-met5,STRIPE,via,264975,50640,266575,52240,1600,via4_1600x1600
VDD,met4-met5,STRIPE,via,238201,50640,239801,52240,1600,via4_1600x1600
VDD,met4-met5,STRIPE,via,211742,50640,213342,52240,1600,via4_1600x1600
VDD,met4-met5,STRIPE,via,187231,50640,188831,52240,1600,via4_1600x1600
VDD,met4-met5,STRIPE,via,157970,50640,159570,52240,1600,via4_1600x1600
VDD,met4-met5,STRIPE,via,129607,50640,131207,52240,1600,via4_1600x1600
VDD,met4-met5,STRIPE,via,103777,50640,105377,52240,1600,via4_1600x1600
VDD,met4-met5,STRIPE,via,77599,50640,79199,52240,1600,via4_1600x1600
VDD,met4-met5,STRIPE,via,49213,50640,50813,52240,1600,via4_1600x1600
VDD,met4-met5,STRIPE,via,20329,50640,21929,52240,1600,via4_1600x1600
VDD,met4-met5,STRIPE,via,264975,23440,266575,25040,1600,via4_1600x1600
VDD,met4-met5,STRIPE,via,238201,23440,239801,25040,1600,via4_1600x1600
VDD,met4-met5,STRIPE,via,211742,23440,213342,25040,1600,via4_1600x1600
VDD,met4-met5,STRIPE,via,187231,23440,188831,25040,1600,via4_1600x1600
VDD,met4-met5,STRIPE,via,157970,23440,159570,25040,1600,via4_1600x1600
VDD,met4-met5,STRIPE,via,129607,23440,131207,25040,1600,via4_1600x1600
VDD,met4-met5,STRIPE,via,103777,23440,105377,25040,1600,via4_1600x1600
VDD,met4-met5,STRIPE,via,77599,23440,79199,25040,1600,via4_1600x1600
VDD,met4-met5,STRIPE,via,49213,23440,50813,25040,1600,via4_1600x1600
VDD,met4-met5,STRIPE,via,20329,23440,21929,25040,1600,via4_1600x1600
VDD,met3-met4,STRIPE,via,264975,269040,266575,269520,1600,via3_1600x480
VDD,met2-met3,STRIPE,via,264975,269040,266575,269520,1600,via2_1600x480
VDD,met1-met2,STRIPE,via,264975,269040,266575,269520,1600,via_1600x480
VDD,met3-met4,STRIPE,via,238201,269040,239801,269520,1600,via3_1600x480
VDD,met2-met3,STRIPE,via,238201,269040,239801,269520,1600,via2_1600x480
VDD,met1-met2,STRIPE,via,238201,269040,239801,269520,1600,via_1600x480
VDD,met3-met4,STRIPE,via,211742,269040,213342,269520,1600,via3_1600x480
VDD,met2-met3,STRIPE,via,211742,269040,213342,269520,1600,via2_1600x480
VDD,met1-met2,STRIPE,via,211742,269040,213342,269520,1600,via_1600x480
VDD,met3-met4,STRIPE,via,187231,269040,188831,269520,1600,via3_1600x480
VDD,met2-met3,STRIPE,via,187231,269040,188831,269520,1600,via2_1600x480
VDD,met1-met2,STRIPE,via,187231,269040,188831,269520,1600,via_1600x480
VDD,met3-met4,STRIPE,via,157970,269040,159570,269520,1600,via3_1600x480
VDD,met2-met3,STRIPE,via,157970,269040,159570,269520,1600,via2_1600x480
VDD,met1-met2,STRIPE,via,157970,269040,159570,269520,1600,via_1600x480
VDD,met3-met4,STRIPE,via,129607,269040,131207,269520,1600,via3_1600x480
VDD,met2-met3,STRIPE,via,129607,269040,131207,269520,1600,via2_1600x480
VDD,met1-met2,STRIPE,via,129607,269040,131207,269520,1600,via_1600x480
VDD,met3-met4,STRIPE,via,103777,269040,105377,269520,1600,via3_1600x480
VDD,met2-met3,STRIPE,via,103777,269040,105377,269520,1600,via2_1600x480
VDD,met1-met2,STRIPE,via,103777,269040,105377,269520,1600,via_1600x480
VDD,met3-met4,STRIPE,via,77599,269040,79199,269520,1600,via3_1600x480
VDD,met2-met3,STRIPE,via,77599,269040,79199,269520,1600,via2_1600x480
VDD,met1-met2,STRIPE,via,77599,269040,79199,269520,1600,via_1600x480
VDD,met3-met4,STRIPE,via,49213,269040,50813,269520,1600,via3_1600x480
VDD,met2-met3,STRIPE,via,49213,269040,50813,269520,1600,via2_1600x480
VDD,met1-met2,STRIPE,via,49213,269040,50813,269520,1600,via_1600x480
VDD,met3-met4,STRIPE,via,20329,269040,21929,269520,1600,via3_1600x480
VDD,met2-met3,STRIPE,via,20329,269040,21929,269520,1600,via2_1600x480
VDD,met1-met2,STRIPE,via,20329,269040,21929,269520,1600,via_1600x480
VDD,met3-met4,STRIPE,via,264975,263600,266575,264080,1600,via3_1600x480
VDD,met2-met3,STRIPE,via,264975,263600,266575,264080,1600,via2_1600x480
VDD,met1-met2,STRIPE,via,264975,263600,266575,264080,1600,via_1600x480
VDD,met3-met4,STRIPE,via,238201,263600,239801,264080,1600,via3_1600x480
VDD,met2-met3,STRIPE,via,238201,263600,239801,264080,1600,via2_1600x480
VDD,met1-met2,STRIPE,via,238201,263600,239801,264080,1600,via_1600x480
VDD,met3-met4,STRIPE,via,211742,263600,213342,264080,1600,via3_1600x480
VDD,met2-met3,STRIPE,via,211742,263600,213342,264080,1600,via2_1600x480
VDD,met1-met2,STRIPE,via,211742,263600,213342,264080,1600,via_1600x480
VDD,met3-met4,STRIPE,via,187231,263600,188831,264080,1600,via3_1600x480
VDD,met2-met3,STRIPE,via,187231,263600,188831,264080,1600,via2_1600x480
VDD,met1-met2,STRIPE,via,187231,263600,188831,264080,1600,via_1600x480
VDD,met3-met4,STRIPE,via,157970,263600,159570,264080,1600,via3_1600x480
VDD,met2-met3,STRIPE,via,157970,263600,159570,264080,1600,via2_1600x480
VDD,met1-met2,STRIPE,via,157970,263600,159570,264080,1600,via_1600x480
VDD,met3-met4,STRIPE,via,129607,263600,131207,264080,1600,via3_1600x480
VDD,met2-met3,STRIPE,via,129607,263600,131207,264080,1600,via2_1600x480
VDD,met1-met2,STRIPE,via,129607,263600,131207,264080,1600,via_1600x480
VDD,met3-met4,STRIPE,via,103777,263600,105377,264080,1600,via3_1600x480
VDD,met2-met3,STRIPE,via,103777,263600,105377,264080,1600,via2_1600x480
VDD,met1-met2,STRIPE,via,103777,263600,105377,264080,1600,via_1600x480
VDD,met3-met4,STRIPE,via,77599,263600,79199,264080,1600,via3_1600x480
VDD,met2-met3,STRIPE,via,77599,263600,79199,264080,1600,via2_1600x480
VDD,met1-met2,STRIPE,via,77599,263600,79199,264080,1600,via_1600x480
VDD,met3-met4,STRIPE,via,49213,263600,50813,264080,1600,via3_1600x480
VDD,met2-met3,STRIPE,via,49213,263600,50813,264080,1600,via2_1600x480
VDD,met1-met2,STRIPE,via,49213,263600,50813,264080,1600,via_1600x480
VDD,met3-met4,STRIPE,via,20329,263600,21929,264080,1600,via3_1600x480
VDD,met2-met3,STRIPE,via,20329,263600,21929,264080,1600,via2_1600x480
VDD,met1-met2,STRIPE,via,20329,263600,21929,264080,1600,via_1600x480
VDD,met3-met4,STRIPE,via,264975,258160,266575,258640,1600,via3_1600x480
VDD,met2-met3,STRIPE,via,264975,258160,266575,258640,1600,via2_1600x480
VDD,met1-met2,STRIPE,via,264975,258160,266575,258640,1600,via_1600x480
VDD,met3-met4,STRIPE,via,238201,258160,239801,258640,1600,via3_1600x480
VDD,met2-met3,STRIPE,via,238201,258160,239801,258640,1600,via2_1600x480
VDD,met1-met2,STRIPE,via,238201,258160,239801,258640,1600,via_1600x480
VDD,met3-met4,STRIPE,via,211742,258160,213342,258640,1600,via3_1600x480
VDD,met2-met3,STRIPE,via,211742,258160,213342,258640,1600,via2_1600x480
VDD,met1-met2,STRIPE,via,211742,258160,213342,258640,1600,via_1600x480
VDD,met3-met4,STRIPE,via,187231,258160,188831,258640,1600,via3_1600x480
VDD,met2-met3,STRIPE,via,187231,258160,188831,258640,1600,via2_1600x480
VDD,met1-met2,STRIPE,via,187231,258160,188831,258640,1600,via_1600x480
VDD,met3-met4,STRIPE,via,157970,258160,159570,258640,1600,via3_1600x480
VDD,met2-met3,STRIPE,via,157970,258160,159570,258640,1600,via2_1600x480
VDD,met1-met2,STRIPE,via,157970,258160,159570,258640,1600,via_1600x480
VDD,met3-met4,STRIPE,via,129607,258160,131207,258640,1600,via3_1600x480
VDD,met2-met3,STRIPE,via,129607,258160,131207,258640,1600,via2_1600x480
VDD,met1-met2,STRIPE,via,129607,258160,131207,258640,1600,via_1600x480
VDD,met3-met4,STRIPE,via,103777,258160,105377,258640,1600,via3_1600x480
VDD,met2-met3,STRIPE,via,103777,258160,105377,258640,1600,via2_1600x480
VDD,met1-met2,STRIPE,via,103777,258160,105377,258640,1600,via_1600x480
VDD,met3-met4,STRIPE,via,77599,258160,79199,258640,1600,via3_1600x480
VDD,met2-met3,STRIPE,via,77599,258160,79199,258640,1600,via2_1600x480
VDD,met1-met2,STRIPE,via,77599,258160,79199,258640,1600,via_1600x480
VDD,met3-met4,STRIPE,via,49213,258160,50813,258640,1600,via3_1600x480
VDD,met2-met3,STRIPE,via,49213,258160,50813,258640,1600,via2_1600x480
VDD,met1-met2,STRIPE,via,49213,258160,50813,258640,1600,via_1600x480
VDD,met3-met4,STRIPE,via,20329,258160,21929,258640,1600,via3_1600x480
VDD,met2-met3,STRIPE,via,20329,258160,21929,258640,1600,via2_1600x480
VDD,met1-met2,STRIPE,via,20329,258160,21929,258640,1600,via_1600x480
VDD,met3-met4,STRIPE,via,264975,252720,266575,253200,1600,via3_1600x480
VDD,met2-met3,STRIPE,via,264975,252720,266575,253200,1600,via2_1600x480
VDD,met1-met2,STRIPE,via,264975,252720,266575,253200,1600,via_1600x480
VDD,met3-met4,STRIPE,via,238201,252720,239801,253200,1600,via3_1600x480
VDD,met2-met3,STRIPE,via,238201,252720,239801,253200,1600,via2_1600x480
VDD,met1-met2,STRIPE,via,238201,252720,239801,253200,1600,via_1600x480
VDD,met3-met4,STRIPE,via,211742,252720,213342,253200,1600,via3_1600x480
VDD,met2-met3,STRIPE,via,211742,252720,213342,253200,1600,via2_1600x480
VDD,met1-met2,STRIPE,via,211742,252720,213342,253200,1600,via_1600x480
VDD,met3-met4,STRIPE,via,187231,252720,188831,253200,1600,via3_1600x480
VDD,met2-met3,STRIPE,via,187231,252720,188831,253200,1600,via2_1600x480
VDD,met1-met2,STRIPE,via,187231,252720,188831,253200,1600,via_1600x480
VDD,met3-met4,STRIPE,via,157970,252720,159570,253200,1600,via3_1600x480
VDD,met2-met3,STRIPE,via,157970,252720,159570,253200,1600,via2_1600x480
VDD,met1-met2,STRIPE,via,157970,252720,159570,253200,1600,via_1600x480
VDD,met3-met4,STRIPE,via,129607,252720,131207,253200,1600,via3_1600x480
VDD,met2-met3,STRIPE,via,129607,252720,131207,253200,1600,via2_1600x480
VDD,met1-met2,STRIPE,via,129607,252720,131207,253200,1600,via_1600x480
VDD,met3-met4,STRIPE,via,103777,252720,105377,253200,1600,via3_1600x480
VDD,met2-met3,STRIPE,via,103777,252720,105377,253200,1600,via2_1600x480
VDD,met1-met2,STRIPE,via,103777,252720,105377,253200,1600,via_1600x480
VDD,met3-met4,STRIPE,via,77599,252720,79199,253200,1600,via3_1600x480
VDD,met2-met3,STRIPE,via,77599,252720,79199,253200,1600,via2_1600x480
VDD,met1-met2,STRIPE,via,77599,252720,79199,253200,1600,via_1600x480
VDD,met3-met4,STRIPE,via,49213,252720,50813,253200,1600,via3_1600x480
VDD,met2-met3,STRIPE,via,49213,252720,50813,253200,1600,via2_1600x480
VDD,met1-met2,STRIPE,via,49213,252720,50813,253200,1600,via_1600x480
VDD,met3-met4,STRIPE,via,20329,252720,21929,253200,1600,via3_1600x480
VDD,met2-met3,STRIPE,via,20329,252720,21929,253200,1600,via2_1600x480
VDD,met1-met2,STRIPE,via,20329,252720,21929,253200,1600,via_1600x480
VDD,met3-met4,STRIPE,via,264975,247280,266575,247760,1600,via3_1600x480
VDD,met2-met3,STRIPE,via,264975,247280,266575,247760,1600,via2_1600x480
VDD,met1-met2,STRIPE,via,264975,247280,266575,247760,1600,via_1600x480
VDD,met3-met4,STRIPE,via,238201,247280,239801,247760,1600,via3_1600x480
VDD,met2-met3,STRIPE,via,238201,247280,239801,247760,1600,via2_1600x480
VDD,met1-met2,STRIPE,via,238201,247280,239801,247760,1600,via_1600x480
VDD,met3-met4,STRIPE,via,211742,247280,213342,247760,1600,via3_1600x480
VDD,met2-met3,STRIPE,via,211742,247280,213342,247760,1600,via2_1600x480
VDD,met1-met2,STRIPE,via,211742,247280,213342,247760,1600,via_1600x480
VDD,met3-met4,STRIPE,via,187231,247280,188831,247760,1600,via3_1600x480
VDD,met2-met3,STRIPE,via,187231,247280,188831,247760,1600,via2_1600x480
VDD,met1-met2,STRIPE,via,187231,247280,188831,247760,1600,via_1600x480
VDD,met3-met4,STRIPE,via,157970,247280,159570,247760,1600,via3_1600x480
VDD,met2-met3,STRIPE,via,157970,247280,159570,247760,1600,via2_1600x480
VDD,met1-met2,STRIPE,via,157970,247280,159570,247760,1600,via_1600x480
VDD,met3-met4,STRIPE,via,129607,247280,131207,247760,1600,via3_1600x480
VDD,met2-met3,STRIPE,via,129607,247280,131207,247760,1600,via2_1600x480
VDD,met1-met2,STRIPE,via,129607,247280,131207,247760,1600,via_1600x480
VDD,met3-met4,STRIPE,via,103777,247280,105377,247760,1600,via3_1600x480
VDD,met2-met3,STRIPE,via,103777,247280,105377,247760,1600,via2_1600x480
VDD,met1-met2,STRIPE,via,103777,247280,105377,247760,1600,via_1600x480
VDD,met3-met4,STRIPE,via,77599,247280,79199,247760,1600,via3_1600x480
VDD,met2-met3,STRIPE,via,77599,247280,79199,247760,1600,via2_1600x480
VDD,met1-met2,STRIPE,via,77599,247280,79199,247760,1600,via_1600x480
VDD,met3-met4,STRIPE,via,49213,247280,50813,247760,1600,via3_1600x480
VDD,met2-met3,STRIPE,via,49213,247280,50813,247760,1600,via2_1600x480
VDD,met1-met2,STRIPE,via,49213,247280,50813,247760,1600,via_1600x480
VDD,met3-met4,STRIPE,via,20329,247280,21929,247760,1600,via3_1600x480
VDD,met2-met3,STRIPE,via,20329,247280,21929,247760,1600,via2_1600x480
VDD,met1-met2,STRIPE,via,20329,247280,21929,247760,1600,via_1600x480
VDD,met3-met4,STRIPE,via,264975,241840,266575,242320,1600,via3_1600x480
VDD,met2-met3,STRIPE,via,264975,241840,266575,242320,1600,via2_1600x480
VDD,met1-met2,STRIPE,via,264975,241840,266575,242320,1600,via_1600x480
VDD,met3-met4,STRIPE,via,238201,241840,239801,242320,1600,via3_1600x480
VDD,met2-met3,STRIPE,via,238201,241840,239801,242320,1600,via2_1600x480
VDD,met1-met2,STRIPE,via,238201,241840,239801,242320,1600,via_1600x480
VDD,met3-met4,STRIPE,via,211742,241840,213342,242320,1600,via3_1600x480
VDD,met2-met3,STRIPE,via,211742,241840,213342,242320,1600,via2_1600x480
VDD,met1-met2,STRIPE,via,211742,241840,213342,242320,1600,via_1600x480
VDD,met3-met4,STRIPE,via,187231,241840,188831,242320,1600,via3_1600x480
VDD,met2-met3,STRIPE,via,187231,241840,188831,242320,1600,via2_1600x480
VDD,met1-met2,STRIPE,via,187231,241840,188831,242320,1600,via_1600x480
VDD,met3-met4,STRIPE,via,157970,241840,159570,242320,1600,via3_1600x480
VDD,met2-met3,STRIPE,via,157970,241840,159570,242320,1600,via2_1600x480
VDD,met1-met2,STRIPE,via,157970,241840,159570,242320,1600,via_1600x480
VDD,met3-met4,STRIPE,via,129607,241840,131207,242320,1600,via3_1600x480
VDD,met2-met3,STRIPE,via,129607,241840,131207,242320,1600,via2_1600x480
VDD,met1-met2,STRIPE,via,129607,241840,131207,242320,1600,via_1600x480
VDD,met3-met4,STRIPE,via,103777,241840,105377,242320,1600,via3_1600x480
VDD,met2-met3,STRIPE,via,103777,241840,105377,242320,1600,via2_1600x480
VDD,met1-met2,STRIPE,via,103777,241840,105377,242320,1600,via_1600x480
VDD,met3-met4,STRIPE,via,77599,241840,79199,242320,1600,via3_1600x480
VDD,met2-met3,STRIPE,via,77599,241840,79199,242320,1600,via2_1600x480
VDD,met1-met2,STRIPE,via,77599,241840,79199,242320,1600,via_1600x480
VDD,met3-met4,STRIPE,via,49213,241840,50813,242320,1600,via3_1600x480
VDD,met2-met3,STRIPE,via,49213,241840,50813,242320,1600,via2_1600x480
VDD,met1-met2,STRIPE,via,49213,241840,50813,242320,1600,via_1600x480
VDD,met3-met4,STRIPE,via,20329,241840,21929,242320,1600,via3_1600x480
VDD,met2-met3,STRIPE,via,20329,241840,21929,242320,1600,via2_1600x480
VDD,met1-met2,STRIPE,via,20329,241840,21929,242320,1600,via_1600x480
VDD,met3-met4,STRIPE,via,264975,236400,266575,236880,1600,via3_1600x480
VDD,met2-met3,STRIPE,via,264975,236400,266575,236880,1600,via2_1600x480
VDD,met1-met2,STRIPE,via,264975,236400,266575,236880,1600,via_1600x480
VDD,met3-met4,STRIPE,via,238201,236400,239801,236880,1600,via3_1600x480
VDD,met2-met3,STRIPE,via,238201,236400,239801,236880,1600,via2_1600x480
VDD,met1-met2,STRIPE,via,238201,236400,239801,236880,1600,via_1600x480
VDD,met3-met4,STRIPE,via,211742,236400,213342,236880,1600,via3_1600x480
VDD,met2-met3,STRIPE,via,211742,236400,213342,236880,1600,via2_1600x480
VDD,met1-met2,STRIPE,via,211742,236400,213342,236880,1600,via_1600x480
VDD,met3-met4,STRIPE,via,187231,236400,188831,236880,1600,via3_1600x480
VDD,met2-met3,STRIPE,via,187231,236400,188831,236880,1600,via2_1600x480
VDD,met1-met2,STRIPE,via,187231,236400,188831,236880,1600,via_1600x480
VDD,met3-met4,STRIPE,via,157970,236400,159570,236880,1600,via3_1600x480
VDD,met2-met3,STRIPE,via,157970,236400,159570,236880,1600,via2_1600x480
VDD,met1-met2,STRIPE,via,157970,236400,159570,236880,1600,via_1600x480
VDD,met3-met4,STRIPE,via,129607,236400,131207,236880,1600,via3_1600x480
VDD,met2-met3,STRIPE,via,129607,236400,131207,236880,1600,via2_1600x480
VDD,met1-met2,STRIPE,via,129607,236400,131207,236880,1600,via_1600x480
VDD,met3-met4,STRIPE,via,103777,236400,105377,236880,1600,via3_1600x480
VDD,met2-met3,STRIPE,via,103777,236400,105377,236880,1600,via2_1600x480
VDD,met1-met2,STRIPE,via,103777,236400,105377,236880,1600,via_1600x480
VDD,met3-met4,STRIPE,via,77599,236400,79199,236880,1600,via3_1600x480
VDD,met2-met3,STRIPE,via,77599,236400,79199,236880,1600,via2_1600x480
VDD,met1-met2,STRIPE,via,77599,236400,79199,236880,1600,via_1600x480
VDD,met3-met4,STRIPE,via,49213,236400,50813,236880,1600,via3_1600x480
VDD,met2-met3,STRIPE,via,49213,236400,50813,236880,1600,via2_1600x480
VDD,met1-met2,STRIPE,via,49213,236400,50813,236880,1600,via_1600x480
VDD,met3-met4,STRIPE,via,20329,236400,21929,236880,1600,via3_1600x480
VDD,met2-met3,STRIPE,via,20329,236400,21929,236880,1600,via2_1600x480
VDD,met1-met2,STRIPE,via,20329,236400,21929,236880,1600,via_1600x480
VDD,met3-met4,STRIPE,via,264975,230960,266575,231440,1600,via3_1600x480
VDD,met2-met3,STRIPE,via,264975,230960,266575,231440,1600,via2_1600x480
VDD,met1-met2,STRIPE,via,264975,230960,266575,231440,1600,via_1600x480
VDD,met3-met4,STRIPE,via,238201,230960,239801,231440,1600,via3_1600x480
VDD,met2-met3,STRIPE,via,238201,230960,239801,231440,1600,via2_1600x480
VDD,met1-met2,STRIPE,via,238201,230960,239801,231440,1600,via_1600x480
VDD,met3-met4,STRIPE,via,211742,230960,213342,231440,1600,via3_1600x480
VDD,met2-met3,STRIPE,via,211742,230960,213342,231440,1600,via2_1600x480
VDD,met1-met2,STRIPE,via,211742,230960,213342,231440,1600,via_1600x480
VDD,met3-met4,STRIPE,via,187231,230960,188831,231440,1600,via3_1600x480
VDD,met2-met3,STRIPE,via,187231,230960,188831,231440,1600,via2_1600x480
VDD,met1-met2,STRIPE,via,187231,230960,188831,231440,1600,via_1600x480
VDD,met3-met4,STRIPE,via,157970,230960,159570,231440,1600,via3_1600x480
VDD,met2-met3,STRIPE,via,157970,230960,159570,231440,1600,via2_1600x480
VDD,met1-met2,STRIPE,via,157970,230960,159570,231440,1600,via_1600x480
VDD,met3-met4,STRIPE,via,129607,230960,131207,231440,1600,via3_1600x480
VDD,met2-met3,STRIPE,via,129607,230960,131207,231440,1600,via2_1600x480
VDD,met1-met2,STRIPE,via,129607,230960,131207,231440,1600,via_1600x480
VDD,met3-met4,STRIPE,via,103777,230960,105377,231440,1600,via3_1600x480
VDD,met2-met3,STRIPE,via,103777,230960,105377,231440,1600,via2_1600x480
VDD,met1-met2,STRIPE,via,103777,230960,105377,231440,1600,via_1600x480
VDD,met3-met4,STRIPE,via,77599,230960,79199,231440,1600,via3_1600x480
VDD,met2-met3,STRIPE,via,77599,230960,79199,231440,1600,via2_1600x480
VDD,met1-met2,STRIPE,via,77599,230960,79199,231440,1600,via_1600x480
VDD,met3-met4,STRIPE,via,49213,230960,50813,231440,1600,via3_1600x480
VDD,met2-met3,STRIPE,via,49213,230960,50813,231440,1600,via2_1600x480
VDD,met1-met2,STRIPE,via,49213,230960,50813,231440,1600,via_1600x480
VDD,met3-met4,STRIPE,via,20329,230960,21929,231440,1600,via3_1600x480
VDD,met2-met3,STRIPE,via,20329,230960,21929,231440,1600,via2_1600x480
VDD,met1-met2,STRIPE,via,20329,230960,21929,231440,1600,via_1600x480
VDD,met3-met4,STRIPE,via,264975,225520,266575,226000,1600,via3_1600x480
VDD,met2-met3,STRIPE,via,264975,225520,266575,226000,1600,via2_1600x480
VDD,met1-met2,STRIPE,via,264975,225520,266575,226000,1600,via_1600x480
VDD,met3-met4,STRIPE,via,238201,225520,239801,226000,1600,via3_1600x480
VDD,met2-met3,STRIPE,via,238201,225520,239801,226000,1600,via2_1600x480
VDD,met1-met2,STRIPE,via,238201,225520,239801,226000,1600,via_1600x480
VDD,met3-met4,STRIPE,via,211742,225520,213342,226000,1600,via3_1600x480
VDD,met2-met3,STRIPE,via,211742,225520,213342,226000,1600,via2_1600x480
VDD,met1-met2,STRIPE,via,211742,225520,213342,226000,1600,via_1600x480
VDD,met3-met4,STRIPE,via,187231,225520,188831,226000,1600,via3_1600x480
VDD,met2-met3,STRIPE,via,187231,225520,188831,226000,1600,via2_1600x480
VDD,met1-met2,STRIPE,via,187231,225520,188831,226000,1600,via_1600x480
VDD,met3-met4,STRIPE,via,157970,225520,159570,226000,1600,via3_1600x480
VDD,met2-met3,STRIPE,via,157970,225520,159570,226000,1600,via2_1600x480
VDD,met1-met2,STRIPE,via,157970,225520,159570,226000,1600,via_1600x480
VDD,met3-met4,STRIPE,via,129607,225520,131207,226000,1600,via3_1600x480
VDD,met2-met3,STRIPE,via,129607,225520,131207,226000,1600,via2_1600x480
VDD,met1-met2,STRIPE,via,129607,225520,131207,226000,1600,via_1600x480
VDD,met3-met4,STRIPE,via,103777,225520,105377,226000,1600,via3_1600x480
VDD,met2-met3,STRIPE,via,103777,225520,105377,226000,1600,via2_1600x480
VDD,met1-met2,STRIPE,via,103777,225520,105377,226000,1600,via_1600x480
VDD,met3-met4,STRIPE,via,77599,225520,79199,226000,1600,via3_1600x480
VDD,met2-met3,STRIPE,via,77599,225520,79199,226000,1600,via2_1600x480
VDD,met1-met2,STRIPE,via,77599,225520,79199,226000,1600,via_1600x480
VDD,met3-met4,STRIPE,via,49213,225520,50813,226000,1600,via3_1600x480
VDD,met2-met3,STRIPE,via,49213,225520,50813,226000,1600,via2_1600x480
VDD,met1-met2,STRIPE,via,49213,225520,50813,226000,1600,via_1600x480
VDD,met3-met4,STRIPE,via,20329,225520,21929,226000,1600,via3_1600x480
VDD,met2-met3,STRIPE,via,20329,225520,21929,226000,1600,via2_1600x480
VDD,met1-met2,STRIPE,via,20329,225520,21929,226000,1600,via_1600x480
VDD,met3-met4,STRIPE,via,264975,220080,266575,220560,1600,via3_1600x480
VDD,met2-met3,STRIPE,via,264975,220080,266575,220560,1600,via2_1600x480
VDD,met1-met2,STRIPE,via,264975,220080,266575,220560,1600,via_1600x480
VDD,met3-met4,STRIPE,via,238201,220080,239801,220560,1600,via3_1600x480
VDD,met2-met3,STRIPE,via,238201,220080,239801,220560,1600,via2_1600x480
VDD,met1-met2,STRIPE,via,238201,220080,239801,220560,1600,via_1600x480
VDD,met3-met4,STRIPE,via,211742,220080,213342,220560,1600,via3_1600x480
VDD,met2-met3,STRIPE,via,211742,220080,213342,220560,1600,via2_1600x480
VDD,met1-met2,STRIPE,via,211742,220080,213342,220560,1600,via_1600x480
VDD,met3-met4,STRIPE,via,187231,220080,188831,220560,1600,via3_1600x480
VDD,met2-met3,STRIPE,via,187231,220080,188831,220560,1600,via2_1600x480
VDD,met1-met2,STRIPE,via,187231,220080,188831,220560,1600,via_1600x480
VDD,met3-met4,STRIPE,via,157970,220080,159570,220560,1600,via3_1600x480
VDD,met2-met3,STRIPE,via,157970,220080,159570,220560,1600,via2_1600x480
VDD,met1-met2,STRIPE,via,157970,220080,159570,220560,1600,via_1600x480
VDD,met3-met4,STRIPE,via,129607,220080,131207,220560,1600,via3_1600x480
VDD,met2-met3,STRIPE,via,129607,220080,131207,220560,1600,via2_1600x480
VDD,met1-met2,STRIPE,via,129607,220080,131207,220560,1600,via_1600x480
VDD,met3-met4,STRIPE,via,103777,220080,105377,220560,1600,via3_1600x480
VDD,met2-met3,STRIPE,via,103777,220080,105377,220560,1600,via2_1600x480
VDD,met1-met2,STRIPE,via,103777,220080,105377,220560,1600,via_1600x480
VDD,met3-met4,STRIPE,via,77599,220080,79199,220560,1600,via3_1600x480
VDD,met2-met3,STRIPE,via,77599,220080,79199,220560,1600,via2_1600x480
VDD,met1-met2,STRIPE,via,77599,220080,79199,220560,1600,via_1600x480
VDD,met3-met4,STRIPE,via,49213,220080,50813,220560,1600,via3_1600x480
VDD,met2-met3,STRIPE,via,49213,220080,50813,220560,1600,via2_1600x480
VDD,met1-met2,STRIPE,via,49213,220080,50813,220560,1600,via_1600x480
VDD,met3-met4,STRIPE,via,20329,220080,21929,220560,1600,via3_1600x480
VDD,met2-met3,STRIPE,via,20329,220080,21929,220560,1600,via2_1600x480
VDD,met1-met2,STRIPE,via,20329,220080,21929,220560,1600,via_1600x480
VDD,met3-met4,STRIPE,via,264975,214640,266575,215120,1600,via3_1600x480
VDD,met2-met3,STRIPE,via,264975,214640,266575,215120,1600,via2_1600x480
VDD,met1-met2,STRIPE,via,264975,214640,266575,215120,1600,via_1600x480
VDD,met3-met4,STRIPE,via,238201,214640,239801,215120,1600,via3_1600x480
VDD,met2-met3,STRIPE,via,238201,214640,239801,215120,1600,via2_1600x480
VDD,met1-met2,STRIPE,via,238201,214640,239801,215120,1600,via_1600x480
VDD,met3-met4,STRIPE,via,211742,214640,213342,215120,1600,via3_1600x480
VDD,met2-met3,STRIPE,via,211742,214640,213342,215120,1600,via2_1600x480
VDD,met1-met2,STRIPE,via,211742,214640,213342,215120,1600,via_1600x480
VDD,met3-met4,STRIPE,via,187231,214640,188831,215120,1600,via3_1600x480
VDD,met2-met3,STRIPE,via,187231,214640,188831,215120,1600,via2_1600x480
VDD,met1-met2,STRIPE,via,187231,214640,188831,215120,1600,via_1600x480
VDD,met3-met4,STRIPE,via,157970,214640,159570,215120,1600,via3_1600x480
VDD,met2-met3,STRIPE,via,157970,214640,159570,215120,1600,via2_1600x480
VDD,met1-met2,STRIPE,via,157970,214640,159570,215120,1600,via_1600x480
VDD,met3-met4,STRIPE,via,129607,214640,131207,215120,1600,via3_1600x480
VDD,met2-met3,STRIPE,via,129607,214640,131207,215120,1600,via2_1600x480
VDD,met1-met2,STRIPE,via,129607,214640,131207,215120,1600,via_1600x480
VDD,met3-met4,STRIPE,via,103777,214640,105377,215120,1600,via3_1600x480
VDD,met2-met3,STRIPE,via,103777,214640,105377,215120,1600,via2_1600x480
VDD,met1-met2,STRIPE,via,103777,214640,105377,215120,1600,via_1600x480
VDD,met3-met4,STRIPE,via,77599,214640,79199,215120,1600,via3_1600x480
VDD,met2-met3,STRIPE,via,77599,214640,79199,215120,1600,via2_1600x480
VDD,met1-met2,STRIPE,via,77599,214640,79199,215120,1600,via_1600x480
VDD,met3-met4,STRIPE,via,49213,214640,50813,215120,1600,via3_1600x480
VDD,met2-met3,STRIPE,via,49213,214640,50813,215120,1600,via2_1600x480
VDD,met1-met2,STRIPE,via,49213,214640,50813,215120,1600,via_1600x480
VDD,met3-met4,STRIPE,via,20329,214640,21929,215120,1600,via3_1600x480
VDD,met2-met3,STRIPE,via,20329,214640,21929,215120,1600,via2_1600x480
VDD,met1-met2,STRIPE,via,20329,214640,21929,215120,1600,via_1600x480
VDD,met3-met4,STRIPE,via,264975,209200,266575,209680,1600,via3_1600x480
VDD,met2-met3,STRIPE,via,264975,209200,266575,209680,1600,via2_1600x480
VDD,met1-met2,STRIPE,via,264975,209200,266575,209680,1600,via_1600x480
VDD,met3-met4,STRIPE,via,238201,209200,239801,209680,1600,via3_1600x480
VDD,met2-met3,STRIPE,via,238201,209200,239801,209680,1600,via2_1600x480
VDD,met1-met2,STRIPE,via,238201,209200,239801,209680,1600,via_1600x480
VDD,met3-met4,STRIPE,via,211742,209200,213342,209680,1600,via3_1600x480
VDD,met2-met3,STRIPE,via,211742,209200,213342,209680,1600,via2_1600x480
VDD,met1-met2,STRIPE,via,211742,209200,213342,209680,1600,via_1600x480
VDD,met3-met4,STRIPE,via,187231,209200,188831,209680,1600,via3_1600x480
VDD,met2-met3,STRIPE,via,187231,209200,188831,209680,1600,via2_1600x480
VDD,met1-met2,STRIPE,via,187231,209200,188831,209680,1600,via_1600x480
VDD,met3-met4,STRIPE,via,157970,209200,159570,209680,1600,via3_1600x480
VDD,met2-met3,STRIPE,via,157970,209200,159570,209680,1600,via2_1600x480
VDD,met1-met2,STRIPE,via,157970,209200,159570,209680,1600,via_1600x480
VDD,met3-met4,STRIPE,via,129607,209200,131207,209680,1600,via3_1600x480
VDD,met2-met3,STRIPE,via,129607,209200,131207,209680,1600,via2_1600x480
VDD,met1-met2,STRIPE,via,129607,209200,131207,209680,1600,via_1600x480
VDD,met3-met4,STRIPE,via,103777,209200,105377,209680,1600,via3_1600x480
VDD,met2-met3,STRIPE,via,103777,209200,105377,209680,1600,via2_1600x480
VDD,met1-met2,STRIPE,via,103777,209200,105377,209680,1600,via_1600x480
VDD,met3-met4,STRIPE,via,77599,209200,79199,209680,1600,via3_1600x480
VDD,met2-met3,STRIPE,via,77599,209200,79199,209680,1600,via2_1600x480
VDD,met1-met2,STRIPE,via,77599,209200,79199,209680,1600,via_1600x480
VDD,met3-met4,STRIPE,via,49213,209200,50813,209680,1600,via3_1600x480
VDD,met2-met3,STRIPE,via,49213,209200,50813,209680,1600,via2_1600x480
VDD,met1-met2,STRIPE,via,49213,209200,50813,209680,1600,via_1600x480
VDD,met3-met4,STRIPE,via,20329,209200,21929,209680,1600,via3_1600x480
VDD,met2-met3,STRIPE,via,20329,209200,21929,209680,1600,via2_1600x480
VDD,met1-met2,STRIPE,via,20329,209200,21929,209680,1600,via_1600x480
VDD,met3-met4,STRIPE,via,264975,203760,266575,204240,1600,via3_1600x480
VDD,met2-met3,STRIPE,via,264975,203760,266575,204240,1600,via2_1600x480
VDD,met1-met2,STRIPE,via,264975,203760,266575,204240,1600,via_1600x480
VDD,met3-met4,STRIPE,via,238201,203760,239801,204240,1600,via3_1600x480
VDD,met2-met3,STRIPE,via,238201,203760,239801,204240,1600,via2_1600x480
VDD,met1-met2,STRIPE,via,238201,203760,239801,204240,1600,via_1600x480
VDD,met3-met4,STRIPE,via,211742,203760,213342,204240,1600,via3_1600x480
VDD,met2-met3,STRIPE,via,211742,203760,213342,204240,1600,via2_1600x480
VDD,met1-met2,STRIPE,via,211742,203760,213342,204240,1600,via_1600x480
VDD,met3-met4,STRIPE,via,187231,203760,188831,204240,1600,via3_1600x480
VDD,met2-met3,STRIPE,via,187231,203760,188831,204240,1600,via2_1600x480
VDD,met1-met2,STRIPE,via,187231,203760,188831,204240,1600,via_1600x480
VDD,met3-met4,STRIPE,via,157970,203760,159570,204240,1600,via3_1600x480
VDD,met2-met3,STRIPE,via,157970,203760,159570,204240,1600,via2_1600x480
VDD,met1-met2,STRIPE,via,157970,203760,159570,204240,1600,via_1600x480
VDD,met3-met4,STRIPE,via,129607,203760,131207,204240,1600,via3_1600x480
VDD,met2-met3,STRIPE,via,129607,203760,131207,204240,1600,via2_1600x480
VDD,met1-met2,STRIPE,via,129607,203760,131207,204240,1600,via_1600x480
VDD,met3-met4,STRIPE,via,103777,203760,105377,204240,1600,via3_1600x480
VDD,met2-met3,STRIPE,via,103777,203760,105377,204240,1600,via2_1600x480
VDD,met1-met2,STRIPE,via,103777,203760,105377,204240,1600,via_1600x480
VDD,met3-met4,STRIPE,via,77599,203760,79199,204240,1600,via3_1600x480
VDD,met2-met3,STRIPE,via,77599,203760,79199,204240,1600,via2_1600x480
VDD,met1-met2,STRIPE,via,77599,203760,79199,204240,1600,via_1600x480
VDD,met3-met4,STRIPE,via,49213,203760,50813,204240,1600,via3_1600x480
VDD,met2-met3,STRIPE,via,49213,203760,50813,204240,1600,via2_1600x480
VDD,met1-met2,STRIPE,via,49213,203760,50813,204240,1600,via_1600x480
VDD,met3-met4,STRIPE,via,20329,203760,21929,204240,1600,via3_1600x480
VDD,met2-met3,STRIPE,via,20329,203760,21929,204240,1600,via2_1600x480
VDD,met1-met2,STRIPE,via,20329,203760,21929,204240,1600,via_1600x480
VDD,met3-met4,STRIPE,via,264975,198320,266575,198800,1600,via3_1600x480
VDD,met2-met3,STRIPE,via,264975,198320,266575,198800,1600,via2_1600x480
VDD,met1-met2,STRIPE,via,264975,198320,266575,198800,1600,via_1600x480
VDD,met3-met4,STRIPE,via,238201,198320,239801,198800,1600,via3_1600x480
VDD,met2-met3,STRIPE,via,238201,198320,239801,198800,1600,via2_1600x480
VDD,met1-met2,STRIPE,via,238201,198320,239801,198800,1600,via_1600x480
VDD,met3-met4,STRIPE,via,211742,198320,213342,198800,1600,via3_1600x480
VDD,met2-met3,STRIPE,via,211742,198320,213342,198800,1600,via2_1600x480
VDD,met1-met2,STRIPE,via,211742,198320,213342,198800,1600,via_1600x480
VDD,met3-met4,STRIPE,via,187231,198320,188831,198800,1600,via3_1600x480
VDD,met2-met3,STRIPE,via,187231,198320,188831,198800,1600,via2_1600x480
VDD,met1-met2,STRIPE,via,187231,198320,188831,198800,1600,via_1600x480
VDD,met3-met4,STRIPE,via,157970,198320,159570,198800,1600,via3_1600x480
VDD,met2-met3,STRIPE,via,157970,198320,159570,198800,1600,via2_1600x480
VDD,met1-met2,STRIPE,via,157970,198320,159570,198800,1600,via_1600x480
VDD,met3-met4,STRIPE,via,129607,198320,131207,198800,1600,via3_1600x480
VDD,met2-met3,STRIPE,via,129607,198320,131207,198800,1600,via2_1600x480
VDD,met1-met2,STRIPE,via,129607,198320,131207,198800,1600,via_1600x480
VDD,met3-met4,STRIPE,via,103777,198320,105377,198800,1600,via3_1600x480
VDD,met2-met3,STRIPE,via,103777,198320,105377,198800,1600,via2_1600x480
VDD,met1-met2,STRIPE,via,103777,198320,105377,198800,1600,via_1600x480
VDD,met3-met4,STRIPE,via,77599,198320,79199,198800,1600,via3_1600x480
VDD,met2-met3,STRIPE,via,77599,198320,79199,198800,1600,via2_1600x480
VDD,met1-met2,STRIPE,via,77599,198320,79199,198800,1600,via_1600x480
VDD,met3-met4,STRIPE,via,49213,198320,50813,198800,1600,via3_1600x480
VDD,met2-met3,STRIPE,via,49213,198320,50813,198800,1600,via2_1600x480
VDD,met1-met2,STRIPE,via,49213,198320,50813,198800,1600,via_1600x480
VDD,met3-met4,STRIPE,via,20329,198320,21929,198800,1600,via3_1600x480
VDD,met2-met3,STRIPE,via,20329,198320,21929,198800,1600,via2_1600x480
VDD,met1-met2,STRIPE,via,20329,198320,21929,198800,1600,via_1600x480
VDD,met3-met4,STRIPE,via,264975,192880,266575,193360,1600,via3_1600x480
VDD,met2-met3,STRIPE,via,264975,192880,266575,193360,1600,via2_1600x480
VDD,met1-met2,STRIPE,via,264975,192880,266575,193360,1600,via_1600x480
VDD,met3-met4,STRIPE,via,238201,192880,239801,193360,1600,via3_1600x480
VDD,met2-met3,STRIPE,via,238201,192880,239801,193360,1600,via2_1600x480
VDD,met1-met2,STRIPE,via,238201,192880,239801,193360,1600,via_1600x480
VDD,met3-met4,STRIPE,via,211742,192880,213342,193360,1600,via3_1600x480
VDD,met2-met3,STRIPE,via,211742,192880,213342,193360,1600,via2_1600x480
VDD,met1-met2,STRIPE,via,211742,192880,213342,193360,1600,via_1600x480
VDD,met3-met4,STRIPE,via,187231,192880,188831,193360,1600,via3_1600x480
VDD,met2-met3,STRIPE,via,187231,192880,188831,193360,1600,via2_1600x480
VDD,met1-met2,STRIPE,via,187231,192880,188831,193360,1600,via_1600x480
VDD,met3-met4,STRIPE,via,157970,192880,159570,193360,1600,via3_1600x480
VDD,met2-met3,STRIPE,via,157970,192880,159570,193360,1600,via2_1600x480
VDD,met1-met2,STRIPE,via,157970,192880,159570,193360,1600,via_1600x480
VDD,met3-met4,STRIPE,via,129607,192880,131207,193360,1600,via3_1600x480
VDD,met2-met3,STRIPE,via,129607,192880,131207,193360,1600,via2_1600x480
VDD,met1-met2,STRIPE,via,129607,192880,131207,193360,1600,via_1600x480
VDD,met3-met4,STRIPE,via,103777,192880,105377,193360,1600,via3_1600x480
VDD,met2-met3,STRIPE,via,103777,192880,105377,193360,1600,via2_1600x480
VDD,met1-met2,STRIPE,via,103777,192880,105377,193360,1600,via_1600x480
VDD,met3-met4,STRIPE,via,77599,192880,79199,193360,1600,via3_1600x480
VDD,met2-met3,STRIPE,via,77599,192880,79199,193360,1600,via2_1600x480
VDD,met1-met2,STRIPE,via,77599,192880,79199,193360,1600,via_1600x480
VDD,met3-met4,STRIPE,via,49213,192880,50813,193360,1600,via3_1600x480
VDD,met2-met3,STRIPE,via,49213,192880,50813,193360,1600,via2_1600x480
VDD,met1-met2,STRIPE,via,49213,192880,50813,193360,1600,via_1600x480
VDD,met3-met4,STRIPE,via,20329,192880,21929,193360,1600,via3_1600x480
VDD,met2-met3,STRIPE,via,20329,192880,21929,193360,1600,via2_1600x480
VDD,met1-met2,STRIPE,via,20329,192880,21929,193360,1600,via_1600x480
VDD,met3-met4,STRIPE,via,264975,187440,266575,187920,1600,via3_1600x480
VDD,met2-met3,STRIPE,via,264975,187440,266575,187920,1600,via2_1600x480
VDD,met1-met2,STRIPE,via,264975,187440,266575,187920,1600,via_1600x480
VDD,met3-met4,STRIPE,via,238201,187440,239801,187920,1600,via3_1600x480
VDD,met2-met3,STRIPE,via,238201,187440,239801,187920,1600,via2_1600x480
VDD,met1-met2,STRIPE,via,238201,187440,239801,187920,1600,via_1600x480
VDD,met3-met4,STRIPE,via,211742,187440,213342,187920,1600,via3_1600x480
VDD,met2-met3,STRIPE,via,211742,187440,213342,187920,1600,via2_1600x480
VDD,met1-met2,STRIPE,via,211742,187440,213342,187920,1600,via_1600x480
VDD,met3-met4,STRIPE,via,187231,187440,188831,187920,1600,via3_1600x480
VDD,met2-met3,STRIPE,via,187231,187440,188831,187920,1600,via2_1600x480
VDD,met1-met2,STRIPE,via,187231,187440,188831,187920,1600,via_1600x480
VDD,met3-met4,STRIPE,via,157970,187440,159570,187920,1600,via3_1600x480
VDD,met2-met3,STRIPE,via,157970,187440,159570,187920,1600,via2_1600x480
VDD,met1-met2,STRIPE,via,157970,187440,159570,187920,1600,via_1600x480
VDD,met3-met4,STRIPE,via,129607,187440,131207,187920,1600,via3_1600x480
VDD,met2-met3,STRIPE,via,129607,187440,131207,187920,1600,via2_1600x480
VDD,met1-met2,STRIPE,via,129607,187440,131207,187920,1600,via_1600x480
VDD,met3-met4,STRIPE,via,103777,187440,105377,187920,1600,via3_1600x480
VDD,met2-met3,STRIPE,via,103777,187440,105377,187920,1600,via2_1600x480
VDD,met1-met2,STRIPE,via,103777,187440,105377,187920,1600,via_1600x480
VDD,met3-met4,STRIPE,via,77599,187440,79199,187920,1600,via3_1600x480
VDD,met2-met3,STRIPE,via,77599,187440,79199,187920,1600,via2_1600x480
VDD,met1-met2,STRIPE,via,77599,187440,79199,187920,1600,via_1600x480
VDD,met3-met4,STRIPE,via,49213,187440,50813,187920,1600,via3_1600x480
VDD,met2-met3,STRIPE,via,49213,187440,50813,187920,1600,via2_1600x480
VDD,met1-met2,STRIPE,via,49213,187440,50813,187920,1600,via_1600x480
VDD,met3-met4,STRIPE,via,20329,187440,21929,187920,1600,via3_1600x480
VDD,met2-met3,STRIPE,via,20329,187440,21929,187920,1600,via2_1600x480
VDD,met1-met2,STRIPE,via,20329,187440,21929,187920,1600,via_1600x480
VDD,met3-met4,STRIPE,via,264975,182000,266575,182480,1600,via3_1600x480
VDD,met2-met3,STRIPE,via,264975,182000,266575,182480,1600,via2_1600x480
VDD,met1-met2,STRIPE,via,264975,182000,266575,182480,1600,via_1600x480
VDD,met3-met4,STRIPE,via,238201,182000,239801,182480,1600,via3_1600x480
VDD,met2-met3,STRIPE,via,238201,182000,239801,182480,1600,via2_1600x480
VDD,met1-met2,STRIPE,via,238201,182000,239801,182480,1600,via_1600x480
VDD,met3-met4,STRIPE,via,211742,182000,213342,182480,1600,via3_1600x480
VDD,met2-met3,STRIPE,via,211742,182000,213342,182480,1600,via2_1600x480
VDD,met1-met2,STRIPE,via,211742,182000,213342,182480,1600,via_1600x480
VDD,met3-met4,STRIPE,via,187231,182000,188831,182480,1600,via3_1600x480
VDD,met2-met3,STRIPE,via,187231,182000,188831,182480,1600,via2_1600x480
VDD,met1-met2,STRIPE,via,187231,182000,188831,182480,1600,via_1600x480
VDD,met3-met4,STRIPE,via,157970,182000,159570,182480,1600,via3_1600x480
VDD,met2-met3,STRIPE,via,157970,182000,159570,182480,1600,via2_1600x480
VDD,met1-met2,STRIPE,via,157970,182000,159570,182480,1600,via_1600x480
VDD,met3-met4,STRIPE,via,129607,182000,131207,182480,1600,via3_1600x480
VDD,met2-met3,STRIPE,via,129607,182000,131207,182480,1600,via2_1600x480
VDD,met1-met2,STRIPE,via,129607,182000,131207,182480,1600,via_1600x480
VDD,met3-met4,STRIPE,via,103777,182000,105377,182480,1600,via3_1600x480
VDD,met2-met3,STRIPE,via,103777,182000,105377,182480,1600,via2_1600x480
VDD,met1-met2,STRIPE,via,103777,182000,105377,182480,1600,via_1600x480
VDD,met3-met4,STRIPE,via,77599,182000,79199,182480,1600,via3_1600x480
VDD,met2-met3,STRIPE,via,77599,182000,79199,182480,1600,via2_1600x480
VDD,met1-met2,STRIPE,via,77599,182000,79199,182480,1600,via_1600x480
VDD,met3-met4,STRIPE,via,49213,182000,50813,182480,1600,via3_1600x480
VDD,met2-met3,STRIPE,via,49213,182000,50813,182480,1600,via2_1600x480
VDD,met1-met2,STRIPE,via,49213,182000,50813,182480,1600,via_1600x480
VDD,met3-met4,STRIPE,via,20329,182000,21929,182480,1600,via3_1600x480
VDD,met2-met3,STRIPE,via,20329,182000,21929,182480,1600,via2_1600x480
VDD,met1-met2,STRIPE,via,20329,182000,21929,182480,1600,via_1600x480
VDD,met3-met4,STRIPE,via,264975,176560,266575,177040,1600,via3_1600x480
VDD,met2-met3,STRIPE,via,264975,176560,266575,177040,1600,via2_1600x480
VDD,met1-met2,STRIPE,via,264975,176560,266575,177040,1600,via_1600x480
VDD,met3-met4,STRIPE,via,238201,176560,239801,177040,1600,via3_1600x480
VDD,met2-met3,STRIPE,via,238201,176560,239801,177040,1600,via2_1600x480
VDD,met1-met2,STRIPE,via,238201,176560,239801,177040,1600,via_1600x480
VDD,met3-met4,STRIPE,via,211742,176560,213342,177040,1600,via3_1600x480
VDD,met2-met3,STRIPE,via,211742,176560,213342,177040,1600,via2_1600x480
VDD,met1-met2,STRIPE,via,211742,176560,213342,177040,1600,via_1600x480
VDD,met3-met4,STRIPE,via,187231,176560,188831,177040,1600,via3_1600x480
VDD,met2-met3,STRIPE,via,187231,176560,188831,177040,1600,via2_1600x480
VDD,met1-met2,STRIPE,via,187231,176560,188831,177040,1600,via_1600x480
VDD,met3-met4,STRIPE,via,157970,176560,159570,177040,1600,via3_1600x480
VDD,met2-met3,STRIPE,via,157970,176560,159570,177040,1600,via2_1600x480
VDD,met1-met2,STRIPE,via,157970,176560,159570,177040,1600,via_1600x480
VDD,met3-met4,STRIPE,via,129607,176560,131207,177040,1600,via3_1600x480
VDD,met2-met3,STRIPE,via,129607,176560,131207,177040,1600,via2_1600x480
VDD,met1-met2,STRIPE,via,129607,176560,131207,177040,1600,via_1600x480
VDD,met3-met4,STRIPE,via,103777,176560,105377,177040,1600,via3_1600x480
VDD,met2-met3,STRIPE,via,103777,176560,105377,177040,1600,via2_1600x480
VDD,met1-met2,STRIPE,via,103777,176560,105377,177040,1600,via_1600x480
VDD,met3-met4,STRIPE,via,77599,176560,79199,177040,1600,via3_1600x480
VDD,met2-met3,STRIPE,via,77599,176560,79199,177040,1600,via2_1600x480
VDD,met1-met2,STRIPE,via,77599,176560,79199,177040,1600,via_1600x480
VDD,met3-met4,STRIPE,via,49213,176560,50813,177040,1600,via3_1600x480
VDD,met2-met3,STRIPE,via,49213,176560,50813,177040,1600,via2_1600x480
VDD,met1-met2,STRIPE,via,49213,176560,50813,177040,1600,via_1600x480
VDD,met3-met4,STRIPE,via,20329,176560,21929,177040,1600,via3_1600x480
VDD,met2-met3,STRIPE,via,20329,176560,21929,177040,1600,via2_1600x480
VDD,met1-met2,STRIPE,via,20329,176560,21929,177040,1600,via_1600x480
VDD,met3-met4,STRIPE,via,264975,171120,266575,171600,1600,via3_1600x480
VDD,met2-met3,STRIPE,via,264975,171120,266575,171600,1600,via2_1600x480
VDD,met1-met2,STRIPE,via,264975,171120,266575,171600,1600,via_1600x480
VDD,met3-met4,STRIPE,via,238201,171120,239801,171600,1600,via3_1600x480
VDD,met2-met3,STRIPE,via,238201,171120,239801,171600,1600,via2_1600x480
VDD,met1-met2,STRIPE,via,238201,171120,239801,171600,1600,via_1600x480
VDD,met3-met4,STRIPE,via,211742,171120,213342,171600,1600,via3_1600x480
VDD,met2-met3,STRIPE,via,211742,171120,213342,171600,1600,via2_1600x480
VDD,met1-met2,STRIPE,via,211742,171120,213342,171600,1600,via_1600x480
VDD,met3-met4,STRIPE,via,187231,171120,188831,171600,1600,via3_1600x480
VDD,met2-met3,STRIPE,via,187231,171120,188831,171600,1600,via2_1600x480
VDD,met1-met2,STRIPE,via,187231,171120,188831,171600,1600,via_1600x480
VDD,met3-met4,STRIPE,via,157970,171120,159570,171600,1600,via3_1600x480
VDD,met2-met3,STRIPE,via,157970,171120,159570,171600,1600,via2_1600x480
VDD,met1-met2,STRIPE,via,157970,171120,159570,171600,1600,via_1600x480
VDD,met3-met4,STRIPE,via,129607,171120,131207,171600,1600,via3_1600x480
VDD,met2-met3,STRIPE,via,129607,171120,131207,171600,1600,via2_1600x480
VDD,met1-met2,STRIPE,via,129607,171120,131207,171600,1600,via_1600x480
VDD,met3-met4,STRIPE,via,103777,171120,105377,171600,1600,via3_1600x480
VDD,met2-met3,STRIPE,via,103777,171120,105377,171600,1600,via2_1600x480
VDD,met1-met2,STRIPE,via,103777,171120,105377,171600,1600,via_1600x480
VDD,met3-met4,STRIPE,via,77599,171120,79199,171600,1600,via3_1600x480
VDD,met2-met3,STRIPE,via,77599,171120,79199,171600,1600,via2_1600x480
VDD,met1-met2,STRIPE,via,77599,171120,79199,171600,1600,via_1600x480
VDD,met3-met4,STRIPE,via,49213,171120,50813,171600,1600,via3_1600x480
VDD,met2-met3,STRIPE,via,49213,171120,50813,171600,1600,via2_1600x480
VDD,met1-met2,STRIPE,via,49213,171120,50813,171600,1600,via_1600x480
VDD,met3-met4,STRIPE,via,20329,171120,21929,171600,1600,via3_1600x480
VDD,met2-met3,STRIPE,via,20329,171120,21929,171600,1600,via2_1600x480
VDD,met1-met2,STRIPE,via,20329,171120,21929,171600,1600,via_1600x480
VDD,met3-met4,STRIPE,via,264975,165680,266575,166160,1600,via3_1600x480
VDD,met2-met3,STRIPE,via,264975,165680,266575,166160,1600,via2_1600x480
VDD,met1-met2,STRIPE,via,264975,165680,266575,166160,1600,via_1600x480
VDD,met3-met4,STRIPE,via,238201,165680,239801,166160,1600,via3_1600x480
VDD,met2-met3,STRIPE,via,238201,165680,239801,166160,1600,via2_1600x480
VDD,met1-met2,STRIPE,via,238201,165680,239801,166160,1600,via_1600x480
VDD,met3-met4,STRIPE,via,211742,165680,213342,166160,1600,via3_1600x480
VDD,met2-met3,STRIPE,via,211742,165680,213342,166160,1600,via2_1600x480
VDD,met1-met2,STRIPE,via,211742,165680,213342,166160,1600,via_1600x480
VDD,met3-met4,STRIPE,via,187231,165680,188831,166160,1600,via3_1600x480
VDD,met2-met3,STRIPE,via,187231,165680,188831,166160,1600,via2_1600x480
VDD,met1-met2,STRIPE,via,187231,165680,188831,166160,1600,via_1600x480
VDD,met3-met4,STRIPE,via,157970,165680,159570,166160,1600,via3_1600x480
VDD,met2-met3,STRIPE,via,157970,165680,159570,166160,1600,via2_1600x480
VDD,met1-met2,STRIPE,via,157970,165680,159570,166160,1600,via_1600x480
VDD,met3-met4,STRIPE,via,129607,165680,131207,166160,1600,via3_1600x480
VDD,met2-met3,STRIPE,via,129607,165680,131207,166160,1600,via2_1600x480
VDD,met1-met2,STRIPE,via,129607,165680,131207,166160,1600,via_1600x480
VDD,met3-met4,STRIPE,via,103777,165680,105377,166160,1600,via3_1600x480
VDD,met2-met3,STRIPE,via,103777,165680,105377,166160,1600,via2_1600x480
VDD,met1-met2,STRIPE,via,103777,165680,105377,166160,1600,via_1600x480
VDD,met3-met4,STRIPE,via,77599,165680,79199,166160,1600,via3_1600x480
VDD,met2-met3,STRIPE,via,77599,165680,79199,166160,1600,via2_1600x480
VDD,met1-met2,STRIPE,via,77599,165680,79199,166160,1600,via_1600x480
VDD,met3-met4,STRIPE,via,49213,165680,50813,166160,1600,via3_1600x480
VDD,met2-met3,STRIPE,via,49213,165680,50813,166160,1600,via2_1600x480
VDD,met1-met2,STRIPE,via,49213,165680,50813,166160,1600,via_1600x480
VDD,met3-met4,STRIPE,via,20329,165680,21929,166160,1600,via3_1600x480
VDD,met2-met3,STRIPE,via,20329,165680,21929,166160,1600,via2_1600x480
VDD,met1-met2,STRIPE,via,20329,165680,21929,166160,1600,via_1600x480
VDD,met3-met4,STRIPE,via,264975,160240,266575,160720,1600,via3_1600x480
VDD,met2-met3,STRIPE,via,264975,160240,266575,160720,1600,via2_1600x480
VDD,met1-met2,STRIPE,via,264975,160240,266575,160720,1600,via_1600x480
VDD,met3-met4,STRIPE,via,238201,160240,239801,160720,1600,via3_1600x480
VDD,met2-met3,STRIPE,via,238201,160240,239801,160720,1600,via2_1600x480
VDD,met1-met2,STRIPE,via,238201,160240,239801,160720,1600,via_1600x480
VDD,met3-met4,STRIPE,via,211742,160240,213342,160720,1600,via3_1600x480
VDD,met2-met3,STRIPE,via,211742,160240,213342,160720,1600,via2_1600x480
VDD,met1-met2,STRIPE,via,211742,160240,213342,160720,1600,via_1600x480
VDD,met3-met4,STRIPE,via,187231,160240,188831,160720,1600,via3_1600x480
VDD,met2-met3,STRIPE,via,187231,160240,188831,160720,1600,via2_1600x480
VDD,met1-met2,STRIPE,via,187231,160240,188831,160720,1600,via_1600x480
VDD,met3-met4,STRIPE,via,157970,160240,159570,160720,1600,via3_1600x480
VDD,met2-met3,STRIPE,via,157970,160240,159570,160720,1600,via2_1600x480
VDD,met1-met2,STRIPE,via,157970,160240,159570,160720,1600,via_1600x480
VDD,met3-met4,STRIPE,via,129607,160240,131207,160720,1600,via3_1600x480
VDD,met2-met3,STRIPE,via,129607,160240,131207,160720,1600,via2_1600x480
VDD,met1-met2,STRIPE,via,129607,160240,131207,160720,1600,via_1600x480
VDD,met3-met4,STRIPE,via,103777,160240,105377,160720,1600,via3_1600x480
VDD,met2-met3,STRIPE,via,103777,160240,105377,160720,1600,via2_1600x480
VDD,met1-met2,STRIPE,via,103777,160240,105377,160720,1600,via_1600x480
VDD,met3-met4,STRIPE,via,77599,160240,79199,160720,1600,via3_1600x480
VDD,met2-met3,STRIPE,via,77599,160240,79199,160720,1600,via2_1600x480
VDD,met1-met2,STRIPE,via,77599,160240,79199,160720,1600,via_1600x480
VDD,met3-met4,STRIPE,via,49213,160240,50813,160720,1600,via3_1600x480
VDD,met2-met3,STRIPE,via,49213,160240,50813,160720,1600,via2_1600x480
VDD,met1-met2,STRIPE,via,49213,160240,50813,160720,1600,via_1600x480
VDD,met3-met4,STRIPE,via,20329,160240,21929,160720,1600,via3_1600x480
VDD,met2-met3,STRIPE,via,20329,160240,21929,160720,1600,via2_1600x480
VDD,met1-met2,STRIPE,via,20329,160240,21929,160720,1600,via_1600x480
VDD,met3-met4,STRIPE,via,264975,154800,266575,155280,1600,via3_1600x480
VDD,met2-met3,STRIPE,via,264975,154800,266575,155280,1600,via2_1600x480
VDD,met1-met2,STRIPE,via,264975,154800,266575,155280,1600,via_1600x480
VDD,met3-met4,STRIPE,via,238201,154800,239801,155280,1600,via3_1600x480
VDD,met2-met3,STRIPE,via,238201,154800,239801,155280,1600,via2_1600x480
VDD,met1-met2,STRIPE,via,238201,154800,239801,155280,1600,via_1600x480
VDD,met3-met4,STRIPE,via,211742,154800,213342,155280,1600,via3_1600x480
VDD,met2-met3,STRIPE,via,211742,154800,213342,155280,1600,via2_1600x480
VDD,met1-met2,STRIPE,via,211742,154800,213342,155280,1600,via_1600x480
VDD,met3-met4,STRIPE,via,187231,154800,188831,155280,1600,via3_1600x480
VDD,met2-met3,STRIPE,via,187231,154800,188831,155280,1600,via2_1600x480
VDD,met1-met2,STRIPE,via,187231,154800,188831,155280,1600,via_1600x480
VDD,met3-met4,STRIPE,via,157970,154800,159570,155280,1600,via3_1600x480
VDD,met2-met3,STRIPE,via,157970,154800,159570,155280,1600,via2_1600x480
VDD,met1-met2,STRIPE,via,157970,154800,159570,155280,1600,via_1600x480
VDD,met3-met4,STRIPE,via,129607,154800,131207,155280,1600,via3_1600x480
VDD,met2-met3,STRIPE,via,129607,154800,131207,155280,1600,via2_1600x480
VDD,met1-met2,STRIPE,via,129607,154800,131207,155280,1600,via_1600x480
VDD,met3-met4,STRIPE,via,103777,154800,105377,155280,1600,via3_1600x480
VDD,met2-met3,STRIPE,via,103777,154800,105377,155280,1600,via2_1600x480
VDD,met1-met2,STRIPE,via,103777,154800,105377,155280,1600,via_1600x480
VDD,met3-met4,STRIPE,via,77599,154800,79199,155280,1600,via3_1600x480
VDD,met2-met3,STRIPE,via,77599,154800,79199,155280,1600,via2_1600x480
VDD,met1-met2,STRIPE,via,77599,154800,79199,155280,1600,via_1600x480
VDD,met3-met4,STRIPE,via,49213,154800,50813,155280,1600,via3_1600x480
VDD,met2-met3,STRIPE,via,49213,154800,50813,155280,1600,via2_1600x480
VDD,met1-met2,STRIPE,via,49213,154800,50813,155280,1600,via_1600x480
VDD,met3-met4,STRIPE,via,20329,154800,21929,155280,1600,via3_1600x480
VDD,met2-met3,STRIPE,via,20329,154800,21929,155280,1600,via2_1600x480
VDD,met1-met2,STRIPE,via,20329,154800,21929,155280,1600,via_1600x480
VDD,met3-met4,STRIPE,via,264975,149360,266575,149840,1600,via3_1600x480
VDD,met2-met3,STRIPE,via,264975,149360,266575,149840,1600,via2_1600x480
VDD,met1-met2,STRIPE,via,264975,149360,266575,149840,1600,via_1600x480
VDD,met3-met4,STRIPE,via,238201,149360,239801,149840,1600,via3_1600x480
VDD,met2-met3,STRIPE,via,238201,149360,239801,149840,1600,via2_1600x480
VDD,met1-met2,STRIPE,via,238201,149360,239801,149840,1600,via_1600x480
VDD,met3-met4,STRIPE,via,211742,149360,213342,149840,1600,via3_1600x480
VDD,met2-met3,STRIPE,via,211742,149360,213342,149840,1600,via2_1600x480
VDD,met1-met2,STRIPE,via,211742,149360,213342,149840,1600,via_1600x480
VDD,met3-met4,STRIPE,via,187231,149360,188831,149840,1600,via3_1600x480
VDD,met2-met3,STRIPE,via,187231,149360,188831,149840,1600,via2_1600x480
VDD,met1-met2,STRIPE,via,187231,149360,188831,149840,1600,via_1600x480
VDD,met3-met4,STRIPE,via,157970,149360,159570,149840,1600,via3_1600x480
VDD,met2-met3,STRIPE,via,157970,149360,159570,149840,1600,via2_1600x480
VDD,met1-met2,STRIPE,via,157970,149360,159570,149840,1600,via_1600x480
VDD,met3-met4,STRIPE,via,129607,149360,131207,149840,1600,via3_1600x480
VDD,met2-met3,STRIPE,via,129607,149360,131207,149840,1600,via2_1600x480
VDD,met1-met2,STRIPE,via,129607,149360,131207,149840,1600,via_1600x480
VDD,met3-met4,STRIPE,via,103777,149360,105377,149840,1600,via3_1600x480
VDD,met2-met3,STRIPE,via,103777,149360,105377,149840,1600,via2_1600x480
VDD,met1-met2,STRIPE,via,103777,149360,105377,149840,1600,via_1600x480
VDD,met3-met4,STRIPE,via,77599,149360,79199,149840,1600,via3_1600x480
VDD,met2-met3,STRIPE,via,77599,149360,79199,149840,1600,via2_1600x480
VDD,met1-met2,STRIPE,via,77599,149360,79199,149840,1600,via_1600x480
VDD,met3-met4,STRIPE,via,49213,149360,50813,149840,1600,via3_1600x480
VDD,met2-met3,STRIPE,via,49213,149360,50813,149840,1600,via2_1600x480
VDD,met1-met2,STRIPE,via,49213,149360,50813,149840,1600,via_1600x480
VDD,met3-met4,STRIPE,via,20329,149360,21929,149840,1600,via3_1600x480
VDD,met2-met3,STRIPE,via,20329,149360,21929,149840,1600,via2_1600x480
VDD,met1-met2,STRIPE,via,20329,149360,21929,149840,1600,via_1600x480
VDD,met3-met4,STRIPE,via,264975,143920,266575,144400,1600,via3_1600x480
VDD,met2-met3,STRIPE,via,264975,143920,266575,144400,1600,via2_1600x480
VDD,met1-met2,STRIPE,via,264975,143920,266575,144400,1600,via_1600x480
VDD,met3-met4,STRIPE,via,238201,143920,239801,144400,1600,via3_1600x480
VDD,met2-met3,STRIPE,via,238201,143920,239801,144400,1600,via2_1600x480
VDD,met1-met2,STRIPE,via,238201,143920,239801,144400,1600,via_1600x480
VDD,met3-met4,STRIPE,via,211742,143920,213342,144400,1600,via3_1600x480
VDD,met2-met3,STRIPE,via,211742,143920,213342,144400,1600,via2_1600x480
VDD,met1-met2,STRIPE,via,211742,143920,213342,144400,1600,via_1600x480
VDD,met3-met4,STRIPE,via,187231,143920,188831,144400,1600,via3_1600x480
VDD,met2-met3,STRIPE,via,187231,143920,188831,144400,1600,via2_1600x480
VDD,met1-met2,STRIPE,via,187231,143920,188831,144400,1600,via_1600x480
VDD,met3-met4,STRIPE,via,157970,143920,159570,144400,1600,via3_1600x480
VDD,met2-met3,STRIPE,via,157970,143920,159570,144400,1600,via2_1600x480
VDD,met1-met2,STRIPE,via,157970,143920,159570,144400,1600,via_1600x480
VDD,met3-met4,STRIPE,via,129607,143920,131207,144400,1600,via3_1600x480
VDD,met2-met3,STRIPE,via,129607,143920,131207,144400,1600,via2_1600x480
VDD,met1-met2,STRIPE,via,129607,143920,131207,144400,1600,via_1600x480
VDD,met3-met4,STRIPE,via,103777,143920,105377,144400,1600,via3_1600x480
VDD,met2-met3,STRIPE,via,103777,143920,105377,144400,1600,via2_1600x480
VDD,met1-met2,STRIPE,via,103777,143920,105377,144400,1600,via_1600x480
VDD,met3-met4,STRIPE,via,77599,143920,79199,144400,1600,via3_1600x480
VDD,met2-met3,STRIPE,via,77599,143920,79199,144400,1600,via2_1600x480
VDD,met1-met2,STRIPE,via,77599,143920,79199,144400,1600,via_1600x480
VDD,met3-met4,STRIPE,via,49213,143920,50813,144400,1600,via3_1600x480
VDD,met2-met3,STRIPE,via,49213,143920,50813,144400,1600,via2_1600x480
VDD,met1-met2,STRIPE,via,49213,143920,50813,144400,1600,via_1600x480
VDD,met3-met4,STRIPE,via,20329,143920,21929,144400,1600,via3_1600x480
VDD,met2-met3,STRIPE,via,20329,143920,21929,144400,1600,via2_1600x480
VDD,met1-met2,STRIPE,via,20329,143920,21929,144400,1600,via_1600x480
VDD,met3-met4,STRIPE,via,264975,138480,266575,138960,1600,via3_1600x480
VDD,met2-met3,STRIPE,via,264975,138480,266575,138960,1600,via2_1600x480
VDD,met1-met2,STRIPE,via,264975,138480,266575,138960,1600,via_1600x480
VDD,met3-met4,STRIPE,via,238201,138480,239801,138960,1600,via3_1600x480
VDD,met2-met3,STRIPE,via,238201,138480,239801,138960,1600,via2_1600x480
VDD,met1-met2,STRIPE,via,238201,138480,239801,138960,1600,via_1600x480
VDD,met3-met4,STRIPE,via,211742,138480,213342,138960,1600,via3_1600x480
VDD,met2-met3,STRIPE,via,211742,138480,213342,138960,1600,via2_1600x480
VDD,met1-met2,STRIPE,via,211742,138480,213342,138960,1600,via_1600x480
VDD,met3-met4,STRIPE,via,187231,138480,188831,138960,1600,via3_1600x480
VDD,met2-met3,STRIPE,via,187231,138480,188831,138960,1600,via2_1600x480
VDD,met1-met2,STRIPE,via,187231,138480,188831,138960,1600,via_1600x480
VDD,met3-met4,STRIPE,via,157970,138480,159570,138960,1600,via3_1600x480
VDD,met2-met3,STRIPE,via,157970,138480,159570,138960,1600,via2_1600x480
VDD,met1-met2,STRIPE,via,157970,138480,159570,138960,1600,via_1600x480
VDD,met3-met4,STRIPE,via,129607,138480,131207,138960,1600,via3_1600x480
VDD,met2-met3,STRIPE,via,129607,138480,131207,138960,1600,via2_1600x480
VDD,met1-met2,STRIPE,via,129607,138480,131207,138960,1600,via_1600x480
VDD,met3-met4,STRIPE,via,103777,138480,105377,138960,1600,via3_1600x480
VDD,met2-met3,STRIPE,via,103777,138480,105377,138960,1600,via2_1600x480
VDD,met1-met2,STRIPE,via,103777,138480,105377,138960,1600,via_1600x480
VDD,met3-met4,STRIPE,via,77599,138480,79199,138960,1600,via3_1600x480
VDD,met2-met3,STRIPE,via,77599,138480,79199,138960,1600,via2_1600x480
VDD,met1-met2,STRIPE,via,77599,138480,79199,138960,1600,via_1600x480
VDD,met3-met4,STRIPE,via,49213,138480,50813,138960,1600,via3_1600x480
VDD,met2-met3,STRIPE,via,49213,138480,50813,138960,1600,via2_1600x480
VDD,met1-met2,STRIPE,via,49213,138480,50813,138960,1600,via_1600x480
VDD,met3-met4,STRIPE,via,20329,138480,21929,138960,1600,via3_1600x480
VDD,met2-met3,STRIPE,via,20329,138480,21929,138960,1600,via2_1600x480
VDD,met1-met2,STRIPE,via,20329,138480,21929,138960,1600,via_1600x480
VDD,met3-met4,STRIPE,via,264975,133040,266575,133520,1600,via3_1600x480
VDD,met2-met3,STRIPE,via,264975,133040,266575,133520,1600,via2_1600x480
VDD,met1-met2,STRIPE,via,264975,133040,266575,133520,1600,via_1600x480
VDD,met3-met4,STRIPE,via,238201,133040,239801,133520,1600,via3_1600x480
VDD,met2-met3,STRIPE,via,238201,133040,239801,133520,1600,via2_1600x480
VDD,met1-met2,STRIPE,via,238201,133040,239801,133520,1600,via_1600x480
VDD,met3-met4,STRIPE,via,211742,133040,213342,133520,1600,via3_1600x480
VDD,met2-met3,STRIPE,via,211742,133040,213342,133520,1600,via2_1600x480
VDD,met1-met2,STRIPE,via,211742,133040,213342,133520,1600,via_1600x480
VDD,met3-met4,STRIPE,via,187231,133040,188831,133520,1600,via3_1600x480
VDD,met2-met3,STRIPE,via,187231,133040,188831,133520,1600,via2_1600x480
VDD,met1-met2,STRIPE,via,187231,133040,188831,133520,1600,via_1600x480
VDD,met3-met4,STRIPE,via,157970,133040,159570,133520,1600,via3_1600x480
VDD,met2-met3,STRIPE,via,157970,133040,159570,133520,1600,via2_1600x480
VDD,met1-met2,STRIPE,via,157970,133040,159570,133520,1600,via_1600x480
VDD,met3-met4,STRIPE,via,129607,133040,131207,133520,1600,via3_1600x480
VDD,met2-met3,STRIPE,via,129607,133040,131207,133520,1600,via2_1600x480
VDD,met1-met2,STRIPE,via,129607,133040,131207,133520,1600,via_1600x480
VDD,met3-met4,STRIPE,via,103777,133040,105377,133520,1600,via3_1600x480
VDD,met2-met3,STRIPE,via,103777,133040,105377,133520,1600,via2_1600x480
VDD,met1-met2,STRIPE,via,103777,133040,105377,133520,1600,via_1600x480
VDD,met3-met4,STRIPE,via,77599,133040,79199,133520,1600,via3_1600x480
VDD,met2-met3,STRIPE,via,77599,133040,79199,133520,1600,via2_1600x480
VDD,met1-met2,STRIPE,via,77599,133040,79199,133520,1600,via_1600x480
VDD,met3-met4,STRIPE,via,49213,133040,50813,133520,1600,via3_1600x480
VDD,met2-met3,STRIPE,via,49213,133040,50813,133520,1600,via2_1600x480
VDD,met1-met2,STRIPE,via,49213,133040,50813,133520,1600,via_1600x480
VDD,met3-met4,STRIPE,via,20329,133040,21929,133520,1600,via3_1600x480
VDD,met2-met3,STRIPE,via,20329,133040,21929,133520,1600,via2_1600x480
VDD,met1-met2,STRIPE,via,20329,133040,21929,133520,1600,via_1600x480
VDD,met3-met4,STRIPE,via,264975,127600,266575,128080,1600,via3_1600x480
VDD,met2-met3,STRIPE,via,264975,127600,266575,128080,1600,via2_1600x480
VDD,met1-met2,STRIPE,via,264975,127600,266575,128080,1600,via_1600x480
VDD,met3-met4,STRIPE,via,238201,127600,239801,128080,1600,via3_1600x480
VDD,met2-met3,STRIPE,via,238201,127600,239801,128080,1600,via2_1600x480
VDD,met1-met2,STRIPE,via,238201,127600,239801,128080,1600,via_1600x480
VDD,met3-met4,STRIPE,via,211742,127600,213342,128080,1600,via3_1600x480
VDD,met2-met3,STRIPE,via,211742,127600,213342,128080,1600,via2_1600x480
VDD,met1-met2,STRIPE,via,211742,127600,213342,128080,1600,via_1600x480
VDD,met3-met4,STRIPE,via,187231,127600,188831,128080,1600,via3_1600x480
VDD,met2-met3,STRIPE,via,187231,127600,188831,128080,1600,via2_1600x480
VDD,met1-met2,STRIPE,via,187231,127600,188831,128080,1600,via_1600x480
VDD,met3-met4,STRIPE,via,157970,127600,159570,128080,1600,via3_1600x480
VDD,met2-met3,STRIPE,via,157970,127600,159570,128080,1600,via2_1600x480
VDD,met1-met2,STRIPE,via,157970,127600,159570,128080,1600,via_1600x480
VDD,met3-met4,STRIPE,via,129607,127600,131207,128080,1600,via3_1600x480
VDD,met2-met3,STRIPE,via,129607,127600,131207,128080,1600,via2_1600x480
VDD,met1-met2,STRIPE,via,129607,127600,131207,128080,1600,via_1600x480
VDD,met3-met4,STRIPE,via,103777,127600,105377,128080,1600,via3_1600x480
VDD,met2-met3,STRIPE,via,103777,127600,105377,128080,1600,via2_1600x480
VDD,met1-met2,STRIPE,via,103777,127600,105377,128080,1600,via_1600x480
VDD,met3-met4,STRIPE,via,77599,127600,79199,128080,1600,via3_1600x480
VDD,met2-met3,STRIPE,via,77599,127600,79199,128080,1600,via2_1600x480
VDD,met1-met2,STRIPE,via,77599,127600,79199,128080,1600,via_1600x480
VDD,met3-met4,STRIPE,via,49213,127600,50813,128080,1600,via3_1600x480
VDD,met2-met3,STRIPE,via,49213,127600,50813,128080,1600,via2_1600x480
VDD,met1-met2,STRIPE,via,49213,127600,50813,128080,1600,via_1600x480
VDD,met3-met4,STRIPE,via,20329,127600,21929,128080,1600,via3_1600x480
VDD,met2-met3,STRIPE,via,20329,127600,21929,128080,1600,via2_1600x480
VDD,met1-met2,STRIPE,via,20329,127600,21929,128080,1600,via_1600x480
VDD,met3-met4,STRIPE,via,264975,122160,266575,122640,1600,via3_1600x480
VDD,met2-met3,STRIPE,via,264975,122160,266575,122640,1600,via2_1600x480
VDD,met1-met2,STRIPE,via,264975,122160,266575,122640,1600,via_1600x480
VDD,met3-met4,STRIPE,via,238201,122160,239801,122640,1600,via3_1600x480
VDD,met2-met3,STRIPE,via,238201,122160,239801,122640,1600,via2_1600x480
VDD,met1-met2,STRIPE,via,238201,122160,239801,122640,1600,via_1600x480
VDD,met3-met4,STRIPE,via,211742,122160,213342,122640,1600,via3_1600x480
VDD,met2-met3,STRIPE,via,211742,122160,213342,122640,1600,via2_1600x480
VDD,met1-met2,STRIPE,via,211742,122160,213342,122640,1600,via_1600x480
VDD,met3-met4,STRIPE,via,187231,122160,188831,122640,1600,via3_1600x480
VDD,met2-met3,STRIPE,via,187231,122160,188831,122640,1600,via2_1600x480
VDD,met1-met2,STRIPE,via,187231,122160,188831,122640,1600,via_1600x480
VDD,met3-met4,STRIPE,via,157970,122160,159570,122640,1600,via3_1600x480
VDD,met2-met3,STRIPE,via,157970,122160,159570,122640,1600,via2_1600x480
VDD,met1-met2,STRIPE,via,157970,122160,159570,122640,1600,via_1600x480
VDD,met3-met4,STRIPE,via,129607,122160,131207,122640,1600,via3_1600x480
VDD,met2-met3,STRIPE,via,129607,122160,131207,122640,1600,via2_1600x480
VDD,met1-met2,STRIPE,via,129607,122160,131207,122640,1600,via_1600x480
VDD,met3-met4,STRIPE,via,103777,122160,105377,122640,1600,via3_1600x480
VDD,met2-met3,STRIPE,via,103777,122160,105377,122640,1600,via2_1600x480
VDD,met1-met2,STRIPE,via,103777,122160,105377,122640,1600,via_1600x480
VDD,met3-met4,STRIPE,via,77599,122160,79199,122640,1600,via3_1600x480
VDD,met2-met3,STRIPE,via,77599,122160,79199,122640,1600,via2_1600x480
VDD,met1-met2,STRIPE,via,77599,122160,79199,122640,1600,via_1600x480
VDD,met3-met4,STRIPE,via,49213,122160,50813,122640,1600,via3_1600x480
VDD,met2-met3,STRIPE,via,49213,122160,50813,122640,1600,via2_1600x480
VDD,met1-met2,STRIPE,via,49213,122160,50813,122640,1600,via_1600x480
VDD,met3-met4,STRIPE,via,20329,122160,21929,122640,1600,via3_1600x480
VDD,met2-met3,STRIPE,via,20329,122160,21929,122640,1600,via2_1600x480
VDD,met1-met2,STRIPE,via,20329,122160,21929,122640,1600,via_1600x480
VDD,met3-met4,STRIPE,via,264975,116720,266575,117200,1600,via3_1600x480
VDD,met2-met3,STRIPE,via,264975,116720,266575,117200,1600,via2_1600x480
VDD,met1-met2,STRIPE,via,264975,116720,266575,117200,1600,via_1600x480
VDD,met3-met4,STRIPE,via,238201,116720,239801,117200,1600,via3_1600x480
VDD,met2-met3,STRIPE,via,238201,116720,239801,117200,1600,via2_1600x480
VDD,met1-met2,STRIPE,via,238201,116720,239801,117200,1600,via_1600x480
VDD,met3-met4,STRIPE,via,211742,116720,213342,117200,1600,via3_1600x480
VDD,met2-met3,STRIPE,via,211742,116720,213342,117200,1600,via2_1600x480
VDD,met1-met2,STRIPE,via,211742,116720,213342,117200,1600,via_1600x480
VDD,met3-met4,STRIPE,via,187231,116720,188831,117200,1600,via3_1600x480
VDD,met2-met3,STRIPE,via,187231,116720,188831,117200,1600,via2_1600x480
VDD,met1-met2,STRIPE,via,187231,116720,188831,117200,1600,via_1600x480
VDD,met3-met4,STRIPE,via,157970,116720,159570,117200,1600,via3_1600x480
VDD,met2-met3,STRIPE,via,157970,116720,159570,117200,1600,via2_1600x480
VDD,met1-met2,STRIPE,via,157970,116720,159570,117200,1600,via_1600x480
VDD,met3-met4,STRIPE,via,129607,116720,131207,117200,1600,via3_1600x480
VDD,met2-met3,STRIPE,via,129607,116720,131207,117200,1600,via2_1600x480
VDD,met1-met2,STRIPE,via,129607,116720,131207,117200,1600,via_1600x480
VDD,met3-met4,STRIPE,via,103777,116720,105377,117200,1600,via3_1600x480
VDD,met2-met3,STRIPE,via,103777,116720,105377,117200,1600,via2_1600x480
VDD,met1-met2,STRIPE,via,103777,116720,105377,117200,1600,via_1600x480
VDD,met3-met4,STRIPE,via,77599,116720,79199,117200,1600,via3_1600x480
VDD,met2-met3,STRIPE,via,77599,116720,79199,117200,1600,via2_1600x480
VDD,met1-met2,STRIPE,via,77599,116720,79199,117200,1600,via_1600x480
VDD,met3-met4,STRIPE,via,49213,116720,50813,117200,1600,via3_1600x480
VDD,met2-met3,STRIPE,via,49213,116720,50813,117200,1600,via2_1600x480
VDD,met1-met2,STRIPE,via,49213,116720,50813,117200,1600,via_1600x480
VDD,met3-met4,STRIPE,via,20329,116720,21929,117200,1600,via3_1600x480
VDD,met2-met3,STRIPE,via,20329,116720,21929,117200,1600,via2_1600x480
VDD,met1-met2,STRIPE,via,20329,116720,21929,117200,1600,via_1600x480
VDD,met3-met4,STRIPE,via,264975,111280,266575,111760,1600,via3_1600x480
VDD,met2-met3,STRIPE,via,264975,111280,266575,111760,1600,via2_1600x480
VDD,met1-met2,STRIPE,via,264975,111280,266575,111760,1600,via_1600x480
VDD,met3-met4,STRIPE,via,238201,111280,239801,111760,1600,via3_1600x480
VDD,met2-met3,STRIPE,via,238201,111280,239801,111760,1600,via2_1600x480
VDD,met1-met2,STRIPE,via,238201,111280,239801,111760,1600,via_1600x480
VDD,met3-met4,STRIPE,via,211742,111280,213342,111760,1600,via3_1600x480
VDD,met2-met3,STRIPE,via,211742,111280,213342,111760,1600,via2_1600x480
VDD,met1-met2,STRIPE,via,211742,111280,213342,111760,1600,via_1600x480
VDD,met3-met4,STRIPE,via,187231,111280,188831,111760,1600,via3_1600x480
VDD,met2-met3,STRIPE,via,187231,111280,188831,111760,1600,via2_1600x480
VDD,met1-met2,STRIPE,via,187231,111280,188831,111760,1600,via_1600x480
VDD,met3-met4,STRIPE,via,157970,111280,159570,111760,1600,via3_1600x480
VDD,met2-met3,STRIPE,via,157970,111280,159570,111760,1600,via2_1600x480
VDD,met1-met2,STRIPE,via,157970,111280,159570,111760,1600,via_1600x480
VDD,met3-met4,STRIPE,via,129607,111280,131207,111760,1600,via3_1600x480
VDD,met2-met3,STRIPE,via,129607,111280,131207,111760,1600,via2_1600x480
VDD,met1-met2,STRIPE,via,129607,111280,131207,111760,1600,via_1600x480
VDD,met3-met4,STRIPE,via,103777,111280,105377,111760,1600,via3_1600x480
VDD,met2-met3,STRIPE,via,103777,111280,105377,111760,1600,via2_1600x480
VDD,met1-met2,STRIPE,via,103777,111280,105377,111760,1600,via_1600x480
VDD,met3-met4,STRIPE,via,77599,111280,79199,111760,1600,via3_1600x480
VDD,met2-met3,STRIPE,via,77599,111280,79199,111760,1600,via2_1600x480
VDD,met1-met2,STRIPE,via,77599,111280,79199,111760,1600,via_1600x480
VDD,met3-met4,STRIPE,via,49213,111280,50813,111760,1600,via3_1600x480
VDD,met2-met3,STRIPE,via,49213,111280,50813,111760,1600,via2_1600x480
VDD,met1-met2,STRIPE,via,49213,111280,50813,111760,1600,via_1600x480
VDD,met3-met4,STRIPE,via,20329,111280,21929,111760,1600,via3_1600x480
VDD,met2-met3,STRIPE,via,20329,111280,21929,111760,1600,via2_1600x480
VDD,met1-met2,STRIPE,via,20329,111280,21929,111760,1600,via_1600x480
VDD,met3-met4,STRIPE,via,264975,105840,266575,106320,1600,via3_1600x480
VDD,met2-met3,STRIPE,via,264975,105840,266575,106320,1600,via2_1600x480
VDD,met1-met2,STRIPE,via,264975,105840,266575,106320,1600,via_1600x480
VDD,met3-met4,STRIPE,via,238201,105840,239801,106320,1600,via3_1600x480
VDD,met2-met3,STRIPE,via,238201,105840,239801,106320,1600,via2_1600x480
VDD,met1-met2,STRIPE,via,238201,105840,239801,106320,1600,via_1600x480
VDD,met3-met4,STRIPE,via,211742,105840,213342,106320,1600,via3_1600x480
VDD,met2-met3,STRIPE,via,211742,105840,213342,106320,1600,via2_1600x480
VDD,met1-met2,STRIPE,via,211742,105840,213342,106320,1600,via_1600x480
VDD,met3-met4,STRIPE,via,187231,105840,188831,106320,1600,via3_1600x480
VDD,met2-met3,STRIPE,via,187231,105840,188831,106320,1600,via2_1600x480
VDD,met1-met2,STRIPE,via,187231,105840,188831,106320,1600,via_1600x480
VDD,met3-met4,STRIPE,via,157970,105840,159570,106320,1600,via3_1600x480
VDD,met2-met3,STRIPE,via,157970,105840,159570,106320,1600,via2_1600x480
VDD,met1-met2,STRIPE,via,157970,105840,159570,106320,1600,via_1600x480
VDD,met3-met4,STRIPE,via,129607,105840,131207,106320,1600,via3_1600x480
VDD,met2-met3,STRIPE,via,129607,105840,131207,106320,1600,via2_1600x480
VDD,met1-met2,STRIPE,via,129607,105840,131207,106320,1600,via_1600x480
VDD,met3-met4,STRIPE,via,103777,105840,105377,106320,1600,via3_1600x480
VDD,met2-met3,STRIPE,via,103777,105840,105377,106320,1600,via2_1600x480
VDD,met1-met2,STRIPE,via,103777,105840,105377,106320,1600,via_1600x480
VDD,met3-met4,STRIPE,via,77599,105840,79199,106320,1600,via3_1600x480
VDD,met2-met3,STRIPE,via,77599,105840,79199,106320,1600,via2_1600x480
VDD,met1-met2,STRIPE,via,77599,105840,79199,106320,1600,via_1600x480
VDD,met3-met4,STRIPE,via,49213,105840,50813,106320,1600,via3_1600x480
VDD,met2-met3,STRIPE,via,49213,105840,50813,106320,1600,via2_1600x480
VDD,met1-met2,STRIPE,via,49213,105840,50813,106320,1600,via_1600x480
VDD,met3-met4,STRIPE,via,20329,105840,21929,106320,1600,via3_1600x480
VDD,met2-met3,STRIPE,via,20329,105840,21929,106320,1600,via2_1600x480
VDD,met1-met2,STRIPE,via,20329,105840,21929,106320,1600,via_1600x480
VDD,met3-met4,STRIPE,via,264975,100400,266575,100880,1600,via3_1600x480
VDD,met2-met3,STRIPE,via,264975,100400,266575,100880,1600,via2_1600x480
VDD,met1-met2,STRIPE,via,264975,100400,266575,100880,1600,via_1600x480
VDD,met3-met4,STRIPE,via,238201,100400,239801,100880,1600,via3_1600x480
VDD,met2-met3,STRIPE,via,238201,100400,239801,100880,1600,via2_1600x480
VDD,met1-met2,STRIPE,via,238201,100400,239801,100880,1600,via_1600x480
VDD,met3-met4,STRIPE,via,211742,100400,213342,100880,1600,via3_1600x480
VDD,met2-met3,STRIPE,via,211742,100400,213342,100880,1600,via2_1600x480
VDD,met1-met2,STRIPE,via,211742,100400,213342,100880,1600,via_1600x480
VDD,met3-met4,STRIPE,via,187231,100400,188831,100880,1600,via3_1600x480
VDD,met2-met3,STRIPE,via,187231,100400,188831,100880,1600,via2_1600x480
VDD,met1-met2,STRIPE,via,187231,100400,188831,100880,1600,via_1600x480
VDD,met3-met4,STRIPE,via,157970,100400,159570,100880,1600,via3_1600x480
VDD,met2-met3,STRIPE,via,157970,100400,159570,100880,1600,via2_1600x480
VDD,met1-met2,STRIPE,via,157970,100400,159570,100880,1600,via_1600x480
VDD,met3-met4,STRIPE,via,129607,100400,131207,100880,1600,via3_1600x480
VDD,met2-met3,STRIPE,via,129607,100400,131207,100880,1600,via2_1600x480
VDD,met1-met2,STRIPE,via,129607,100400,131207,100880,1600,via_1600x480
VDD,met3-met4,STRIPE,via,103777,100400,105377,100880,1600,via3_1600x480
VDD,met2-met3,STRIPE,via,103777,100400,105377,100880,1600,via2_1600x480
VDD,met1-met2,STRIPE,via,103777,100400,105377,100880,1600,via_1600x480
VDD,met3-met4,STRIPE,via,77599,100400,79199,100880,1600,via3_1600x480
VDD,met2-met3,STRIPE,via,77599,100400,79199,100880,1600,via2_1600x480
VDD,met1-met2,STRIPE,via,77599,100400,79199,100880,1600,via_1600x480
VDD,met3-met4,STRIPE,via,49213,100400,50813,100880,1600,via3_1600x480
VDD,met2-met3,STRIPE,via,49213,100400,50813,100880,1600,via2_1600x480
VDD,met1-met2,STRIPE,via,49213,100400,50813,100880,1600,via_1600x480
VDD,met3-met4,STRIPE,via,20329,100400,21929,100880,1600,via3_1600x480
VDD,met2-met3,STRIPE,via,20329,100400,21929,100880,1600,via2_1600x480
VDD,met1-met2,STRIPE,via,20329,100400,21929,100880,1600,via_1600x480
VDD,met3-met4,STRIPE,via,264975,94960,266575,95440,1600,via3_1600x480
VDD,met2-met3,STRIPE,via,264975,94960,266575,95440,1600,via2_1600x480
VDD,met1-met2,STRIPE,via,264975,94960,266575,95440,1600,via_1600x480
VDD,met3-met4,STRIPE,via,238201,94960,239801,95440,1600,via3_1600x480
VDD,met2-met3,STRIPE,via,238201,94960,239801,95440,1600,via2_1600x480
VDD,met1-met2,STRIPE,via,238201,94960,239801,95440,1600,via_1600x480
VDD,met3-met4,STRIPE,via,211742,94960,213342,95440,1600,via3_1600x480
VDD,met2-met3,STRIPE,via,211742,94960,213342,95440,1600,via2_1600x480
VDD,met1-met2,STRIPE,via,211742,94960,213342,95440,1600,via_1600x480
VDD,met3-met4,STRIPE,via,187231,94960,188831,95440,1600,via3_1600x480
VDD,met2-met3,STRIPE,via,187231,94960,188831,95440,1600,via2_1600x480
VDD,met1-met2,STRIPE,via,187231,94960,188831,95440,1600,via_1600x480
VDD,met3-met4,STRIPE,via,157970,94960,159570,95440,1600,via3_1600x480
VDD,met2-met3,STRIPE,via,157970,94960,159570,95440,1600,via2_1600x480
VDD,met1-met2,STRIPE,via,157970,94960,159570,95440,1600,via_1600x480
VDD,met3-met4,STRIPE,via,129607,94960,131207,95440,1600,via3_1600x480
VDD,met2-met3,STRIPE,via,129607,94960,131207,95440,1600,via2_1600x480
VDD,met1-met2,STRIPE,via,129607,94960,131207,95440,1600,via_1600x480
VDD,met3-met4,STRIPE,via,103777,94960,105377,95440,1600,via3_1600x480
VDD,met2-met3,STRIPE,via,103777,94960,105377,95440,1600,via2_1600x480
VDD,met1-met2,STRIPE,via,103777,94960,105377,95440,1600,via_1600x480
VDD,met3-met4,STRIPE,via,77599,94960,79199,95440,1600,via3_1600x480
VDD,met2-met3,STRIPE,via,77599,94960,79199,95440,1600,via2_1600x480
VDD,met1-met2,STRIPE,via,77599,94960,79199,95440,1600,via_1600x480
VDD,met3-met4,STRIPE,via,49213,94960,50813,95440,1600,via3_1600x480
VDD,met2-met3,STRIPE,via,49213,94960,50813,95440,1600,via2_1600x480
VDD,met1-met2,STRIPE,via,49213,94960,50813,95440,1600,via_1600x480
VDD,met3-met4,STRIPE,via,20329,94960,21929,95440,1600,via3_1600x480
VDD,met2-met3,STRIPE,via,20329,94960,21929,95440,1600,via2_1600x480
VDD,met1-met2,STRIPE,via,20329,94960,21929,95440,1600,via_1600x480
VDD,met3-met4,STRIPE,via,264975,89520,266575,90000,1600,via3_1600x480
VDD,met2-met3,STRIPE,via,264975,89520,266575,90000,1600,via2_1600x480
VDD,met1-met2,STRIPE,via,264975,89520,266575,90000,1600,via_1600x480
VDD,met3-met4,STRIPE,via,238201,89520,239801,90000,1600,via3_1600x480
VDD,met2-met3,STRIPE,via,238201,89520,239801,90000,1600,via2_1600x480
VDD,met1-met2,STRIPE,via,238201,89520,239801,90000,1600,via_1600x480
VDD,met3-met4,STRIPE,via,211742,89520,213342,90000,1600,via3_1600x480
VDD,met2-met3,STRIPE,via,211742,89520,213342,90000,1600,via2_1600x480
VDD,met1-met2,STRIPE,via,211742,89520,213342,90000,1600,via_1600x480
VDD,met3-met4,STRIPE,via,187231,89520,188831,90000,1600,via3_1600x480
VDD,met2-met3,STRIPE,via,187231,89520,188831,90000,1600,via2_1600x480
VDD,met1-met2,STRIPE,via,187231,89520,188831,90000,1600,via_1600x480
VDD,met3-met4,STRIPE,via,157970,89520,159570,90000,1600,via3_1600x480
VDD,met2-met3,STRIPE,via,157970,89520,159570,90000,1600,via2_1600x480
VDD,met1-met2,STRIPE,via,157970,89520,159570,90000,1600,via_1600x480
VDD,met3-met4,STRIPE,via,129607,89520,131207,90000,1600,via3_1600x480
VDD,met2-met3,STRIPE,via,129607,89520,131207,90000,1600,via2_1600x480
VDD,met1-met2,STRIPE,via,129607,89520,131207,90000,1600,via_1600x480
VDD,met3-met4,STRIPE,via,103777,89520,105377,90000,1600,via3_1600x480
VDD,met2-met3,STRIPE,via,103777,89520,105377,90000,1600,via2_1600x480
VDD,met1-met2,STRIPE,via,103777,89520,105377,90000,1600,via_1600x480
VDD,met3-met4,STRIPE,via,77599,89520,79199,90000,1600,via3_1600x480
VDD,met2-met3,STRIPE,via,77599,89520,79199,90000,1600,via2_1600x480
VDD,met1-met2,STRIPE,via,77599,89520,79199,90000,1600,via_1600x480
VDD,met3-met4,STRIPE,via,49213,89520,50813,90000,1600,via3_1600x480
VDD,met2-met3,STRIPE,via,49213,89520,50813,90000,1600,via2_1600x480
VDD,met1-met2,STRIPE,via,49213,89520,50813,90000,1600,via_1600x480
VDD,met3-met4,STRIPE,via,20329,89520,21929,90000,1600,via3_1600x480
VDD,met2-met3,STRIPE,via,20329,89520,21929,90000,1600,via2_1600x480
VDD,met1-met2,STRIPE,via,20329,89520,21929,90000,1600,via_1600x480
VDD,met3-met4,STRIPE,via,264975,84080,266575,84560,1600,via3_1600x480
VDD,met2-met3,STRIPE,via,264975,84080,266575,84560,1600,via2_1600x480
VDD,met1-met2,STRIPE,via,264975,84080,266575,84560,1600,via_1600x480
VDD,met3-met4,STRIPE,via,238201,84080,239801,84560,1600,via3_1600x480
VDD,met2-met3,STRIPE,via,238201,84080,239801,84560,1600,via2_1600x480
VDD,met1-met2,STRIPE,via,238201,84080,239801,84560,1600,via_1600x480
VDD,met3-met4,STRIPE,via,211742,84080,213342,84560,1600,via3_1600x480
VDD,met2-met3,STRIPE,via,211742,84080,213342,84560,1600,via2_1600x480
VDD,met1-met2,STRIPE,via,211742,84080,213342,84560,1600,via_1600x480
VDD,met3-met4,STRIPE,via,187231,84080,188831,84560,1600,via3_1600x480
VDD,met2-met3,STRIPE,via,187231,84080,188831,84560,1600,via2_1600x480
VDD,met1-met2,STRIPE,via,187231,84080,188831,84560,1600,via_1600x480
VDD,met3-met4,STRIPE,via,157970,84080,159570,84560,1600,via3_1600x480
VDD,met2-met3,STRIPE,via,157970,84080,159570,84560,1600,via2_1600x480
VDD,met1-met2,STRIPE,via,157970,84080,159570,84560,1600,via_1600x480
VDD,met3-met4,STRIPE,via,129607,84080,131207,84560,1600,via3_1600x480
VDD,met2-met3,STRIPE,via,129607,84080,131207,84560,1600,via2_1600x480
VDD,met1-met2,STRIPE,via,129607,84080,131207,84560,1600,via_1600x480
VDD,met3-met4,STRIPE,via,103777,84080,105377,84560,1600,via3_1600x480
VDD,met2-met3,STRIPE,via,103777,84080,105377,84560,1600,via2_1600x480
VDD,met1-met2,STRIPE,via,103777,84080,105377,84560,1600,via_1600x480
VDD,met3-met4,STRIPE,via,77599,84080,79199,84560,1600,via3_1600x480
VDD,met2-met3,STRIPE,via,77599,84080,79199,84560,1600,via2_1600x480
VDD,met1-met2,STRIPE,via,77599,84080,79199,84560,1600,via_1600x480
VDD,met3-met4,STRIPE,via,49213,84080,50813,84560,1600,via3_1600x480
VDD,met2-met3,STRIPE,via,49213,84080,50813,84560,1600,via2_1600x480
VDD,met1-met2,STRIPE,via,49213,84080,50813,84560,1600,via_1600x480
VDD,met3-met4,STRIPE,via,20329,84080,21929,84560,1600,via3_1600x480
VDD,met2-met3,STRIPE,via,20329,84080,21929,84560,1600,via2_1600x480
VDD,met1-met2,STRIPE,via,20329,84080,21929,84560,1600,via_1600x480
VDD,met3-met4,STRIPE,via,264975,78640,266575,79120,1600,via3_1600x480
VDD,met2-met3,STRIPE,via,264975,78640,266575,79120,1600,via2_1600x480
VDD,met1-met2,STRIPE,via,264975,78640,266575,79120,1600,via_1600x480
VDD,met3-met4,STRIPE,via,238201,78640,239801,79120,1600,via3_1600x480
VDD,met2-met3,STRIPE,via,238201,78640,239801,79120,1600,via2_1600x480
VDD,met1-met2,STRIPE,via,238201,78640,239801,79120,1600,via_1600x480
VDD,met3-met4,STRIPE,via,211742,78640,213342,79120,1600,via3_1600x480
VDD,met2-met3,STRIPE,via,211742,78640,213342,79120,1600,via2_1600x480
VDD,met1-met2,STRIPE,via,211742,78640,213342,79120,1600,via_1600x480
VDD,met3-met4,STRIPE,via,187231,78640,188831,79120,1600,via3_1600x480
VDD,met2-met3,STRIPE,via,187231,78640,188831,79120,1600,via2_1600x480
VDD,met1-met2,STRIPE,via,187231,78640,188831,79120,1600,via_1600x480
VDD,met3-met4,STRIPE,via,157970,78640,159570,79120,1600,via3_1600x480
VDD,met2-met3,STRIPE,via,157970,78640,159570,79120,1600,via2_1600x480
VDD,met1-met2,STRIPE,via,157970,78640,159570,79120,1600,via_1600x480
VDD,met3-met4,STRIPE,via,129607,78640,131207,79120,1600,via3_1600x480
VDD,met2-met3,STRIPE,via,129607,78640,131207,79120,1600,via2_1600x480
VDD,met1-met2,STRIPE,via,129607,78640,131207,79120,1600,via_1600x480
VDD,met3-met4,STRIPE,via,103777,78640,105377,79120,1600,via3_1600x480
VDD,met2-met3,STRIPE,via,103777,78640,105377,79120,1600,via2_1600x480
VDD,met1-met2,STRIPE,via,103777,78640,105377,79120,1600,via_1600x480
VDD,met3-met4,STRIPE,via,77599,78640,79199,79120,1600,via3_1600x480
VDD,met2-met3,STRIPE,via,77599,78640,79199,79120,1600,via2_1600x480
VDD,met1-met2,STRIPE,via,77599,78640,79199,79120,1600,via_1600x480
VDD,met3-met4,STRIPE,via,49213,78640,50813,79120,1600,via3_1600x480
VDD,met2-met3,STRIPE,via,49213,78640,50813,79120,1600,via2_1600x480
VDD,met1-met2,STRIPE,via,49213,78640,50813,79120,1600,via_1600x480
VDD,met3-met4,STRIPE,via,20329,78640,21929,79120,1600,via3_1600x480
VDD,met2-met3,STRIPE,via,20329,78640,21929,79120,1600,via2_1600x480
VDD,met1-met2,STRIPE,via,20329,78640,21929,79120,1600,via_1600x480
VDD,met3-met4,STRIPE,via,264975,73200,266575,73680,1600,via3_1600x480
VDD,met2-met3,STRIPE,via,264975,73200,266575,73680,1600,via2_1600x480
VDD,met1-met2,STRIPE,via,264975,73200,266575,73680,1600,via_1600x480
VDD,met3-met4,STRIPE,via,238201,73200,239801,73680,1600,via3_1600x480
VDD,met2-met3,STRIPE,via,238201,73200,239801,73680,1600,via2_1600x480
VDD,met1-met2,STRIPE,via,238201,73200,239801,73680,1600,via_1600x480
VDD,met3-met4,STRIPE,via,211742,73200,213342,73680,1600,via3_1600x480
VDD,met2-met3,STRIPE,via,211742,73200,213342,73680,1600,via2_1600x480
VDD,met1-met2,STRIPE,via,211742,73200,213342,73680,1600,via_1600x480
VDD,met3-met4,STRIPE,via,187231,73200,188831,73680,1600,via3_1600x480
VDD,met2-met3,STRIPE,via,187231,73200,188831,73680,1600,via2_1600x480
VDD,met1-met2,STRIPE,via,187231,73200,188831,73680,1600,via_1600x480
VDD,met3-met4,STRIPE,via,157970,73200,159570,73680,1600,via3_1600x480
VDD,met2-met3,STRIPE,via,157970,73200,159570,73680,1600,via2_1600x480
VDD,met1-met2,STRIPE,via,157970,73200,159570,73680,1600,via_1600x480
VDD,met3-met4,STRIPE,via,129607,73200,131207,73680,1600,via3_1600x480
VDD,met2-met3,STRIPE,via,129607,73200,131207,73680,1600,via2_1600x480
VDD,met1-met2,STRIPE,via,129607,73200,131207,73680,1600,via_1600x480
VDD,met3-met4,STRIPE,via,103777,73200,105377,73680,1600,via3_1600x480
VDD,met2-met3,STRIPE,via,103777,73200,105377,73680,1600,via2_1600x480
VDD,met1-met2,STRIPE,via,103777,73200,105377,73680,1600,via_1600x480
VDD,met3-met4,STRIPE,via,77599,73200,79199,73680,1600,via3_1600x480
VDD,met2-met3,STRIPE,via,77599,73200,79199,73680,1600,via2_1600x480
VDD,met1-met2,STRIPE,via,77599,73200,79199,73680,1600,via_1600x480
VDD,met3-met4,STRIPE,via,49213,73200,50813,73680,1600,via3_1600x480
VDD,met2-met3,STRIPE,via,49213,73200,50813,73680,1600,via2_1600x480
VDD,met1-met2,STRIPE,via,49213,73200,50813,73680,1600,via_1600x480
VDD,met3-met4,STRIPE,via,20329,73200,21929,73680,1600,via3_1600x480
VDD,met2-met3,STRIPE,via,20329,73200,21929,73680,1600,via2_1600x480
VDD,met1-met2,STRIPE,via,20329,73200,21929,73680,1600,via_1600x480
VDD,met3-met4,STRIPE,via,264975,67760,266575,68240,1600,via3_1600x480
VDD,met2-met3,STRIPE,via,264975,67760,266575,68240,1600,via2_1600x480
VDD,met1-met2,STRIPE,via,264975,67760,266575,68240,1600,via_1600x480
VDD,met3-met4,STRIPE,via,238201,67760,239801,68240,1600,via3_1600x480
VDD,met2-met3,STRIPE,via,238201,67760,239801,68240,1600,via2_1600x480
VDD,met1-met2,STRIPE,via,238201,67760,239801,68240,1600,via_1600x480
VDD,met3-met4,STRIPE,via,211742,67760,213342,68240,1600,via3_1600x480
VDD,met2-met3,STRIPE,via,211742,67760,213342,68240,1600,via2_1600x480
VDD,met1-met2,STRIPE,via,211742,67760,213342,68240,1600,via_1600x480
VDD,met3-met4,STRIPE,via,187231,67760,188831,68240,1600,via3_1600x480
VDD,met2-met3,STRIPE,via,187231,67760,188831,68240,1600,via2_1600x480
VDD,met1-met2,STRIPE,via,187231,67760,188831,68240,1600,via_1600x480
VDD,met3-met4,STRIPE,via,157970,67760,159570,68240,1600,via3_1600x480
VDD,met2-met3,STRIPE,via,157970,67760,159570,68240,1600,via2_1600x480
VDD,met1-met2,STRIPE,via,157970,67760,159570,68240,1600,via_1600x480
VDD,met3-met4,STRIPE,via,129607,67760,131207,68240,1600,via3_1600x480
VDD,met2-met3,STRIPE,via,129607,67760,131207,68240,1600,via2_1600x480
VDD,met1-met2,STRIPE,via,129607,67760,131207,68240,1600,via_1600x480
VDD,met3-met4,STRIPE,via,103777,67760,105377,68240,1600,via3_1600x480
VDD,met2-met3,STRIPE,via,103777,67760,105377,68240,1600,via2_1600x480
VDD,met1-met2,STRIPE,via,103777,67760,105377,68240,1600,via_1600x480
VDD,met3-met4,STRIPE,via,77599,67760,79199,68240,1600,via3_1600x480
VDD,met2-met3,STRIPE,via,77599,67760,79199,68240,1600,via2_1600x480
VDD,met1-met2,STRIPE,via,77599,67760,79199,68240,1600,via_1600x480
VDD,met3-met4,STRIPE,via,49213,67760,50813,68240,1600,via3_1600x480
VDD,met2-met3,STRIPE,via,49213,67760,50813,68240,1600,via2_1600x480
VDD,met1-met2,STRIPE,via,49213,67760,50813,68240,1600,via_1600x480
VDD,met3-met4,STRIPE,via,20329,67760,21929,68240,1600,via3_1600x480
VDD,met2-met3,STRIPE,via,20329,67760,21929,68240,1600,via2_1600x480
VDD,met1-met2,STRIPE,via,20329,67760,21929,68240,1600,via_1600x480
VDD,met3-met4,STRIPE,via,264975,62320,266575,62800,1600,via3_1600x480
VDD,met2-met3,STRIPE,via,264975,62320,266575,62800,1600,via2_1600x480
VDD,met1-met2,STRIPE,via,264975,62320,266575,62800,1600,via_1600x480
VDD,met3-met4,STRIPE,via,238201,62320,239801,62800,1600,via3_1600x480
VDD,met2-met3,STRIPE,via,238201,62320,239801,62800,1600,via2_1600x480
VDD,met1-met2,STRIPE,via,238201,62320,239801,62800,1600,via_1600x480
VDD,met3-met4,STRIPE,via,211742,62320,213342,62800,1600,via3_1600x480
VDD,met2-met3,STRIPE,via,211742,62320,213342,62800,1600,via2_1600x480
VDD,met1-met2,STRIPE,via,211742,62320,213342,62800,1600,via_1600x480
VDD,met3-met4,STRIPE,via,187231,62320,188831,62800,1600,via3_1600x480
VDD,met2-met3,STRIPE,via,187231,62320,188831,62800,1600,via2_1600x480
VDD,met1-met2,STRIPE,via,187231,62320,188831,62800,1600,via_1600x480
VDD,met3-met4,STRIPE,via,157970,62320,159570,62800,1600,via3_1600x480
VDD,met2-met3,STRIPE,via,157970,62320,159570,62800,1600,via2_1600x480
VDD,met1-met2,STRIPE,via,157970,62320,159570,62800,1600,via_1600x480
VDD,met3-met4,STRIPE,via,129607,62320,131207,62800,1600,via3_1600x480
VDD,met2-met3,STRIPE,via,129607,62320,131207,62800,1600,via2_1600x480
VDD,met1-met2,STRIPE,via,129607,62320,131207,62800,1600,via_1600x480
VDD,met3-met4,STRIPE,via,103777,62320,105377,62800,1600,via3_1600x480
VDD,met2-met3,STRIPE,via,103777,62320,105377,62800,1600,via2_1600x480
VDD,met1-met2,STRIPE,via,103777,62320,105377,62800,1600,via_1600x480
VDD,met3-met4,STRIPE,via,77599,62320,79199,62800,1600,via3_1600x480
VDD,met2-met3,STRIPE,via,77599,62320,79199,62800,1600,via2_1600x480
VDD,met1-met2,STRIPE,via,77599,62320,79199,62800,1600,via_1600x480
VDD,met3-met4,STRIPE,via,49213,62320,50813,62800,1600,via3_1600x480
VDD,met2-met3,STRIPE,via,49213,62320,50813,62800,1600,via2_1600x480
VDD,met1-met2,STRIPE,via,49213,62320,50813,62800,1600,via_1600x480
VDD,met3-met4,STRIPE,via,20329,62320,21929,62800,1600,via3_1600x480
VDD,met2-met3,STRIPE,via,20329,62320,21929,62800,1600,via2_1600x480
VDD,met1-met2,STRIPE,via,20329,62320,21929,62800,1600,via_1600x480
VDD,met3-met4,STRIPE,via,264975,56880,266575,57360,1600,via3_1600x480
VDD,met2-met3,STRIPE,via,264975,56880,266575,57360,1600,via2_1600x480
VDD,met1-met2,STRIPE,via,264975,56880,266575,57360,1600,via_1600x480
VDD,met3-met4,STRIPE,via,238201,56880,239801,57360,1600,via3_1600x480
VDD,met2-met3,STRIPE,via,238201,56880,239801,57360,1600,via2_1600x480
VDD,met1-met2,STRIPE,via,238201,56880,239801,57360,1600,via_1600x480
VDD,met3-met4,STRIPE,via,211742,56880,213342,57360,1600,via3_1600x480
VDD,met2-met3,STRIPE,via,211742,56880,213342,57360,1600,via2_1600x480
VDD,met1-met2,STRIPE,via,211742,56880,213342,57360,1600,via_1600x480
VDD,met3-met4,STRIPE,via,187231,56880,188831,57360,1600,via3_1600x480
VDD,met2-met3,STRIPE,via,187231,56880,188831,57360,1600,via2_1600x480
VDD,met1-met2,STRIPE,via,187231,56880,188831,57360,1600,via_1600x480
VDD,met3-met4,STRIPE,via,157970,56880,159570,57360,1600,via3_1600x480
VDD,met2-met3,STRIPE,via,157970,56880,159570,57360,1600,via2_1600x480
VDD,met1-met2,STRIPE,via,157970,56880,159570,57360,1600,via_1600x480
VDD,met3-met4,STRIPE,via,129607,56880,131207,57360,1600,via3_1600x480
VDD,met2-met3,STRIPE,via,129607,56880,131207,57360,1600,via2_1600x480
VDD,met1-met2,STRIPE,via,129607,56880,131207,57360,1600,via_1600x480
VDD,met3-met4,STRIPE,via,103777,56880,105377,57360,1600,via3_1600x480
VDD,met2-met3,STRIPE,via,103777,56880,105377,57360,1600,via2_1600x480
VDD,met1-met2,STRIPE,via,103777,56880,105377,57360,1600,via_1600x480
VDD,met3-met4,STRIPE,via,77599,56880,79199,57360,1600,via3_1600x480
VDD,met2-met3,STRIPE,via,77599,56880,79199,57360,1600,via2_1600x480
VDD,met1-met2,STRIPE,via,77599,56880,79199,57360,1600,via_1600x480
VDD,met3-met4,STRIPE,via,49213,56880,50813,57360,1600,via3_1600x480
VDD,met2-met3,STRIPE,via,49213,56880,50813,57360,1600,via2_1600x480
VDD,met1-met2,STRIPE,via,49213,56880,50813,57360,1600,via_1600x480
VDD,met3-met4,STRIPE,via,20329,56880,21929,57360,1600,via3_1600x480
VDD,met2-met3,STRIPE,via,20329,56880,21929,57360,1600,via2_1600x480
VDD,met1-met2,STRIPE,via,20329,56880,21929,57360,1600,via_1600x480
VDD,met3-met4,STRIPE,via,264975,51440,266575,51920,1600,via3_1600x480
VDD,met2-met3,STRIPE,via,264975,51440,266575,51920,1600,via2_1600x480
VDD,met1-met2,STRIPE,via,264975,51440,266575,51920,1600,via_1600x480
VDD,met3-met4,STRIPE,via,238201,51440,239801,51920,1600,via3_1600x480
VDD,met2-met3,STRIPE,via,238201,51440,239801,51920,1600,via2_1600x480
VDD,met1-met2,STRIPE,via,238201,51440,239801,51920,1600,via_1600x480
VDD,met3-met4,STRIPE,via,211742,51440,213342,51920,1600,via3_1600x480
VDD,met2-met3,STRIPE,via,211742,51440,213342,51920,1600,via2_1600x480
VDD,met1-met2,STRIPE,via,211742,51440,213342,51920,1600,via_1600x480
VDD,met3-met4,STRIPE,via,187231,51440,188831,51920,1600,via3_1600x480
VDD,met2-met3,STRIPE,via,187231,51440,188831,51920,1600,via2_1600x480
VDD,met1-met2,STRIPE,via,187231,51440,188831,51920,1600,via_1600x480
VDD,met3-met4,STRIPE,via,157970,51440,159570,51920,1600,via3_1600x480
VDD,met2-met3,STRIPE,via,157970,51440,159570,51920,1600,via2_1600x480
VDD,met1-met2,STRIPE,via,157970,51440,159570,51920,1600,via_1600x480
VDD,met3-met4,STRIPE,via,129607,51440,131207,51920,1600,via3_1600x480
VDD,met2-met3,STRIPE,via,129607,51440,131207,51920,1600,via2_1600x480
VDD,met1-met2,STRIPE,via,129607,51440,131207,51920,1600,via_1600x480
VDD,met3-met4,STRIPE,via,103777,51440,105377,51920,1600,via3_1600x480
VDD,met2-met3,STRIPE,via,103777,51440,105377,51920,1600,via2_1600x480
VDD,met1-met2,STRIPE,via,103777,51440,105377,51920,1600,via_1600x480
VDD,met3-met4,STRIPE,via,77599,51440,79199,51920,1600,via3_1600x480
VDD,met2-met3,STRIPE,via,77599,51440,79199,51920,1600,via2_1600x480
VDD,met1-met2,STRIPE,via,77599,51440,79199,51920,1600,via_1600x480
VDD,met3-met4,STRIPE,via,49213,51440,50813,51920,1600,via3_1600x480
VDD,met2-met3,STRIPE,via,49213,51440,50813,51920,1600,via2_1600x480
VDD,met1-met2,STRIPE,via,49213,51440,50813,51920,1600,via_1600x480
VDD,met3-met4,STRIPE,via,20329,51440,21929,51920,1600,via3_1600x480
VDD,met2-met3,STRIPE,via,20329,51440,21929,51920,1600,via2_1600x480
VDD,met1-met2,STRIPE,via,20329,51440,21929,51920,1600,via_1600x480
VDD,met3-met4,STRIPE,via,264975,46000,266575,46480,1600,via3_1600x480
VDD,met2-met3,STRIPE,via,264975,46000,266575,46480,1600,via2_1600x480
VDD,met1-met2,STRIPE,via,264975,46000,266575,46480,1600,via_1600x480
VDD,met3-met4,STRIPE,via,238201,46000,239801,46480,1600,via3_1600x480
VDD,met2-met3,STRIPE,via,238201,46000,239801,46480,1600,via2_1600x480
VDD,met1-met2,STRIPE,via,238201,46000,239801,46480,1600,via_1600x480
VDD,met3-met4,STRIPE,via,211742,46000,213342,46480,1600,via3_1600x480
VDD,met2-met3,STRIPE,via,211742,46000,213342,46480,1600,via2_1600x480
VDD,met1-met2,STRIPE,via,211742,46000,213342,46480,1600,via_1600x480
VDD,met3-met4,STRIPE,via,187231,46000,188831,46480,1600,via3_1600x480
VDD,met2-met3,STRIPE,via,187231,46000,188831,46480,1600,via2_1600x480
VDD,met1-met2,STRIPE,via,187231,46000,188831,46480,1600,via_1600x480
VDD,met3-met4,STRIPE,via,157970,46000,159570,46480,1600,via3_1600x480
VDD,met2-met3,STRIPE,via,157970,46000,159570,46480,1600,via2_1600x480
VDD,met1-met2,STRIPE,via,157970,46000,159570,46480,1600,via_1600x480
VDD,met3-met4,STRIPE,via,129607,46000,131207,46480,1600,via3_1600x480
VDD,met2-met3,STRIPE,via,129607,46000,131207,46480,1600,via2_1600x480
VDD,met1-met2,STRIPE,via,129607,46000,131207,46480,1600,via_1600x480
VDD,met3-met4,STRIPE,via,103777,46000,105377,46480,1600,via3_1600x480
VDD,met2-met3,STRIPE,via,103777,46000,105377,46480,1600,via2_1600x480
VDD,met1-met2,STRIPE,via,103777,46000,105377,46480,1600,via_1600x480
VDD,met3-met4,STRIPE,via,77599,46000,79199,46480,1600,via3_1600x480
VDD,met2-met3,STRIPE,via,77599,46000,79199,46480,1600,via2_1600x480
VDD,met1-met2,STRIPE,via,77599,46000,79199,46480,1600,via_1600x480
VDD,met3-met4,STRIPE,via,49213,46000,50813,46480,1600,via3_1600x480
VDD,met2-met3,STRIPE,via,49213,46000,50813,46480,1600,via2_1600x480
VDD,met1-met2,STRIPE,via,49213,46000,50813,46480,1600,via_1600x480
VDD,met3-met4,STRIPE,via,20329,46000,21929,46480,1600,via3_1600x480
VDD,met2-met3,STRIPE,via,20329,46000,21929,46480,1600,via2_1600x480
VDD,met1-met2,STRIPE,via,20329,46000,21929,46480,1600,via_1600x480
VDD,met3-met4,STRIPE,via,264975,40560,266575,41040,1600,via3_1600x480
VDD,met2-met3,STRIPE,via,264975,40560,266575,41040,1600,via2_1600x480
VDD,met1-met2,STRIPE,via,264975,40560,266575,41040,1600,via_1600x480
VDD,met3-met4,STRIPE,via,238201,40560,239801,41040,1600,via3_1600x480
VDD,met2-met3,STRIPE,via,238201,40560,239801,41040,1600,via2_1600x480
VDD,met1-met2,STRIPE,via,238201,40560,239801,41040,1600,via_1600x480
VDD,met3-met4,STRIPE,via,211742,40560,213342,41040,1600,via3_1600x480
VDD,met2-met3,STRIPE,via,211742,40560,213342,41040,1600,via2_1600x480
VDD,met1-met2,STRIPE,via,211742,40560,213342,41040,1600,via_1600x480
VDD,met3-met4,STRIPE,via,187231,40560,188831,41040,1600,via3_1600x480
VDD,met2-met3,STRIPE,via,187231,40560,188831,41040,1600,via2_1600x480
VDD,met1-met2,STRIPE,via,187231,40560,188831,41040,1600,via_1600x480
VDD,met3-met4,STRIPE,via,157970,40560,159570,41040,1600,via3_1600x480
VDD,met2-met3,STRIPE,via,157970,40560,159570,41040,1600,via2_1600x480
VDD,met1-met2,STRIPE,via,157970,40560,159570,41040,1600,via_1600x480
VDD,met3-met4,STRIPE,via,129607,40560,131207,41040,1600,via3_1600x480
VDD,met2-met3,STRIPE,via,129607,40560,131207,41040,1600,via2_1600x480
VDD,met1-met2,STRIPE,via,129607,40560,131207,41040,1600,via_1600x480
VDD,met3-met4,STRIPE,via,103777,40560,105377,41040,1600,via3_1600x480
VDD,met2-met3,STRIPE,via,103777,40560,105377,41040,1600,via2_1600x480
VDD,met1-met2,STRIPE,via,103777,40560,105377,41040,1600,via_1600x480
VDD,met3-met4,STRIPE,via,77599,40560,79199,41040,1600,via3_1600x480
VDD,met2-met3,STRIPE,via,77599,40560,79199,41040,1600,via2_1600x480
VDD,met1-met2,STRIPE,via,77599,40560,79199,41040,1600,via_1600x480
VDD,met3-met4,STRIPE,via,49213,40560,50813,41040,1600,via3_1600x480
VDD,met2-met3,STRIPE,via,49213,40560,50813,41040,1600,via2_1600x480
VDD,met1-met2,STRIPE,via,49213,40560,50813,41040,1600,via_1600x480
VDD,met3-met4,STRIPE,via,20329,40560,21929,41040,1600,via3_1600x480
VDD,met2-met3,STRIPE,via,20329,40560,21929,41040,1600,via2_1600x480
VDD,met1-met2,STRIPE,via,20329,40560,21929,41040,1600,via_1600x480
VDD,met3-met4,STRIPE,via,264975,35120,266575,35600,1600,via3_1600x480
VDD,met2-met3,STRIPE,via,264975,35120,266575,35600,1600,via2_1600x480
VDD,met1-met2,STRIPE,via,264975,35120,266575,35600,1600,via_1600x480
VDD,met3-met4,STRIPE,via,238201,35120,239801,35600,1600,via3_1600x480
VDD,met2-met3,STRIPE,via,238201,35120,239801,35600,1600,via2_1600x480
VDD,met1-met2,STRIPE,via,238201,35120,239801,35600,1600,via_1600x480
VDD,met3-met4,STRIPE,via,211742,35120,213342,35600,1600,via3_1600x480
VDD,met2-met3,STRIPE,via,211742,35120,213342,35600,1600,via2_1600x480
VDD,met1-met2,STRIPE,via,211742,35120,213342,35600,1600,via_1600x480
VDD,met3-met4,STRIPE,via,187231,35120,188831,35600,1600,via3_1600x480
VDD,met2-met3,STRIPE,via,187231,35120,188831,35600,1600,via2_1600x480
VDD,met1-met2,STRIPE,via,187231,35120,188831,35600,1600,via_1600x480
VDD,met3-met4,STRIPE,via,157970,35120,159570,35600,1600,via3_1600x480
VDD,met2-met3,STRIPE,via,157970,35120,159570,35600,1600,via2_1600x480
VDD,met1-met2,STRIPE,via,157970,35120,159570,35600,1600,via_1600x480
VDD,met3-met4,STRIPE,via,129607,35120,131207,35600,1600,via3_1600x480
VDD,met2-met3,STRIPE,via,129607,35120,131207,35600,1600,via2_1600x480
VDD,met1-met2,STRIPE,via,129607,35120,131207,35600,1600,via_1600x480
VDD,met3-met4,STRIPE,via,103777,35120,105377,35600,1600,via3_1600x480
VDD,met2-met3,STRIPE,via,103777,35120,105377,35600,1600,via2_1600x480
VDD,met1-met2,STRIPE,via,103777,35120,105377,35600,1600,via_1600x480
VDD,met3-met4,STRIPE,via,77599,35120,79199,35600,1600,via3_1600x480
VDD,met2-met3,STRIPE,via,77599,35120,79199,35600,1600,via2_1600x480
VDD,met1-met2,STRIPE,via,77599,35120,79199,35600,1600,via_1600x480
VDD,met3-met4,STRIPE,via,49213,35120,50813,35600,1600,via3_1600x480
VDD,met2-met3,STRIPE,via,49213,35120,50813,35600,1600,via2_1600x480
VDD,met1-met2,STRIPE,via,49213,35120,50813,35600,1600,via_1600x480
VDD,met3-met4,STRIPE,via,20329,35120,21929,35600,1600,via3_1600x480
VDD,met2-met3,STRIPE,via,20329,35120,21929,35600,1600,via2_1600x480
VDD,met1-met2,STRIPE,via,20329,35120,21929,35600,1600,via_1600x480
VDD,met3-met4,STRIPE,via,264975,29680,266575,30160,1600,via3_1600x480
VDD,met2-met3,STRIPE,via,264975,29680,266575,30160,1600,via2_1600x480
VDD,met1-met2,STRIPE,via,264975,29680,266575,30160,1600,via_1600x480
VDD,met3-met4,STRIPE,via,238201,29680,239801,30160,1600,via3_1600x480
VDD,met2-met3,STRIPE,via,238201,29680,239801,30160,1600,via2_1600x480
VDD,met1-met2,STRIPE,via,238201,29680,239801,30160,1600,via_1600x480
VDD,met3-met4,STRIPE,via,211742,29680,213342,30160,1600,via3_1600x480
VDD,met2-met3,STRIPE,via,211742,29680,213342,30160,1600,via2_1600x480
VDD,met1-met2,STRIPE,via,211742,29680,213342,30160,1600,via_1600x480
VDD,met3-met4,STRIPE,via,187231,29680,188831,30160,1600,via3_1600x480
VDD,met2-met3,STRIPE,via,187231,29680,188831,30160,1600,via2_1600x480
VDD,met1-met2,STRIPE,via,187231,29680,188831,30160,1600,via_1600x480
VDD,met3-met4,STRIPE,via,157970,29680,159570,30160,1600,via3_1600x480
VDD,met2-met3,STRIPE,via,157970,29680,159570,30160,1600,via2_1600x480
VDD,met1-met2,STRIPE,via,157970,29680,159570,30160,1600,via_1600x480
VDD,met3-met4,STRIPE,via,129607,29680,131207,30160,1600,via3_1600x480
VDD,met2-met3,STRIPE,via,129607,29680,131207,30160,1600,via2_1600x480
VDD,met1-met2,STRIPE,via,129607,29680,131207,30160,1600,via_1600x480
VDD,met3-met4,STRIPE,via,103777,29680,105377,30160,1600,via3_1600x480
VDD,met2-met3,STRIPE,via,103777,29680,105377,30160,1600,via2_1600x480
VDD,met1-met2,STRIPE,via,103777,29680,105377,30160,1600,via_1600x480
VDD,met3-met4,STRIPE,via,77599,29680,79199,30160,1600,via3_1600x480
VDD,met2-met3,STRIPE,via,77599,29680,79199,30160,1600,via2_1600x480
VDD,met1-met2,STRIPE,via,77599,29680,79199,30160,1600,via_1600x480
VDD,met3-met4,STRIPE,via,49213,29680,50813,30160,1600,via3_1600x480
VDD,met2-met3,STRIPE,via,49213,29680,50813,30160,1600,via2_1600x480
VDD,met1-met2,STRIPE,via,49213,29680,50813,30160,1600,via_1600x480
VDD,met3-met4,STRIPE,via,20329,29680,21929,30160,1600,via3_1600x480
VDD,met2-met3,STRIPE,via,20329,29680,21929,30160,1600,via2_1600x480
VDD,met1-met2,STRIPE,via,20329,29680,21929,30160,1600,via_1600x480
VDD,met3-met4,STRIPE,via,264975,24240,266575,24720,1600,via3_1600x480
VDD,met2-met3,STRIPE,via,264975,24240,266575,24720,1600,via2_1600x480
VDD,met1-met2,STRIPE,via,264975,24240,266575,24720,1600,via_1600x480
VDD,met3-met4,STRIPE,via,238201,24240,239801,24720,1600,via3_1600x480
VDD,met2-met3,STRIPE,via,238201,24240,239801,24720,1600,via2_1600x480
VDD,met1-met2,STRIPE,via,238201,24240,239801,24720,1600,via_1600x480
VDD,met3-met4,STRIPE,via,211742,24240,213342,24720,1600,via3_1600x480
VDD,met2-met3,STRIPE,via,211742,24240,213342,24720,1600,via2_1600x480
VDD,met1-met2,STRIPE,via,211742,24240,213342,24720,1600,via_1600x480
VDD,met3-met4,STRIPE,via,187231,24240,188831,24720,1600,via3_1600x480
VDD,met2-met3,STRIPE,via,187231,24240,188831,24720,1600,via2_1600x480
VDD,met1-met2,STRIPE,via,187231,24240,188831,24720,1600,via_1600x480
VDD,met3-met4,STRIPE,via,157970,24240,159570,24720,1600,via3_1600x480
VDD,met2-met3,STRIPE,via,157970,24240,159570,24720,1600,via2_1600x480
VDD,met1-met2,STRIPE,via,157970,24240,159570,24720,1600,via_1600x480
VDD,met3-met4,STRIPE,via,129607,24240,131207,24720,1600,via3_1600x480
VDD,met2-met3,STRIPE,via,129607,24240,131207,24720,1600,via2_1600x480
VDD,met1-met2,STRIPE,via,129607,24240,131207,24720,1600,via_1600x480
VDD,met3-met4,STRIPE,via,103777,24240,105377,24720,1600,via3_1600x480
VDD,met2-met3,STRIPE,via,103777,24240,105377,24720,1600,via2_1600x480
VDD,met1-met2,STRIPE,via,103777,24240,105377,24720,1600,via_1600x480
VDD,met3-met4,STRIPE,via,77599,24240,79199,24720,1600,via3_1600x480
VDD,met2-met3,STRIPE,via,77599,24240,79199,24720,1600,via2_1600x480
VDD,met1-met2,STRIPE,via,77599,24240,79199,24720,1600,via_1600x480
VDD,met3-met4,STRIPE,via,49213,24240,50813,24720,1600,via3_1600x480
VDD,met2-met3,STRIPE,via,49213,24240,50813,24720,1600,via2_1600x480
VDD,met1-met2,STRIPE,via,49213,24240,50813,24720,1600,via_1600x480
VDD,met3-met4,STRIPE,via,20329,24240,21929,24720,1600,via3_1600x480
VDD,met2-met3,STRIPE,via,20329,24240,21929,24720,1600,via2_1600x480
VDD,met1-met2,STRIPE,via,20329,24240,21929,24720,1600,via_1600x480
VDD,met3-met4,STRIPE,via,264975,18800,266575,19280,1600,via3_1600x480
VDD,met2-met3,STRIPE,via,264975,18800,266575,19280,1600,via2_1600x480
VDD,met1-met2,STRIPE,via,264975,18800,266575,19280,1600,via_1600x480
VDD,met3-met4,STRIPE,via,238201,18800,239801,19280,1600,via3_1600x480
VDD,met2-met3,STRIPE,via,238201,18800,239801,19280,1600,via2_1600x480
VDD,met1-met2,STRIPE,via,238201,18800,239801,19280,1600,via_1600x480
VDD,met3-met4,STRIPE,via,211742,18800,213342,19280,1600,via3_1600x480
VDD,met2-met3,STRIPE,via,211742,18800,213342,19280,1600,via2_1600x480
VDD,met1-met2,STRIPE,via,211742,18800,213342,19280,1600,via_1600x480
VDD,met3-met4,STRIPE,via,187231,18800,188831,19280,1600,via3_1600x480
VDD,met2-met3,STRIPE,via,187231,18800,188831,19280,1600,via2_1600x480
VDD,met1-met2,STRIPE,via,187231,18800,188831,19280,1600,via_1600x480
VDD,met3-met4,STRIPE,via,157970,18800,159570,19280,1600,via3_1600x480
VDD,met2-met3,STRIPE,via,157970,18800,159570,19280,1600,via2_1600x480
VDD,met1-met2,STRIPE,via,157970,18800,159570,19280,1600,via_1600x480
VDD,met3-met4,STRIPE,via,129607,18800,131207,19280,1600,via3_1600x480
VDD,met2-met3,STRIPE,via,129607,18800,131207,19280,1600,via2_1600x480
VDD,met1-met2,STRIPE,via,129607,18800,131207,19280,1600,via_1600x480
VDD,met3-met4,STRIPE,via,103777,18800,105377,19280,1600,via3_1600x480
VDD,met2-met3,STRIPE,via,103777,18800,105377,19280,1600,via2_1600x480
VDD,met1-met2,STRIPE,via,103777,18800,105377,19280,1600,via_1600x480
VDD,met3-met4,STRIPE,via,77599,18800,79199,19280,1600,via3_1600x480
VDD,met2-met3,STRIPE,via,77599,18800,79199,19280,1600,via2_1600x480
VDD,met1-met2,STRIPE,via,77599,18800,79199,19280,1600,via_1600x480
VDD,met3-met4,STRIPE,via,49213,18800,50813,19280,1600,via3_1600x480
VDD,met2-met3,STRIPE,via,49213,18800,50813,19280,1600,via2_1600x480
VDD,met1-met2,STRIPE,via,49213,18800,50813,19280,1600,via_1600x480
VDD,met3-met4,STRIPE,via,20329,18800,21929,19280,1600,via3_1600x480
VDD,met2-met3,STRIPE,via,20329,18800,21929,19280,1600,via2_1600x480
VDD,met1-met2,STRIPE,via,20329,18800,21929,19280,1600,via_1600x480
VDD,met3-met4,STRIPE,via,264975,13360,266575,13840,1600,via3_1600x480
VDD,met2-met3,STRIPE,via,264975,13360,266575,13840,1600,via2_1600x480
VDD,met1-met2,STRIPE,via,264975,13360,266575,13840,1600,via_1600x480
VDD,met3-met4,STRIPE,via,238201,13360,239801,13840,1600,via3_1600x480
VDD,met2-met3,STRIPE,via,238201,13360,239801,13840,1600,via2_1600x480
VDD,met1-met2,STRIPE,via,238201,13360,239801,13840,1600,via_1600x480
VDD,met3-met4,STRIPE,via,211742,13360,213342,13840,1600,via3_1600x480
VDD,met2-met3,STRIPE,via,211742,13360,213342,13840,1600,via2_1600x480
VDD,met1-met2,STRIPE,via,211742,13360,213342,13840,1600,via_1600x480
VDD,met3-met4,STRIPE,via,187231,13360,188831,13840,1600,via3_1600x480
VDD,met2-met3,STRIPE,via,187231,13360,188831,13840,1600,via2_1600x480
VDD,met1-met2,STRIPE,via,187231,13360,188831,13840,1600,via_1600x480
VDD,met3-met4,STRIPE,via,157970,13360,159570,13840,1600,via3_1600x480
VDD,met2-met3,STRIPE,via,157970,13360,159570,13840,1600,via2_1600x480
VDD,met1-met2,STRIPE,via,157970,13360,159570,13840,1600,via_1600x480
VDD,met3-met4,STRIPE,via,129607,13360,131207,13840,1600,via3_1600x480
VDD,met2-met3,STRIPE,via,129607,13360,131207,13840,1600,via2_1600x480
VDD,met1-met2,STRIPE,via,129607,13360,131207,13840,1600,via_1600x480
VDD,met3-met4,STRIPE,via,103777,13360,105377,13840,1600,via3_1600x480
VDD,met2-met3,STRIPE,via,103777,13360,105377,13840,1600,via2_1600x480
VDD,met1-met2,STRIPE,via,103777,13360,105377,13840,1600,via_1600x480
VDD,met3-met4,STRIPE,via,77599,13360,79199,13840,1600,via3_1600x480
VDD,met2-met3,STRIPE,via,77599,13360,79199,13840,1600,via2_1600x480
VDD,met1-met2,STRIPE,via,77599,13360,79199,13840,1600,via_1600x480
VDD,met3-met4,STRIPE,via,49213,13360,50813,13840,1600,via3_1600x480
VDD,met2-met3,STRIPE,via,49213,13360,50813,13840,1600,via2_1600x480
VDD,met1-met2,STRIPE,via,49213,13360,50813,13840,1600,via_1600x480
VDD,met3-met4,STRIPE,via,20329,13360,21929,13840,1600,via3_1600x480
VDD,met2-met3,STRIPE,via,20329,13360,21929,13840,1600,via2_1600x480
VDD,met1-met2,STRIPE,via,20329,13360,21929,13840,1600,via_1600x480
VDD,met5,STRIPE,wire,10120,241040,269560,242640,1600,
VDD,met5,STRIPE,wire,10120,213840,269560,215440,1600,
VDD,met5,STRIPE,wire,10120,186640,269560,188240,1600,
VDD,met5,STRIPE,wire,10120,159440,269560,161040,1600,
VDD,met5,STRIPE,wire,10120,132240,269560,133840,1600,
VDD,met5,STRIPE,wire,10120,105040,269560,106640,1600,
VDD,met5,STRIPE,wire,10120,77840,269560,79440,1600,
VDD,met5,STRIPE,wire,10120,50640,269560,52240,1600,
VDD,met5,STRIPE,wire,10120,23440,269560,25040,1600,
VDD,met4,STRIPE,wire,264975,10640,266575,269520,1600,
VDD,met4,STRIPE,wire,238201,10640,239801,269520,1600,
VDD,met4,STRIPE,wire,211742,10640,213342,269520,1600,
VDD,met4,STRIPE,wire,187231,10640,188831,269520,1600,
VDD,met4,STRIPE,wire,157970,10640,159570,269520,1600,
VDD,met4,STRIPE,wire,129607,10640,131207,269520,1600,
VDD,met4,STRIPE,wire,103777,10640,105377,269520,1600,
VDD,met4,STRIPE,wire,77599,10640,79199,269520,1600,
VDD,met4,STRIPE,wire,49213,10640,50813,269520,1600,
VDD,met4,STRIPE,wire,20329,10640,21929,269520,1600,
VDD,met1,FOLLOWPIN,wire,10120,269040,269560,269520,480,
VDD,met1,FOLLOWPIN,wire,10120,263600,269560,264080,480,
VDD,met1,FOLLOWPIN,wire,10120,258160,269560,258640,480,
VDD,met1,FOLLOWPIN,wire,10120,252720,269560,253200,480,
VDD,met1,FOLLOWPIN,wire,10120,247280,269560,247760,480,
VDD,met1,FOLLOWPIN,wire,10120,241840,269560,242320,480,
VDD,met1,FOLLOWPIN,wire,10120,236400,269560,236880,480,
VDD,met1,FOLLOWPIN,wire,10120,230960,269560,231440,480,
VDD,met1,FOLLOWPIN,wire,10120,225520,269560,226000,480,
VDD,met1,FOLLOWPIN,wire,10120,220080,269560,220560,480,
VDD,met1,FOLLOWPIN,wire,10120,214640,269560,215120,480,
VDD,met1,FOLLOWPIN,wire,10120,209200,269560,209680,480,
VDD,met1,FOLLOWPIN,wire,10120,203760,269560,204240,480,
VDD,met1,FOLLOWPIN,wire,10120,198320,269560,198800,480,
VDD,met1,FOLLOWPIN,wire,10120,192880,269560,193360,480,
VDD,met1,FOLLOWPIN,wire,10120,187440,269560,187920,480,
VDD,met1,FOLLOWPIN,wire,10120,182000,269560,182480,480,
VDD,met1,FOLLOWPIN,wire,10120,176560,269560,177040,480,
VDD,met1,FOLLOWPIN,wire,10120,171120,269560,171600,480,
VDD,met1,FOLLOWPIN,wire,10120,165680,269560,166160,480,
VDD,met1,FOLLOWPIN,wire,10120,160240,269560,160720,480,
VDD,met1,FOLLOWPIN,wire,10120,154800,269560,155280,480,
VDD,met1,FOLLOWPIN,wire,10120,149360,269560,149840,480,
VDD,met1,FOLLOWPIN,wire,10120,143920,269560,144400,480,
VDD,met1,FOLLOWPIN,wire,10120,138480,269560,138960,480,
VDD,met1,FOLLOWPIN,wire,10120,133040,269560,133520,480,
VDD,met1,FOLLOWPIN,wire,10120,127600,269560,128080,480,
VDD,met1,FOLLOWPIN,wire,10120,122160,269560,122640,480,
VDD,met1,FOLLOWPIN,wire,10120,116720,269560,117200,480,
VDD,met1,FOLLOWPIN,wire,10120,111280,269560,111760,480,
VDD,met1,FOLLOWPIN,wire,10120,105840,269560,106320,480,
VDD,met1,FOLLOWPIN,wire,10120,100400,269560,100880,480,
VDD,met1,FOLLOWPIN,wire,10120,94960,269560,95440,480,
VDD,met1,FOLLOWPIN,wire,10120,89520,269560,90000,480,
VDD,met1,FOLLOWPIN,wire,10120,84080,269560,84560,480,
VDD,met1,FOLLOWPIN,wire,10120,78640,269560,79120,480,
VDD,met1,FOLLOWPIN,wire,10120,73200,269560,73680,480,
VDD,met1,FOLLOWPIN,wire,10120,67760,269560,68240,480,
VDD,met1,FOLLOWPIN,wire,10120,62320,269560,62800,480,
VDD,met1,FOLLOWPIN,wire,10120,56880,269560,57360,480,
VDD,met1,FOLLOWPIN,wire,10120,51440,269560,51920,480,
VDD,met1,FOLLOWPIN,wire,10120,46000,269560,46480,480,
VDD,met1,FOLLOWPIN,wire,10120,40560,269560,41040,480,
VDD,met1,FOLLOWPIN,wire,10120,35120,269560,35600,480,
VDD,met1,FOLLOWPIN,wire,10120,29680,269560,30160,480,
VDD,met1,FOLLOWPIN,wire,10120,24240,269560,24720,480,
VDD,met1,FOLLOWPIN,wire,10120,18800,269560,19280,480,
VDD,met1,FOLLOWPIN,wire,10120,13360,269560,13840,480,
