net,layer,shape,kind,x1,y1,x2,y2,width,via_name
VSS,met4-met5,STRIPE,via,253580,254640,255180,256240,1600,via4_1600x1600
VSS,met4-met5,STRIPE,via,226440,254640,228040,256240,1600,via4_1600x1600
VSS,met4-met5,STRIPE,via,199300,254640,200900,256240,1600,via4_1600x1600
VSS,met4-met5,STRIPE,via,172160,254640,173760,256240,1600,via4_1600x1600
VSS,met4-met5,STRIPE,via,145020,254640,146620,256240,1600,via4_1600x1600
VSS,met4-met5,STRIPE,via,117880,254640,119480,256240,1600,via4_1600x1600
VSS,met4-met5,STRIPE,via,90740,254640,92340,256240,1600,via4_1600x1600
VSS,met4-met5,STRIPE,via,63600,254640,65200,256240,1600,via4_1600x1600
VSS,met4-met5,STRIPE,via,36460,254640,38060,256240,1600,via4_1600x1600
VSS,met4-met5,STRIPE,via,253580,227440,255180,229040,1600,via4_1600x1600
VSS,met4-met5,STRIPE,via,226440,227440,228040,229040,1600,via4_1600x1600
VSS,met4-met5,STRIPE,via,199300,227440,200900,229040,1600,via4_1600x1600
VSS,met4-met5,STRIPE,via,172160,227440,173760,229040,1600,via4_1600x1600
VSS,met4-met5,STRIPE,via,145020,227440,146620,229040,1600,via4_1600x1600
VSS,met4-met5,STRIPE,via,117880,227440,119480,229040,1600,via4_1600x1600
VSS,met4-met5,STRIPE,via,90740,227440,92340,229040,1600,via4_1600x1600
VSS,met4-met5,STRIPE,via,63600,227440,65200,229040,1600,via4_1600x1600
VSS,met4-met5,STRIPE,via,36460,227440,38060,229040,1600,via4_1600x1600
VSS,met4-met5,STRIPE,via,253580,200240,255180,201840,1600,via4_1600x1600
VSS,met4-met5,STRIPE,via,226440,200240,228040,201840,1600,via4_1600x1600
VSS,met4-met5,STRIPE,via,199300,200240,200900,201840,1600,via4_1600x1600
VSS,met4-met5,STRIPE,via,172160,200240,173760,201840,1600,via4_1600x1600
VSS,met4-met5,STRIPE,via,145020,200240,146620,201840,1600,via4_1600x1600
VSS,met4-met5,STRIPE,via,117880,200240,119480,201840,1600,via4_1600x1600
VSS,met4-met5,STRIPE,via,90740,200240,92340,201840,1600,via4_1600x1600
VSS,met4-met5,STRIPE,via,63600,200240,65200,201840,1600,via4_1600x1600
VSS,met4-met5,STRIPE,via,36460,200240,38060,201840,1600,via4_1600x1600
VSS,met4-met5,STRIPE,via,253580,173040,255180,174640,1600,via4_1600x1600
VSS,met4-met5,STRIPE,via,226440,173040,228040,174640,1600,via4_1600x1600
VSS,met4-met5,STRIPE,via,199300,173040,200900,174640,1600,via4_1600x1600
VSS,met4-met5,STRIPE,via,172160,173040,173760,174640,1600,via4_1600x1600
VSS,met4-met5,STRIPE,via,145020,173040,146620,174640,1600,via4_1600x1600
VSS,met4-met5,STRIPE,via,117880,173040,119480,174640,1600,via4_1600x1600
VSS,met4-met5,STRIPE,via,90740,173040,92340,174640,1600,via4_1600x1600
VSS,met4-met5,STRIPE,via,63600,173040,65200,174640,1600,via4_1600x1600
VSS,met4-met5,STRIPE,via,36460,173040,38060,174640,1600,via4_1600x1600
VSS,met4-met5,STRIPE,via,253580,145840,255180,147440,1600,via4_1600x1600
VSS,met4-met5,STRIPE,via,226440,145840,228040,147440,1600,via4_1600x1600
VSS,met4-met5,STRIPE,via,199300,145840,200900,147440,1600,via4_1600x1600
VSS,met4-met5,STRIPE,via,172160,145840,173760,147440,1600,via4_1600x1600
VSS,met4-met5,STRIPE,via,145020,145840,146620,147440,1600,via4_1600x1600
VSS,met4-met5,STRIPE,via,117880,145840,119480,147440,1600,via4_1600x1600
VSS,met4-met5,STRIPE,via,90740,145840,92340,147440,1600,via4_1600x1600
VSS,met4-met5,STRIPE,via,63600,145840,65200,147440,1600,via4_1600x1600
VSS,met4-met5,STRIPE,via,36460,145840,38060,147440,1600,via4_1600x1600
VSS,met4-met5,STRIPE,via,253580,118640,255180,120240,1600,via4_1600x1600
VSS,met4-met5,STRIPE,via,226440,118640,228040,120240,1600,via4_1600x1600
VSS,met4-met5,STRIPE,via,199300,118640,200900,120240,1600,via4_1600x1600
VSS,met4-met5,STRIPE,via,172160,118640,173760,120240,1600,via4_1600x1600
VSS,met4-met5,STRIPE,via,145020,118640,146620,120240,1600,via4_1600x1600
VSS,met4-met5,STRIPE,via,117880,118640,119480,120240,1600,via4_1600x1600
VSS,met4-met5,STRIPE,via,90740,118640,92340,120240,1600,via4_1600x1600
VSS,met4-met5,STRIPE,via,63600,118640,65200,120240,1600,via4_1600x1600
VSS,met4-met5,STRIPE,via,36460,118640,38060,120240,1600,via4_1600x1600
VSS,met4-met5,STRIPE,via,253580,91440,255180,93040,1600,via4_1600x1600
VSS,met4-met5,STRIPE,via,226440,91440,228040,93040,1600,via4_1600x1600
VSS,met4-met5,STRIPE,via,199300,91440,200900,93040,1600,via4_1600x1600
VSS,met4-met5,STRIPE,via,172160,91440,173760,93040,1600,via4_1600x1600
VSS,met4-met5,STRIPE,via,145020,91440,146620,93040,1600,via4_1600x1600
VSS,met4-met5,STRIPE,via,117880,91440,119480,93040,1600,via4_1600x1600
VSS,met4-met5,STRIPE,via,90740,91440,92340,93040,1600,via4_1600x1600
VSS,met4-met5,STRIPE,via,63600,91440,65200,93040,1600,via4_1600x1600
VSS,met4-met5,STRIPE,via,36460,91440,38060,93040,1600,via4_1600x1600
VSS,met4-met5,STRIPE,via,253580,64240,255180,65840,1600,via4_1600x1600
VSS,met4-met5,STRIPE,via,226440,64240,228040,65840,1600,via4_1600x1600
VSS,met4-met5,STRIPE,via,199300,64240,200900,65840,1600,via4_1600x1600
VSS,met4-met5,STRIPE,via,172160,64240,173760,65840,1600,via4_1600x1600
VSS,met4-met5,STRIPE,via,145020,64240,146620,65840,1600,via4_1600x1600
VSS,met4-met5,STRIPE,via,117880,64240,119480,65840,1600,via4_1600x1600
VSS,met4-met5,STRIPE,via,90740,64240,92340,65840,1600,via4_1600x1600
VSS,met4-met5,STRIPE,via,63600,64240,65200,65840,1600,via4_1600x1600
VSS,met4-met5,STRIPE,via,36460,64240,38060,65840,1600,via4_1600x1600
VSS,met4-met5,STRIPE,via,253580,37040,255180,38640,1600,via4_1600x1600
VSS,met4-met5,STRIPE,via,226440,37040,228040,38640,1600,via4_1600x1600
VSS,met4-met5,STRIPE,via,199300,37040,200900,38640,1600,via4_1600x1600
VSS,met4-met5,STRIPE,via,172160,37040,173760,38640,1600,via4_1600x1600
VSS,met4-met5,STRIPE,via,145020,37040,146620,38640,1600,via4_1600x1600
VSS,met4-met5,STRIPE,via,117880,37040,119480,38640,1600,via4_1600x1600
VSS,met4-met5,STRIPE,via,90740,37040,92340,38640,1600,via4_1600x1600
VSS,met4-met5,STRIPE,via,63600,37040,65200,38640,1600,via4_1600x1600
VSS,met4-met5,STRIPE,via,36460,37040,38060,38640,1600,via4_1600x1600
VSS,met3-met4,STRIPE,via,253580,266320,255180,266800,1600,via3_1600x480
VSS,met2-met3,STRIPE,via,253580,266320,255180,266800,1600,via2_1600x480
VSS,met1-met2,STRIPE,via,253580,266320,255180,266800,1600,via_1600x480
VSS,met3-met4,STRIPE,via,145020,266320,146620,266800,1600,via3_1600x480
VSS,met2-met3,STRIPE,via,145020,266320,146620,266800,1600,via2_1600x480
VSS,met1-met2,STRIPE,via,145020,266320,146620,266800,1600,via_1600x480
VSS,met3-met4,STRIPE,via,117880,266320,119480,266800,1600,via3_1600x480
VSS,met2-met3,STRIPE,via,117880,266320,119480,266800,1600,via2_1600x480
VSS,met1-met2,STRIPE,via,117880,266320,119480,266800,1600,via_1600x480
VSS,met3-met4,STRIPE,via,90740,266320,92340,266800,1600,via3_1600x480
VSS,met2-met3,STRIPE,via,90740,266320,92340,266800,1600,via2_1600x480
VSS,met1-met2,STRIPE,via,90740,266320,92340,266800,1600,via_1600x480
VSS,met3-met4,STRIPE,via,63600,266320,65200,266800,1600,via3_1600x480
VSS,met2-met3,STRIPE,via,63600,266320,65200,266800,1600,via2_1600x480
VSS,met1-met2,STRIPE,via,63600,266320,65200,266800,1600,via_1600x480
VSS,met3-met4,STRIPE,via,253580,260880,255180,261360,1600,via3_1600x480
VSS,met2-met3,STRIPE,via,253580,260880,255180,261360,1600,via2_1600x480
VSS,met1-met2,STRIPE,via,253580,260880,255180,261360,1600,via_1600x480
VSS,met3-met4,STRIPE,via,226440,260880,228040,261360,1600,via3_1600x480
VSS,met2-met3,STRIPE,via,226440,260880,228040,261360,1600,via2_1600x480
VSS,met1-met2,STRIPE,via,226440,260880,228040,261360,1600,via_1600x480
VSS,met3-met4,STRIPE,via,117880,260880,119480,261360,1600,via3_1600x480
VSS,met2-met3,STRIPE,via,117880,260880,119480,261360,1600,via2_1600x480
VSS,met1-met2,STRIPE,via,117880,260880,119480,261360,1600,via_1600x480
VSS,met3-met4,STRIPE,via,90740,260880,92340,261360,1600,via3_1600x480
VSS,met2-met3,STRIPE,via,90740,260880,92340,261360,1600,via2_1600x480
VSS,met1-met2,STRIPE,via,90740,260880,92340,261360,1600,via_1600x480
VSS,met3-met4,STRIPE,via,63600,260880,65200,261360,1600,via3_1600x480
VSS,met2-met3,STRIPE,via,63600,260880,65200,261360,1600,via2_1600x480
VSS,met1-met2,STRIPE,via,63600,260880,65200,261360,1600,via_1600x480
VSS,met3-met4,STRIPE,via,253580,255440,255180,255920,1600,via3_1600x480
VSS,met2-met3,STRIPE,via,253580,255440,255180,255920,1600,via2_1600x480
VSS,met1-met2,STRIPE,via,253580,255440,255180,255920,1600,via_1600x480
VSS,met3-met4,STRIPE,via,226440,255440,228040,255920,1600,via3_1600x480
VSS,met2-met3,STRIPE,via,226440,255440,228040,255920,1600,via2_1600x480
VSS,met1-met2,STRIPE,via,226440,255440,228040,255920,1600,via_1600x480
VSS,met3-met4,STRIPE,via,117880,255440,119480,255920,1600,via3_1600x480
VSS,met2-met3,STRIPE,via,117880,255440,119480,255920,1600,via2_1600x480
VSS,met1-met2,STRIPE,via,117880,255440,119480,255920,1600,via_1600x480
VSS,met3-met4,STRIPE,via,36460,255440,38060,255920,1600,via3_1600x480
VSS,met2-met3,STRIPE,via,36460,255440,38060,255920,1600,via2_1600x480
VSS,met1-met2,STRIPE,via,36460,255440,38060,255920,1600,via_1600x480
VSS,met3-met4,STRIPE,via,253580,250000,255180,250480,1600,via3_1600x480
VSS,met2-met3,STRIPE,via,253580,250000,255180,250480,1600,via2_1600x480
VSS,met1-met2,STRIPE,via,253580,250000,255180,250480,1600,via_1600x480
VSS,met3-met4,STRIPE,via,226440,250000,228040,250480,1600,via3_1600x480
VSS,met2-met3,STRIPE,via,226440,250000,228040,250480,1600,via2_1600x480
VSS,met1-met2,STRIPE,via,226440,250000,228040,250480,1600,via_1600x480
VSS,met3-met4,STRIPE,via,199300,250000,200900,250480,1600,via3_1600x480
VSS,met2-met3,STRIPE,via,199300,250000,200900,250480,1600,via2_1600x480
VSS,met1-met2,STRIPE,via,199300,250000,200900,250480,1600,via_1600x480
VSS,met3-met4,STRIPE,via,117880,250000,119480,250480,1600,via3_1600x480
VSS,met2-met3,STRIPE,via,117880,250000,119480,250480,1600,via2_1600x480
VSS,met1-met2,STRIPE,via,117880,250000,119480,250480,1600,via_1600x480
VSS,met3-met4,STRIPE,via,63600,250000,65200,250480,1600,via3_1600x480
VSS,met2-met3,STRIPE,via,63600,250000,65200,250480,1600,via2_1600x480
VSS,met1-met2,STRIPE,via,63600,250000,65200,250480,1600,via_1600x480
VSS,met3-met4,STRIPE,via,36460,250000,38060,250480,1600,via3_1600x480
VSS,met2-met3,STRIPE,via,36460,250000,38060,250480,1600,via2_1600x480
VSS,met1-met2,STRIPE,via,36460,250000,38060,250480,1600,via_1600x480
VSS,met3-met4,STRIPE,via,253580,244560,255180,245040,1600,via3_1600x480
VSS,met2-met3,STRIPE,via,253580,244560,255180,245040,1600,via2_1600x480
VSS,met1-met2,STRIPE,via,253580,244560,255180,245040,1600,via_1600x480
VSS,met3-met4,STRIPE,via,226440,244560,228040,245040,1600,via3_1600x480
VSS,met2-met3,STRIPE,via,226440,244560,228040,245040,1600,via2_1600x480
VSS,met1-met2,STRIPE,via,226440,244560,228040,245040,1600,via_1600x480
VSS,met3-met4,STRIPE,via,172160,244560,173760,245040,1600,via3_1600x480
VSS,met2-met3,STRIPE,via,172160,244560,173760,245040,1600,via2_1600x480
VSS,met1-met2,STRIPE,via,172160,244560,173760,245040,1600,via_1600x480
VSS,met3-met4,STRIPE,via,117880,244560,119480,245040,1600,via3_1600x480
VSS,met2-met3,STRIPE,via,117880,244560,119480,245040,1600,via2_1600x480
VSS,met1-met2,STRIPE,via,117880,244560,119480,245040,1600,via_1600x480
VSS,met3-met4,STRIPE,via,63600,244560,65200,245040,1600,via3_1600x480
VSS,met2-met3,STRIPE,via,63600,244560,65200,245040,1600,via2_1600x480
VSS,met1-met2,STRIPE,via,63600,244560,65200,245040,1600,via_1600x480
VSS,met3-met4,STRIPE,via,36460,244560,38060,245040,1600,via3_1600x480
VSS,met2-met3,STRIPE,via,36460,244560,38060,245040,1600,via2_1600x480
VSS,met1-met2,STRIPE,via,36460,244560,38060,245040,1600,via_1600x480
VSS,met3-met4,STRIPE,via,253580,239120,255180,239600,1600,via3_1600x480
VSS,met2-met3,STRIPE,via,253580,239120,255180,239600,1600,via2_1600x480
VSS,met1-met2,STRIPE,via,253580,239120,255180,239600,1600,via_1600x480
VSS,met3-met4,STRIPE,via,199300,239120,200900,239600,1600,via3_1600x480
VSS,met2-met3,STRIPE,via,199300,239120,200900,239600,1600,via2_1600x480
VSS,met1-met2,STRIPE,via,199300,239120,200900,239600,1600,via_1600x480
VSS,met3-met4,STRIPE,via,145020,239120,146620,239600,1600,via3_1600x480
VSS,met2-met3,STRIPE,via,145020,239120,146620,239600,1600,via2_1600x480
VSS,met1-met2,STRIPE,via,145020,239120,146620,239600,1600,via_1600x480
VSS,met3-met4,STRIPE,via,90740,239120,92340,239600,1600,via3_1600x480
VSS,met2-met3,STRIPE,via,90740,239120,92340,239600,1600,via2_1600x480
VSS,met1-met2,STRIPE,via,90740,239120,92340,239600,1600,via_1600x480
VSS,met3-met4,STRIPE,via,36460,239120,38060,239600,1600,via3_1600x480
VSS,met2-met3,STRIPE,via,36460,239120,38060,239600,1600,via2_1600x480
VSS,met1-met2,STRIPE,via,36460,239120,38060,239600,1600,via_1600x480
VSS,met3-met4,STRIPE,via,253580,233680,255180,234160,1600,via3_1600x480
VSS,met2-met3,STRIPE,via,253580,233680,255180,234160,1600,via2_1600x480
VSS,met1-met2,STRIPE,via,253580,233680,255180,234160,1600,via_1600x480
VSS,met3-met4,STRIPE,via,199300,233680,200900,234160,1600,via3_1600x480
VSS,met2-met3,STRIPE,via,199300,233680,200900,234160,1600,via2_1600x480
VSS,met1-met2,STRIPE,via,199300,233680,200900,234160,1600,via_1600x480
VSS,met3-met4,STRIPE,via,172160,233680,173760,234160,1600,via3_1600x480
VSS,met2-met3,STRIPE,via,172160,233680,173760,234160,1600,via2_1600x480
VSS,met1-met2,STRIPE,via,172160,233680,173760,234160,1600,via_1600x480
VSS,met3-met4,STRIPE,via,145020,233680,146620,234160,1600,via3_1600x480
VSS,met2-met3,STRIPE,via,145020,233680,146620,234160,1600,via2_1600x480
VSS,met1-met2,STRIPE,via,145020,233680,146620,234160,1600,via_1600x480
VSS,met3-met4,STRIPE,via,36460,233680,38060,234160,1600,via3_1600x480
VSS,met2-met3,STRIPE,via,36460,233680,38060,234160,1600,via2_1600x480
VSS,met1-met2,STRIPE,via,36460,233680,38060,234160,1600,via_1600x480
VSS,met3-met4,STRIPE,via,253580,228240,255180,228720,1600,via3_1600x480
VSS,met2-met3,STRIPE,via,253580,228240,255180,228720,1600,via2_1600x480
VSS,met1-met2,STRIPE,via,253580,228240,255180,228720,1600,via_1600x480
VSS,met3-met4,STRIPE,via,199300,228240,200900,228720,1600,via3_1600x480
VSS,met2-met3,STRIPE,via,199300,228240,200900,228720,1600,via2_1600x480
VSS,met1-met2,STRIPE,via,199300,228240,200900,228720,1600,via_1600x480
VSS,met3-met4,STRIPE,via,172160,228240,173760,228720,1600,via3_1600x480
VSS,met2-met3,STRIPE,via,172160,228240,173760,228720,1600,via2_1600x480
VSS,met1-met2,STRIPE,via,172160,228240,173760,228720,1600,via_1600x480
VSS,met3-met4,STRIPE,via,117880,228240,119480,228720,1600,via3_1600x480
VSS,met2-met3,STRIPE,via,117880,228240,119480,228720,1600,via2_1600x480
VSS,met1-met2,STRIPE,via,117880,228240,119480,228720,1600,via_1600x480
VSS,met3-met4,STRIPE,via,90740,228240,92340,228720,1600,via3_1600x480
VSS,met2-met3,STRIPE,via,90740,228240,92340,228720,1600,via2_1600x480
VSS,met1-met2,STRIPE,via,90740,228240,92340,228720,1600,via_1600x480
VSS,met3-met4,STRIPE,via,63600,228240,65200,228720,1600,via3_1600x480
VSS,met2-met3,STRIPE,via,63600,228240,65200,228720,1600,via2_1600x480
VSS,met1-met2,STRIPE,via,63600,228240,65200,228720,1600,via_1600x480
VSS,met3-met4,STRIPE,via,36460,228240,38060,228720,1600,via3_1600x480
VSS,met2-met3,STRIPE,via,36460,228240,38060,228720,1600,via2_1600x480
VSS,met1-met2,STRIPE,via,36460,228240,38060,228720,1600,via_1600x480
VSS,met3-met4,STRIPE,via,253580,222800,255180,223280,1600,via3_1600x480
VSS,met2-met3,STRIPE,via,253580,222800,255180,223280,1600,via2_1600x480
VSS,met1-met2,STRIPE,via,253580,222800,255180,223280,1600,via_1600x480
VSS,met3-met4,STRIPE,via,199300,222800,200900,223280,1600,via3_1600x480
VSS,met2-met3,STRIPE,via,199300,222800,200900,223280,1600,via2_1600x480
VSS,met1-met2,STRIPE,via,199300,222800,200900,223280,1600,via_1600x480
VSS,met3-met4,STRIPE,via,117880,222800,119480,223280,1600,via3_1600x480
VSS,met2-met3,STRIPE,via,117880,222800,119480,223280,1600,via2_1600x480
VSS,met1-met2,STRIPE,via,117880,222800,119480,223280,1600,via_1600x480
VSS,met3-met4,STRIPE,via,36460,222800,38060,223280,1600,via3_1600x480
VSS,met2-met3,STRIPE,via,36460,222800,38060,223280,1600,via2_1600x480
VSS,met1-met2,STRIPE,via,36460,222800,38060,223280,1600,via_1600x480
VSS,met3-met4,STRIPE,via,253580,217360,255180,217840,1600,via3_1600x480
VSS,met2-met3,STRIPE,via,253580,217360,255180,217840,1600,via2_1600x480
VSS,met1-met2,STRIPE,via,253580,217360,255180,217840,1600,via_1600x480
VSS,met3-met4,STRIPE,via,226440,217360,228040,217840,1600,via3_1600x480
VSS,met2-met3,STRIPE,via,226440,217360,228040,217840,1600,via2_1600x480
VSS,met1-met2,STRIPE,via,226440,217360,228040,217840,1600,via_1600x480
VSS,met3-met4,STRIPE,via,199300,217360,200900,217840,1600,via3_1600x480
VSS,met2-met3,STRIPE,via,199300,217360,200900,217840,1600,via2_1600x480
VSS,met1-met2,STRIPE,via,199300,217360,200900,217840,1600,via_1600x480
VSS,met3-met4,STRIPE,via,145020,217360,146620,217840,1600,via3_1600x480
VSS,met2-met3,STRIPE,via,145020,217360,146620,217840,1600,via2_1600x480
VSS,met1-met2,STRIPE,via,145020,217360,146620,217840,1600,via_1600x480
VSS,met3-met4,STRIPE,via,117880,217360,119480,217840,1600,via3_1600x480
VSS,met2-met3,STRIPE,via,117880,217360,119480,217840,1600,via2_1600x480
VSS,met1-met2,STRIPE,via,117880,217360,119480,217840,1600,via_1600x480
VSS,met3-met4,STRIPE,via,90740,211920,92340,212400,1600,via3_1600x480
VSS,met2-met3,STRIPE,via,90740,211920,92340,212400,1600,via2_1600x480
VSS,met1-met2,STRIPE,via,90740,211920,92340,212400,1600,via_1600x480
VSS,met3-met4,STRIPE,via,226440,206480,228040,206960,1600,via3_1600x480
VSS,met2-met3,STRIPE,via,226440,206480,228040,206960,1600,via2_1600x480
VSS,met1-met2,STRIPE,via,226440,206480,228040,206960,1600,via_1600x480
VSS,met3-met4,STRIPE,via,90740,206480,92340,206960,1600,via3_1600x480
VSS,met2-met3,STRIPE,via,90740,206480,92340,206960,1600,via2_1600x480
VSS,met1-met2,STRIPE,via,90740,206480,92340,206960,1600,via_1600x480
VSS,met3-met4,STRIPE,via,36460,206480,38060,206960,1600,via3_1600x480
VSS,met2-met3,STRIPE,via,36460,206480,38060,206960,1600,via2_1600x480
VSS,met1-met2,STRIPE,via,36460,206480,38060,206960,1600,via_1600x480
VSS,met3-met4,STRIPE,via,226440,201040,228040,201520,1600,via3_1600x480
VSS,met2-met3,STRIPE,via,226440,201040,228040,201520,1600,via2_1600x480
VSS,met1-met2,STRIPE,via,226440,201040,228040,201520,1600,via_1600x480
VSS,met3-met4,STRIPE,via,199300,201040,200900,201520,1600,via3_1600x480
VSS,met2-met3,STRIPE,via,199300,201040,200900,201520,1600,via2_1600x480
VSS,met1-met2,STRIPE,via,199300,201040,200900,201520,1600,via_1600x480
VSS,met3-met4,STRIPE,via,172160,201040,173760,201520,1600,via3_1600x480
VSS,met2-met3,STRIPE,via,172160,201040,173760,201520,1600,via2_1600x480
VSS,met1-met2,STRIPE,via,172160,201040,173760,201520,1600,via_1600x480
VSS,met3-met4,STRIPE,via,117880,201040,119480,201520,1600,via3_1600x480
VSS,met2-met3,STRIPE,via,117880,201040,119480,201520,1600,via2_1600x480
VSS,met1-met2,STRIPE,via,117880,201040,119480,201520,1600,via_1600x480
VSS,met3-met4,STRIPE,via,90740,201040,92340,201520,1600,via3_1600x480
VSS,met2-met3,STRIPE,via,90740,201040,92340,201520,1600,via2_1600x480
VSS,met1-met2,STRIPE,via,90740,201040,92340,201520,1600,via_1600x480
VSS,met3-met4,STRIPE,via,63600,201040,65200,201520,1600,via3_1600x480
VSS,met2-met3,STRIPE,via,63600,201040,65200,201520,1600,via2_1600x480
VSS,met1-met2,STRIPE,via,63600,201040,65200,201520,1600,via_1600x480
VSS,met3-met4,STRIPE,via,253580,195600,255180,196080,1600,via3_1600x480
VSS,met2-met3,STRIPE,via,253580,195600,255180,196080,1600,via2_1600x480
VSS,met1-met2,STRIPE,via,253580,195600,255180,196080,1600,via_1600x480
VSS,met3-met4,STRIPE,via,172160,195600,173760,196080,1600,via3_1600x480
VSS,met2-met3,STRIPE,via,172160,195600,173760,196080,1600,via2_1600x480
VSS,met1-met2,STRIPE,via,172160,195600,173760,196080,1600,via_1600x480
VSS,met3-met4,STRIPE,via,117880,195600,119480,196080,1600,via3_1600x480
VSS,met2-met3,STRIPE,via,117880,195600,119480,196080,1600,via2_1600x480
VSS,met1-met2,STRIPE,via,117880,195600,119480,196080,1600,via_1600x480
VSS,met3-met4,STRIPE,via,90740,195600,92340,196080,1600,via3_1600x480
VSS,met2-met3,STRIPE,via,90740,195600,92340,196080,1600,via2_1600x480
VSS,met1-met2,STRIPE,via,90740,195600,92340,196080,1600,via_1600x480
VSS,met3-met4,STRIPE,via,226440,190160,228040,190640,1600,via3_1600x480
VSS,met2-met3,STRIPE,via,226440,190160,228040,190640,1600,via2_1600x480
VSS,met1-met2,STRIPE,via,226440,190160,228040,190640,1600,via_1600x480
VSS,met3-met4,STRIPE,via,199300,190160,200900,190640,1600,via3_1600x480
VSS,met2-met3,STRIPE,via,199300,190160,200900,190640,1600,via2_1600x480
VSS,met1-met2,STRIPE,via,199300,190160,200900,190640,1600,via_1600x480
VSS,met3-met4,STRIPE,via,117880,190160,119480,190640,1600,via3_1600x480
VSS,met2-met3,STRIPE,via,117880,190160,119480,190640,1600,via2_1600x480
VSS,met1-met2,STRIPE,via,117880,190160,119480,190640,1600,via_1600x480
VSS,met3-met4,STRIPE,via,36460,190160,38060,190640,1600,via3_1600x480
VSS,met2-met3,STRIPE,via,36460,190160,38060,190640,1600,via2_1600x480
VSS,met1-met2,STRIPE,via,36460,190160,38060,190640,1600,via_1600x480
VSS,met3-met4,STRIPE,via,253580,184720,255180,185200,1600,via3_1600x480
VSS,met2-met3,STRIPE,via,253580,184720,255180,185200,1600,via2_1600x480
VSS,met1-met2,STRIPE,via,253580,184720,255180,185200,1600,via_1600x480
VSS,met3-met4,STRIPE,via,172160,184720,173760,185200,1600,via3_1600x480
VSS,met2-met3,STRIPE,via,172160,184720,173760,185200,1600,via2_1600x480
VSS,met1-met2,STRIPE,via,172160,184720,173760,185200,1600,via_1600x480
VSS,met3-met4,STRIPE,via,117880,184720,119480,185200,1600,via3_1600x480
VSS,met2-met3,STRIPE,via,117880,184720,119480,185200,1600,via2_1600x480
VSS,met1-met2,STRIPE,via,117880,184720,119480,185200,1600,via_1600x480
VSS,met3-met4,STRIPE,via,63600,184720,65200,185200,1600,via3_1600x480
VSS,met2-met3,STRIPE,via,63600,184720,65200,185200,1600,via2_1600x480
VSS,met1-met2,STRIPE,via,63600,184720,65200,185200,1600,via_1600x480
VSS,met3-met4,STRIPE,via,36460,184720,38060,185200,1600,via3_1600x480
VSS,met2-met3,STRIPE,via,36460,184720,38060,185200,1600,via2_1600x480
VSS,met1-met2,STRIPE,via,36460,184720,38060,185200,1600,via_1600x480
VSS,met3-met4,STRIPE,via,253580,179280,255180,179760,1600,via3_1600x480
VSS,met2-met3,STRIPE,via,253580,179280,255180,179760,1600,via2_1600x480
VSS,met1-met2,STRIPE,via,253580,179280,255180,179760,1600,via_1600x480
VSS,met3-met4,STRIPE,via,226440,179280,228040,179760,1600,via3_1600x480
VSS,met2-met3,STRIPE,via,226440,179280,228040,179760,1600,via2_1600x480
VSS,met1-met2,STRIPE,via,226440,179280,228040,179760,1600,via_1600x480
VSS,met3-met4,STRIPE,via,145020,179280,146620,179760,1600,via3_1600x480
VSS,met2-met3,STRIPE,via,145020,179280,146620,179760,1600,via2_1600x480
VSS,met1-met2,STRIPE,via,145020,179280,146620,179760,1600,via_1600x480
VSS,met3-met4,STRIPE,via,117880,179280,119480,179760,1600,via3_1600x480
VSS,met2-met3,STRIPE,via,117880,179280,119480,179760,1600,via2_1600x480
VSS,met1-met2,STRIPE,via,117880,179280,119480,179760,1600,via_1600x480
VSS,met3-met4,STRIPE,via,63600,179280,65200,179760,1600,via3_1600x480
VSS,met2-met3,STRIPE,via,63600,179280,65200,179760,1600,via2_1600x480
VSS,met1-met2,STRIPE,via,63600,179280,65200,179760,1600,via_1600x480
VSS,met3-met4,STRIPE,via,226440,173840,228040,174320,1600,via3_1600x480
VSS,met2-met3,STRIPE,via,226440,173840,228040,174320,1600,via2_1600x480
VSS,met1-met2,STRIPE,via,226440,173840,228040,174320,1600,via_1600x480
VSS,met3-met4,STRIPE,via,199300,173840,200900,174320,1600,via3_1600x480
VSS,met2-met3,STRIPE,via,199300,173840,200900,174320,1600,via2_1600x480
VSS,met1-met2,STRIPE,via,199300,173840,200900,174320,1600,via_1600x480
VSS,met3-met4,STRIPE,via,145020,173840,146620,174320,1600,via3_1600x480
VSS,met2-met3,STRIPE,via,145020,173840,146620,174320,1600,via2_1600x480
VSS,met1-met2,STRIPE,via,145020,173840,146620,174320,1600,via_1600x480
VSS,met3-met4,STRIPE,via,36460,173840,38060,174320,1600,via3_1600x480
VSS,met2-met3,STRIPE,via,36460,173840,38060,174320,1600,via2_1600x480
VSS,met1-met2,STRIPE,via,36460,173840,38060,174320,1600,via_1600x480
VSS,met3-met4,STRIPE,via,226440,168400,228040,168880,1600,via3_1600x480
VSS,met2-met3,STRIPE,via,226440,168400,228040,168880,1600,via2_1600x480
VSS,met1-met2,STRIPE,via,226440,168400,228040,168880,1600,via_1600x480
VSS,met3-met4,STRIPE,via,199300,168400,200900,168880,1600,via3_1600x480
VSS,met2-met3,STRIPE,via,199300,168400,200900,168880,1600,via2_1600x480
VSS,met1-met2,STRIPE,via,199300,168400,200900,168880,1600,via_1600x480
VSS,met3-met4,STRIPE,via,172160,168400,173760,168880,1600,via3_1600x480
VSS,met2-met3,STRIPE,via,172160,168400,173760,168880,1600,via2_1600x480
VSS,met1-met2,STRIPE,via,172160,168400,173760,168880,1600,via_1600x480
VSS,met3-met4,STRIPE,via,145020,168400,146620,168880,1600,via3_1600x480
VSS,met2-met3,STRIPE,via,145020,168400,146620,168880,1600,via2_1600x480
VSS,met1-met2,STRIPE,via,145020,168400,146620,168880,1600,via_1600x480
VSS,met3-met4,STRIPE,via,117880,168400,119480,168880,1600,via3_1600x480
VSS,met2-met3,STRIPE,via,117880,168400,119480,168880,1600,via2_1600x480
VSS,met1-met2,STRIPE,via,117880,168400,119480,168880,1600,via_1600x480
VSS,met3-met4,STRIPE,via,90740,168400,92340,168880,1600,via3_1600x480
VSS,met2-met3,STRIPE,via,90740,168400,92340,168880,1600,via2_1600x480
VSS,met1-met2,STRIPE,via,90740,168400,92340,168880,1600,via_1600x480
VSS,met3-met4,STRIPE,via,117880,162960,119480,163440,1600,via3_1600x480
VSS,met2-met3,STRIPE,via,117880,162960,119480,163440,1600,via2_1600x480
VSS,met1-met2,STRIPE,via,117880,162960,119480,163440,1600,via_1600x480
VSS,met3-met4,STRIPE,via,63600,162960,65200,163440,1600,via3_1600x480
VSS,met2-met3,STRIPE,via,63600,162960,65200,163440,1600,via2_1600x480
VSS,met1-met2,STRIPE,via,63600,162960,65200,163440,1600,via_1600x480
VSS,met3-met4,STRIPE,via,36460,162960,38060,163440,1600,via3_1600x480
VSS,met2-met3,STRIPE,via,36460,162960,38060,163440,1600,via2_1600x480
VSS,met1-met2,STRIPE,via,36460,162960,38060,163440,1600,via_1600x480
VSS,met3-met4,STRIPE,via,253580,157520,255180,158000,1600,via3_1600x480
VSS,met2-met3,STRIPE,via,253580,157520,255180,158000,1600,via2_1600x480
VSS,met1-met2,STRIPE,via,253580,157520,255180,158000,1600,via_1600x480
VSS,met3-met4,STRIPE,via,145020,157520,146620,158000,1600,via3_1600x480
VSS,met2-met3,STRIPE,via,145020,157520,146620,158000,1600,via2_1600x480
VSS,met1-met2,STRIPE,via,145020,157520,146620,158000,1600,via_1600x480
VSS,met3-met4,STRIPE,via,117880,157520,119480,158000,1600,via3_1600x480
VSS,met2-met3,STRIPE,via,117880,157520,119480,158000,1600,via2_1600x480
VSS,met1-met2,STRIPE,via,117880,157520,119480,158000,1600,via_1600x480
VSS,met3-met4,STRIPE,via,253580,152080,255180,152560,1600,via3_1600x480
VSS,met2-met3,STRIPE,via,253580,152080,255180,152560,1600,via2_1600x480
VSS,met1-met2,STRIPE,via,253580,152080,255180,152560,1600,via_1600x480
VSS,met3-met4,STRIPE,via,226440,152080,228040,152560,1600,via3_1600x480
VSS,met2-met3,STRIPE,via,226440,152080,228040,152560,1600,via2_1600x480
VSS,met1-met2,STRIPE,via,226440,152080,228040,152560,1600,via_1600x480
VSS,met3-met4,STRIPE,via,145020,152080,146620,152560,1600,via3_1600x480
VSS,met2-met3,STRIPE,via,145020,152080,146620,152560,1600,via2_1600x480
VSS,met1-met2,STRIPE,via,145020,152080,146620,152560,1600,via_1600x480
VSS,met3-met4,STRIPE,via,63600,152080,65200,152560,1600,via3_1600x480
VSS,met2-met3,STRIPE,via,63600,152080,65200,152560,1600,via2_1600x480
VSS,met1-met2,STRIPE,via,63600,152080,65200,152560,1600,via_1600x480
VSS,met3-met4,STRIPE,via,226440,146640,228040,147120,1600,via3_1600x480
VSS,met2-met3,STRIPE,via,226440,146640,228040,147120,1600,via2_1600x480
VSS,met1-met2,STRIPE,via,226440,146640,228040,147120,1600,via_1600x480
VSS,met3-met4,STRIPE,via,145020,146640,146620,147120,1600,via3_1600x480
VSS,met2-met3,STRIPE,via,145020,146640,146620,147120,1600,via2_1600x480
VSS,met1-met2,STRIPE,via,145020,146640,146620,147120,1600,via_1600x480
VSS,met3-met4,STRIPE,via,117880,146640,119480,147120,1600,via3_1600x480
VSS,met2-met3,STRIPE,via,117880,146640,119480,147120,1600,via2_1600x480
VSS,met1-met2,STRIPE,via,117880,146640,119480,147120,1600,via_1600x480
VSS,met3-met4,STRIPE,via,36460,146640,38060,147120,1600,via3_1600x480
VSS,met2-met3,STRIPE,via,36460,146640,38060,147120,1600,via2_1600x480
VSS,met1-met2,STRIPE,via,36460,146640,38060,147120,1600,via_1600x480
VSS,met3-met4,STRIPE,via,226440,141200,228040,141680,1600,via3_1600x480
VSS,met2-met3,STRIPE,via,226440,141200,228040,141680,1600,via2_1600x480
VSS,met1-met2,STRIPE,via,226440,141200,228040,141680,1600,via_1600x480
VSS,met3-met4,STRIPE,via,172160,141200,173760,141680,1600,via3_1600x480
VSS,met2-met3,STRIPE,via,172160,141200,173760,141680,1600,via2_1600x480
VSS,met1-met2,STRIPE,via,172160,141200,173760,141680,1600,via_1600x480
VSS,met3-met4,STRIPE,via,90740,141200,92340,141680,1600,via3_1600x480
VSS,met2-met3,STRIPE,via,90740,141200,92340,141680,1600,via2_1600x480
VSS,met1-met2,STRIPE,via,90740,141200,92340,141680,1600,via_1600x480
VSS,met3-met4,STRIPE,via,63600,141200,65200,141680,1600,via3_1600x480
VSS,met2-met3,STRIPE,via,63600,141200,65200,141680,1600,via2_1600x480
VSS,met1-met2,STRIPE,via,63600,141200,65200,141680,1600,via_1600x480
VSS,met3-met4,STRIPE,via,36460,141200,38060,141680,1600,via3_1600x480
VSS,met2-met3,STRIPE,via,36460,141200,38060,141680,1600,via2_1600x480
VSS,met1-met2,STRIPE,via,36460,141200,38060,141680,1600,via_1600x480
VSS,met3-met4,STRIPE,via,253580,135760,255180,136240,1600,via3_1600x480
VSS,met2-met3,STRIPE,via,253580,135760,255180,136240,1600,via2_1600x480
VSS,met1-met2,STRIPE,via,253580,135760,255180,136240,1600,via_1600x480
VSS,met3-met4,STRIPE,via,226440,135760,228040,136240,1600,via3_1600x480
VSS,met2-met3,STRIPE,via,226440,135760,228040,136240,1600,via2_1600x480
VSS,met1-met2,STRIPE,via,226440,135760,228040,136240,1600,via_1600x480
VSS,met3-met4,STRIPE,via,199300,135760,200900,136240,1600,via3_1600x480
VSS,met2-met3,STRIPE,via,199300,135760,200900,136240,1600,via2_1600x480
VSS,met1-met2,STRIPE,via,199300,135760,200900,136240,1600,via_1600x480
VSS,met3-met4,STRIPE,via,145020,135760,146620,136240,1600,via3_1600x480
VSS,met2-met3,STRIPE,via,145020,135760,146620,136240,1600,via2_1600x480
VSS,met1-met2,STRIPE,via,145020,135760,146620,136240,1600,via_1600x480
VSS,met3-met4,STRIPE,via,90740,135760,92340,136240,1600,via3_1600x480
VSS,met2-met3,STRIPE,via,90740,135760,92340,136240,1600,via2_1600x480
VSS,met1-met2,STRIPE,via,90740,135760,92340,136240,1600,via_1600x480
VSS,met3-met4,STRIPE,via,253580,130320,255180,130800,1600,via3_1600x480
VSS,met2-met3,STRIPE,via,253580,130320,255180,130800,1600,via2_1600x480
VSS,met1-met2,STRIPE,via,253580,130320,255180,130800,1600,via_1600x480
VSS,met3-met4,STRIPE,via,145020,130320,146620,130800,1600,via3_1600x480
VSS,met2-met3,STRIPE,via,145020,130320,146620,130800,1600,via2_1600x480
VSS,met1-met2,STRIPE,via,145020,130320,146620,130800,1600,via_1600x480
VSS,met3-met4,STRIPE,via,199300,124880,200900,125360,1600,via3_1600x480
VSS,met2-met3,STRIPE,via,199300,124880,200900,125360,1600,via2_1600x480
VSS,met1-met2,STRIPE,via,199300,124880,200900,125360,1600,via_1600x480
VSS,met3-met4,STRIPE,via,90740,124880,92340,125360,1600,via3_1600x480
VSS,met2-met3,STRIPE,via,90740,124880,92340,125360,1600,via2_1600x480
VSS,met1-met2,STRIPE,via,90740,124880,92340,125360,1600,via_1600x480
VSS,met3-met4,STRIPE,via,36460,124880,38060,125360,1600,via3_1600x480
VSS,met2-met3,STRIPE,via,36460,124880,38060,125360,1600,via2_1600x480
VSS,met1-met2,STRIPE,via,36460,124880,38060,125360,1600,via_1600x480
VSS,met3-met4,STRIPE,via,226440,119440,228040,119920,1600,via3_1600x480
VSS,met2-met3,STRIPE,via,226440,119440,228040,119920,1600,via2_1600x480
VSS,met1-met2,STRIPE,via,226440,119440,228040,119920,1600,via_1600x480
VSS,met3-met4,STRIPE,via,172160,119440,173760,119920,1600,via3_1600x480
VSS,met2-met3,STRIPE,via,172160,119440,173760,119920,1600,via2_1600x480
VSS,met1-met2,STRIPE,via,172160,119440,173760,119920,1600,via_1600x480
VSS,met3-met4,STRIPE,via,63600,119440,65200,119920,1600,via3_1600x480
VSS,met2-met3,STRIPE,via,63600,119440,65200,119920,1600,via2_1600x480
VSS,met1-met2,STRIPE,via,63600,119440,65200,119920,1600,via_1600x480
VSS,met3-met4,STRIPE,via,36460,119440,38060,119920,1600,via3_1600x480
VSS,met2-met3,STRIPE,via,36460,119440,38060,119920,1600,via2_1600x480
VSS,met1-met2,STRIPE,via,36460,119440,38060,119920,1600,via_1600x480
VSS,met3-met4,STRIPE,via,253580,114000,255180,114480,1600,via3_1600x480
VSS,met2-met3,STRIPE,via,253580,114000,255180,114480,1600,via2_1600x480
VSS,met1-met2,STRIPE,via,253580,114000,255180,114480,1600,via_1600x480
VSS,met3-met4,STRIPE,via,226440,114000,228040,114480,1600,via3_1600x480
VSS,met2-met3,STRIPE,via,226440,114000,228040,114480,1600,via2_1600x480
VSS,met1-met2,STRIPE,via,226440,114000,228040,114480,1600,via_1600x480
VSS,met3-met4,STRIPE,via,199300,114000,200900,114480,1600,via3_1600x480
VSS,met2-met3,STRIPE,via,199300,114000,200900,114480,1600,via2_1600x480
VSS,met1-met2,STRIPE,via,199300,114000,200900,114480,1600,via_1600x480
VSS,met3-met4,STRIPE,via,172160,114000,173760,114480,1600,via3_1600x480
VSS,met2-met3,STRIPE,via,172160,114000,173760,114480,1600,via2_1600x480
VSS,met1-met2,STRIPE,via,172160,114000,173760,114480,1600,via_1600x480
VSS,met3-met4,STRIPE,via,145020,114000,146620,114480,1600,via3_1600x480
VSS,met2-met3,STRIPE,via,145020,114000,146620,114480,1600,via2_1600x480
VSS,met1-met2,STRIPE,via,145020,114000,146620,114480,1600,via_1600x480
VSS,met3-met4,STRIPE,via,117880,114000,119480,114480,1600,via3_1600x480
VSS,met2-met3,STRIPE,via,117880,114000,119480,114480,1600,via2_1600x480
VSS,met1-met2,STRIPE,via,117880,114000,119480,114480,1600,via_1600x480
VSS,met3-met4,STRIPE,via,36460,114000,38060,114480,1600,via3_1600x480
VSS,met2-met3,STRIPE,via,36460,114000,38060,114480,1600,via2_1600x480
VSS,met1-met2,STRIPE,via,36460,114000,38060,114480,1600,via_1600x480
VSS,met3-met4,STRIPE,via,253580,108560,255180,109040,1600,via3_1600x480
VSS,met2-met3,STRIPE,via,253580,108560,255180,109040,1600,via2_1600x480
VSS,met1-met2,STRIPE,via,253580,108560,255180,109040,1600,via_1600x480
VSS,met3-met4,STRIPE,via,226440,108560,228040,109040,1600,via3_1600x480
VSS,met2-met3,STRIPE,via,226440,108560,228040,109040,1600,via2_1600x480
VSS,met1-met2,STRIPE,via,226440,108560,228040,109040,1600,via_1600x480
VSS,met3-met4,STRIPE,via,199300,108560,200900,109040,1600,via3_1600x480
VSS,met2-met3,STRIPE,via,199300,108560,200900,109040,1600,via2_1600x480
VSS,met1-met2,STRIPE,via,199300,108560,200900,109040,1600,via_1600x480
VSS,met3-met4,STRIPE,via,117880,108560,119480,109040,1600,via3_1600x480
VSS,met2-met3,STRIPE,via,117880,108560,119480,109040,1600,via2_1600x480
VSS,met1-met2,STRIPE,via,117880,108560,119480,109040,1600,via_1600x480
VSS,met3-met4,STRIPE,via,36460,108560,38060,109040,1600,via3_1600x480
VSS,met2-met3,STRIPE,via,36460,108560,38060,109040,1600,via2_1600x480
VSS,met1-met2,STRIPE,via,36460,108560,38060,109040,1600,via_1600x480
VSS,met3-met4,STRIPE,via,199300,103120,200900,103600,1600,via3_1600x480
VSS,met2-met3,STRIPE,via,199300,103120,200900,103600,1600,via2_1600x480
VSS,met1-met2,STRIPE,via,199300,103120,200900,103600,1600,via_1600x480
VSS,met3-met4,STRIPE,via,172160,103120,173760,103600,1600,via3_1600x480
VSS,met2-met3,STRIPE,via,172160,103120,173760,103600,1600,via2_1600x480
VSS,met1-met2,STRIPE,via,172160,103120,173760,103600,1600,via_1600x480
VSS,met3-met4,STRIPE,via,145020,103120,146620,103600,1600,via3_1600x480
VSS,met2-met3,STRIPE,via,145020,103120,146620,103600,1600,via2_1600x480
VSS,met1-met2,STRIPE,via,145020,103120,146620,103600,1600,via_1600x480
VSS,met3-met4,STRIPE,via,226440,97680,228040,98160,1600,via3_1600x480
VSS,met2-met3,STRIPE,via,226440,97680,228040,98160,1600,via2_1600x480
VSS,met1-met2,STRIPE,via,226440,97680,228040,98160,1600,via_1600x480
VSS,met3-met4,STRIPE,via,199300,97680,200900,98160,1600,via3_1600x480
VSS,met2-met3,STRIPE,via,199300,97680,200900,98160,1600,via2_1600x480
VSS,met1-met2,STRIPE,via,199300,97680,200900,98160,1600,via_1600x480
VSS,met3-met4,STRIPE,via,117880,97680,119480,98160,1600,via3_1600x480
VSS,met2-met3,STRIPE,via,117880,97680,119480,98160,1600,via2_1600x480
VSS,met1-met2,STRIPE,via,117880,97680,119480,98160,1600,via_1600x480
VSS,met3-met4,STRIPE,via,90740,97680,92340,98160,1600,via3_1600x480
VSS,met2-met3,STRIPE,via,90740,97680,92340,98160,1600,via2_1600x480
VSS,met1-met2,STRIPE,via,90740,97680,92340,98160,1600,via_1600x480
VSS,met3-met4,STRIPE,via,63600,97680,65200,98160,1600,via3_1600x480
VSS,met2-met3,STRIPE,via,63600,97680,65200,98160,1600,via2_1600x480
VSS,met1-met2,STRIPE,via,63600,97680,65200,98160,1600,via_1600x480
VSS,met3-met4,STRIPE,via,36460,97680,38060,98160,1600,via3_1600x480
VSS,met2-met3,STRIPE,via,36460,97680,38060,98160,1600,via2_1600x480
VSS,met1-met2,STRIPE,via,36460,97680,38060,98160,1600,via_1600x480
VSS,met3-met4,STRIPE,via,253580,92240,255180,92720,1600,via3_1600x480
VSS,met2-met3,STRIPE,via,253580,92240,255180,92720,1600,via2_1600x480
VSS,met1-met2,STRIPE,via,253580,92240,255180,92720,1600,via_1600x480
VSS,met3-met4,STRIPE,via,226440,92240,228040,92720,1600,via3_1600x480
VSS,met2-met3,STRIPE,via,226440,92240,228040,92720,1600,via2_1600x480
VSS,met1-met2,STRIPE,via,226440,92240,228040,92720,1600,via_1600x480
VSS,met3-met4,STRIPE,via,199300,92240,200900,92720,1600,via3_1600x480
VSS,met2-met3,STRIPE,via,199300,92240,200900,92720,1600,via2_1600x480
VSS,met1-met2,STRIPE,via,199300,92240,200900,92720,1600,via_1600x480
VSS,met3-met4,STRIPE,via,145020,92240,146620,92720,1600,via3_1600x480
VSS,met2-met3,STRIPE,via,145020,92240,146620,92720,1600,via2_1600x480
VSS,met1-met2,STRIPE,via,145020,92240,146620,92720,1600,via_1600x480
VSS,met3-met4,STRIPE,via,253580,86800,255180,87280,1600,via3_1600x480
VSS,met2-met3,STRIPE,via,253580,86800,255180,87280,1600,via2_1600x480
VSS,met1-met2,STRIPE,via,253580,86800,255180,87280,1600,via_1600x480
VSS,met3-met4,STRIPE,via,172160,86800,173760,87280,1600,via3_1600x480
VSS,met2-met3,STRIPE,via,172160,86800,173760,87280,1600,via2_1600x480
VSS,met1-met2,STRIPE,via,172160,86800,173760,87280,1600,via_1600x480
VSS,met3-met4,STRIPE,via,36460,86800,38060,87280,1600,via3_1600x480
VSS,met2-met3,STRIPE,via,36460,86800,38060,87280,1600,via2_1600x480
VSS,met1-met2,STRIPE,via,36460,86800,38060,87280,1600,via_1600x480
VSS,met3-met4,STRIPE,via,253580,81360,255180,81840,1600,via3_1600x480
VSS,met2-met3,STRIPE,via,253580,81360,255180,81840,1600,via2_1600x480
VSS,met1-met2,STRIPE,via,253580,81360,255180,81840,1600,via_1600x480
VSS,met3-met4,STRIPE,via,199300,81360,200900,81840,1600,via3_1600x480
VSS,met2-met3,STRIPE,via,199300,81360,200900,81840,1600,via2_1600x480
VSS,met1-met2,STRIPE,via,199300,81360,200900,81840,1600,via_1600x480
VSS,met3-met4,STRIPE,via,145020,81360,146620,81840,1600,via3_1600x480
VSS,met2-met3,STRIPE,via,145020,81360,146620,81840,1600,via2_1600x480
VSS,met1-met2,STRIPE,via,145020,81360,146620,81840,1600,via_1600x480
VSS,met3-met4,STRIPE,via,117880,81360,119480,81840,1600,via3_1600x480
VSS,met2-met3,STRIPE,via,117880,81360,119480,81840,1600,via2_1600x480
VSS,met1-met2,STRIPE,via,117880,81360,119480,81840,1600,via_1600x480
VSS,met3-met4,STRIPE,via,63600,81360,65200,81840,1600,via3_1600x480
VSS,met2-met3,STRIPE,via,63600,81360,65200,81840,1600,via2_1600x480
VSS,met1-met2,STRIPE,via,63600,81360,65200,81840,1600,via_1600x480
VSS,met3-met4,STRIPE,via,253580,75920,255180,76400,1600,via3_1600x480
VSS,met2-met3,STRIPE,via,253580,75920,255180,76400,1600,via2_1600x480
VSS,met1-met2,STRIPE,via,253580,75920,255180,76400,1600,via_1600x480
VSS,met3-met4,STRIPE,via,226440,75920,228040,76400,1600,via3_1600x480
VSS,met2-met3,STRIPE,via,226440,75920,228040,76400,1600,via2_1600x480
VSS,met1-met2,STRIPE,via,226440,75920,228040,76400,1600,via_1600x480
VSS,met3-met4,STRIPE,via,172160,75920,173760,76400,1600,via3_1600x480
VSS,met2-met3,STRIPE,via,172160,75920,173760,76400,1600,via2_1600x480
VSS,met1-met2,STRIPE,via,172160,75920,173760,76400,1600,via_1600x480
VSS,met3-met4,STRIPE,via,117880,75920,119480,76400,1600,via3_1600x480
VSS,met2-met3,STRIPE,via,117880,75920,119480,76400,1600,via2_1600x480
VSS,met1-met2,STRIPE,via,117880,75920,119480,76400,1600,via_1600x480
VSS,met3-met4,STRIPE,via,36460,75920,38060,76400,1600,via3_1600x480
VSS,met2-met3,STRIPE,via,36460,75920,38060,76400,1600,via2_1600x480
VSS,met1-met2,STRIPE,via,36460,75920,38060,76400,1600,via_1600x480
VSS,met3-met4,STRIPE,via,226440,70480,228040,70960,1600,via3_1600x480
VSS,met2-met3,STRIPE,via,226440,70480,228040,70960,1600,via2_1600x480
VSS,met1-met2,STRIPE,via,226440,70480,228040,70960,1600,via_1600x480
VSS,met3-met4,STRIPE,via,172160,70480,173760,70960,1600,via3_1600x480
VSS,met2-met3,STRIPE,via,172160,70480,173760,70960,1600,via2_1600x480
VSS,met1-met2,STRIPE,via,172160,70480,173760,70960,1600,via_1600x480
VSS,met3-met4,STRIPE,via,145020,70480,146620,70960,1600,via3_1600x480
VSS,met2-met3,STRIPE,via,145020,70480,146620,70960,1600,via2_1600x480
VSS,met1-met2,STRIPE,via,145020,70480,146620,70960,1600,via_1600x480
VSS,met3-met4,STRIPE,via,117880,70480,119480,70960,1600,via3_1600x480
VSS,met2-met3,STRIPE,via,117880,70480,119480,70960,1600,via2_1600x480
VSS,met1-met2,STRIPE,via,117880,70480,119480,70960,1600,via_1600x480
VSS,met3-met4,STRIPE,via,90740,70480,92340,70960,1600,via3_1600x480
VSS,met2-met3,STRIPE,via,90740,70480,92340,70960,1600,via2_1600x480
VSS,met1-met2,STRIPE,via,90740,70480,92340,70960,1600,via_1600x480
VSS,met3-met4,STRIPE,via,63600,70480,65200,70960,1600,via3_1600x480
VSS,met2-met3,STRIPE,via,63600,70480,65200,70960,1600,via2_1600x480
VSS,met1-met2,STRIPE,via,63600,70480,65200,70960,1600,via_1600x480
VSS,met3-met4,STRIPE,via,36460,70480,38060,70960,1600,via3_1600x480
VSS,met2-met3,STRIPE,via,36460,70480,38060,70960,1600,via2_1600x480
VSS,met1-met2,STRIPE,via,36460,70480,38060,70960,1600,via_1600x480
VSS,met3-met4,STRIPE,via,172160,65040,173760,65520,1600,via3_1600x480
VSS,met2-met3,STRIPE,via,172160,65040,173760,65520,1600,via2_1600x480
VSS,met1-met2,STRIPE,via,172160,65040,173760,65520,1600,via_1600x480
VSS,met3-met4,STRIPE,via,145020,65040,146620,65520,1600,via3_1600x480
VSS,met2-met3,STRIPE,via,145020,65040,146620,65520,1600,via2_1600x480
VSS,met1-met2,STRIPE,via,145020,65040,146620,65520,1600,via_1600x480
VSS,met3-met4,STRIPE,via,36460,65040,38060,65520,1600,via3_1600x480
VSS,met2-met3,STRIPE,via,36460,65040,38060,65520,1600,via2_1600x480
VSS,met1-met2,STRIPE,via,36460,65040,38060,65520,1600,via_1600x480
VSS,met3-met4,STRIPE,via,253580,59600,255180,60080,1600,via3_1600x480
VSS,met2-met3,STRIPE,via,253580,59600,255180,60080,1600,via2_1600x480
VSS,met1-met2,STRIPE,via,253580,59600,255180,60080,1600,via_1600x480
VSS,met3-met4,STRIPE,via,226440,59600,228040,60080,1600,via3_1600x480
VSS,met2-met3,STRIPE,via,226440,59600,228040,60080,1600,via2_1600x480
VSS,met1-met2,STRIPE,via,226440,59600,228040,60080,1600,via_1600x480
VSS,met3-met4,STRIPE,via,199300,59600,200900,60080,1600,via3_1600x480
VSS,met2-met3,STRIPE,via,199300,59600,200900,60080,1600,via2_1600x480
VSS,met1-met2,STRIPE,via,199300,59600,200900,60080,1600,via_1600x480
VSS,met3-met4,STRIPE,via,172160,59600,173760,60080,1600,via3_1600x480
VSS,met2-met3,STRIPE,via,172160,59600,173760,60080,1600,via2_1600x480
VSS,met1-met2,STRIPE,via,172160,59600,173760,60080,1600,via_1600x480
VSS,met3-met4,STRIPE,via,63600,59600,65200,60080,1600,via3_1600x480
VSS,met2-met3,STRIPE,via,63600,59600,65200,60080,1600,via2_1600x480
VSS,met1-met2,STRIPE,via,63600,59600,65200,60080,1600,via_1600x480
VSS,met3-met4,STRIPE,via,36460,59600,38060,60080,1600,via3_1600x480
VSS,met2-met3,STRIPE,via,36460,59600,38060,60080,1600,via2_1600x480
VSS,met1-met2,STRIPE,via,36460,59600,38060,60080,1600,via_1600x480
VSS,met3-met4,STRIPE,via,253580,54160,255180,54640,1600,via3_1600x480
VSS,met2-met3,STRIPE,via,253580,54160,255180,54640,1600,via2_1600x480
VSS,met1-met2,STRIPE,via,253580,54160,255180,54640,1600,via_1600x480
VSS,met3-met4,STRIPE,via,199300,54160,200900,54640,1600,via3_1600x480
VSS,met2-met3,STRIPE,via,199300,54160,200900,54640,1600,via2_1600x480
VSS,met1-met2,STRIPE,via,199300,54160,200900,54640,1600,via_1600x480
VSS,met3-met4,STRIPE,via,172160,54160,173760,54640,1600,via3_1600x480
VSS,met2-met3,STRIPE,via,172160,54160,173760,54640,1600,via2_1600x480
VSS,met1-met2,STRIPE,via,172160,54160,173760,54640,1600,via_1600x480
VSS,met3-met4,STRIPE,via,90740,54160,92340,54640,1600,via3_1600x480
VSS,met2-met3,STRIPE,via,90740,54160,92340,54640,1600,via2_1600x480
VSS,met1-met2,STRIPE,via,90740,54160,92340,54640,1600,via_1600x480
VSS,met3-met4,STRIPE,via,36460,54160,38060,54640,1600,via3_1600x480
VSS,met2-met3,STRIPE,via,36460,54160,38060,54640,1600,via2_1600x480
VSS,met1-met2,STRIPE,via,36460,54160,38060,54640,1600,via_1600x480
VSS,met3-met4,STRIPE,via,145020,48720,146620,49200,1600,via3_1600x480
VSS,met2-met3,STRIPE,via,145020,48720,146620,49200,1600,via2_1600x480
VSS,met1-met2,STRIPE,via,145020,48720,146620,49200,1600,via_1600x480
VSS,met3-met4,STRIPE,via,90740,48720,92340,49200,1600,via3_1600x480
VSS,met2-met3,STRIPE,via,90740,48720,92340,49200,1600,via2_1600x480
VSS,met1-met2,STRIPE,via,90740,48720,92340,49200,1600,via_1600x480
VSS,met3-met4,STRIPE,via,172160,43280,173760,43760,1600,via3_1600x480
VSS,met2-met3,STRIPE,via,172160,43280,173760,43760,1600,via2_1600x480
VSS,met1-met2,STRIPE,via,172160,43280,173760,43760,1600,via_1600x480
VSS,met3-met4,STRIPE,via,117880,43280,119480,43760,1600,via3_1600x480
VSS,met2-met3,STRIPE,via,117880,43280,119480,43760,1600,via2_1600x480
VSS,met1-met2,STRIPE,via,117880,43280,119480,43760,1600,via_1600x480
VSS,met3-met4,STRIPE,via,90740,43280,92340,43760,1600,via3_1600x480
VSS,met2-met3,STRIPE,via,90740,43280,92340,43760,1600,via2_1600x480
VSS,met1-met2,STRIPE,via,90740,43280,92340,43760,1600,via_1600x480
VSS,met3-met4,STRIPE,via,253580,37840,255180,38320,1600,via3_1600x480
VSS,met2-met3,STRIPE,via,253580,37840,255180,38320,1600,via2_1600x480
VSS,met1-met2,STRIPE,via,253580,37840,255180,38320,1600,via_1600x480
VSS,met3-met4,STRIPE,via,226440,37840,228040,38320,1600,via3_1600x480
VSS,met2-met3,STRIPE,via,226440,37840,228040,38320,1600,via2_1600x480
VSS,met1-met2,STRIPE,via,226440,37840,228040,38320,1600,via_1600x480
VSS,met3-met4,STRIPE,via,199300,37840,200900,38320,1600,via3_1600x480
VSS,met2-met3,STRIPE,via,199300,37840,200900,38320,1600,via2_1600x480
VSS,met1-met2,STRIPE,via,199300,37840,200900,38320,1600,via_1600x480
VSS,met3-met4,STRIPE,via,90740,37840,92340,38320,1600,via3_1600x480
VSS,met2-met3,STRIPE,via,90740,37840,92340,38320,1600,via2_1600x480
VSS,met1-met2,STRIPE,via,90740,37840,92340,38320,1600,via_1600x480
VSS,met3-met4,STRIPE,via,63600,37840,65200,38320,1600,via3_1600x480
VSS,met2-met3,STRIPE,via,63600,37840,65200,38320,1600,via2_1600x480
VSS,met1-met2,STRIPE,via,63600,37840,65200,38320,1600,via_1600x480
VSS,met3-met4,STRIPE,via,253580,32400,255180,32880,1600,via3_1600x480
VSS,met2-met3,STRIPE,via,253580,32400,255180,32880,1600,via2_1600x480
VSS,met1-met2,STRIPE,via,253580,32400,255180,32880,1600,via_1600x480
VSS,met3-met4,STRIPE,via,199300,32400,200900,32880,1600,via3_1600x480
VSS,met2-met3,STRIPE,via,199300,32400,200900,32880,1600,via2_1600x480
VSS,met1-met2,STRIPE,via,199300,32400,200900,32880,1600,via_1600x480
VSS,met3-met4,STRIPE,via,63600,32400,65200,32880,1600,via3_1600x480
VSS,met2-met3,STRIPE,via,63600,32400,65200,32880,1600,via2_1600x480
VSS,met1-met2,STRIPE,via,63600,32400,65200,32880,1600,via_1600x480
VSS,met3-met4,STRIPE,via,226440,26960,228040,27440,1600,via3_1600x480
VSS,met2-met3,STRIPE,via,226440,26960,228040,27440,1600,via2_1600x480
VSS,met1-met2,STRIPE,via,226440,26960,228040,27440,1600,via_1600x480
VSS,met3-met4,STRIPE,via,172160,26960,173760,27440,1600,via3_1600x480
VSS,met2-met3,STRIPE,via,172160,26960,173760,27440,1600,via2_1600x480
VSS,met1-met2,STRIPE,via,172160,26960,173760,27440,1600,via_1600x480
VSS,met3-met4,STRIPE,via,90740,26960,92340,27440,1600,via3_1600x480
VSS,met2-met3,STRIPE,via,90740,26960,92340,27440,1600,via2_1600x480
VSS,met1-met2,STRIPE,via,90740,26960,92340,27440,1600,via_1600x480
VSS,met3-met4,STRIPE,via,63600,26960,65200,27440,1600,via3_1600x480
VSS,met2-met3,STRIPE,via,63600,26960,65200,27440,1600,via2_1600x480
VSS,met1-met2,STRIPE,via,63600,26960,65200,27440,1600,via_1600x480
VSS,met3-met4,STRIPE,via,253580,21520,255180,22000,1600,via3_1600x480
VSS,met2-met3,STRIPE,via,253580,21520,255180,22000,1600,via2_1600x480
VSS,met1-met2,STRIPE,via,253580,21520,255180,22000,1600,via_1600x480
VSS,met3-met4,STRIPE,via,63600,21520,65200,22000,1600,via3_1600x480
VSS,met2-met3,STRIPE,via,63600,21520,65200,22000,1600,via2_1600x480
VSS,met1-met2,STRIPE,via,63600,21520,65200,22000,1600,via_1600x480
VSS,met3-met4,STRIPE,via,36460,21520,38060,22000,1600,via3_1600x480
VSS,met2-met3,STRIPE,via,36460,21520,38060,22000,1600,via2_1600x480
VSS,met1-met2,STRIPE,via,36460,21520,38060,22000,1600,via_1600x480
VSS,met3-met4,STRIPE,via,253580,16080,255180,16560,1600,via3_1600x480
VSS,met2-met3,STRIPE,via,253580,16080,255180,16560,1600,via2_1600x480
VSS,met1-met2,STRIPE,via,253580,16080,255180,16560,1600,via_1600x480
VSS,met3-met4,STRIPE,via,172160,16080,173760,16560,1600,via3_1600x480
VSS,met2-met3,STRIPE,via,172160,16080,173760,16560,1600,via2_1600x480
VSS,met1-met2,STRIPE,via,172160,16080,173760,16560,1600,via_1600x480
VSS,met3-met4,STRIPE,via,117880,16080,119480,16560,1600,via3_1600x480
VSS,met2-met3,STRIPE,via,117880,16080,119480,16560,1600,via2_1600x480
VSS,met1-met2,STRIPE,via,117880,16080,119480,16560,1600,via_1600x480
VSS,met3-met4,STRIPE,via,90740,16080,92340,16560,1600,via3_1600x480
VSS,met2-met3,STRIPE,via,90740,16080,92340,16560,1600,via2_1600x480
VSS,met1-met2,STRIPE,via,90740,16080,92340,16560,1600,via_1600x480
VSS,met3-met4,STRIPE,via,63600,16080,65200,16560,1600,via3_1600x480
VSS,met2-met3,STRIPE,via,63600,16080,65200,16560,1600,via2_1600x480
VSS,met1-met2,STRIPE,via,63600,16080,65200,16560,1600,via_1600x480
VSS,met3-met4,STRIPE,via,36460,16080,38060,16560,1600,via3_1600x480
VSS,met2-met3,STRIPE,via,36460,16080,38060,16560,1600,via2_1600x480
VSS,met1-met2,STRIPE,via,36460,16080,38060,16560,1600,via_1600x480
VSS,met3-met4,STRIPE,via,253580,10640,255180,11120,1600,via3_1600x480
VSS,met2-met3,STRIPE,via,253580,10640,255180,11120,1600,via2_1600x480
VSS,met1-met2,STRIPE,via,253580,10640,255180,11120,1600,via_1600x480
VSS,met3-met4,STRIPE,via,172160,10640,173760,11120,1600,via3_1600x480
VSS,met2-met3,STRIPE,via,172160,10640,173760,11120,1600,via2_1600x480
VSS,met1-met2,STRIPE,via,172160,10640,173760,11120,1600,via_1600x480
VSS,met3-met4,STRIPE,via,145020,10640,146620,11120,1600,via3_1600x480
VSS,met2-met3,STRIPE,via,145020,10640,146620,11120,1600,via2_1600x480
VSS,met1-met2,STRIPE,via,145020,10640,146620,11120,1600,via_1600x480
VSS,met3-met4,STRIPE,via,63600,10640,65200,11120,1600,via3_1600x480
VSS,met2-met3,STRIPE,via,63600,10640,65200,11120,1600,via2_1600x480
VSS,met1-met2,STRIPE,via,63600,10640,65200,11120,1600,via_1600x480
VSS,met3-met4,STRIPE,via,36460,10640,38060,11120,1600,via3_1600x480
VSS,met2-met3,STRIPE,via,36460,10640,38060,11120,1600,via2_1600x480
VSS,met1-met2,STRIPE,via,36460,10640,38060,11120,1600,via_1600x480
VSS,met5,STRIPE,wire,10120,254640,269560,256240,1600,
VSS,met5,STRIPE,wire,10120,227440,269560,229040,1600,
VSS,met5,STRIPE,wire,10120,200240,269560,201840,1600,
VSS,met5,STRIPE,wire,10120,173040,269560,174640,1600,
VSS,met5,STRIPE,wire,10120,145840,269560,147440,1600,
VSS,met5,STRIPE,wire,10120,118640,269560,120240,1600,
VSS,met5,STRIPE,wire,10120,91440,269560,93040,1600,
VSS,met5,STRIPE,wire,10120,64240,269560,65840,1600,
VSS,met5,STRIPE,wire,10120,37040,269560,38640,1600,
VSS,met4,STRIPE,wire,253580,10640,255180,269520,1600,
VSS,met4,STRIPE,wire,226440,10640,228040,269520,1600,
VSS,met4,STRIPE,wire,199300,10640,200900,269520,1600,
VSS,met4,STRIPE,wire,172160,10640,173760,269520,1600,
VSS,met4,STRIPE,wire,145020,10640,146620,269520,1600,
VSS,met4,STRIPE,wire,117880,10640,119480,269520,1600,
VSS,met4,STRIPE,wire,90740,10640,92340,269520,1600,
VSS,met4,STRIPE,wire,63600,10640,65200,269520,1600,
VSS,met4,STRIPE,wire,36460,10640,38060,269520,1600,
VSS,met1,FOLLOWPIN,wire,10120,266320,269560,266800,480,
VSS,met1,FOLLOWPIN,wire,10120,260880,269560,261360,480,
VSS,met1,FOLLOWPIN,wire,10120,255440,269560,255920,480,
VSS,met1,FOLLOWPIN,wire,10120,250000,269560,250480,480,
VSS,met1,FOLLOWPIN,wire,10120,244560,269560,245040,480,
VSS,met1,FOLLOWPIN,wire,10120,239120,269560,239600,480,
VSS,met1,FOLLOWPIN,wire,10120,233680,269560,234160,480,
VSS,met1,FOLLOWPIN,wire,10120,228240,269560,228720,480,
VSS,met1,FOLLOWPIN,wire,10120,222800,269560,223280,480,
VSS,met1,FOLLOWPIN,wire,10120,217360,269560,217840,480,
VSS,met1,FOLLOWPIN,wire,10120,211920,269560,212400,480,
VSS,met1,FOLLOWPIN,wire,10120,206480,269560,206960,480,
VSS,met1,FOLLOWPIN,wire,10120,201040,269560,201520,480,
VSS,met1,FOLLOWPIN,wire,10120,195600,269560,196080,480,
VSS,met1,FOLLOWPIN,wire,10120,190160,269560,190640,480,
VSS,met1,FOLLOWPIN,wire,10120,184720,269560,185200,480,
VSS,met1,FOLLOWPIN,wire,10120,179280,269560,179760,480,
VSS,met1,FOLLOWPIN,wire,10120,173840,269560,174320,480,
VSS,met1,FOLLOWPIN,wire,10120,168400,269560,168880,480,
VSS,met1,FOLLOWPIN,wire,10120,162960,269560,163440,480,
VSS,met1,FOLLOWPIN,wire,10120,157520,269560,158000,480,
VSS,met1,FOLLOWPIN,wire,10120,152080,269560,152560,480,
VSS,met1,FOLLOWPIN,wire,10120,146640,269560,147120,480,
VSS,met1,FOLLOWPIN,wire,10120,141200,269560,141680,480,
VSS,met1,FOLLOWPIN,wire,10120,135760,269560,136240,480,
VSS,met1,FOLLOWPIN,wire,10120,130320,269560,130800,480,
VSS,met1,FOLLOWPIN,wire,10120,124880,269560,125360,480,
VSS,met1,FOLLOWPIN,wire,10120,119440,269560,119920,480,
VSS,met1,FOLLOWPIN,wire,10120,114000,269560,114480,480,
VSS,met1,FOLLOWPIN,wire,10120,108560,269560,109040,480,
VSS,met1,FOLLOWPIN,wire,10120,103120,269560,103600,480,
VSS,met1,FOLLOWPIN,wire,10120,97680,269560,98160,480,
VSS,met1,FOLLOWPIN,wire,10120,92240,269560,92720,480,
VSS,met1,FOLLOWPIN,wire,10120,86800,269560,87280,480,
VSS,met1,FOLLOWPIN,wire,10120,81360,269560,81840,480,
VSS,met1,FOLLOWPIN,wire,10120,75920,269560,76400,480,
VSS,met1,FOLLOWPIN,wire,10120,70480,269560,70960,480,
VSS,met1,FOLLOWPIN,wire,10120,65040,269560,65520,480,
VSS,met1,FOLLOWPIN,wire,10120,59600,269560,60080,480,
VSS,met1,FOLLOWPIN,wire,10120,54160,269560,54640,480,
VSS,met1,FOLLOWPIN,wire,10120,48720,269560,49200,480,
VSS,met1,FOLLOWPIN,wire,10120,43280,269560,43760,480,
VSS,met1,FOLLOWPIN,wire,10120,37840,269560,38320,480,
VSS,met1,FOLLOWPIN,wire,10120,32400,269560,32880,480,
VSS,met1,FOLLOWPIN,wire,10120,26960,269560,27440,480,
VSS,met1,FOLLOWPIN,wire,10120,21520,269560,22000,480,
VSS,met1,FOLLOWPIN,wire,10120,16080,269560,16560,480,
VSS,met1,FOLLOWPIN,wire,10120,10640,269560,11120,480,
VDD,met4-met5,STRIPE,via,267150,241040,268750,242640,1600,via4_1600x1600
VDD,met4-met5,STRIPE,via,240010,241040,241610,242640,1600,via4_1600x1600
VDD,met4-met5,STRIPE,via,212870,241040,214470,242640,1600,via4_1600x1600
VDD,met4-met5,STRIPE,via,185730,241040,187330,242640,1600,via4_1600x1600
VDD,met4-met5,STRIPE,via,158590,241040,160190,242640,1600,via4_1600x1600
VDD,met4-met5,STRIPE,via,131450,241040,133050,242640,1600,via4_1600x1600
VDD,met4-met5,STRIPE,via,104310,241040,105910,242640,1600,via4_1600x1600
VDD,met4-met5,STRIPE,via,77170,241040,78770,242640,1600,via4_1600x1600
VDD,met4-met5,STRIPE,via,50030,241040,51630,242640,1600,via4_1600x1600
VDD,met4-met5,STRIPE,via,22890,241040,24490,242640,1600,via4_1600x1600
VDD,met4-met5,STRIPE,via,267150,213840,268750,215440,1600,via4_1600x1600
VDD,met4-met5,STRIPE,via,240010,213840,241610,215440,1600,via4_1600x1600
VDD,met4-met5,STRIPE,via,212870,213840,214470,215440,1600,via4_1600x1600
VDD,met4-met5,STRIPE,via,185730,213840,187330,215440,1600,via4_1600x1600
VDD,met4-met5,STRIPE,via,158590,213840,160190,215440,1600,via4_1600x1600
VDD,met4-met5,STRIPE,via,131450,213840,133050,215440,1600,via4_1600x1600
VDD,met4-met5,STRIPE,via,104310,213840,105910,215440,1600,via4_1600x1600
VDD,met4-met5,STRIPE,via,77170,213840,78770,215440,1600,via4_1600x1600
VDD,met4-met5,STRIPE,via,50030,213840,51630,215440,1600,via4_1600x1600
VDD,met4-met5,STRIPE,via,22890,213840,24490,215440,1600,via4_1600x1600
VDD,met4-met5,STRIPE,via,267150,186640,268750,188240,1600,via4_1600x1600
VDD,met4-met5,STRIPE,via,240010,186640,241610,188240,1600,via4_1600x1600
VDD,met4-met5,STRIPE,via,212870,186640,214470,188240,1600,via4_1600x1600
VDD,met4-met5,STRIPE,via,185730,186640,187330,188240,1600,via4_1600x1600
VDD,met4-met5,STRIPE,via,158590,186640,160190,188240,1600,via4_1600x1600
VDD,met4-met5,STRIPE,via,131450,186640,133050,188240,1600,via4_1600x1600
VDD,met4-met5,STRIPE,via,104310,186640,105910,188240,1600,via4_1600x1600
VDD,met4-met5,STRIPE,via,77170,186640,78770,188240,1600,via4_1600x1600
VDD,met4-met5,STRIPE,via,50030,186640,51630,188240,1600,via4_1600x1600
VDD,met4-met5,STRIPE,via,22890,186640,24490,188240,1600,via4_1600x1600
VDD,met4-met5,STRIPE,via,267150,159440,268750,161040,1600,via4_1600x1600
VDD,met4-met5,STRIPE,via,240010,159440,241610,161040,1600,via4_1600x1600
VDD,met4-met5,STRIPE,via,212870,159440,214470,161040,1600,via4_1600x1600
VDD,met4-met5,STRIPE,via,185730,159440,187330,161040,1600,via4_1600x1600
VDD,met4-met5,STRIPE,via,158590,159440,160190,161040,1600,via4_1600x1600
VDD,met4-met5,STRIPE,via,131450,159440,133050,161040,1600,via4_1600x1600
VDD,met4-met5,STRIPE,via,104310,159440,105910,161040,1600,via4_1600x1600
VDD,met4-met5,STRIPE,via,77170,159440,78770,161040,1600,via4_1600x1600
VDD,met4-met5,STRIPE,via,50030,159440,51630,161040,1600,via4_1600x1600
VDD,met4-met5,STRIPE,via,22890,159440,24490,161040,1600,via4_1600x1600
VDD,met4-met5,STRIPE,via,267150,132240,268750,133840,1600,via4_1600x1600
VDD,met4-met5,STRIPE,via,240010,132240,241610,133840,1600,via4_1600x1600
VDD,met4-met5,STRIPE,via,212870,132240,214470,133840,1600,via4_1600x1600
VDD,met4-met5,STRIPE,via,185730,132240,187330,133840,1600,via4_1600x1600
VDD,met4-met5,STRIPE,via,158590,132240,160190,133840,1600,via4_1600x1600
VDD,met4-met5,STRIPE,via,131450,132240,133050,133840,1600,via4_1600x1600
VDD,met4-met5,STRIPE,via,104310,132240,105910,133840,1600,via4_1600x1600
VDD,met4-met5,STRIPE,via,77170,132240,78770,133840,1600,via4_1600x1600
VDD,met4-met5,STRIPE,via,50030,132240,51630,133840,1600,via4_1600x1600
VDD,met4-met5,STRIPE,via,22890,132240,24490,133840,1600,via4_1600x1600
VDD,met4-met5,STRIPE,via,267150,105040,268750,106640,1600,via4_1600x1600
VDD,met4-met5,STRIPE,via,240010,105040,241610,106640,1600,via4_1600x1600
VDD,met4-met5,STRIPE,via,212870,105040,214470,106640,1600,via4_1600x1600
VDD,met4-met5,STRIPE,via,185730,105040,187330,106640,1600,via4_1600x1600
VDD,met4-met5,STRIPE,via,158590,105040,160190,106640,1600,via4_1600x1600
VDD,met4-met5,STRIPE,via,131450,105040,133050,106640,1600,via4_1600x1600
VDD,met4-met5,STRIPE,via,104310,105040,105910,106640,1600,via4_1600x1600
VDD,met4-met5,STRIPE,via,77170,105040,78770,106640,1600,via4_1600x1600
VDD,met4-met5,STRIPE,via,50030,105040,51630,106640,1600,via4_1600x1600
VDD,met4-met5,STRIPE,via,22890,105040,24490,106640,1600,via4_1600x1600
VDD,met4-met5,STRIPE,via,267150,77840,268750,79440,1600,via4_1600x1600
VDD,met4-met5,STRIPE,via,240010,77840,241610,79440,1600,via4_1600x1600
VDD,met4-met5,STRIPE,via,212870,77840,214470,79440,1600,via4_1600x1600
VDD,met4-met5,STRIPE,via,185730,77840,187330,79440,1600,via4_1600x1600
VDD,met4-met5,STRIPE,via,158590,77840,160190,79440,1600,via4_1600x1600
VDD,met4-met5,STRIPE,via,131450,77840,133050,79440,1600,via4_1600x1600
VDD,met4-met5,STRIPE,via,104310,77840,105910,79440,1600,via4_1600x1600
VDD,met4-met5,STRIPE,via,77170,77840,78770,79440,1600,via4_1600x1600
VDD,met4-met5,STRIPE,via,50030,77840,51630,79440,1600,via4_1600x1600
VDD,met4-met5,STRIPE,via,22890,77840,24490,79440,1600,via4_1600x1600
VDD,met4-met5,STRIPE,via,267150,50640,268750,52240,1600,via4_1600x1600
VDD,met4-met5,STRIPE,via,240010,50640,241610,52240,1600,via4_1600x1600
VDD,met4-met5,STRIPE,via,212870,50640,214470,52240,1600,via4_1600x1600
VDD,met4-met5,STRIPE,via,185730,50640,187330,52240,1600,via4_1600x1600
VDD,met4-met5,STRIPE,via,158590,50640,160190,52240,1600,via4_1600x1600
VDD,met4-met5,STRIPE,via,131450,50640,133050,52240,1600,via4_1600x1600
VDD,met4-met5,STRIPE,via,104310,50640,105910,52240,1600,via4_1600x1600
VDD,met4-met5,STRIPE,via,77170,50640,78770,52240,1600,via4_1600x1600
VDD,met4-met5,STRIPE,via,50030,50640,51630,52240,1600,via4_1600x1600
VDD,met4-met5,STRIPE,via,22890,50640,24490,52240,1600,via4_1600x1600
VDD,met4-met5,STRIPE,via,267150,23440,268750,25040,1600,via4_1600x1600
VDD,met4-met5,STRIPE,via,240010,23440,241610,25040,1600,via4_1600x1600
VDD,met4-met5,STRIPE,via,212870,23440,214470,25040,1600,via4_1600x1600
VDD,met4-met5,STRIPE,via,185730,23440,187330,25040,1600,via4_1600x1600
VDD,met4-met5,STRIPE,via,158590,23440,160190,25040,1600,via4_1600x1600
VDD,met4-met5,STRIPE,via,131450,23440,133050,25040,1600,via4_1600x1600
VDD,met4-met5,STRIPE,via,104310,23440,105910,25040,1600,via4_1600x1600
VDD,met4-met5,STRIPE,via,77170,23440,78770,25040,1600,via4_1600x1600
VDD,met4-met5,STRIPE,via,50030,23440,51630,25040,1600,via4_1600x1600
VDD,met4-met5,STRIPE,via,22890,23440,24490,25040,1600,via4_1600x1600
VDD,met3-met4,STRIPE,via,267150,269040,268750,269520,1600,via3_1600x480
VDD,met2-met3,STRIPE,via,267150,269040,268750,269520,1600,via2_1600x480
VDD,met1-met2,STRIPE,via,267150,269040,268750,269520,1600,via_1600x480
VDD,met3-met4,STRIPE,via,240010,269040,241610,269520,1600,via3_1600x480
VDD,met2-met3,STRIPE,via,240010,269040,241610,269520,1600,via2_1600x480
VDD,met1-met2,STRIPE,via,240010,269040,241610,269520,1600,via_1600x480
VDD,met3-met4,STRIPE,via,212870,269040,214470,269520,1600,via3_1600x480
VDD,met2-met3,STRIPE,via,212870,269040,214470,269520,1600,via2_1600x480
VDD,met1-met2,STRIPE,via,212870,269040,214470,269520,1600,via_1600x480
VDD,met3-met4,STRIPE,via,185730,269040,187330,269520,1600,via3_1600x480
VDD,met2-met3,STRIPE,via,185730,269040,187330,269520,1600,via2_1600x480
VDD,met1-met2,STRIPE,via,185730,269040,187330,269520,1600,via_1600x480
VDD,met3-met4,STRIPE,via,77170,269040,78770,269520,1600,via3_1600x480
VDD,met2-met3,STRIPE,via,77170,269040,78770,269520,1600,via2_1600x480
VDD,met1-met2,STRIPE,via,77170,269040,78770,269520,1600,via_1600x480
VDD,met3-met4,STRIPE,via,50030,269040,51630,269520,1600,via3_1600x480
VDD,met2-met3,STRIPE,via,50030,269040,51630,269520,1600,via2_1600x480
VDD,met1-met2,STRIPE,via,50030,269040,51630,269520,1600,via_1600x480
VDD,met3-met4,STRIPE,via,267150,263600,268750,264080,1600,via3_1600x480
VDD,met2-met3,STRIPE,via,267150,263600,268750,264080,1600,via2_1600x480
VDD,met1-met2,STRIPE,via,267150,263600,268750,264080,1600,via_1600x480
VDD,met3-met4,STRIPE,via,185730,263600,187330,264080,1600,via3_1600x480
VDD,met2-met3,STRIPE,via,185730,263600,187330,264080,1600,via2_1600x480
VDD,met1-met2,STRIPE,via,185730,263600,187330,264080,1600,via_1600x480
VDD,met3-met4,STRIPE,via,158590,263600,160190,264080,1600,via3_1600x480
VDD,met2-met3,STRIPE,via,158590,263600,160190,264080,1600,via2_1600x480
VDD,met1-met2,STRIPE,via,158590,263600,160190,264080,1600,via_1600x480
VDD,met3-met4,STRIPE,via,77170,263600,78770,264080,1600,via3_1600x480
VDD,met2-met3,STRIPE,via,77170,263600,78770,264080,1600,via2_1600x480
VDD,met1-met2,STRIPE,via,77170,263600,78770,264080,1600,via_1600x480
VDD,met3-met4,STRIPE,via,50030,263600,51630,264080,1600,via3_1600x480
VDD,met2-met3,STRIPE,via,50030,263600,51630,264080,1600,via2_1600x480
VDD,met1-met2,STRIPE,via,50030,263600,51630,264080,1600,via_1600x480
VDD,met3-met4,STRIPE,via,22890,263600,24490,264080,1600,via3_1600x480
VDD,met2-met3,STRIPE,via,22890,263600,24490,264080,1600,via2_1600x480
VDD,met1-met2,STRIPE,via,22890,263600,24490,264080,1600,via_1600x480
VDD,met3-met4,STRIPE,via,158590,258160,160190,258640,1600,via3_1600x480
VDD,met2-met3,STRIPE,via,158590,258160,160190,258640,1600,via2_1600x480
VDD,met1-met2,STRIPE,via,158590,258160,160190,258640,1600,via_1600x480
VDD,met3-met4,STRIPE,via,104310,258160,105910,258640,1600,via3_1600x480
VDD,met2-met3,STRIPE,via,104310,258160,105910,258640,1600,via2_1600x480
VDD,met1-met2,STRIPE,via,104310,258160,105910,258640,1600,via_1600x480
VDD,met3-met4,STRIPE,via,77170,258160,78770,258640,1600,via3_1600x480
VDD,met2-met3,STRIPE,via,77170,258160,78770,258640,1600,via2_1600x480
VDD,met1-met2,STRIPE,via,77170,258160,78770,258640,1600,via_1600x480
VDD,met3-met4,STRIPE,via,267150,252720,268750,253200,1600,via3_1600x480
VDD,met2-met3,STRIPE,via,267150,252720,268750,253200,1600,via2_1600x480
VDD,met1-met2,STRIPE,via,267150,252720,268750,253200,1600,via_1600x480
VDD,met3-met4,STRIPE,via,240010,252720,241610,253200,1600,via3_1600x480
VDD,met2-met3,STRIPE,via,240010,252720,241610,253200,1600,via2_1600x480
VDD,met1-met2,STRIPE,via,240010,252720,241610,253200,1600,via_1600x480
VDD,met3-met4,STRIPE,via,212870,252720,214470,253200,1600,via3_1600x480
VDD,met2-met3,STRIPE,via,212870,252720,214470,253200,1600,via2_1600x480
VDD,met1-met2,STRIPE,via,212870,252720,214470,253200,1600,via_1600x480
VDD,met3-met4,STRIPE,via,158590,252720,160190,253200,1600,via3_1600x480
VDD,met2-met3,STRIPE,via,158590,252720,160190,253200,1600,via2_1600x480
VDD,met1-met2,STRIPE,via,158590,252720,160190,253200,1600,via_1600x480
VDD,met3-met4,STRIPE,via,131450,252720,133050,253200,1600,via3_1600x480
VDD,met2-met3,STRIPE,via,131450,252720,133050,253200,1600,via2_1600x480
VDD,met1-met2,STRIPE,via,131450,252720,133050,253200,1600,via_1600x480
VDD,met3-met4,STRIPE,via,104310,252720,105910,253200,1600,via3_1600x480
VDD,met2-met3,STRIPE,via,104310,252720,105910,253200,1600,via2_1600x480
VDD,met1-met2,STRIPE,via,104310,252720,105910,253200,1600,via_1600x480
VDD,met3-met4,STRIPE,via,50030,252720,51630,253200,1600,via3_1600x480
VDD,met2-met3,STRIPE,via,50030,252720,51630,253200,1600,via2_1600x480
VDD,met1-met2,STRIPE,via,50030,252720,51630,253200,1600,via_1600x480
VDD,met3-met4,STRIPE,via,22890,252720,24490,253200,1600,via3_1600x480
VDD,met2-met3,STRIPE,via,22890,252720,24490,253200,1600,via2_1600x480
VDD,met1-met2,STRIPE,via,22890,252720,24490,253200,1600,via_1600x480
VDD,met3-met4,STRIPE,via,267150,247280,268750,247760,1600,via3_1600x480
VDD,met2-met3,STRIPE,via,267150,247280,268750,247760,1600,via2_1600x480
VDD,met1-met2,STRIPE,via,267150,247280,268750,247760,1600,via_1600x480
VDD,met3-met4,STRIPE,via,240010,247280,241610,247760,1600,via3_1600x480
VDD,met2-met3,STRIPE,via,240010,247280,241610,247760,1600,via2_1600x480
VDD,met1-met2,STRIPE,via,240010,247280,241610,247760,1600,via_1600x480
VDD,met3-met4,STRIPE,via,212870,247280,214470,247760,1600,via3_1600x480
VDD,met2-met3,STRIPE,via,212870,247280,214470,247760,1600,via2_1600x480
VDD,met1-met2,STRIPE,via,212870,247280,214470,247760,1600,via_1600x480
VDD,met3-met4,STRIPE,via,131450,247280,133050,247760,1600,via3_1600x480
VDD,met2-met3,STRIPE,via,131450,247280,133050,247760,1600,via2_1600x480
VDD,met1-met2,STRIPE,via,131450,247280,133050,247760,1600,via_1600x480
VDD,met3-met4,STRIPE,via,77170,247280,78770,247760,1600,via3_1600x480
VDD,met2-met3,STRIPE,via,77170,247280,78770,247760,1600,via2_1600x480
VDD,met1-met2,STRIPE,via,77170,247280,78770,247760,1600,via_1600x480
VDD,met3-met4,STRIPE,via,50030,247280,51630,247760,1600,via3_1600x480
VDD,met2-met3,STRIPE,via,50030,247280,51630,247760,1600,via2_1600x480
VDD,met1-met2,STRIPE,via,50030,247280,51630,247760,1600,via_1600x480
VDD,met3-met4,STRIPE,via,22890,247280,24490,247760,1600,via3_1600x480
VDD,met2-met3,STRIPE,via,22890,247280,24490,247760,1600,via2_1600x480
VDD,met1-met2,STRIPE,via,22890,247280,24490,247760,1600,via_1600x480
VDD,met3-met4,STRIPE,via,267150,241840,268750,242320,1600,via3_1600x480
VDD,met2-met3,STRIPE,via,267150,241840,268750,242320,1600,via2_1600x480
VDD,met1-met2,STRIPE,via,267150,241840,268750,242320,1600,via_1600x480
VDD,met3-met4,STRIPE,via,240010,241840,241610,242320,1600,via3_1600x480
VDD,met2-met3,STRIPE,via,240010,241840,241610,242320,1600,via2_1600x480
VDD,met1-met2,STRIPE,via,240010,241840,241610,242320,1600,via_1600x480
VDD,met3-met4,STRIPE,via,185730,241840,187330,242320,1600,via3_1600x480
VDD,met2-met3,STRIPE,via,185730,241840,187330,242320,1600,via2_1600x480
VDD,met1-met2,STRIPE,via,185730,241840,187330,242320,1600,via_1600x480
VDD,met3-met4,STRIPE,via,158590,241840,160190,242320,1600,via3_1600x480
VDD,met2-met3,STRIPE,via,158590,241840,160190,242320,1600,via2_1600x480
VDD,met1-met2,STRIPE,via,158590,241840,160190,242320,1600,via_1600x480
VDD,met3-met4,STRIPE,via,131450,241840,133050,242320,1600,via3_1600x480
VDD,met2-met3,STRIPE,via,131450,241840,133050,242320,1600,via2_1600x480
VDD,met1-met2,STRIPE,via,131450,241840,133050,242320,1600,via_1600x480
VDD,met3-met4,STRIPE,via,104310,241840,105910,242320,1600,via3_1600x480
VDD,met2-met3,STRIPE,via,104310,241840,105910,242320,1600,via2_1600x480
VDD,met1-met2,STRIPE,via,104310,241840,105910,242320,1600,via_1600x480
VDD,met3-met4,STRIPE,via,77170,241840,78770,242320,1600,via3_1600x480
VDD,met2-met3,STRIPE,via,77170,241840,78770,242320,1600,via2_1600x480
VDD,met1-met2,STRIPE,via,77170,241840,78770,242320,1600,via_1600x480
VDD,met3-met4,STRIPE,via,240010,236400,241610,236880,1600,via3_1600x480
VDD,met2-met3,STRIPE,via,240010,236400,241610,236880,1600,via2_1600x480
VDD,met1-met2,STRIPE,via,240010,236400,241610,236880,1600,via_1600x480
VDD,met3-met4,STRIPE,via,212870,236400,214470,236880,1600,via3_1600x480
VDD,met2-met3,STRIPE,via,212870,236400,214470,236880,1600,via2_1600x480
VDD,met1-met2,STRIPE,via,212870,236400,214470,236880,1600,via_1600x480
VDD,met3-met4,STRIPE,via,185730,236400,187330,236880,1600,via3_1600x480
VDD,met2-met3,STRIPE,via,185730,236400,187330,236880,1600,via2_1600x480
VDD,met1-met2,STRIPE,via,185730,236400,187330,236880,1600,via_1600x480
VDD,met3-met4,STRIPE,via,240010,230960,241610,231440,1600,via3_1600x480
VDD,met2-met3,STRIPE,via,240010,230960,241610,231440,1600,via2_1600x480
VDD,met1-met2,STRIPE,via,240010,230960,241610,231440,1600,via_1600x480
VDD,met3-met4,STRIPE,via,185730,230960,187330,231440,1600,via3_1600x480
VDD,met2-met3,STRIPE,via,185730,230960,187330,231440,1600,via2_1600x480
VDD,met1-met2,STRIPE,via,185730,230960,187330,231440,1600,via_1600x480
VDD,met3-met4,STRIPE,via,158590,230960,160190,231440,1600,via3_1600x480
VDD,met2-met3,STRIPE,via,158590,230960,160190,231440,1600,via2_1600x480
VDD,met1-met2,STRIPE,via,158590,230960,160190,231440,1600,via_1600x480
VDD,met3-met4,STRIPE,via,104310,230960,105910,231440,1600,via3_1600x480
VDD,met2-met3,STRIPE,via,104310,230960,105910,231440,1600,via2_1600x480
VDD,met1-met2,STRIPE,via,104310,230960,105910,231440,1600,via_1600x480
VDD,met3-met4,STRIPE,via,77170,230960,78770,231440,1600,via3_1600x480
VDD,met2-met3,STRIPE,via,77170,230960,78770,231440,1600,via2_1600x480
VDD,met1-met2,STRIPE,via,77170,230960,78770,231440,1600,via_1600x480
VDD,met3-met4,STRIPE,via,240010,225520,241610,226000,1600,via3_1600x480
VDD,met2-met3,STRIPE,via,240010,225520,241610,226000,1600,via2_1600x480
VDD,met1-met2,STRIPE,via,240010,225520,241610,226000,1600,via_1600x480
VDD,met3-met4,STRIPE,via,212870,225520,214470,226000,1600,via3_1600x480
VDD,met2-met3,STRIPE,via,212870,225520,214470,226000,1600,via2_1600x480
VDD,met1-met2,STRIPE,via,212870,225520,214470,226000,1600,via_1600x480
VDD,met3-met4,STRIPE,via,131450,225520,133050,226000,1600,via3_1600x480
VDD,met2-met3,STRIPE,via,131450,225520,133050,226000,1600,via2_1600x480
VDD,met1-met2,STRIPE,via,131450,225520,133050,226000,1600,via_1600x480
VDD,met3-met4,STRIPE,via,77170,225520,78770,226000,1600,via3_1600x480
VDD,met2-met3,STRIPE,via,77170,225520,78770,226000,1600,via2_1600x480
VDD,met1-met2,STRIPE,via,77170,225520,78770,226000,1600,via_1600x480
VDD,met3-met4,STRIPE,via,240010,220080,241610,220560,1600,via3_1600x480
VDD,met2-met3,STRIPE,via,240010,220080,241610,220560,1600,via2_1600x480
VDD,met1-met2,STRIPE,via,240010,220080,241610,220560,1600,via_1600x480
VDD,met3-met4,STRIPE,via,212870,220080,214470,220560,1600,via3_1600x480
VDD,met2-met3,STRIPE,via,212870,220080,214470,220560,1600,via2_1600x480
VDD,met1-met2,STRIPE,via,212870,220080,214470,220560,1600,via_1600x480
VDD,met3-met4,STRIPE,via,185730,220080,187330,220560,1600,via3_1600x480
VDD,met2-met3,STRIPE,via,185730,220080,187330,220560,1600,via2_1600x480
VDD,met1-met2,STRIPE,via,185730,220080,187330,220560,1600,via_1600x480
VDD,met3-met4,STRIPE,via,104310,220080,105910,220560,1600,via3_1600x480
VDD,met2-met3,STRIPE,via,104310,220080,105910,220560,1600,via2_1600x480
VDD,met1-met2,STRIPE,via,104310,220080,105910,220560,1600,via_1600x480
VDD,met3-met4,STRIPE,via,267150,214640,268750,215120,1600,via3_1600x480
VDD,met2-met3,STRIPE,via,267150,214640,268750,215120,1600,via2_1600x480
VDD,met1-met2,STRIPE,via,267150,214640,268750,215120,1600,via_1600x480
VDD,met3-met4,STRIPE,via,212870,214640,214470,215120,1600,via3_1600x480
VDD,met2-met3,STRIPE,via,212870,214640,214470,215120,1600,via2_1600x480
VDD,met1-met2,STRIPE,via,212870,214640,214470,215120,1600,via_1600x480
VDD,met3-met4,STRIPE,via,185730,214640,187330,215120,1600,via3_1600x480
VDD,met2-met3,STRIPE,via,185730,214640,187330,215120,1600,via2_1600x480
VDD,met1-met2,STRIPE,via,185730,214640,187330,215120,1600,via_1600x480
VDD,met3-met4,STRIPE,via,22890,214640,24490,215120,1600,via3_1600x480
VDD,met2-met3,STRIPE,via,22890,214640,24490,215120,1600,via2_1600x480
VDD,met1-met2,STRIPE,via,22890,214640,24490,215120,1600,via_1600x480
VDD,met3-met4,STRIPE,via,267150,209200,268750,209680,1600,via3_1600x480
VDD,met2-met3,STRIPE,via,267150,209200,268750,209680,1600,via2_1600x480
VDD,met1-met2,STRIPE,via,267150,209200,268750,209680,1600,via_1600x480
VDD,met3-met4,STRIPE,via,240010,209200,241610,209680,1600,via3_1600x480
VDD,met2-met3,STRIPE,via,240010,209200,241610,209680,1600,via2_1600x480
VDD,met1-met2,STRIPE,via,240010,209200,241610,209680,1600,via_1600x480
VDD,met3-met4,STRIPE,via,212870,209200,214470,209680,1600,via3_1600x480
VDD,met2-met3,STRIPE,via,212870,209200,214470,209680,1600,via2_1600x480
VDD,met1-met2,STRIPE,via,212870,209200,214470,209680,1600,via_1600x480
VDD,met3-met4,STRIPE,via,185730,209200,187330,209680,1600,via3_1600x480
VDD,met2-met3,STRIPE,via,185730,209200,187330,209680,1600,via2_1600x480
VDD,met1-met2,STRIPE,via,185730,209200,187330,209680,1600,via_1600x480
VDD,met3-met4,STRIPE,via,131450,209200,133050,209680,1600,via3_1600x480
VDD,met2-met3,STRIPE,via,131450,209200,133050,209680,1600,via2_1600x480
VDD,met1-met2,STRIPE,via,131450,209200,133050,209680,1600,via_1600x480
VDD,met3-met4,STRIPE,via,50030,209200,51630,209680,1600,via3_1600x480
VDD,met2-met3,STRIPE,via,50030,209200,51630,209680,1600,via2_1600x480
VDD,met1-met2,STRIPE,via,50030,209200,51630,209680,1600,via_1600x480
VDD,met3-met4,STRIPE,via,240010,203760,241610,204240,1600,via3_1600x480
VDD,met2-met3,STRIPE,via,240010,203760,241610,204240,1600,via2_1600x480
VDD,met1-met2,STRIPE,via,240010,203760,241610,204240,1600,via_1600x480
VDD,met3-met4,STRIPE,via,185730,203760,187330,204240,1600,via3_1600x480
VDD,met2-met3,STRIPE,via,185730,203760,187330,204240,1600,via2_1600x480
VDD,met1-met2,STRIPE,via,185730,203760,187330,204240,1600,via_1600x480
VDD,met3-met4,STRIPE,via,158590,203760,160190,204240,1600,via3_1600x480
VDD,met2-met3,STRIPE,via,158590,203760,160190,204240,1600,via2_1600x480
VDD,met1-met2,STRIPE,via,158590,203760,160190,204240,1600,via_1600x480
VDD,met3-met4,STRIPE,via,131450,203760,133050,204240,1600,via3_1600x480
VDD,met2-met3,STRIPE,via,131450,203760,133050,204240,1600,via2_1600x480
VDD,met1-met2,STRIPE,via,131450,203760,133050,204240,1600,via_1600x480
VDD,met3-met4,STRIPE,via,50030,203760,51630,204240,1600,via3_1600x480
VDD,met2-met3,STRIPE,via,50030,203760,51630,204240,1600,via2_1600x480
VDD,met1-met2,STRIPE,via,50030,203760,51630,204240,1600,via_1600x480
VDD,met3-met4,STRIPE,via,267150,198320,268750,198800,1600,via3_1600x480
VDD,met2-met3,STRIPE,via,267150,198320,268750,198800,1600,via2_1600x480
VDD,met1-met2,STRIPE,via,267150,198320,268750,198800,1600,via_1600x480
VDD,met3-met4,STRIPE,via,240010,198320,241610,198800,1600,via3_1600x480
VDD,met2-met3,STRIPE,via,240010,198320,241610,198800,1600,via2_1600x480
VDD,met1-met2,STRIPE,via,240010,198320,241610,198800,1600,via_1600x480
VDD,met3-met4,STRIPE,via,158590,198320,160190,198800,1600,via3_1600x480
VDD,met2-met3,STRIPE,via,158590,198320,160190,198800,1600,via2_1600x480
VDD,met1-met2,STRIPE,via,158590,198320,160190,198800,1600,via_1600x480
VDD,met3-met4,STRIPE,via,104310,198320,105910,198800,1600,via3_1600x480
VDD,met2-met3,STRIPE,via,104310,198320,105910,198800,1600,via2_1600x480
VDD,met1-met2,STRIPE,via,104310,198320,105910,198800,1600,via_1600x480
VDD,met3-met4,STRIPE,via,77170,198320,78770,198800,1600,via3_1600x480
VDD,met2-met3,STRIPE,via,77170,198320,78770,198800,1600,via2_1600x480
VDD,met1-met2,STRIPE,via,77170,198320,78770,198800,1600,via_1600x480
VDD,met3-met4,STRIPE,via,22890,198320,24490,198800,1600,via3_1600x480
VDD,met2-met3,STRIPE,via,22890,198320,24490,198800,1600,via2_1600x480
VDD,met1-met2,STRIPE,via,22890,198320,24490,198800,1600,via_1600x480
VDD,met3-met4,STRIPE,via,240010,192880,241610,193360,1600,via3_1600x480
VDD,met2-met3,STRIPE,via,240010,192880,241610,193360,1600,via2_1600x480
VDD,met1-met2,STRIPE,via,240010,192880,241610,193360,1600,via_1600x480
VDD,met3-met4,STRIPE,via,212870,192880,214470,193360,1600,via3_1600x480
VDD,met2-met3,STRIPE,via,212870,192880,214470,193360,1600,via2_1600x480
VDD,met1-met2,STRIPE,via,212870,192880,214470,193360,1600,via_1600x480
VDD,met3-met4,STRIPE,via,158590,192880,160190,193360,1600,via3_1600x480
VDD,met2-met3,STRIPE,via,158590,192880,160190,193360,1600,via2_1600x480
VDD,met1-met2,STRIPE,via,158590,192880,160190,193360,1600,via_1600x480
VDD,met3-met4,STRIPE,via,22890,192880,24490,193360,1600,via3_1600x480
VDD,met2-met3,STRIPE,via,22890,192880,24490,193360,1600,via2_1600x480
VDD,met1-met2,STRIPE,via,22890,192880,24490,193360,1600,via_1600x480
VDD,met3-met4,STRIPE,via,240010,187440,241610,187920,1600,via3_1600x480
VDD,met2-met3,STRIPE,via,240010,187440,241610,187920,1600,via2_1600x480
VDD,met1-met2,STRIPE,via,240010,187440,241610,187920,1600,via_1600x480
VDD,met3-met4,STRIPE,via,158590,187440,160190,187920,1600,via3_1600x480
VDD,met2-met3,STRIPE,via,158590,187440,160190,187920,1600,via2_1600x480
VDD,met1-met2,STRIPE,via,158590,187440,160190,187920,1600,via_1600x480
VDD,met3-met4,STRIPE,via,104310,187440,105910,187920,1600,via3_1600x480
VDD,met2-met3,STRIPE,via,104310,187440,105910,187920,1600,via2_1600x480
VDD,met1-met2,STRIPE,via,104310,187440,105910,187920,1600,via_1600x480
VDD,met3-met4,STRIPE,via,50030,187440,51630,187920,1600,via3_1600x480
VDD,met2-met3,STRIPE,via,50030,187440,51630,187920,1600,via2_1600x480
VDD,met1-met2,STRIPE,via,50030,187440,51630,187920,1600,via_1600x480
VDD,met3-met4,STRIPE,via,22890,187440,24490,187920,1600,via3_1600x480
VDD,met2-met3,STRIPE,via,22890,187440,24490,187920,1600,via2_1600x480
VDD,met1-met2,STRIPE,via,22890,187440,24490,187920,1600,via_1600x480
VDD,met3-met4,STRIPE,via,267150,182000,268750,182480,1600,via3_1600x480
VDD,met2-met3,STRIPE,via,267150,182000,268750,182480,1600,via2_1600x480
VDD,met1-met2,STRIPE,via,267150,182000,268750,182480,1600,via_1600x480
VDD,met3-met4,STRIPE,via,240010,182000,241610,182480,1600,via3_1600x480
VDD,met2-met3,STRIPE,via,240010,182000,241610,182480,1600,via2_1600x480
VDD,met1-met2,STRIPE,via,240010,182000,241610,182480,1600,via_1600x480
VDD,met3-met4,STRIPE,via,185730,182000,187330,182480,1600,via3_1600x480
VDD,met2-met3,STRIPE,via,185730,182000,187330,182480,1600,via2_1600x480
VDD,met1-met2,STRIPE,via,185730,182000,187330,182480,1600,via_1600x480
VDD,met3-met4,STRIPE,via,158590,182000,160190,182480,1600,via3_1600x480
VDD,met2-met3,STRIPE,via,158590,182000,160190,182480,1600,via2_1600x480
VDD,met1-met2,STRIPE,via,158590,182000,160190,182480,1600,via_1600x480
VDD,met3-met4,STRIPE,via,104310,182000,105910,182480,1600,via3_1600x480
VDD,met2-met3,STRIPE,via,104310,182000,105910,182480,1600,via2_1600x480
VDD,met1-met2,STRIPE,via,104310,182000,105910,182480,1600,via_1600x480
VDD,met3-met4,STRIPE,via,212870,176560,214470,177040,1600,via3_1600x480
VDD,met2-met3,STRIPE,via,212870,176560,214470,177040,1600,via2_1600x480
VDD,met1-met2,STRIPE,via,212870,176560,214470,177040,1600,via_1600x480
VDD,met3-met4,STRIPE,via,158590,176560,160190,177040,1600,via3_1600x480
VDD,met2-met3,STRIPE,via,158590,176560,160190,177040,1600,via2_1600x480
VDD,met1-met2,STRIPE,via,158590,176560,160190,177040,1600,via_1600x480
VDD,met3-met4,STRIPE,via,104310,176560,105910,177040,1600,via3_1600x480
VDD,met2-met3,STRIPE,via,104310,176560,105910,177040,1600,via2_1600x480
VDD,met1-met2,STRIPE,via,104310,176560,105910,177040,1600,via_1600x480
VDD,met3-met4,STRIPE,via,77170,176560,78770,177040,1600,via3_1600x480
VDD,met2-met3,STRIPE,via,77170,176560,78770,177040,1600,via2_1600x480
VDD,met1-met2,STRIPE,via,77170,176560,78770,177040,1600,via_1600x480
VDD,met3-met4,STRIPE,via,50030,176560,51630,177040,1600,via3_1600x480
VDD,met2-met3,STRIPE,via,50030,176560,51630,177040,1600,via2_1600x480
VDD,met1-met2,STRIPE,via,50030,176560,51630,177040,1600,via_1600x480
VDD,met3-met4,STRIPE,via,22890,176560,24490,177040,1600,via3_1600x480
VDD,met2-met3,STRIPE,via,22890,176560,24490,177040,1600,via2_1600x480
VDD,met1-met2,STRIPE,via,22890,176560,24490,177040,1600,via_1600x480
VDD,met3-met4,STRIPE,via,267150,171120,268750,171600,1600,via3_1600x480
VDD,met2-met3,STRIPE,via,267150,171120,268750,171600,1600,via2_1600x480
VDD,met1-met2,STRIPE,via,267150,171120,268750,171600,1600,via_1600x480
VDD,met3-met4,STRIPE,via,185730,171120,187330,171600,1600,via3_1600x480
VDD,met2-met3,STRIPE,via,185730,171120,187330,171600,1600,via2_1600x480
VDD,met1-met2,STRIPE,via,185730,171120,187330,171600,1600,via_1600x480
VDD,met3-met4,STRIPE,via,50030,171120,51630,171600,1600,via3_1600x480
VDD,met2-met3,STRIPE,via,50030,171120,51630,171600,1600,via2_1600x480
VDD,met1-met2,STRIPE,via,50030,171120,51630,171600,1600,via_1600x480
VDD,met3-met4,STRIPE,via,212870,165680,214470,166160,1600,via3_1600x480
VDD,met2-met3,STRIPE,via,212870,165680,214470,166160,1600,via2_1600x480
VDD,met1-met2,STRIPE,via,212870,165680,214470,166160,1600,via_1600x480
VDD,met3-met4,STRIPE,via,185730,165680,187330,166160,1600,via3_1600x480
VDD,met2-met3,STRIPE,via,185730,165680,187330,166160,1600,via2_1600x480
VDD,met1-met2,STRIPE,via,185730,165680,187330,166160,1600,via_1600x480
VDD,met3-met4,STRIPE,via,158590,165680,160190,166160,1600,via3_1600x480
VDD,met2-met3,STRIPE,via,158590,165680,160190,166160,1600,via2_1600x480
VDD,met1-met2,STRIPE,via,158590,165680,160190,166160,1600,via_1600x480
VDD,met3-met4,STRIPE,via,77170,165680,78770,166160,1600,via3_1600x480
VDD,met2-met3,STRIPE,via,77170,165680,78770,166160,1600,via2_1600x480
VDD,met1-met2,STRIPE,via,77170,165680,78770,166160,1600,via_1600x480
VDD,met3-met4,STRIPE,via,240010,160240,241610,160720,1600,via3_1600x480
VDD,met2-met3,STRIPE,via,240010,160240,241610,160720,1600,via2_1600x480
VDD,met1-met2,STRIPE,via,240010,160240,241610,160720,1600,via_1600x480
VDD,met3-met4,STRIPE,via,212870,160240,214470,160720,1600,via3_1600x480
VDD,met2-met3,STRIPE,via,212870,160240,214470,160720,1600,via2_1600x480
VDD,met1-met2,STRIPE,via,212870,160240,214470,160720,1600,via_1600x480
VDD,met3-met4,STRIPE,via,185730,160240,187330,160720,1600,via3_1600x480
VDD,met2-met3,STRIPE,via,185730,160240,187330,160720,1600,via2_1600x480
VDD,met1-met2,STRIPE,via,185730,160240,187330,160720,1600,via_1600x480
VDD,met3-met4,STRIPE,via,158590,160240,160190,160720,1600,via3_1600x480
VDD,met2-met3,STRIPE,via,158590,160240,160190,160720,1600,via2_1600x480
VDD,met1-met2,STRIPE,via,158590,160240,160190,160720,1600,via_1600x480
VDD,met3-met4,STRIPE,via,131450,160240,133050,160720,1600,via3_1600x480
VDD,met2-met3,STRIPE,via,131450,160240,133050,160720,1600,via2_1600x480
VDD,met1-met2,STRIPE,via,131450,160240,133050,160720,1600,via_1600x480
VDD,met3-met4,STRIPE,via,50030,160240,51630,160720,1600,via3_1600x480
VDD,met2-met3,STRIPE,via,50030,160240,51630,160720,1600,via2_1600x480
VDD,met1-met2,STRIPE,via,50030,160240,51630,160720,1600,via_1600x480
VDD,met3-met4,STRIPE,via,240010,154800,241610,155280,1600,via3_1600x480
VDD,met2-met3,STRIPE,via,240010,154800,241610,155280,1600,via2_1600x480
VDD,met1-met2,STRIPE,via,240010,154800,241610,155280,1600,via_1600x480
VDD,met3-met4,STRIPE,via,185730,154800,187330,155280,1600,via3_1600x480
VDD,met2-met3,STRIPE,via,185730,154800,187330,155280,1600,via2_1600x480
VDD,met1-met2,STRIPE,via,185730,154800,187330,155280,1600,via_1600x480
VDD,met3-met4,STRIPE,via,131450,154800,133050,155280,1600,via3_1600x480
VDD,met2-met3,STRIPE,via,131450,154800,133050,155280,1600,via2_1600x480
VDD,met1-met2,STRIPE,via,131450,154800,133050,155280,1600,via_1600x480
VDD,met3-met4,STRIPE,via,104310,154800,105910,155280,1600,via3_1600x480
VDD,met2-met3,STRIPE,via,104310,154800,105910,155280,1600,via2_1600x480
VDD,met1-met2,STRIPE,via,104310,154800,105910,155280,1600,via_1600x480
VDD,met3-met4,STRIPE,via,22890,154800,24490,155280,1600,via3_1600x480
VDD,met2-met3,STRIPE,via,22890,154800,24490,155280,1600,via2_1600x480
VDD,met1-met2,STRIPE,via,22890,154800,24490,155280,1600,via_1600x480
VDD,met3-met4,STRIPE,via,267150,149360,268750,149840,1600,via3_1600x480
VDD,met2-met3,STRIPE,via,267150,149360,268750,149840,1600,via2_1600x480
VDD,met1-met2,STRIPE,via,267150,149360,268750,149840,1600,via_1600x480
VDD,met3-met4,STRIPE,via,240010,149360,241610,149840,1600,via3_1600x480
VDD,met2-met3,STRIPE,via,240010,149360,241610,149840,1600,via2_1600x480
VDD,met1-met2,STRIPE,via,240010,149360,241610,149840,1600,via_1600x480
VDD,met3-met4,STRIPE,via,212870,149360,214470,149840,1600,via3_1600x480
VDD,met2-met3,STRIPE,via,212870,149360,214470,149840,1600,via2_1600x480
VDD,met1-met2,STRIPE,via,212870,149360,214470,149840,1600,via_1600x480
VDD,met3-met4,STRIPE,via,185730,149360,187330,149840,1600,via3_1600x480
VDD,met2-met3,STRIPE,via,185730,149360,187330,149840,1600,via2_1600x480
VDD,met1-met2,STRIPE,via,185730,149360,187330,149840,1600,via_1600x480
VDD,met3-met4,STRIPE,via,158590,149360,160190,149840,1600,via3_1600x480
VDD,met2-met3,STRIPE,via,158590,149360,160190,149840,1600,via2_1600x480
VDD,met1-met2,STRIPE,via,158590,149360,160190,149840,1600,via_1600x480
VDD,met3-met4,STRIPE,via,104310,149360,105910,149840,1600,via3_1600x480
VDD,met2-met3,STRIPE,via,104310,149360,105910,149840,1600,via2_1600x480
VDD,met1-met2,STRIPE,via,104310,149360,105910,149840,1600,via_1600x480
VDD,met3-met4,STRIPE,via,77170,149360,78770,149840,1600,via3_1600x480
VDD,met2-met3,STRIPE,via,77170,149360,78770,149840,1600,via2_1600x480
VDD,met1-met2,STRIPE,via,77170,149360,78770,149840,1600,via_1600x480
VDD,met3-met4,STRIPE,via,50030,149360,51630,149840,1600,via3_1600x480
VDD,met2-met3,STRIPE,via,50030,149360,51630,149840,1600,via2_1600x480
VDD,met1-met2,STRIPE,via,50030,149360,51630,149840,1600,via_1600x480
VDD,met3-met4,STRIPE,via,267150,143920,268750,144400,1600,via3_1600x480
VDD,met2-met3,STRIPE,via,267150,143920,268750,144400,1600,via2_1600x480
VDD,met1-met2,STRIPE,via,267150,143920,268750,144400,1600,via_1600x480
VDD,met3-met4,STRIPE,via,240010,143920,241610,144400,1600,via3_1600x480
VDD,met2-met3,STRIPE,via,240010,143920,241610,144400,1600,via2_1600x480
VDD,met1-met2,STRIPE,via,240010,143920,241610,144400,1600,via_1600x480
VDD,met3-met4,STRIPE,via,185730,143920,187330,144400,1600,via3_1600x480
VDD,met2-met3,STRIPE,via,185730,143920,187330,144400,1600,via2_1600x480
VDD,met1-met2,STRIPE,via,185730,143920,187330,144400,1600,via_1600x480
VDD,met3-met4,STRIPE,via,158590,143920,160190,144400,1600,via3_1600x480
VDD,met2-met3,STRIPE,via,158590,143920,160190,144400,1600,via2_1600x480
VDD,met1-met2,STRIPE,via,158590,143920,160190,144400,1600,via_1600x480
VDD,met3-met4,STRIPE,via,50030,143920,51630,144400,1600,via3_1600x480
VDD,met2-met3,STRIPE,via,50030,143920,51630,144400,1600,via2_1600x480
VDD,met1-met2,STRIPE,via,50030,143920,51630,144400,1600,via_1600x480
VDD,met3-met4,STRIPE,via,267150,138480,268750,138960,1600,via3_1600x480
VDD,met2-met3,STRIPE,via,267150,138480,268750,138960,1600,via2_1600x480
VDD,met1-met2,STRIPE,via,267150,138480,268750,138960,1600,via_1600x480
VDD,met3-met4,STRIPE,via,185730,138480,187330,138960,1600,via3_1600x480
VDD,met2-met3,STRIPE,via,185730,138480,187330,138960,1600,via2_1600x480
VDD,met1-met2,STRIPE,via,185730,138480,187330,138960,1600,via_1600x480
VDD,met3-met4,STRIPE,via,158590,138480,160190,138960,1600,via3_1600x480
VDD,met2-met3,STRIPE,via,158590,138480,160190,138960,1600,via2_1600x480
VDD,met1-met2,STRIPE,via,158590,138480,160190,138960,1600,via_1600x480
VDD,met3-met4,STRIPE,via,50030,138480,51630,138960,1600,via3_1600x480
VDD,met2-met3,STRIPE,via,50030,138480,51630,138960,1600,via2_1600x480
VDD,met1-met2,STRIPE,via,50030,138480,51630,138960,1600,via_1600x480
VDD,met3-met4,STRIPE,via,22890,138480,24490,138960,1600,via3_1600x480
VDD,met2-met3,STRIPE,via,22890,138480,24490,138960,1600,via2_1600x480
VDD,met1-met2,STRIPE,via,22890,138480,24490,138960,1600,via_1600x480
VDD,met3-met4,STRIPE,via,212870,133040,214470,133520,1600,via3_1600x480
VDD,met2-met3,STRIPE,via,212870,133040,214470,133520,1600,via2_1600x480
VDD,met1-met2,STRIPE,via,212870,133040,214470,133520,1600,via_1600x480
VDD,met3-met4,STRIPE,via,185730,133040,187330,133520,1600,via3_1600x480
VDD,met2-met3,STRIPE,via,185730,133040,187330,133520,1600,via2_1600x480
VDD,met1-met2,STRIPE,via,185730,133040,187330,133520,1600,via_1600x480
VDD,met3-met4,STRIPE,via,158590,133040,160190,133520,1600,via3_1600x480
VDD,met2-met3,STRIPE,via,158590,133040,160190,133520,1600,via2_1600x480
VDD,met1-met2,STRIPE,via,158590,133040,160190,133520,1600,via_1600x480
VDD,met3-met4,STRIPE,via,131450,133040,133050,133520,1600,via3_1600x480
VDD,met2-met3,STRIPE,via,131450,133040,133050,133520,1600,via2_1600x480
VDD,met1-met2,STRIPE,via,131450,133040,133050,133520,1600,via_1600x480
VDD,met3-met4,STRIPE,via,104310,133040,105910,133520,1600,via3_1600x480
VDD,met2-met3,STRIPE,via,104310,133040,105910,133520,1600,via2_1600x480
VDD,met1-met2,STRIPE,via,104310,133040,105910,133520,1600,via_1600x480
VDD,met3-met4,STRIPE,via,77170,133040,78770,133520,1600,via3_1600x480
VDD,met2-met3,STRIPE,via,77170,133040,78770,133520,1600,via2_1600x480
VDD,met1-met2,STRIPE,via,77170,133040,78770,133520,1600,via_1600x480
VDD,met3-met4,STRIPE,via,22890,133040,24490,133520,1600,via3_1600x480
VDD,met2-met3,STRIPE,via,22890,133040,24490,133520,1600,via2_1600x480
VDD,met1-met2,STRIPE,via,22890,133040,24490,133520,1600,via_1600x480
VDD,met3-met4,STRIPE,via,212870,127600,214470,128080,1600,via3_1600x480
VDD,met2-met3,STRIPE,via,212870,127600,214470,128080,1600,via2_1600x480
VDD,met1-met2,STRIPE,via,212870,127600,214470,128080,1600,via_1600x480
VDD,met3-met4,STRIPE,via,158590,127600,160190,128080,1600,via3_1600x480
VDD,met2-met3,STRIPE,via,158590,127600,160190,128080,1600,via2_1600x480
VDD,met1-met2,STRIPE,via,158590,127600,160190,128080,1600,via_1600x480
VDD,met3-met4,STRIPE,via,77170,127600,78770,128080,1600,via3_1600x480
VDD,met2-met3,STRIPE,via,77170,127600,78770,128080,1600,via2_1600x480
VDD,met1-met2,STRIPE,via,77170,127600,78770,128080,1600,via_1600x480
VDD,met3-met4,STRIPE,via,267150,122160,268750,122640,1600,via3_1600x480
VDD,met2-met3,STRIPE,via,267150,122160,268750,122640,1600,via2_1600x480
VDD,met1-met2,STRIPE,via,267150,122160,268750,122640,1600,via_1600x480
VDD,met3-met4,STRIPE,via,131450,122160,133050,122640,1600,via3_1600x480
VDD,met2-met3,STRIPE,via,131450,122160,133050,122640,1600,via2_1600x480
VDD,met1-met2,STRIPE,via,131450,122160,133050,122640,1600,via_1600x480
VDD,met3-met4,STRIPE,via,77170,122160,78770,122640,1600,via3_1600x480
VDD,met2-met3,STRIPE,via,77170,122160,78770,122640,1600,via2_1600x480
VDD,met1-met2,STRIPE,via,77170,122160,78770,122640,1600,via_1600x480
VDD,met3-met4,STRIPE,via,50030,122160,51630,122640,1600,via3_1600x480
VDD,met2-met3,STRIPE,via,50030,122160,51630,122640,1600,via2_1600x480
VDD,met1-met2,STRIPE,via,50030,122160,51630,122640,1600,via_1600x480
VDD,met3-met4,STRIPE,via,267150,116720,268750,117200,1600,via3_1600x480
VDD,met2-met3,STRIPE,via,267150,116720,268750,117200,1600,via2_1600x480
VDD,met1-met2,STRIPE,via,267150,116720,268750,117200,1600,via_1600x480
VDD,met3-met4,STRIPE,via,212870,116720,214470,117200,1600,via3_1600x480
VDD,met2-met3,STRIPE,via,212870,116720,214470,117200,1600,via2_1600x480
VDD,met1-met2,STRIPE,via,212870,116720,214470,117200,1600,via_1600x480
VDD,met3-met4,STRIPE,via,185730,116720,187330,117200,1600,via3_1600x480
VDD,met2-met3,STRIPE,via,185730,116720,187330,117200,1600,via2_1600x480
VDD,met1-met2,STRIPE,via,185730,116720,187330,117200,1600,via_1600x480
VDD,met3-met4,STRIPE,via,50030,116720,51630,117200,1600,via3_1600x480
VDD,met2-met3,STRIPE,via,50030,116720,51630,117200,1600,via2_1600x480
VDD,met1-met2,STRIPE,via,50030,116720,51630,117200,1600,via_1600x480
VDD,met3-met4,STRIPE,via,267150,111280,268750,111760,1600,via3_1600x480
VDD,met2-met3,STRIPE,via,267150,111280,268750,111760,1600,via2_1600x480
VDD,met1-met2,STRIPE,via,267150,111280,268750,111760,1600,via_1600x480
VDD,met3-met4,STRIPE,via,240010,111280,241610,111760,1600,via3_1600x480
VDD,met2-met3,STRIPE,via,240010,111280,241610,111760,1600,via2_1600x480
VDD,met1-met2,STRIPE,via,240010,111280,241610,111760,1600,via_1600x480
VDD,met3-met4,STRIPE,via,158590,111280,160190,111760,1600,via3_1600x480
VDD,met2-met3,STRIPE,via,158590,111280,160190,111760,1600,via2_1600x480
VDD,met1-met2,STRIPE,via,158590,111280,160190,111760,1600,via_1600x480
VDD,met3-met4,STRIPE,via,131450,111280,133050,111760,1600,via3_1600x480
VDD,met2-met3,STRIPE,via,131450,111280,133050,111760,1600,via2_1600x480
VDD,met1-met2,STRIPE,via,131450,111280,133050,111760,1600,via_1600x480
VDD,met3-met4,STRIPE,via,77170,111280,78770,111760,1600,via3_1600x480
VDD,met2-met3,STRIPE,via,77170,111280,78770,111760,1600,via2_1600x480
VDD,met1-met2,STRIPE,via,77170,111280,78770,111760,1600,via_1600x480
VDD,met3-met4,STRIPE,via,22890,111280,24490,111760,1600,via3_1600x480
VDD,met2-met3,STRIPE,via,22890,111280,24490,111760,1600,via2_1600x480
VDD,met1-met2,STRIPE,via,22890,111280,24490,111760,1600,via_1600x480
VDD,met3-met4,STRIPE,via,240010,105840,241610,106320,1600,via3_1600x480
VDD,met2-met3,STRIPE,via,240010,105840,241610,106320,1600,via2_1600x480
VDD,met1-met2,STRIPE,via,240010,105840,241610,106320,1600,via_1600x480
VDD,met3-met4,STRIPE,via,212870,105840,214470,106320,1600,via3_1600x480
VDD,met2-met3,STRIPE,via,212870,105840,214470,106320,1600,via2_1600x480
VDD,met1-met2,STRIPE,via,212870,105840,214470,106320,1600,via_1600x480
VDD,met3-met4,STRIPE,via,131450,105840,133050,106320,1600,via3_1600x480
VDD,met2-met3,STRIPE,via,131450,105840,133050,106320,1600,via2_1600x480
VDD,met1-met2,STRIPE,via,131450,105840,133050,106320,1600,via_1600x480
VDD,met3-met4,STRIPE,via,50030,105840,51630,106320,1600,via3_1600x480
VDD,met2-met3,STRIPE,via,50030,105840,51630,106320,1600,via2_1600x480
VDD,met1-met2,STRIPE,via,50030,105840,51630,106320,1600,via_1600x480
VDD,met3-met4,STRIPE,via,22890,105840,24490,106320,1600,via3_1600x480
VDD,met2-met3,STRIPE,via,22890,105840,24490,106320,1600,via2_1600x480
VDD,met1-met2,STRIPE,via,22890,105840,24490,106320,1600,via_1600x480
VDD,met3-met4,STRIPE,via,240010,100400,241610,100880,1600,via3_1600x480
VDD,met2-met3,STRIPE,via,240010,100400,241610,100880,1600,via2_1600x480
VDD,met1-met2,STRIPE,via,240010,100400,241610,100880,1600,via_1600x480
VDD,met3-met4,STRIPE,via,104310,100400,105910,100880,1600,via3_1600x480
VDD,met2-met3,STRIPE,via,104310,100400,105910,100880,1600,via2_1600x480
VDD,met1-met2,STRIPE,via,104310,100400,105910,100880,1600,via_1600x480
VDD,met3-met4,STRIPE,via,50030,100400,51630,100880,1600,via3_1600x480
VDD,met2-met3,STRIPE,via,50030,100400,51630,100880,1600,via2_1600x480
VDD,met1-met2,STRIPE,via,50030,100400,51630,100880,1600,via_1600x480
VDD,met3-met4,STRIPE,via,22890,100400,24490,100880,1600,via3_1600x480
VDD,met2-met3,STRIPE,via,22890,100400,24490,100880,1600,via2_1600x480
VDD,met1-met2,STRIPE,via,22890,100400,24490,100880,1600,via_1600x480
VDD,met3-met4,STRIPE,via,267150,94960,268750,95440,1600,via3_1600x480
VDD,met2-met3,STRIPE,via,267150,94960,268750,95440,1600,via2_1600x480
VDD,met1-met2,STRIPE,via,267150,94960,268750,95440,1600,via_1600x480
VDD,met3-met4,STRIPE,via,240010,94960,241610,95440,1600,via3_1600x480
VDD,met2-met3,STRIPE,via,240010,94960,241610,95440,1600,via2_1600x480
VDD,met1-met2,STRIPE,via,240010,94960,241610,95440,1600,via_1600x480
VDD,met3-met4,STRIPE,via,158590,94960,160190,95440,1600,via3_1600x480
VDD,met2-met3,STRIPE,via,158590,94960,160190,95440,1600,via2_1600x480
VDD,met1-met2,STRIPE,via,158590,94960,160190,95440,1600,via_1600x480
VDD,met3-met4,STRIPE,via,77170,94960,78770,95440,1600,via3_1600x480
VDD,met2-met3,STRIPE,via,77170,94960,78770,95440,1600,via2_1600x480
VDD,met1-met2,STRIPE,via,77170,94960,78770,95440,1600,via_1600x480
VDD,met3-met4,STRIPE,via,22890,94960,24490,95440,1600,via3_1600x480
VDD,met2-met3,STRIPE,via,22890,94960,24490,95440,1600,via2_1600x480
VDD,met1-met2,STRIPE,via,22890,94960,24490,95440,1600,via_1600x480
VDD,met3-met4,STRIPE,via,267150,89520,268750,90000,1600,via3_1600x480
VDD,met2-met3,STRIPE,via,267150,89520,268750,90000,1600,via2_1600x480
VDD,met1-met2,STRIPE,via,267150,89520,268750,90000,1600,via_1600x480
VDD,met3-met4,STRIPE,via,158590,89520,160190,90000,1600,via3_1600x480
VDD,met2-met3,STRIPE,via,158590,89520,160190,90000,1600,via2_1600x480
VDD,met1-met2,STRIPE,via,158590,89520,160190,90000,1600,via_1600x480
VDD,met3-met4,STRIPE,via,77170,89520,78770,90000,1600,via3_1600x480
VDD,met2-met3,STRIPE,via,77170,89520,78770,90000,1600,via2_1600x480
VDD,met1-met2,STRIPE,via,77170,89520,78770,90000,1600,via_1600x480
VDD,met3-met4,STRIPE,via,22890,89520,24490,90000,1600,via3_1600x480
VDD,met2-met3,STRIPE,via,22890,89520,24490,90000,1600,via2_1600x480
VDD,met1-met2,STRIPE,via,22890,89520,24490,90000,1600,via_1600x480
VDD,met3-met4,STRIPE,via,267150,84080,268750,84560,1600,via3_1600x480
VDD,met2-met3,STRIPE,via,267150,84080,268750,84560,1600,via2_1600x480
VDD,met1-met2,STRIPE,via,267150,84080,268750,84560,1600,via_1600x480
VDD,met3-met4,STRIPE,via,240010,84080,241610,84560,1600,via3_1600x480
VDD,met2-met3,STRIPE,via,240010,84080,241610,84560,1600,via2_1600x480
VDD,met1-met2,STRIPE,via,240010,84080,241610,84560,1600,via_1600x480
VDD,met3-met4,STRIPE,via,131450,84080,133050,84560,1600,via3_1600x480
VDD,met2-met3,STRIPE,via,131450,84080,133050,84560,1600,via2_1600x480
VDD,met1-met2,STRIPE,via,131450,84080,133050,84560,1600,via_1600x480
VDD,met3-met4,STRIPE,via,104310,84080,105910,84560,1600,via3_1600x480
VDD,met2-met3,STRIPE,via,104310,84080,105910,84560,1600,via2_1600x480
VDD,met1-met2,STRIPE,via,104310,84080,105910,84560,1600,via_1600x480
VDD,met3-met4,STRIPE,via,77170,84080,78770,84560,1600,via3_1600x480
VDD,met2-met3,STRIPE,via,77170,84080,78770,84560,1600,via2_1600x480
VDD,met1-met2,STRIPE,via,77170,84080,78770,84560,1600,via_1600x480
VDD,met3-met4,STRIPE,via,267150,78640,268750,79120,1600,via3_1600x480
VDD,met2-met3,STRIPE,via,267150,78640,268750,79120,1600,via2_1600x480
VDD,met1-met2,STRIPE,via,267150,78640,268750,79120,1600,via_1600x480
VDD,met3-met4,STRIPE,via,240010,78640,241610,79120,1600,via3_1600x480
VDD,met2-met3,STRIPE,via,240010,78640,241610,79120,1600,via2_1600x480
VDD,met1-met2,STRIPE,via,240010,78640,241610,79120,1600,via_1600x480
VDD,met3-met4,STRIPE,via,212870,78640,214470,79120,1600,via3_1600x480
VDD,met2-met3,STRIPE,via,212870,78640,214470,79120,1600,via2_1600x480
VDD,met1-met2,STRIPE,via,212870,78640,214470,79120,1600,via_1600x480
VDD,met3-met4,STRIPE,via,158590,78640,160190,79120,1600,via3_1600x480
VDD,met2-met3,STRIPE,via,158590,78640,160190,79120,1600,via2_1600x480
VDD,met1-met2,STRIPE,via,158590,78640,160190,79120,1600,via_1600x480
VDD,met3-met4,STRIPE,via,131450,78640,133050,79120,1600,via3_1600x480
VDD,met2-met3,STRIPE,via,131450,78640,133050,79120,1600,via2_1600x480
VDD,met1-met2,STRIPE,via,131450,78640,133050,79120,1600,via_1600x480
VDD,met3-met4,STRIPE,via,104310,78640,105910,79120,1600,via3_1600x480
VDD,met2-met3,STRIPE,via,104310,78640,105910,79120,1600,via2_1600x480
VDD,met1-met2,STRIPE,via,104310,78640,105910,79120,1600,via_1600x480
VDD,met3-met4,STRIPE,via,50030,78640,51630,79120,1600,via3_1600x480
VDD,met2-met3,STRIPE,via,50030,78640,51630,79120,1600,via2_1600x480
VDD,met1-met2,STRIPE,via,50030,78640,51630,79120,1600,via_1600x480
VDD,met3-met4,STRIPE,via,22890,78640,24490,79120,1600,via3_1600x480
VDD,met2-met3,STRIPE,via,22890,78640,24490,79120,1600,via2_1600x480
VDD,met1-met2,STRIPE,via,22890,78640,24490,79120,1600,via_1600x480
VDD,met3-met4,STRIPE,via,267150,73200,268750,73680,1600,via3_1600x480
VDD,met2-met3,STRIPE,via,267150,73200,268750,73680,1600,via2_1600x480
VDD,met1-met2,STRIPE,via,267150,73200,268750,73680,1600,via_1600x480
VDD,met3-met4,STRIPE,via,240010,73200,241610,73680,1600,via3_1600x480
VDD,met2-met3,STRIPE,via,240010,73200,241610,73680,1600,via2_1600x480
VDD,met1-met2,STRIPE,via,240010,73200,241610,73680,1600,via_1600x480
VDD,met3-met4,STRIPE,via,185730,73200,187330,73680,1600,via3_1600x480
VDD,met2-met3,STRIPE,via,185730,73200,187330,73680,1600,via2_1600x480
VDD,met1-met2,STRIPE,via,185730,73200,187330,73680,1600,via_1600x480
VDD,met3-met4,STRIPE,via,158590,73200,160190,73680,1600,via3_1600x480
VDD,met2-met3,STRIPE,via,158590,73200,160190,73680,1600,via2_1600x480
VDD,met1-met2,STRIPE,via,158590,73200,160190,73680,1600,via_1600x480
VDD,met3-met4,STRIPE,via,104310,73200,105910,73680,1600,via3_1600x480
VDD,met2-met3,STRIPE,via,104310,73200,105910,73680,1600,via2_1600x480
VDD,met1-met2,STRIPE,via,104310,73200,105910,73680,1600,via_1600x480
VDD,met3-met4,STRIPE,via,50030,73200,51630,73680,1600,via3_1600x480
VDD,met2-met3,STRIPE,via,50030,73200,51630,73680,1600,via2_1600x480
VDD,met1-met2,STRIPE,via,50030,73200,51630,73680,1600,via_1600x480
VDD,met3-met4,STRIPE,via,22890,73200,24490,73680,1600,via3_1600x480
VDD,met2-met3,STRIPE,via,22890,73200,24490,73680,1600,via2_1600x480
VDD,met1-met2,STRIPE,via,22890,73200,24490,73680,1600,via_1600x480
VDD,met3-met4,STRIPE,via,267150,67760,268750,68240,1600,via3_1600x480
VDD,met2-met3,STRIPE,via,267150,67760,268750,68240,1600,via2_1600x480
VDD,met1-met2,STRIPE,via,267150,67760,268750,68240,1600,via_1600x480
VDD,met3-met4,STRIPE,via,240010,67760,241610,68240,1600,via3_1600x480
VDD,met2-met3,STRIPE,via,240010,67760,241610,68240,1600,via2_1600x480
VDD,met1-met2,STRIPE,via,240010,67760,241610,68240,1600,via_1600x480
VDD,met3-met4,STRIPE,via,104310,67760,105910,68240,1600,via3_1600x480
VDD,met2-met3,STRIPE,via,104310,67760,105910,68240,1600,via2_1600x480
VDD,met1-met2,STRIPE,via,104310,67760,105910,68240,1600,via_1600x480
VDD,met3-met4,STRIPE,via,77170,67760,78770,68240,1600,via3_1600x480
VDD,met2-met3,STRIPE,via,77170,67760,78770,68240,1600,via2_1600x480
VDD,met1-met2,STRIPE,via,77170,67760,78770,68240,1600,via_1600x480
VDD,met3-met4,STRIPE,via,22890,67760,24490,68240,1600,via3_1600x480
VDD,met2-met3,STRIPE,via,22890,67760,24490,68240,1600,via2_1600x480
VDD,met1-met2,STRIPE,via,22890,67760,24490,68240,1600,via_1600x480
VDD,met3-met4,STRIPE,via,240010,62320,241610,62800,1600,via3_1600x480
VDD,met2-met3,STRIPE,via,240010,62320,241610,62800,1600,via2_1600x480
VDD,met1-met2,STRIPE,via,240010,62320,241610,62800,1600,via_1600x480
VDD,met3-met4,STRIPE,via,212870,62320,214470,62800,1600,via3_1600x480
VDD,met2-met3,STRIPE,via,212870,62320,214470,62800,1600,via2_1600x480
VDD,met1-met2,STRIPE,via,212870,62320,214470,62800,1600,via_1600x480
VDD,met3-met4,STRIPE,via,185730,62320,187330,62800,1600,via3_1600x480
VDD,met2-met3,STRIPE,via,185730,62320,187330,62800,1600,via2_1600x480
VDD,met1-met2,STRIPE,via,185730,62320,187330,62800,1600,via_1600x480
VDD,met3-met4,STRIPE,via,158590,62320,160190,62800,1600,via3_1600x480
VDD,met2-met3,STRIPE,via,158590,62320,160190,62800,1600,via2_1600x480
VDD,met1-met2,STRIPE,via,158590,62320,160190,62800,1600,via_1600x480
VDD,met3-met4,STRIPE,via,104310,62320,105910,62800,1600,via3_1600x480
VDD,met2-met3,STRIPE,via,104310,62320,105910,62800,1600,via2_1600x480
VDD,met1-met2,STRIPE,via,104310,62320,105910,62800,1600,via_1600x480
VDD,met3-met4,STRIPE,via,240010,56880,241610,57360,1600,via3_1600x480
VDD,met2-met3,STRIPE,via,240010,56880,241610,57360,1600,via2_1600x480
VDD,met1-met2,STRIPE,via,240010,56880,241610,57360,1600,via_1600x480
VDD,met3-met4,STRIPE,via,185730,56880,187330,57360,1600,via3_1600x480
VDD,met2-met3,STRIPE,via,185730,56880,187330,57360,1600,via2_1600x480
VDD,met1-met2,STRIPE,via,185730,56880,187330,57360,1600,via_1600x480
VDD,met3-met4,STRIPE,via,77170,56880,78770,57360,1600,via3_1600x480
VDD,met2-met3,STRIPE,via,77170,56880,78770,57360,1600,via2_1600x480
VDD,met1-met2,STRIPE,via,77170,56880,78770,57360,1600,via_1600x480
VDD,met3-met4,STRIPE,via,50030,56880,51630,57360,1600,via3_1600x480
VDD,met2-met3,STRIPE,via,50030,56880,51630,57360,1600,via2_1600x480
VDD,met1-met2,STRIPE,via,50030,56880,51630,57360,1600,via_1600x480
VDD,met3-met4,STRIPE,via,158590,51440,160190,51920,1600,via3_1600x480
VDD,met2-met3,STRIPE,via,158590,51440,160190,51920,1600,via2_1600x480
VDD,met1-met2,STRIPE,via,158590,51440,160190,51920,1600,via_1600x480
VDD,met3-met4,STRIPE,via,104310,51440,105910,51920,1600,via3_1600x480
VDD,met2-met3,STRIPE,via,104310,51440,105910,51920,1600,via2_1600x480
VDD,met1-met2,STRIPE,via,104310,51440,105910,51920,1600,via_1600x480
VDD,met3-met4,STRIPE,via,50030,51440,51630,51920,1600,via3_1600x480
VDD,met2-met3,STRIPE,via,50030,51440,51630,51920,1600,via2_1600x480
VDD,met1-met2,STRIPE,via,50030,51440,51630,51920,1600,via_1600x480
VDD,met3-met4,STRIPE,via,22890,51440,24490,51920,1600,via3_1600x480
VDD,met2-met3,STRIPE,via,22890,51440,24490,51920,1600,via2_1600x480
VDD,met1-met2,STRIPE,via,22890,51440,24490,51920,1600,via_1600x480
VDD,met3-met4,STRIPE,via,267150,46000,268750,46480,1600,via3_1600x480
VDD,met2-met3,STRIPE,via,267150,46000,268750,46480,1600,via2_1600x480
VDD,met1-met2,STRIPE,via,267150,46000,268750,46480,1600,via_1600x480
VDD,met3-met4,STRIPE,via,240010,46000,241610,46480,1600,via3_1600x480
VDD,met2-met3,STRIPE,via,240010,46000,241610,46480,1600,via2_1600x480
VDD,met1-met2,STRIPE,via,240010,46000,241610,46480,1600,via_1600x480
VDD,met3-met4,STRIPE,via,131450,46000,133050,46480,1600,via3_1600x480
VDD,met2-met3,STRIPE,via,131450,46000,133050,46480,1600,via2_1600x480
VDD,met1-met2,STRIPE,via,131450,46000,133050,46480,1600,via_1600x480
VDD,met3-met4,STRIPE,via,77170,46000,78770,46480,1600,via3_1600x480
VDD,met2-met3,STRIPE,via,77170,46000,78770,46480,1600,via2_1600x480
VDD,met1-met2,STRIPE,via,77170,46000,78770,46480,1600,via_1600x480
VDD,met3-met4,STRIPE,via,267150,40560,268750,41040,1600,via3_1600x480
VDD,met2-met3,STRIPE,via,267150,40560,268750,41040,1600,via2_1600x480
VDD,met1-met2,STRIPE,via,267150,40560,268750,41040,1600,via_1600x480
VDD,met3-met4,STRIPE,via,240010,40560,241610,41040,1600,via3_1600x480
VDD,met2-met3,STRIPE,via,240010,40560,241610,41040,1600,via2_1600x480
VDD,met1-met2,STRIPE,via,240010,40560,241610,41040,1600,via_1600x480
VDD,met3-met4,STRIPE,via,212870,40560,214470,41040,1600,via3_1600x480
VDD,met2-met3,STRIPE,via,212870,40560,214470,41040,1600,via2_1600x480
VDD,met1-met2,STRIPE,via,212870,40560,214470,41040,1600,via_1600x480
VDD,met3-met4,STRIPE,via,185730,40560,187330,41040,1600,via3_1600x480
VDD,met2-met3,STRIPE,via,185730,40560,187330,41040,1600,via2_1600x480
VDD,met1-met2,STRIPE,via,185730,40560,187330,41040,1600,via_1600x480
VDD,met3-met4,STRIPE,via,158590,40560,160190,41040,1600,via3_1600x480
VDD,met2-met3,STRIPE,via,158590,40560,160190,41040,1600,via2_1600x480
VDD,met1-met2,STRIPE,via,158590,40560,160190,41040,1600,via_1600x480
VDD,met3-met4,STRIPE,via,240010,35120,241610,35600,1600,via3_1600x480
VDD,met2-met3,STRIPE,via,240010,35120,241610,35600,1600,via2_1600x480
VDD,met1-met2,STRIPE,via,240010,35120,241610,35600,1600,via_1600x480
VDD,met3-met4,STRIPE,via,212870,35120,214470,35600,1600,via3_1600x480
VDD,met2-met3,STRIPE,via,212870,35120,214470,35600,1600,via2_1600x480
VDD,met1-met2,STRIPE,via,212870,35120,214470,35600,1600,via_1600x480
VDD,met3-met4,STRIPE,via,185730,35120,187330,35600,1600,via3_1600x480
VDD,met2-met3,STRIPE,via,185730,35120,187330,35600,1600,via2_1600x480
VDD,met1-met2,STRIPE,via,185730,35120,187330,35600,1600,via_1600x480
VDD,met3-met4,STRIPE,via,50030,35120,51630,35600,1600,via3_1600x480
VDD,met2-met3,STRIPE,via,50030,35120,51630,35600,1600,via2_1600x480
VDD,met1-met2,STRIPE,via,50030,35120,51630,35600,1600,via_1600x480
VDD,met3-met4,STRIPE,via,22890,35120,24490,35600,1600,via3_1600x480
VDD,met2-met3,STRIPE,via,22890,35120,24490,35600,1600,via2_1600x480
VDD,met1-met2,STRIPE,via,22890,35120,24490,35600,1600,via_1600x480
VDD,met3-met4,STRIPE,via,158590,29680,160190,30160,1600,via3_1600x480
VDD,met2-met3,STRIPE,via,158590,29680,160190,30160,1600,via2_1600x480
VDD,met1-met2,STRIPE,via,158590,29680,160190,30160,1600,via_1600x480
VDD,met3-met4,STRIPE,via,131450,29680,133050,30160,1600,via3_1600x480
VDD,met2-met3,STRIPE,via,131450,29680,133050,30160,1600,via2_1600x480
VDD,met1-met2,STRIPE,via,131450,29680,133050,30160,1600,via_1600x480
VDD,met3-met4,STRIPE,via,77170,29680,78770,30160,1600,via3_1600x480
VDD,met2-met3,STRIPE,via,77170,29680,78770,30160,1600,via2_1600x480
VDD,met1-met2,STRIPE,via,77170,29680,78770,30160,1600,via_1600x480
VDD,met3-met4,STRIPE,via,50030,29680,51630,30160,1600,via3_1600x480
VDD,met2-met3,STRIPE,via,50030,29680,51630,30160,1600,via2_1600x480
VDD,met1-met2,STRIPE,via,50030,29680,51630,30160,1600,via_1600x480
VDD,met3-met4,STRIPE,via,240010,24240,241610,24720,1600,via3_1600x480
VDD,met2-met3,STRIPE,via,240010,24240,241610,24720,1600,via2_1600x480
VDD,met1-met2,STRIPE,via,240010,24240,241610,24720,1600,via_1600x480
VDD,met3-met4,STRIPE,via,212870,24240,214470,24720,1600,via3_1600x480
VDD,met2-met3,STRIPE,via,212870,24240,214470,24720,1600,via2_1600x480
VDD,met1-met2,STRIPE,via,212870,24240,214470,24720,1600,via_1600x480
VDD,met3-met4,STRIPE,via,131450,24240,133050,24720,1600,via3_1600x480
VDD,met2-met3,STRIPE,via,131450,24240,133050,24720,1600,via2_1600x480
VDD,met1-met2,STRIPE,via,131450,24240,133050,24720,1600,via_1600x480
VDD,met3-met4,STRIPE,via,50030,24240,51630,24720,1600,via3_1600x480
VDD,met2-met3,STRIPE,via,50030,24240,51630,24720,1600,via2_1600x480
VDD,met1-met2,STRIPE,via,50030,24240,51630,24720,1600,via_1600x480
VDD,met3-met4,STRIPE,via,22890,24240,24490,24720,1600,via3_1600x480
VDD,met2-met3,STRIPE,via,22890,24240,24490,24720,1600,via2_1600x480
VDD,met1-met2,STRIPE,via,22890,24240,24490,24720,1600,via_1600x480
VDD,met3-met4,STRIPE,via,267150,18800,268750,19280,1600,via3_1600x480
VDD,met2-met3,STRIPE,via,267150,18800,268750,19280,1600,via2_1600x480
VDD,met1-met2,STRIPE,via,267150,18800,268750,19280,1600,via_1600x480
VDD,met3-met4,STRIPE,via,185730,18800,187330,19280,1600,via3_1600x480
VDD,met2-met3,STRIPE,via,185730,18800,187330,19280,1600,via2_1600x480
VDD,met1-met2,STRIPE,via,185730,18800,187330,19280,1600,via_1600x480
VDD,met3-met4,STRIPE,via,131450,18800,133050,19280,1600,via3_1600x480
VDD,met2-met3,STRIPE,via,131450,18800,133050,19280,1600,via2_1600x480
VDD,met1-met2,STRIPE,via,131450,18800,133050,19280,1600,via_1600x480
VDD,met3-met4,STRIPE,via,77170,18800,78770,19280,1600,via3_1600x480
VDD,met2-met3,STRIPE,via,77170,18800,78770,19280,1600,via2_1600x480
VDD,met1-met2,STRIPE,via,77170,18800,78770,19280,1600,via_1600x480
VDD,met3-met4,STRIPE,via,50030,18800,51630,19280,1600,via3_1600x480
VDD,met2-met3,STRIPE,via,50030,18800,51630,19280,1600,via2_1600x480
VDD,met1-met2,STRIPE,via,50030,18800,51630,19280,1600,via_1600x480
VDD,met3-met4,STRIPE,via,267150,13360,268750,13840,1600,via3_1600x480
VDD,met2-met3,STRIPE,via,267150,13360,268750,13840,1600,via2_1600x480
VDD,met1-met2,STRIPE,via,267150,13360,268750,13840,1600,via_1600x480
VDD,met3-met4,STRIPE,via,240010,13360,241610,13840,1600,via3_1600x480
VDD,met2-met3,STRIPE,via,240010,13360,241610,13840,1600,via2_1600x480
VDD,met1-met2,STRIPE,via,240010,13360,241610,13840,1600,via_1600x480
VDD,met3-met4,STRIPE,via,158590,13360,160190,13840,1600,via3_1600x480
VDD,met2-met3,STRIPE,via,158590,13360,160190,13840,1600,via2_1600x480
VDD,met1-met2,STRIPE,via,158590,13360,160190,13840,1600,via_1600x480
VDD,met3-met4,STRIPE,via,131450,13360,133050,13840,1600,via3_1600x480
VDD,met2-met3,STRIPE,via,131450,13360,133050,13840,1600,via2_1600x480
VDD,met1-met2,STRIPE,via,131450,13360,133050,13840,1600,via_1600x480
VDD,met3-met4,STRIPE,via,50030,13360,51630,13840,1600,via3_1600x480
VDD,met2-met3,STRIPE,via,50030,13360,51630,13840,1600,via2_1600x480
VDD,met1-met2,STRIPE,via,50030,13360,51630,13840,1600,via_1600x480
VDD,met5,STRIPE,wire,10120,241040,269560,242640,1600,
VDD,met5,STRIPE,wire,10120,213840,269560,215440,1600,
VDD,met5,STRIPE,wire,10120,186640,269560,188240,1600,
VDD,met5,STRIPE,wire,10120,159440,269560,161040,1600,
VDD,met5,STRIPE,wire,10120,132240,269560,133840,1600,
VDD,met5,STRIPE,wire,10120,105040,269560,106640,1600,
VDD,met5,STRIPE,wire,10120,77840,269560,79440,1600,
VDD,met5,STRIPE,wire,10120,50640,269560,52240,1600,
VDD,met5,STRIPE,wire,10120,23440,269560,25040,1600,
VDD,met4,STRIPE,wire,267150,10640,268750,269520,1600,
VDD,met4,STRIPE,wire,240010,10640,241610,269520,1600,
VDD,met4,STRIPE,wire,212870,10640,214470,269520,1600,
VDD,met4,STRIPE,wire,185730,10640,187330,269520,1600,
VDD,met4,STRIPE,wire,158590,10640,160190,269520,1600,
VDD,met4,STRIPE,wire,131450,10640,133050,269520,1600,
VDD,met4,STRIPE,wire,104310,10640,105910,269520,1600,
VDD,met4,STRIPE,wire,77170,10640,78770,269520,1600,
VDD,met4,STRIPE,wire,50030,10640,51630,269520,1600,
VDD,met4,STRIPE,wire,22890,10640,24490,269520,1600,
VDD,met1,FOLLOWPIN,wire,10120,269040,269560,269520,480,
VDD,met1,FOLLOWPIN,wire,10120,263600,269560,264080,480,
VDD,met1,FOLLOWPIN,wire,10120,258160,269560,258640,480,
VDD,met1,FOLLOWPIN,wire,10120,252720,269560,253200,480,
VDD,met1,FOLLOWPIN,wire,10120,247280,269560,247760,480,
VDD,met1,FOLLOWPIN,wire,10120,241840,269560,242320,480,
VDD,met1,FOLLOWPIN,wire,10120,236400,269560,236880,480,
VDD,met1,FOLLOWPIN,wire,10120,230960,269560,231440,480,
VDD,met1,FOLLOWPIN,wire,10120,225520,269560,226000,480,
VDD,met1,FOLLOWPIN,wire,10120,220080,269560,220560,480,
VDD,met1,FOLLOWPIN,wire,10120,214640,269560,215120,480,
VDD,met1,FOLLOWPIN,wire,10120,209200,269560,209680,480,
VDD,met1,FOLLOWPIN,wire,10120,203760,269560,204240,480,
VDD,met1,FOLLOWPIN,wire,10120,198320,269560,198800,480,
VDD,met1,FOLLOWPIN,wire,10120,192880,269560,193360,480,
VDD,met1,FOLLOWPIN,wire,10120,187440,269560,187920,480,
VDD,met1,FOLLOWPIN,wire,10120,182000,269560,182480,480,
VDD,met1,FOLLOWPIN,wire,10120,176560,269560,177040,480,
VDD,met1,FOLLOWPIN,wire,10120,171120,269560,171600,480,
VDD,met1,FOLLOWPIN,wire,10120,165680,269560,166160,480,
VDD,met1,FOLLOWPIN,wire,10120,160240,269560,160720,480,
VDD,met1,FOLLOWPIN,wire,10120,154800,269560,155280,480,
VDD,met1,FOLLOWPIN,wire,10120,149360,269560,149840,480,
VDD,met1,FOLLOWPIN,wire,10120,143920,269560,144400,480,
VDD,met1,FOLLOWPIN,wire,10120,138480,269560,138960,480,
VDD,met1,FOLLOWPIN,wire,10120,133040,269560,133520,480,
VDD,met1,FOLLOWPIN,wire,10120,127600,269560,128080,480,
VDD,met1,FOLLOWPIN,wire,10120,122160,269560,122640,480,
VDD,met1,FOLLOWPIN,wire,10120,116720,269560,117200,480,
VDD,met1,FOLLOWPIN,wire,10120,111280,269560,111760,480,
VDD,met1,FOLLOWPIN,wire,10120,105840,269560,106320,480,
VDD,met1,FOLLOWPIN,wire,10120,100400,269560,100880,480,
VDD,met1,FOLLOWPIN,wire,10120,94960,269560,95440,480,
VDD,met1,FOLLOWPIN,wire,10120,89520,269560,90000,480,
VDD,met1,FOLLOWPIN,wire,10120,84080,269560,84560,480,
VDD,met1,FOLLOWPIN,wire,10120,78640,269560,79120,480,
VDD,met1,FOLLOWPIN,wire,10120,73200,269560,73680,480,
VDD,met1,FOLLOWPIN,wire,10120,67760,269560,68240,480,
VDD,met1,FOLLOWPIN,wire,10120,62320,269560,62800,480,
VDD,met1,FOLLOWPIN,wire,10120,56880,269560,57360,480,
VDD,met1,FOLLOWPIN,wire,10120,51440,269560,51920,480,
VDD,met1,FOLLOWPIN,wire,10120,46000,269560,46480,480,
VDD,met1,FOLLOWPIN,wire,10120,40560,269560,41040,480,
VDD,met1,FOLLOWPIN,wire,10120,35120,269560,35600,480,
VDD,met1,FOLLOWPIN,wire,10120,29680,269560,30160,480,
VDD,met1,FOLLOWPIN,wire,10120,24240,269560,24720,480,
VDD,met1,FOLLOWPIN,wire,10120,18800,269560,19280,480,
VDD,met1,FOLLOWPIN,wire,10120,13360,269560,13840,480,
