net,layer,shape,kind,x1,y1,x2,y2,width,via_name
VSS,met4-met5,STRIPE,via,252066,254640,253666,256240,1600,via4_1600x1600
VSS,met4-met5,STRIPE,via,230472,254640,232072,256240,1600,via4_1600x1600
VSS,met4-met5,STRIPE,via,196752,254640,198352,256240,1600,via4_1600x1600
VSS,met4-met5,STRIPE,via,169746,254640,171346,256240,1600,via4_1600x1600
VSS,met4-met5,STRIPE,via,146480,254640,148080,256240,1600,via4_1600x1600
VSS,met4-met5,STRIPE,via,113818,254640,115418,256240,1600,via4_1600x1600
VSS,met4-met5,STRIPE,via,87276,254640,88876,256240,1600,via4_1600x1600
VSS,met4-met5,STRIPE,via,66658,254640,68258,256240,1600,via4_1600x1600
VSS,met4-met5,STRIPE,via,39021,254640,40621,256240,1600,via4_1600x1600
VSS,met4-met5,STRIPE,via,252066,227440,253666,229040,1600,via4_1600x1600
VSS,met4-met5,STRIPE,via,230472,227440,232072,229040,1600,via4_1600x1600
VSS,met4-met5,STRIPE,via,196752,227440,198352,229040,1600,via4_1600x1600
VSS,met4-met5,STRIPE,via,169746,227440,171346,229040,1600,via4_1600x1600
VSS,met4-met5,STRIPE,via,146480,227440,148080,229040,1600,via4_1600x1600
VSS,met4-met5,STRIPE,via,113818,227440,115418,229040,1600,via4_1600x1600
VSS,met4-met5,STRIPE,via,87276,227440,88876,229040,1600,via4_1600x1600
VSS,met4-met5,STRIPE,via,66658,227440,68258,229040,1600,via4_1600x1600
VSS,met4-met5,STRIPE,via,39021,227440,40621,229040,1600,via4_1600x1600
VSS,met4-met5,STRIPE,via,252066,200240,253666,201840,1600,via4_1600x1600
VSS,met4-met5,STRIPE,via,230472,200240,232072,201840,1600,via4_1600x1600
VSS,met4-met5,STRIPE,via,196752,200240,198352,201840,1600,via4_1600x1600
VSS,met4-met5,STRIPE,via,169746,200240,171346,201840,1600,via4_1600x1600
VSS,met4-met5,STRIPE,via,146480,200240,148080,201840,1600,via4_1600x1600
VSS,met4-met5,STRIPE,via,113818,200240,115418,201840,1600,via4_1600x1600
VSS,met4-met5,STRIPE,via,87276,200240,88876,201840,1600,via4_1600x1600
VSS,met4-met5,STRIPE,via,66658,200240,68258,201840,1600,via4_1600x1600
VSS,met4-met5,STRIPE,via,39021,200240,40621,201840,1600,via4_1600x1600
VSS,met4-met5,STRIPE,via,252066,173040,253666,174640,1600,via4_1600x1600
VSS,met4-met5,STRIPE,via,230472,173040,232072,174640,1600,via4_1600x1600
VSS,met4-met5,STRIPE,via,196752,173040,198352,174640,1600,via4_1600x1600
VSS,met4-met5,STRIPE,via,169746,173040,171346,174640,1600,via4_1600x1600
VSS,met4-met5,STRIPE,via,146480,173040,148080,174640,1600,via4_1600x1600
VSS,met4-met5,STRIPE,via,113818,173040,115418,174640,1600,via4_1600x1600
VSS,met4-met5,STRIPE,via,87276,173040,88876,174640,1600,via4_1600x1600
VSS,met4-met5,STRIPE,via,66658,173040,68258,174640,1600,via4_1600x1600
VSS,met4-met5,STRIPE,via,39021,173040,40621,174640,1600,via4_1600x1600
VSS,met4-met5,STRIPE,via,252066,145840,253666,147440,1600,via4_1600x1600
VSS,met4-met5,STRIPE,via,230472,145840,232072,147440,1600,via4_1600x1600
VSS,met4-met5,STRIPE,via,196752,145840,198352,147440,1600,via4_1600x1600
VSS,met4-met5,STRIPE,via,169746,145840,171346,147440,1600,via4_1600x1600
VSS,met4-met5,STRIPE,via,146480,145840,148080,147440,1600,via4_1600x1600
VSS,met4-met5,STRIPE,via,113818,145840,115418,147440,1600,via4_1600x1600
VSS,met4-met5,STRIPE,via,87276,145840,88876,147440,1600,via4_1600x1600
VSS,met4-met5,STRIPE,via,66658,145840,68258,147440,1600,via4_1600x1600
VSS,met4-met5,STRIPE,via,39021,145840,40621,147440,1600,via4_1600x1600
VSS,met4-met5,STRIPE,via,252066,118640,253666,120240,1600,via4_1600x1600
VSS,met4-met5,STRIPE,via,230472,118640,232072,120240,1600,via4_1600x1600
VSS,met4-met5,STRIPE,via,196752,118640,198352,120240,1600,via4_1600x1600
VSS,met4-met5,STRIPE,via,169746,118640,171346,120240,1600,via4_1600x1600
VSS,met4-met5,STRIPE,via,146480,118640,148080,120240,1600,via4_1600x1600
VSS,met4-met5,STRIPE,via,113818,118640,115418,120240,1600,via4_1600x1600
VSS,met4-met5,STRIPE,via,87276,118640,88876,120240,1600,via4_1600x1600
VSS,met4-met5,STRIPE,via,66658,118640,68258,120240,1600,via4_1600x1600
VSS,met4-met5,STRIPE,via,39021,118640,40621,120240,1600,via4_1600x1600
VSS,met4-met5,STRIPE,via,252066,91440,253666,93040,1600,via4_1600x1600
VSS,met4-met5,STRIPE,via,230472,91440,232072,93040,1600,via4_1600x1600
VSS,met4-met5,STRIPE,via,196752,91440,198352,93040,1600,via4_1600x1600
VSS,met4-met5,STRIPE,via,169746,91440,171346,93040,1600,via4_1600x1600
VSS,met4-met5,STRIPE,via,146480,91440,148080,93040,1600,via4_1600x1600
VSS,met4-met5,STRIPE,via,113818,91440,115418,93040,1600,via4_1600x1600
VSS,met4-met5,STRIPE,via,87276,91440,88876,93040,1600,via4_1600x1600
VSS,met4-met5,STRIPE,via,66658,91440,68258,93040,1600,via4_1600x1600
VSS,met4-met5,STRIPE,via,39021,91440,40621,93040,1600,via4_1600x1600
VSS,met4-met5,STRIPE,via,252066,64240,253666,65840,1600,via4_1600x1600
VSS,met4-met5,STRIPE,via,230472,64240,232072,65840,1600,via4_1600x1600
VSS,met4-met5,STRIPE,via,196752,64240,198352,65840,1600,via4_1600x1600
VSS,met4-met5,STRIPE,via,169746,64240,171346,65840,1600,via4_1600x1600
VSS,met4-met5,STRIPE,via,146480,64240,148080,65840,1600,via4_1600x1600
VSS,met4-met5,STRIPE,via,113818,64240,115418,65840,1600,via4_1600x1600
VSS,met4-met5,STRIPE,via,87276,64240,88876,65840,1600,via4_1600x1600
VSS,met4-met5,STRIPE,via,66658,64240,68258,65840,1600,via4_1600x1600
VSS,met4-met5,STRIPE,via,39021,64240,40621,65840,1600,via4_1600x1600
VSS,met4-met5,STRIPE,via,252066,37040,253666,38640,1600,via4_1600x1600
VSS,met4-met5,STRIPE,via,230472,37040,232072,38640,1600,via4_1600x1600
VSS,met4-met5,STRIPE,via,196752,37040,198352,38640,1600,via4_1600x1600
VSS,met4-met5,STRIPE,via,169746,37040,171346,38640,1600,via4_1600x1600
VSS,met4-met5,STRIPE,via,146480,37040,148080,38640,1600,via4_1600x1600
VSS,met4-met5,STRIPE,via,113818,37040,115418,38640,1600,via4_1600x1600
VSS,met4-met5,STRIPE,via,87276,37040,88876,38640,1600,via4_1600x1600
VSS,met4-met5,STRIPE,via,66658,37040,68258,38640,1600,via4_1600x1600
VSS,met4-met5,STRIPE,via,39021,37040,40621,38640,1600,via4_1600x1600
VSS,met3-met4,STRIPE,via,252066,266320,253666,266800,1600,via3_1600x480
VSS,met2-met3,STRIPE,via,252066,266320,253666,266800,1600,via2_1600x480
VSS,met1-met2,STRIPE,via,252066,266320,253666,266800,1600,via_1600x480
VSS,met3-met4,STRIPE,via,230472,266320,232072,266800,1600,via3_1600x480
VSS,met2-met3,STRIPE,via,230472,266320,232072,266800,1600,via2_1600x480
VSS,met1-met2,STRIPE,via,230472,266320,232072,266800,1600,via_1600x480
VSS,met3-met4,STRIPE,via,196752,266320,198352,266800,1600,via3_1600x480
VSS,met2-met3,STRIPE,via,196752,266320,198352,266800,1600,via2_1600x480
VSS,met1-met2,STRIPE,via,196752,266320,198352,266800,1600,via_1600x480
VSS,met3-met4,STRIPE,via,169746,266320,171346,266800,1600,via3_1600x480
VSS,met2-met3,STRIPE,via,169746,266320,171346,266800,1600,via2_1600x480
VSS,met1-met2,STRIPE,via,169746,266320,171346,266800,1600,via_1600x480
VSS,met3-met4,STRIPE,via,146480,266320,148080,266800,1600,via3_1600x480
VSS,met2-met3,STRIPE,via,146480,266320,148080,266800,1600,via2_1600x480
VSS,met1-met2,STRIPE,via,146480,266320,148080,266800,1600,via_1600x480
VSS,met3-met4,STRIPE,via,113818,266320,115418,266800,1600,via3_1600x480
VSS,met2-met3,STRIPE,via,113818,266320,115418,266800,1600,via2_1600x480
VSS,met1-met2,STRIPE,via,113818,266320,115418,266800,1600,via_1600x480
VSS,met3-met4,STRIPE,via,87276,266320,88876,266800,1600,via3_1600x480
VSS,met2-met3,STRIPE,via,87276,266320,88876,266800,1600,via2_1600x480
VSS,met1-met2,STRIPE,via,87276,266320,88876,266800,1600,via_1600x480
VSS,met3-met4,STRIPE,via,66658,266320,68258,266800,1600,via3_1600x480
VSS,met2-met3,STRIPE,via,66658,266320,68258,266800,1600,via2_1600x480
VSS,met1-met2,STRIPE,via,66658,266320,68258,266800,1600,via_1600x480
VSS,met3-met4,STRIPE,via,39021,266320,40621,266800,1600,via3_1600x480
VSS,met2-met3,STRIPE,via,39021,266320,40621,266800,1600,via2_1600x480
VSS,met1-met2,STRIPE,via,39021,266320,40621,266800,1600,via_1600x480
VSS,met3-met4,STRIPE,via,252066,260880,253666,261360,1600,via3_1600x480
VSS,met2-met3,STRIPE,via,252066,260880,253666,261360,1600,via2_1600x480
VSS,met1-met2,STRIPE,via,252066,260880,253666,261360,1600,via_1600x480
VSS,met3-met4,STRIPE,via,230472,260880,232072,261360,1600,via3_1600x480
VSS,met2-met3,STRIPE,via,230472,260880,232072,261360,1600,via2_1600x480
VSS,met1-met2,STRIPE,via,230472,260880,232072,261360,1600,via_1600x480
VSS,met3-met4,STRIPE,via,196752,260880,198352,261360,1600,via3_1600x480
VSS,met2-met3,STRIPE,via,196752,260880,198352,261360,1600,via2_1600x480
VSS,met1-met2,STRIPE,via,196752,260880,198352,261360,1600,via_1600x480
VSS,met3-met4,STRIPE,via,169746,260880,171346,261360,1600,via3_1600x480
VSS,met2-met3,STRIPE,via,169746,260880,171346,261360,1600,via2_1600x480
VSS,met1-met2,STRIPE,via,169746,260880,171346,261360,1600,via_1600x480
VSS,met3-met4,STRIPE,via,146480,260880,148080,261360,1600,via3_1600x480
VSS,met2-met3,STRIPE,via,146480,260880,148080,261360,1600,via2_1600x480
VSS,met1-met2,STRIPE,via,146480,260880,148080,261360,1600,via_1600x480
VSS,met3-met4,STRIPE,via,113818,260880,115418,261360,1600,via3_1600x480
VSS,met2-met3,STRIPE,via,113818,260880,115418,261360,1600,via2_1600x480
VSS,met1-met2,STRIPE,via,113818,260880,115418,261360,1600,via_1600x480
VSS,met3-met4,STRIPE,via,87276,260880,88876,261360,1600,via3_1600x480
VSS,met2-met3,STRIPE,via,87276,260880,88876,261360,1600,via2_1600x480
VSS,met1-met2,STRIPE,via,87276,260880,88876,261360,1600,via_1600x480
VSS,met3-met4,STRIPE,via,66658,260880,68258,261360,1600,via3_1600x480
VSS,met2-met3,STRIPE,via,66658,260880,68258,261360,1600,via2_1600x480
VSS,met1-met2,STRIPE,via,66658,260880,68258,261360,1600,via_1600x480
VSS,met3-met4,STRIPE,via,39021,260880,40621,261360,1600,via3_1600x480
VSS,met2-met3,STRIPE,via,39021,260880,40621,261360,1600,via2_1600x480
VSS,met1-met2,STRIPE,via,39021,260880,40621,261360,1600,via_1600x480
VSS,met3-met4,STRIPE,via,252066,255440,253666,255920,1600,via3_1600x480
VSS,met2-met3,STRIPE,via,252066,255440,253666,255920,1600,via2_1600x480
VSS,met1-met2,STRIPE,via,252066,255440,253666,255920,1600,via_1600x480
VSS,met3-met4,STRIPE,via,230472,255440,232072,255920,1600,via3_1600x480
VSS,met2-met3,STRIPE,via,230472,255440,232072,255920,1600,via2_1600x480
VSS,met1-met2,STRIPE,via,230472,255440,232072,255920,1600,via_1600x480
VSS,met3-met4,STRIPE,via,196752,255440,198352,255920,1600,via3_1600x480
VSS,met2-met3,STRIPE,via,196752,255440,198352,255920,1600,via2_1600x480
VSS,met1-met2,STRIPE,via,196752,255440,198352,255920,1600,via_1600x480
VSS,met3-met4,STRIPE,via,169746,255440,171346,255920,1600,via3_1600x480
VSS,met2-met3,STRIPE,via,169746,255440,171346,255920,1600,via2_1600x480
VSS,met1-met2,STRIPE,via,169746,255440,171346,255920,1600,via_1600x480
VSS,met3-met4,STRIPE,via,146480,255440,148080,255920,1600,via3_1600x480
VSS,met2-met3,STRIPE,via,146480,255440,148080,255920,1600,via2_1600x480
VSS,met1-met2,STRIPE,via,146480,255440,148080,255920,1600,via_1600x480
VSS,met3-met4,STRIPE,via,113818,255440,115418,255920,1600,via3_1600x480
VSS,met2-met3,STRIPE,via,113818,255440,115418,255920,1600,via2_1600x480
VSS,met1-met2,STRIPE,via,113818,255440,115418,255920,1600,via_1600x480
VSS,met3-met4,STRIPE,via,87276,255440,88876,255920,1600,via3_1600x480
VSS,met2-met3,STRIPE,via,87276,255440,88876,255920,1600,via2_1600x480
VSS,met1-met2,STRIPE,via,87276,255440,88876,255920,1600,via_1600x480
VSS,met3-met4,STRIPE,via,66658,255440,68258,255920,1600,via3_1600x480
VSS,met2-met3,STRIPE,via,66658,255440,68258,255920,1600,via2_1600x480
VSS,met1-met2,STRIPE,via,66658,255440,68258,255920,1600,via_1600x480
VSS,met3-met4,STRIPE,via,39021,255440,40621,255920,1600,via3_1600x480
VSS,met2-met3,STRIPE,via,39021,255440,40621,255920,1600,via2_1600x480
VSS,met1-met2,STRIPE,via,39021,255440,40621,255920,1600,via_1600x480
VSS,met3-met4,STRIPE,via,252066,250000,253666,250480,1600,via3_1600x480
VSS,met2-met3,STRIPE,via,252066,250000,253666,250480,1600,via2_1600x480
VSS,met1-met2,STRIPE,via,252066,250000,253666,250480,1600,via_1600x480
VSS,met3-met4,STRIPE,via,230472,250000,232072,250480,1600,via3_1600x480
VSS,met2-met3,STRIPE,via,230472,250000,232072,250480,1600,via2_1600x480
VSS,met1-met2,STRIPE,via,230472,250000,232072,250480,1600,via_1600x480
VSS,met3-met4,STRIPE,via,196752,250000,198352,250480,1600,via3_1600x480
VSS,met2-met3,STRIPE,via,196752,250000,198352,250480,1600,via2_1600x480
VSS,met1-met2,STRIPE,via,196752,250000,198352,250480,1600,via_1600x480
VSS,met3-met4,STRIPE,via,169746,250000,171346,250480,1600,via3_1600x480
VSS,met2-met3,STRIPE,via,169746,250000,171346,250480,1600,via2_1600x480
VSS,met1-met2,STRIPE,via,169746,250000,171346,250480,1600,via_1600x480
VSS,met3-met4,STRIPE,via,146480,250000,148080,250480,1600,via3_1600x480
VSS,met2-met3,STRIPE,via,146480,250000,148080,250480,1600,via2_1600x480
VSS,met1-met2,STRIPE,via,146480,250000,148080,250480,1600,via_1600x480
VSS,met3-met4,STRIPE,via,113818,250000,115418,250480,1600,via3_1600x480
VSS,met2-met3,STRIPE,via,113818,250000,115418,250480,1600,via2_1600x480
VSS,met1-met2,STRIPE,via,113818,250000,115418,250480,1600,via_1600x480
VSS,met3-met4,STRIPE,via,87276,250000,88876,250480,1600,via3_1600x480
VSS,met2-met3,STRIPE,via,87276,250000,88876,250480,1600,via2_1600x480
VSS,met1-met2,STRIPE,via,87276,250000,88876,250480,1600,via_1600x480
VSS,met3-met4,STRIPE,via,66658,250000,68258,250480,1600,via3_1600x480
VSS,met2-met3,STRIPE,via,66658,250000,68258,250480,1600,via2_1600x480
VSS,met1-met2,STRIPE,via,66658,250000,68258,250480,1600,via_1600x480
VSS,met3-met4,STRIPE,via,39021,250000,40621,250480,1600,via3_1600x480
VSS,met2-met3,STRIPE,via,39021,250000,40621,250480,1600,via2_1600x480
VSS,met1-met2,STRIPE,via,39021,250000,40621,250480,1600,via_1600x480
VSS,met3-met4,STRIPE,via,252066,244560,253666,245040,1600,via3_1600x480
VSS,met2-met3,STRIPE,via,252066,244560,253666,245040,1600,via2_1600x480
VSS,met1-met2,STRIPE,via,252066,244560,253666,245040,1600,via_1600x480
VSS,met3-met4,STRIPE,via,230472,244560,232072,245040,1600,via3_1600x480
VSS,met2-met3,STRIPE,via,230472,244560,232072,245040,1600,via2_1600x480
VSS,met1-met2,STRIPE,via,230472,244560,232072,245040,1600,via_1600x480
VSS,met3-met4,STRIPE,via,196752,244560,198352,245040,1600,via3_1600x480
VSS,met2-met3,STRIPE,via,196752,244560,198352,245040,1600,via2_1600x480
VSS,met1-met2,STRIPE,via,196752,244560,198352,245040,1600,via_1600x480
VSS,met3-met4,STRIPE,via,169746,244560,171346,245040,1600,via3_1600x480
VSS,met2-met3,STRIPE,via,169746,244560,171346,245040,1600,via2_1600x480
VSS,met1-met2,STRIPE,via,169746,244560,171346,245040,1600,via_1600x480
VSS,met3-met4,STRIPE,via,146480,244560,148080,245040,1600,via3_1600x480
VSS,met2-met3,STRIPE,via,146480,244560,148080,245040,1600,via2_1600x480
VSS,met1-met2,STRIPE,via,146480,244560,148080,245040,1600,via_1600x480
VSS,met3-met4,STRIPE,via,113818,244560,115418,245040,1600,via3_1600x480
VSS,met2-met3,STRIPE,via,113818,244560,115418,245040,1600,via2_1600x480
VSS,met1-met2,STRIPE,via,113818,244560,115418,245040,1600,via_1600x480
VSS,met3-met4,STRIPE,via,87276,244560,88876,245040,1600,via3_1600x480
VSS,met2-met3,STRIPE,via,87276,244560,88876,245040,1600,via2_1600x480
VSS,met1-met2,STRIPE,via,87276,244560,88876,245040,1600,via_1600x480
VSS,met3-met4,STRIPE,via,66658,244560,68258,245040,1600,via3_1600x480
VSS,met2-met3,STRIPE,via,66658,244560,68258,245040,1600,via2_1600x480
VSS,met1-met2,STRIPE,via,66658,244560,68258,245040,1600,via_1600x480
VSS,met3-met4,STRIPE,via,39021,244560,40621,245040,1600,via3_1600x480
VSS,met2-met3,STRIPE,via,39021,244560,40621,245040,1600,via2_1600x480
VSS,met1-met2,STRIPE,via,39021,244560,40621,245040,1600,via_1600x480
VSS,met3-met4,STRIPE,via,252066,239120,253666,239600,1600,via3_1600x480
VSS,met2-met3,STRIPE,via,252066,239120,253666,239600,1600,via2_1600x480
VSS,met1-met2,STRIPE,via,252066,239120,253666,239600,1600,via_1600x480
VSS,met3-met4,STRIPE,via,230472,239120,232072,239600,1600,via3_1600x480
VSS,met2-met3,STRIPE,via,230472,239120,232072,239600,1600,via2_1600x480
VSS,met1-met2,STRIPE,via,230472,239120,232072,239600,1600,via_1600x480
VSS,met3-met4,STRIPE,via,196752,239120,198352,239600,1600,via3_1600x480
VSS,met2-met3,STRIPE,via,196752,239120,198352,239600,1600,via2_1600x480
VSS,met1-met2,STRIPE,via,196752,239120,198352,239600,1600,via_1600x480
VSS,met3-met4,STRIPE,via,169746,239120,171346,239600,1600,via3_1600x480
VSS,met2-met3,STRIPE,via,169746,239120,171346,239600,1600,via2_1600x480
VSS,met1-met2,STRIPE,via,169746,239120,171346,239600,1600,via_1600x480
VSS,met3-met4,STRIPE,via,146480,239120,148080,239600,1600,via3_1600x480
VSS,met2-met3,STRIPE,via,146480,239120,148080,239600,1600,via2_1600x480
VSS,met1-met2,STRIPE,via,146480,239120,148080,239600,1600,via_1600x480
VSS,met3-met4,STRIPE,via,113818,239120,115418,239600,1600,via3_1600x480
VSS,met2-met3,STRIPE,via,113818,239120,115418,239600,1600,via2_1600x480
VSS,met1-met2,STRIPE,via,113818,239120,115418,239600,1600,via_1600x480
VSS,met3-met4,STRIPE,via,87276,239120,88876,239600,1600,via3_1600x480
VSS,met2-met3,STRIPE,via,87276,239120,88876,239600,1600,via2_1600x480
VSS,met1-met2,STRIPE,via,87276,239120,88876,239600,1600,via_1600x480
VSS,met3-met4,STRIPE,via,66658,239120,68258,239600,1600,via3_1600x480
VSS,met2-met3,STRIPE,via,66658,239120,68258,239600,1600,via2_1600x480
VSS,met1-met2,STRIPE,via,66658,239120,68258,239600,1600,via_1600x480
VSS,met3-met4,STRIPE,via,39021,239120,40621,239600,1600,via3_1600x480
VSS,met2-met3,STRIPE,via,39021,239120,40621,239600,1600,via2_1600x480
VSS,met1-met2,STRIPE,via,39021,239120,40621,239600,1600,via_1600x480
VSS,met3-met4,STRIPE,via,252066,233680,253666,234160,1600,via3_1600x480
VSS,met2-met3,STRIPE,via,252066,233680,253666,234160,1600,via2_1600x480
VSS,met1-met2,STRIPE,via,252066,233680,253666,234160,1600,via_1600x480
VSS,met3-met4,STRIPE,via,230472,233680,232072,234160,1600,via3_1600x480
VSS,met2-met3,STRIPE,via,230472,233680,232072,234160,1600,via2_1600x480
VSS,met1-met2,STRIPE,via,230472,233680,232072,234160,1600,via_1600x480
VSS,met3-met4,STRIPE,via,196752,233680,198352,234160,1600,via3_1600x480
VSS,met2-met3,STRIPE,via,196752,233680,198352,234160,1600,via2_1600x480
VSS,met1-met2,STRIPE,via,196752,233680,198352,234160,1600,via_1600x480
VSS,met3-met4,STRIPE,via,169746,233680,171346,234160,1600,via3_1600x480
VSS,met2-met3,STRIPE,via,169746,233680,171346,234160,1600,via2_1600x480
VSS,met1-met2,STRIPE,via,169746,233680,171346,234160,1600,via_1600x480
VSS,met3-met4,STRIPE,via,146480,233680,148080,234160,1600,via3_1600x480
VSS,met2-met3,STRIPE,via,146480,233680,148080,234160,1600,via2_1600x480
VSS,met1-met2,STRIPE,via,146480,233680,148080,234160,1600,via_1600x480
VSS,met3-met4,STRIPE,via,113818,233680,115418,234160,1600,via3_1600x480
VSS,met2-met3,STRIPE,via,113818,233680,115418,234160,1600,via2_1600x480
VSS,met1-met2,STRIPE,via,113818,233680,115418,234160,1600,via_1600x480
VSS,met3-met4,STRIPE,via,87276,233680,88876,234160,1600,via3_1600x480
VSS,met2-met3,STRIPE,via,87276,233680,88876,234160,1600,via2_1600x480
VSS,met1-met2,STRIPE,via,87276,233680,88876,234160,1600,via_1600x480
VSS,met3-met4,STRIPE,via,66658,233680,68258,234160,1600,via3_1600x480
VSS,met2-met3,STRIPE,via,66658,233680,68258,234160,1600,via2_1600x480
VSS,met1-met2,STRIPE,via,66658,233680,68258,234160,1600,via_1600x480
VSS,met3-met4,STRIPE,via,39021,233680,40621,234160,1600,via3_1600x480
VSS,met2-met3,STRIPE,via,39021,233680,40621,234160,1600,via2_1600x480
VSS,met1-met2,STRIPE,via,39021,233680,40621,234160,1600,via_1600x480
VSS,met3-met4,STRIPE,via,252066,228240,253666,228720,1600,via3_1600x480
VSS,met2-met3,STRIPE,via,252066,228240,253666,228720,1600,via2_1600x480
VSS,met1-met2,STRIPE,via,252066,228240,253666,228720,1600,via_1600x480
VSS,met3-met4,STRIPE,via,230472,228240,232072,228720,1600,via3_1600x480
VSS,met2-met3,STRIPE,via,230472,228240,232072,228720,1600,via2_1600x480
VSS,met1-met2,STRIPE,via,230472,228240,232072,228720,1600,via_1600x480
VSS,met3-met4,STRIPE,via,196752,228240,198352,228720,1600,via3_1600x480
VSS,met2-met3,STRIPE,via,196752,228240,198352,228720,1600,via2_1600x480
VSS,met1-met2,STRIPE,via,196752,228240,198352,228720,1600,via_1600x480
VSS,met3-met4,STRIPE,via,169746,228240,171346,228720,1600,via3_1600x480
VSS,met2-met3,STRIPE,via,169746,228240,171346,228720,1600,via2_1600x480
VSS,met1-met2,STRIPE,via,169746,228240,171346,228720,1600,via_1600x480
VSS,met3-met4,STRIPE,via,146480,228240,148080,228720,1600,via3_1600x480
VSS,met2-met3,STRIPE,via,146480,228240,148080,228720,1600,via2_1600x480
VSS,met1-met2,STRIPE,via,146480,228240,148080,228720,1600,via_1600x480
VSS,met3-met4,STRIPE,via,113818,228240,115418,228720,1600,via3_1600x480
VSS,met2-met3,STRIPE,via,113818,228240,115418,228720,1600,via2_1600x480
VSS,met1-met2,STRIPE,via,113818,228240,115418,228720,1600,via_1600x480
VSS,met3-met4,STRIPE,via,87276,228240,88876,228720,1600,via3_1600x480
VSS,met2-met3,STRIPE,via,87276,228240,88876,228720,1600,via2_1600x480
VSS,met1-met2,STRIPE,via,87276,228240,88876,228720,1600,via_1600x480
VSS,met3-met4,STRIPE,via,66658,228240,68258,228720,1600,via3_1600x480
VSS,met2-met3,STRIPE,via,66658,228240,68258,228720,1600,via2_1600x480
VSS,met1-met2,STRIPE,via,66658,228240,68258,228720,1600,via_1600x480
VSS,met3-met4,STRIPE,via,39021,228240,40621,228720,1600,via3_1600x480
VSS,met2-met3,STRIPE,via,39021,228240,40621,228720,1600,via2_1600x480
VSS,met1-met2,STRIPE,via,39021,228240,40621,228720,1600,via_1600x480
VSS,met3-met4,STRIPE,via,252066,222800,253666,223280,1600,via3_1600x480
VSS,met2-met3,STRIPE,via,252066,222800,253666,223280,1600,via2_1600x480
VSS,met1-met2,STRIPE,via,252066,222800,253666,223280,1600,via_1600x480
VSS,met3-met4,STRIPE,via,230472,222800,232072,223280,1600,via3_1600x480
VSS,met2-met3,STRIPE,via,230472,222800,232072,223280,1600,via2_1600x480
VSS,met1-met2,STRIPE,via,230472,222800,232072,223280,1600,via_1600x480
VSS,met3-met4,STRIPE,via,196752,222800,198352,223280,1600,via3_1600x480
VSS,met2-met3,STRIPE,via,196752,222800,198352,223280,1600,via2_1600x480
VSS,met1-met2,STRIPE,via,196752,222800,198352,223280,1600,via_1600x480
VSS,met3-met4,STRIPE,via,169746,222800,171346,223280,1600,via3_1600x480
VSS,met2-met3,STRIPE,via,169746,222800,171346,223280,1600,via2_1600x480
VSS,met1-met2,STRIPE,via,169746,222800,171346,223280,1600,via_1600x480
VSS,met3-met4,STRIPE,via,146480,222800,148080,223280,1600,via3_1600x480
VSS,met2-met3,STRIPE,via,146480,222800,148080,223280,1600,via2_1600x480
VSS,met1-met2,STRIPE,via,146480,222800,148080,223280,1600,via_1600x480
VSS,met3-met4,STRIPE,via,113818,222800,115418,223280,1600,via3_1600x480
VSS,met2-met3,STRIPE,via,113818,222800,115418,223280,1600,via2_1600x480
VSS,met1-met2,STRIPE,via,113818,222800,115418,223280,1600,via_1600x480
VSS,met3-met4,STRIPE,via,87276,222800,88876,223280,1600,via3_1600x480
VSS,met2-met3,STRIPE,via,87276,222800,88876,223280,1600,via2_1600x480
VSS,met1-met2,STRIPE,via,87276,222800,88876,223280,1600,via_1600x480
VSS,met3-met4,STRIPE,via,66658,222800,68258,223280,1600,via3_1600x480
VSS,met2-met3,STRIPE,via,66658,222800,68258,223280,1600,via2_1600x480
VSS,met1-met2,STRIPE,via,66658,222800,68258,223280,1600,via_1600x480
VSS,met3-met4,STRIPE,via,39021,222800,40621,223280,1600,via3_1600x480
VSS,met2-met3,STRIPE,via,39021,222800,40621,223280,1600,via2_1600x480
VSS,met1-met2,STRIPE,via,39021,222800,40621,223280,1600,via_1600x480
VSS,met3-met4,STRIPE,via,252066,217360,253666,217840,1600,via3_1600x480
VSS,met2-met3,STRIPE,via,252066,217360,253666,217840,1600,via2_1600x480
VSS,met1-met2,STRIPE,via,252066,217360,253666,217840,1600,via_1600x480
VSS,met3-met4,STRIPE,via,230472,217360,232072,217840,1600,via3_1600x480
VSS,met2-met3,STRIPE,via,230472,217360,232072,217840,1600,via2_1600x480
VSS,met1-met2,STRIPE,via,230472,217360,232072,217840,1600,via_1600x480
VSS,met3-met4,STRIPE,via,196752,217360,198352,217840,1600,via3_1600x480
VSS,met2-met3,STRIPE,via,196752,217360,198352,217840,1600,via2_1600x480
VSS,met1-met2,STRIPE,via,196752,217360,198352,217840,1600,via_1600x480
VSS,met3-met4,STRIPE,via,169746,217360,171346,217840,1600,via3_1600x480
VSS,met2-met3,STRIPE,via,169746,217360,171346,217840,1600,via2_1600x480
VSS,met1-met2,STRIPE,via,169746,217360,171346,217840,1600,via_1600x480
VSS,met3-met4,STRIPE,via,146480,217360,148080,217840,1600,via3_1600x480
VSS,met2-met3,STRIPE,via,146480,217360,148080,217840,1600,via2_1600x480
VSS,met1-met2,STRIPE,via,146480,217360,148080,217840,1600,via_1600x480
VSS,met3-met4,STRIPE,via,113818,217360,115418,217840,1600,via3_1600x480
VSS,met2-met3,STRIPE,via,113818,217360,115418,217840,1600,via2_1600x480
VSS,met1-met2,STRIPE,via,113818,217360,115418,217840,1600,via_1600x480
VSS,met3-met4,STRIPE,via,87276,217360,88876,217840,1600,via3_1600x480
VSS,met2-met3,STRIPE,via,87276,217360,88876,217840,1600,via2_1600x480
VSS,met1-met2,STRIPE,via,87276,217360,88876,217840,1600,via_1600x480
VSS,met3-met4,STRIPE,via,66658,217360,68258,217840,1600,via3_1600x480
VSS,met2-met3,STRIPE,via,66658,217360,68258,217840,1600,via2_1600x480
VSS,met1-met2,STRIPE,via,66658,217360,68258,217840,1600,via_1600x480
VSS,met3-met4,STRIPE,via,39021,217360,40621,217840,1600,via3_1600x480
VSS,met2-met3,STRIPE,via,39021,217360,40621,217840,1600,via2_1600x480
VSS,met1-met2,STRIPE,via,39021,217360,40621,217840,1600,via_1600x480
VSS,met3-met4,STRIPE,via,252066,211920,253666,212400,1600,via3_1600x480
VSS,met2-met3,STRIPE,via,252066,211920,253666,212400,1600,via2_1600x480
VSS,met1-met2,STRIPE,via,252066,211920,253666,212400,1600,via_1600x480
VSS,met3-met4,STRIPE,via,230472,211920,232072,212400,1600,via3_1600x480
VSS,met2-met3,STRIPE,via,230472,211920,232072,212400,1600,via2_1600x480
VSS,met1-met2,STRIPE,via,230472,211920,232072,212400,1600,via_1600x480
VSS,met3-met4,STRIPE,via,196752,211920,198352,212400,1600,via3_1600x480
VSS,met2-met3,STRIPE,via,196752,211920,198352,212400,1600,via2_1600x480
VSS,met1-met2,STRIPE,via,196752,211920,198352,212400,1600,via_1600x480
VSS,met3-met4,STRIPE,via,169746,211920,171346,212400,1600,via3_1600x480
VSS,met2-met3,STRIPE,via,169746,211920,171346,212400,1600,via2_1600x480
VSS,met1-met2,STRIPE,via,169746,211920,171346,212400,1600,via_1600x480
VSS,met3-met4,STRIPE,via,146480,211920,148080,212400,1600,via3_1600x480
VSS,met2-met3,STRIPE,via,146480,211920,148080,212400,1600,via2_1600x480
VSS,met1-met2,STRIPE,via,146480,211920,148080,212400,1600,via_1600x480
VSS,met3-met4,STRIPE,via,113818,211920,115418,212400,1600,via3_1600x480
VSS,met2-met3,STRIPE,via,113818,211920,115418,212400,1600,via2_1600x480
VSS,met1-met2,STRIPE,via,113818,211920,115418,212400,1600,via_1600x480
VSS,met3-met4,STRIPE,via,87276,211920,88876,212400,1600,via3_1600x480
VSS,met2-met3,STRIPE,via,87276,211920,88876,212400,1600,via2_1600x480
VSS,met1-met2,STRIPE,via,87276,211920,88876,212400,1600,via_1600x480
VSS,met3-met4,STRIPE,via,66658,211920,68258,212400,1600,via3_1600x480
VSS,met2-met3,STRIPE,via,66658,211920,68258,212400,1600,via2_1600x480
VSS,met1-met2,STRIPE,via,66658,211920,68258,212400,1600,via_1600x480
VSS,met3-met4,STRIPE,via,39021,211920,40621,212400,1600,via3_1600x480
VSS,met2-met3,STRIPE,via,39021,211920,40621,212400,1600,via2_1600x480
VSS,met1-met2,STRIPE,via,39021,211920,40621,212400,1600,via_1600x480
VSS,met3-met4,STRIPE,via,252066,206480,253666,206960,1600,via3_1600x480
VSS,met2-met3,STRIPE,via,252066,206480,253666,206960,1600,via2_1600x480
VSS,met1-met2,STRIPE,via,252066,206480,253666,206960,1600,via_1600x480
VSS,met3-met4,STRIPE,via,230472,206480,232072,206960,1600,via3_1600x480
VSS,met2-met3,STRIPE,via,230472,206480,232072,206960,1600,via2_1600x480
VSS,met1-met2,STRIPE,via,230472,206480,232072,206960,1600,via_1600x480
VSS,met3-met4,STRIPE,via,196752,206480,198352,206960,1600,via3_1600x480
VSS,met2-met3,STRIPE,via,196752,206480,198352,206960,1600,via2_1600x480
VSS,met1-met2,STRIPE,via,196752,206480,198352,206960,1600,via_1600x480
VSS,met3-met4,STRIPE,via,169746,206480,171346,206960,1600,via3_1600x480
VSS,met2-met3,STRIPE,via,169746,206480,171346,206960,1600,via2_1600x480
VSS,met1-met2,STRIPE,via,169746,206480,171346,206960,1600,via_1600x480
VSS,met3-met4,STRIPE,via,146480,206480,148080,206960,1600,via3_1600x480
VSS,met2-met3,STRIPE,via,146480,206480,148080,206960,1600,via2_1600x480
VSS,met1-met2,STRIPE,via,146480,206480,148080,206960,1600,via_1600x480
VSS,met3-met4,STRIPE,via,113818,206480,115418,206960,1600,via3_1600x480
VSS,met2-met3,STRIPE,via,113818,206480,115418,206960,1600,via2_1600x480
VSS,met1-met2,STRIPE,via,113818,206480,115418,206960,1600,via_1600x480
VSS,met3-met4,STRIPE,via,87276,206480,88876,206960,1600,via3_1600x480
VSS,met2-met3,STRIPE,via,87276,206480,88876,206960,1600,via2_1600x480
VSS,met1-met2,STRIPE,via,87276,206480,88876,206960,1600,via_1600x480
VSS,met3-met4,STRIPE,via,66658,206480,68258,206960,1600,via3_1600x480
VSS,met2-met3,STRIPE,via,66658,206480,68258,206960,1600,via2_1600x480
VSS,met1-met2,STRIPE,via,66658,206480,68258,206960,1600,via_1600x480
VSS,met3-met4,STRIPE,via,39021,206480,40621,206960,1600,via3_1600x480
VSS,met2-met3,STRIPE,via,39021,206480,40621,206960,1600,via2_1600x480
VSS,met1-met2,STRIPE,via,39021,206480,40621,206960,1600,via_1600x480
VSS,met3-met4,STRIPE,via,252066,201040,253666,201520,1600,via3_1600x480
VSS,met2-met3,STRIPE,via,252066,201040,253666,201520,1600,via2_1600x480
VSS,met1-met2,STRIPE,via,252066,201040,253666,201520,1600,via_1600x480
VSS,met3-met4,STRIPE,via,230472,201040,232072,201520,1600,via3_1600x480
VSS,met2-met3,STRIPE,via,230472,201040,232072,201520,1600,via2_1600x480
VSS,met1-met2,STRIPE,via,230472,201040,232072,201520,1600,via_1600x480
VSS,met3-met4,STRIPE,via,196752,201040,198352,201520,1600,via3_1600x480
VSS,met2-met3,STRIPE,via,196752,201040,198352,201520,1600,via2_1600x480
VSS,met1-met2,STRIPE,via,196752,201040,198352,201520,1600,via_1600x480
VSS,met3-met4,STRIPE,via,169746,201040,171346,201520,1600,via3_1600x480
VSS,met2-met3,STRIPE,via,169746,201040,171346,201520,1600,via2_1600x480
VSS,met1-met2,STRIPE,via,169746,201040,171346,201520,1600,via_1600x480
VSS,met3-met4,STRIPE,via,146480,201040,148080,201520,1600,via3_1600x480
VSS,met2-met3,STRIPE,via,146480,201040,148080,201520,1600,via2_1600x480
VSS,met1-met2,STRIPE,via,146480,201040,148080,201520,1600,via_1600x480
VSS,met3-met4,STRIPE,via,113818,201040,115418,201520,1600,via3_1600x480
VSS,met2-met3,STRIPE,via,113818,201040,115418,201520,1600,via2_1600x480
VSS,met1-met2,STRIPE,via,113818,201040,115418,201520,1600,via_1600x480
VSS,met3-met4,STRIPE,via,87276,201040,88876,201520,1600,via3_1600x480
VSS,met2-met3,STRIPE,via,87276,201040,88876,201520,1600,via2_1600x480
VSS,met1-met2,STRIPE,via,87276,201040,88876,201520,1600,via_1600x480
VSS,met3-met4,STRIPE,via,66658,201040,68258,201520,1600,via3_1600x480
VSS,met2-met3,STRIPE,via,66658,201040,68258,201520,1600,via2_1600x480
VSS,met1-met2,STRIPE,via,66658,201040,68258,201520,1600,via_1600x480
VSS,met3-met4,STRIPE,via,39021,201040,40621,201520,1600,via3_1600x480
VSS,met2-met3,STRIPE,via,39021,201040,40621,201520,1600,via2_1600x480
VSS,met1-met2,STRIPE,via,39021,201040,40621,201520,1600,via_1600x480
VSS,met3-met4,STRIPE,via,252066,195600,253666,196080,1600,via3_1600x480
VSS,met2-met3,STRIPE,via,252066,195600,253666,196080,1600,via2_1600x480
VSS,met1-met2,STRIPE,via,252066,195600,253666,196080,1600,via_1600x480
VSS,met3-met4,STRIPE,via,230472,195600,232072,196080,1600,via3_1600x480
VSS,met2-met3,STRIPE,via,230472,195600,232072,196080,1600,via2_1600x480
VSS,met1-met2,STRIPE,via,230472,195600,232072,196080,1600,via_1600x480
VSS,met3-met4,STRIPE,via,196752,195600,198352,196080,1600,via3_1600x480
VSS,met2-met3,STRIPE,via,196752,195600,198352,196080,1600,via2_1600x480
VSS,met1-met2,STRIPE,via,196752,195600,198352,196080,1600,via_1600x480
VSS,met3-met4,STRIPE,via,169746,195600,171346,196080,1600,via3_1600x480
VSS,met2-met3,STRIPE,via,169746,195600,171346,196080,1600,via2_1600x480
VSS,met1-met2,STRIPE,via,169746,195600,171346,196080,1600,via_1600x480
VSS,met3-met4,STRIPE,via,146480,195600,148080,196080,1600,via3_1600x480
VSS,met2-met3,STRIPE,via,146480,195600,148080,196080,1600,via2_1600x480
VSS,met1-met2,STRIPE,via,146480,195600,148080,196080,1600,via_1600x480
VSS,met3-met4,STRIPE,via,113818,195600,115418,196080,1600,via3_1600x480
VSS,met2-met3,STRIPE,via,113818,195600,115418,196080,1600,via2_1600x480
VSS,met1-met2,STRIPE,via,113818,195600,115418,196080,1600,via_1600x480
VSS,met3-met4,STRIPE,via,87276,195600,88876,196080,1600,via3_1600x480
VSS,met2-met3,STRIPE,via,87276,195600,88876,196080,1600,via2_1600x480
VSS,met1-met2,STRIPE,via,87276,195600,88876,196080,1600,via_1600x480
VSS,met3-met4,STRIPE,via,66658,195600,68258,196080,1600,via3_1600x480
VSS,met2-met3,STRIPE,via,66658,195600,68258,196080,1600,via2_1600x480
VSS,met1-met2,STRIPE,via,66658,195600,68258,196080,1600,via_1600x480
VSS,met3-met4,STRIPE,via,39021,195600,40621,196080,1600,via3_1600x480
VSS,met2-met3,STRIPE,via,39021,195600,40621,196080,1600,via2_1600x480
VSS,met1-met2,STRIPE,via,39021,195600,40621,196080,1600,via_1600x480
VSS,met3-met4,STRIPE,via,252066,190160,253666,190640,1600,via3_1600x480
VSS,met2-met3,STRIPE,via,252066,190160,253666,190640,1600,via2_1600x480
VSS,met1-met2,STRIPE,via,252066,190160,253666,190640,1600,via_1600x480
VSS,met3-met4,STRIPE,via,230472,190160,232072,190640,1600,via3_1600x480
VSS,met2-met3,STRIPE,via,230472,190160,232072,190640,1600,via2_1600x480
VSS,met1-met2,STRIPE,via,230472,190160,232072,190640,1600,via_1600x480
VSS,met3-met4,STRIPE,via,196752,190160,198352,190640,1600,via3_1600x480
VSS,met2-met3,STRIPE,via,196752,190160,198352,190640,1600,via2_1600x480
VSS,met1-met2,STRIPE,via,196752,190160,198352,190640,1600,via_1600x480
VSS,met3-met4,STRIPE,via,169746,190160,171346,190640,1600,via3_1600x480
VSS,met2-met3,STRIPE,via,169746,190160,171346,190640,1600,via2_1600x480
VSS,met1-met2,STRIPE,via,169746,190160,171346,190640,1600,via_1600x480
VSS,met3-met4,STRIPE,via,146480,190160,148080,190640,1600,via3_1600x480
VSS,met2-met3,STRIPE,via,146480,190160,148080,190640,1600,via2_1600x480
VSS,met1-met2,STRIPE,via,146480,190160,148080,190640,1600,via_1600x480
VSS,met3-met4,STRIPE,via,113818,190160,115418,190640,1600,via3_1600x480
VSS,met2-met3,STRIPE,via,113818,190160,115418,190640,1600,via2_1600x480
VSS,met1-met2,STRIPE,via,113818,190160,115418,190640,1600,via_1600x480
VSS,met3-met4,STRIPE,via,87276,190160,88876,190640,1600,via3_1600x480
VSS,met2-met3,STRIPE,via,87276,190160,88876,190640,1600,via2_1600x480
VSS,met1-met2,STRIPE,via,87276,190160,88876,190640,1600,via_1600x480
VSS,met3-met4,STRIPE,via,66658,190160,68258,190640,1600,via3_1600x480
VSS,met2-met3,STRIPE,via,66658,190160,68258,190640,1600,via2_1600x480
VSS,met1-met2,STRIPE,via,66658,190160,68258,190640,1600,via_1600x480
VSS,met3-met4,STRIPE,via,39021,190160,40621,190640,1600,via3_1600x480
VSS,met2-met3,STRIPE,via,39021,190160,40621,190640,1600,via2_1600x480
VSS,met1-met2,STRIPE,via,39021,190160,40621,190640,1600,via_1600x480
VSS,met3-met4,STRIPE,via,252066,184720,253666,185200,1600,via3_1600x480
VSS,met2-met3,STRIPE,via,252066,184720,253666,185200,1600,via2_1600x480
VSS,met1-met2,STRIPE,via,252066,184720,253666,185200,1600,via_1600x480
VSS,met3-met4,STRIPE,via,230472,184720,232072,185200,1600,via3_1600x480
VSS,met2-met3,STRIPE,via,230472,184720,232072,185200,1600,via2_1600x480
VSS,met1-met2,STRIPE,via,230472,184720,232072,185200,1600,via_1600x480
VSS,met3-met4,STRIPE,via,196752,184720,198352,185200,1600,via3_1600x480
VSS,met2-met3,STRIPE,via,196752,184720,198352,185200,1600,via2_1600x480
VSS,met1-met2,STRIPE,via,196752,184720,198352,185200,1600,via_1600x480
VSS,met3-met4,STRIPE,via,169746,184720,171346,185200,1600,via3_1600x480
VSS,met2-met3,STRIPE,via,169746,184720,171346,185200,1600,via2_1600x480
VSS,met1-met2,STRIPE,via,169746,184720,171346,185200,1600,via_1600x480
VSS,met3-met4,STRIPE,via,146480,184720,148080,185200,1600,via3_1600x480
VSS,met2-met3,STRIPE,via,146480,184720,148080,185200,1600,via2_1600x480
VSS,met1-met2,STRIPE,via,146480,184720,148080,185200,1600,via_1600x480
VSS,met3-met4,STRIPE,via,113818,184720,115418,185200,1600,via3_1600x480
VSS,met2-met3,STRIPE,via,113818,184720,115418,185200,1600,via2_1600x480
VSS,met1-met2,STRIPE,via,113818,184720,115418,185200,1600,via_1600x480
VSS,met3-met4,STRIPE,via,87276,184720,88876,185200,1600,via3_1600x480
VSS,met2-met3,STRIPE,via,87276,184720,88876,185200,1600,via2_1600x480
VSS,met1-met2,STRIPE,via,87276,184720,88876,185200,1600,via_1600x480
VSS,met3-met4,STRIPE,via,66658,184720,68258,185200,1600,via3_1600x480
VSS,met2-met3,STRIPE,via,66658,184720,68258,185200,1600,via2_1600x480
VSS,met1-met2,STRIPE,via,66658,184720,68258,185200,1600,via_1600x480
VSS,met3-met4,STRIPE,via,39021,184720,40621,185200,1600,via3_1600x480
VSS,met2-met3,STRIPE,via,39021,184720,40621,185200,1600,via2_1600x480
VSS,met1-met2,STRIPE,via,39021,184720,40621,185200,1600,via_1600x480
VSS,met3-met4,STRIPE,via,252066,179280,253666,179760,1600,via3_1600x480
VSS,met2-met3,STRIPE,via,252066,179280,253666,179760,1600,via2_1600x480
VSS,met1-met2,STRIPE,via,252066,179280,253666,179760,1600,via_1600x480
VSS,met3-met4,STRIPE,via,230472,179280,232072,179760,1600,via3_1600x480
VSS,met2-met3,STRIPE,via,230472,179280,232072,179760,1600,via2_1600x480
VSS,met1-met2,STRIPE,via,230472,179280,232072,179760,1600,via_1600x480
VSS,met3-met4,STRIPE,via,196752,179280,198352,179760,1600,via3_1600x480
VSS,met2-met3,STRIPE,via,196752,179280,198352,179760,1600,via2_1600x480
VSS,met1-met2,STRIPE,via,196752,179280,198352,179760,1600,via_1600x480
VSS,met3-met4,STRIPE,via,169746,179280,171346,179760,1600,via3_1600x480
VSS,met2-met3,STRIPE,via,169746,179280,171346,179760,1600,via2_1600x480
VSS,met1-met2,STRIPE,via,169746,179280,171346,179760,1600,via_1600x480
VSS,met3-met4,STRIPE,via,146480,179280,148080,179760,1600,via3_1600x480
VSS,met2-met3,STRIPE,via,146480,179280,148080,179760,1600,via2_1600x480
VSS,met1-met2,STRIPE,via,146480,179280,148080,179760,1600,via_1600x480
VSS,met3-met4,STRIPE,via,113818,179280,115418,179760,1600,via3_1600x480
VSS,met2-met3,STRIPE,via,113818,179280,115418,179760,1600,via2_1600x480
VSS,met1-met2,STRIPE,via,113818,179280,115418,179760,1600,via_1600x480
VSS,met3-met4,STRIPE,via,87276,179280,88876,179760,1600,via3_1600x480
VSS,met2-met3,STRIPE,via,87276,179280,88876,179760,1600,via2_1600x480
VSS,met1-met2,STRIPE,via,87276,179280,88876,179760,1600,via_1600x480
VSS,met3-met4,STRIPE,via,66658,179280,68258,179760,1600,via3_1600x480
VSS,met2-met3,STRIPE,via,66658,179280,68258,179760,1600,via2_1600x480
VSS,met1-met2,STRIPE,via,66658,179280,68258,179760,1600,via_1600x480
VSS,met3-met4,STRIPE,via,39021,179280,40621,179760,1600,via3_1600x480
VSS,met2-met3,STRIPE,via,39021,179280,40621,179760,1600,via2_1600x480
VSS,met1-met2,STRIPE,via,39021,179280,40621,179760,1600,via_1600x480
VSS,met3-met4,STRIPE,via,252066,173840,253666,174320,1600,via3_1600x480
VSS,met2-met3,STRIPE,via,252066,173840,253666,174320,1600,via2_1600x480
VSS,met1-met2,STRIPE,via,252066,173840,253666,174320,1600,via_1600x480
VSS,met3-met4,STRIPE,via,230472,173840,232072,174320,1600,via3_1600x480
VSS,met2-met3,STRIPE,via,230472,173840,232072,174320,1600,via2_1600x480
VSS,met1-met2,STRIPE,via,230472,173840,232072,174320,1600,via_1600x480
VSS,met3-met4,STRIPE,via,196752,173840,198352,174320,1600,via3_1600x480
VSS,met2-met3,STRIPE,via,196752,173840,198352,174320,1600,via2_1600x480
VSS,met1-met2,STRIPE,via,196752,173840,198352,174320,1600,via_1600x480
VSS,met3-met4,STRIPE,via,169746,173840,171346,174320,1600,via3_1600x480
VSS,met2-met3,STRIPE,via,169746,173840,171346,174320,1600,via2_1600x480
VSS,met1-met2,STRIPE,via,169746,173840,171346,174320,1600,via_1600x480
VSS,met3-met4,STRIPE,via,146480,173840,148080,174320,1600,via3_1600x480
VSS,met2-met3,STRIPE,via,146480,173840,148080,174320,1600,via2_1600x480
VSS,met1-met2,STRIPE,via,146480,173840,148080,174320,1600,via_1600x480
VSS,met3-met4,STRIPE,via,113818,173840,115418,174320,1600,via3_1600x480
VSS,met2-met3,STRIPE,via,113818,173840,115418,174320,1600,via2_1600x480
VSS,met1-met2,STRIPE,via,113818,173840,115418,174320,1600,via_1600x480
VSS,met3-met4,STRIPE,via,87276,173840,88876,174320,1600,via3_1600x480
VSS,met2-met3,STRIPE,via,87276,173840,88876,174320,1600,via2_1600x480
VSS,met1-met2,STRIPE,via,87276,173840,88876,174320,1600,via_1600x480
VSS,met3-met4,STRIPE,via,66658,173840,68258,174320,1600,via3_1600x480
VSS,met2-met3,STRIPE,via,66658,173840,68258,174320,1600,via2_1600x480
VSS,met1-met2,STRIPE,via,66658,173840,68258,174320,1600,via_1600x480
VSS,met3-met4,STRIPE,via,39021,173840,40621,174320,1600,via3_1600x480
VSS,met2-met3,STRIPE,via,39021,173840,40621,174320,1600,via2_1600x480
VSS,met1-met2,STRIPE,via,39021,173840,40621,174320,1600,via_1600x480
VSS,met3-met4,STRIPE,via,252066,168400,253666,168880,1600,via3_1600x480
VSS,met2-met3,STRIPE,via,252066,168400,253666,168880,1600,via2_1600x480
VSS,met1-met2,STRIPE,via,252066,168400,253666,168880,1600,via_1600x480
VSS,met3-met4,STRIPE,via,230472,168400,232072,168880,1600,via3_1600x480
VSS,met2-met3,STRIPE,via,230472,168400,232072,168880,1600,via2_1600x480
VSS,met1-met2,STRIPE,via,230472,168400,232072,168880,1600,via_1600x480
VSS,met3-met4,STRIPE,via,196752,168400,198352,168880,1600,via3_1600x480
VSS,met2-met3,STRIPE,via,196752,168400,198352,168880,1600,via2_1600x480
VSS,met1-met2,STRIPE,via,196752,168400,198352,168880,1600,via_1600x480
VSS,met3-met4,STRIPE,via,169746,168400,171346,168880,1600,via3_1600x480
VSS,met2-met3,STRIPE,via,169746,168400,171346,168880,1600,via2_1600x480
VSS,met1-met2,STRIPE,via,169746,168400,171346,168880,1600,via_1600x480
VSS,met3-met4,STRIPE,via,146480,168400,148080,168880,1600,via3_1600x480
VSS,met2-met3,STRIPE,via,146480,168400,148080,168880,1600,via2_1600x480
VSS,met1-met2,STRIPE,via,146480,168400,148080,168880,1600,via_1600x480
VSS,met3-met4,STRIPE,via,113818,168400,115418,168880,1600,via3_1600x480
VSS,met2-met3,STRIPE,via,113818,168400,115418,168880,1600,via2_1600x480
VSS,met1-met2,STRIPE,via,113818,168400,115418,168880,1600,via_1600x480
VSS,met3-met4,STRIPE,via,87276,168400,88876,168880,1600,via3_1600x480
VSS,met2-met3,STRIPE,via,87276,168400,88876,168880,1600,via2_1600x480
VSS,met1-met2,STRIPE,via,87276,168400,88876,168880,1600,via_1600x480
VSS,met3-met4,STRIPE,via,66658,168400,68258,168880,1600,via3_1600x480
VSS,met2-met3,STRIPE,via,66658,168400,68258,168880,1600,via2_1600x480
VSS,met1-met2,STRIPE,via,66658,168400,68258,168880,1600,via_1600x480
VSS,met3-met4,STRIPE,via,39021,168400,40621,168880,1600,via3_1600x480
VSS,met2-met3,STRIPE,via,39021,168400,40621,168880,1600,via2_1600x480
VSS,met1-met2,STRIPE,via,39021,168400,40621,168880,1600,via_1600x480
VSS,met3-met4,STRIPE,via,252066,162960,253666,163440,1600,via3_1600x480
VSS,met2-met3,STRIPE,via,252066,162960,253666,163440,1600,via2_1600x480
VSS,met1-met2,STRIPE,via,252066,162960,253666,163440,1600,via_1600x480
VSS,met3-met4,STRIPE,via,230472,162960,232072,163440,1600,via3_1600x480
VSS,met2-met3,STRIPE,via,230472,162960,232072,163440,1600,via2_1600x480
VSS,met1-met2,STRIPE,via,230472,162960,232072,163440,1600,via_1600x480
VSS,met3-met4,STRIPE,via,196752,162960,198352,163440,1600,via3_1600x480
VSS,met2-met3,STRIPE,via,196752,162960,198352,163440,1600,via2_1600x480
VSS,met1-met2,STRIPE,via,196752,162960,198352,163440,1600,via_1600x480
VSS,met3-met4,STRIPE,via,169746,162960,171346,163440,1600,via3_1600x480
VSS,met2-met3,STRIPE,via,169746,162960,171346,163440,1600,via2_1600x480
VSS,met1-met2,STRIPE,via,169746,162960,171346,163440,1600,via_1600x480
VSS,met3-met4,STRIPE,via,146480,162960,148080,163440,1600,via3_1600x480
VSS,met2-met3,STRIPE,via,146480,162960,148080,163440,1600,via2_1600x480
VSS,met1-met2,STRIPE,via,146480,162960,148080,163440,1600,via_1600x480
VSS,met3-met4,STRIPE,via,113818,162960,115418,163440,1600,via3_1600x480
VSS,met2-met3,STRIPE,via,113818,162960,115418,163440,1600,via2_1600x480
VSS,met1-met2,STRIPE,via,113818,162960,115418,163440,1600,via_1600x480
VSS,met3-met4,STRIPE,via,87276,162960,88876,163440,1600,via3_1600x480
VSS,met2-met3,STRIPE,via,87276,162960,88876,163440,1600,via2_1600x480
VSS,met1-met2,STRIPE,via,87276,162960,88876,163440,1600,via_1600x480
VSS,met3-met4,STRIPE,via,66658,162960,68258,163440,1600,via3_1600x480
VSS,met2-met3,STRIPE,via,66658,162960,68258,163440,1600,via2_1600x480
VSS,met1-met2,STRIPE,via,66658,162960,68258,163440,1600,via_1600x480
VSS,met3-met4,STRIPE,via,39021,162960,40621,163440,1600,via3_1600x480
VSS,met2-met3,STRIPE,via,39021,162960,40621,163440,1600,via2_1600x480
VSS,met1-met2,STRIPE,via,39021,162960,40621,163440,1600,via_1600x480
VSS,met3-met4,STRIPE,via,252066,157520,253666,158000,1600,via3_1600x480
VSS,met2-met3,STRIPE,via,252066,157520,253666,158000,1600,via2_1600x480
VSS,met1-met2,STRIPE,via,252066,157520,253666,158000,1600,via_1600x480
VSS,met3-met4,STRIPE,via,230472,157520,232072,158000,1600,via3_1600x480
VSS,met2-met3,STRIPE,via,230472,157520,232072,158000,1600,via2_1600x480
VSS,met1-met2,STRIPE,via,230472,157520,232072,158000,1600,via_1600x480
VSS,met3-met4,STRIPE,via,196752,157520,198352,158000,1600,via3_1600x480
VSS,met2-met3,STRIPE,via,196752,157520,198352,158000,1600,via2_1600x480
VSS,met1-met2,STRIPE,via,196752,157520,198352,158000,1600,via_1600x480
VSS,met3-met4,STRIPE,via,169746,157520,171346,158000,1600,via3_1600x480
VSS,met2-met3,STRIPE,via,169746,157520,171346,158000,1600,via2_1600x480
VSS,met1-met2,STRIPE,via,169746,157520,171346,158000,1600,via_1600x480
VSS,met3-met4,STRIPE,via,146480,157520,148080,158000,1600,via3_1600x480
VSS,met2-met3,STRIPE,via,146480,157520,148080,158000,1600,via2_1600x480
VSS,met1-met2,STRIPE,via,146480,157520,148080,158000,1600,via_1600x480
VSS,met3-met4,STRIPE,via,113818,157520,115418,158000,1600,via3_1600x480
VSS,met2-met3,STRIPE,via,113818,157520,115418,158000,1600,via2_1600x480
VSS,met1-met2,STRIPE,via,113818,157520,115418,158000,1600,via_1600x480
VSS,met3-met4,STRIPE,via,87276,157520,88876,158000,1600,via3_1600x480
VSS,met2-met3,STRIPE,via,87276,157520,88876,158000,1600,via2_1600x480
VSS,met1-met2,STRIPE,via,87276,157520,88876,158000,1600,via_1600x480
VSS,met3-met4,STRIPE,via,66658,157520,68258,158000,1600,via3_1600x480
VSS,met2-met3,STRIPE,via,66658,157520,68258,158000,1600,via2_1600x480
VSS,met1-met2,STRIPE,via,66658,157520,68258,158000,1600,via_1600x480
VSS,met3-met4,STRIPE,via,39021,157520,40621,158000,1600,via3_1600x480
VSS,met2-met3,STRIPE,via,39021,157520,40621,158000,1600,via2_1600x480
VSS,met1-met2,STRIPE,via,39021,157520,40621,158000,1600,via_1600x480
VSS,met3-met4,STRIPE,via,252066,152080,253666,152560,1600,via3_1600x480
VSS,met2-met3,STRIPE,via,252066,152080,253666,152560,1600,via2_1600x480
VSS,met1-met2,STRIPE,via,252066,152080,253666,152560,1600,via_1600x480
VSS,met3-met4,STRIPE,via,230472,152080,232072,152560,1600,via3_1600x480
VSS,met2-met3,STRIPE,via,230472,152080,232072,152560,1600,via2_1600x480
VSS,met1-met2,STRIPE,via,230472,152080,232072,152560,1600,via_1600x480
VSS,met3-met4,STRIPE,via,196752,152080,198352,152560,1600,via3_1600x480
VSS,met2-met3,STRIPE,via,196752,152080,198352,152560,1600,via2_1600x480
VSS,met1-met2,STRIPE,via,196752,152080,198352,152560,1600,via_1600x480
VSS,met3-met4,STRIPE,via,169746,152080,171346,152560,1600,via3_1600x480
VSS,met2-met3,STRIPE,via,169746,152080,171346,152560,1600,via2_1600x480
VSS,met1-met2,STRIPE,via,169746,152080,171346,152560,1600,via_1600x480
VSS,met3-met4,STRIPE,via,146480,152080,148080,152560,1600,via3_1600x480
VSS,met2-met3,STRIPE,via,146480,152080,148080,152560,1600,via2_1600x480
VSS,met1-met2,STRIPE,via,146480,152080,148080,152560,1600,via_1600x480
VSS,met3-met4,STRIPE,via,113818,152080,115418,152560,1600,via3_1600x480
VSS,met2-met3,STRIPE,via,113818,152080,115418,152560,1600,via2_1600x480
VSS,met1-met2,STRIPE,via,113818,152080,115418,152560,1600,via_1600x480
VSS,met3-met4,STRIPE,via,87276,152080,88876,152560,1600,via3_1600x480
VSS,met2-met3,STRIPE,via,87276,152080,88876,152560,1600,via2_1600x480
VSS,met1-met2,STRIPE,via,87276,152080,88876,152560,1600,via_1600x480
VSS,met3-met4,STRIPE,via,66658,152080,68258,152560,1600,via3_1600x480
VSS,met2-met3,STRIPE,via,66658,152080,68258,152560,1600,via2_1600x480
VSS,met1-met2,STRIPE,via,66658,152080,68258,152560,1600,via_1600x480
VSS,met3-met4,STRIPE,via,39021,152080,40621,152560,1600,via3_1600x480
VSS,met2-met3,STRIPE,via,39021,152080,40621,152560,1600,via2_1600x480
VSS,met1-met2,STRIPE,via,39021,152080,40621,152560,1600,via_1600x480
VSS,met3-met4,STRIPE,via,252066,146640,253666,147120,1600,via3_1600x480
VSS,met2-met3,STRIPE,via,252066,146640,253666,147120,1600,via2_1600x480
VSS,met1-met2,STRIPE,via,252066,146640,253666,147120,1600,via_1600x480
VSS,met3-met4,STRIPE,via,230472,146640,232072,147120,1600,via3_1600x480
VSS,met2-met3,STRIPE,via,230472,146640,232072,147120,1600,via2_1600x480
VSS,met1-met2,STRIPE,via,230472,146640,232072,147120,1600,via_1600x480
VSS,met3-met4,STRIPE,via,196752,146640,198352,147120,1600,via3_1600x480
VSS,met2-met3,STRIPE,via,196752,146640,198352,147120,1600,via2_1600x480
VSS,met1-met2,STRIPE,via,196752,146640,198352,147120,1600,via_1600x480
VSS,met3-met4,STRIPE,via,169746,146640,171346,147120,1600,via3_1600x480
VSS,met2-met3,STRIPE,via,169746,146640,171346,147120,1600,via2_1600x480
VSS,met1-met2,STRIPE,via,169746,146640,171346,147120,1600,via_1600x480
VSS,met3-met4,STRIPE,via,146480,146640,148080,147120,1600,via3_1600x480
VSS,met2-met3,STRIPE,via,146480,146640,148080,147120,1600,via2_1600x480
VSS,met1-met2,STRIPE,via,146480,146640,148080,147120,1600,via_1600x480
VSS,met3-met4,STRIPE,via,113818,146640,115418,147120,1600,via3_1600x480
VSS,met2-met3,STRIPE,via,113818,146640,115418,147120,1600,via2_1600x480
VSS,met1-met2,STRIPE,via,113818,146640,115418,147120,1600,via_1600x480
VSS,met3-met4,STRIPE,via,87276,146640,88876,147120,1600,via3_1600x480
VSS,met2-met3,STRIPE,via,87276,146640,88876,147120,1600,via2_1600x480
VSS,met1-met2,STRIPE,via,87276,146640,88876,147120,1600,via_1600x480
VSS,met3-met4,STRIPE,via,66658,146640,68258,147120,1600,via3_1600x480
VSS,met2-met3,STRIPE,via,66658,146640,68258,147120,1600,via2_1600x480
VSS,met1-met2,STRIPE,via,66658,146640,68258,147120,1600,via_1600x480
VSS,met3-met4,STRIPE,via,39021,146640,40621,147120,1600,via3_1600x480
VSS,met2-met3,STRIPE,via,39021,146640,40621,147120,1600,via2_1600x480
VSS,met1-met2,STRIPE,via,39021,146640,40621,147120,1600,via_1600x480
VSS,met3-met4,STRIPE,via,252066,141200,253666,141680,1600,via3_1600x480
VSS,met2-met3,STRIPE,via,252066,141200,253666,141680,1600,via2_1600x480
VSS,met1-met2,STRIPE,via,252066,141200,253666,141680,1600,via_1600x480
VSS,met3-met4,STRIPE,via,230472,141200,232072,141680,1600,via3_1600x480
VSS,met2-met3,STRIPE,via,230472,141200,232072,141680,1600,via2_1600x480
VSS,met1-met2,STRIPE,via,230472,141200,232072,141680,1600,via_1600x480
VSS,met3-met4,STRIPE,via,196752,141200,198352,141680,1600,via3_1600x480
VSS,met2-met3,STRIPE,via,196752,141200,198352,141680,1600,via2_1600x480
VSS,met1-met2,STRIPE,via,196752,141200,198352,141680,1600,via_1600x480
VSS,met3-met4,STRIPE,via,169746,141200,171346,141680,1600,via3_1600x480
VSS,met2-met3,STRIPE,via,169746,141200,171346,141680,1600,via2_1600x480
VSS,met1-met2,STRIPE,via,169746,141200,171346,141680,1600,via_1600x480
VSS,met3-met4,STRIPE,via,146480,141200,148080,141680,1600,via3_1600x480
VSS,met2-met3,STRIPE,via,146480,141200,148080,141680,1600,via2_1600x480
VSS,met1-met2,STRIPE,via,146480,141200,148080,141680,1600,via_1600x480
VSS,met3-met4,STRIPE,via,113818,141200,115418,141680,1600,via3_1600x480
VSS,met2-met3,STRIPE,via,113818,141200,115418,141680,1600,via2_1600x480
VSS,met1-met2,STRIPE,via,113818,141200,115418,141680,1600,via_1600x480
VSS,met3-met4,STRIPE,via,87276,141200,88876,141680,1600,via3_1600x480
VSS,met2-met3,STRIPE,via,87276,141200,88876,141680,1600,via2_1600x480
VSS,met1-met2,STRIPE,via,87276,141200,88876,141680,1600,via_1600x480
VSS,met3-met4,STRIPE,via,66658,141200,68258,141680,1600,via3_1600x480
VSS,met2-met3,STRIPE,via,66658,141200,68258,141680,1600,via2_1600x480
VSS,met1-met2,STRIPE,via,66658,141200,68258,141680,1600,via_1600x480
VSS,met3-met4,STRIPE,via,39021,141200,40621,141680,1600,via3_1600x480
VSS,met2-met3,STRIPE,via,39021,141200,40621,141680,1600,via2_1600x480
VSS,met1-met2,STRIPE,via,39021,141200,40621,141680,1600,via_1600x480
VSS,met3-met4,STRIPE,via,252066,135760,253666,136240,1600,via3_1600x480
VSS,met2-met3,STRIPE,via,252066,135760,253666,136240,1600,via2_1600x480
VSS,met1-met2,STRIPE,via,252066,135760,253666,136240,1600,via_1600x480
VSS,met3-met4,STRIPE,via,230472,135760,232072,136240,1600,via3_1600x480
VSS,met2-met3,STRIPE,via,230472,135760,232072,136240,1600,via2_1600x480
VSS,met1-met2,STRIPE,via,230472,135760,232072,136240,1600,via_1600x480
VSS,met3-met4,STRIPE,via,196752,135760,198352,136240,1600,via3_1600x480
VSS,met2-met3,STRIPE,via,196752,135760,198352,136240,1600,via2_1600x480
VSS,met1-met2,STRIPE,via,196752,135760,198352,136240,1600,via_1600x480
VSS,met3-met4,STRIPE,via,169746,135760,171346,136240,1600,via3_1600x480
VSS,met2-met3,STRIPE,via,169746,135760,171346,136240,1600,via2_1600x480
VSS,met1-met2,STRIPE,via,169746,135760,171346,136240,1600,via_1600x480
VSS,met3-met4,STRIPE,via,146480,135760,148080,136240,1600,via3_1600x480
VSS,met2-met3,STRIPE,via,146480,135760,148080,136240,1600,via2_1600x480
VSS,met1-met2,STRIPE,via,146480,135760,148080,136240,1600,via_1600x480
VSS,met3-met4,STRIPE,via,113818,135760,115418,136240,1600,via3_1600x480
VSS,met2-met3,STRIPE,via,113818,135760,115418,136240,1600,via2_1600x480
VSS,met1-met2,STRIPE,via,113818,135760,115418,136240,1600,via_1600x480
VSS,met3-met4,STRIPE,via,87276,135760,88876,136240,1600,via3_1600x480
VSS,met2-met3,STRIPE,via,87276,135760,88876,136240,1600,via2_1600x480
VSS,met1-met2,STRIPE,via,87276,135760,88876,136240,1600,via_1600x480
VSS,met3-met4,STRIPE,via,66658,135760,68258,136240,1600,via3_1600x480
VSS,met2-met3,STRIPE,via,66658,135760,68258,136240,1600,via2_1600x480
VSS,met1-met2,STRIPE,via,66658,135760,68258,136240,1600,via_1600x480
VSS,met3-met4,STRIPE,via,39021,135760,40621,136240,1600,via3_1600x480
VSS,met2-met3,STRIPE,via,39021,135760,40621,136240,1600,via2_1600x480
VSS,met1-met2,STRIPE,via,39021,135760,40621,136240,1600,via_1600x480
VSS,met3-met4,STRIPE,via,252066,130320,253666,130800,1600,via3_1600x480
VSS,met2-met3,STRIPE,via,252066,130320,253666,130800,1600,via2_1600x480
VSS,met1-met2,STRIPE,via,252066,130320,253666,130800,1600,via_1600x480
VSS,met3-met4,STRIPE,via,230472,130320,232072,130800,1600,via3_1600x480
VSS,met2-met3,STRIPE,via,230472,130320,232072,130800,1600,via2_1600x480
VSS,met1-met2,STRIPE,via,230472,130320,232072,130800,1600,via_1600x480
VSS,met3-met4,STRIPE,via,196752,130320,198352,130800,1600,via3_1600x480
VSS,met2-met3,STRIPE,via,196752,130320,198352,130800,1600,via2_1600x480
VSS,met1-met2,STRIPE,via,196752,130320,198352,130800,1600,via_1600x480
VSS,met3-met4,STRIPE,via,169746,130320,171346,130800,1600,via3_1600x480
VSS,met2-met3,STRIPE,via,169746,130320,171346,130800,1600,via2_1600x480
VSS,met1-met2,STRIPE,via,169746,130320,171346,130800,1600,via_1600x480
VSS,met3-met4,STRIPE,via,146480,130320,148080,130800,1600,via3_1600x480
VSS,met2-met3,STRIPE,via,146480,130320,148080,130800,1600,via2_1600x480
VSS,met1-met2,STRIPE,via,146480,130320,148080,130800,1600,via_1600x480
VSS,met3-met4,STRIPE,via,113818,130320,115418,130800,1600,via3_1600x480
VSS,met2-met3,STRIPE,via,113818,130320,115418,130800,1600,via2_1600x480
VSS,met1-met2,STRIPE,via,113818,130320,115418,130800,1600,via_1600x480
VSS,met3-met4,STRIPE,via,87276,130320,88876,130800,1600,via3_1600x480
VSS,met2-met3,STRIPE,via,87276,130320,88876,130800,1600,via2_1600x480
VSS,met1-met2,STRIPE,via,87276,130320,88876,130800,1600,via_1600x480
VSS,met3-met4,STRIPE,via,66658,130320,68258,130800,1600,via3_1600x480
VSS,met2-met3,STRIPE,via,66658,130320,68258,130800,1600,via2_1600x480
VSS,met1-met2,STRIPE,via,66658,130320,68258,130800,1600,via_1600x480
VSS,met3-met4,STRIPE,via,39021,130320,40621,130800,1600,via3_1600x480
VSS,met2-met3,STRIPE,via,39021,130320,40621,130800,1600,via2_1600x480
VSS,met1-met2,STRIPE,via,39021,130320,40621,130800,1600,via_1600x480
VSS,met3-met4,STRIPE,via,252066,124880,253666,125360,1600,via3_1600x480
VSS,met2-met3,STRIPE,via,252066,124880,253666,125360,1600,via2_1600x480
VSS,met1-met2,STRIPE,via,252066,124880,253666,125360,1600,via_1600x480
VSS,met3-met4,STRIPE,via,230472,124880,232072,125360,1600,via3_1600x480
VSS,met2-met3,STRIPE,via,230472,124880,232072,125360,1600,via2_1600x480
VSS,met1-met2,STRIPE,via,230472,124880,232072,125360,1600,via_1600x480
VSS,met3-met4,STRIPE,via,196752,124880,198352,125360,1600,via3_1600x480
VSS,met2-met3,STRIPE,via,196752,124880,198352,125360,1600,via2_1600x480
VSS,met1-met2,STRIPE,via,196752,124880,198352,125360,1600,via_1600x480
VSS,met3-met4,STRIPE,via,169746,124880,171346,125360,1600,via3_1600x480
VSS,met2-met3,STRIPE,via,169746,124880,171346,125360,1600,via2_1600x480
VSS,met1-met2,STRIPE,via,169746,124880,171346,125360,1600,via_1600x480
VSS,met3-met4,STRIPE,via,146480,124880,148080,125360,1600,via3_1600x480
VSS,met2-met3,STRIPE,via,146480,124880,148080,125360,1600,via2_1600x480
VSS,met1-met2,STRIPE,via,146480,124880,148080,125360,1600,via_1600x480
VSS,met3-met4,STRIPE,via,113818,124880,115418,125360,1600,via3_1600x480
VSS,met2-met3,STRIPE,via,113818,124880,115418,125360,1600,via2_1600x480
VSS,met1-met2,STRIPE,via,113818,124880,115418,125360,1600,via_1600x480
VSS,met3-met4,STRIPE,via,87276,124880,88876,125360,1600,via3_1600x480
VSS,met2-met3,STRIPE,via,87276,124880,88876,125360,1600,via2_1600x480
VSS,met1-met2,STRIPE,via,87276,124880,88876,125360,1600,via_1600x480
VSS,met3-met4,STRIPE,via,66658,124880,68258,125360,1600,via3_1600x480
VSS,met2-met3,STRIPE,via,66658,124880,68258,125360,1600,via2_1600x480
VSS,met1-met2,STRIPE,via,66658,124880,68258,125360,1600,via_1600x480
VSS,met3-met4,STRIPE,via,39021,124880,40621,125360,1600,via3_1600x480
VSS,met2-met3,STRIPE,via,39021,124880,40621,125360,1600,via2_1600x480
VSS,met1-met2,STRIPE,via,39021,124880,40621,125360,1600,via_1600x480
VSS,met3-met4,STRIPE,via,252066,119440,253666,119920,1600,via3_1600x480
VSS,met2-met3,STRIPE,via,252066,119440,253666,119920,1600,via2_1600x480
VSS,met1-met2,STRIPE,via,252066,119440,253666,119920,1600,via_1600x480
VSS,met3-met4,STRIPE,via,230472,119440,232072,119920,1600,via3_1600x480
VSS,met2-met3,STRIPE,via,230472,119440,232072,119920,1600,via2_1600x480
VSS,met1-met2,STRIPE,via,230472,119440,232072,119920,1600,via_1600x480
VSS,met3-met4,STRIPE,via,196752,119440,198352,119920,1600,via3_1600x480
VSS,met2-met3,STRIPE,via,196752,119440,198352,119920,1600,via2_1600x480
VSS,met1-met2,STRIPE,via,196752,119440,198352,119920,1600,via_1600x480
VSS,met3-met4,STRIPE,via,169746,119440,171346,119920,1600,via3_1600x480
VSS,met2-met3,STRIPE,via,169746,119440,171346,119920,1600,via2_1600x480
VSS,met1-met2,STRIPE,via,169746,119440,171346,119920,1600,via_1600x480
VSS,met3-met4,STRIPE,via,146480,119440,148080,119920,1600,via3_1600x480
VSS,met2-met3,STRIPE,via,146480,119440,148080,119920,1600,via2_1600x480
VSS,met1-met2,STRIPE,via,146480,119440,148080,119920,1600,via_1600x480
VSS,met3-met4,STRIPE,via,113818,119440,115418,119920,1600,via3_1600x480
VSS,met2-met3,STRIPE,via,113818,119440,115418,119920,1600,via2_1600x480
VSS,met1-met2,STRIPE,via,113818,119440,115418,119920,1600,via_1600x480
VSS,met3-met4,STRIPE,via,87276,119440,88876,119920,1600,via3_1600x480
VSS,met2-met3,STRIPE,via,87276,119440,88876,119920,1600,via2_1600x480
VSS,met1-met2,STRIPE,via,87276,119440,88876,119920,1600,via_1600x480
VSS,met3-met4,STRIPE,via,66658,119440,68258,119920,1600,via3_1600x480
VSS,met2-met3,STRIPE,via,66658,119440,68258,119920,1600,via2_1600x480
VSS,met1-met2,STRIPE,via,66658,119440,68258,119920,1600,via_1600x480
VSS,met3-met4,STRIPE,via,39021,119440,40621,119920,1600,via3_1600x480
VSS,met2-met3,STRIPE,via,39021,119440,40621,119920,1600,via2_1600x480
VSS,met1-met2,STRIPE,via,39021,119440,40621,119920,1600,via_1600x480
VSS,met3-met4,STRIPE,via,252066,114000,253666,114480,1600,via3_1600x480
VSS,met2-met3,STRIPE,via,252066,114000,253666,114480,1600,via2_1600x480
VSS,met1-met2,STRIPE,via,252066,114000,253666,114480,1600,via_1600x480
VSS,met3-met4,STRIPE,via,230472,114000,232072,114480,1600,via3_1600x480
VSS,met2-met3,STRIPE,via,230472,114000,232072,114480,1600,via2_1600x480
VSS,met1-met2,STRIPE,via,230472,114000,232072,114480,1600,via_1600x480
VSS,met3-met4,STRIPE,via,196752,114000,198352,114480,1600,via3_1600x480
VSS,met2-met3,STRIPE,via,196752,114000,198352,114480,1600,via2_1600x480
VSS,met1-met2,STRIPE,via,196752,114000,198352,114480,1600,via_1600x480
VSS,met3-met4,STRIPE,via,169746,114000,171346,114480,1600,via3_1600x480
VSS,met2-met3,STRIPE,via,169746,114000,171346,114480,1600,via2_1600x480
VSS,met1-met2,STRIPE,via,169746,114000,171346,114480,1600,via_1600x480
VSS,met3-met4,STRIPE,via,146480,114000,148080,114480,1600,via3_1600x480
VSS,met2-met3,STRIPE,via,146480,114000,148080,114480,1600,via2_1600x480
VSS,met1-met2,STRIPE,via,146480,114000,148080,114480,1600,via_1600x480
VSS,met3-met4,STRIPE,via,113818,114000,115418,114480,1600,via3_1600x480
VSS,met2-met3,STRIPE,via,113818,114000,115418,114480,1600,via2_1600x480
VSS,met1-met2,STRIPE,via,113818,114000,115418,114480,1600,via_1600x480
VSS,met3-met4,STRIPE,via,87276,114000,88876,114480,1600,via3_1600x480
VSS,met2-met3,STRIPE,via,87276,114000,88876,114480,1600,via2_1600x480
VSS,met1-met2,STRIPE,via,87276,114000,88876,114480,1600,via_1600x480
VSS,met3-met4,STRIPE,via,66658,114000,68258,114480,1600,via3_1600x480
VSS,met2-met3,STRIPE,via,66658,114000,68258,114480,1600,via2_1600x480
VSS,met1-met2,STRIPE,via,66658,114000,68258,114480,1600,via_1600x480
VSS,met3-met4,STRIPE,via,39021,114000,40621,114480,1600,via3_1600x480
VSS,met2-met3,STRIPE,via,39021,114000,40621,114480,1600,via2_1600x480
VSS,met1-met2,STRIPE,via,39021,114000,40621,114480,1600,via_1600x480
VSS,met3-met4,STRIPE,via,252066,108560,253666,109040,1600,via3_1600x480
VSS,met2-met3,STRIPE,via,252066,108560,253666,109040,1600,via2_1600x480
VSS,met1-met2,STRIPE,via,252066,108560,253666,109040,1600,via_1600x480
VSS,met3-met4,STRIPE,via,230472,108560,232072,109040,1600,via3_1600x480
VSS,met2-met3,STRIPE,via,230472,108560,232072,109040,1600,via2_1600x480
VSS,met1-met2,STRIPE,via,230472,108560,232072,109040,1600,via_1600x480
VSS,met3-met4,STRIPE,via,196752,108560,198352,109040,1600,via3_1600x480
VSS,met2-met3,STRIPE,via,196752,108560,198352,109040,1600,via2_1600x480
VSS,met1-met2,STRIPE,via,196752,108560,198352,109040,1600,via_1600x480
VSS,met3-met4,STRIPE,via,169746,108560,171346,109040,1600,via3_1600x480
VSS,met2-met3,STRIPE,via,169746,108560,171346,109040,1600,via2_1600x480
VSS,met1-met2,STRIPE,via,169746,108560,171346,109040,1600,via_1600x480
VSS,met3-met4,STRIPE,via,146480,108560,148080,109040,1600,via3_1600x480
VSS,met2-met3,STRIPE,via,146480,108560,148080,109040,1600,via2_1600x480
VSS,met1-met2,STRIPE,via,146480,108560,148080,109040,1600,via_1600x480
VSS,met3-met4,STRIPE,via,113818,108560,115418,109040,1600,via3_1600x480
VSS,met2-met3,STRIPE,via,113818,108560,115418,109040,1600,via2_1600x480
VSS,met1-met2,STRIPE,via,113818,108560,115418,109040,1600,via_1600x480
VSS,met3-met4,STRIPE,via,87276,108560,88876,109040,1600,via3_1600x480
VSS,met2-met3,STRIPE,via,87276,108560,88876,109040,1600,via2_1600x480
VSS,met1-met2,STRIPE,via,87276,108560,88876,109040,1600,via_1600x480
VSS,met3-met4,STRIPE,via,66658,108560,68258,109040,1600,via3_1600x480
VSS,met2-met3,STRIPE,via,66658,108560,68258,109040,1600,via2_1600x480
VSS,met1-met2,STRIPE,via,66658,108560,68258,109040,1600,via_1600x480
VSS,met3-met4,STRIPE,via,39021,108560,40621,109040,1600,via3_1600x480
VSS,met2-met3,STRIPE,via,39021,108560,40621,109040,1600,via2_1600x480
VSS,met1-met2,STRIPE,via,39021,108560,40621,109040,1600,via_1600x480
VSS,met3-met4,STRIPE,via,252066,103120,253666,103600,1600,via3_1600x480
VSS,met2-met3,STRIPE,via,252066,103120,253666,103600,1600,via2_1600x480
VSS,met1-met2,STRIPE,via,252066,103120,253666,103600,1600,via_1600x480
VSS,met3-met4,STRIPE,via,230472,103120,232072,103600,1600,via3_1600x480
VSS,met2-met3,STRIPE,via,230472,103120,232072,103600,1600,via2_1600x480
VSS,met1-met2,STRIPE,via,230472,103120,232072,103600,1600,via_1600x480
VSS,met3-met4,STRIPE,via,196752,103120,198352,103600,1600,via3_1600x480
VSS,met2-met3,STRIPE,via,196752,103120,198352,103600,1600,via2_1600x480
VSS,met1-met2,STRIPE,via,196752,103120,198352,103600,1600,via_1600x480
VSS,met3-met4,STRIPE,via,169746,103120,171346,103600,1600,via3_1600x480
VSS,met2-met3,STRIPE,via,169746,103120,171346,103600,1600,via2_1600x480
VSS,met1-met2,STRIPE,via,169746,103120,171346,103600,1600,via_1600x480
VSS,met3-met4,STRIPE,via,146480,103120,148080,103600,1600,via3_1600x480
VSS,met2-met3,STRIPE,via,146480,103120,148080,103600,1600,via2_1600x480
VSS,met1-met2,STRIPE,via,146480,103120,148080,103600,1600,via_1600x480
VSS,met3-met4,STRIPE,via,113818,103120,115418,103600,1600,via3_1600x480
VSS,met2-met3,STRIPE,via,113818,103120,115418,103600,1600,via2_1600x480
VSS,met1-met2,STRIPE,via,113818,103120,115418,103600,1600,via_1600x480
VSS,met3-met4,STRIPE,via,87276,103120,88876,103600,1600,via3_1600x480
VSS,met2-met3,STRIPE,via,87276,103120,88876,103600,1600,via2_1600x480
VSS,met1-met2,STRIPE,via,87276,103120,88876,103600,1600,via_1600x480
VSS,met3-met4,STRIPE,via,66658,103120,68258,103600,1600,via3_1600x480
VSS,met2-met3,STRIPE,via,66658,103120,68258,103600,1600,via2_1600x480
VSS,met1-met2,STRIPE,via,66658,103120,68258,103600,1600,via_1600x480
VSS,met3-met4,STRIPE,via,39021,103120,40621,103600,1600,via3_1600x480
VSS,met2-met3,STRIPE,via,39021,103120,40621,103600,1600,via2_1600x480
VSS,met1-met2,STRIPE,via,39021,103120,40621,103600,1600,via_1600x480
VSS,met3-met4,STRIPE,via,252066,97680,253666,98160,1600,via3_1600x480
VSS,met2-met3,STRIPE,via,252066,97680,253666,98160,1600,via2_1600x480
VSS,met1-met2,STRIPE,via,252066,97680,253666,98160,1600,via_1600x480
VSS,met3-met4,STRIPE,via,230472,97680,232072,98160,1600,via3_1600x480
VSS,met2-met3,STRIPE,via,230472,97680,232072,98160,1600,via2_1600x480
VSS,met1-met2,STRIPE,via,230472,97680,232072,98160,1600,via_1600x480
VSS,met3-met4,STRIPE,via,196752,97680,198352,98160,1600,via3_1600x480
VSS,met2-met3,STRIPE,via,196752,97680,198352,98160,1600,via2_1600x480
VSS,met1-met2,STRIPE,via,196752,97680,198352,98160,1600,via_1600x480
VSS,met3-met4,STRIPE,via,169746,97680,171346,98160,1600,via3_1600x480
VSS,met2-met3,STRIPE,via,169746,97680,171346,98160,1600,via2_1600x480
VSS,met1-met2,STRIPE,via,169746,97680,171346,98160,1600,via_1600x480
VSS,met3-met4,STRIPE,via,146480,97680,148080,98160,1600,via3_1600x480
VSS,met2-met3,STRIPE,via,146480,97680,148080,98160,1600,via2_1600x480
VSS,met1-met2,STRIPE,via,146480,97680,148080,98160,1600,via_1600x480
VSS,met3-met4,STRIPE,via,113818,97680,115418,98160,1600,via3_1600x480
VSS,met2-met3,STRIPE,via,113818,97680,115418,98160,1600,via2_1600x480
VSS,met1-met2,STRIPE,via,113818,97680,115418,98160,1600,via_1600x480
VSS,met3-met4,STRIPE,via,87276,97680,88876,98160,1600,via3_1600x480
VSS,met2-met3,STRIPE,via,87276,97680,88876,98160,1600,via2_1600x480
VSS,met1-met2,STRIPE,via,87276,97680,88876,98160,1600,via_1600x480
VSS,met3-met4,STRIPE,via,66658,97680,68258,98160,1600,via3_1600x480
VSS,met2-met3,STRIPE,via,66658,97680,68258,98160,1600,via2_1600x480
VSS,met1-met2,STRIPE,via,66658,97680,68258,98160,1600,via_1600x480
VSS,met3-met4,STRIPE,via,39021,97680,40621,98160,1600,via3_1600x480
VSS,met2-met3,STRIPE,via,39021,97680,40621,98160,1600,via2_1600x480
VSS,met1-met2,STRIPE,via,39021,97680,40621,98160,1600,via_1600x480
VSS,met3-met4,STRIPE,via,252066,92240,253666,92720,1600,via3_1600x480
VSS,met2-met3,STRIPE,via,252066,92240,253666,92720,1600,via2_1600x480
VSS,met1-met2,STRIPE,via,252066,92240,253666,92720,1600,via_1600x480
VSS,met3-met4,STRIPE,via,230472,92240,232072,92720,1600,via3_1600x480
VSS,met2-met3,STRIPE,via,230472,92240,232072,92720,1600,via2_1600x480
VSS,met1-met2,STRIPE,via,230472,92240,232072,92720,1600,via_1600x480
VSS,met3-met4,STRIPE,via,196752,92240,198352,92720,1600,via3_1600x480
VSS,met2-met3,STRIPE,via,196752,92240,198352,92720,1600,via2_1600x480
VSS,met1-met2,STRIPE,via,196752,92240,198352,92720,1600,via_1600x480
VSS,met3-met4,STRIPE,via,169746,92240,171346,92720,1600,via3_1600x480
VSS,met2-met3,STRIPE,via,169746,92240,171346,92720,1600,via2_1600x480
VSS,met1-met2,STRIPE,via,169746,92240,171346,92720,1600,via_1600x480
VSS,met3-met4,STRIPE,via,146480,92240,148080,92720,1600,via3_1600x480
VSS,met2-met3,STRIPE,via,146480,92240,148080,92720,1600,via2_1600x480
VSS,met1-met2,STRIPE,via,146480,92240,148080,92720,1600,via_1600x480
VSS,met3-met4,STRIPE,via,113818,92240,115418,92720,1600,via3_1600x480
VSS,met2-met3,STRIPE,via,113818,92240,115418,92720,1600,via2_1600x480
VSS,met1-met2,STRIPE,via,113818,92240,115418,92720,1600,via_1600x480
VSS,met3-met4,STRIPE,via,87276,92240,88876,92720,1600,via3_1600x480
VSS,met2-met3,STRIPE,via,87276,92240,88876,92720,1600,via2_1600x480
VSS,met1-met2,STRIPE,via,87276,92240,88876,92720,1600,via_1600x480
VSS,met3-met4,STRIPE,via,66658,92240,68258,92720,1600,via3_1600x480
VSS,met2-met3,STRIPE,via,66658,92240,68258,92720,1600,via2_1600x480
VSS,met1-met2,STRIPE,via,66658,92240,68258,92720,1600,via_1600x480
VSS,met3-met4,STRIPE,via,39021,92240,40621,92720,1600,via3_1600x480
VSS,met2-met3,STRIPE,via,39021,92240,40621,92720,1600,via2_1600x480
VSS,met1-met2,STRIPE,via,39021,92240,40621,92720,1600,via_1600x480
VSS,met3-met4,STRIPE,via,252066,86800,253666,87280,1600,via3_1600x480
VSS,met2-met3,STRIPE,via,252066,86800,253666,87280,1600,via2_1600x480
VSS,met1-met2,STRIPE,via,252066,86800,253666,87280,1600,via_1600x480
VSS,met3-met4,STRIPE,via,230472,86800,232072,87280,1600,via3_1600x480
VSS,met2-met3,STRIPE,via,230472,86800,232072,87280,1600,via2_1600x480
VSS,met1-met2,STRIPE,via,230472,86800,232072,87280,1600,via_1600x480
VSS,met3-met4,STRIPE,via,196752,86800,198352,87280,1600,via3_1600x480
VSS,met2-met3,STRIPE,via,196752,86800,198352,87280,1600,via2_1600x480
VSS,met1-met2,STRIPE,via,196752,86800,198352,87280,1600,via_1600x480
VSS,met3-met4,STRIPE,via,169746,86800,171346,87280,1600,via3_1600x480
VSS,met2-met3,STRIPE,via,169746,86800,171346,87280,1600,via2_1600x480
VSS,met1-met2,STRIPE,via,169746,86800,171346,87280,1600,via_1600x480
VSS,met3-met4,STRIPE,via,146480,86800,148080,87280,1600,via3_1600x480
VSS,met2-met3,STRIPE,via,146480,86800,148080,87280,1600,via2_1600x480
VSS,met1-met2,STRIPE,via,146480,86800,148080,87280,1600,via_1600x480
VSS,met3-met4,STRIPE,via,113818,86800,115418,87280,1600,via3_1600x480
VSS,met2-met3,STRIPE,via,113818,86800,115418,87280,1600,via2_1600x480
VSS,met1-met2,STRIPE,via,113818,86800,115418,87280,1600,via_1600x480
VSS,met3-met4,STRIPE,via,87276,86800,88876,87280,1600,via3_1600x480
VSS,met2-met3,STRIPE,via,87276,86800,88876,87280,1600,via2_1600x480
VSS,met1-met2,STRIPE,via,87276,86800,88876,87280,1600,via_1600x480
VSS,met3-met4,STRIPE,via,66658,86800,68258,87280,1600,via3_1600x480
VSS,met2-met3,STRIPE,via,66658,86800,68258,87280,1600,via2_1600x480
VSS,met1-met2,STRIPE,via,66658,86800,68258,87280,1600,via_1600x480
VSS,met3-met4,STRIPE,via,39021,86800,40621,87280,1600,via3_1600x480
VSS,met2-met3,STRIPE,via,39021,86800,40621,87280,1600,via2_1600x480
VSS,met1-met2,STRIPE,via,39021,86800,40621,87280,1600,via_1600x480
VSS,met3-met4,STRIPE,via,252066,81360,253666,81840,1600,via3_1600x480
VSS,met2-met3,STRIPE,via,252066,81360,253666,81840,1600,via2_1600x480
VSS,met1-met2,STRIPE,via,252066,81360,253666,81840,1600,via_1600x480
VSS,met3-met4,STRIPE,via,230472,81360,232072,81840,1600,via3_1600x480
VSS,met2-met3,STRIPE,via,230472,81360,232072,81840,1600,via2_1600x480
VSS,met1-met2,STRIPE,via,230472,81360,232072,81840,1600,via_1600x480
VSS,met3-met4,STRIPE,via,196752,81360,198352,81840,1600,via3_1600x480
VSS,met2-met3,STRIPE,via,196752,81360,198352,81840,1600,via2_1600x480
VSS,met1-met2,STRIPE,via,196752,81360,198352,81840,1600,via_1600x480
VSS,met3-met4,STRIPE,via,169746,81360,171346,81840,1600,via3_1600x480
VSS,met2-met3,STRIPE,via,169746,81360,171346,81840,1600,via2_1600x480
VSS,met1-met2,STRIPE,via,169746,81360,171346,81840,1600,via_1600x480
VSS,met3-met4,STRIPE,via,146480,81360,148080,81840,1600,via3_1600x480
VSS,met2-met3,STRIPE,via,146480,81360,148080,81840,1600,via2_1600x480
VSS,met1-met2,STRIPE,via,146480,81360,148080,81840,1600,via_1600x480
VSS,met3-met4,STRIPE,via,113818,81360,115418,81840,1600,via3_1600x480
VSS,met2-met3,STRIPE,via,113818,81360,115418,81840,1600,via2_1600x480
VSS,met1-met2,STRIPE,via,113818,81360,115418,81840,1600,via_1600x480
VSS,met3-met4,STRIPE,via,87276,81360,88876,81840,1600,via3_1600x480
VSS,met2-met3,STRIPE,via,87276,81360,88876,81840,1600,via2_1600x480
VSS,met1-met2,STRIPE,via,87276,81360,88876,81840,1600,via_1600x480
VSS,met3-met4,STRIPE,via,66658,81360,68258,81840,1600,via3_1600x480
VSS,met2-met3,STRIPE,via,66658,81360,68258,81840,1600,via2_1600x480
VSS,met1-met2,STRIPE,via,66658,81360,68258,81840,1600,via_1600x480
VSS,met3-met4,STRIPE,via,39021,81360,40621,81840,1600,via3_1600x480
VSS,met2-met3,STRIPE,via,39021,81360,40621,81840,1600,via2_1600x480
VSS,met1-met2,STRIPE,via,39021,81360,40621,81840,1600,via_1600x480
VSS,met3-met4,STRIPE,via,252066,75920,253666,76400,1600,via3_1600x480
VSS,met2-met3,STRIPE,via,252066,75920,253666,76400,1600,via2_1600x480
VSS,met1-met2,STRIPE,via,252066,75920,253666,76400,1600,via_1600x480
VSS,met3-met4,STRIPE,via,230472,75920,232072,76400,1600,via3_1600x480
VSS,met2-met3,STRIPE,via,230472,75920,232072,76400,1600,via2_1600x480
VSS,met1-met2,STRIPE,via,230472,75920,232072,76400,1600,via_1600x480
VSS,met3-met4,STRIPE,via,196752,75920,198352,76400,1600,via3_1600x480
VSS,met2-met3,STRIPE,via,196752,75920,198352,76400,1600,via2_1600x480
VSS,met1-met2,STRIPE,via,196752,75920,198352,76400,1600,via_1600x480
VSS,met3-met4,STRIPE,via,169746,75920,171346,76400,1600,via3_1600x480
VSS,met2-met3,STRIPE,via,169746,75920,171346,76400,1600,via2_1600x480
VSS,met1-met2,STRIPE,via,169746,75920,171346,76400,1600,via_1600x480
VSS,met3-met4,STRIPE,via,146480,75920,148080,76400,1600,via3_1600x480
VSS,met2-met3,STRIPE,via,146480,75920,148080,76400,1600,via2_1600x480
VSS,met1-met2,STRIPE,via,146480,75920,148080,76400,1600,via_1600x480
VSS,met3-met4,STRIPE,via,113818,75920,115418,76400,1600,via3_1600x480
VSS,met2-met3,STRIPE,via,113818,75920,115418,76400,1600,via2_1600x480
VSS,met1-met2,STRIPE,via,113818,75920,115418,76400,1600,via_1600x480
VSS,met3-met4,STRIPE,via,87276,75920,88876,76400,1600,via3_1600x480
VSS,met2-met3,STRIPE,via,87276,75920,88876,76400,1600,via2_1600x480
VSS,met1-met2,STRIPE,via,87276,75920,88876,76400,1600,via_1600x480
VSS,met3-met4,STRIPE,via,66658,75920,68258,76400,1600,via3_1600x480
VSS,met2-met3,STRIPE,via,66658,75920,68258,76400,1600,via2_1600x480
VSS,met1-met2,STRIPE,via,66658,75920,68258,76400,1600,via_1600x480
VSS,met3-met4,STRIPE,via,39021,75920,40621,76400,1600,via3_1600x480
VSS,met2-met3,STRIPE,via,39021,75920,40621,76400,1600,via2_1600x480
VSS,met1-met2,STRIPE,via,39021,75920,40621,76400,1600,via_1600x480
VSS,met3-met4,STRIPE,via,252066,70480,253666,70960,1600,via3_1600x480
VSS,met2-met3,STRIPE,via,252066,70480,253666,70960,1600,via2_1600x480
VSS,met1-met2,STRIPE,via,252066,70480,253666,70960,1600,via_1600x480
VSS,met3-met4,STRIPE,via,230472,70480,232072,70960,1600,via3_1600x480
VSS,met2-met3,STRIPE,via,230472,70480,232072,70960,1600,via2_1600x480
VSS,met1-met2,STRIPE,via,230472,70480,232072,70960,1600,via_1600x480
VSS,met3-met4,STRIPE,via,196752,70480,198352,70960,1600,via3_1600x480
VSS,met2-met3,STRIPE,via,196752,70480,198352,70960,1600,via2_1600x480
VSS,met1-met2,STRIPE,via,196752,70480,198352,70960,1600,via_1600x480
VSS,met3-met4,STRIPE,via,169746,70480,171346,70960,1600,via3_1600x480
VSS,met2-met3,STRIPE,via,169746,70480,171346,70960,1600,via2_1600x480
VSS,met1-met2,STRIPE,via,169746,70480,171346,70960,1600,via_1600x480
VSS,met3-met4,STRIPE,via,146480,70480,148080,70960,1600,via3_1600x480
VSS,met2-met3,STRIPE,via,146480,70480,148080,70960,1600,via2_1600x480
VSS,met1-met2,STRIPE,via,146480,70480,148080,70960,1600,via_1600x480
VSS,met3-met4,STRIPE,via,113818,70480,115418,70960,1600,via3_1600x480
VSS,met2-met3,STRIPE,via,113818,70480,115418,70960,1600,via2_1600x480
VSS,met1-met2,STRIPE,via,113818,70480,115418,70960,1600,via_1600x480
VSS,met3-met4,STRIPE,via,87276,70480,88876,70960,1600,via3_1600x480
VSS,met2-met3,STRIPE,via,87276,70480,88876,70960,1600,via2_1600x480
VSS,met1-met2,STRIPE,via,87276,70480,88876,70960,1600,via_1600x480
VSS,met3-met4,STRIPE,via,66658,70480,68258,70960,1600,via3_1600x480
VSS,met2-met3,STRIPE,via,66658,70480,68258,70960,1600,via2_1600x480
VSS,met1-met2,STRIPE,via,66658,70480,68258,70960,1600,via_1600x480
VSS,met3-met4,STRIPE,via,39021,70480,40621,70960,1600,via3_1600x480
VSS,met2-met3,STRIPE,via,39021,70480,40621,70960,1600,via2_1600x480
VSS,met1-met2,STRIPE,via,39021,70480,40621,70960,1600,via_1600x480
VSS,met3-met4,STRIPE,via,252066,65040,253666,65520,1600,via3_1600x480
VSS,met2-met3,STRIPE,via,252066,65040,253666,65520,1600,via2_1600x480
VSS,met1-met2,STRIPE,via,252066,65040,253666,65520,1600,via_1600x480
VSS,met3-met4,STRIPE,via,230472,65040,232072,65520,1600,via3_1600x480
VSS,met2-met3,STRIPE,via,230472,65040,232072,65520,1600,via2_1600x480
VSS,met1-met2,STRIPE,via,230472,65040,232072,65520,1600,via_1600x480
VSS,met3-met4,STRIPE,via,196752,65040,198352,65520,1600,via3_1600x480
VSS,met2-met3,STRIPE,via,196752,65040,198352,65520,1600,via2_1600x480
VSS,met1-met2,STRIPE,via,196752,65040,198352,65520,1600,via_1600x480
VSS,met3-met4,STRIPE,via,169746,65040,171346,65520,1600,via3_1600x480
VSS,met2-met3,STRIPE,via,169746,65040,171346,65520,1600,via2_1600x480
VSS,met1-met2,STRIPE,via,169746,65040,171346,65520,1600,via_1600x480
VSS,met3-met4,STRIPE,via,146480,65040,148080,65520,1600,via3_1600x480
VSS,met2-met3,STRIPE,via,146480,65040,148080,65520,1600,via2_1600x480
VSS,met1-met2,STRIPE,via,146480,65040,148080,65520,1600,via_1600x480
VSS,met3-met4,STRIPE,via,113818,65040,115418,65520,1600,via3_1600x480
VSS,met2-met3,STRIPE,via,113818,65040,115418,65520,1600,via2_1600x480
VSS,met1-met2,STRIPE,via,113818,65040,115418,65520,1600,via_1600x480
VSS,met3-met4,STRIPE,via,87276,65040,88876,65520,1600,via3_1600x480
VSS,met2-met3,STRIPE,via,87276,65040,88876,65520,1600,via2_1600x480
VSS,met1-met2,STRIPE,via,87276,65040,88876,65520,1600,via_1600x480
VSS,met3-met4,STRIPE,via,66658,65040,68258,65520,1600,via3_1600x480
VSS,met2-met3,STRIPE,via,66658,65040,68258,65520,1600,via2_1600x480
VSS,met1-met2,STRIPE,via,66658,65040,68258,65520,1600,via_1600x480
VSS,met3-met4,STRIPE,via,39021,65040,40621,65520,1600,via3_1600x480
VSS,met2-met3,STRIPE,via,39021,65040,40621,65520,1600,via2_1600x480
VSS,met1-met2,STRIPE,via,39021,65040,40621,65520,1600,via_1600x480
VSS,met3-met4,STRIPE,via,252066,59600,253666,60080,1600,via3_1600x480
VSS,met2-met3,STRIPE,via,252066,59600,253666,60080,1600,via2_1600x480
VSS,met1-met2,STRIPE,via,252066,59600,253666,60080,1600,via_1600x480
VSS,met3-met4,STRIPE,via,230472,59600,232072,60080,1600,via3_1600x480
VSS,met2-met3,STRIPE,via,230472,59600,232072,60080,1600,via2_1600x480
VSS,met1-met2,STRIPE,via,230472,59600,232072,60080,1600,via_1600x480
VSS,met3-met4,STRIPE,via,196752,59600,198352,60080,1600,via3_1600x480
VSS,met2-met3,STRIPE,via,196752,59600,198352,60080,1600,via2_1600x480
VSS,met1-met2,STRIPE,via,196752,59600,198352,60080,1600,via_1600x480
VSS,met3-met4,STRIPE,via,169746,59600,171346,60080,1600,via3_1600x480
VSS,met2-met3,STRIPE,via,169746,59600,171346,60080,1600,via2_1600x480
VSS,met1-met2,STRIPE,via,169746,59600,171346,60080,1600,via_1600x480
VSS,met3-met4,STRIPE,via,146480,59600,148080,60080,1600,via3_1600x480
VSS,met2-met3,STRIPE,via,146480,59600,148080,60080,1600,via2_1600x480
VSS,met1-met2,STRIPE,via,146480,59600,148080,60080,1600,via_1600x480
VSS,met3-met4,STRIPE,via,113818,59600,115418,60080,1600,via3_1600x480
VSS,met2-met3,STRIPE,via,113818,59600,115418,60080,1600,via2_1600x480
VSS,met1-met2,STRIPE,via,113818,59600,115418,60080,1600,via_1600x480
VSS,met3-met4,STRIPE,via,87276,59600,88876,60080,1600,via3_1600x480
VSS,met2-met3,STRIPE,via,87276,59600,88876,60080,1600,via2_1600x480
VSS,met1-met2,STRIPE,via,87276,59600,88876,60080,1600,via_1600x480
VSS,met3-met4,STRIPE,via,66658,59600,68258,60080,1600,via3_1600x480
VSS,met2-met3,STRIPE,via,66658,59600,68258,60080,1600,via2_1600x480
VSS,met1-met2,STRIPE,via,66658,59600,68258,60080,1600,via_1600x480
VSS,met3-met4,STRIPE,via,39021,59600,40621,60080,1600,via3_1600x480
VSS,met2-met3,STRIPE,via,39021,59600,40621,60080,1600,via2_1600x480
VSS,met1-met2,STRIPE,via,39021,59600,40621,60080,1600,via_1600x480
VSS,met3-met4,STRIPE,via,252066,54160,253666,54640,1600,via3_1600x480
VSS,met2-met3,STRIPE,via,252066,54160,253666,54640,1600,via2_1600x480
VSS,met1-met2,STRIPE,via,252066,54160,253666,54640,1600,via_1600x480
VSS,met3-met4,STRIPE,via,230472,54160,232072,54640,1600,via3_1600x480
VSS,met2-met3,STRIPE,via,230472,54160,232072,54640,1600,via2_1600x480
VSS,met1-met2,STRIPE,via,230472,54160,232072,54640,1600,via_1600x480
VSS,met3-met4,STRIPE,via,196752,54160,198352,54640,1600,via3_1600x480
VSS,met2-met3,STRIPE,via,196752,54160,198352,54640,1600,via2_1600x480
VSS,met1-met2,STRIPE,via,196752,54160,198352,54640,1600,via_1600x480
VSS,met3-met4,STRIPE,via,169746,54160,171346,54640,1600,via3_1600x480
VSS,met2-met3,STRIPE,via,169746,54160,171346,54640,1600,via2_1600x480
VSS,met1-met2,STRIPE,via,169746,54160,171346,54640,1600,via_1600x480
VSS,met3-met4,STRIPE,via,146480,54160,148080,54640,1600,via3_1600x480
VSS,met2-met3,STRIPE,via,146480,54160,148080,54640,1600,via2_1600x480
VSS,met1-met2,STRIPE,via,146480,54160,148080,54640,1600,via_1600x480
VSS,met3-met4,STRIPE,via,113818,54160,115418,54640,1600,via3_1600x480
VSS,met2-met3,STRIPE,via,113818,54160,115418,54640,1600,via2_1600x480
VSS,met1-met2,STRIPE,via,113818,54160,115418,54640,1600,via_1600x480
VSS,met3-met4,STRIPE,via,87276,54160,88876,54640,1600,via3_1600x480
VSS,met2-met3,STRIPE,via,87276,54160,88876,54640,1600,via2_1600x480
VSS,met1-met2,STRIPE,via,87276,54160,88876,54640,1600,via_1600x480
VSS,met3-met4,STRIPE,via,66658,54160,68258,54640,1600,via3_1600x480
VSS,met2-met3,STRIPE,via,66658,54160,68258,54640,1600,via2_1600x480
VSS,met1-met2,STRIPE,via,66658,54160,68258,54640,1600,via_1600x480
VSS,met3-met4,STRIPE,via,39021,54160,40621,54640,1600,via3_1600x480
VSS,met2-met3,STRIPE,via,39021,54160,40621,54640,1600,via2_1600x480
VSS,met1-met2,STRIPE,via,39021,54160,40621,54640,1600,via_1600x480
VSS,met3-met4,STRIPE,via,252066,48720,253666,49200,1600,via3_1600x480
VSS,met2-met3,STRIPE,via,252066,48720,253666,49200,1600,via2_1600x480
VSS,met1-met2,STRIPE,via,252066,48720,253666,49200,1600,via_1600x480
VSS,met3-met4,STRIPE,via,230472,48720,232072,49200,1600,via3_1600x480
VSS,met2-met3,STRIPE,via,230472,48720,232072,49200,1600,via2_1600x480
VSS,met1-met2,STRIPE,via,230472,48720,232072,49200,1600,via_1600x480
VSS,met3-met4,STRIPE,via,196752,48720,198352,49200,1600,via3_1600x480
VSS,met2-met3,STRIPE,via,196752,48720,198352,49200,1600,via2_1600x480
VSS,met1-met2,STRIPE,via,196752,48720,198352,49200,1600,via_1600x480
VSS,met3-met4,STRIPE,via,169746,48720,171346,49200,1600,via3_1600x480
VSS,met2-met3,STRIPE,via,169746,48720,171346,49200,1600,via2_1600x480
VSS,met1-met2,STRIPE,via,169746,48720,171346,49200,1600,via_1600x480
VSS,met3-met4,STRIPE,via,146480,48720,148080,49200,1600,via3_1600x480
VSS,met2-met3,STRIPE,via,146480,48720,148080,49200,1600,via2_1600x480
VSS,met1-met2,STRIPE,via,146480,48720,148080,49200,1600,via_1600x480
VSS,met3-met4,STRIPE,via,113818,48720,115418,49200,1600,via3_1600x480
VSS,met2-met3,STRIPE,via,113818,48720,115418,49200,1600,via2_1600x480
VSS,met1-met2,STRIPE,via,113818,48720,115418,49200,1600,via_1600x480
VSS,met3-met4,STRIPE,via,87276,48720,88876,49200,1600,via3_1600x480
VSS,met2-met3,STRIPE,via,87276,48720,88876,49200,1600,via2_1600x480
VSS,met1-met2,STRIPE,via,87276,48720,88876,49200,1600,via_1600x480
VSS,met3-met4,STRIPE,via,66658,48720,68258,49200,1600,via3_1600x480
VSS,met2-met3,STRIPE,via,66658,48720,68258,49200,1600,via2_1600x480
VSS,met1-met2,STRIPE,via,66658,48720,68258,49200,1600,via_1600x480
VSS,met3-met4,STRIPE,via,39021,48720,40621,49200,1600,via3_1600x480
VSS,met2-met3,STRIPE,via,39021,48720,40621,49200,1600,via2_1600x480
VSS,met1-met2,STRIPE,via,39021,48720,40621,49200,1600,via_1600x480
VSS,met3-met4,STRIPE,via,252066,43280,253666,43760,1600,via3_1600x480
VSS,met2-met3,STRIPE,via,252066,43280,253666,43760,1600,via2_1600x480
VSS,met1-met2,STRIPE,via,252066,43280,253666,43760,1600,via_1600x480
VSS,met3-met4,STRIPE,via,230472,43280,232072,43760,1600,via3_1600x480
VSS,met2-met3,STRIPE,via,230472,43280,232072,43760,1600,via2_1600x480
VSS,met1-met2,STRIPE,via,230472,43280,232072,43760,1600,via_1600x480
VSS,met3-met4,STRIPE,via,196752,43280,198352,43760,1600,via3_1600x480
VSS,met2-met3,STRIPE,via,196752,43280,198352,43760,1600,via2_1600x480
VSS,met1-met2,STRIPE,via,196752,43280,198352,43760,1600,via_1600x480
VSS,met3-met4,STRIPE,via,169746,43280,171346,43760,1600,via3_1600x480
VSS,met2-met3,STRIPE,via,169746,43280,171346,43760,1600,via2_1600x480
VSS,met1-met2,STRIPE,via,169746,43280,171346,43760,1600,via_1600x480
VSS,met3-met4,STRIPE,via,146480,43280,148080,43760,1600,via3_1600x480
VSS,met2-met3,STRIPE,via,146480,43280,148080,43760,1600,via2_1600x480
VSS,met1-met2,STRIPE,via,146480,43280,148080,43760,1600,via_1600x480
VSS,met3-met4,STRIPE,via,113818,43280,115418,43760,1600,via3_1600x480
VSS,met2-met3,STRIPE,via,113818,43280,115418,43760,1600,via2_1600x480
VSS,met1-met2,STRIPE,via,113818,43280,115418,43760,1600,via_1600x480
VSS,met3-met4,STRIPE,via,87276,43280,88876,43760,1600,via3_1600x480
VSS,met2-met3,STRIPE,via,87276,43280,88876,43760,1600,via2_1600x480
VSS,met1-met2,STRIPE,via,87276,43280,88876,43760,1600,via_1600x480
VSS,met3-met4,STRIPE,via,66658,43280,68258,43760,1600,via3_1600x480
VSS,met2-met3,STRIPE,via,66658,43280,68258,43760,1600,via2_1600x480
VSS,met1-met2,STRIPE,via,66658,43280,68258,43760,1600,via_1600x480
VSS,met3-met4,STRIPE,via,39021,43280,40621,43760,1600,via3_1600x480
VSS,met2-met3,STRIPE,via,39021,43280,40621,43760,1600,via2_1600x480
VSS,met1-met2,STRIPE,via,39021,43280,40621,43760,1600,via_1600x480
VSS,met3-met4,STRIPE,via,252066,37840,253666,38320,1600,via3_1600x480
VSS,met2-met3,STRIPE,via,252066,37840,253666,38320,1600,via2_1600x480
VSS,met1-met2,STRIPE,via,252066,37840,253666,38320,1600,via_1600x480
VSS,met3-met4,STRIPE,via,230472,37840,232072,38320,1600,via3_1600x480
VSS,met2-met3,STRIPE,via,230472,37840,232072,38320,1600,via2_1600x480
VSS,met1-met2,STRIPE,via,230472,37840,232072,38320,1600,via_1600x480
VSS,met3-met4,STRIPE,via,196752,37840,198352,38320,1600,via3_1600x480
VSS,met2-met3,STRIPE,via,196752,37840,198352,38320,1600,via2_1600x480
VSS,met1-met2,STRIPE,via,196752,37840,198352,38320,1600,via_1600x480
VSS,met3-met4,STRIPE,via,169746,37840,171346,38320,1600,via3_1600x480
VSS,met2-met3,STRIPE,via,169746,37840,171346,38320,1600,via2_1600x480
VSS,met1-met2,STRIPE,via,169746,37840,171346,38320,1600,via_1600x480
VSS,met3-met4,STRIPE,via,146480,37840,148080,38320,1600,via3_1600x480
VSS,met2-met3,STRIPE,via,146480,37840,148080,38320,1600,via2_1600x480
VSS,met1-met2,STRIPE,via,146480,37840,148080,38320,1600,via_1600x480
VSS,met3-met4,STRIPE,via,113818,37840,115418,38320,1600,via3_1600x480
VSS,met2-met3,STRIPE,via,113818,37840,115418,38320,1600,via2_1600x480
VSS,met1-met2,STRIPE,via,113818,37840,115418,38320,1600,via_1600x480
VSS,met3-met4,STRIPE,via,87276,37840,88876,38320,1600,via3_1600x480
VSS,met2-met3,STRIPE,via,87276,37840,88876,38320,1600,via2_1600x480
VSS,met1-met2,STRIPE,via,87276,37840,88876,38320,1600,via_1600x480
VSS,met3-met4,STRIPE,via,66658,37840,68258,38320,1600,via3_1600x480
VSS,met2-met3,STRIPE,via,66658,37840,68258,38320,1600,via2_1600x480
VSS,met1-met2,STRIPE,via,66658,37840,68258,38320,1600,via_1600x480
VSS,met3-met4,STRIPE,via,39021,37840,40621,38320,1600,via3_1600x480
VSS,met2-met3,STRIPE,via,39021,37840,40621,38320,1600,via2_1600x480
VSS,met1-met2,STRIPE,via,39021,37840,40621,38320,1600,via_1600x480
VSS,met3-met4,STRIPE,via,252066,32400,253666,32880,1600,via3_1600x480
VSS,met2-met3,STRIPE,via,252066,32400,253666,32880,1600,via2_1600x480
VSS,met1-met2,STRIPE,via,252066,32400,253666,32880,1600,via_1600x480
VSS,met3-met4,STRIPE,via,230472,32400,232072,32880,1600,via3_1600x480
VSS,met2-met3,STRIPE,via,230472,32400,232072,32880,1600,via2_1600x480
VSS,met1-met2,STRIPE,via,230472,32400,232072,32880,1600,via_1600x480
VSS,met3-met4,STRIPE,via,196752,32400,198352,32880,1600,via3_1600x480
VSS,met2-met3,STRIPE,via,196752,32400,198352,32880,1600,via2_1600x480
VSS,met1-met2,STRIPE,via,196752,32400,198352,32880,1600,via_1600x480
VSS,met3-met4,STRIPE,via,169746,32400,171346,32880,1600,via3_1600x480
VSS,met2-met3,STRIPE,via,169746,32400,171346,32880,1600,via2_1600x480
VSS,met1-met2,STRIPE,via,169746,32400,171346,32880,1600,via_1600x480
VSS,met3-met4,STRIPE,via,146480,32400,148080,32880,1600,via3_1600x480
VSS,met2-met3,STRIPE,via,146480,32400,148080,32880,1600,via2_1600x480
VSS,met1-met2,STRIPE,via,146480,32400,148080,32880,1600,via_1600x480
VSS,met3-met4,STRIPE,via,113818,32400,115418,32880,1600,via3_1600x480
VSS,met2-met3,STRIPE,via,113818,32400,115418,32880,1600,via2_1600x480
VSS,met1-met2,STRIPE,via,113818,32400,115418,32880,1600,via_1600x480
VSS,met3-met4,STRIPE,via,87276,32400,88876,32880,1600,via3_1600x480
VSS,met2-met3,STRIPE,via,87276,32400,88876,32880,1600,via2_1600x480
VSS,met1-met2,STRIPE,via,87276,32400,88876,32880,1600,via_1600x480
VSS,met3-met4,STRIPE,via,66658,32400,68258,32880,1600,via3_1600x480
VSS,met2-met3,STRIPE,via,66658,32400,68258,32880,1600,via2_1600x480
VSS,met1-met2,STRIPE,via,66658,32400,68258,32880,1600,via_1600x480
VSS,met3-met4,STRIPE,via,39021,32400,40621,32880,1600,via3_1600x480
VSS,met2-met3,STRIPE,via,39021,32400,40621,32880,1600,via2_1600x480
VSS,met1-met2,STRIPE,via,39021,32400,40621,32880,1600,via_1600x480
VSS,met3-met4,STRIPE,via,252066,26960,253666,27440,1600,via3_1600x480
VSS,met2-met3,STRIPE,via,252066,26960,253666,27440,1600,via2_1600x480
VSS,met1-met2,STRIPE,via,252066,26960,253666,27440,1600,via_1600x480
VSS,met3-met4,STRIPE,via,230472,26960,232072,27440,1600,via3_1600x480
VSS,met2-met3,STRIPE,via,230472,26960,232072,27440,1600,via2_1600x480
VSS,met1-met2,STRIPE,via,230472,26960,232072,27440,1600,via_1600x480
VSS,met3-met4,STRIPE,via,196752,26960,198352,27440,1600,via3_1600x480
VSS,met2-met3,STRIPE,via,196752,26960,198352,27440,1600,via2_1600x480
VSS,met1-met2,STRIPE,via,196752,26960,198352,27440,1600,via_1600x480
VSS,met3-met4,STRIPE,via,169746,26960,171346,27440,1600,via3_1600x480
VSS,met2-met3,STRIPE,via,169746,26960,171346,27440,1600,via2_1600x480
VSS,met1-met2,STRIPE,via,169746,26960,171346,27440,1600,via_1600x480
VSS,met3-met4,STRIPE,via,146480,26960,148080,27440,1600,via3_1600x480
VSS,met2-met3,STRIPE,via,146480,26960,148080,27440,1600,via2_1600x480
VSS,met1-met2,STRIPE,via,146480,26960,148080,27440,1600,via_1600x480
VSS,met3-met4,STRIPE,via,113818,26960,115418,27440,1600,via3_1600x480
VSS,met2-met3,STRIPE,via,113818,26960,115418,27440,1600,via2_1600x480
VSS,met1-met2,STRIPE,via,113818,26960,115418,27440,1600,via_1600x480
VSS,met3-met4,STRIPE,via,87276,26960,88876,27440,1600,via3_1600x480
VSS,met2-met3,STRIPE,via,87276,26960,88876,27440,1600,via2_1600x480
VSS,met1-met2,STRIPE,via,87276,26960,88876,27440,1600,via_1600x480
VSS,met3-met4,STRIPE,via,66658,26960,68258,27440,1600,via3_1600x480
VSS,met2-met3,STRIPE,via,66658,26960,68258,27440,1600,via2_1600x480
VSS,met1-met2,STRIPE,via,66658,26960,68258,27440,1600,via_1600x480
VSS,met3-met4,STRIPE,via,39021,26960,40621,27440,1600,via3_1600x480
VSS,met2-met3,STRIPE,via,39021,26960,40621,27440,1600,via2_1600x480
VSS,met1-met2,STRIPE,via,39021,26960,40621,27440,1600,via_1600x480
VSS,met3-met4,STRIPE,via,252066,21520,253666,22000,1600,via3_1600x480
VSS,met2-met3,STRIPE,via,252066,21520,253666,22000,1600,via2_1600x480
VSS,met1-met2,STRIPE,via,252066,21520,253666,22000,1600,via_1600x480
VSS,met3-met4,STRIPE,via,230472,21520,232072,22000,1600,via3_1600x480
VSS,met2-met3,STRIPE,via,230472,21520,232072,22000,1600,via2_1600x480
VSS,met1-met2,STRIPE,via,230472,21520,232072,22000,1600,via_1600x480
VSS,met3-met4,STRIPE,via,196752,21520,198352,22000,1600,via3_1600x480
VSS,met2-met3,STRIPE,via,196752,21520,198352,22000,1600,via2_1600x480
VSS,met1-met2,STRIPE,via,196752,21520,198352,22000,1600,via_1600x480
VSS,met3-met4,STRIPE,via,169746,21520,171346,22000,1600,via3_1600x480
VSS,met2-met3,STRIPE,via,169746,21520,171346,22000,1600,via2_1600x480
VSS,met1-met2,STRIPE,via,169746,21520,171346,22000,1600,via_1600x480
VSS,met3-met4,STRIPE,via,146480,21520,148080,22000,1600,via3_1600x480
VSS,met2-met3,STRIPE,via,146480,21520,148080,22000,1600,via2_1600x480
VSS,met1-met2,STRIPE,via,146480,21520,148080,22000,1600,via_1600x480
VSS,met3-met4,STRIPE,via,113818,21520,115418,22000,1600,via3_1600x480
VSS,met2-met3,STRIPE,via,113818,21520,115418,22000,1600,via2_1600x480
VSS,met1-met2,STRIPE,via,113818,21520,115418,22000,1600,via_1600x480
VSS,met3-met4,STRIPE,via,87276,21520,88876,22000,1600,via3_1600x480
VSS,met2-met3,STRIPE,via,87276,21520,88876,22000,1600,via2_1600x480
VSS,met1-met2,STRIPE,via,87276,21520,88876,22000,1600,via_1600x480
VSS,met3-met4,STRIPE,via,66658,21520,68258,22000,1600,via3_1600x480
VSS,met2-met3,STRIPE,via,66658,21520,68258,22000,1600,via2_1600x480
VSS,met1-met2,STRIPE,via,66658,21520,68258,22000,1600,via_1600x480
VSS,met3-met4,STRIPE,via,39021,21520,40621,22000,1600,via3_1600x480
VSS,met2-met3,STRIPE,via,39021,21520,40621,22000,1600,via2_1600x480
VSS,met1-met2,STRIPE,via,39021,21520,40621,22000,1600,via_1600x480
VSS,met3-met4,STRIPE,via,252066,16080,253666,16560,1600,via3_1600x480
VSS,met2-met3,STRIPE,via,252066,16080,253666,16560,1600,via2_1600x480
VSS,met1-met2,STRIPE,via,252066,16080,253666,16560,1600,via_1600x480
VSS,met3-met4,STRIPE,via,230472,16080,232072,16560,1600,via3_1600x480
VSS,met2-met3,STRIPE,via,230472,16080,232072,16560,1600,via2_1600x480
VSS,met1-met2,STRIPE,via,230472,16080,232072,16560,1600,via_1600x480
VSS,met3-met4,STRIPE,via,196752,16080,198352,16560,1600,via3_1600x480
VSS,met2-met3,STRIPE,via,196752,16080,198352,16560,1600,via2_1600x480
VSS,met1-met2,STRIPE,via,196752,16080,198352,16560,1600,via_1600x480
VSS,met3-met4,STRIPE,via,169746,16080,171346,16560,1600,via3_1600x480
VSS,met2-met3,STRIPE,via,169746,16080,171346,16560,1600,via2_1600x480
VSS,met1-met2,STRIPE,via,169746,16080,171346,16560,1600,via_1600x480
VSS,met3-met4,STRIPE,via,146480,16080,148080,16560,1600,via3_1600x480
VSS,met2-met3,STRIPE,via,146480,16080,148080,16560,1600,via2_1600x480
VSS,met1-met2,STRIPE,via,146480,16080,148080,16560,1600,via_1600x480
VSS,met3-met4,STRIPE,via,113818,16080,115418,16560,1600,via3_1600x480
VSS,met2-met3,STRIPE,via,113818,16080,115418,16560,1600,via2_1600x480
VSS,met1-met2,STRIPE,via,113818,16080,115418,16560,1600,via_1600x480
VSS,met3-met4,STRIPE,via,87276,16080,88876,16560,1600,via3_1600x480
VSS,met2-met3,STRIPE,via,87276,16080,88876,16560,1600,via2_1600x480
VSS,met1-met2,STRIPE,via,87276,16080,88876,16560,1600,via_1600x480
VSS,met3-met4,STRIPE,via,66658,16080,68258,16560,1600,via3_1600x480
VSS,met2-met3,STRIPE,via,66658,16080,68258,16560,1600,via2_1600x480
VSS,met1-met2,STRIPE,via,66658,16080,68258,16560,1600,via_1600x480
VSS,met3-met4,STRIPE,via,39021,16080,40621,16560,1600,via3_1600x480
VSS,met2-met3,STRIPE,via,39021,16080,40621,16560,1600,via2_1600x480
VSS,met1-met2,STRIPE,via,39021,16080,40621,16560,1600,via_1600x480
VSS,met3-met4,STRIPE,via,252066,10640,253666,11120,1600,via3_1600x480
VSS,met2-met3,STRIPE,via,252066,10640,253666,11120,1600,via2_1600x480
VSS,met1-met2,STRIPE,via,252066,10640,253666,11120,1600,via_1600x480
VSS,met3-met4,STRIPE,via,230472,10640,232072,11120,1600,via3_1600x480
VSS,met2-met3,STRIPE,via,230472,10640,232072,11120,1600,via2_1600x480
VSS,met1-met2,STRIPE,via,230472,10640,232072,11120,1600,via_1600x480
VSS,met3-met4,STRIPE,via,196752,10640,198352,11120,1600,via3_1600x480
VSS,met2-met3,STRIPE,via,196752,10640,198352,11120,1600,via2_1600x480
VSS,met1-met2,STRIPE,via,196752,10640,198352,11120,1600,via_1600x480
VSS,met3-met4,STRIPE,via,169746,10640,171346,11120,1600,via3_1600x480
VSS,met2-met3,STRIPE,via,169746,10640,171346,11120,1600,via2_1600x480
VSS,met1-met2,STRIPE,via,169746,10640,171346,11120,1600,via_1600x480
VSS,met3-met4,STRIPE,via,146480,10640,148080,11120,1600,via3_1600x480
VSS,met2-met3,STRIPE,via,146480,10640,148080,11120,1600,via2_1600x480
VSS,met1-met2,STRIPE,via,146480,10640,148080,11120,1600,via_1600x480
VSS,met3-met4,STRIPE,via,113818,10640,115418,11120,1600,via3_1600x480
VSS,met2-met3,STRIPE,via,113818,10640,115418,11120,1600,via2_1600x480
VSS,met1-met2,STRIPE,via,113818,10640,115418,11120,1600,via_1600x480
VSS,met3-met4,STRIPE,via,87276,10640,88876,11120,1600,via3_1600x480
VSS,met2-met3,STRIPE,via,87276,10640,88876,11120,1600,via2_1600x480
VSS,met1-met2,STRIPE,via,87276,10640,88876,11120,1600,via_1600x480
VSS,met3-met4,STRIPE,via,66658,10640,68258,11120,1600,via3_1600x480
VSS,met2-met3,STRIPE,via,66658,10640,68258,11120,1600,via2_1600x480
VSS,met1-met2,STRIPE,via,66658,10640,68258,11120,1600,via_1600x480
VSS,met3-met4,STRIPE,via,39021,10640,40621,11120,1600,via3_1600x480
VSS,met2-met3,STRIPE,via,39021,10640,40621,11120,1600,via2_1600x480
VSS,met1-met2,STRIPE,via,39021,10640,40621,11120,1600,via_1600x480
VSS,met5,STRIPE,wire,10120,254640,269560,256240,1600,
VSS,met5,STRIPE,wire,10120,227440,269560,229040,1600,
VSS,met5,STRIPE,wire,10120,200240,269560,201840,1600,
VSS,met5,STRIPE,wire,10120,173040,269560,174640,1600,
VSS,met5,STRIPE,wire,10120,145840,269560,147440,1600,
VSS,met5,STRIPE,wire,10120,118640,269560,120240,1600,
VSS,met5,STRIPE,wire,10120,91440,269560,93040,1600,
VSS,met5,STRIPE,wire,10120,64240,269560,65840,1600,
VSS,met5,STRIPE,wire,10120,37040,269560,38640,1600,
VSS,met4,STRIPE,wire,252066,10640,253666,269520,1600,
VSS,met4,STRIPE,wire,230472,10640,232072,269520,1600,
VSS,met4,STRIPE,wire,196752,10640,198352,269520,1600,
VSS,met4,STRIPE,wire,169746,10640,171346,269520,1600,
VSS,met4,STRIPE,wire,146480,10640,148080,269520,1600,
VSS,met4,STRIPE,wire,113818,10640,115418,269520,1600,
VSS,met4,STRIPE,wire,87276,10640,88876,269520,1600,
VSS,met4,STRIPE,wire,66658,10640,68258,269520,1600,
VSS,met4,STRIPE,wire,39021,10640,40621,269520,1600,
VSS,met1,FOLLOWPIN,wire,10120,266320,269560,266800,480,
VSS,met1,FOLLOWPIN,wire,10120,260880,269560,261360,480,
VSS,met1,FOLLOWPIN,wire,10120,255440,269560,255920,480,
VSS,met1,FOLLOWPIN,wire,10120,250000,269560,250480,480,
VSS,met1,FOLLOWPIN,wire,10120,244560,269560,245040,480,
VSS,met1,FOLLOWPIN,wire,10120,239120,269560,239600,480,
VSS,met1,FOLLOWPIN,wire,10120,233680,269560,234160,480,
VSS,met1,FOLLOWPIN,wire,10120,228240,269560,228720,480,
VSS,met1,FOLLOWPIN,wire,10120,222800,269560,223280,480,
VSS,met1,FOLLOWPIN,wire,10120,217360,269560,217840,480,
VSS,met1,FOLLOWPIN,wire,10120,211920,269560,212400,480,
VSS,met1,FOLLOWPIN,wire,10120,206480,269560,206960,480,
VSS,met1,FOLLOWPIN,wire,10120,201040,269560,201520,480,
VSS,met1,FOLLOWPIN,wire,10120,195600,269560,196080,480,
VSS,met1,FOLLOWPIN,wire,10120,190160,269560,190640,480,
VSS,met1,FOLLOWPIN,wire,10120,184720,269560,185200,480,
VSS,met1,FOLLOWPIN,wire,10120,179280,269560,179760,480,
VSS,met1,FOLLOWPIN,wire,10120,173840,269560,174320,480,
VSS,met1,FOLLOWPIN,wire,10120,168400,269560,168880,480,
VSS,met1,FOLLOWPIN,wire,10120,162960,269560,163440,480,
VSS,met1,FOLLOWPIN,wire,10120,157520,269560,158000,480,
VSS,met1,FOLLOWPIN,wire,10120,152080,269560,152560,480,
VSS,met1,FOLLOWPIN,wire,10120,146640,269560,147120,480,
VSS,met1,FOLLOWPIN,wire,10120,141200,269560,141680,480,
VSS,met1,FOLLOWPIN,wire,10120,135760,269560,136240,480,
VSS,met1,FOLLOWPIN,wire,10120,130320,269560,130800,480,
VSS,met1,FOLLOWPIN,wire,10120,124880,269560,125360,480,
VSS,met1,FOLLOWPIN,wire,10120,119440,269560,119920,480,
VSS,met1,FOLLOWPIN,wire,10120,114000,269560,114480,480,
VSS,met1,FOLLOWPIN,wire,10120,108560,269560,109040,480,
VSS,met1,FOLLOWPIN,wire,10120,103120,269560,103600,480,
VSS,met1,FOLLOWPIN,wire,10120,97680,269560,98160,480,
VSS,met1,FOLLOWPIN,wire,10120,92240,269560,92720,480,
VSS,met1,FOLLOWPIN,wire,10120,86800,269560,87280,480,
VSS,met1,FOLLOWPIN,wire,10120,81360,269560,81840,480,
VSS,met1,FOLLOWPIN,wire,10120,75920,269560,76400,480,
VSS,met1,FOLLOWPIN,wire,10120,70480,269560,70960,480,
VSS,met1,FOLLOWPIN,wire,10120,65040,269560,65520,480,
VSS,met1,FOLLOWPIN,wire,10120,59600,269560,60080,480,
VSS,met1,FOLLOWPIN,wire,10120,54160,269560,54640,480,
VSS,met1,FOLLOWPIN,wire,10120,48720,269560,49200,480,
VSS,met1,FOLLOWPIN,wire,10120,43280,269560,43760,480,
VSS,met1,FOLLOWPIN,wire,10120,37840,269560,38320,480,
VSS,met1,FOLLOWPIN,wire,10120,32400,269560,32880,480,
VSS,met1,FOLLOWPIN,wire,10120,26960,269560,27440,480,
VSS,met1,FOLLOWPIN,wire,10120,21520,269560,22000,480,
VSS,met1,FOLLOWPIN,wire,10120,16080,269560,16560,480,
VSS,met1,FOLLOWPIN,wire,10120,10640,269560,11120,480,
VDD,met4-met5,STRIPE,via,263371,241040,264971,242640,1600,via4_1600x1600
VDD,met4-met5,STRIPE,via,238378,241040,239978,242640,1600,via4_1600x1600
VDD,met4-met5,STRIPE,via,214753,241040,216353,242640,1600,via4_1600x1600
VDD,met4-met5,STRIPE,via,189471,241040,191071,242640,1600,via4_1600x1600
VDD,met4-met5,STRIPE,via,158463,241040,160063,242640,1600,via4_1600x1600
VDD,met4-met5,STRIPE,via,131618,241040,133218,242640,1600,via4_1600x1600
VDD,met4-met5,STRIPE,via,106313,241040,107913,242640,1600,via4_1600x1600
VDD,met4-met5,STRIPE,via,75434,241040,77034,242640,1600,via4_1600x1600
VDD,met4-met5,STRIPE,via,49693,241040,51293,242640,1600,via4_1600x1600
VDD,met4-met5,STRIPE,via,26587,241040,28187,242640,1600,via4_1600x1600
VDD,met4-met5,STRIPE,via,263371,213840,264971,215440,1600,via4_1600x1600
VDD,met4-met5,STRIPE,via,238378,213840,239978,215440,1600,via4_1600x1600
VDD,met4-met5,STRIPE,via,214753,213840,216353,215440,1600,via4_1600x1600
VDD,met4-met5,STRIPE,via,189471,213840,191071,215440,1600,via4_1600x1600
VDD,met4-met5,STRIPE,via,158463,213840,160063,215440,1600,via4_1600x1600
VDD,met4-met5,STRIPE,via,131618,213840,133218,215440,1600,via4_1600x1600
VDD,met4-met5,STRIPE,via,106313,213840,107913,215440,1600,via4_1600x1600
VDD,met4-met5,STRIPE,via,75434,213840,77034,215440,1600,via4_1600x1600
VDD,met4-met5,STRIPE,via,49693,213840,51293,215440,1600,via4_1600x1600
VDD,met4-met5,STRIPE,via,26587,213840,28187,215440,1600,via4_1600x1600
VDD,met4-met5,STRIPE,via,263371,186640,264971,188240,1600,via4_1600x1600
VDD,met4-met5,STRIPE,via,238378,186640,239978,188240,1600,via4_1600x1600
VDD,met4-met5,STRIPE,via,214753,186640,216353,188240,1600,via4_1600x1600
VDD,met4-met5,STRIPE,via,189471,186640,191071,188240,1600,via4_1600x1600
VDD,met4-met5,STRIPE,via,158463,186640,160063,188240,1600,via4_1600x1600
VDD,met4-met5,STRIPE,via,131618,186640,133218,188240,1600,via4_1600x1600
VDD,met4-met5,STRIPE,via,106313,186640,107913,188240,1600,via4_1600x1600
VDD,met4-met5,STRIPE,via,75434,186640,77034,188240,1600,via4_1600x1600
VDD,met4-met5,STRIPE,via,49693,186640,51293,188240,1600,via4_1600x1600
VDD,met4-met5,STRIPE,via,26587,186640,28187,188240,1600,via4_1600x1600
VDD,met4-met5,STRIPE,via,263371,159440,264971,161040,1600,via4_1600x1600
VDD,met4-met5,STRIPE,via,238378,159440,239978,161040,1600,via4_1600x1600
VDD,met4-met5,STRIPE,via,214753,159440,216353,161040,1600,via4_1600x1600
VDD,met4-met5,STRIPE,via,189471,159440,191071,161040,1600,via4_1600x1600
VDD,met4-met5,STRIPE,via,158463,159440,160063,161040,1600,via4_1600x1600
VDD,met4-met5,STRIPE,via,131618,159440,133218,161040,1600,via4_1600x1600
VDD,met4-met5,STRIPE,via,106313,159440,107913,161040,1600,via4_1600x1600
VDD,met4-met5,STRIPE,via,75434,159440,77034,161040,1600,via4_1600x1600
VDD,met4-met5,STRIPE,via,49693,159440,51293,161040,1600,via4_1600x1600
VDD,met4-met5,STRIPE,via,26587,159440,28187,161040,1600,via4_1600x1600
VDD,met4-met5,STRIPE,via,263371,132240,264971,133840,1600,via4_1600x1600
VDD,met4-met5,STRIPE,via,238378,132240,239978,133840,1600,via4_1600x1600
VDD,met4-met5,STRIPE,via,214753,132240,216353,133840,1600,via4_1600x1600
VDD,met4-met5,STRIPE,via,189471,132240,191071,133840,1600,via4_1600x1600
VDD,met4-met5,STRIPE,via,158463,132240,160063,133840,1600,via4_1600x1600
VDD,met4-met5,STRIPE,via,131618,132240,133218,133840,1600,via4_1600x1600
VDD,met4-met5,STRIPE,via,106313,132240,107913,133840,1600,via4_1600x1600
VDD,met4-met5,STRIPE,via,75434,132240,77034,133840,1600,via4_1600x1600
VDD,met4-met5,STRIPE,via,49693,132240,51293,133840,1600,via4_1600x1600
VDD,met4-met5,STRIPE,via,26587,132240,28187,133840,1600,via4_1600x1600
VDD,met4-met5,STRIPE,via,263371,105040,264971,106640,1600,via4_1600x1600
VDD,met4-met5,STRIPE,via,238378,105040,239978,106640,1600,via4_1600x1600
VDD,met4-met5,STRIPE,via,214753,105040,216353,106640,1600,via4_1600x1600
VDD,met4-met5,STRIPE,via,189471,105040,191071,106640,1600,via4_1600x1600
VDD,met4-met5,STRIPE,via,158463,105040,160063,106640,1600,via4_1600x1600
VDD,met4-met5,STRIPE,via,131618,105040,133218,106640,1600,via4_1600x1600
VDD,met4-met5,STRIPE,via,106313,105040,107913,106640,1600,via4_1600x1600
VDD,met4-met5,STRIPE,via,75434,105040,77034,106640,1600,via4_1600x1600
VDD,met4-met5,STRIPE,via,49693,105040,51293,106640,1600,via4_1600x1600
VDD,met4-met5,STRIPE,via,26587,105040,28187,106640,1600,via4_1600x1600
VDD,met4-met5,STRIPE,via,263371,77840,264971,79440,1600,via4_1600x1600
VDD,met4-met5,STRIPE,via,238378,77840,239978,79440,1600,via4_1600x1600
VDD,met4-met5,STRIPE,via,214753,77840,216353,79440,1600,via4_1600x1600
VDD,met4-met5,STRIPE,via,189471,77840,191071,79440,1600,via4_1600x1600
VDD,met4-met5,STRIPE,via,158463,77840,160063,79440,1600,via4_1600x1600
VDD,met4-met5,STRIPE,via,131618,77840,133218,79440,1600,via4_1600x1600
VDD,met4-met5,STRIPE,via,106313,77840,107913,79440,1600,via4_1600x1600
VDD,met4-met5,STRIPE,via,75434,77840,77034,79440,1600,via4_1600x1600
VDD,met4-met5,STRIPE,via,49693,77840,51293,79440,1600,via4_1600x1600
VDD,met4-met5,STRIPE,via,26587,77840,28187,79440,1600,via4_1600x1600
VDD,met4-met5,STRIPE,via,263371,50640,264971,52240,1600,via4_1600x1600
VDD,met4-met5,STRIPE,via,238378,50640,239978,52240,1600,via4_1600x1600
VDD,met4-met5,STRIPE,via,214753,50640,216353,52240,1600,via4_1600x1600
VDD,met4-met5,STRIPE,via,189471,50640,191071,52240,1600,via4_1600x1600
VDD,met4-met5,STRIPE,via,158463,50640,160063,52240,1600,via4_1600x1600
VDD,met4-met5,STRIPE,via,131618,50640,133218,52240,1600,via4_1600x1600
VDD,met4-met5,STRIPE,via,106313,50640,107913,52240,1600,via4_1600x1600
VDD,met4-met5,STRIPE,via,75434,50640,77034,52240,1600,via4_1600x1600
VDD,met4-met5,STRIPE,via,49693,50640,51293,52240,1600,via4_1600x1600
VDD,met4-met5,STRIPE,via,26587,50640,28187,52240,1600,via4_1600x1600
VDD,met4-met5,STRIPE,via,263371,23440,264971,25040,1600,via4_1600x1600
VDD,met4-met5,STRIPE,via,238378,23440,239978,25040,1600,via4_1600x1600
VDD,met4-met5,STRIPE,via,214753,23440,216353,25040,1600,via4_1600x1600
VDD,met4-met5,STRIPE,via,189471,23440,191071,25040,1600,via4_1600x1600
VDD,met4-met5,STRIPE,via,158463,23440,160063,25040,1600,via4_1600x1600
VDD,met4-met5,STRIPE,via,131618,23440,133218,25040,1600,via4_1600x1600
VDD,met4-met5,STRIPE,via,106313,23440,107913,25040,1600,via4_1600x1600
VDD,met4-met5,STRIPE,via,75434,23440,77034,25040,1600,via4_1600x1600
VDD,met4-met5,STRIPE,via,49693,23440,51293,25040,1600,via4_1600x1600
VDD,met4-met5,STRIPE,via,26587,23440,28187,25040,1600,via4_1600x1600
VDD,met3-met4,STRIPE,via,263371,269040,264971,269520,1600,via3_1600x480
VDD,met2-met3,STRIPE,via,263371,269040,264971,269520,1600,via2_1600x480
VDD,met1-met2,STRIPE,via,263371,269040,264971,269520,1600,via_1600x480
VDD,met3-met4,STRIPE,via,238378,269040,239978,269520,1600,via3_1600x480
VDD,met2-met3,STRIPE,via,238378,269040,239978,269520,1600,via2_1600x480
VDD,met1-met2,STRIPE,via,238378,269040,239978,269520,1600,via_1600x480
VDD,met3-met4,STRIPE,via,214753,269040,216353,269520,1600,via3_1600x480
VDD,met2-met3,STRIPE,via,214753,269040,216353,269520,1600,via2_1600x480
VDD,met1-met2,STRIPE,via,214753,269040,216353,269520,1600,via_1600x480
VDD,met3-met4,STRIPE,via,189471,269040,191071,269520,1600,via3_1600x480
VDD,met2-met3,STRIPE,via,189471,269040,191071,269520,1600,via2_1600x480
VDD,met1-met2,STRIPE,via,189471,269040,191071,269520,1600,via_1600x480
VDD,met3-met4,STRIPE,via,158463,269040,160063,269520,1600,via3_1600x480
VDD,met2-met3,STRIPE,via,158463,269040,160063,269520,1600,via2_1600x480
VDD,met1-met2,STRIPE,via,158463,269040,160063,269520,1600,via_1600x480
VDD,met3-met4,STRIPE,via,131618,269040,133218,269520,1600,via3_1600x480
VDD,met2-met3,STRIPE,via,131618,269040,133218,269520,1600,via2_1600x480
VDD,met1-met2,STRIPE,via,131618,269040,133218,269520,1600,via_1600x480
VDD,met3-met4,STRIPE,via,106313,269040,107913,269520,1600,via3_1600x480
VDD,met2-met3,STRIPE,via,106313,269040,107913,269520,1600,via2_1600x480
VDD,met1-met2,STRIPE,via,106313,269040,107913,269520,1600,via_1600x480
VDD,met3-met4,STRIPE,via,75434,269040,77034,269520,1600,via3_1600x480
VDD,met2-met3,STRIPE,via,75434,269040,77034,269520,1600,via2_1600x480
VDD,met1-met2,STRIPE,via,75434,269040,77034,269520,1600,via_1600x480
VDD,met3-met4,STRIPE,via,49693,269040,51293,269520,1600,via3_1600x480
VDD,met2-met3,STRIPE,via,49693,269040,51293,269520,1600,via2_1600x480
VDD,met1-met2,STRIPE,via,49693,269040,51293,269520,1600,via_1600x480
VDD,met3-met4,STRIPE,via,26587,269040,28187,269520,1600,via3_1600x480
VDD,met2-met3,STRIPE,via,26587,269040,28187,269520,1600,via2_1600x480
VDD,met1-met2,STRIPE,via,26587,269040,28187,269520,1600,via_1600x480
VDD,met3-met4,STRIPE,via,263371,263600,264971,264080,1600,via3_1600x480
VDD,met2-met3,STRIPE,via,263371,263600,264971,264080,1600,via2_1600x480
VDD,met1-met2,STRIPE,via,263371,263600,264971,264080,1600,via_1600x480
VDD,met3-met4,STRIPE,via,238378,263600,239978,264080,1600,via3_1600x480
VDD,met2-met3,STRIPE,via,238378,263600,239978,264080,1600,via2_1600x480
VDD,met1-met2,STRIPE,via,238378,263600,239978,264080,1600,via_1600x480
VDD,met3-met4,STRIPE,via,214753,263600,216353,264080,1600,via3_1600x480
VDD,met2-met3,STRIPE,via,214753,263600,216353,264080,1600,via2_1600x480
VDD,met1-met2,STRIPE,via,214753,263600,216353,264080,1600,via_1600x480
VDD,met3-met4,STRIPE,via,189471,263600,191071,264080,1600,via3_1600x480
VDD,met2-met3,STRIPE,via,189471,263600,191071,264080,1600,via2_1600x480
VDD,met1-met2,STRIPE,via,189471,263600,191071,264080,1600,via_1600x480
VDD,met3-met4,STRIPE,via,158463,263600,160063,264080,1600,via3_1600x480
VDD,met2-met3,STRIPE,via,158463,263600,160063,264080,1600,via2_1600x480
VDD,met1-met2,STRIPE,via,158463,263600,160063,264080,1600,via_1600x480
VDD,met3-met4,STRIPE,via,131618,263600,133218,264080,1600,via3_1600x480
VDD,met2-met3,STRIPE,via,131618,263600,133218,264080,1600,via2_1600x480
VDD,met1-met2,STRIPE,via,131618,263600,133218,264080,1600,via_1600x480
VDD,met3-met4,STRIPE,via,106313,263600,107913,264080,1600,via3_1600x480
VDD,met2-met3,STRIPE,via,106313,263600,107913,264080,1600,via2_1600x480
VDD,met1-met2,STRIPE,via,106313,263600,107913,264080,1600,via_1600x480
VDD,met3-met4,STRIPE,via,75434,263600,77034,264080,1600,via3_1600x480
VDD,met2-met3,STRIPE,via,75434,263600,77034,264080,1600,via2_1600x480
VDD,met1-met2,STRIPE,via,75434,263600,77034,264080,1600,via_1600x480
VDD,met3-met4,STRIPE,via,49693,263600,51293,264080,1600,via3_1600x480
VDD,met2-met3,STRIPE,via,49693,263600,51293,264080,1600,via2_1600x480
VDD,met1-met2,STRIPE,via,49693,263600,51293,264080,1600,via_1600x480
VDD,met3-met4,STRIPE,via,26587,263600,28187,264080,1600,via3_1600x480
VDD,met2-met3,STRIPE,via,26587,263600,28187,264080,1600,via2_1600x480
VDD,met1-met2,STRIPE,via,26587,263600,28187,264080,1600,via_1600x480
VDD,met3-met4,STRIPE,via,263371,258160,264971,258640,1600,via3_1600x480
VDD,met2-met3,STRIPE,via,263371,258160,264971,258640,1600,via2_1600x480
VDD,met1-met2,STRIPE,via,263371,258160,264971,258640,1600,via_1600x480
VDD,met3-met4,STRIPE,via,238378,258160,239978,258640,1600,via3_1600x480
VDD,met2-met3,STRIPE,via,238378,258160,239978,258640,1600,via2_1600x480
VDD,met1-met2,STRIPE,via,238378,258160,239978,258640,1600,via_1600x480
VDD,met3-met4,STRIPE,via,214753,258160,216353,258640,1600,via3_1600x480
VDD,met2-met3,STRIPE,via,214753,258160,216353,258640,1600,via2_1600x480
VDD,met1-met2,STRIPE,via,214753,258160,216353,258640,1600,via_1600x480
VDD,met3-met4,STRIPE,via,189471,258160,191071,258640,1600,via3_1600x480
VDD,met2-met3,STRIPE,via,189471,258160,191071,258640,1600,via2_1600x480
VDD,met1-met2,STRIPE,via,189471,258160,191071,258640,1600,via_1600x480
VDD,met3-met4,STRIPE,via,158463,258160,160063,258640,1600,via3_1600x480
VDD,met2-met3,STRIPE,via,158463,258160,160063,258640,1600,via2_1600x480
VDD,met1-met2,STRIPE,via,158463,258160,160063,258640,1600,via_1600x480
VDD,met3-met4,STRIPE,via,131618,258160,133218,258640,1600,via3_1600x480
VDD,met2-met3,STRIPE,via,131618,258160,133218,258640,1600,via2_1600x480
VDD,met1-met2,STRIPE,via,131618,258160,133218,258640,1600,via_1600x480
VDD,met3-met4,STRIPE,via,106313,258160,107913,258640,1600,via3_1600x480
VDD,met2-met3,STRIPE,via,106313,258160,107913,258640,1600,via2_1600x480
VDD,met1-met2,STRIPE,via,106313,258160,107913,258640,1600,via_1600x480
VDD,met3-met4,STRIPE,via,75434,258160,77034,258640,1600,via3_1600x480
VDD,met2-met3,STRIPE,via,75434,258160,77034,258640,1600,via2_1600x480
VDD,met1-met2,STRIPE,via,75434,258160,77034,258640,1600,via_1600x480
VDD,met3-met4,STRIPE,via,49693,258160,51293,258640,1600,via3_1600x480
VDD,met2-met3,STRIPE,via,49693,258160,51293,258640,1600,via2_1600x480
VDD,met1-met2,STRIPE,via,49693,258160,51293,258640,1600,via_1600x480
VDD,met3-met4,STRIPE,via,26587,258160,28187,258640,1600,via3_1600x480
VDD,met2-met3,STRIPE,via,26587,258160,28187,258640,1600,via2_1600x480
VDD,met1-met2,STRIPE,via,26587,258160,28187,258640,1600,via_1600x480
VDD,met3-met4,STRIPE,via,263371,252720,264971,253200,1600,via3_1600x480
VDD,met2-met3,STRIPE,via,263371,252720,264971,253200,1600,via2_1600x480
VDD,met1-met2,STRIPE,via,263371,252720,264971,253200,1600,via_1600x480
VDD,met3-met4,STRIPE,via,238378,252720,239978,253200,1600,via3_1600x480
VDD,met2-met3,STRIPE,via,238378,252720,239978,253200,1600,via2_1600x480
VDD,met1-met2,STRIPE,via,238378,252720,239978,253200,1600,via_1600x480
VDD,met3-met4,STRIPE,via,214753,252720,216353,253200,1600,via3_1600x480
VDD,met2-met3,STRIPE,via,214753,252720,216353,253200,1600,via2_1600x480
VDD,met1-met2,STRIPE,via,214753,252720,216353,253200,1600,via_1600x480
VDD,met3-met4,STRIPE,via,189471,252720,191071,253200,1600,via3_1600x480
VDD,met2-met3,STRIPE,via,189471,252720,191071,253200,1600,via2_1600x480
VDD,met1-met2,STRIPE,via,189471,252720,191071,253200,1600,via_1600x480
VDD,met3-met4,STRIPE,via,158463,252720,160063,253200,1600,via3_1600x480
VDD,met2-met3,STRIPE,via,158463,252720,160063,253200,1600,via2_1600x480
VDD,met1-met2,STRIPE,via,158463,252720,160063,253200,1600,via_1600x480
VDD,met3-met4,STRIPE,via,131618,252720,133218,253200,1600,via3_1600x480
VDD,met2-met3,STRIPE,via,131618,252720,133218,253200,1600,via2_1600x480
VDD,met1-met2,STRIPE,via,131618,252720,133218,253200,1600,via_1600x480
VDD,met3-met4,STRIPE,via,106313,252720,107913,253200,1600,via3_1600x480
VDD,met2-met3,STRIPE,via,106313,252720,107913,253200,1600,via2_1600x480
VDD,met1-met2,STRIPE,via,106313,252720,107913,253200,1600,via_1600x480
VDD,met3-met4,STRIPE,via,75434,252720,77034,253200,1600,via3_1600x480
VDD,met2-met3,STRIPE,via,75434,252720,77034,253200,1600,via2_1600x480
VDD,met1-met2,STRIPE,via,75434,252720,77034,253200,1600,via_1600x480
VDD,met3-met4,STRIPE,via,49693,252720,51293,253200,1600,via3_1600x480
VDD,met2-met3,STRIPE,via,49693,252720,51293,253200,1600,via2_1600x480
VDD,met1-met2,STRIPE,via,49693,252720,51293,253200,1600,via_1600x480
VDD,met3-met4,STRIPE,via,26587,252720,28187,253200,1600,via3_1600x480
VDD,met2-met3,STRIPE,via,26587,252720,28187,253200,1600,via2_1600x480
VDD,met1-met2,STRIPE,via,26587,252720,28187,253200,1600,via_1600x480
VDD,met3-met4,STRIPE,via,263371,247280,264971,247760,1600,via3_1600x480
VDD,met2-met3,STRIPE,via,263371,247280,264971,247760,1600,via2_1600x480
VDD,met1-met2,STRIPE,via,263371,247280,264971,247760,1600,via_1600x480
VDD,met3-met4,STRIPE,via,238378,247280,239978,247760,1600,via3_1600x480
VDD,met2-met3,STRIPE,via,238378,247280,239978,247760,1600,via2_1600x480
VDD,met1-met2,STRIPE,via,238378,247280,239978,247760,1600,via_1600x480
VDD,met3-met4,STRIPE,via,214753,247280,216353,247760,1600,via3_1600x480
VDD,met2-met3,STRIPE,via,214753,247280,216353,247760,1600,via2_1600x480
VDD,met1-met2,STRIPE,via,214753,247280,216353,247760,1600,via_1600x480
VDD,met3-met4,STRIPE,via,189471,247280,191071,247760,1600,via3_1600x480
VDD,met2-met3,STRIPE,via,189471,247280,191071,247760,1600,via2_1600x480
VDD,met1-met2,STRIPE,via,189471,247280,191071,247760,1600,via_1600x480
VDD,met3-met4,STRIPE,via,158463,247280,160063,247760,1600,via3_1600x480
VDD,met2-met3,STRIPE,via,158463,247280,160063,247760,1600,via2_1600x480
VDD,met1-met2,STRIPE,via,158463,247280,160063,247760,1600,via_1600x480
VDD,met3-met4,STRIPE,via,131618,247280,133218,247760,1600,via3_1600x480
VDD,met2-met3,STRIPE,via,131618,247280,133218,247760,1600,via2_1600x480
VDD,met1-met2,STRIPE,via,131618,247280,133218,247760,1600,via_1600x480
VDD,met3-met4,STRIPE,via,106313,247280,107913,247760,1600,via3_1600x480
VDD,met2-met3,STRIPE,via,106313,247280,107913,247760,1600,via2_1600x480
VDD,met1-met2,STRIPE,via,106313,247280,107913,247760,1600,via_1600x480
VDD,met3-met4,STRIPE,via,75434,247280,77034,247760,1600,via3_1600x480
VDD,met2-met3,STRIPE,via,75434,247280,77034,247760,1600,via2_1600x480
VDD,met1-met2,STRIPE,via,75434,247280,77034,247760,1600,via_1600x480
VDD,met3-met4,STRIPE,via,49693,247280,51293,247760,1600,via3_1600x480
VDD,met2-met3,STRIPE,via,49693,247280,51293,247760,1600,via2_1600x480
VDD,met1-met2,STRIPE,via,49693,247280,51293,247760,1600,via_1600x480
VDD,met3-met4,STRIPE,via,26587,247280,28187,247760,1600,via3_1600x480
VDD,met2-met3,STRIPE,via,26587,247280,28187,247760,1600,via2_1600x480
VDD,met1-met2,STRIPE,via,26587,247280,28187,247760,1600,via_1600x480
VDD,met3-met4,STRIPE,via,263371,241840,264971,242320,1600,via3_1600x480
VDD,met2-met3,STRIPE,via,263371,241840,264971,242320,1600,via2_1600x480
VDD,met1-met2,STRIPE,via,263371,241840,264971,242320,1600,via_1600x480
VDD,met3-met4,STRIPE,via,238378,241840,239978,242320,1600,via3_1600x480
VDD,met2-met3,STRIPE,via,238378,241840,239978,242320,1600,via2_1600x480
VDD,met1-met2,STRIPE,via,238378,241840,239978,242320,1600,via_1600x480
VDD,met3-met4,STRIPE,via,214753,241840,216353,242320,1600,via3_1600x480
VDD,met2-met3,STRIPE,via,214753,241840,216353,242320,1600,via2_1600x480
VDD,met1-met2,STRIPE,via,214753,241840,216353,242320,1600,via_1600x480
VDD,met3-met4,STRIPE,via,189471,241840,191071,242320,1600,via3_1600x480
VDD,met2-met3,STRIPE,via,189471,241840,191071,242320,1600,via2_1600x480
VDD,met1-met2,STRIPE,via,189471,241840,191071,242320,1600,via_1600x480
VDD,met3-met4,STRIPE,via,158463,241840,160063,242320,1600,via3_1600x480
VDD,met2-met3,STRIPE,via,158463,241840,160063,242320,1600,via2_1600x480
VDD,met1-met2,STRIPE,via,158463,241840,160063,242320,1600,via_1600x480
VDD,met3-met4,STRIPE,via,131618,241840,133218,242320,1600,via3_1600x480
VDD,met2-met3,STRIPE,via,131618,241840,133218,242320,1600,via2_1600x480
VDD,met1-met2,STRIPE,via,131618,241840,133218,242320,1600,via_1600x480
VDD,met3-met4,STRIPE,via,106313,241840,107913,242320,1600,via3_1600x480
VDD,met2-met3,STRIPE,via,106313,241840,107913,242320,1600,via2_1600x480
VDD,met1-met2,STRIPE,via,106313,241840,107913,242320,1600,via_1600x480
VDD,met3-met4,STRIPE,via,75434,241840,77034,242320,1600,via3_1600x480
VDD,met2-met3,STRIPE,via,75434,241840,77034,242320,1600,via2_1600x480
VDD,met1-met2,STRIPE,via,75434,241840,77034,242320,1600,via_1600x480
VDD,met3-met4,STRIPE,via,49693,241840,51293,242320,1600,via3_1600x480
VDD,met2-met3,STRIPE,via,49693,241840,51293,242320,1600,via2_1600x480
VDD,met1-met2,STRIPE,via,49693,241840,51293,242320,1600,via_1600x480
VDD,met3-met4,STRIPE,via,26587,241840,28187,242320,1600,via3_1600x480
VDD,met2-met3,STRIPE,via,26587,241840,28187,242320,1600,via2_1600x480
VDD,met1-met2,STRIPE,via,26587,241840,28187,242320,1600,via_1600x480
VDD,met3-met4,STRIPE,via,263371,236400,264971,236880,1600,via3_1600x480
VDD,met2-met3,STRIPE,via,263371,236400,264971,236880,1600,via2_1600x480
VDD,met1-met2,STRIPE,via,263371,236400,264971,236880,1600,via_1600x480
VDD,met3-met4,STRIPE,via,238378,236400,239978,236880,1600,via3_1600x480
VDD,met2-met3,STRIPE,via,238378,236400,239978,236880,1600,via2_1600x480
VDD,met1-met2,STRIPE,via,238378,236400,239978,236880,1600,via_1600x480
VDD,met3-met4,STRIPE,via,214753,236400,216353,236880,1600,via3_1600x480
VDD,met2-met3,STRIPE,via,214753,236400,216353,236880,1600,via2_1600x480
VDD,met1-met2,STRIPE,via,214753,236400,216353,236880,1600,via_1600x480
VDD,met3-met4,STRIPE,via,189471,236400,191071,236880,1600,via3_1600x480
VDD,met2-met3,STRIPE,via,189471,236400,191071,236880,1600,via2_1600x480
VDD,met1-met2,STRIPE,via,189471,236400,191071,236880,1600,via_1600x480
VDD,met3-met4,STRIPE,via,158463,236400,160063,236880,1600,via3_1600x480
VDD,met2-met3,STRIPE,via,158463,236400,160063,236880,1600,via2_1600x480
VDD,met1-met2,STRIPE,via,158463,236400,160063,236880,1600,via_1600x480
VDD,met3-met4,STRIPE,via,131618,236400,133218,236880,1600,via3_1600x480
VDD,met2-met3,STRIPE,via,131618,236400,133218,236880,1600,via2_1600x480
VDD,met1-met2,STRIPE,via,131618,236400,133218,236880,1600,via_1600x480
VDD,met3-met4,STRIPE,via,106313,236400,107913,236880,1600,via3_1600x480
VDD,met2-met3,STRIPE,via,106313,236400,107913,236880,1600,via2_1600x480
VDD,met1-met2,STRIPE,via,106313,236400,107913,236880,1600,via_1600x480
VDD,met3-met4,STRIPE,via,75434,236400,77034,236880,1600,via3_1600x480
VDD,met2-met3,STRIPE,via,75434,236400,77034,236880,1600,via2_1600x480
VDD,met1-met2,STRIPE,via,75434,236400,77034,236880,1600,via_1600x480
VDD,met3-met4,STRIPE,via,49693,236400,51293,236880,1600,via3_1600x480
VDD,met2-met3,STRIPE,via,49693,236400,51293,236880,1600,via2_1600x480
VDD,met1-met2,STRIPE,via,49693,236400,51293,236880,1600,via_1600x480
VDD,met3-met4,STRIPE,via,26587,236400,28187,236880,1600,via3_1600x480
VDD,met2-met3,STRIPE,via,26587,236400,28187,236880,1600,via2_1600x480
VDD,met1-met2,STRIPE,via,26587,236400,28187,236880,1600,via_1600x480
VDD,met3-met4,STRIPE,via,263371,230960,264971,231440,1600,via3_1600x480
VDD,met2-met3,STRIPE,via,263371,230960,264971,231440,1600,via2_1600x480
VDD,met1-met2,STRIPE,via,263371,230960,264971,231440,1600,via_1600x480
VDD,met3-met4,STRIPE,via,238378,230960,239978,231440,1600,via3_1600x480
VDD,met2-met3,STRIPE,via,238378,230960,239978,231440,1600,via2_1600x480
VDD,met1-met2,STRIPE,via,238378,230960,239978,231440,1600,via_1600x480
VDD,met3-met4,STRIPE,via,214753,230960,216353,231440,1600,via3_1600x480
VDD,met2-met3,STRIPE,via,214753,230960,216353,231440,1600,via2_1600x480
VDD,met1-met2,STRIPE,via,214753,230960,216353,231440,1600,via_1600x480
VDD,met3-met4,STRIPE,via,189471,230960,191071,231440,1600,via3_1600x480
VDD,met2-met3,STRIPE,via,189471,230960,191071,231440,1600,via2_1600x480
VDD,met1-met2,STRIPE,via,189471,230960,191071,231440,1600,via_1600x480
VDD,met3-met4,STRIPE,via,158463,230960,160063,231440,1600,via3_1600x480
VDD,met2-met3,STRIPE,via,158463,230960,160063,231440,1600,via2_1600x480
VDD,met1-met2,STRIPE,via,158463,230960,160063,231440,1600,via_1600x480
VDD,met3-met4,STRIPE,via,131618,230960,133218,231440,1600,via3_1600x480
VDD,met2-met3,STRIPE,via,131618,230960,133218,231440,1600,via2_1600x480
VDD,met1-met2,STRIPE,via,131618,230960,133218,231440,1600,via_1600x480
VDD,met3-met4,STRIPE,via,106313,230960,107913,231440,1600,via3_1600x480
VDD,met2-met3,STRIPE,via,106313,230960,107913,231440,1600,via2_1600x480
VDD,met1-met2,STRIPE,via,106313,230960,107913,231440,1600,via_1600x480
VDD,met3-met4,STRIPE,via,75434,230960,77034,231440,1600,via3_1600x480
VDD,met2-met3,STRIPE,via,75434,230960,77034,231440,1600,via2_1600x480
VDD,met1-met2,STRIPE,via,75434,230960,77034,231440,1600,via_1600x480
VDD,met3-met4,STRIPE,via,49693,230960,51293,231440,1600,via3_1600x480
VDD,met2-met3,STRIPE,via,49693,230960,51293,231440,1600,via2_1600x480
VDD,met1-met2,STRIPE,via,49693,230960,51293,231440,1600,via_1600x480
VDD,met3-met4,STRIPE,via,26587,230960,28187,231440,1600,via3_1600x480
VDD,met2-met3,STRIPE,via,26587,230960,28187,231440,1600,via2_1600x480
VDD,met1-met2,STRIPE,via,26587,230960,28187,231440,1600,via_1600x480
VDD,met3-met4,STRIPE,via,263371,225520,264971,226000,1600,via3_1600x480
VDD,met2-met3,STRIPE,via,263371,225520,264971,226000,1600,via2_1600x480
VDD,met1-met2,STRIPE,via,263371,225520,264971,226000,1600,via_1600x480
VDD,met3-met4,STRIPE,via,238378,225520,239978,226000,1600,via3_1600x480
VDD,met2-met3,STRIPE,via,238378,225520,239978,226000,1600,via2_1600x480
VDD,met1-met2,STRIPE,via,238378,225520,239978,226000,1600,via_1600x480
VDD,met3-met4,STRIPE,via,214753,225520,216353,226000,1600,via3_1600x480
VDD,met2-met3,STRIPE,via,214753,225520,216353,226000,1600,via2_1600x480
VDD,met1-met2,STRIPE,via,214753,225520,216353,226000,1600,via_1600x480
VDD,met3-met4,STRIPE,via,189471,225520,191071,226000,1600,via3_1600x480
VDD,met2-met3,STRIPE,via,189471,225520,191071,226000,1600,via2_1600x480
VDD,met1-met2,STRIPE,via,189471,225520,191071,226000,1600,via_1600x480
VDD,met3-met4,STRIPE,via,158463,225520,160063,226000,1600,via3_1600x480
VDD,met2-met3,STRIPE,via,158463,225520,160063,226000,1600,via2_1600x480
VDD,met1-met2,STRIPE,via,158463,225520,160063,226000,1600,via_1600x480
VDD,met3-met4,STRIPE,via,131618,225520,133218,226000,1600,via3_1600x480
VDD,met2-met3,STRIPE,via,131618,225520,133218,226000,1600,via2_1600x480
VDD,met1-met2,STRIPE,via,131618,225520,133218,226000,1600,via_1600x480
VDD,met3-met4,STRIPE,via,106313,225520,107913,226000,1600,via3_1600x480
VDD,met2-met3,STRIPE,via,106313,225520,107913,226000,1600,via2_1600x480
VDD,met1-met2,STRIPE,via,106313,225520,107913,226000,1600,via_1600x480
VDD,met3-met4,STRIPE,via,75434,225520,77034,226000,1600,via3_1600x480
VDD,met2-met3,STRIPE,via,75434,225520,77034,226000,1600,via2_1600x480
VDD,met1-met2,STRIPE,via,75434,225520,77034,226000,1600,via_1600x480
VDD,met3-met4,STRIPE,via,49693,225520,51293,226000,1600,via3_1600x480
VDD,met2-met3,STRIPE,via,49693,225520,51293,226000,1600,via2_1600x480
VDD,met1-met2,STRIPE,via,49693,225520,51293,226000,1600,via_1600x480
VDD,met3-met4,STRIPE,via,26587,225520,28187,226000,1600,via3_1600x480
VDD,met2-met3,STRIPE,via,26587,225520,28187,226000,1600,via2_1600x480
VDD,met1-met2,STRIPE,via,26587,225520,28187,226000,1600,via_1600x480
VDD,met3-met4,STRIPE,via,263371,220080,264971,220560,1600,via3_1600x480
VDD,met2-met3,STRIPE,via,263371,220080,264971,220560,1600,via2_1600x480
VDD,met1-met2,STRIPE,via,263371,220080,264971,220560,1600,via_1600x480
VDD,met3-met4,STRIPE,via,238378,220080,239978,220560,1600,via3_1600x480
VDD,met2-met3,STRIPE,via,238378,220080,239978,220560,1600,via2_1600x480
VDD,met1-met2,STRIPE,via,238378,220080,239978,220560,1600,via_1600x480
VDD,met3-met4,STRIPE,via,214753,220080,216353,220560,1600,via3_1600x480
VDD,met2-met3,STRIPE,via,214753,220080,216353,220560,1600,via2_1600x480
VDD,met1-met2,STRIPE,via,214753,220080,216353,220560,1600,via_1600x480
VDD,met3-met4,STRIPE,via,189471,220080,191071,220560,1600,via3_1600x480
VDD,met2-met3,STRIPE,via,189471,220080,191071,220560,1600,via2_1600x480
VDD,met1-met2,STRIPE,via,189471,220080,191071,220560,1600,via_1600x480
VDD,met3-met4,STRIPE,via,158463,220080,160063,220560,1600,via3_1600x480
VDD,met2-met3,STRIPE,via,158463,220080,160063,220560,1600,via2_1600x480
VDD,met1-met2,STRIPE,via,158463,220080,160063,220560,1600,via_1600x480
VDD,met3-met4,STRIPE,via,131618,220080,133218,220560,1600,via3_1600x480
VDD,met2-met3,STRIPE,via,131618,220080,133218,220560,1600,via2_1600x480
VDD,met1-met2,STRIPE,via,131618,220080,133218,220560,1600,via_1600x480
VDD,met3-met4,STRIPE,via,106313,220080,107913,220560,1600,via3_1600x480
VDD,met2-met3,STRIPE,via,106313,220080,107913,220560,1600,via2_1600x480
VDD,met1-met2,STRIPE,via,106313,220080,107913,220560,1600,via_1600x480
VDD,met3-met4,STRIPE,via,75434,220080,77034,220560,1600,via3_1600x480
VDD,met2-met3,STRIPE,via,75434,220080,77034,220560,1600,via2_1600x480
VDD,met1-met2,STRIPE,via,75434,220080,77034,220560,1600,via_1600x480
VDD,met3-met4,STRIPE,via,49693,220080,51293,220560,1600,via3_1600x480
VDD,met2-met3,STRIPE,via,49693,220080,51293,220560,1600,via2_1600x480
VDD,met1-met2,STRIPE,via,49693,220080,51293,220560,1600,via_1600x480
VDD,met3-met4,STRIPE,via,26587,220080,28187,220560,1600,via3_1600x480
VDD,met2-met3,STRIPE,via,26587,220080,28187,220560,1600,via2_1600x480
VDD,met1-met2,STRIPE,via,26587,220080,28187,220560,1600,via_1600x480
VDD,met3-met4,STRIPE,via,263371,214640,264971,215120,1600,via3_1600x480
VDD,met2-met3,STRIPE,via,263371,214640,264971,215120,1600,via2_1600x480
VDD,met1-met2,STRIPE,via,263371,214640,264971,215120,1600,via_1600x480
VDD,met3-met4,STRIPE,via,238378,214640,239978,215120,1600,via3_1600x480
VDD,met2-met3,STRIPE,via,238378,214640,239978,215120,1600,via2_1600x480
VDD,met1-met2,STRIPE,via,238378,214640,239978,215120,1600,via_1600x480
VDD,met3-met4,STRIPE,via,214753,214640,216353,215120,1600,via3_1600x480
VDD,met2-met3,STRIPE,via,214753,214640,216353,215120,1600,via2_1600x480
VDD,met1-met2,STRIPE,via,214753,214640,216353,215120,1600,via_1600x480
VDD,met3-met4,STRIPE,via,189471,214640,191071,215120,1600,via3_1600x480
VDD,met2-met3,STRIPE,via,189471,214640,191071,215120,1600,via2_1600x480
VDD,met1-met2,STRIPE,via,189471,214640,191071,215120,1600,via_1600x480
VDD,met3-met4,STRIPE,via,158463,214640,160063,215120,1600,via3_1600x480
VDD,met2-met3,STRIPE,via,158463,214640,160063,215120,1600,via2_1600x480
VDD,met1-met2,STRIPE,via,158463,214640,160063,215120,1600,via_1600x480
VDD,met3-met4,STRIPE,via,131618,214640,133218,215120,1600,via3_1600x480
VDD,met2-met3,STRIPE,via,131618,214640,133218,215120,1600,via2_1600x480
VDD,met1-met2,STRIPE,via,131618,214640,133218,215120,1600,via_1600x480
VDD,met3-met4,STRIPE,via,106313,214640,107913,215120,1600,via3_1600x480
VDD,met2-met3,STRIPE,via,106313,214640,107913,215120,1600,via2_1600x480
VDD,met1-met2,STRIPE,via,106313,214640,107913,215120,1600,via_1600x480
VDD,met3-met4,STRIPE,via,75434,214640,77034,215120,1600,via3_1600x480
VDD,met2-met3,STRIPE,via,75434,214640,77034,215120,1600,via2_1600x480
VDD,met1-met2,STRIPE,via,75434,214640,77034,215120,1600,via_1600x480
VDD,met3-met4,STRIPE,via,49693,214640,51293,215120,1600,via3_1600x480
VDD,met2-met3,STRIPE,via,49693,214640,51293,215120,1600,via2_1600x480
VDD,met1-met2,STRIPE,via,49693,214640,51293,215120,1600,via_1600x480
VDD,met3-met4,STRIPE,via,26587,214640,28187,215120,1600,via3_1600x480
VDD,met2-met3,STRIPE,via,26587,214640,28187,215120,1600,via2_1600x480
VDD,met1-met2,STRIPE,via,26587,214640,28187,215120,1600,via_1600x480
VDD,met3-met4,STRIPE,via,263371,209200,264971,209680,1600,via3_1600x480
VDD,met2-met3,STRIPE,via,263371,209200,264971,209680,1600,via2_1600x480
VDD,met1-met2,STRIPE,via,263371,209200,264971,209680,1600,via_1600x480
VDD,met3-met4,STRIPE,via,238378,209200,239978,209680,1600,via3_1600x480
VDD,met2-met3,STRIPE,via,238378,209200,239978,209680,1600,via2_1600x480
VDD,met1-met2,STRIPE,via,238378,209200,239978,209680,1600,via_1600x480
VDD,met3-met4,STRIPE,via,214753,209200,216353,209680,1600,via3_1600x480
VDD,met2-met3,STRIPE,via,214753,209200,216353,209680,1600,via2_1600x480
VDD,met1-met2,STRIPE,via,214753,209200,216353,209680,1600,via_1600x480
VDD,met3-met4,STRIPE,via,189471,209200,191071,209680,1600,via3_1600x480
VDD,met2-met3,STRIPE,via,189471,209200,191071,209680,1600,via2_1600x480
VDD,met1-met2,STRIPE,via,189471,209200,191071,209680,1600,via_1600x480
VDD,met3-met4,STRIPE,via,158463,209200,160063,209680,1600,via3_1600x480
VDD,met2-met3,STRIPE,via,158463,209200,160063,209680,1600,via2_1600x480
VDD,met1-met2,STRIPE,via,158463,209200,160063,209680,1600,via_1600x480
VDD,met3-met4,STRIPE,via,131618,209200,133218,209680,1600,via3_1600x480
VDD,met2-met3,STRIPE,via,131618,209200,133218,209680,1600,via2_1600x480
VDD,met1-met2,STRIPE,via,131618,209200,133218,209680,1600,via_1600x480
VDD,met3-met4,STRIPE,via,106313,209200,107913,209680,1600,via3_1600x480
VDD,met2-met3,STRIPE,via,106313,209200,107913,209680,1600,via2_1600x480
VDD,met1-met2,STRIPE,via,106313,209200,107913,209680,1600,via_1600x480
VDD,met3-met4,STRIPE,via,75434,209200,77034,209680,1600,via3_1600x480
VDD,met2-met3,STRIPE,via,75434,209200,77034,209680,1600,via2_1600x480
VDD,met1-met2,STRIPE,via,75434,209200,77034,209680,1600,via_1600x480
VDD,met3-met4,STRIPE,via,49693,209200,51293,209680,1600,via3_1600x480
VDD,met2-met3,STRIPE,via,49693,209200,51293,209680,1600,via2_1600x480
VDD,met1-met2,STRIPE,via,49693,209200,51293,209680,1600,via_1600x480
VDD,met3-met4,STRIPE,via,26587,209200,28187,209680,1600,via3_1600x480
VDD,met2-met3,STRIPE,via,26587,209200,28187,209680,1600,via2_1600x480
VDD,met1-met2,STRIPE,via,26587,209200,28187,209680,1600,via_1600x480
VDD,met3-met4,STRIPE,via,263371,203760,264971,204240,1600,via3_1600x480
VDD,met2-met3,STRIPE,via,263371,203760,264971,204240,1600,via2_1600x480
VDD,met1-met2,STRIPE,via,263371,203760,264971,204240,1600,via_1600x480
VDD,met3-met4,STRIPE,via,238378,203760,239978,204240,1600,via3_1600x480
VDD,met2-met3,STRIPE,via,238378,203760,239978,204240,1600,via2_1600x480
VDD,met1-met2,STRIPE,via,238378,203760,239978,204240,1600,via_1600x480
VDD,met3-met4,STRIPE,via,214753,203760,216353,204240,1600,via3_1600x480
VDD,met2-met3,STRIPE,via,214753,203760,216353,204240,1600,via2_1600x480
VDD,met1-met2,STRIPE,via,214753,203760,216353,204240,1600,via_1600x480
VDD,met3-met4,STRIPE,via,189471,203760,191071,204240,1600,via3_1600x480
VDD,met2-met3,STRIPE,via,189471,203760,191071,204240,1600,via2_1600x480
VDD,met1-met2,STRIPE,via,189471,203760,191071,204240,1600,via_1600x480
VDD,met3-met4,STRIPE,via,158463,203760,160063,204240,1600,via3_1600x480
VDD,met2-met3,STRIPE,via,158463,203760,160063,204240,1600,via2_1600x480
VDD,met1-met2,STRIPE,via,158463,203760,160063,204240,1600,via_1600x480
VDD,met3-met4,STRIPE,via,131618,203760,133218,204240,1600,via3_1600x480
VDD,met2-met3,STRIPE,via,131618,203760,133218,204240,1600,via2_1600x480
VDD,met1-met2,STRIPE,via,131618,203760,133218,204240,1600,via_1600x480
VDD,met3-met4,STRIPE,via,106313,203760,107913,204240,1600,via3_1600x480
VDD,met2-met3,STRIPE,via,106313,203760,107913,204240,1600,via2_1600x480
VDD,met1-met2,STRIPE,via,106313,203760,107913,204240,1600,via_1600x480
VDD,met3-met4,STRIPE,via,75434,203760,77034,204240,1600,via3_1600x480
VDD,met2-met3,STRIPE,via,75434,203760,77034,204240,1600,via2_1600x480
VDD,met1-met2,STRIPE,via,75434,203760,77034,204240,1600,via_1600x480
VDD,met3-met4,STRIPE,via,49693,203760,51293,204240,1600,via3_1600x480
VDD,met2-met3,STRIPE,via,49693,203760,51293,204240,1600,via2_1600x480
VDD,met1-met2,STRIPE,via,49693,203760,51293,204240,1600,via_1600x480
VDD,met3-met4,STRIPE,via,26587,203760,28187,204240,1600,via3_1600x480
VDD,met2-met3,STRIPE,via,26587,203760,28187,204240,1600,via2_1600x480
VDD,met1-met2,STRIPE,via,26587,203760,28187,204240,1600,via_1600x480
VDD,met3-met4,STRIPE,via,263371,198320,264971,198800,1600,via3_1600x480
VDD,met2-met3,STRIPE,via,263371,198320,264971,198800,1600,via2_1600x480
VDD,met1-met2,STRIPE,via,263371,198320,264971,198800,1600,via_1600x480
VDD,met3-met4,STRIPE,via,238378,198320,239978,198800,1600,via3_1600x480
VDD,met2-met3,STRIPE,via,238378,198320,239978,198800,1600,via2_1600x480
VDD,met1-met2,STRIPE,via,238378,198320,239978,198800,1600,via_1600x480
VDD,met3-met4,STRIPE,via,214753,198320,216353,198800,1600,via3_1600x480
VDD,met2-met3,STRIPE,via,214753,198320,216353,198800,1600,via2_1600x480
VDD,met1-met2,STRIPE,via,214753,198320,216353,198800,1600,via_1600x480
VDD,met3-met4,STRIPE,via,189471,198320,191071,198800,1600,via3_1600x480
VDD,met2-met3,STRIPE,via,189471,198320,191071,198800,1600,via2_1600x480
VDD,met1-met2,STRIPE,via,189471,198320,191071,198800,1600,via_1600x480
VDD,met3-met4,STRIPE,via,158463,198320,160063,198800,1600,via3_1600x480
VDD,met2-met3,STRIPE,via,158463,198320,160063,198800,1600,via2_1600x480
VDD,met1-met2,STRIPE,via,158463,198320,160063,198800,1600,via_1600x480
VDD,met3-met4,STRIPE,via,131618,198320,133218,198800,1600,via3_1600x480
VDD,met2-met3,STRIPE,via,131618,198320,133218,198800,1600,via2_1600x480
VDD,met1-met2,STRIPE,via,131618,198320,133218,198800,1600,via_1600x480
VDD,met3-met4,STRIPE,via,106313,198320,107913,198800,1600,via3_1600x480
VDD,met2-met3,STRIPE,via,106313,198320,107913,198800,1600,via2_1600x480
VDD,met1-met2,STRIPE,via,106313,198320,107913,198800,1600,via_1600x480
VDD,met3-met4,STRIPE,via,75434,198320,77034,198800,1600,via3_1600x480
VDD,met2-met3,STRIPE,via,75434,198320,77034,198800,1600,via2_1600x480
VDD,met1-met2,STRIPE,via,75434,198320,77034,198800,1600,via_1600x480
VDD,met3-met4,STRIPE,via,49693,198320,51293,198800,1600,via3_1600x480
VDD,met2-met3,STRIPE,via,49693,198320,51293,198800,1600,via2_1600x480
VDD,met1-met2,STRIPE,via,49693,198320,51293,198800,1600,via_1600x480
VDD,met3-met4,STRIPE,via,26587,198320,28187,198800,1600,via3_1600x480
VDD,met2-met3,STRIPE,via,26587,198320,28187,198800,1600,via2_1600x480
VDD,met1-met2,STRIPE,via,26587,198320,28187,198800,1600,via_1600x480
VDD,met3-met4,STRIPE,via,263371,192880,264971,193360,1600,via3_1600x480
VDD,met2-met3,STRIPE,via,263371,192880,264971,193360,1600,via2_1600x480
VDD,met1-met2,STRIPE,via,263371,192880,264971,193360,1600,via_1600x480
VDD,met3-met4,STRIPE,via,238378,192880,239978,193360,1600,via3_1600x480
VDD,met2-met3,STRIPE,via,238378,192880,239978,193360,1600,via2_1600x480
VDD,met1-met2,STRIPE,via,238378,192880,239978,193360,1600,via_1600x480
VDD,met3-met4,STRIPE,via,214753,192880,216353,193360,1600,via3_1600x480
VDD,met2-met3,STRIPE,via,214753,192880,216353,193360,1600,via2_1600x480
VDD,met1-met2,STRIPE,via,214753,192880,216353,193360,1600,via_1600x480
VDD,met3-met4,STRIPE,via,189471,192880,191071,193360,1600,via3_1600x480
VDD,met2-met3,STRIPE,via,189471,192880,191071,193360,1600,via2_1600x480
VDD,met1-met2,STRIPE,via,189471,192880,191071,193360,1600,via_1600x480
VDD,met3-met4,STRIPE,via,158463,192880,160063,193360,1600,via3_1600x480
VDD,met2-met3,STRIPE,via,158463,192880,160063,193360,1600,via2_1600x480
VDD,met1-met2,STRIPE,via,158463,192880,160063,193360,1600,via_1600x480
VDD,met3-met4,STRIPE,via,131618,192880,133218,193360,1600,via3_1600x480
VDD,met2-met3,STRIPE,via,131618,192880,133218,193360,1600,via2_1600x480
VDD,met1-met2,STRIPE,via,131618,192880,133218,193360,1600,via_1600x480
VDD,met3-met4,STRIPE,via,106313,192880,107913,193360,1600,via3_1600x480
VDD,met2-met3,STRIPE,via,106313,192880,107913,193360,1600,via2_1600x480
VDD,met1-met2,STRIPE,via,106313,192880,107913,193360,1600,via_1600x480
VDD,met3-met4,STRIPE,via,75434,192880,77034,193360,1600,via3_1600x480
VDD,met2-met3,STRIPE,via,75434,192880,77034,193360,1600,via2_1600x480
VDD,met1-met2,STRIPE,via,75434,192880,77034,193360,1600,via_1600x480
VDD,met3-met4,STRIPE,via,49693,192880,51293,193360,1600,via3_1600x480
VDD,met2-met3,STRIPE,via,49693,192880,51293,193360,1600,via2_1600x480
VDD,met1-met2,STRIPE,via,49693,192880,51293,193360,1600,via_1600x480
VDD,met3-met4,STRIPE,via,26587,192880,28187,193360,1600,via3_1600x480
VDD,met2-met3,STRIPE,via,26587,192880,28187,193360,1600,via2_1600x480
VDD,met1-met2,STRIPE,via,26587,192880,28187,193360,1600,via_1600x480
VDD,met3-met4,STRIPE,via,263371,187440,264971,187920,1600,via3_1600x480
VDD,met2-met3,STRIPE,via,263371,187440,264971,187920,1600,via2_1600x480
VDD,met1-met2,STRIPE,via,263371,187440,264971,187920,1600,via_1600x480
VDD,met3-met4,STRIPE,via,238378,187440,239978,187920,1600,via3_1600x480
VDD,met2-met3,STRIPE,via,238378,187440,239978,187920,1600,via2_1600x480
VDD,met1-met2,STRIPE,via,238378,187440,239978,187920,1600,via_1600x480
VDD,met3-met4,STRIPE,via,214753,187440,216353,187920,1600,via3_1600x480
VDD,met2-met3,STRIPE,via,214753,187440,216353,187920,1600,via2_1600x480
VDD,met1-met2,STRIPE,via,214753,187440,216353,187920,1600,via_1600x480
VDD,met3-met4,STRIPE,via,189471,187440,191071,187920,1600,via3_1600x480
VDD,met2-met3,STRIPE,via,189471,187440,191071,187920,1600,via2_1600x480
VDD,met1-met2,STRIPE,via,189471,187440,191071,187920,1600,via_1600x480
VDD,met3-met4,STRIPE,via,158463,187440,160063,187920,1600,via3_1600x480
VDD,met2-met3,STRIPE,via,158463,187440,160063,187920,1600,via2_1600x480
VDD,met1-met2,STRIPE,via,158463,187440,160063,187920,1600,via_1600x480
VDD,met3-met4,STRIPE,via,131618,187440,133218,187920,1600,via3_1600x480
VDD,met2-met3,STRIPE,via,131618,187440,133218,187920,1600,via2_1600x480
VDD,met1-met2,STRIPE,via,131618,187440,133218,187920,1600,via_1600x480
VDD,met3-met4,STRIPE,via,106313,187440,107913,187920,1600,via3_1600x480
VDD,met2-met3,STRIPE,via,106313,187440,107913,187920,1600,via2_1600x480
VDD,met1-met2,STRIPE,via,106313,187440,107913,187920,1600,via_1600x480
VDD,met3-met4,STRIPE,via,75434,187440,77034,187920,1600,via3_1600x480
VDD,met2-met3,STRIPE,via,75434,187440,77034,187920,1600,via2_1600x480
VDD,met1-met2,STRIPE,via,75434,187440,77034,187920,1600,via_1600x480
VDD,met3-met4,STRIPE,via,49693,187440,51293,187920,1600,via3_1600x480
VDD,met2-met3,STRIPE,via,49693,187440,51293,187920,1600,via2_1600x480
VDD,met1-met2,STRIPE,via,49693,187440,51293,187920,1600,via_1600x480
VDD,met3-met4,STRIPE,via,26587,187440,28187,187920,1600,via3_1600x480
VDD,met2-met3,STRIPE,via,26587,187440,28187,187920,1600,via2_1600x480
VDD,met1-met2,STRIPE,via,26587,187440,28187,187920,1600,via_1600x480
VDD,met3-met4,STRIPE,via,263371,182000,264971,182480,1600,via3_1600x480
VDD,met2-met3,STRIPE,via,263371,182000,264971,182480,1600,via2_1600x480
VDD,met1-met2,STRIPE,via,263371,182000,264971,182480,1600,via_1600x480
VDD,met3-met4,STRIPE,via,238378,182000,239978,182480,1600,via3_1600x480
VDD,met2-met3,STRIPE,via,238378,182000,239978,182480,1600,via2_1600x480
VDD,met1-met2,STRIPE,via,238378,182000,239978,182480,1600,via_1600x480
VDD,met3-met4,STRIPE,via,214753,182000,216353,182480,1600,via3_1600x480
VDD,met2-met3,STRIPE,via,214753,182000,216353,182480,1600,via2_1600x480
VDD,met1-met2,STRIPE,via,214753,182000,216353,182480,1600,via_1600x480
VDD,met3-met4,STRIPE,via,189471,182000,191071,182480,1600,via3_1600x480
VDD,met2-met3,STRIPE,via,189471,182000,191071,182480,1600,via2_1600x480
VDD,met1-met2,STRIPE,via,189471,182000,191071,182480,1600,via_1600x480
VDD,met3-met4,STRIPE,via,158463,182000,160063,182480,1600,via3_1600x480
VDD,met2-met3,STRIPE,via,158463,182000,160063,182480,1600,via2_1600x480
VDD,met1-met2,STRIPE,via,158463,182000,160063,182480,1600,via_1600x480
VDD,met3-met4,STRIPE,via,131618,182000,133218,182480,1600,via3_1600x480
VDD,met2-met3,STRIPE,via,131618,182000,133218,182480,1600,via2_1600x480
VDD,met1-met2,STRIPE,via,131618,182000,133218,182480,1600,via_1600x480
VDD,met3-met4,STRIPE,via,106313,182000,107913,182480,1600,via3_1600x480
VDD,met2-met3,STRIPE,via,106313,182000,107913,182480,1600,via2_1600x480
VDD,met1-met2,STRIPE,via,106313,182000,107913,182480,1600,via_1600x480
VDD,met3-met4,STRIPE,via,75434,182000,77034,182480,1600,via3_1600x480
VDD,met2-met3,STRIPE,via,75434,182000,77034,182480,1600,via2_1600x480
VDD,met1-met2,STRIPE,via,75434,182000,77034,182480,1600,via_1600x480
VDD,met3-met4,STRIPE,via,49693,182000,51293,182480,1600,via3_1600x480
VDD,met2-met3,STRIPE,via,49693,182000,51293,182480,1600,via2_1600x480
VDD,met1-met2,STRIPE,via,49693,182000,51293,182480,1600,via_1600x480
VDD,met3-met4,STRIPE,via,26587,182000,28187,182480,1600,via3_1600x480
VDD,met2-met3,STRIPE,via,26587,182000,28187,182480,1600,via2_1600x480
VDD,met1-met2,STRIPE,via,26587,182000,28187,182480,1600,via_1600x480
VDD,met3-met4,STRIPE,via,263371,176560,264971,177040,1600,via3_1600x480
VDD,met2-met3,STRIPE,via,263371,176560,264971,177040,1600,via2_1600x480
VDD,met1-met2,STRIPE,via,263371,176560,264971,177040,1600,via_1600x480
VDD,met3-met4,STRIPE,via,238378,176560,239978,177040,1600,via3_1600x480
VDD,met2-met3,STRIPE,via,238378,176560,239978,177040,1600,via2_1600x480
VDD,met1-met2,STRIPE,via,238378,176560,239978,177040,1600,via_1600x480
VDD,met3-met4,STRIPE,via,214753,176560,216353,177040,1600,via3_1600x480
VDD,met2-met3,STRIPE,via,214753,176560,216353,177040,1600,via2_1600x480
VDD,met1-met2,STRIPE,via,214753,176560,216353,177040,1600,via_1600x480
VDD,met3-met4,STRIPE,via,189471,176560,191071,177040,1600,via3_1600x480
VDD,met2-met3,STRIPE,via,189471,176560,191071,177040,1600,via2_1600x480
VDD,met1-met2,STRIPE,via,189471,176560,191071,177040,1600,via_1600x480
VDD,met3-met4,STRIPE,via,158463,176560,160063,177040,1600,via3_1600x480
VDD,met2-met3,STRIPE,via,158463,176560,160063,177040,1600,via2_1600x480
VDD,met1-met2,STRIPE,via,158463,176560,160063,177040,1600,via_1600x480
VDD,met3-met4,STRIPE,via,131618,176560,133218,177040,1600,via3_1600x480
VDD,met2-met3,STRIPE,via,131618,176560,133218,177040,1600,via2_1600x480
VDD,met1-met2,STRIPE,via,131618,176560,133218,177040,1600,via_1600x480
VDD,met3-met4,STRIPE,via,106313,176560,107913,177040,1600,via3_1600x480
VDD,met2-met3,STRIPE,via,106313,176560,107913,177040,1600,via2_1600x480
VDD,met1-met2,STRIPE,via,106313,176560,107913,177040,1600,via_1600x480
VDD,met3-met4,STRIPE,via,75434,176560,77034,177040,1600,via3_1600x480
VDD,met2-met3,STRIPE,via,75434,176560,77034,177040,1600,via2_1600x480
VDD,met1-met2,STRIPE,via,75434,176560,77034,177040,1600,via_1600x480
VDD,met3-met4,STRIPE,via,49693,176560,51293,177040,1600,via3_1600x480
VDD,met2-met3,STRIPE,via,49693,176560,51293,177040,1600,via2_1600x480
VDD,met1-met2,STRIPE,via,49693,176560,51293,177040,1600,via_1600x480
VDD,met3-met4,STRIPE,via,26587,176560,28187,177040,1600,via3_1600x480
VDD,met2-met3,STRIPE,via,26587,176560,28187,177040,1600,via2_1600x480
VDD,met1-met2,STRIPE,via,26587,176560,28187,177040,1600,via_1600x480
VDD,met3-met4,STRIPE,via,263371,171120,264971,171600,1600,via3_1600x480
VDD,met2-met3,STRIPE,via,263371,171120,264971,171600,1600,via2_1600x480
VDD,met1-met2,STRIPE,via,263371,171120,264971,171600,1600,via_1600x480
VDD,met3-met4,STRIPE,via,238378,171120,239978,171600,1600,via3_1600x480
VDD,met2-met3,STRIPE,via,238378,171120,239978,171600,1600,via2_1600x480
VDD,met1-met2,STRIPE,via,238378,171120,239978,171600,1600,via_1600x480
VDD,met3-met4,STRIPE,via,214753,171120,216353,171600,1600,via3_1600x480
VDD,met2-met3,STRIPE,via,214753,171120,216353,171600,1600,via2_1600x480
VDD,met1-met2,STRIPE,via,214753,171120,216353,171600,1600,via_1600x480
VDD,met3-met4,STRIPE,via,189471,171120,191071,171600,1600,via3_1600x480
VDD,met2-met3,STRIPE,via,189471,171120,191071,171600,1600,via2_1600x480
VDD,met1-met2,STRIPE,via,189471,171120,191071,171600,1600,via_1600x480
VDD,met3-met4,STRIPE,via,158463,171120,160063,171600,1600,via3_1600x480
VDD,met2-met3,STRIPE,via,158463,171120,160063,171600,1600,via2_1600x480
VDD,met1-met2,STRIPE,via,158463,171120,160063,171600,1600,via_1600x480
VDD,met3-met4,STRIPE,via,131618,171120,133218,171600,1600,via3_1600x480
VDD,met2-met3,STRIPE,via,131618,171120,133218,171600,1600,via2_1600x480
VDD,met1-met2,STRIPE,via,131618,171120,133218,171600,1600,via_1600x480
VDD,met3-met4,STRIPE,via,106313,171120,107913,171600,1600,via3_1600x480
VDD,met2-met3,STRIPE,via,106313,171120,107913,171600,1600,via2_1600x480
VDD,met1-met2,STRIPE,via,106313,171120,107913,171600,1600,via_1600x480
VDD,met3-met4,STRIPE,via,75434,171120,77034,171600,1600,via3_1600x480
VDD,met2-met3,STRIPE,via,75434,171120,77034,171600,1600,via2_1600x480
VDD,met1-met2,STRIPE,via,75434,171120,77034,171600,1600,via_1600x480
VDD,met3-met4,STRIPE,via,49693,171120,51293,171600,1600,via3_1600x480
VDD,met2-met3,STRIPE,via,49693,171120,51293,171600,1600,via2_1600x480
VDD,met1-met2,STRIPE,via,49693,171120,51293,171600,1600,via_1600x480
VDD,met3-met4,STRIPE,via,26587,171120,28187,171600,1600,via3_1600x480
VDD,met2-met3,STRIPE,via,26587,171120,28187,171600,1600,via2_1600x480
VDD,met1-met2,STRIPE,via,26587,171120,28187,171600,1600,via_1600x480
VDD,met3-met4,STRIPE,via,263371,165680,264971,166160,1600,via3_1600x480
VDD,met2-met3,STRIPE,via,263371,165680,264971,166160,1600,via2_1600x480
VDD,met1-met2,STRIPE,via,263371,165680,264971,166160,1600,via_1600x480
VDD,met3-met4,STRIPE,via,238378,165680,239978,166160,1600,via3_1600x480
VDD,met2-met3,STRIPE,via,238378,165680,239978,166160,1600,via2_1600x480
VDD,met1-met2,STRIPE,via,238378,165680,239978,166160,1600,via_1600x480
VDD,met3-met4,STRIPE,via,214753,165680,216353,166160,1600,via3_1600x480
VDD,met2-met3,STRIPE,via,214753,165680,216353,166160,1600,via2_1600x480
VDD,met1-met2,STRIPE,via,214753,165680,216353,166160,1600,via_1600x480
VDD,met3-met4,STRIPE,via,189471,165680,191071,166160,1600,via3_1600x480
VDD,met2-met3,STRIPE,via,189471,165680,191071,166160,1600,via2_1600x480
VDD,met1-met2,STRIPE,via,189471,165680,191071,166160,1600,via_1600x480
VDD,met3-met4,STRIPE,via,158463,165680,160063,166160,1600,via3_1600x480
VDD,met2-met3,STRIPE,via,158463,165680,160063,166160,1600,via2_1600x480
VDD,met1-met2,STRIPE,via,158463,165680,160063,166160,1600,via_1600x480
VDD,met3-met4,STRIPE,via,131618,165680,133218,166160,1600,via3_1600x480
VDD,met2-met3,STRIPE,via,131618,165680,133218,166160,1600,via2_1600x480
VDD,met1-met2,STRIPE,via,131618,165680,133218,166160,1600,via_1600x480
VDD,met3-met4,STRIPE,via,106313,165680,107913,166160,1600,via3_1600x480
VDD,met2-met3,STRIPE,via,106313,165680,107913,166160,1600,via2_1600x480
VDD,met1-met2,STRIPE,via,106313,165680,107913,166160,1600,via_1600x480
VDD,met3-met4,STRIPE,via,75434,165680,77034,166160,1600,via3_1600x480
VDD,met2-met3,STRIPE,via,75434,165680,77034,166160,1600,via2_1600x480
VDD,met1-met2,STRIPE,via,75434,165680,77034,166160,1600,via_1600x480
VDD,met3-met4,STRIPE,via,49693,165680,51293,166160,1600,via3_1600x480
VDD,met2-met3,STRIPE,via,49693,165680,51293,166160,1600,via2_1600x480
VDD,met1-met2,STRIPE,via,49693,165680,51293,166160,1600,via_1600x480
VDD,met3-met4,STRIPE,via,26587,165680,28187,166160,1600,via3_1600x480
VDD,met2-met3,STRIPE,via,26587,165680,28187,166160,1600,via2_1600x480
VDD,met1-met2,STRIPE,via,26587,165680,28187,166160,1600,via_1600x480
VDD,met3-met4,STRIPE,via,263371,160240,264971,160720,1600,via3_1600x480
VDD,met2-met3,STRIPE,via,263371,160240,264971,160720,1600,via2_1600x480
VDD,met1-met2,STRIPE,via,263371,160240,264971,160720,1600,via_1600x480
VDD,met3-met4,STRIPE,via,238378,160240,239978,160720,1600,via3_1600x480
VDD,met2-met3,STRIPE,via,238378,160240,239978,160720,1600,via2_1600x480
VDD,met1-met2,STRIPE,via,238378,160240,239978,160720,1600,via_1600x480
VDD,met3-met4,STRIPE,via,214753,160240,216353,160720,1600,via3_1600x480
VDD,met2-met3,STRIPE,via,214753,160240,216353,160720,1600,via2_1600x480
VDD,met1-met2,STRIPE,via,214753,160240,216353,160720,1600,via_1600x480
VDD,met3-met4,STRIPE,via,189471,160240,191071,160720,1600,via3_1600x480
VDD,met2-met3,STRIPE,via,189471,160240,191071,160720,1600,via2_1600x480
VDD,met1-met2,STRIPE,via,189471,160240,191071,160720,1600,via_1600x480
VDD,met3-met4,STRIPE,via,158463,160240,160063,160720,1600,via3_1600x480
VDD,met2-met3,STRIPE,via,158463,160240,160063,160720,1600,via2_1600x480
VDD,met1-met2,STRIPE,via,158463,160240,160063,160720,1600,via_1600x480
VDD,met3-met4,STRIPE,via,131618,160240,133218,160720,1600,via3_1600x480
VDD,met2-met3,STRIPE,via,131618,160240,133218,160720,1600,via2_1600x480
VDD,met1-met2,STRIPE,via,131618,160240,133218,160720,1600,via_1600x480
VDD,met3-met4,STRIPE,via,106313,160240,107913,160720,1600,via3_1600x480
VDD,met2-met3,STRIPE,via,106313,160240,107913,160720,1600,via2_1600x480
VDD,met1-met2,STRIPE,via,106313,160240,107913,160720,1600,via_1600x480
VDD,met3-met4,STRIPE,via,75434,160240,77034,160720,1600,via3_1600x480
VDD,met2-met3,STRIPE,via,75434,160240,77034,160720,1600,via2_1600x480
VDD,met1-met2,STRIPE,via,75434,160240,77034,160720,1600,via_1600x480
VDD,met3-met4,STRIPE,via,49693,160240,51293,160720,1600,via3_1600x480
VDD,met2-met3,STRIPE,via,49693,160240,51293,160720,1600,via2_1600x480
VDD,met1-met2,STRIPE,via,49693,160240,51293,160720,1600,via_1600x480
VDD,met3-met4,STRIPE,via,26587,160240,28187,160720,1600,via3_1600x480
VDD,met2-met3,STRIPE,via,26587,160240,28187,160720,1600,via2_1600x480
VDD,met1-met2,STRIPE,via,26587,160240,28187,160720,1600,via_1600x480
VDD,met3-met4,STRIPE,via,263371,154800,264971,155280,1600,via3_1600x480
VDD,met2-met3,STRIPE,via,263371,154800,264971,155280,1600,via2_1600x480
VDD,met1-met2,STRIPE,via,263371,154800,264971,155280,1600,via_1600x480
VDD,met3-met4,STRIPE,via,238378,154800,239978,155280,1600,via3_1600x480
VDD,met2-met3,STRIPE,via,238378,154800,239978,155280,1600,via2_1600x480
VDD,met1-met2,STRIPE,via,238378,154800,239978,155280,1600,via_1600x480
VDD,met3-met4,STRIPE,via,214753,154800,216353,155280,1600,via3_1600x480
VDD,met2-met3,STRIPE,via,214753,154800,216353,155280,1600,via2_1600x480
VDD,met1-met2,STRIPE,via,214753,154800,216353,155280,1600,via_1600x480
VDD,met3-met4,STRIPE,via,189471,154800,191071,155280,1600,via3_1600x480
VDD,met2-met3,STRIPE,via,189471,154800,191071,155280,1600,via2_1600x480
VDD,met1-met2,STRIPE,via,189471,154800,191071,155280,1600,via_1600x480
VDD,met3-met4,STRIPE,via,158463,154800,160063,155280,1600,via3_1600x480
VDD,met2-met3,STRIPE,via,158463,154800,160063,155280,1600,via2_1600x480
VDD,met1-met2,STRIPE,via,158463,154800,160063,155280,1600,via_1600x480
VDD,met3-met4,STRIPE,via,131618,154800,133218,155280,1600,via3_1600x480
VDD,met2-met3,STRIPE,via,131618,154800,133218,155280,1600,via2_1600x480
VDD,met1-met2,STRIPE,via,131618,154800,133218,155280,1600,via_1600x480
VDD,met3-met4,STRIPE,via,106313,154800,107913,155280,1600,via3_1600x480
VDD,met2-met3,STRIPE,via,106313,154800,107913,155280,1600,via2_1600x480
VDD,met1-met2,STRIPE,via,106313,154800,107913,155280,1600,via_1600x480
VDD,met3-met4,STRIPE,via,75434,154800,77034,155280,1600,via3_1600x480
VDD,met2-met3,STRIPE,via,75434,154800,77034,155280,1600,via2_1600x480
VDD,met1-met2,STRIPE,via,75434,154800,77034,155280,1600,via_1600x480
VDD,met3-met4,STRIPE,via,49693,154800,51293,155280,1600,via3_1600x480
VDD,met2-met3,STRIPE,via,49693,154800,51293,155280,1600,via2_1600x480
VDD,met1-met2,STRIPE,via,49693,154800,51293,155280,1600,via_1600x480
VDD,met3-met4,STRIPE,via,26587,154800,28187,155280,1600,via3_1600x480
VDD,met2-met3,STRIPE,via,26587,154800,28187,155280,1600,via2_1600x480
VDD,met1-met2,STRIPE,via,26587,154800,28187,155280,1600,via_1600x480
VDD,met3-met4,STRIPE,via,263371,149360,264971,149840,1600,via3_1600x480
VDD,met2-met3,STRIPE,via,263371,149360,264971,149840,1600,via2_1600x480
VDD,met1-met2,STRIPE,via,263371,149360,264971,149840,1600,via_1600x480
VDD,met3-met4,STRIPE,via,238378,149360,239978,149840,1600,via3_1600x480
VDD,met2-met3,STRIPE,via,238378,149360,239978,149840,1600,via2_1600x480
VDD,met1-met2,STRIPE,via,238378,149360,239978,149840,1600,via_1600x480
VDD,met3-met4,STRIPE,via,214753,149360,216353,149840,1600,via3_1600x480
VDD,met2-met3,STRIPE,via,214753,149360,216353,149840,1600,via2_1600x480
VDD,met1-met2,STRIPE,via,214753,149360,216353,149840,1600,via_1600x480
VDD,met3-met4,STRIPE,via,189471,149360,191071,149840,1600,via3_1600x480
VDD,met2-met3,STRIPE,via,189471,149360,191071,149840,1600,via2_1600x480
VDD,met1-met2,STRIPE,via,189471,149360,191071,149840,1600,via_1600x480
VDD,met3-met4,STRIPE,via,158463,149360,160063,149840,1600,via3_1600x480
VDD,met2-met3,STRIPE,via,158463,149360,160063,149840,1600,via2_1600x480
VDD,met1-met2,STRIPE,via,158463,149360,160063,149840,1600,via_1600x480
VDD,met3-met4,STRIPE,via,131618,149360,133218,149840,1600,via3_1600x480
VDD,met2-met3,STRIPE,via,131618,149360,133218,149840,1600,via2_1600x480
VDD,met1-met2,STRIPE,via,131618,149360,133218,149840,1600,via_1600x480
VDD,met3-met4,STRIPE,via,106313,149360,107913,149840,1600,via3_1600x480
VDD,met2-met3,STRIPE,via,106313,149360,107913,149840,1600,via2_1600x480
VDD,met1-met2,STRIPE,via,106313,149360,107913,149840,1600,via_1600x480
VDD,met3-met4,STRIPE,via,75434,149360,77034,149840,1600,via3_1600x480
VDD,met2-met3,STRIPE,via,75434,149360,77034,149840,1600,via2_1600x480
VDD,met1-met2,STRIPE,via,75434,149360,77034,149840,1600,via_1600x480
VDD,met3-met4,STRIPE,via,49693,149360,51293,149840,1600,via3_1600x480
VDD,met2-met3,STRIPE,via,49693,149360,51293,149840,1600,via2_1600x480
VDD,met1-met2,STRIPE,via,49693,149360,51293,149840,1600,via_1600x480
VDD,met3-met4,STRIPE,via,26587,149360,28187,149840,1600,via3_1600x480
VDD,met2-met3,STRIPE,via,26587,149360,28187,149840,1600,via2_1600x480
VDD,met1-met2,STRIPE,via,26587,149360,28187,149840,1600,via_1600x480
VDD,met3-met4,STRIPE,via,263371,143920,264971,144400,1600,via3_1600x480
VDD,met2-met3,STRIPE,via,263371,143920,264971,144400,1600,via2_1600x480
VDD,met1-met2,STRIPE,via,263371,143920,264971,144400,1600,via_1600x480
VDD,met3-met4,STRIPE,via,238378,143920,239978,144400,1600,via3_1600x480
VDD,met2-met3,STRIPE,via,238378,143920,239978,144400,1600,via2_1600x480
VDD,met1-met2,STRIPE,via,238378,143920,239978,144400,1600,via_1600x480
VDD,met3-met4,STRIPE,via,214753,143920,216353,144400,1600,via3_1600x480
VDD,met2-met3,STRIPE,via,214753,143920,216353,144400,1600,via2_1600x480
VDD,met1-met2,STRIPE,via,214753,143920,216353,144400,1600,via_1600x480
VDD,met3-met4,STRIPE,via,189471,143920,191071,144400,1600,via3_1600x480
VDD,met2-met3,STRIPE,via,189471,143920,191071,144400,1600,via2_1600x480
VDD,met1-met2,STRIPE,via,189471,143920,191071,144400,1600,via_1600x480
VDD,met3-met4,STRIPE,via,158463,143920,160063,144400,1600,via3_1600x480
VDD,met2-met3,STRIPE,via,158463,143920,160063,144400,1600,via2_1600x480
VDD,met1-met2,STRIPE,via,158463,143920,160063,144400,1600,via_1600x480
VDD,met3-met4,STRIPE,via,131618,143920,133218,144400,1600,via3_1600x480
VDD,met2-met3,STRIPE,via,131618,143920,133218,144400,1600,via2_1600x480
VDD,met1-met2,STRIPE,via,131618,143920,133218,144400,1600,via_1600x480
VDD,met3-met4,STRIPE,via,106313,143920,107913,144400,1600,via3_1600x480
VDD,met2-met3,STRIPE,via,106313,143920,107913,144400,1600,via2_1600x480
VDD,met1-met2,STRIPE,via,106313,143920,107913,144400,1600,via_1600x480
VDD,met3-met4,STRIPE,via,75434,143920,77034,144400,1600,via3_1600x480
VDD,met2-met3,STRIPE,via,75434,143920,77034,144400,1600,via2_1600x480
VDD,met1-met2,STRIPE,via,75434,143920,77034,144400,1600,via_1600x480
VDD,met3-met4,STRIPE,via,49693,143920,51293,144400,1600,via3_1600x480
VDD,met2-met3,STRIPE,via,49693,143920,51293,144400,1600,via2_1600x480
VDD,met1-met2,STRIPE,via,49693,143920,51293,144400,1600,via_1600x480
VDD,met3-met4,STRIPE,via,26587,143920,28187,144400,1600,via3_1600x480
VDD,met2-met3,STRIPE,via,26587,143920,28187,144400,1600,via2_1600x480
VDD,met1-met2,STRIPE,via,26587,143920,28187,144400,1600,via_1600x480
VDD,met3-met4,STRIPE,via,263371,138480,264971,138960,1600,via3_1600x480
VDD,met2-met3,STRIPE,via,263371,138480,264971,138960,1600,via2_1600x480
VDD,met1-met2,STRIPE,via,263371,138480,264971,138960,1600,via_1600x480
VDD,met3-met4,STRIPE,via,238378,138480,239978,138960,1600,via3_1600x480
VDD,met2-met3,STRIPE,via,238378,138480,239978,138960,1600,via2_1600x480
VDD,met1-met2,STRIPE,via,238378,138480,239978,138960,1600,via_1600x480
VDD,met3-met4,STRIPE,via,214753,138480,216353,138960,1600,via3_1600x480
VDD,met2-met3,STRIPE,via,214753,138480,216353,138960,1600,via2_1600x480
VDD,met1-met2,STRIPE,via,214753,138480,216353,138960,1600,via_1600x480
VDD,met3-met4,STRIPE,via,189471,138480,191071,138960,1600,via3_1600x480
VDD,met2-met3,STRIPE,via,189471,138480,191071,138960,1600,via2_1600x480
VDD,met1-met2,STRIPE,via,189471,138480,191071,138960,1600,via_1600x480
VDD,met3-met4,STRIPE,via,158463,138480,160063,138960,1600,via3_1600x480
VDD,met2-met3,STRIPE,via,158463,138480,160063,138960,1600,via2_1600x480
VDD,met1-met2,STRIPE,via,158463,138480,160063,138960,1600,via_1600x480
VDD,met3-met4,STRIPE,via,131618,138480,133218,138960,1600,via3_1600x480
VDD,met2-met3,STRIPE,via,131618,138480,133218,138960,1600,via2_1600x480
VDD,met1-met2,STRIPE,via,131618,138480,133218,138960,1600,via_1600x480
VDD,met3-met4,STRIPE,via,106313,138480,107913,138960,1600,via3_1600x480
VDD,met2-met3,STRIPE,via,106313,138480,107913,138960,1600,via2_1600x480
VDD,met1-met2,STRIPE,via,106313,138480,107913,138960,1600,via_1600x480
VDD,met3-met4,STRIPE,via,75434,138480,77034,138960,1600,via3_1600x480
VDD,met2-met3,STRIPE,via,75434,138480,77034,138960,1600,via2_1600x480
VDD,met1-met2,STRIPE,via,75434,138480,77034,138960,1600,via_1600x480
VDD,met3-met4,STRIPE,via,49693,138480,51293,138960,1600,via3_1600x480
VDD,met2-met3,STRIPE,via,49693,138480,51293,138960,1600,via2_1600x480
VDD,met1-met2,STRIPE,via,49693,138480,51293,138960,1600,via_1600x480
VDD,met3-met4,STRIPE,via,26587,138480,28187,138960,1600,via3_1600x480
VDD,met2-met3,STRIPE,via,26587,138480,28187,138960,1600,via2_1600x480
VDD,met1-met2,STRIPE,via,26587,138480,28187,138960,1600,via_1600x480
VDD,met3-met4,STRIPE,via,263371,133040,264971,133520,1600,via3_1600x480
VDD,met2-met3,STRIPE,via,263371,133040,264971,133520,1600,via2_1600x480
VDD,met1-met2,STRIPE,via,263371,133040,264971,133520,1600,via_1600x480
VDD,met3-met4,STRIPE,via,238378,133040,239978,133520,1600,via3_1600x480
VDD,met2-met3,STRIPE,via,238378,133040,239978,133520,1600,via2_1600x480
VDD,met1-met2,STRIPE,via,238378,133040,239978,133520,1600,via_1600x480
VDD,met3-met4,STRIPE,via,214753,133040,216353,133520,1600,via3_1600x480
VDD,met2-met3,STRIPE,via,214753,133040,216353,133520,1600,via2_1600x480
VDD,met1-met2,STRIPE,via,214753,133040,216353,133520,1600,via_1600x480
VDD,met3-met4,STRIPE,via,189471,133040,191071,133520,1600,via3_1600x480
VDD,met2-met3,STRIPE,via,189471,133040,191071,133520,1600,via2_1600x480
VDD,met1-met2,STRIPE,via,189471,133040,191071,133520,1600,via_1600x480
VDD,met3-met4,STRIPE,via,158463,133040,160063,133520,1600,via3_1600x480
VDD,met2-met3,STRIPE,via,158463,133040,160063,133520,1600,via2_1600x480
VDD,met1-met2,STRIPE,via,158463,133040,160063,133520,1600,via_1600x480
VDD,met3-met4,STRIPE,via,131618,133040,133218,133520,1600,via3_1600x480
VDD,met2-met3,STRIPE,via,131618,133040,133218,133520,1600,via2_1600x480
VDD,met1-met2,STRIPE,via,131618,133040,133218,133520,1600,via_1600x480
VDD,met3-met4,STRIPE,via,106313,133040,107913,133520,1600,via3_1600x480
VDD,met2-met3,STRIPE,via,106313,133040,107913,133520,1600,via2_1600x480
VDD,met1-met2,STRIPE,via,106313,133040,107913,133520,1600,via_1600x480
VDD,met3-met4,STRIPE,via,75434,133040,77034,133520,1600,via3_1600x480
VDD,met2-met3,STRIPE,via,75434,133040,77034,133520,1600,via2_1600x480
VDD,met1-met2,STRIPE,via,75434,133040,77034,133520,1600,via_1600x480
VDD,met3-met4,STRIPE,via,49693,133040,51293,133520,1600,via3_1600x480
VDD,met2-met3,STRIPE,via,49693,133040,51293,133520,1600,via2_1600x480
VDD,met1-met2,STRIPE,via,49693,133040,51293,133520,1600,via_1600x480
VDD,met3-met4,STRIPE,via,26587,133040,28187,133520,1600,via3_1600x480
VDD,met2-met3,STRIPE,via,26587,133040,28187,133520,1600,via2_1600x480
VDD,met1-met2,STRIPE,via,26587,133040,28187,133520,1600,via_1600x480
VDD,met3-met4,STRIPE,via,263371,127600,264971,128080,1600,via3_1600x480
VDD,met2-met3,STRIPE,via,263371,127600,264971,128080,1600,via2_1600x480
VDD,met1-met2,STRIPE,via,263371,127600,264971,128080,1600,via_1600x480
VDD,met3-met4,STRIPE,via,238378,127600,239978,128080,1600,via3_1600x480
VDD,met2-met3,STRIPE,via,238378,127600,239978,128080,1600,via2_1600x480
VDD,met1-met2,STRIPE,via,238378,127600,239978,128080,1600,via_1600x480
VDD,met3-met4,STRIPE,via,214753,127600,216353,128080,1600,via3_1600x480
VDD,met2-met3,STRIPE,via,214753,127600,216353,128080,1600,via2_1600x480
VDD,met1-met2,STRIPE,via,214753,127600,216353,128080,1600,via_1600x480
VDD,met3-met4,STRIPE,via,189471,127600,191071,128080,1600,via3_1600x480
VDD,met2-met3,STRIPE,via,189471,127600,191071,128080,1600,via2_1600x480
VDD,met1-met2,STRIPE,via,189471,127600,191071,128080,1600,via_1600x480
VDD,met3-met4,STRIPE,via,158463,127600,160063,128080,1600,via3_1600x480
VDD,met2-met3,STRIPE,via,158463,127600,160063,128080,1600,via2_1600x480
VDD,met1-met2,STRIPE,via,158463,127600,160063,128080,1600,via_1600x480
VDD,met3-met4,STRIPE,via,131618,127600,133218,128080,1600,via3_1600x480
VDD,met2-met3,STRIPE,via,131618,127600,133218,128080,1600,via2_1600x480
VDD,met1-met2,STRIPE,via,131618,127600,133218,128080,1600,via_1600x480
VDD,met3-met4,STRIPE,via,106313,127600,107913,128080,1600,via3_1600x480
VDD,met2-met3,STRIPE,via,106313,127600,107913,128080,1600,via2_1600x480
VDD,met1-met2,STRIPE,via,106313,127600,107913,128080,1600,via_1600x480
VDD,met3-met4,STRIPE,via,75434,127600,77034,128080,1600,via3_1600x480
VDD,met2-met3,STRIPE,via,75434,127600,77034,128080,1600,via2_1600x480
VDD,met1-met2,STRIPE,via,75434,127600,77034,128080,1600,via_1600x480
VDD,met3-met4,STRIPE,via,49693,127600,51293,128080,1600,via3_1600x480
VDD,met2-met3,STRIPE,via,49693,127600,51293,128080,1600,via2_1600x480
VDD,met1-met2,STRIPE,via,49693,127600,51293,128080,1600,via_1600x480
VDD,met3-met4,STRIPE,via,26587,127600,28187,128080,1600,via3_1600x480
VDD,met2-met3,STRIPE,via,26587,127600,28187,128080,1600,via2_1600x480
VDD,met1-met2,STRIPE,via,26587,127600,28187,128080,1600,via_1600x480
VDD,met3-met4,STRIPE,via,263371,122160,264971,122640,1600,via3_1600x480
VDD,met2-met3,STRIPE,via,263371,122160,264971,122640,1600,via2_1600x480
VDD,met1-met2,STRIPE,via,263371,122160,264971,122640,1600,via_1600x480
VDD,met3-met4,STRIPE,via,238378,122160,239978,122640,1600,via3_1600x480
VDD,met2-met3,STRIPE,via,238378,122160,239978,122640,1600,via2_1600x480
VDD,met1-met2,STRIPE,via,238378,122160,239978,122640,1600,via_1600x480
VDD,met3-met4,STRIPE,via,214753,122160,216353,122640,1600,via3_1600x480
VDD,met2-met3,STRIPE,via,214753,122160,216353,122640,1600,via2_1600x480
VDD,met1-met2,STRIPE,via,214753,122160,216353,122640,1600,via_1600x480
VDD,met3-met4,STRIPE,via,189471,122160,191071,122640,1600,via3_1600x480
VDD,met2-met3,STRIPE,via,189471,122160,191071,122640,1600,via2_1600x480
VDD,met1-met2,STRIPE,via,189471,122160,191071,122640,1600,via_1600x480
VDD,met3-met4,STRIPE,via,158463,122160,160063,122640,1600,via3_1600x480
VDD,met2-met3,STRIPE,via,158463,122160,160063,122640,1600,via2_1600x480
VDD,met1-met2,STRIPE,via,158463,122160,160063,122640,1600,via_1600x480
VDD,met3-met4,STRIPE,via,131618,122160,133218,122640,1600,via3_1600x480
VDD,met2-met3,STRIPE,via,131618,122160,133218,122640,1600,via2_1600x480
VDD,met1-met2,STRIPE,via,131618,122160,133218,122640,1600,via_1600x480
VDD,met3-met4,STRIPE,via,106313,122160,107913,122640,1600,via3_1600x480
VDD,met2-met3,STRIPE,via,106313,122160,107913,122640,1600,via2_1600x480
VDD,met1-met2,STRIPE,via,106313,122160,107913,122640,1600,via_1600x480
VDD,met3-met4,STRIPE,via,75434,122160,77034,122640,1600,via3_1600x480
VDD,met2-met3,STRIPE,via,75434,122160,77034,122640,1600,via2_1600x480
VDD,met1-met2,STRIPE,via,75434,122160,77034,122640,1600,via_1600x480
VDD,met3-met4,STRIPE,via,49693,122160,51293,122640,1600,via3_1600x480
VDD,met2-met3,STRIPE,via,49693,122160,51293,122640,1600,via2_1600x480
VDD,met1-met2,STRIPE,via,49693,122160,51293,122640,1600,via_1600x480
VDD,met3-met4,STRIPE,via,26587,122160,28187,122640,1600,via3_1600x480
VDD,met2-met3,STRIPE,via,26587,122160,28187,122640,1600,via2_1600x480
VDD,met1-met2,STRIPE,via,26587,122160,28187,122640,1600,via_1600x480
VDD,met3-met4,STRIPE,via,263371,116720,264971,117200,1600,via3_1600x480
VDD,met2-met3,STRIPE,via,263371,116720,264971,117200,1600,via2_1600x480
VDD,met1-met2,STRIPE,via,263371,116720,264971,117200,1600,via_1600x480
VDD,met3-met4,STRIPE,via,238378,116720,239978,117200,1600,via3_1600x480
VDD,met2-met3,STRIPE,via,238378,116720,239978,117200,1600,via2_1600x480
VDD,met1-met2,STRIPE,via,238378,116720,239978,117200,1600,via_1600x480
VDD,met3-met4,STRIPE,via,214753,116720,216353,117200,1600,via3_1600x480
VDD,met2-met3,STRIPE,via,214753,116720,216353,117200,1600,via2_1600x480
VDD,met1-met2,STRIPE,via,214753,116720,216353,117200,1600,via_1600x480
VDD,met3-met4,STRIPE,via,189471,116720,191071,117200,1600,via3_1600x480
VDD,met2-met3,STRIPE,via,189471,116720,191071,117200,1600,via2_1600x480
VDD,met1-met2,STRIPE,via,189471,116720,191071,117200,1600,via_1600x480
VDD,met3-met4,STRIPE,via,158463,116720,160063,117200,1600,via3_1600x480
VDD,met2-met3,STRIPE,via,158463,116720,160063,117200,1600,via2_1600x480
VDD,met1-met2,STRIPE,via,158463,116720,160063,117200,1600,via_1600x480
VDD,met3-met4,STRIPE,via,131618,116720,133218,117200,1600,via3_1600x480
VDD,met2-met3,STRIPE,via,131618,116720,133218,117200,1600,via2_1600x480
VDD,met1-met2,STRIPE,via,131618,116720,133218,117200,1600,via_1600x480
VDD,met3-met4,STRIPE,via,106313,116720,107913,117200,1600,via3_1600x480
VDD,met2-met3,STRIPE,via,106313,116720,107913,117200,1600,via2_1600x480
VDD,met1-met2,STRIPE,via,106313,116720,107913,117200,1600,via_1600x480
VDD,met3-met4,STRIPE,via,75434,116720,77034,117200,1600,via3_1600x480
VDD,met2-met3,STRIPE,via,75434,116720,77034,117200,1600,via2_1600x480
VDD,met1-met2,STRIPE,via,75434,116720,77034,117200,1600,via_1600x480
VDD,met3-met4,STRIPE,via,49693,116720,51293,117200,1600,via3_1600x480
VDD,met2-met3,STRIPE,via,49693,116720,51293,117200,1600,via2_1600x480
VDD,met1-met2,STRIPE,via,49693,116720,51293,117200,1600,via_1600x480
VDD,met3-met4,STRIPE,via,26587,116720,28187,117200,1600,via3_1600x480
VDD,met2-met3,STRIPE,via,26587,116720,28187,117200,1600,via2_1600x480
VDD,met1-met2,STRIPE,via,26587,116720,28187,117200,1600,via_1600x480
VDD,met3-met4,STRIPE,via,263371,111280,264971,111760,1600,via3_1600x480
VDD,met2-met3,STRIPE,via,263371,111280,264971,111760,1600,via2_1600x480
VDD,met1-met2,STRIPE,via,263371,111280,264971,111760,1600,via_1600x480
VDD,met3-met4,STRIPE,via,238378,111280,239978,111760,1600,via3_1600x480
VDD,met2-met3,STRIPE,via,238378,111280,239978,111760,1600,via2_1600x480
VDD,met1-met2,STRIPE,via,238378,111280,239978,111760,1600,via_1600x480
VDD,met3-met4,STRIPE,via,214753,111280,216353,111760,1600,via3_1600x480
VDD,met2-met3,STRIPE,via,214753,111280,216353,111760,1600,via2_1600x480
VDD,met1-met2,STRIPE,via,214753,111280,216353,111760,1600,via_1600x480
VDD,met3-met4,STRIPE,via,189471,111280,191071,111760,1600,via3_1600x480
VDD,met2-met3,STRIPE,via,189471,111280,191071,111760,1600,via2_1600x480
VDD,met1-met2,STRIPE,via,189471,111280,191071,111760,1600,via_1600x480
VDD,met3-met4,STRIPE,via,158463,111280,160063,111760,1600,via3_1600x480
VDD,met2-met3,STRIPE,via,158463,111280,160063,111760,1600,via2_1600x480
VDD,met1-met2,STRIPE,via,158463,111280,160063,111760,1600,via_1600x480
VDD,met3-met4,STRIPE,via,131618,111280,133218,111760,1600,via3_1600x480
VDD,met2-met3,STRIPE,via,131618,111280,133218,111760,1600,via2_1600x480
VDD,met1-met2,STRIPE,via,131618,111280,133218,111760,1600,via_1600x480
VDD,met3-met4,STRIPE,via,106313,111280,107913,111760,1600,via3_1600x480
VDD,met2-met3,STRIPE,via,106313,111280,107913,111760,1600,via2_1600x480
VDD,met1-met2,STRIPE,via,106313,111280,107913,111760,1600,via_1600x480
VDD,met3-met4,STRIPE,via,75434,111280,77034,111760,1600,via3_1600x480
VDD,met2-met3,STRIPE,via,75434,111280,77034,111760,1600,via2_1600x480
VDD,met1-met2,STRIPE,via,75434,111280,77034,111760,1600,via_1600x480
VDD,met3-met4,STRIPE,via,49693,111280,51293,111760,1600,via3_1600x480
VDD,met2-met3,STRIPE,via,49693,111280,51293,111760,1600,via2_1600x480
VDD,met1-met2,STRIPE,via,49693,111280,51293,111760,1600,via_1600x480
VDD,met3-met4,STRIPE,via,26587,111280,28187,111760,1600,via3_1600x480
VDD,met2-met3,STRIPE,via,26587,111280,28187,111760,1600,via2_1600x480
VDD,met1-met2,STRIPE,via,26587,111280,28187,111760,1600,via_1600x480
VDD,met3-met4,STRIPE,via,263371,105840,264971,106320,1600,via3_1600x480
VDD,met2-met3,STRIPE,via,263371,105840,264971,106320,1600,via2_1600x480
VDD,met1-met2,STRIPE,via,263371,105840,264971,106320,1600,via_1600x480
VDD,met3-met4,STRIPE,via,238378,105840,239978,106320,1600,via3_1600x480
VDD,met2-met3,STRIPE,via,238378,105840,239978,106320,1600,via2_1600x480
VDD,met1-met2,STRIPE,via,238378,105840,239978,106320,1600,via_1600x480
VDD,met3-met4,STRIPE,via,214753,105840,216353,106320,1600,via3_1600x480
VDD,met2-met3,STRIPE,via,214753,105840,216353,106320,1600,via2_1600x480
VDD,met1-met2,STRIPE,via,214753,105840,216353,106320,1600,via_1600x480
VDD,met3-met4,STRIPE,via,189471,105840,191071,106320,1600,via3_1600x480
VDD,met2-met3,STRIPE,via,189471,105840,191071,106320,1600,via2_1600x480
VDD,met1-met2,STRIPE,via,189471,105840,191071,106320,1600,via_1600x480
VDD,met3-met4,STRIPE,via,158463,105840,160063,106320,1600,via3_1600x480
VDD,met2-met3,STRIPE,via,158463,105840,160063,106320,1600,via2_1600x480
VDD,met1-met2,STRIPE,via,158463,105840,160063,106320,1600,via_1600x480
VDD,met3-met4,STRIPE,via,131618,105840,133218,106320,1600,via3_1600x480
VDD,met2-met3,STRIPE,via,131618,105840,133218,106320,1600,via2_1600x480
VDD,met1-met2,STRIPE,via,131618,105840,133218,106320,1600,via_1600x480
VDD,met3-met4,STRIPE,via,106313,105840,107913,106320,1600,via3_1600x480
VDD,met2-met3,STRIPE,via,106313,105840,107913,106320,1600,via2_1600x480
VDD,met1-met2,STRIPE,via,106313,105840,107913,106320,1600,via_1600x480
VDD,met3-met4,STRIPE,via,75434,105840,77034,106320,1600,via3_1600x480
VDD,met2-met3,STRIPE,via,75434,105840,77034,106320,1600,via2_1600x480
VDD,met1-met2,STRIPE,via,75434,105840,77034,106320,1600,via_1600x480
VDD,met3-met4,STRIPE,via,49693,105840,51293,106320,1600,via3_1600x480
VDD,met2-met3,STRIPE,via,49693,105840,51293,106320,1600,via2_1600x480
VDD,met1-met2,STRIPE,via,49693,105840,51293,106320,1600,via_1600x480
VDD,met3-met4,STRIPE,via,26587,105840,28187,106320,1600,via3_1600x480
VDD,met2-met3,STRIPE,via,26587,105840,28187,106320,1600,via2_1600x480
VDD,met1-met2,STRIPE,via,26587,105840,28187,106320,1600,via_1600x480
VDD,met3-met4,STRIPE,via,263371,100400,264971,100880,1600,via3_1600x480
VDD,met2-met3,STRIPE,via,263371,100400,264971,100880,1600,via2_1600x480
VDD,met1-met2,STRIPE,via,263371,100400,264971,100880,1600,via_1600x480
VDD,met3-met4,STRIPE,via,238378,100400,239978,100880,1600,via3_1600x480
VDD,met2-met3,STRIPE,via,238378,100400,239978,100880,1600,via2_1600x480
VDD,met1-met2,STRIPE,via,238378,100400,239978,100880,1600,via_1600x480
VDD,met3-met4,STRIPE,via,214753,100400,216353,100880,1600,via3_1600x480
VDD,met2-met3,STRIPE,via,214753,100400,216353,100880,1600,via2_1600x480
VDD,met1-met2,STRIPE,via,214753,100400,216353,100880,1600,via_1600x480
VDD,met3-met4,STRIPE,via,189471,100400,191071,100880,1600,via3_1600x480
VDD,met2-met3,STRIPE,via,189471,100400,191071,100880,1600,via2_1600x480
VDD,met1-met2,STRIPE,via,189471,100400,191071,100880,1600,via_1600x480
VDD,met3-met4,STRIPE,via,158463,100400,160063,100880,1600,via3_1600x480
VDD,met2-met3,STRIPE,via,158463,100400,160063,100880,1600,via2_1600x480
VDD,met1-met2,STRIPE,via,158463,100400,160063,100880,1600,via_1600x480
VDD,met3-met4,STRIPE,via,131618,100400,133218,100880,1600,via3_1600x480
VDD,met2-met3,STRIPE,via,131618,100400,133218,100880,1600,via2_1600x480
VDD,met1-met2,STRIPE,via,131618,100400,133218,100880,1600,via_1600x480
VDD,met3-met4,STRIPE,via,106313,100400,107913,100880,1600,via3_1600x480
VDD,met2-met3,STRIPE,via,106313,100400,107913,100880,1600,via2_1600x480
VDD,met1-met2,STRIPE,via,106313,100400,107913,100880,1600,via_1600x480
VDD,met3-met4,STRIPE,via,75434,100400,77034,100880,1600,via3_1600x480
VDD,met2-met3,STRIPE,via,75434,100400,77034,100880,1600,via2_1600x480
VDD,met1-met2,STRIPE,via,75434,100400,77034,100880,1600,via_1600x480
VDD,met3-met4,STRIPE,via,49693,100400,51293,100880,1600,via3_1600x480
VDD,met2-met3,STRIPE,via,49693,100400,51293,100880,1600,via2_1600x480
VDD,met1-met2,STRIPE,via,49693,100400,51293,100880,1600,via_1600x480
VDD,met3-met4,STRIPE,via,26587,100400,28187,100880,1600,via3_1600x480
VDD,met2-met3,STRIPE,via,26587,100400,28187,100880,1600,via2_1600x480
VDD,met1-met2,STRIPE,via,26587,100400,28187,100880,1600,via_1600x480
VDD,met3-met4,STRIPE,via,263371,94960,264971,95440,1600,via3_1600x480
VDD,met2-met3,STRIPE,via,263371,94960,264971,95440,1600,via2_1600x480
VDD,met1-met2,STRIPE,via,263371,94960,264971,95440,1600,via_1600x480
VDD,met3-met4,STRIPE,via,238378,94960,239978,95440,1600,via3_1600x480
VDD,met2-met3,STRIPE,via,238378,94960,239978,95440,1600,via2_1600x480
VDD,met1-met2,STRIPE,via,238378,94960,239978,95440,1600,via_1600x480
VDD,met3-met4,STRIPE,via,214753,94960,216353,95440,1600,via3_1600x480
VDD,met2-met3,STRIPE,via,214753,94960,216353,95440,1600,via2_1600x480
VDD,met1-met2,STRIPE,via,214753,94960,216353,95440,1600,via_1600x480
VDD,met3-met4,STRIPE,via,189471,94960,191071,95440,1600,via3_1600x480
VDD,met2-met3,STRIPE,via,189471,94960,191071,95440,1600,via2_1600x480
VDD,met1-met2,STRIPE,via,189471,94960,191071,95440,1600,via_1600x480
VDD,met3-met4,STRIPE,via,158463,94960,160063,95440,1600,via3_1600x480
VDD,met2-met3,STRIPE,via,158463,94960,160063,95440,1600,via2_1600x480
VDD,met1-met2,STRIPE,via,158463,94960,160063,95440,1600,via_1600x480
VDD,met3-met4,STRIPE,via,131618,94960,133218,95440,1600,via3_1600x480
VDD,met2-met3,STRIPE,via,131618,94960,133218,95440,1600,via2_1600x480
VDD,met1-met2,STRIPE,via,131618,94960,133218,95440,1600,via_1600x480
VDD,met3-met4,STRIPE,via,106313,94960,107913,95440,1600,via3_1600x480
VDD,met2-met3,STRIPE,via,106313,94960,107913,95440,1600,via2_1600x480
VDD,met1-met2,STRIPE,via,106313,94960,107913,95440,1600,via_1600x480
VDD,met3-met4,STRIPE,via,75434,94960,77034,95440,1600,via3_1600x480
VDD,met2-met3,STRIPE,via,75434,94960,77034,95440,1600,via2_1600x480
VDD,met1-met2,STRIPE,via,75434,94960,77034,95440,1600,via_1600x480
VDD,met3-met4,STRIPE,via,49693,94960,51293,95440,1600,via3_1600x480
VDD,met2-met3,STRIPE,via,49693,94960,51293,95440,1600,via2_1600x480
VDD,met1-met2,STRIPE,via,49693,94960,51293,95440,1600,via_1600x480
VDD,met3-met4,STRIPE,via,26587,94960,28187,95440,1600,via3_1600x480
VDD,met2-met3,STRIPE,via,26587,94960,28187,95440,1600,via2_1600x480
VDD,met1-met2,STRIPE,via,26587,94960,28187,95440,1600,via_1600x480
VDD,met3-met4,STRIPE,via,263371,89520,264971,90000,1600,via3_1600x480
VDD,met2-met3,STRIPE,via,263371,89520,264971,90000,1600,via2_1600x480
VDD,met1-met2,STRIPE,via,263371,89520,264971,90000,1600,via_1600x480
VDD,met3-met4,STRIPE,via,238378,89520,239978,90000,1600,via3_1600x480
VDD,met2-met3,STRIPE,via,238378,89520,239978,90000,1600,via2_1600x480
VDD,met1-met2,STRIPE,via,238378,89520,239978,90000,1600,via_1600x480
VDD,met3-met4,STRIPE,via,214753,89520,216353,90000,1600,via3_1600x480
VDD,met2-met3,STRIPE,via,214753,89520,216353,90000,1600,via2_1600x480
VDD,met1-met2,STRIPE,via,214753,89520,216353,90000,1600,via_1600x480
VDD,met3-met4,STRIPE,via,189471,89520,191071,90000,1600,via3_1600x480
VDD,met2-met3,STRIPE,via,189471,89520,191071,90000,1600,via2_1600x480
VDD,met1-met2,STRIPE,via,189471,89520,191071,90000,1600,via_1600x480
VDD,met3-met4,STRIPE,via,158463,89520,160063,90000,1600,via3_1600x480
VDD,met2-met3,STRIPE,via,158463,89520,160063,90000,1600,via2_1600x480
VDD,met1-met2,STRIPE,via,158463,89520,160063,90000,1600,via_1600x480
VDD,met3-met4,STRIPE,via,131618,89520,133218,90000,1600,via3_1600x480
VDD,met2-met3,STRIPE,via,131618,89520,133218,90000,1600,via2_1600x480
VDD,met1-met2,STRIPE,via,131618,89520,133218,90000,1600,via_1600x480
VDD,met3-met4,STRIPE,via,106313,89520,107913,90000,1600,via3_1600x480
VDD,met2-met3,STRIPE,via,106313,89520,107913,90000,1600,via2_1600x480
VDD,met1-met2,STRIPE,via,106313,89520,107913,90000,1600,via_1600x480
VDD,met3-met4,STRIPE,via,75434,89520,77034,90000,1600,via3_1600x480
VDD,met2-met3,STRIPE,via,75434,89520,77034,90000,1600,via2_1600x480
VDD,met1-met2,STRIPE,via,75434,89520,77034,90000,1600,via_1600x480
VDD,met3-met4,STRIPE,via,49693,89520,51293,90000,1600,via3_1600x480
VDD,met2-met3,STRIPE,via,49693,89520,51293,90000,1600,via2_1600x480
VDD,met1-met2,STRIPE,via,49693,89520,51293,90000,1600,via_1600x480
VDD,met3-met4,STRIPE,via,26587,89520,28187,90000,1600,via3_1600x480
VDD,met2-met3,STRIPE,via,26587,89520,28187,90000,1600,via2_1600x480
VDD,met1-met2,STRIPE,via,26587,89520,28187,90000,1600,via_1600x480
VDD,met3-met4,STRIPE,via,263371,84080,264971,84560,1600,via3_1600x480
VDD,met2-met3,STRIPE,via,263371,84080,264971,84560,1600,via2_1600x480
VDD,met1-met2,STRIPE,via,263371,84080,264971,84560,1600,via_1600x480
VDD,met3-met4,STRIPE,via,238378,84080,239978,84560,1600,via3_1600x480
VDD,met2-met3,STRIPE,via,238378,84080,239978,84560,1600,via2_1600x480
VDD,met1-met2,STRIPE,via,238378,84080,239978,84560,1600,via_1600x480
VDD,met3-met4,STRIPE,via,214753,84080,216353,84560,1600,via3_1600x480
VDD,met2-met3,STRIPE,via,214753,84080,216353,84560,1600,via2_1600x480
VDD,met1-met2,STRIPE,via,214753,84080,216353,84560,1600,via_1600x480
VDD,met3-met4,STRIPE,via,189471,84080,191071,84560,1600,via3_1600x480
VDD,met2-met3,STRIPE,via,189471,84080,191071,84560,1600,via2_1600x480
VDD,met1-met2,STRIPE,via,189471,84080,191071,84560,1600,via_1600x480
VDD,met3-met4,STRIPE,via,158463,84080,160063,84560,1600,via3_1600x480
VDD,met2-met3,STRIPE,via,158463,84080,160063,84560,1600,via2_1600x480
VDD,met1-met2,STRIPE,via,158463,84080,160063,84560,1600,via_1600x480
VDD,met3-met4,STRIPE,via,131618,84080,133218,84560,1600,via3_1600x480
VDD,met2-met3,STRIPE,via,131618,84080,133218,84560,1600,via2_1600x480
VDD,met1-met2,STRIPE,via,131618,84080,133218,84560,1600,via_1600x480
VDD,met3-met4,STRIPE,via,106313,84080,107913,84560,1600,via3_1600x480
VDD,met2-met3,STRIPE,via,106313,84080,107913,84560,1600,via2_1600x480
VDD,met1-met2,STRIPE,via,106313,84080,107913,84560,1600,via_1600x480
VDD,met3-met4,STRIPE,via,75434,84080,77034,84560,1600,via3_1600x480
VDD,met2-met3,STRIPE,via,75434,84080,77034,84560,1600,via2_1600x480
VDD,met1-met2,STRIPE,via,75434,84080,77034,84560,1600,via_1600x480
VDD,met3-met4,STRIPE,via,49693,84080,51293,84560,1600,via3_1600x480
VDD,met2-met3,STRIPE,via,49693,84080,51293,84560,1600,via2_1600x480
VDD,met1-met2,STRIPE,via,49693,84080,51293,84560,1600,via_1600x480
VDD,met3-met4,STRIPE,via,26587,84080,28187,84560,1600,via3_1600x480
VDD,met2-met3,STRIPE,via,26587,84080,28187,84560,1600,via2_1600x480
VDD,met1-met2,STRIPE,via,26587,84080,28187,84560,1600,via_1600x480
VDD,met3-met4,STRIPE,via,263371,78640,264971,79120,1600,via3_1600x480
VDD,met2-met3,STRIPE,via,263371,78640,264971,79120,1600,via2_1600x480
VDD,met1-met2,STRIPE,via,263371,78640,264971,79120,1600,via_1600x480
VDD,met3-met4,STRIPE,via,238378,78640,239978,79120,1600,via3_1600x480
VDD,met2-met3,STRIPE,via,238378,78640,239978,79120,1600,via2_1600x480
VDD,met1-met2,STRIPE,via,238378,78640,239978,79120,1600,via_1600x480
VDD,met3-met4,STRIPE,via,214753,78640,216353,79120,1600,via3_1600x480
VDD,met2-met3,STRIPE,via,214753,78640,216353,79120,1600,via2_1600x480
VDD,met1-met2,STRIPE,via,214753,78640,216353,79120,1600,via_1600x480
VDD,met3-met4,STRIPE,via,189471,78640,191071,79120,1600,via3_1600x480
VDD,met2-met3,STRIPE,via,189471,78640,191071,79120,1600,via2_1600x480
VDD,met1-met2,STRIPE,via,189471,78640,191071,79120,1600,via_1600x480
VDD,met3-met4,STRIPE,via,158463,78640,160063,79120,1600,via3_1600x480
VDD,met2-met3,STRIPE,via,158463,78640,160063,79120,1600,via2_1600x480
VDD,met1-met2,STRIPE,via,158463,78640,160063,79120,1600,via_1600x480
VDD,met3-met4,STRIPE,via,131618,78640,133218,79120,1600,via3_1600x480
VDD,met2-met3,STRIPE,via,131618,78640,133218,79120,1600,via2_1600x480
VDD,met1-met2,STRIPE,via,131618,78640,133218,79120,1600,via_1600x480
VDD,met3-met4,STRIPE,via,106313,78640,107913,79120,1600,via3_1600x480
VDD,met2-met3,STRIPE,via,106313,78640,107913,79120,1600,via2_1600x480
VDD,met1-met2,STRIPE,via,106313,78640,107913,79120,1600,via_1600x480
VDD,met3-met4,STRIPE,via,75434,78640,77034,79120,1600,via3_1600x480
VDD,met2-met3,STRIPE,via,75434,78640,77034,79120,1600,via2_1600x480
VDD,met1-met2,STRIPE,via,75434,78640,77034,79120,1600,via_1600x480
VDD,met3-met4,STRIPE,via,49693,78640,51293,79120,1600,via3_1600x480
VDD,met2-met3,STRIPE,via,49693,78640,51293,79120,1600,via2_1600x480
VDD,met1-met2,STRIPE,via,49693,78640,51293,79120,1600,via_1600x480
VDD,met3-met4,STRIPE,via,26587,78640,28187,79120,1600,via3_1600x480
VDD,met2-met3,STRIPE,via,26587,78640,28187,79120,1600,via2_1600x480
VDD,met1-met2,STRIPE,via,26587,78640,28187,79120,1600,via_1600x480
VDD,met3-met4,STRIPE,via,263371,73200,264971,73680,1600,via3_1600x480
VDD,met2-met3,STRIPE,via,263371,73200,264971,73680,1600,via2_1600x480
VDD,met1-met2,STRIPE,via,263371,73200,264971,73680,1600,via_1600x480
VDD,met3-met4,STRIPE,via,238378,73200,239978,73680,1600,via3_1600x480
VDD,met2-met3,STRIPE,via,238378,73200,239978,73680,1600,via2_1600x480
VDD,met1-met2,STRIPE,via,238378,73200,239978,73680,1600,via_1600x480
VDD,met3-met4,STRIPE,via,214753,73200,216353,73680,1600,via3_1600x480
VDD,met2-met3,STRIPE,via,214753,73200,216353,73680,1600,via2_1600x480
VDD,met1-met2,STRIPE,via,214753,73200,216353,73680,1600,via_1600x480
VDD,met3-met4,STRIPE,via,189471,73200,191071,73680,1600,via3_1600x480
VDD,met2-met3,STRIPE,via,189471,73200,191071,73680,1600,via2_1600x480
VDD,met1-met2,STRIPE,via,189471,73200,191071,73680,1600,via_1600x480
VDD,met3-met4,STRIPE,via,158463,73200,160063,73680,1600,via3_1600x480
VDD,met2-met3,STRIPE,via,158463,73200,160063,73680,1600,via2_1600x480
VDD,met1-met2,STRIPE,via,158463,73200,160063,73680,1600,via_1600x480
VDD,met3-met4,STRIPE,via,131618,73200,133218,73680,1600,via3_1600x480
VDD,met2-met3,STRIPE,via,131618,73200,133218,73680,1600,via2_1600x480
VDD,met1-met2,STRIPE,via,131618,73200,133218,73680,1600,via_1600x480
VDD,met3-met4,STRIPE,via,106313,73200,107913,73680,1600,via3_1600x480
VDD,met2-met3,STRIPE,via,106313,73200,107913,73680,1600,via2_1600x480
VDD,met1-met2,STRIPE,via,106313,73200,107913,73680,1600,via_1600x480
VDD,met3-met4,STRIPE,via,75434,73200,77034,73680,1600,via3_1600x480
VDD,met2-met3,STRIPE,via,75434,73200,77034,73680,1600,via2_1600x480
VDD,met1-met2,STRIPE,via,75434,73200,77034,73680,1600,via_1600x480
VDD,met3-met4,STRIPE,via,49693,73200,51293,73680,1600,via3_1600x480
VDD,met2-met3,STRIPE,via,49693,73200,51293,73680,1600,via2_1600x480
VDD,met1-met2,STRIPE,via,49693,73200,51293,73680,1600,via_1600x480
VDD,met3-met4,STRIPE,via,26587,73200,28187,73680,1600,via3_1600x480
VDD,met2-met3,STRIPE,via,26587,73200,28187,73680,1600,via2_1600x480
VDD,met1-met2,STRIPE,via,26587,73200,28187,73680,1600,via_1600x480
VDD,met3-met4,STRIPE,via,263371,67760,264971,68240,1600,via3_1600x480
VDD,met2-met3,STRIPE,via,263371,67760,264971,68240,1600,via2_1600x480
VDD,met1-met2,STRIPE,via,263371,67760,264971,68240,1600,via_1600x480
VDD,met3-met4,STRIPE,via,238378,67760,239978,68240,1600,via3_1600x480
VDD,met2-met3,STRIPE,via,238378,67760,239978,68240,1600,via2_1600x480
VDD,met1-met2,STRIPE,via,238378,67760,239978,68240,1600,via_1600x480
VDD,met3-met4,STRIPE,via,214753,67760,216353,68240,1600,via3_1600x480
VDD,met2-met3,STRIPE,via,214753,67760,216353,68240,1600,via2_1600x480
VDD,met1-met2,STRIPE,via,214753,67760,216353,68240,1600,via_1600x480
VDD,met3-met4,STRIPE,via,189471,67760,191071,68240,1600,via3_1600x480
VDD,met2-met3,STRIPE,via,189471,67760,191071,68240,1600,via2_1600x480
VDD,met1-met2,STRIPE,via,189471,67760,191071,68240,1600,via_1600x480
VDD,met3-met4,STRIPE,via,158463,67760,160063,68240,1600,via3_1600x480
VDD,met2-met3,STRIPE,via,158463,67760,160063,68240,1600,via2_1600x480
VDD,met1-met2,STRIPE,via,158463,67760,160063,68240,1600,via_1600x480
VDD,met3-met4,STRIPE,via,131618,67760,133218,68240,1600,via3_1600x480
VDD,met2-met3,STRIPE,via,131618,67760,133218,68240,1600,via2_1600x480
VDD,met1-met2,STRIPE,via,131618,67760,133218,68240,1600,via_1600x480
VDD,met3-met4,STRIPE,via,106313,67760,107913,68240,1600,via3_1600x480
VDD,met2-met3,STRIPE,via,106313,67760,107913,68240,1600,via2_1600x480
VDD,met1-met2,STRIPE,via,106313,67760,107913,68240,1600,via_1600x480
VDD,met3-met4,STRIPE,via,75434,67760,77034,68240,1600,via3_1600x480
VDD,met2-met3,STRIPE,via,75434,67760,77034,68240,1600,via2_1600x480
VDD,met1-met2,STRIPE,via,75434,67760,77034,68240,1600,via_1600x480
VDD,met3-met4,STRIPE,via,49693,67760,51293,68240,1600,via3_1600x480
VDD,met2-met3,STRIPE,via,49693,67760,51293,68240,1600,via2_1600x480
VDD,met1-met2,STRIPE,via,49693,67760,51293,68240,1600,via_1600x480
VDD,met3-met4,STRIPE,via,26587,67760,28187,68240,1600,via3_1600x480
VDD,met2-met3,STRIPE,via,26587,67760,28187,68240,1600,via2_1600x480
VDD,met1-met2,STRIPE,via,26587,67760,28187,68240,1600,via_1600x480
VDD,met3-met4,STRIPE,via,263371,62320,264971,62800,1600,via3_1600x480
VDD,met2-met3,STRIPE,via,263371,62320,264971,62800,1600,via2_1600x480
VDD,met1-met2,STRIPE,via,263371,62320,264971,62800,1600,via_1600x480
VDD,met3-met4,STRIPE,via,238378,62320,239978,62800,1600,via3_1600x480
VDD,met2-met3,STRIPE,via,238378,62320,239978,62800,1600,via2_1600x480
VDD,met1-met2,STRIPE,via,238378,62320,239978,62800,1600,via_1600x480
VDD,met3-met4,STRIPE,via,214753,62320,216353,62800,1600,via3_1600x480
VDD,met2-met3,STRIPE,via,214753,62320,216353,62800,1600,via2_1600x480
VDD,met1-met2,STRIPE,via,214753,62320,216353,62800,1600,via_1600x480
VDD,met3-met4,STRIPE,via,189471,62320,191071,62800,1600,via3_1600x480
VDD,met2-met3,STRIPE,via,189471,62320,191071,62800,1600,via2_1600x480
VDD,met1-met2,STRIPE,via,189471,62320,191071,62800,1600,via_1600x480
VDD,met3-met4,STRIPE,via,158463,62320,160063,62800,1600,via3_1600x480
VDD,met2-met3,STRIPE,via,158463,62320,160063,62800,1600,via2_1600x480
VDD,met1-met2,STRIPE,via,158463,62320,160063,62800,1600,via_1600x480
VDD,met3-met4,STRIPE,via,131618,62320,133218,62800,1600,via3_1600x480
VDD,met2-met3,STRIPE,via,131618,62320,133218,62800,1600,via2_1600x480
VDD,met1-met2,STRIPE,via,131618,62320,133218,62800,1600,via_1600x480
VDD,met3-met4,STRIPE,via,106313,62320,107913,62800,1600,via3_1600x480
VDD,met2-met3,STRIPE,via,106313,62320,107913,62800,1600,via2_1600x480
VDD,met1-met2,STRIPE,via,106313,62320,107913,62800,1600,via_1600x480
VDD,met3-met4,STRIPE,via,75434,62320,77034,62800,1600,via3_1600x480
VDD,met2-met3,STRIPE,via,75434,62320,77034,62800,1600,via2_1600x480
VDD,met1-met2,STRIPE,via,75434,62320,77034,62800,1600,via_1600x480
VDD,met3-met4,STRIPE,via,49693,62320,51293,62800,1600,via3_1600x480
VDD,met2-met3,STRIPE,via,49693,62320,51293,62800,1600,via2_1600x480
VDD,met1-met2,STRIPE,via,49693,62320,51293,62800,1600,via_1600x480
VDD,met3-met4,STRIPE,via,26587,62320,28187,62800,1600,via3_1600x480
VDD,met2-met3,STRIPE,via,26587,62320,28187,62800,1600,via2_1600x480
VDD,met1-met2,STRIPE,via,26587,62320,28187,62800,1600,via_1600x480
VDD,met3-met4,STRIPE,via,263371,56880,264971,57360,1600,via3_1600x480
VDD,met2-met3,STRIPE,via,263371,56880,264971,57360,1600,via2_1600x480
VDD,met1-met2,STRIPE,via,263371,56880,264971,57360,1600,via_1600x480
VDD,met3-met4,STRIPE,via,238378,56880,239978,57360,1600,via3_1600x480
VDD,met2-met3,STRIPE,via,238378,56880,239978,57360,1600,via2_1600x480
VDD,met1-met2,STRIPE,via,238378,56880,239978,57360,1600,via_1600x480
VDD,met3-met4,STRIPE,via,214753,56880,216353,57360,1600,via3_1600x480
VDD,met2-met3,STRIPE,via,214753,56880,216353,57360,1600,via2_1600x480
VDD,met1-met2,STRIPE,via,214753,56880,216353,57360,1600,via_1600x480
VDD,met3-met4,STRIPE,via,189471,56880,191071,57360,1600,via3_1600x480
VDD,met2-met3,STRIPE,via,189471,56880,191071,57360,1600,via2_1600x480
VDD,met1-met2,STRIPE,via,189471,56880,191071,57360,1600,via_1600x480
VDD,met3-met4,STRIPE,via,158463,56880,160063,57360,1600,via3_1600x480
VDD,met2-met3,STRIPE,via,158463,56880,160063,57360,1600,via2_1600x480
VDD,met1-met2,STRIPE,via,158463,56880,160063,57360,1600,via_1600x480
VDD,met3-met4,STRIPE,via,131618,56880,133218,57360,1600,via3_1600x480
VDD,met2-met3,STRIPE,via,131618,56880,133218,57360,1600,via2_1600x480
VDD,met1-met2,STRIPE,via,131618,56880,133218,57360,1600,via_1600x480
VDD,met3-met4,STRIPE,via,106313,56880,107913,57360,1600,via3_1600x480
VDD,met2-met3,STRIPE,via,106313,56880,107913,57360,1600,via2_1600x480
VDD,met1-met2,STRIPE,via,106313,56880,107913,57360,1600,via_1600x480
VDD,met3-met4,STRIPE,via,75434,56880,77034,57360,1600,via3_1600x480
VDD,met2-met3,STRIPE,via,75434,56880,77034,57360,1600,via2_1600x480
VDD,met1-met2,STRIPE,via,75434,56880,77034,57360,1600,via_1600x480
VDD,met3-met4,STRIPE,via,49693,56880,51293,57360,1600,via3_1600x480
VDD,met2-met3,STRIPE,via,49693,56880,51293,57360,1600,via2_1600x480
VDD,met1-met2,STRIPE,via,49693,56880,51293,57360,1600,via_1600x480
VDD,met3-met4,STRIPE,via,26587,56880,28187,57360,1600,via3_1600x480
VDD,met2-met3,STRIPE,via,26587,56880,28187,57360,1600,via2_1600x480
VDD,met1-met2,STRIPE,via,26587,56880,28187,57360,1600,via_1600x480
VDD,met3-met4,STRIPE,via,263371,51440,264971,51920,1600,via3_1600x480
VDD,met2-met3,STRIPE,via,263371,51440,264971,51920,1600,via2_1600x480
VDD,met1-met2,STRIPE,via,263371,51440,264971,51920,1600,via_1600x480
VDD,met3-met4,STRIPE,via,238378,51440,239978,51920,1600,via3_1600x480
VDD,met2-met3,STRIPE,via,238378,51440,239978,51920,1600,via2_1600x480
VDD,met1-met2,STRIPE,via,238378,51440,239978,51920,1600,via_1600x480
VDD,met3-met4,STRIPE,via,214753,51440,216353,51920,1600,via3_1600x480
VDD,met2-met3,STRIPE,via,214753,51440,216353,51920,1600,via2_1600x480
VDD,met1-met2,STRIPE,via,214753,51440,216353,51920,1600,via_1600x480
VDD,met3-met4,STRIPE,via,189471,51440,191071,51920,1600,via3_1600x480
VDD,met2-met3,STRIPE,via,189471,51440,191071,51920,1600,via2_1600x480
VDD,met1-met2,STRIPE,via,189471,51440,191071,51920,1600,via_1600x480
VDD,met3-met4,STRIPE,via,158463,51440,160063,51920,1600,via3_1600x480
VDD,met2-met3,STRIPE,via,158463,51440,160063,51920,1600,via2_1600x480
VDD,met1-met2,STRIPE,via,158463,51440,160063,51920,1600,via_1600x480
VDD,met3-met4,STRIPE,via,131618,51440,133218,51920,1600,via3_1600x480
VDD,met2-met3,STRIPE,via,131618,51440,133218,51920,1600,via2_1600x480
VDD,met1-met2,STRIPE,via,131618,51440,133218,51920,1600,via_1600x480
VDD,met3-met4,STRIPE,via,106313,51440,107913,51920,1600,via3_1600x480
VDD,met2-met3,STRIPE,via,106313,51440,107913,51920,1600,via2_1600x480
VDD,met1-met2,STRIPE,via,106313,51440,107913,51920,1600,via_1600x480
VDD,met3-met4,STRIPE,via,75434,51440,77034,51920,1600,via3_1600x480
VDD,met2-met3,STRIPE,via,75434,51440,77034,51920,1600,via2_1600x480
VDD,met1-met2,STRIPE,via,75434,51440,77034,51920,1600,via_1600x480
VDD,met3-met4,STRIPE,via,49693,51440,51293,51920,1600,via3_1600x480
VDD,met2-met3,STRIPE,via,49693,51440,51293,51920,1600,via2_1600x480
VDD,met1-met2,STRIPE,via,49693,51440,51293,51920,1600,via_1600x480
VDD,met3-met4,STRIPE,via,26587,51440,28187,51920,1600,via3_1600x480
VDD,met2-met3,STRIPE,via,26587,51440,28187,51920,1600,via2_1600x480
VDD,met1-met2,STRIPE,via,26587,51440,28187,51920,1600,via_1600x480
VDD,met3-met4,STRIPE,via,263371,46000,264971,46480,1600,via3_1600x480
VDD,met2-met3,STRIPE,via,263371,46000,264971,46480,1600,via2_1600x480
VDD,met1-met2,STRIPE,via,263371,46000,264971,46480,1600,via_1600x480
VDD,met3-met4,STRIPE,via,238378,46000,239978,46480,1600,via3_1600x480
VDD,met2-met3,STRIPE,via,238378,46000,239978,46480,1600,via2_1600x480
VDD,met1-met2,STRIPE,via,238378,46000,239978,46480,1600,via_1600x480
VDD,met3-met4,STRIPE,via,214753,46000,216353,46480,1600,via3_1600x480
VDD,met2-met3,STRIPE,via,214753,46000,216353,46480,1600,via2_1600x480
VDD,met1-met2,STRIPE,via,214753,46000,216353,46480,1600,via_1600x480
VDD,met3-met4,STRIPE,via,189471,46000,191071,46480,1600,via3_1600x480
VDD,met2-met3,STRIPE,via,189471,46000,191071,46480,1600,via2_1600x480
VDD,met1-met2,STRIPE,via,189471,46000,191071,46480,1600,via_1600x480
VDD,met3-met4,STRIPE,via,158463,46000,160063,46480,1600,via3_1600x480
VDD,met2-met3,STRIPE,via,158463,46000,160063,46480,1600,via2_1600x480
VDD,met1-met2,STRIPE,via,158463,46000,160063,46480,1600,via_1600x480
VDD,met3-met4,STRIPE,via,131618,46000,133218,46480,1600,via3_1600x480
VDD,met2-met3,STRIPE,via,131618,46000,133218,46480,1600,via2_1600x480
VDD,met1-met2,STRIPE,via,131618,46000,133218,46480,1600,via_1600x480
VDD,met3-met4,STRIPE,via,106313,46000,107913,46480,1600,via3_1600x480
VDD,met2-met3,STRIPE,via,106313,46000,107913,46480,1600,via2_1600x480
VDD,met1-met2,STRIPE,via,106313,46000,107913,46480,1600,via_1600x480
VDD,met3-met4,STRIPE,via,75434,46000,77034,46480,1600,via3_1600x480
VDD,met2-met3,STRIPE,via,75434,46000,77034,46480,1600,via2_1600x480
VDD,met1-met2,STRIPE,via,75434,46000,77034,46480,1600,via_1600x480
VDD,met3-met4,STRIPE,via,49693,46000,51293,46480,1600,via3_1600x480
VDD,met2-met3,STRIPE,via,49693,46000,51293,46480,1600,via2_1600x480
VDD,met1-met2,STRIPE,via,49693,46000,51293,46480,1600,via_1600x480
VDD,met3-met4,STRIPE,via,26587,46000,28187,46480,1600,via3_1600x480
VDD,met2-met3,STRIPE,via,26587,46000,28187,46480,1600,via2_1600x480
VDD,met1-met2,STRIPE,via,26587,46000,28187,46480,1600,via_1600x480
VDD,met3-met4,STRIPE,via,263371,40560,264971,41040,1600,via3_1600x480
VDD,met2-met3,STRIPE,via,263371,40560,264971,41040,1600,via2_1600x480
VDD,met1-met2,STRIPE,via,263371,40560,264971,41040,1600,via_1600x480
VDD,met3-met4,STRIPE,via,238378,40560,239978,41040,1600,via3_1600x480
VDD,met2-met3,STRIPE,via,238378,40560,239978,41040,1600,via2_1600x480
VDD,met1-met2,STRIPE,via,238378,40560,239978,41040,1600,via_1600x480
VDD,met3-met4,STRIPE,via,214753,40560,216353,41040,1600,via3_1600x480
VDD,met2-met3,STRIPE,via,214753,40560,216353,41040,1600,via2_1600x480
VDD,met1-met2,STRIPE,via,214753,40560,216353,41040,1600,via_1600x480
VDD,met3-met4,STRIPE,via,189471,40560,191071,41040,1600,via3_1600x480
VDD,met2-met3,STRIPE,via,189471,40560,191071,41040,1600,via2_1600x480
VDD,met1-met2,STRIPE,via,189471,40560,191071,41040,1600,via_1600x480
VDD,met3-met4,STRIPE,via,158463,40560,160063,41040,1600,via3_1600x480
VDD,met2-met3,STRIPE,via,158463,40560,160063,41040,1600,via2_1600x480
VDD,met1-met2,STRIPE,via,158463,40560,160063,41040,1600,via_1600x480
VDD,met3-met4,STRIPE,via,131618,40560,133218,41040,1600,via3_1600x480
VDD,met2-met3,STRIPE,via,131618,40560,133218,41040,1600,via2_1600x480
VDD,met1-met2,STRIPE,via,131618,40560,133218,41040,1600,via_1600x480
VDD,met3-met4,STRIPE,via,106313,40560,107913,41040,1600,via3_1600x480
VDD,met2-met3,STRIPE,via,106313,40560,107913,41040,1600,via2_1600x480
VDD,met1-met2,STRIPE,via,106313,40560,107913,41040,1600,via_1600x480
VDD,met3-met4,STRIPE,via,75434,40560,77034,41040,1600,via3_1600x480
VDD,met2-met3,STRIPE,via,75434,40560,77034,41040,1600,via2_1600x480
VDD,met1-met2,STRIPE,via,75434,40560,77034,41040,1600,via_1600x480
VDD,met3-met4,STRIPE,via,49693,40560,51293,41040,1600,via3_1600x480
VDD,met2-met3,STRIPE,via,49693,40560,51293,41040,1600,via2_1600x480
VDD,met1-met2,STRIPE,via,49693,40560,51293,41040,1600,via_1600x480
VDD,met3-met4,STRIPE,via,26587,40560,28187,41040,1600,via3_1600x480
VDD,met2-met3,STRIPE,via,26587,40560,28187,41040,1600,via2_1600x480
VDD,met1-met2,STRIPE,via,26587,40560,28187,41040,1600,via_1600x480
VDD,met3-met4,STRIPE,via,263371,35120,264971,35600,1600,via3_1600x480
VDD,met2-met3,STRIPE,via,263371,35120,264971,35600,1600,via2_1600x480
VDD,met1-met2,STRIPE,via,263371,35120,264971,35600,1600,via_1600x480
VDD,met3-met4,STRIPE,via,238378,35120,239978,35600,1600,via3_1600x480
VDD,met2-met3,STRIPE,via,238378,35120,239978,35600,1600,via2_1600x480
VDD,met1-met2,STRIPE,via,238378,35120,239978,35600,1600,via_1600x480
VDD,met3-met4,STRIPE,via,214753,35120,216353,35600,1600,via3_1600x480
VDD,met2-met3,STRIPE,via,214753,35120,216353,35600,1600,via2_1600x480
VDD,met1-met2,STRIPE,via,214753,35120,216353,35600,1600,via_1600x480
VDD,met3-met4,STRIPE,via,189471,35120,191071,35600,1600,via3_1600x480
VDD,met2-met3,STRIPE,via,189471,35120,191071,35600,1600,via2_1600x480
VDD,met1-met2,STRIPE,via,189471,35120,191071,35600,1600,via_1600x480
VDD,met3-met4,STRIPE,via,158463,35120,160063,35600,1600,via3_1600x480
VDD,met2-met3,STRIPE,via,158463,35120,160063,35600,1600,via2_1600x480
VDD,met1-met2,STRIPE,via,158463,35120,160063,35600,1600,via_1600x480
VDD,met3-met4,STRIPE,via,131618,35120,133218,35600,1600,via3_1600x480
VDD,met2-met3,STRIPE,via,131618,35120,133218,35600,1600,via2_1600x480
VDD,met1-met2,STRIPE,via,131618,35120,133218,35600,1600,via_1600x480
VDD,met3-met4,STRIPE,via,106313,35120,107913,35600,1600,via3_1600x480
VDD,met2-met3,STRIPE,via,106313,35120,107913,35600,1600,via2_1600x480
VDD,met1-met2,STRIPE,via,106313,35120,107913,35600,1600,via_1600x480
VDD,met3-met4,STRIPE,via,75434,35120,77034,35600,1600,via3_1600x480
VDD,met2-met3,STRIPE,via,75434,35120,77034,35600,1600,via2_1600x480
VDD,met1-met2,STRIPE,via,75434,35120,77034,35600,1600,via_1600x480
VDD,met3-met4,STRIPE,via,49693,35120,51293,35600,1600,via3_1600x480
VDD,met2-met3,STRIPE,via,49693,35120,51293,35600,1600,via2_1600x480
VDD,met1-met2,STRIPE,via,49693,35120,51293,35600,1600,via_1600x480
VDD,met3-met4,STRIPE,via,26587,35120,28187,35600,1600,via3_1600x480
VDD,met2-met3,STRIPE,via,26587,35120,28187,35600,1600,via2_1600x480
VDD,met1-met2,STRIPE,via,26587,35120,28187,35600,1600,via_1600x480
VDD,met3-met4,STRIPE,via,263371,29680,264971,30160,1600,via3_1600x480
VDD,met2-met3,STRIPE,via,263371,29680,264971,30160,1600,via2_1600x480
VDD,met1-met2,STRIPE,via,263371,29680,264971,30160,1600,via_1600x480
VDD,met3-met4,STRIPE,via,238378,29680,239978,30160,1600,via3_1600x480
VDD,met2-met3,STRIPE,via,238378,29680,239978,30160,1600,via2_1600x480
VDD,met1-met2,STRIPE,via,238378,29680,239978,30160,1600,via_1600x480
VDD,met3-met4,STRIPE,via,214753,29680,216353,30160,1600,via3_1600x480
VDD,met2-met3,STRIPE,via,214753,29680,216353,30160,1600,via2_1600x480
VDD,met1-met2,STRIPE,via,214753,29680,216353,30160,1600,via_1600x480
VDD,met3-met4,STRIPE,via,189471,29680,191071,30160,1600,via3_1600x480
VDD,met2-met3,STRIPE,via,189471,29680,191071,30160,1600,via2_1600x480
VDD,met1-met2,STRIPE,via,189471,29680,191071,30160,1600,via_1600x480
VDD,met3-met4,STRIPE,via,158463,29680,160063,30160,1600,via3_1600x480
VDD,met2-met3,STRIPE,via,158463,29680,160063,30160,1600,via2_1600x480
VDD,met1-met2,STRIPE,via,158463,29680,160063,30160,1600,via_1600x480
VDD,met3-met4,STRIPE,via,131618,29680,133218,30160,1600,via3_1600x480
VDD,met2-met3,STRIPE,via,131618,29680,133218,30160,1600,via2_1600x480
VDD,met1-met2,STRIPE,via,131618,29680,133218,30160,1600,via_1600x480
VDD,met3-met4,STRIPE,via,106313,29680,107913,30160,1600,via3_1600x480
VDD,met2-met3,STRIPE,via,106313,29680,107913,30160,1600,via2_1600x480
VDD,met1-met2,STRIPE,via,106313,29680,107913,30160,1600,via_1600x480
VDD,met3-met4,STRIPE,via,75434,29680,77034,30160,1600,via3_1600x480
VDD,met2-met3,STRIPE,via,75434,29680,77034,30160,1600,via2_1600x480
VDD,met1-met2,STRIPE,via,75434,29680,77034,30160,1600,via_1600x480
VDD,met3-met4,STRIPE,via,49693,29680,51293,30160,1600,via3_1600x480
VDD,met2-met3,STRIPE,via,49693,29680,51293,30160,1600,via2_1600x480
VDD,met1-met2,STRIPE,via,49693,29680,51293,30160,1600,via_1600x480
VDD,met3-met4,STRIPE,via,26587,29680,28187,30160,1600,via3_1600x480
VDD,met2-met3,STRIPE,via,26587,29680,28187,30160,1600,via2_1600x480
VDD,met1-met2,STRIPE,via,26587,29680,28187,30160,1600,via_1600x480
VDD,met3-met4,STRIPE,via,263371,24240,264971,24720,1600,via3_1600x480
VDD,met2-met3,STRIPE,via,263371,24240,264971,24720,1600,via2_1600x480
VDD,met1-met2,STRIPE,via,263371,24240,264971,24720,1600,via_1600x480
VDD,met3-met4,STRIPE,via,238378,24240,239978,24720,1600,via3_1600x480
VDD,met2-met3,STRIPE,via,238378,24240,239978,24720,1600,via2_1600x480
VDD,met1-met2,STRIPE,via,238378,24240,239978,24720,1600,via_1600x480
VDD,met3-met4,STRIPE,via,214753,24240,216353,24720,1600,via3_1600x480
VDD,met2-met3,STRIPE,via,214753,24240,216353,24720,1600,via2_1600x480
VDD,met1-met2,STRIPE,via,214753,24240,216353,24720,1600,via_1600x480
VDD,met3-met4,STRIPE,via,189471,24240,191071,24720,1600,via3_1600x480
VDD,met2-met3,STRIPE,via,189471,24240,191071,24720,1600,via2_1600x480
VDD,met1-met2,STRIPE,via,189471,24240,191071,24720,1600,via_1600x480
VDD,met3-met4,STRIPE,via,158463,24240,160063,24720,1600,via3_1600x480
VDD,met2-met3,STRIPE,via,158463,24240,160063,24720,1600,via2_1600x480
VDD,met1-met2,STRIPE,via,158463,24240,160063,24720,1600,via_1600x480
VDD,met3-met4,STRIPE,via,131618,24240,133218,24720,1600,via3_1600x480
VDD,met2-met3,STRIPE,via,131618,24240,133218,24720,1600,via2_1600x480
VDD,met1-met2,STRIPE,via,131618,24240,133218,24720,1600,via_1600x480
VDD,met3-met4,STRIPE,via,106313,24240,107913,24720,1600,via3_1600x480
VDD,met2-met3,STRIPE,via,106313,24240,107913,24720,1600,via2_1600x480
VDD,met1-met2,STRIPE,via,106313,24240,107913,24720,1600,via_1600x480
VDD,met3-met4,STRIPE,via,75434,24240,77034,24720,1600,via3_1600x480
VDD,met2-met3,STRIPE,via,75434,24240,77034,24720,1600,via2_1600x480
VDD,met1-met2,STRIPE,via,75434,24240,77034,24720,1600,via_1600x480
VDD,met3-met4,STRIPE,via,49693,24240,51293,24720,1600,via3_1600x480
VDD,met2-met3,STRIPE,via,49693,24240,51293,24720,1600,via2_1600x480
VDD,met1-met2,STRIPE,via,49693,24240,51293,24720,1600,via_1600x480
VDD,met3-met4,STRIPE,via,26587,24240,28187,24720,1600,via3_1600x480
VDD,met2-met3,STRIPE,via,26587,24240,28187,24720,1600,via2_1600x480
VDD,met1-met2,STRIPE,via,26587,24240,28187,24720,1600,via_1600x480
VDD,met3-met4,STRIPE,via,263371,18800,264971,19280,1600,via3_1600x480
VDD,met2-met3,STRIPE,via,263371,18800,264971,19280,1600,via2_1600x480
VDD,met1-met2,STRIPE,via,263371,18800,264971,19280,1600,via_1600x480
VDD,met3-met4,STRIPE,via,238378,18800,239978,19280,1600,via3_1600x480
VDD,met2-met3,STRIPE,via,238378,18800,239978,19280,1600,via2_1600x480
VDD,met1-met2,STRIPE,via,238378,18800,239978,19280,1600,via_1600x480
VDD,met3-met4,STRIPE,via,214753,18800,216353,19280,1600,via3_1600x480
VDD,met2-met3,STRIPE,via,214753,18800,216353,19280,1600,via2_1600x480
VDD,met1-met2,STRIPE,via,214753,18800,216353,19280,1600,via_1600x480
VDD,met3-met4,STRIPE,via,189471,18800,191071,19280,1600,via3_1600x480
VDD,met2-met3,STRIPE,via,189471,18800,191071,19280,1600,via2_1600x480
VDD,met1-met2,STRIPE,via,189471,18800,191071,19280,1600,via_1600x480
VDD,met3-met4,STRIPE,via,158463,18800,160063,19280,1600,via3_1600x480
VDD,met2-met3,STRIPE,via,158463,18800,160063,19280,1600,via2_1600x480
VDD,met1-met2,STRIPE,via,158463,18800,160063,19280,1600,via_1600x480
VDD,met3-met4,STRIPE,via,131618,18800,133218,19280,1600,via3_1600x480
VDD,met2-met3,STRIPE,via,131618,18800,133218,19280,1600,via2_1600x480
VDD,met1-met2,STRIPE,via,131618,18800,133218,19280,1600,via_1600x480
VDD,met3-met4,STRIPE,via,106313,18800,107913,19280,1600,via3_1600x480
VDD,met2-met3,STRIPE,via,106313,18800,107913,19280,1600,via2_1600x480
VDD,met1-met2,STRIPE,via,106313,18800,107913,19280,1600,via_1600x480
VDD,met3-met4,STRIPE,via,75434,18800,77034,19280,1600,via3_1600x480
VDD,met2-met3,STRIPE,via,75434,18800,77034,19280,1600,via2_1600x480
VDD,met1-met2,STRIPE,via,75434,18800,77034,19280,1600,via_1600x480
VDD,met3-met4,STRIPE,via,49693,18800,51293,19280,1600,via3_1600x480
VDD,met2-met3,STRIPE,via,49693,18800,51293,19280,1600,via2_1600x480
VDD,met1-met2,STRIPE,via,49693,18800,51293,19280,1600,via_1600x480
VDD,met3-met4,STRIPE,via,26587,18800,28187,19280,1600,via3_1600x480
VDD,met2-met3,STRIPE,via,26587,18800,28187,19280,1600,via2_1600x480
VDD,met1-met2,STRIPE,via,26587,18800,28187,19280,1600,via_1600x480
VDD,met3-met4,STRIPE,via,263371,13360,264971,13840,1600,via3_1600x480
VDD,met2-met3,STRIPE,via,263371,13360,264971,13840,1600,via2_1600x480
VDD,met1-met2,STRIPE,via,263371,13360,264971,13840,1600,via_1600x480
VDD,met3-met4,STRIPE,via,238378,13360,239978,13840,1600,via3_1600x480
VDD,met2-met3,STRIPE,via,238378,13360,239978,13840,1600,via2_1600x480
VDD,met1-met2,STRIPE,via,238378,13360,239978,13840,1600,via_1600x480
VDD,met3-met4,STRIPE,via,214753,13360,216353,13840,1600,via3_1600x480
VDD,met2-met3,STRIPE,via,214753,13360,216353,13840,1600,via2_1600x480
VDD,met1-met2,STRIPE,via,214753,13360,216353,13840,1600,via_1600x480
VDD,met3-met4,STRIPE,via,189471,13360,191071,13840,1600,via3_1600x480
VDD,met2-met3,STRIPE,via,189471,13360,191071,13840,1600,via2_1600x480
VDD,met1-met2,STRIPE,via,189471,13360,191071,13840,1600,via_1600x480
VDD,met3-met4,STRIPE,via,158463,13360,160063,13840,1600,via3_1600x480
VDD,met2-met3,STRIPE,via,158463,13360,160063,13840,1600,via2_1600x480
VDD,met1-met2,STRIPE,via,158463,13360,160063,13840,1600,via_1600x480
VDD,met3-met4,STRIPE,via,131618,13360,133218,13840,1600,via3_1600x480
VDD,met2-met3,STRIPE,via,131618,13360,133218,13840,1600,via2_1600x480
VDD,met1-met2,STRIPE,via,131618,13360,133218,13840,1600,via_1600x480
VDD,met3-met4,STRIPE,via,106313,13360,107913,13840,1600,via3_1600x480
VDD,met2-met3,STRIPE,via,106313,13360,107913,13840,1600,via2_1600x480
VDD,met1-met2,STRIPE,via,106313,13360,107913,13840,1600,via_1600x480
VDD,met3-met4,STRIPE,via,75434,13360,77034,13840,1600,via3_1600x480
VDD,met2-met3,STRIPE,via,75434,13360,77034,13840,1600,via2_1600x480
VDD,met1-met2,STRIPE,via,75434,13360,77034,13840,1600,via_1600x480
VDD,met3-met4,STRIPE,via,49693,13360,51293,13840,1600,via3_1600x480
VDD,met2-met3,STRIPE,via,49693,13360,51293,13840,1600,via2_1600x480
VDD,met1-met2,STRIPE,via,49693,13360,51293,13840,1600,via_1600x480
VDD,met3-met4,STRIPE,via,26587,13360,28187,13840,1600,via3_1600x480
VDD,met2-met3,STRIPE,via,26587,13360,28187,13840,1600,via2_1600x480
VDD,met1-met2,STRIPE,via,26587,13360,28187,13840,1600,via_1600x480
VDD,met5,STRIPE,wire,10120,241040,269560,242640,1600,
VDD,met5,STRIPE,wire,10120,213840,269560,215440,1600,
VDD,met5,STRIPE,wire,10120,186640,269560,188240,1600,
VDD,met5,STRIPE,wire,10120,159440,269560,161040,1600,
VDD,met5,STRIPE,wire,10120,132240,269560,133840,1600,
VDD,met5,STRIPE,wire,10120,105040,269560,106640,1600,
VDD,met5,STRIPE,wire,10120,77840,269560,79440,1600,
VDD,met5,STRIPE,wire,10120,50640,269560,52240,1600,
VDD,met5,STRIPE,wire,10120,23440,269560,25040,1600,
VDD,met4,STRIPE,wire,263371,10640,264971,269520,1600,
VDD,met4,STRIPE,wire,238378,10640,239978,269520,1600,
VDD,met4,STRIPE,wire,214753,10640,216353,269520,1600,
VDD,met4,STRIPE,wire,189471,10640,191071,269520,1600,
VDD,met4,STRIPE,wire,158463,10640,160063,269520,1600,
VDD,met4,STRIPE,wire,131618,10640,133218,269520,1600,
VDD,met4,STRIPE,wire,106313,10640,107913,269520,1600,
VDD,met4,STRIPE,wire,75434,10640,77034,269520,1600,
VDD,met4,STRIPE,wire,49693,10640,51293,269520,1600,
VDD,met4,STRIPE,wire,26587,10640,28187,269520,1600,
VDD,met1,FOLLOWPIN,wire,10120,269040,269560,269520,480,
VDD,met1,FOLLOWPIN,wire,10120,263600,269560,264080,480,
VDD,met1,FOLLOWPIN,wire,10120,258160,269560,258640,480,
VDD,met1,FOLLOWPIN,wire,10120,252720,269560,253200,480,
VDD,met1,FOLLOWPIN,wire,10120,247280,269560,247760,480,
VDD,met1,FOLLOWPIN,wire,10120,241840,269560,242320,480,
VDD,met1,FOLLOWPIN,wire,10120,236400,269560,236880,480,
VDD,met1,FOLLOWPIN,wire,10120,230960,269560,231440,480,
VDD,met1,FOLLOWPIN,wire,10120,225520,269560,226000,480,
VDD,met1,FOLLOWPIN,wire,10120,220080,269560,220560,480,
VDD,met1,FOLLOWPIN,wire,10120,214640,269560,215120,480,
VDD,met1,FOLLOWPIN,wire,10120,209200,269560,209680,480,
VDD,met1,FOLLOWPIN,wire,10120,203760,269560,204240,480,
VDD,met1,FOLLOWPIN,wire,10120,198320,269560,198800,480,
VDD,met1,FOLLOWPIN,wire,10120,192880,269560,193360,480,
VDD,met1,FOLLOWPIN,wire,10120,187440,269560,187920,480,
VDD,met1,FOLLOWPIN,wire,10120,182000,269560,182480,480,
VDD,met1,FOLLOWPIN,wire,10120,176560,269560,177040,480,
VDD,met1,FOLLOWPIN,wire,10120,171120,269560,171600,480,
VDD,met1,FOLLOWPIN,wire,10120,165680,269560,166160,480,
VDD,met1,FOLLOWPIN,wire,10120,160240,269560,160720,480,
VDD,met1,FOLLOWPIN,wire,10120,154800,269560,155280,480,
VDD,met1,FOLLOWPIN,wire,10120,149360,269560,149840,480,
VDD,met1,FOLLOWPIN,wire,10120,143920,269560,144400,480,
VDD,met1,FOLLOWPIN,wire,10120,138480,269560,138960,480,
VDD,met1,FOLLOWPIN,wire,10120,133040,269560,133520,480,
VDD,met1,FOLLOWPIN,wire,10120,127600,269560,128080,480,
VDD,met1,FOLLOWPIN,wire,10120,122160,269560,122640,480,
VDD,met1,FOLLOWPIN,wire,10120,116720,269560,117200,480,
VDD,met1,FOLLOWPIN,wire,10120,111280,269560,111760,480,
VDD,met1,FOLLOWPIN,wire,10120,105840,269560,106320,480,
VDD,met1,FOLLOWPIN,wire,10120,100400,269560,100880,480,
VDD,met1,FOLLOWPIN,wire,10120,94960,269560,95440,480,
VDD,met1,FOLLOWPIN,wire,10120,89520,269560,90000,480,
VDD,met1,FOLLOWPIN,wire,10120,84080,269560,84560,480,
VDD,met1,FOLLOWPIN,wire,10120,78640,269560,79120,480,
VDD,met1,FOLLOWPIN,wire,10120,73200,269560,73680,480,
VDD,met1,FOLLOWPIN,wire,10120,67760,269560,68240,480,
VDD,met1,FOLLOWPIN,wire,10120,62320,269560,62800,480,
VDD,met1,FOLLOWPIN,wire,10120,56880,269560,57360,480,
VDD,met1,FOLLOWPIN,wire,10120,51440,269560,51920,480,
VDD,met1,FOLLOWPIN,wire,10120,46000,269560,46480,480,
VDD,met1,FOLLOWPIN,wire,10120,40560,269560,41040,480,
VDD,met1,FOLLOWPIN,wire,10120,35120,269560,35600,480,
VDD,met1,FOLLOWPIN,wire,10120,29680,269560,30160,480,
VDD,met1,FOLLOWPIN,wire,10120,24240,269560,24720,480,
VDD,met1,FOLLOWPIN,wire,10120,18800,269560,19280,480,
VDD,met1,FOLLOWPIN,wire,10120,13360,269560,13840,480,
