net,layer,shape,kind,x1,y1,x2,y2,width,via_name
VSS,met4-met5,STRIPE,via,253921,254640,255521,256240,1600,via4_1600x1600
VSS,met4-met5,STRIPE,via,226119,254640,227719,256240,1600,via4_1600x1600
VSS,met4-met5,STRIPE,via,198960,254640,200560,256240,1600,via4_1600x1600
VSS,met4-met5,STRIPE,via,171897,254640,173497,256240,1600,via4_1600x1600
VSS,met4-met5,STRIPE,via,145003,254640,146603,256240,1600,via4_1600x1600
VSS,met4-met5,STRIPE,via,118167,254640,119767,256240,1600,via4_1600x1600
VSS,met4-met5,STRIPE,via,90973,254640,92573,256240,1600,via4_1600x1600
VSS,met4-met5,STRIPE,via,63685,254640,65285,256240,1600,via4_1600x1600
VSS,met4-met5,STRIPE,via,36250,254640,37850,256240,1600,via4_1600x1600
VSS,met4-met5,STRIPE,via,253921,227440,255521,229040,1600,via4_1600x1600
VSS,met4-met5,STRIPE,via,226119,227440,227719,229040,1600,via4_1600x1600
VSS,met4-met5,STRIPE,via,198960,227440,200560,229040,1600,via4_1600x1600
VSS,met4-met5,STRIPE,via,171897,227440,173497,229040,1600,via4_1600x1600
VSS,met4-met5,STRIPE,via,145003,227440,146603,229040,1600,via4_1600x1600
VSS,met4-met5,STRIPE,via,118167,227440,119767,229040,1600,via4_1600x1600
VSS,met4-met5,STRIPE,via,90973,227440,92573,229040,1600,via4_1600x1600
VSS,met4-met5,STRIPE,via,63685,227440,65285,229040,1600,via4_1600x1600
VSS,met4-met5,STRIPE,via,36250,227440,37850,229040,1600,via4_1600x1600
VSS,met4-met5,STRIPE,via,253921,200240,255521,201840,1600,via4_1600x1600
VSS,met4-met5,STRIPE,via,226119,200240,227719,201840,1600,via4_1600x1600
VSS,met4-met5,STRIPE,via,198960,200240,200560,201840,1600,via4_1600x1600
VSS,met4-met5,STRIPE,via,171897,200240,173497,201840,1600,via4_1600x1600
VSS,met4-met5,STRIPE,via,145003,200240,146603,201840,1600,via4_1600x1600
VSS,met4-met5,STRIPE,via,118167,200240,119767,201840,1600,via4_1600x1600
VSS,met4-met5,STRIPE,via,90973,200240,92573,201840,1600,via4_1600x1600
VSS,met4-met5,STRIPE,via,63685,200240,65285,201840,1600,via4_1600x1600
VSS,met4-met5,STRIPE,via,36250,200240,37850,201840,1600,via4_1600x1600
VSS,met4-met5,STRIPE,via,253921,173040,255521,174640,1600,via4_1600x1600
VSS,met4-met5,STRIPE,via,226119,173040,227719,174640,1600,via4_1600x1600
VSS,met4-met5,STRIPE,via,198960,173040,200560,174640,1600,via4_1600x1600
VSS,met4-met5,STRIPE,via,171897,173040,173497,174640,1600,via4_1600x1600
VSS,met4-met5,STRIPE,via,145003,173040,146603,174640,1600,via4_1600x1600
VSS,met4-met5,STRIPE,via,118167,173040,119767,174640,1600,via4_1600x1600
VSS,met4-met5,STRIPE,via,90973,173040,92573,174640,1600,via4_1600x1600
VSS,met4-met5,STRIPE,via,63685,173040,65285,174640,1600,via4_1600x1600
VSS,met4-met5,STRIPE,via,36250,173040,37850,174640,1600,via4_1600x1600
VSS,met4-met5,STRIPE,via,253921,145840,255521,147440,1600,via4_1600x1600
VSS,met4-met5,STRIPE,via,226119,145840,227719,147440,1600,via4_1600x1600
VSS,met4-met5,STRIPE,via,198960,145840,200560,147440,1600,via4_1600x1600
VSS,met4-met5,STRIPE,via,171897,145840,173497,147440,1600,via4_1600x1600
VSS,met4-met5,STRIPE,via,145003,145840,146603,147440,1600,via4_1600x1600
VSS,met4-met5,STRIPE,via,118167,145840,119767,147440,1600,via4_1600x1600
VSS,met4-met5,STRIPE,via,90973,145840,92573,147440,1600,via4_1600x1600
VSS,met4-met5,STRIPE,via,63685,145840,65285,147440,1600,via4_1600x1600
VSS,met4-met5,STRIPE,via,36250,145840,37850,147440,1600,via4_1600x1600
VSS,met4-met5,STRIPE,via,253921,118640,255521,120240,1600,via4_1600x1600
VSS,met4-met5,STRIPE,via,226119,118640,227719,120240,1600,via4_1600x1600
VSS,met4-met5,STRIPE,via,198960,118640,200560,120240,1600,via4_1600x1600
VSS,met4-met5,STRIPE,via,171897,118640,173497,120240,1600,via4_1600x1600
VSS,met4-met5,STRIPE,via,145003,118640,146603,120240,1600,via4_1600x1600
VSS,met4-met5,STRIPE,via,118167,118640,119767,120240,1600,via4_1600x1600
VSS,met4-met5,STRIPE,via,90973,118640,92573,120240,1600,via4_1600x1600
VSS,met4-met5,STRIPE,via,63685,118640,65285,120240,1600,via4_1600x1600
VSS,met4-met5,STRIPE,via,36250,118640,37850,120240,1600,via4_1600x1600
VSS,met4-met5,STRIPE,via,253921,91440,255521,93040,1600,via4_1600x1600
VSS,met4-met5,STRIPE,via,226119,91440,227719,93040,1600,via4_1600x1600
VSS,met4-met5,STRIPE,via,198960,91440,200560,93040,1600,via4_1600x1600
VSS,met4-met5,STRIPE,via,171897,91440,173497,93040,1600,via4_1600x1600
VSS,met4-met5,STRIPE,via,145003,91440,146603,93040,1600,via4_1600x1600
VSS,met4-met5,STRIPE,via,118167,91440,119767,93040,1600,via4_1600x1600
VSS,met4-met5,STRIPE,via,90973,91440,92573,93040,1600,via4_1600x1600
VSS,met4-met5,STRIPE,via,63685,91440,65285,93040,1600,via4_1600x1600
VSS,met4-met5,STRIPE,via,36250,91440,37850,93040,1600,via4_1600x1600
VSS,met4-met5,STRIPE,via,253921,64240,255521,65840,1600,via4_1600x1600
VSS,met4-met5,STRIPE,via,226119,64240,227719,65840,1600,via4_1600x1600
VSS,met4-met5,STRIPE,via,198960,64240,200560,65840,1600,via4_1600x1600
VSS,met4-met5,STRIPE,via,171897,64240,173497,65840,1600,via4_1600x1600
VSS,met4-met5,STRIPE,via,145003,64240,146603,65840,1600,via4_1600x1600
VSS,met4-met5,STRIPE,via,118167,64240,119767,65840,1600,via4_1600x1600
VSS,met4-met5,STRIPE,via,90973,64240,92573,65840,1600,via4_1600x1600
VSS,met4-met5,STRIPE,via,63685,64240,65285,65840,1600,via4_1600x1600
VSS,met4-met5,STRIPE,via,36250,64240,37850,65840,1600,via4_1600x1600
VSS,met4-met5,STRIPE,via,253921,37040,255521,38640,1600,via4_1600x1600
VSS,met4-met5,STRIPE,via,226119,37040,227719,38640,1600,via4_1600x1600
VSS,met4-met5,STRIPE,via,198960,37040,200560,38640,1600,via4_1600x1600
VSS,met4-met5,STRIPE,via,171897,37040,173497,38640,1600,via4_1600x1600
VSS,met4-met5,STRIPE,via,145003,37040,146603,38640,1600,via4_1600x1600
VSS,met4-met5,STRIPE,via,118167,37040,119767,38640,1600,via4_1600x1600
VSS,met4-met5,STRIPE,via,90973,37040,92573,38640,1600,via4_1600x1600
VSS,met4-met5,STRIPE,via,63685,37040,65285,38640,1600,via4_1600x1600
VSS,met4-met5,STRIPE,via,36250,37040,37850,38640,1600,via4_1600x1600
VSS,met3-met4,STRIPE,via,253921,266320,255521,266800,1600,via3_1600x480
VSS,met2-met3,STRIPE,via,253921,266320,255521,266800,1600,via2_1600x480
VSS,met1-met2,STRIPE,via,253921,266320,255521,266800,1600,via_1600x480
VSS,met3-met4,STRIPE,via,226119,266320,227719,266800,1600,via3_1600x480
VSS,met2-met3,STRIPE,via,226119,266320,227719,266800,1600,via2_1600x480
VSS,met1-met2,STRIPE,via,226119,266320,227719,266800,1600,via_1600x480
VSS,met3-met4,STRIPE,via,198960,266320,200560,266800,1600,via3_1600x480
VSS,met2-met3,STRIPE,via,198960,266320,200560,266800,1600,via2_1600x480
VSS,met1-met2,STRIPE,via,198960,266320,200560,266800,1600,via_1600x480
VSS,met3-met4,STRIPE,via,171897,266320,173497,266800,1600,via3_1600x480
VSS,met2-met3,STRIPE,via,171897,266320,173497,266800,1600,via2_1600x480
VSS,met1-met2,STRIPE,via,171897,266320,173497,266800,1600,via_1600x480
VSS,met3-met4,STRIPE,via,145003,266320,146603,266800,1600,via3_1600x480
VSS,met2-met3,STRIPE,via,145003,266320,146603,266800,1600,via2_1600x480
VSS,met1-met2,STRIPE,via,145003,266320,146603,266800,1600,via_1600x480
VSS,met3-met4,STRIPE,via,118167,266320,119767,266800,1600,via3_1600x480
VSS,met2-met3,STRIPE,via,118167,266320,119767,266800,1600,via2_1600x480
VSS,met1-met2,STRIPE,via,118167,266320,119767,266800,1600,via_1600x480
VSS,met3-met4,STRIPE,via,90973,266320,92573,266800,1600,via3_1600x480
VSS,met2-met3,STRIPE,via,90973,266320,92573,266800,1600,via2_1600x480
VSS,met1-met2,STRIPE,via,90973,266320,92573,266800,1600,via_1600x480
VSS,met3-met4,STRIPE,via,63685,266320,65285,266800,1600,via3_1600x480
VSS,met2-met3,STRIPE,via,63685,266320,65285,266800,1600,via2_1600x480
VSS,met1-met2,STRIPE,via,63685,266320,65285,266800,1600,via_1600x480
VSS,met3-met4,STRIPE,via,36250,266320,37850,266800,1600,via3_1600x480
VSS,met2-met3,STRIPE,via,36250,266320,37850,266800,1600,via2_1600x480
VSS,met1-met2,STRIPE,via,36250,266320,37850,266800,1600,via_1600x480
VSS,met3-met4,STRIPE,via,253921,260880,255521,261360,1600,via3_1600x480
VSS,met2-met3,STRIPE,via,253921,260880,255521,261360,1600,via2_1600x480
VSS,met1-met2,STRIPE,via,253921,260880,255521,261360,1600,via_1600x480
VSS,met3-met4,STRIPE,via,226119,260880,227719,261360,1600,via3_1600x480
VSS,met2-met3,STRIPE,via,226119,260880,227719,261360,1600,via2_1600x480
VSS,met1-met2,STRIPE,via,226119,260880,227719,261360,1600,via_1600x480
VSS,met3-met4,STRIPE,via,198960,260880,200560,261360,1600,via3_1600x480
VSS,met2-met3,STRIPE,via,198960,260880,200560,261360,1600,via2_1600x480
VSS,met1-met2,STRIPE,via,198960,260880,200560,261360,1600,via_1600x480
VSS,met3-met4,STRIPE,via,171897,260880,173497,261360,1600,via3_1600x480
VSS,met2-met3,STRIPE,via,171897,260880,173497,261360,1600,via2_1600x480
VSS,met1-met2,STRIPE,via,171897,260880,173497,261360,1600,via_1600x480
VSS,met3-met4,STRIPE,via,145003,260880,146603,261360,1600,via3_1600x480
VSS,met2-met3,STRIPE,via,145003,260880,146603,261360,1600,via2_1600x480
VSS,met1-met2,STRIPE,via,145003,260880,146603,261360,1600,via_1600x480
VSS,met3-met4,STRIPE,via,118167,260880,119767,261360,1600,via3_1600x480
VSS,met2-met3,STRIPE,via,118167,260880,119767,261360,1600,via2_1600x480
VSS,met1-met2,STRIPE,via,118167,260880,119767,261360,1600,via_1600x480
VSS,met3-met4,STRIPE,via,90973,260880,92573,261360,1600,via3_1600x480
VSS,met2-met3,STRIPE,via,90973,260880,92573,261360,1600,via2_1600x480
VSS,met1-met2,STRIPE,via,90973,260880,92573,261360,1600,via_1600x480
VSS,met3-met4,STRIPE,via,63685,260880,65285,261360,1600,via3_1600x480
VSS,met2-met3,STRIPE,via,63685,260880,65285,261360,1600,via2_1600x480
VSS,met1-met2,STRIPE,via,63685,260880,65285,261360,1600,via_1600x480
VSS,met3-met4,STRIPE,via,36250,260880,37850,261360,1600,via3_1600x480
VSS,met2-met3,STRIPE,via,36250,260880,37850,261360,1600,via2_1600x480
VSS,met1-met2,STRIPE,via,36250,260880,37850,261360,1600,via_1600x480
VSS,met3-met4,STRIPE,via,253921,255440,255521,255920,1600,via3_1600x480
VSS,met2-met3,STRIPE,via,253921,255440,255521,255920,1600,via2_1600x480
VSS,met1-met2,STRIPE,via,253921,255440,255521,255920,1600,via_1600x480
VSS,met3-met4,STRIPE,via,226119,255440,227719,255920,1600,via3_1600x480
VSS,met2-met3,STRIPE,via,226119,255440,227719,255920,1600,via2_1600x480
VSS,met1-met2,STRIPE,via,226119,255440,227719,255920,1600,via_1600x480
VSS,met3-met4,STRIPE,via,198960,255440,200560,255920,1600,via3_1600x480
VSS,met2-met3,STRIPE,via,198960,255440,200560,255920,1600,via2_1600x480
VSS,met1-met2,STRIPE,via,198960,255440,200560,255920,1600,via_1600x480
VSS,met3-met4,STRIPE,via,171897,255440,173497,255920,1600,via3_1600x480
VSS,met2-met3,STRIPE,via,171897,255440,173497,255920,1600,via2_1600x480
VSS,met1-met2,STRIPE,via,171897,255440,173497,255920,1600,via_1600x480
VSS,met3-met4,STRIPE,via,145003,255440,146603,255920,1600,via3_1600x480
VSS,met2-met3,STRIPE,via,145003,255440,146603,255920,1600,via2_1600x480
VSS,met1-met2,STRIPE,via,145003,255440,146603,255920,1600,via_1600x480
VSS,met3-met4,STRIPE,via,118167,255440,119767,255920,1600,via3_1600x480
VSS,met2-met3,STRIPE,via,118167,255440,119767,255920,1600,via2_1600x480
VSS,met1-met2,STRIPE,via,118167,255440,119767,255920,1600,via_1600x480
VSS,met3-met4,STRIPE,via,90973,255440,92573,255920,1600,via3_1600x480
VSS,met2-met3,STRIPE,via,90973,255440,92573,255920,1600,via2_1600x480
VSS,met1-met2,STRIPE,via,90973,255440,92573,255920,1600,via_1600x480
VSS,met3-met4,STRIPE,via,63685,255440,65285,255920,1600,via3_1600x480
VSS,met2-met3,STRIPE,via,63685,255440,65285,255920,1600,via2_1600x480
VSS,met1-met2,STRIPE,via,63685,255440,65285,255920,1600,via_1600x480
VSS,met3-met4,STRIPE,via,36250,255440,37850,255920,1600,via3_1600x480
VSS,met2-met3,STRIPE,via,36250,255440,37850,255920,1600,via2_1600x480
VSS,met1-met2,STRIPE,via,36250,255440,37850,255920,1600,via_1600x480
VSS,met3-met4,STRIPE,via,253921,250000,255521,250480,1600,via3_1600x480
VSS,met2-met3,STRIPE,via,253921,250000,255521,250480,1600,via2_1600x480
VSS,met1-met2,STRIPE,via,253921,250000,255521,250480,1600,via_1600x480
VSS,met3-met4,STRIPE,via,226119,250000,227719,250480,1600,via3_1600x480
VSS,met2-met3,STRIPE,via,226119,250000,227719,250480,1600,via2_1600x480
VSS,met1-met2,STRIPE,via,226119,250000,227719,250480,1600,via_1600x480
VSS,met3-met4,STRIPE,via,198960,250000,200560,250480,1600,via3_1600x480
VSS,met2-met3,STRIPE,via,198960,250000,200560,250480,1600,via2_1600x480
VSS,met1-met2,STRIPE,via,198960,250000,200560,250480,1600,via_1600x480
VSS,met3-met4,STRIPE,via,171897,250000,173497,250480,1600,via3_1600x480
VSS,met2-met3,STRIPE,via,171897,250000,173497,250480,1600,via2_1600x480
VSS,met1-met2,STRIPE,via,171897,250000,173497,250480,1600,via_1600x480
VSS,met3-met4,STRIPE,via,145003,250000,146603,250480,1600,via3_1600x480
VSS,met2-met3,STRIPE,via,145003,250000,146603,250480,1600,via2_1600x480
VSS,met1-met2,STRIPE,via,145003,250000,146603,250480,1600,via_1600x480
VSS,met3-met4,STRIPE,via,118167,250000,119767,250480,1600,via3_1600x480
VSS,met2-met3,STRIPE,via,118167,250000,119767,250480,1600,via2_1600x480
VSS,met1-met2,STRIPE,via,118167,250000,119767,250480,1600,via_1600x480
VSS,met3-met4,STRIPE,via,90973,250000,92573,250480,1600,via3_1600x480
VSS,met2-met3,STRIPE,via,90973,250000,92573,250480,1600,via2_1600x480
VSS,met1-met2,STRIPE,via,90973,250000,92573,250480,1600,via_1600x480
VSS,met3-met4,STRIPE,via,63685,250000,65285,250480,1600,via3_1600x480
VSS,met2-met3,STRIPE,via,63685,250000,65285,250480,1600,via2_1600x480
VSS,met1-met2,STRIPE,via,63685,250000,65285,250480,1600,via_1600x480
VSS,met3-met4,STRIPE,via,36250,250000,37850,250480,1600,via3_1600x480
VSS,met2-met3,STRIPE,via,36250,250000,37850,250480,1600,via2_1600x480
VSS,met1-met2,STRIPE,via,36250,250000,37850,250480,1600,via_1600x480
VSS,met3-met4,STRIPE,via,253921,244560,255521,245040,1600,via3_1600x480
VSS,met2-met3,STRIPE,via,253921,244560,255521,245040,1600,via2_1600x480
VSS,met1-met2,STRIPE,via,253921,244560,255521,245040,1600,via_1600x480
VSS,met3-met4,STRIPE,via,226119,244560,227719,245040,1600,via3_1600x480
VSS,met2-met3,STRIPE,via,226119,244560,227719,245040,1600,via2_1600x480
VSS,met1-met2,STRIPE,via,226119,244560,227719,245040,1600,via_1600x480
VSS,met3-met4,STRIPE,via,198960,244560,200560,245040,1600,via3_1600x480
VSS,met2-met3,STRIPE,via,198960,244560,200560,245040,1600,via2_1600x480
VSS,met1-met2,STRIPE,via,198960,244560,200560,245040,1600,via_1600x480
VSS,met3-met4,STRIPE,via,171897,244560,173497,245040,1600,via3_1600x480
VSS,met2-met3,STRIPE,via,171897,244560,173497,245040,1600,via2_1600x480
VSS,met1-met2,STRIPE,via,171897,244560,173497,245040,1600,via_1600x480
VSS,met3-met4,STRIPE,via,145003,244560,146603,245040,1600,via3_1600x480
VSS,met2-met3,STRIPE,via,145003,244560,146603,245040,1600,via2_1600x480
VSS,met1-met2,STRIPE,via,145003,244560,146603,245040,1600,via_1600x480
VSS,met3-met4,STRIPE,via,118167,244560,119767,245040,1600,via3_1600x480
VSS,met2-met3,STRIPE,via,118167,244560,119767,245040,1600,via2_1600x480
VSS,met1-met2,STRIPE,via,118167,244560,119767,245040,1600,via_1600x480
VSS,met3-met4,STRIPE,via,90973,244560,92573,245040,1600,via3_1600x480
VSS,met2-met3,STRIPE,via,90973,244560,92573,245040,1600,via2_1600x480
VSS,met1-met2,STRIPE,via,90973,244560,92573,245040,1600,via_1600x480
VSS,met3-met4,STRIPE,via,63685,244560,65285,245040,1600,via3_1600x480
VSS,met2-met3,STRIPE,via,63685,244560,65285,245040,1600,via2_1600x480
VSS,met1-met2,STRIPE,via,63685,244560,65285,245040,1600,via_1600x480
VSS,met3-met4,STRIPE,via,36250,244560,37850,245040,1600,via3_1600x480
VSS,met2-met3,STRIPE,via,36250,244560,37850,245040,1600,via2_1600x480
VSS,met1-met2,STRIPE,via,36250,244560,37850,245040,1600,via_1600x480
VSS,met3-met4,STRIPE,via,253921,239120,255521,239600,1600,via3_1600x480
VSS,met2-met3,STRIPE,via,253921,239120,255521,239600,1600,via2_1600x480
VSS,met1-met2,STRIPE,via,253921,239120,255521,239600,1600,via_1600x480
VSS,met3-met4,STRIPE,via,226119,239120,227719,239600,1600,via3_1600x480
VSS,met2-met3,STRIPE,via,226119,239120,227719,239600,1600,via2_1600x480
VSS,met1-met2,STRIPE,via,226119,239120,227719,239600,1600,via_1600x480
VSS,met3-met4,STRIPE,via,198960,239120,200560,239600,1600,via3_1600x480
VSS,met2-met3,STRIPE,via,198960,239120,200560,239600,1600,via2_1600x480
VSS,met1-met2,STRIPE,via,198960,239120,200560,239600,1600,via_1600x480
VSS,met3-met4,STRIPE,via,171897,239120,173497,239600,1600,via3_1600x480
VSS,met2-met3,STRIPE,via,171897,239120,173497,239600,1600,via2_1600x480
VSS,met1-met2,STRIPE,via,171897,239120,173497,239600,1600,via_1600x480
VSS,met3-met4,STRIPE,via,145003,239120,146603,239600,1600,via3_1600x480
VSS,met2-met3,STRIPE,via,145003,239120,146603,239600,1600,via2_1600x480
VSS,met1-met2,STRIPE,via,145003,239120,146603,239600,1600,via_1600x480
VSS,met3-met4,STRIPE,via,118167,239120,119767,239600,1600,via3_1600x480
VSS,met2-met3,STRIPE,via,118167,239120,119767,239600,1600,via2_1600x480
VSS,met1-met2,STRIPE,via,118167,239120,119767,239600,1600,via_1600x480
VSS,met3-met4,STRIPE,via,90973,239120,92573,239600,1600,via3_1600x480
VSS,met2-met3,STRIPE,via,90973,239120,92573,239600,1600,via2_1600x480
VSS,met1-met2,STRIPE,via,90973,239120,92573,239600,1600,via_1600x480
VSS,met3-met4,STRIPE,via,63685,239120,65285,239600,1600,via3_1600x480
VSS,met2-met3,STRIPE,via,63685,239120,65285,239600,1600,via2_1600x480
VSS,met1-met2,STRIPE,via,63685,239120,65285,239600,1600,via_1600x480
VSS,met3-met4,STRIPE,via,36250,239120,37850,239600,1600,via3_1600x480
VSS,met2-met3,STRIPE,via,36250,239120,37850,239600,1600,via2_1600x480
VSS,met1-met2,STRIPE,via,36250,239120,37850,239600,1600,via_1600x480
VSS,met3-met4,STRIPE,via,253921,233680,255521,234160,1600,via3_1600x480
VSS,met2-met3,STRIPE,via,253921,233680,255521,234160,1600,via2_1600x480
VSS,met1-met2,STRIPE,via,253921,233680,255521,234160,1600,via_1600x480
VSS,met3-met4,STRIPE,via,226119,233680,227719,234160,1600,via3_1600x480
VSS,met2-met3,STRIPE,via,226119,233680,227719,234160,1600,via2_1600x480
VSS,met1-met2,STRIPE,via,226119,233680,227719,234160,1600,via_1600x480
VSS,met3-met4,STRIPE,via,198960,233680,200560,234160,1600,via3_1600x480
VSS,met2-met3,STRIPE,via,198960,233680,200560,234160,1600,via2_1600x480
VSS,met1-met2,STRIPE,via,198960,233680,200560,234160,1600,via_1600x480
VSS,met3-met4,STRIPE,via,171897,233680,173497,234160,1600,via3_1600x480
VSS,met2-met3,STRIPE,via,171897,233680,173497,234160,1600,via2_1600x480
VSS,met1-met2,STRIPE,via,171897,233680,173497,234160,1600,via_1600x480
VSS,met3-met4,STRIPE,via,145003,233680,146603,234160,1600,via3_1600x480
VSS,met2-met3,STRIPE,via,145003,233680,146603,234160,1600,via2_1600x480
VSS,met1-met2,STRIPE,via,145003,233680,146603,234160,1600,via_1600x480
VSS,met3-met4,STRIPE,via,118167,233680,119767,234160,1600,via3_1600x480
VSS,met2-met3,STRIPE,via,118167,233680,119767,234160,1600,via2_1600x480
VSS,met1-met2,STRIPE,via,118167,233680,119767,234160,1600,via_1600x480
VSS,met3-met4,STRIPE,via,90973,233680,92573,234160,1600,via3_1600x480
VSS,met2-met3,STRIPE,via,90973,233680,92573,234160,1600,via2_1600x480
VSS,met1-met2,STRIPE,via,90973,233680,92573,234160,1600,via_1600x480
VSS,met3-met4,STRIPE,via,63685,233680,65285,234160,1600,via3_1600x480
VSS,met2-met3,STRIPE,via,63685,233680,65285,234160,1600,via2_1600x480
VSS,met1-met2,STRIPE,via,63685,233680,65285,234160,1600,via_1600x480
VSS,met3-met4,STRIPE,via,36250,233680,37850,234160,1600,via3_1600x480
VSS,met2-met3,STRIPE,via,36250,233680,37850,234160,1600,via2_1600x480
VSS,met1-met2,STRIPE,via,36250,233680,37850,234160,1600,via_1600x480
VSS,met3-met4,STRIPE,via,253921,228240,255521,228720,1600,via3_1600x480
VSS,met2-met3,STRIPE,via,253921,228240,255521,228720,1600,via2_1600x480
VSS,met1-met2,STRIPE,via,253921,228240,255521,228720,1600,via_1600x480
VSS,met3-met4,STRIPE,via,226119,228240,227719,228720,1600,via3_1600x480
VSS,met2-met3,STRIPE,via,226119,228240,227719,228720,1600,via2_1600x480
VSS,met1-met2,STRIPE,via,226119,228240,227719,228720,1600,via_1600x480
VSS,met3-met4,STRIPE,via,198960,228240,200560,228720,1600,via3_1600x480
VSS,met2-met3,STRIPE,via,198960,228240,200560,228720,1600,via2_1600x480
VSS,met1-met2,STRIPE,via,198960,228240,200560,228720,1600,via_1600x480
VSS,met3-met4,STRIPE,via,171897,228240,173497,228720,1600,via3_1600x480
VSS,met2-met3,STRIPE,via,171897,228240,173497,228720,1600,via2_1600x480
VSS,met1-met2,STRIPE,via,171897,228240,173497,228720,1600,via_1600x480
VSS,met3-met4,STRIPE,via,145003,228240,146603,228720,1600,via3_1600x480
VSS,met2-met3,STRIPE,via,145003,228240,146603,228720,1600,via2_1600x480
VSS,met1-met2,STRIPE,via,145003,228240,146603,228720,1600,via_1600x480
VSS,met3-met4,STRIPE,via,118167,228240,119767,228720,1600,via3_1600x480
VSS,met2-met3,STRIPE,via,118167,228240,119767,228720,1600,via2_1600x480
VSS,met1-met2,STRIPE,via,118167,228240,119767,228720,1600,via_1600x480
VSS,met3-met4,STRIPE,via,90973,228240,92573,228720,1600,via3_1600x480
VSS,met2-met3,STRIPE,via,90973,228240,92573,228720,1600,via2_1600x480
VSS,met1-met2,STRIPE,via,90973,228240,92573,228720,1600,via_1600x480
VSS,met3-met4,STRIPE,via,63685,228240,65285,228720,1600,via3_1600x480
VSS,met2-met3,STRIPE,via,63685,228240,65285,228720,1600,via2_1600x480
VSS,met1-met2,STRIPE,via,63685,228240,65285,228720,1600,via_1600x480
VSS,met3-met4,STRIPE,via,36250,228240,37850,228720,1600,via3_1600x480
VSS,met2-met3,STRIPE,via,36250,228240,37850,228720,1600,via2_1600x480
VSS,met1-met2,STRIPE,via,36250,228240,37850,228720,1600,via_1600x480
VSS,met3-met4,STRIPE,via,253921,222800,255521,223280,1600,via3_1600x480
VSS,met2-met3,STRIPE,via,253921,222800,255521,223280,1600,via2_1600x480
VSS,met1-met2,STRIPE,via,253921,222800,255521,223280,1600,via_1600x480
VSS,met3-met4,STRIPE,via,226119,222800,227719,223280,1600,via3_1600x480
VSS,met2-met3,STRIPE,via,226119,222800,227719,223280,1600,via2_1600x480
VSS,met1-met2,STRIPE,via,226119,222800,227719,223280,1600,via_1600x480
VSS,met3-met4,STRIPE,via,198960,222800,200560,223280,1600,via3_1600x480
VSS,met2-met3,STRIPE,via,198960,222800,200560,223280,1600,via2_1600x480
VSS,met1-met2,STRIPE,via,198960,222800,200560,223280,1600,via_1600x480
VSS,met3-met4,STRIPE,via,171897,222800,173497,223280,1600,via3_1600x480
VSS,met2-met3,STRIPE,via,171897,222800,173497,223280,1600,via2_1600x480
VSS,met1-met2,STRIPE,via,171897,222800,173497,223280,1600,via_1600x480
VSS,met3-met4,STRIPE,via,145003,222800,146603,223280,1600,via3_1600x480
VSS,met2-met3,STRIPE,via,145003,222800,146603,223280,1600,via2_1600x480
VSS,met1-met2,STRIPE,via,145003,222800,146603,223280,1600,via_1600x480
VSS,met3-met4,STRIPE,via,118167,222800,119767,223280,1600,via3_1600x480
VSS,met2-met3,STRIPE,via,118167,222800,119767,223280,1600,via2_1600x480
VSS,met1-met2,STRIPE,via,118167,222800,119767,223280,1600,via_1600x480
VSS,met3-met4,STRIPE,via,90973,222800,92573,223280,1600,via3_1600x480
VSS,met2-met3,STRIPE,via,90973,222800,92573,223280,1600,via2_1600x480
VSS,met1-met2,STRIPE,via,90973,222800,92573,223280,1600,via_1600x480
VSS,met3-met4,STRIPE,via,63685,222800,65285,223280,1600,via3_1600x480
VSS,met2-met3,STRIPE,via,63685,222800,65285,223280,1600,via2_1600x480
VSS,met1-met2,STRIPE,via,63685,222800,65285,223280,1600,via_1600x480
VSS,met3-met4,STRIPE,via,36250,222800,37850,223280,1600,via3_1600x480
VSS,met2-met3,STRIPE,via,36250,222800,37850,223280,1600,via2_1600x480
VSS,met1-met2,STRIPE,via,36250,222800,37850,223280,1600,via_1600x480
VSS,met3-met4,STRIPE,via,253921,217360,255521,217840,1600,via3_1600x480
VSS,met2-met3,STRIPE,via,253921,217360,255521,217840,1600,via2_1600x480
VSS,met1-met2,STRIPE,via,253921,217360,255521,217840,1600,via_1600x480
VSS,met3-met4,STRIPE,via,226119,217360,227719,217840,1600,via3_1600x480
VSS,met2-met3,STRIPE,via,226119,217360,227719,217840,1600,via2_1600x480
VSS,met1-met2,STRIPE,via,226119,217360,227719,217840,1600,via_1600x480
VSS,met3-met4,STRIPE,via,198960,217360,200560,217840,1600,via3_1600x480
VSS,met2-met3,STRIPE,via,198960,217360,200560,217840,1600,via2_1600x480
VSS,met1-met2,STRIPE,via,198960,217360,200560,217840,1600,via_1600x480
VSS,met3-met4,STRIPE,via,171897,217360,173497,217840,1600,via3_1600x480
VSS,met2-met3,STRIPE,via,171897,217360,173497,217840,1600,via2_1600x480
VSS,met1-met2,STRIPE,via,171897,217360,173497,217840,1600,via_1600x480
VSS,met3-met4,STRIPE,via,145003,217360,146603,217840,1600,via3_1600x480
VSS,met2-met3,STRIPE,via,145003,217360,146603,217840,1600,via2_1600x480
VSS,met1-met2,STRIPE,via,145003,217360,146603,217840,1600,via_1600x480
VSS,met3-met4,STRIPE,via,118167,217360,119767,217840,1600,via3_1600x480
VSS,met2-met3,STRIPE,via,118167,217360,119767,217840,1600,via2_1600x480
VSS,met1-met2,STRIPE,via,118167,217360,119767,217840,1600,via_1600x480
VSS,met3-met4,STRIPE,via,90973,217360,92573,217840,1600,via3_1600x480
VSS,met2-met3,STRIPE,via,90973,217360,92573,217840,1600,via2_1600x480
VSS,met1-met2,STRIPE,via,90973,217360,92573,217840,1600,via_1600x480
VSS,met3-met4,STRIPE,via,63685,217360,65285,217840,1600,via3_1600x480
VSS,met2-met3,STRIPE,via,63685,217360,65285,217840,1600,via2_1600x480
VSS,met1-met2,STRIPE,via,63685,217360,65285,217840,1600,via_1600x480
VSS,met3-met4,STRIPE,via,36250,217360,37850,217840,1600,via3_1600x480
VSS,met2-met3,STRIPE,via,36250,217360,37850,217840,1600,via2_1600x480
VSS,met1-met2,STRIPE,via,36250,217360,37850,217840,1600,via_1600x480
VSS,met3-met4,STRIPE,via,253921,211920,255521,212400,1600,via3_1600x480
VSS,met2-met3,STRIPE,via,253921,211920,255521,212400,1600,via2_1600x480
VSS,met1-met2,STRIPE,via,253921,211920,255521,212400,1600,via_1600x480
VSS,met3-met4,STRIPE,via,226119,211920,227719,212400,1600,via3_1600x480
VSS,met2-met3,STRIPE,via,226119,211920,227719,212400,1600,via2_1600x480
VSS,met1-met2,STRIPE,via,226119,211920,227719,212400,1600,via_1600x480
VSS,met3-met4,STRIPE,via,198960,211920,200560,212400,1600,via3_1600x480
VSS,met2-met3,STRIPE,via,198960,211920,200560,212400,1600,via2_1600x480
VSS,met1-met2,STRIPE,via,198960,211920,200560,212400,1600,via_1600x480
VSS,met3-met4,STRIPE,via,171897,211920,173497,212400,1600,via3_1600x480
VSS,met2-met3,STRIPE,via,171897,211920,173497,212400,1600,via2_1600x480
VSS,met1-met2,STRIPE,via,171897,211920,173497,212400,1600,via_1600x480
VSS,met3-met4,STRIPE,via,145003,211920,146603,212400,1600,via3_1600x480
VSS,met2-met3,STRIPE,via,145003,211920,146603,212400,1600,via2_1600x480
VSS,met1-met2,STRIPE,via,145003,211920,146603,212400,1600,via_1600x480
VSS,met3-met4,STRIPE,via,118167,211920,119767,212400,1600,via3_1600x480
VSS,met2-met3,STRIPE,via,118167,211920,119767,212400,1600,via2_1600x480
VSS,met1-met2,STRIPE,via,118167,211920,119767,212400,1600,via_1600x480
VSS,met3-met4,STRIPE,via,90973,211920,92573,212400,1600,via3_1600x480
VSS,met2-met3,STRIPE,via,90973,211920,92573,212400,1600,via2_1600x480
VSS,met1-met2,STRIPE,via,90973,211920,92573,212400,1600,via_1600x480
VSS,met3-met4,STRIPE,via,63685,211920,65285,212400,1600,via3_1600x480
VSS,met2-met3,STRIPE,via,63685,211920,65285,212400,1600,via2_1600x480
VSS,met1-met2,STRIPE,via,63685,211920,65285,212400,1600,via_1600x480
VSS,met3-met4,STRIPE,via,36250,211920,37850,212400,1600,via3_1600x480
VSS,met2-met3,STRIPE,via,36250,211920,37850,212400,1600,via2_1600x480
VSS,met1-met2,STRIPE,via,36250,211920,37850,212400,1600,via_1600x480
VSS,met3-met4,STRIPE,via,253921,206480,255521,206960,1600,via3_1600x480
VSS,met2-met3,STRIPE,via,253921,206480,255521,206960,1600,via2_1600x480
VSS,met1-met2,STRIPE,via,253921,206480,255521,206960,1600,via_1600x480
VSS,met3-met4,STRIPE,via,226119,206480,227719,206960,1600,via3_1600x480
VSS,met2-met3,STRIPE,via,226119,206480,227719,206960,1600,via2_1600x480
VSS,met1-met2,STRIPE,via,226119,206480,227719,206960,1600,via_1600x480
VSS,met3-met4,STRIPE,via,198960,206480,200560,206960,1600,via3_1600x480
VSS,met2-met3,STRIPE,via,198960,206480,200560,206960,1600,via2_1600x480
VSS,met1-met2,STRIPE,via,198960,206480,200560,206960,1600,via_1600x480
VSS,met3-met4,STRIPE,via,171897,206480,173497,206960,1600,via3_1600x480
VSS,met2-met3,STRIPE,via,171897,206480,173497,206960,1600,via2_1600x480
VSS,met1-met2,STRIPE,via,171897,206480,173497,206960,1600,via_1600x480
VSS,met3-met4,STRIPE,via,145003,206480,146603,206960,1600,via3_1600x480
VSS,met2-met3,STRIPE,via,145003,206480,146603,206960,1600,via2_1600x480
VSS,met1-met2,STRIPE,via,145003,206480,146603,206960,1600,via_1600x480
VSS,met3-met4,STRIPE,via,118167,206480,119767,206960,1600,via3_1600x480
VSS,met2-met3,STRIPE,via,118167,206480,119767,206960,1600,via2_1600x480
VSS,met1-met2,STRIPE,via,118167,206480,119767,206960,1600,via_1600x480
VSS,met3-met4,STRIPE,via,90973,206480,92573,206960,1600,via3_1600x480
VSS,met2-met3,STRIPE,via,90973,206480,92573,206960,1600,via2_1600x480
VSS,met1-met2,STRIPE,via,90973,206480,92573,206960,1600,via_1600x480
VSS,met3-met4,STRIPE,via,63685,206480,65285,206960,1600,via3_1600x480
VSS,met2-met3,STRIPE,via,63685,206480,65285,206960,1600,via2_1600x480
VSS,met1-met2,STRIPE,via,63685,206480,65285,206960,1600,via_1600x480
VSS,met3-met4,STRIPE,via,36250,206480,37850,206960,1600,via3_1600x480
VSS,met2-met3,STRIPE,via,36250,206480,37850,206960,1600,via2_1600x480
VSS,met1-met2,STRIPE,via,36250,206480,37850,206960,1600,via_1600x480
VSS,met3-met4,STRIPE,via,253921,201040,255521,201520,1600,via3_1600x480
VSS,met2-met3,STRIPE,via,253921,201040,255521,201520,1600,via2_1600x480
VSS,met1-met2,STRIPE,via,253921,201040,255521,201520,1600,via_1600x480
VSS,met3-met4,STRIPE,via,226119,201040,227719,201520,1600,via3_1600x480
VSS,met2-met3,STRIPE,via,226119,201040,227719,201520,1600,via2_1600x480
VSS,met1-met2,STRIPE,via,226119,201040,227719,201520,1600,via_1600x480
VSS,met3-met4,STRIPE,via,198960,201040,200560,201520,1600,via3_1600x480
VSS,met2-met3,STRIPE,via,198960,201040,200560,201520,1600,via2_1600x480
VSS,met1-met2,STRIPE,via,198960,201040,200560,201520,1600,via_1600x480
VSS,met3-met4,STRIPE,via,171897,201040,173497,201520,1600,via3_1600x480
VSS,met2-met3,STRIPE,via,171897,201040,173497,201520,1600,via2_1600x480
VSS,met1-met2,STRIPE,via,171897,201040,173497,201520,1600,via_1600x480
VSS,met3-met4,STRIPE,via,145003,201040,146603,201520,1600,via3_1600x480
VSS,met2-met3,STRIPE,via,145003,201040,146603,201520,1600,via2_1600x480
VSS,met1-met2,STRIPE,via,145003,201040,146603,201520,1600,via_1600x480
VSS,met3-met4,STRIPE,via,118167,201040,119767,201520,1600,via3_1600x480
VSS,met2-met3,STRIPE,via,118167,201040,119767,201520,1600,via2_1600x480
VSS,met1-met2,STRIPE,via,118167,201040,119767,201520,1600,via_1600x480
VSS,met3-met4,STRIPE,via,90973,201040,92573,201520,1600,via3_1600x480
VSS,met2-met3,STRIPE,via,90973,201040,92573,201520,1600,via2_1600x480
VSS,met1-met2,STRIPE,via,90973,201040,92573,201520,1600,via_1600x480
VSS,met3-met4,STRIPE,via,63685,201040,65285,201520,1600,via3_1600x480
VSS,met2-met3,STRIPE,via,63685,201040,65285,201520,1600,via2_1600x480
VSS,met1-met2,STRIPE,via,63685,201040,65285,201520,1600,via_1600x480
VSS,met3-met4,STRIPE,via,36250,201040,37850,201520,1600,via3_1600x480
VSS,met2-met3,STRIPE,via,36250,201040,37850,201520,1600,via2_1600x480
VSS,met1-met2,STRIPE,via,36250,201040,37850,201520,1600,via_1600x480
VSS,met3-met4,STRIPE,via,253921,195600,255521,196080,1600,via3_1600x480
VSS,met2-met3,STRIPE,via,253921,195600,255521,196080,1600,via2_1600x480
VSS,met1-met2,STRIPE,via,253921,195600,255521,196080,1600,via_1600x480
VSS,met3-met4,STRIPE,via,226119,195600,227719,196080,1600,via3_1600x480
VSS,met2-met3,STRIPE,via,226119,195600,227719,196080,1600,via2_1600x480
VSS,met1-met2,STRIPE,via,226119,195600,227719,196080,1600,via_1600x480
VSS,met3-met4,STRIPE,via,198960,195600,200560,196080,1600,via3_1600x480
VSS,met2-met3,STRIPE,via,198960,195600,200560,196080,1600,via2_1600x480
VSS,met1-met2,STRIPE,via,198960,195600,200560,196080,1600,via_1600x480
VSS,met3-met4,STRIPE,via,171897,195600,173497,196080,1600,via3_1600x480
VSS,met2-met3,STRIPE,via,171897,195600,173497,196080,1600,via2_1600x480
VSS,met1-met2,STRIPE,via,171897,195600,173497,196080,1600,via_1600x480
VSS,met3-met4,STRIPE,via,145003,195600,146603,196080,1600,via3_1600x480
VSS,met2-met3,STRIPE,via,145003,195600,146603,196080,1600,via2_1600x480
VSS,met1-met2,STRIPE,via,145003,195600,146603,196080,1600,via_1600x480
VSS,met3-met4,STRIPE,via,118167,195600,119767,196080,1600,via3_1600x480
VSS,met2-met3,STRIPE,via,118167,195600,119767,196080,1600,via2_1600x480
VSS,met1-met2,STRIPE,via,118167,195600,119767,196080,1600,via_1600x480
VSS,met3-met4,STRIPE,via,90973,195600,92573,196080,1600,via3_1600x480
VSS,met2-met3,STRIPE,via,90973,195600,92573,196080,1600,via2_1600x480
VSS,met1-met2,STRIPE,via,90973,195600,92573,196080,1600,via_1600x480
VSS,met3-met4,STRIPE,via,63685,195600,65285,196080,1600,via3_1600x480
VSS,met2-met3,STRIPE,via,63685,195600,65285,196080,1600,via2_1600x480
VSS,met1-met2,STRIPE,via,63685,195600,65285,196080,1600,via_1600x480
VSS,met3-met4,STRIPE,via,36250,195600,37850,196080,1600,via3_1600x480
VSS,met2-met3,STRIPE,via,36250,195600,37850,196080,1600,via2_1600x480
VSS,met1-met2,STRIPE,via,36250,195600,37850,196080,1600,via_1600x480
VSS,met3-met4,STRIPE,via,253921,190160,255521,190640,1600,via3_1600x480
VSS,met2-met3,STRIPE,via,253921,190160,255521,190640,1600,via2_1600x480
VSS,met1-met2,STRIPE,via,253921,190160,255521,190640,1600,via_1600x480
VSS,met3-met4,STRIPE,via,226119,190160,227719,190640,1600,via3_1600x480
VSS,met2-met3,STRIPE,via,226119,190160,227719,190640,1600,via2_1600x480
VSS,met1-met2,STRIPE,via,226119,190160,227719,190640,1600,via_1600x480
VSS,met3-met4,STRIPE,via,198960,190160,200560,190640,1600,via3_1600x480
VSS,met2-met3,STRIPE,via,198960,190160,200560,190640,1600,via2_1600x480
VSS,met1-met2,STRIPE,via,198960,190160,200560,190640,1600,via_1600x480
VSS,met3-met4,STRIPE,via,171897,190160,173497,190640,1600,via3_1600x480
VSS,met2-met3,STRIPE,via,171897,190160,173497,190640,1600,via2_1600x480
VSS,met1-met2,STRIPE,via,171897,190160,173497,190640,1600,via_1600x480
VSS,met3-met4,STRIPE,via,145003,190160,146603,190640,1600,via3_1600x480
VSS,met2-met3,STRIPE,via,145003,190160,146603,190640,1600,via2_1600x480
VSS,met1-met2,STRIPE,via,145003,190160,146603,190640,1600,via_1600x480
VSS,met3-met4,STRIPE,via,118167,190160,119767,190640,1600,via3_1600x480
VSS,met2-met3,STRIPE,via,118167,190160,119767,190640,1600,via2_1600x480
VSS,met1-met2,STRIPE,via,118167,190160,119767,190640,1600,via_1600x480
VSS,met3-met4,STRIPE,via,90973,190160,92573,190640,1600,via3_1600x480
VSS,met2-met3,STRIPE,via,90973,190160,92573,190640,1600,via2_1600x480
VSS,met1-met2,STRIPE,via,90973,190160,92573,190640,1600,via_1600x480
VSS,met3-met4,STRIPE,via,63685,190160,65285,190640,1600,via3_1600x480
VSS,met2-met3,STRIPE,via,63685,190160,65285,190640,1600,via2_1600x480
VSS,met1-met2,STRIPE,via,63685,190160,65285,190640,1600,via_1600x480
VSS,met3-met4,STRIPE,via,36250,190160,37850,190640,1600,via3_1600x480
VSS,met2-met3,STRIPE,via,36250,190160,37850,190640,1600,via2_1600x480
VSS,met1-met2,STRIPE,via,36250,190160,37850,190640,1600,via_1600x480
VSS,met3-met4,STRIPE,via,253921,184720,255521,185200,1600,via3_1600x480
VSS,met2-met3,STRIPE,via,253921,184720,255521,185200,1600,via2_1600x480
VSS,met1-met2,STRIPE,via,253921,184720,255521,185200,1600,via_1600x480
VSS,met3-met4,STRIPE,via,226119,184720,227719,185200,1600,via3_1600x480
VSS,met2-met3,STRIPE,via,226119,184720,227719,185200,1600,via2_1600x480
VSS,met1-met2,STRIPE,via,226119,184720,227719,185200,1600,via_1600x480
VSS,met3-met4,STRIPE,via,198960,184720,200560,185200,1600,via3_1600x480
VSS,met2-met3,STRIPE,via,198960,184720,200560,185200,1600,via2_1600x480
VSS,met1-met2,STRIPE,via,198960,184720,200560,185200,1600,via_1600x480
VSS,met3-met4,STRIPE,via,171897,184720,173497,185200,1600,via3_1600x480
VSS,met2-met3,STRIPE,via,171897,184720,173497,185200,1600,via2_1600x480
VSS,met1-met2,STRIPE,via,171897,184720,173497,185200,1600,via_1600x480
VSS,met3-met4,STRIPE,via,145003,184720,146603,185200,1600,via3_1600x480
VSS,met2-met3,STRIPE,via,145003,184720,146603,185200,1600,via2_1600x480
VSS,met1-met2,STRIPE,via,145003,184720,146603,185200,1600,via_1600x480
VSS,met3-met4,STRIPE,via,118167,184720,119767,185200,1600,via3_1600x480
VSS,met2-met3,STRIPE,via,118167,184720,119767,185200,1600,via2_1600x480
VSS,met1-met2,STRIPE,via,118167,184720,119767,185200,1600,via_1600x480
VSS,met3-met4,STRIPE,via,90973,184720,92573,185200,1600,via3_1600x480
VSS,met2-met3,STRIPE,via,90973,184720,92573,185200,1600,via2_1600x480
VSS,met1-met2,STRIPE,via,90973,184720,92573,185200,1600,via_1600x480
VSS,met3-met4,STRIPE,via,63685,184720,65285,185200,1600,via3_1600x480
VSS,met2-met3,STRIPE,via,63685,184720,65285,185200,1600,via2_1600x480
VSS,met1-met2,STRIPE,via,63685,184720,65285,185200,1600,via_1600x480
VSS,met3-met4,STRIPE,via,36250,184720,37850,185200,1600,via3_1600x480
VSS,met2-met3,STRIPE,via,36250,184720,37850,185200,1600,via2_1600x480
VSS,met1-met2,STRIPE,via,36250,184720,37850,185200,1600,via_1600x480
VSS,met3-met4,STRIPE,via,253921,179280,255521,179760,1600,via3_1600x480
VSS,met2-met3,STRIPE,via,253921,179280,255521,179760,1600,via2_1600x480
VSS,met1-met2,STRIPE,via,253921,179280,255521,179760,1600,via_1600x480
VSS,met3-met4,STRIPE,via,226119,179280,227719,179760,1600,via3_1600x480
VSS,met2-met3,STRIPE,via,226119,179280,227719,179760,1600,via2_1600x480
VSS,met1-met2,STRIPE,via,226119,179280,227719,179760,1600,via_1600x480
VSS,met3-met4,STRIPE,via,198960,179280,200560,179760,1600,via3_1600x480
VSS,met2-met3,STRIPE,via,198960,179280,200560,179760,1600,via2_1600x480
VSS,met1-met2,STRIPE,via,198960,179280,200560,179760,1600,via_1600x480
VSS,met3-met4,STRIPE,via,171897,179280,173497,179760,1600,via3_1600x480
VSS,met2-met3,STRIPE,via,171897,179280,173497,179760,1600,via2_1600x480
VSS,met1-met2,STRIPE,via,171897,179280,173497,179760,1600,via_1600x480
VSS,met3-met4,STRIPE,via,145003,179280,146603,179760,1600,via3_1600x480
VSS,met2-met3,STRIPE,via,145003,179280,146603,179760,1600,via2_1600x480
VSS,met1-met2,STRIPE,via,145003,179280,146603,179760,1600,via_1600x480
VSS,met3-met4,STRIPE,via,118167,179280,119767,179760,1600,via3_1600x480
VSS,met2-met3,STRIPE,via,118167,179280,119767,179760,1600,via2_1600x480
VSS,met1-met2,STRIPE,via,118167,179280,119767,179760,1600,via_1600x480
VSS,met3-met4,STRIPE,via,90973,179280,92573,179760,1600,via3_1600x480
VSS,met2-met3,STRIPE,via,90973,179280,92573,179760,1600,via2_1600x480
VSS,met1-met2,STRIPE,via,90973,179280,92573,179760,1600,via_1600x480
VSS,met3-met4,STRIPE,via,63685,179280,65285,179760,1600,via3_1600x480
VSS,met2-met3,STRIPE,via,63685,179280,65285,179760,1600,via2_1600x480
VSS,met1-met2,STRIPE,via,63685,179280,65285,179760,1600,via_1600x480
VSS,met3-met4,STRIPE,via,36250,179280,37850,179760,1600,via3_1600x480
VSS,met2-met3,STRIPE,via,36250,179280,37850,179760,1600,via2_1600x480
VSS,met1-met2,STRIPE,via,36250,179280,37850,179760,1600,via_1600x480
VSS,met3-met4,STRIPE,via,253921,173840,255521,174320,1600,via3_1600x480
VSS,met2-met3,STRIPE,via,253921,173840,255521,174320,1600,via2_1600x480
VSS,met1-met2,STRIPE,via,253921,173840,255521,174320,1600,via_1600x480
VSS,met3-met4,STRIPE,via,226119,173840,227719,174320,1600,via3_1600x480
VSS,met2-met3,STRIPE,via,226119,173840,227719,174320,1600,via2_1600x480
VSS,met1-met2,STRIPE,via,226119,173840,227719,174320,1600,via_1600x480
VSS,met3-met4,STRIPE,via,198960,173840,200560,174320,1600,via3_1600x480
VSS,met2-met3,STRIPE,via,198960,173840,200560,174320,1600,via2_1600x480
VSS,met1-met2,STRIPE,via,198960,173840,200560,174320,1600,via_1600x480
VSS,met3-met4,STRIPE,via,171897,173840,173497,174320,1600,via3_1600x480
VSS,met2-met3,STRIPE,via,171897,173840,173497,174320,1600,via2_1600x480
VSS,met1-met2,STRIPE,via,171897,173840,173497,174320,1600,via_1600x480
VSS,met3-met4,STRIPE,via,145003,173840,146603,174320,1600,via3_1600x480
VSS,met2-met3,STRIPE,via,145003,173840,146603,174320,1600,via2_1600x480
VSS,met1-met2,STRIPE,via,145003,173840,146603,174320,1600,via_1600x480
VSS,met3-met4,STRIPE,via,118167,173840,119767,174320,1600,via3_1600x480
VSS,met2-met3,STRIPE,via,118167,173840,119767,174320,1600,via2_1600x480
VSS,met1-met2,STRIPE,via,118167,173840,119767,174320,1600,via_1600x480
VSS,met3-met4,STRIPE,via,90973,173840,92573,174320,1600,via3_1600x480
VSS,met2-met3,STRIPE,via,90973,173840,92573,174320,1600,via2_1600x480
VSS,met1-met2,STRIPE,via,90973,173840,92573,174320,1600,via_1600x480
VSS,met3-met4,STRIPE,via,63685,173840,65285,174320,1600,via3_1600x480
VSS,met2-met3,STRIPE,via,63685,173840,65285,174320,1600,via2_1600x480
VSS,met1-met2,STRIPE,via,63685,173840,65285,174320,1600,via_1600x480
VSS,met3-met4,STRIPE,via,36250,173840,37850,174320,1600,via3_1600x480
VSS,met2-met3,STRIPE,via,36250,173840,37850,174320,1600,via2_1600x480
VSS,met1-met2,STRIPE,via,36250,173840,37850,174320,1600,via_1600x480
VSS,met3-met4,STRIPE,via,253921,168400,255521,168880,1600,via3_1600x480
VSS,met2-met3,STRIPE,via,253921,168400,255521,168880,1600,via2_1600x480
VSS,met1-met2,STRIPE,via,253921,168400,255521,168880,1600,via_1600x480
VSS,met3-met4,STRIPE,via,226119,168400,227719,168880,1600,via3_1600x480
VSS,met2-met3,STRIPE,via,226119,168400,227719,168880,1600,via2_1600x480
VSS,met1-met2,STRIPE,via,226119,168400,227719,168880,1600,via_1600x480
VSS,met3-met4,STRIPE,via,198960,168400,200560,168880,1600,via3_1600x480
VSS,met2-met3,STRIPE,via,198960,168400,200560,168880,1600,via2_1600x480
VSS,met1-met2,STRIPE,via,198960,168400,200560,168880,1600,via_1600x480
VSS,met3-met4,STRIPE,via,171897,168400,173497,168880,1600,via3_1600x480
VSS,met2-met3,STRIPE,via,171897,168400,173497,168880,1600,via2_1600x480
VSS,met1-met2,STRIPE,via,171897,168400,173497,168880,1600,via_1600x480
VSS,met3-met4,STRIPE,via,145003,168400,146603,168880,1600,via3_1600x480
VSS,met2-met3,STRIPE,via,145003,168400,146603,168880,1600,via2_1600x480
VSS,met1-met2,STRIPE,via,145003,168400,146603,168880,1600,via_1600x480
VSS,met3-met4,STRIPE,via,118167,168400,119767,168880,1600,via3_1600x480
VSS,met2-met3,STRIPE,via,118167,168400,119767,168880,1600,via2_1600x480
VSS,met1-met2,STRIPE,via,118167,168400,119767,168880,1600,via_1600x480
VSS,met3-met4,STRIPE,via,90973,168400,92573,168880,1600,via3_1600x480
VSS,met2-met3,STRIPE,via,90973,168400,92573,168880,1600,via2_1600x480
VSS,met1-met2,STRIPE,via,90973,168400,92573,168880,1600,via_1600x480
VSS,met3-met4,STRIPE,via,63685,168400,65285,168880,1600,via3_1600x480
VSS,met2-met3,STRIPE,via,63685,168400,65285,168880,1600,via2_1600x480
VSS,met1-met2,STRIPE,via,63685,168400,65285,168880,1600,via_1600x480
VSS,met3-met4,STRIPE,via,36250,168400,37850,168880,1600,via3_1600x480
VSS,met2-met3,STRIPE,via,36250,168400,37850,168880,1600,via2_1600x480
VSS,met1-met2,STRIPE,via,36250,168400,37850,168880,1600,via_1600x480
VSS,met3-met4,STRIPE,via,253921,162960,255521,163440,1600,via3_1600x480
VSS,met2-met3,STRIPE,via,253921,162960,255521,163440,1600,via2_1600x480
VSS,met1-met2,STRIPE,via,253921,162960,255521,163440,1600,via_1600x480
VSS,met3-met4,STRIPE,via,226119,162960,227719,163440,1600,via3_1600x480
VSS,met2-met3,STRIPE,via,226119,162960,227719,163440,1600,via2_1600x480
VSS,met1-met2,STRIPE,via,226119,162960,227719,163440,1600,via_1600x480
VSS,met3-met4,STRIPE,via,198960,162960,200560,163440,1600,via3_1600x480
VSS,met2-met3,STRIPE,via,198960,162960,200560,163440,1600,via2_1600x480
VSS,met1-met2,STRIPE,via,198960,162960,200560,163440,1600,via_1600x480
VSS,met3-met4,STRIPE,via,171897,162960,173497,163440,1600,via3_1600x480
VSS,met2-met3,STRIPE,via,171897,162960,173497,163440,1600,via2_1600x480
VSS,met1-met2,STRIPE,via,171897,162960,173497,163440,1600,via_1600x480
VSS,met3-met4,STRIPE,via,145003,162960,146603,163440,1600,via3_1600x480
VSS,met2-met3,STRIPE,via,145003,162960,146603,163440,1600,via2_1600x480
VSS,met1-met2,STRIPE,via,145003,162960,146603,163440,1600,via_1600x480
VSS,met3-met4,STRIPE,via,118167,162960,119767,163440,1600,via3_1600x480
VSS,met2-met3,STRIPE,via,118167,162960,119767,163440,1600,via2_1600x480
VSS,met1-met2,STRIPE,via,118167,162960,119767,163440,1600,via_1600x480
VSS,met3-met4,STRIPE,via,90973,162960,92573,163440,1600,via3_1600x480
VSS,met2-met3,STRIPE,via,90973,162960,92573,163440,1600,via2_1600x480
VSS,met1-met2,STRIPE,via,90973,162960,92573,163440,1600,via_1600x480
VSS,met3-met4,STRIPE,via,63685,162960,65285,163440,1600,via3_1600x480
VSS,met2-met3,STRIPE,via,63685,162960,65285,163440,1600,via2_1600x480
VSS,met1-met2,STRIPE,via,63685,162960,65285,163440,1600,via_1600x480
VSS,met3-met4,STRIPE,via,36250,162960,37850,163440,1600,via3_1600x480
VSS,met2-met3,STRIPE,via,36250,162960,37850,163440,1600,via2_1600x480
VSS,met1-met2,STRIPE,via,36250,162960,37850,163440,1600,via_1600x480
VSS,met3-met4,STRIPE,via,253921,157520,255521,158000,1600,via3_1600x480
VSS,met2-met3,STRIPE,via,253921,157520,255521,158000,1600,via2_1600x480
VSS,met1-met2,STRIPE,via,253921,157520,255521,158000,1600,via_1600x480
VSS,met3-met4,STRIPE,via,226119,157520,227719,158000,1600,via3_1600x480
VSS,met2-met3,STRIPE,via,226119,157520,227719,158000,1600,via2_1600x480
VSS,met1-met2,STRIPE,via,226119,157520,227719,158000,1600,via_1600x480
VSS,met3-met4,STRIPE,via,198960,157520,200560,158000,1600,via3_1600x480
VSS,met2-met3,STRIPE,via,198960,157520,200560,158000,1600,via2_1600x480
VSS,met1-met2,STRIPE,via,198960,157520,200560,158000,1600,via_1600x480
VSS,met3-met4,STRIPE,via,171897,157520,173497,158000,1600,via3_1600x480
VSS,met2-met3,STRIPE,via,171897,157520,173497,158000,1600,via2_1600x480
VSS,met1-met2,STRIPE,via,171897,157520,173497,158000,1600,via_1600x480
VSS,met3-met4,STRIPE,via,145003,157520,146603,158000,1600,via3_1600x480
VSS,met2-met3,STRIPE,via,145003,157520,146603,158000,1600,via2_1600x480
VSS,met1-met2,STRIPE,via,145003,157520,146603,158000,1600,via_1600x480
VSS,met3-met4,STRIPE,via,118167,157520,119767,158000,1600,via3_1600x480
VSS,met2-met3,STRIPE,via,118167,157520,119767,158000,1600,via2_1600x480
VSS,met1-met2,STRIPE,via,118167,157520,119767,158000,1600,via_1600x480
VSS,met3-met4,STRIPE,via,90973,157520,92573,158000,1600,via3_1600x480
VSS,met2-met3,STRIPE,via,90973,157520,92573,158000,1600,via2_1600x480
VSS,met1-met2,STRIPE,via,90973,157520,92573,158000,1600,via_1600x480
VSS,met3-met4,STRIPE,via,63685,157520,65285,158000,1600,via3_1600x480
VSS,met2-met3,STRIPE,via,63685,157520,65285,158000,1600,via2_1600x480
VSS,met1-met2,STRIPE,via,63685,157520,65285,158000,1600,via_1600x480
VSS,met3-met4,STRIPE,via,36250,157520,37850,158000,1600,via3_1600x480
VSS,met2-met3,STRIPE,via,36250,157520,37850,158000,1600,via2_1600x480
VSS,met1-met2,STRIPE,via,36250,157520,37850,158000,1600,via_1600x480
VSS,met3-met4,STRIPE,via,253921,152080,255521,152560,1600,via3_1600x480
VSS,met2-met3,STRIPE,via,253921,152080,255521,152560,1600,via2_1600x480
VSS,met1-met2,STRIPE,via,253921,152080,255521,152560,1600,via_1600x480
VSS,met3-met4,STRIPE,via,226119,152080,227719,152560,1600,via3_1600x480
VSS,met2-met3,STRIPE,via,226119,152080,227719,152560,1600,via2_1600x480
VSS,met1-met2,STRIPE,via,226119,152080,227719,152560,1600,via_1600x480
VSS,met3-met4,STRIPE,via,198960,152080,200560,152560,1600,via3_1600x480
VSS,met2-met3,STRIPE,via,198960,152080,200560,152560,1600,via2_1600x480
VSS,met1-met2,STRIPE,via,198960,152080,200560,152560,1600,via_1600x480
VSS,met3-met4,STRIPE,via,171897,152080,173497,152560,1600,via3_1600x480
VSS,met2-met3,STRIPE,via,171897,152080,173497,152560,1600,via2_1600x480
VSS,met1-met2,STRIPE,via,171897,152080,173497,152560,1600,via_1600x480
VSS,met3-met4,STRIPE,via,145003,152080,146603,152560,1600,via3_1600x480
VSS,met2-met3,STRIPE,via,145003,152080,146603,152560,1600,via2_1600x480
VSS,met1-met2,STRIPE,via,145003,152080,146603,152560,1600,via_1600x480
VSS,met3-met4,STRIPE,via,118167,152080,119767,152560,1600,via3_1600x480
VSS,met2-met3,STRIPE,via,118167,152080,119767,152560,1600,via2_1600x480
VSS,met1-met2,STRIPE,via,118167,152080,119767,152560,1600,via_1600x480
VSS,met3-met4,STRIPE,via,90973,152080,92573,152560,1600,via3_1600x480
VSS,met2-met3,STRIPE,via,90973,152080,92573,152560,1600,via2_1600x480
VSS,met1-met2,STRIPE,via,90973,152080,92573,152560,1600,via_1600x480
VSS,met3-met4,STRIPE,via,63685,152080,65285,152560,1600,via3_1600x480
VSS,met2-met3,STRIPE,via,63685,152080,65285,152560,1600,via2_1600x480
VSS,met1-met2,STRIPE,via,63685,152080,65285,152560,1600,via_1600x480
VSS,met3-met4,STRIPE,via,36250,152080,37850,152560,1600,via3_1600x480
VSS,met2-met3,STRIPE,via,36250,152080,37850,152560,1600,via2_1600x480
VSS,met1-met2,STRIPE,via,36250,152080,37850,152560,1600,via_1600x480
VSS,met3-met4,STRIPE,via,253921,146640,255521,147120,1600,via3_1600x480
VSS,met2-met3,STRIPE,via,253921,146640,255521,147120,1600,via2_1600x480
VSS,met1-met2,STRIPE,via,253921,146640,255521,147120,1600,via_1600x480
VSS,met3-met4,STRIPE,via,226119,146640,227719,147120,1600,via3_1600x480
VSS,met2-met3,STRIPE,via,226119,146640,227719,147120,1600,via2_1600x480
VSS,met1-met2,STRIPE,via,226119,146640,227719,147120,1600,via_1600x480
VSS,met3-met4,STRIPE,via,198960,146640,200560,147120,1600,via3_1600x480
VSS,met2-met3,STRIPE,via,198960,146640,200560,147120,1600,via2_1600x480
VSS,met1-met2,STRIPE,via,198960,146640,200560,147120,1600,via_1600x480
VSS,met3-met4,STRIPE,via,171897,146640,173497,147120,1600,via3_1600x480
VSS,met2-met3,STRIPE,via,171897,146640,173497,147120,1600,via2_1600x480
VSS,met1-met2,STRIPE,via,171897,146640,173497,147120,1600,via_1600x480
VSS,met3-met4,STRIPE,via,145003,146640,146603,147120,1600,via3_1600x480
VSS,met2-met3,STRIPE,via,145003,146640,146603,147120,1600,via2_1600x480
VSS,met1-met2,STRIPE,via,145003,146640,146603,147120,1600,via_1600x480
VSS,met3-met4,STRIPE,via,118167,146640,119767,147120,1600,via3_1600x480
VSS,met2-met3,STRIPE,via,118167,146640,119767,147120,1600,via2_1600x480
VSS,met1-met2,STRIPE,via,118167,146640,119767,147120,1600,via_1600x480
VSS,met3-met4,STRIPE,via,90973,146640,92573,147120,1600,via3_1600x480
VSS,met2-met3,STRIPE,via,90973,146640,92573,147120,1600,via2_1600x480
VSS,met1-met2,STRIPE,via,90973,146640,92573,147120,1600,via_1600x480
VSS,met3-met4,STRIPE,via,63685,146640,65285,147120,1600,via3_1600x480
VSS,met2-met3,STRIPE,via,63685,146640,65285,147120,1600,via2_1600x480
VSS,met1-met2,STRIPE,via,63685,146640,65285,147120,1600,via_1600x480
VSS,met3-met4,STRIPE,via,36250,146640,37850,147120,1600,via3_1600x480
VSS,met2-met3,STRIPE,via,36250,146640,37850,147120,1600,via2_1600x480
VSS,met1-met2,STRIPE,via,36250,146640,37850,147120,1600,via_1600x480
VSS,met3-met4,STRIPE,via,253921,141200,255521,141680,1600,via3_1600x480
VSS,met2-met3,STRIPE,via,253921,141200,255521,141680,1600,via2_1600x480
VSS,met1-met2,STRIPE,via,253921,141200,255521,141680,1600,via_1600x480
VSS,met3-met4,STRIPE,via,226119,141200,227719,141680,1600,via3_1600x480
VSS,met2-met3,STRIPE,via,226119,141200,227719,141680,1600,via2_1600x480
VSS,met1-met2,STRIPE,via,226119,141200,227719,141680,1600,via_1600x480
VSS,met3-met4,STRIPE,via,198960,141200,200560,141680,1600,via3_1600x480
VSS,met2-met3,STRIPE,via,198960,141200,200560,141680,1600,via2_1600x480
VSS,met1-met2,STRIPE,via,198960,141200,200560,141680,1600,via_1600x480
VSS,met3-met4,STRIPE,via,171897,141200,173497,141680,1600,via3_1600x480
VSS,met2-met3,STRIPE,via,171897,141200,173497,141680,1600,via2_1600x480
VSS,met1-met2,STRIPE,via,171897,141200,173497,141680,1600,via_1600x480
VSS,met3-met4,STRIPE,via,145003,141200,146603,141680,1600,via3_1600x480
VSS,met2-met3,STRIPE,via,145003,141200,146603,141680,1600,via2_1600x480
VSS,met1-met2,STRIPE,via,145003,141200,146603,141680,1600,via_1600x480
VSS,met3-met4,STRIPE,via,118167,141200,119767,141680,1600,via3_1600x480
VSS,met2-met3,STRIPE,via,118167,141200,119767,141680,1600,via2_1600x480
VSS,met1-met2,STRIPE,via,118167,141200,119767,141680,1600,via_1600x480
VSS,met3-met4,STRIPE,via,90973,141200,92573,141680,1600,via3_1600x480
VSS,met2-met3,STRIPE,via,90973,141200,92573,141680,1600,via2_1600x480
VSS,met1-met2,STRIPE,via,90973,141200,92573,141680,1600,via_1600x480
VSS,met3-met4,STRIPE,via,63685,141200,65285,141680,1600,via3_1600x480
VSS,met2-met3,STRIPE,via,63685,141200,65285,141680,1600,via2_1600x480
VSS,met1-met2,STRIPE,via,63685,141200,65285,141680,1600,via_1600x480
VSS,met3-met4,STRIPE,via,36250,141200,37850,141680,1600,via3_1600x480
VSS,met2-met3,STRIPE,via,36250,141200,37850,141680,1600,via2_1600x480
VSS,met1-met2,STRIPE,via,36250,141200,37850,141680,1600,via_1600x480
VSS,met3-met4,STRIPE,via,253921,135760,255521,136240,1600,via3_1600x480
VSS,met2-met3,STRIPE,via,253921,135760,255521,136240,1600,via2_1600x480
VSS,met1-met2,STRIPE,via,253921,135760,255521,136240,1600,via_1600x480
VSS,met3-met4,STRIPE,via,226119,135760,227719,136240,1600,via3_1600x480
VSS,met2-met3,STRIPE,via,226119,135760,227719,136240,1600,via2_1600x480
VSS,met1-met2,STRIPE,via,226119,135760,227719,136240,1600,via_1600x480
VSS,met3-met4,STRIPE,via,198960,135760,200560,136240,1600,via3_1600x480
VSS,met2-met3,STRIPE,via,198960,135760,200560,136240,1600,via2_1600x480
VSS,met1-met2,STRIPE,via,198960,135760,200560,136240,1600,via_1600x480
VSS,met3-met4,STRIPE,via,171897,135760,173497,136240,1600,via3_1600x480
VSS,met2-met3,STRIPE,via,171897,135760,173497,136240,1600,via2_1600x480
VSS,met1-met2,STRIPE,via,171897,135760,173497,136240,1600,via_1600x480
VSS,met3-met4,STRIPE,via,145003,135760,146603,136240,1600,via3_1600x480
VSS,met2-met3,STRIPE,via,145003,135760,146603,136240,1600,via2_1600x480
VSS,met1-met2,STRIPE,via,145003,135760,146603,136240,1600,via_1600x480
VSS,met3-met4,STRIPE,via,118167,135760,119767,136240,1600,via3_1600x480
VSS,met2-met3,STRIPE,via,118167,135760,119767,136240,1600,via2_1600x480
VSS,met1-met2,STRIPE,via,118167,135760,119767,136240,1600,via_1600x480
VSS,met3-met4,STRIPE,via,90973,135760,92573,136240,1600,via3_1600x480
VSS,met2-met3,STRIPE,via,90973,135760,92573,136240,1600,via2_1600x480
VSS,met1-met2,STRIPE,via,90973,135760,92573,136240,1600,via_1600x480
VSS,met3-met4,STRIPE,via,63685,135760,65285,136240,1600,via3_1600x480
VSS,met2-met3,STRIPE,via,63685,135760,65285,136240,1600,via2_1600x480
VSS,met1-met2,STRIPE,via,63685,135760,65285,136240,1600,via_1600x480
VSS,met3-met4,STRIPE,via,36250,135760,37850,136240,1600,via3_1600x480
VSS,met2-met3,STRIPE,via,36250,135760,37850,136240,1600,via2_1600x480
VSS,met1-met2,STRIPE,via,36250,135760,37850,136240,1600,via_1600x480
VSS,met3-met4,STRIPE,via,253921,130320,255521,130800,1600,via3_1600x480
VSS,met2-met3,STRIPE,via,253921,130320,255521,130800,1600,via2_1600x480
VSS,met1-met2,STRIPE,via,253921,130320,255521,130800,1600,via_1600x480
VSS,met3-met4,STRIPE,via,226119,130320,227719,130800,1600,via3_1600x480
VSS,met2-met3,STRIPE,via,226119,130320,227719,130800,1600,via2_1600x480
VSS,met1-met2,STRIPE,via,226119,130320,227719,130800,1600,via_1600x480
VSS,met3-met4,STRIPE,via,198960,130320,200560,130800,1600,via3_1600x480
VSS,met2-met3,STRIPE,via,198960,130320,200560,130800,1600,via2_1600x480
VSS,met1-met2,STRIPE,via,198960,130320,200560,130800,1600,via_1600x480
VSS,met3-met4,STRIPE,via,171897,130320,173497,130800,1600,via3_1600x480
VSS,met2-met3,STRIPE,via,171897,130320,173497,130800,1600,via2_1600x480
VSS,met1-met2,STRIPE,via,171897,130320,173497,130800,1600,via_1600x480
VSS,met3-met4,STRIPE,via,145003,130320,146603,130800,1600,via3_1600x480
VSS,met2-met3,STRIPE,via,145003,130320,146603,130800,1600,via2_1600x480
VSS,met1-met2,STRIPE,via,145003,130320,146603,130800,1600,via_1600x480
VSS,met3-met4,STRIPE,via,118167,130320,119767,130800,1600,via3_1600x480
VSS,met2-met3,STRIPE,via,118167,130320,119767,130800,1600,via2_1600x480
VSS,met1-met2,STRIPE,via,118167,130320,119767,130800,1600,via_1600x480
VSS,met3-met4,STRIPE,via,90973,130320,92573,130800,1600,via3_1600x480
VSS,met2-met3,STRIPE,via,90973,130320,92573,130800,1600,via2_1600x480
VSS,met1-met2,STRIPE,via,90973,130320,92573,130800,1600,via_1600x480
VSS,met3-met4,STRIPE,via,63685,130320,65285,130800,1600,via3_1600x480
VSS,met2-met3,STRIPE,via,63685,130320,65285,130800,1600,via2_1600x480
VSS,met1-met2,STRIPE,via,63685,130320,65285,130800,1600,via_1600x480
VSS,met3-met4,STRIPE,via,36250,130320,37850,130800,1600,via3_1600x480
VSS,met2-met3,STRIPE,via,36250,130320,37850,130800,1600,via2_1600x480
VSS,met1-met2,STRIPE,via,36250,130320,37850,130800,1600,via_1600x480
VSS,met3-met4,STRIPE,via,253921,124880,255521,125360,1600,via3_1600x480
VSS,met2-met3,STRIPE,via,253921,124880,255521,125360,1600,via2_1600x480
VSS,met1-met2,STRIPE,via,253921,124880,255521,125360,1600,via_1600x480
VSS,met3-met4,STRIPE,via,226119,124880,227719,125360,1600,via3_1600x480
VSS,met2-met3,STRIPE,via,226119,124880,227719,125360,1600,via2_1600x480
VSS,met1-met2,STRIPE,via,226119,124880,227719,125360,1600,via_1600x480
VSS,met3-met4,STRIPE,via,198960,124880,200560,125360,1600,via3_1600x480
VSS,met2-met3,STRIPE,via,198960,124880,200560,125360,1600,via2_1600x480
VSS,met1-met2,STRIPE,via,198960,124880,200560,125360,1600,via_1600x480
VSS,met3-met4,STRIPE,via,171897,124880,173497,125360,1600,via3_1600x480
VSS,met2-met3,STRIPE,via,171897,124880,173497,125360,1600,via2_1600x480
VSS,met1-met2,STRIPE,via,171897,124880,173497,125360,1600,via_1600x480
VSS,met3-met4,STRIPE,via,145003,124880,146603,125360,1600,via3_1600x480
VSS,met2-met3,STRIPE,via,145003,124880,146603,125360,1600,via2_1600x480
VSS,met1-met2,STRIPE,via,145003,124880,146603,125360,1600,via_1600x480
VSS,met3-met4,STRIPE,via,118167,124880,119767,125360,1600,via3_1600x480
VSS,met2-met3,STRIPE,via,118167,124880,119767,125360,1600,via2_1600x480
VSS,met1-met2,STRIPE,via,118167,124880,119767,125360,1600,via_1600x480
VSS,met3-met4,STRIPE,via,90973,124880,92573,125360,1600,via3_1600x480
VSS,met2-met3,STRIPE,via,90973,124880,92573,125360,1600,via2_1600x480
VSS,met1-met2,STRIPE,via,90973,124880,92573,125360,1600,via_1600x480
VSS,met3-met4,STRIPE,via,63685,124880,65285,125360,1600,via3_1600x480
VSS,met2-met3,STRIPE,via,63685,124880,65285,125360,1600,via2_1600x480
VSS,met1-met2,STRIPE,via,63685,124880,65285,125360,1600,via_1600x480
VSS,met3-met4,STRIPE,via,36250,124880,37850,125360,1600,via3_1600x480
VSS,met2-met3,STRIPE,via,36250,124880,37850,125360,1600,via2_1600x480
VSS,met1-met2,STRIPE,via,36250,124880,37850,125360,1600,via_1600x480
VSS,met3-met4,STRIPE,via,253921,119440,255521,119920,1600,via3_1600x480
VSS,met2-met3,STRIPE,via,253921,119440,255521,119920,1600,via2_1600x480
VSS,met1-met2,STRIPE,via,253921,119440,255521,119920,1600,via_1600x480
VSS,met3-met4,STRIPE,via,226119,119440,227719,119920,1600,via3_1600x480
VSS,met2-met3,STRIPE,via,226119,119440,227719,119920,1600,via2_1600x480
VSS,met1-met2,STRIPE,via,226119,119440,227719,119920,1600,via_1600x480
VSS,met3-met4,STRIPE,via,198960,119440,200560,119920,1600,via3_1600x480
VSS,met2-met3,STRIPE,via,198960,119440,200560,119920,1600,via2_1600x480
VSS,met1-met2,STRIPE,via,198960,119440,200560,119920,1600,via_1600x480
VSS,met3-met4,STRIPE,via,171897,119440,173497,119920,1600,via3_1600x480
VSS,met2-met3,STRIPE,via,171897,119440,173497,119920,1600,via2_1600x480
VSS,met1-met2,STRIPE,via,171897,119440,173497,119920,1600,via_1600x480
VSS,met3-met4,STRIPE,via,145003,119440,146603,119920,1600,via3_1600x480
VSS,met2-met3,STRIPE,via,145003,119440,146603,119920,1600,via2_1600x480
VSS,met1-met2,STRIPE,via,145003,119440,146603,119920,1600,via_1600x480
VSS,met3-met4,STRIPE,via,118167,119440,119767,119920,1600,via3_1600x480
VSS,met2-met3,STRIPE,via,118167,119440,119767,119920,1600,via2_1600x480
VSS,met1-met2,STRIPE,via,118167,119440,119767,119920,1600,via_1600x480
VSS,met3-met4,STRIPE,via,90973,119440,92573,119920,1600,via3_1600x480
VSS,met2-met3,STRIPE,via,90973,119440,92573,119920,1600,via2_1600x480
VSS,met1-met2,STRIPE,via,90973,119440,92573,119920,1600,via_1600x480
VSS,met3-met4,STRIPE,via,63685,119440,65285,119920,1600,via3_1600x480
VSS,met2-met3,STRIPE,via,63685,119440,65285,119920,1600,via2_1600x480
VSS,met1-met2,STRIPE,via,63685,119440,65285,119920,1600,via_1600x480
VSS,met3-met4,STRIPE,via,36250,119440,37850,119920,1600,via3_1600x480
VSS,met2-met3,STRIPE,via,36250,119440,37850,119920,1600,via2_1600x480
VSS,met1-met2,STRIPE,via,36250,119440,37850,119920,1600,via_1600x480
VSS,met3-met4,STRIPE,via,253921,114000,255521,114480,1600,via3_1600x480
VSS,met2-met3,STRIPE,via,253921,114000,255521,114480,1600,via2_1600x480
VSS,met1-met2,STRIPE,via,253921,114000,255521,114480,1600,via_1600x480
VSS,met3-met4,STRIPE,via,226119,114000,227719,114480,1600,via3_1600x480
VSS,met2-met3,STRIPE,via,226119,114000,227719,114480,1600,via2_1600x480
VSS,met1-met2,STRIPE,via,226119,114000,227719,114480,1600,via_1600x480
VSS,met3-met4,STRIPE,via,198960,114000,200560,114480,1600,via3_1600x480
VSS,met2-met3,STRIPE,via,198960,114000,200560,114480,1600,via2_1600x480
VSS,met1-met2,STRIPE,via,198960,114000,200560,114480,1600,via_1600x480
VSS,met3-met4,STRIPE,via,171897,114000,173497,114480,1600,via3_1600x480
VSS,met2-met3,STRIPE,via,171897,114000,173497,114480,1600,via2_1600x480
VSS,met1-met2,STRIPE,via,171897,114000,173497,114480,1600,via_1600x480
VSS,met3-met4,STRIPE,via,145003,114000,146603,114480,1600,via3_1600x480
VSS,met2-met3,STRIPE,via,145003,114000,146603,114480,1600,via2_1600x480
VSS,met1-met2,STRIPE,via,145003,114000,146603,114480,1600,via_1600x480
VSS,met3-met4,STRIPE,via,118167,114000,119767,114480,1600,via3_1600x480
VSS,met2-met3,STRIPE,via,118167,114000,119767,114480,1600,via2_1600x480
VSS,met1-met2,STRIPE,via,118167,114000,119767,114480,1600,via_1600x480
VSS,met3-met4,STRIPE,via,90973,114000,92573,114480,1600,via3_1600x480
VSS,met2-met3,STRIPE,via,90973,114000,92573,114480,1600,via2_1600x480
VSS,met1-met2,STRIPE,via,90973,114000,92573,114480,1600,via_1600x480
VSS,met3-met4,STRIPE,via,63685,114000,65285,114480,1600,via3_1600x480
VSS,met2-met3,STRIPE,via,63685,114000,65285,114480,1600,via2_1600x480
VSS,met1-met2,STRIPE,via,63685,114000,65285,114480,1600,via_1600x480
VSS,met3-met4,STRIPE,via,36250,114000,37850,114480,1600,via3_1600x480
VSS,met2-met3,STRIPE,via,36250,114000,37850,114480,1600,via2_1600x480
VSS,met1-met2,STRIPE,via,36250,114000,37850,114480,1600,via_1600x480
VSS,met3-met4,STRIPE,via,253921,108560,255521,109040,1600,via3_1600x480
VSS,met2-met3,STRIPE,via,253921,108560,255521,109040,1600,via2_1600x480
VSS,met1-met2,STRIPE,via,253921,108560,255521,109040,1600,via_1600x480
VSS,met3-met4,STRIPE,via,226119,108560,227719,109040,1600,via3_1600x480
VSS,met2-met3,STRIPE,via,226119,108560,227719,109040,1600,via2_1600x480
VSS,met1-met2,STRIPE,via,226119,108560,227719,109040,1600,via_1600x480
VSS,met3-met4,STRIPE,via,198960,108560,200560,109040,1600,via3_1600x480
VSS,met2-met3,STRIPE,via,198960,108560,200560,109040,1600,via2_1600x480
VSS,met1-met2,STRIPE,via,198960,108560,200560,109040,1600,via_1600x480
VSS,met3-met4,STRIPE,via,171897,108560,173497,109040,1600,via3_1600x480
VSS,met2-met3,STRIPE,via,171897,108560,173497,109040,1600,via2_1600x480
VSS,met1-met2,STRIPE,via,171897,108560,173497,109040,1600,via_1600x480
VSS,met3-met4,STRIPE,via,145003,108560,146603,109040,1600,via3_1600x480
VSS,met2-met3,STRIPE,via,145003,108560,146603,109040,1600,via2_1600x480
VSS,met1-met2,STRIPE,via,145003,108560,146603,109040,1600,via_1600x480
VSS,met3-met4,STRIPE,via,118167,108560,119767,109040,1600,via3_1600x480
VSS,met2-met3,STRIPE,via,118167,108560,119767,109040,1600,via2_1600x480
VSS,met1-met2,STRIPE,via,118167,108560,119767,109040,1600,via_1600x480
VSS,met3-met4,STRIPE,via,90973,108560,92573,109040,1600,via3_1600x480
VSS,met2-met3,STRIPE,via,90973,108560,92573,109040,1600,via2_1600x480
VSS,met1-met2,STRIPE,via,90973,108560,92573,109040,1600,via_1600x480
VSS,met3-met4,STRIPE,via,63685,108560,65285,109040,1600,via3_1600x480
VSS,met2-met3,STRIPE,via,63685,108560,65285,109040,1600,via2_1600x480
VSS,met1-met2,STRIPE,via,63685,108560,65285,109040,1600,via_1600x480
VSS,met3-met4,STRIPE,via,36250,108560,37850,109040,1600,via3_1600x480
VSS,met2-met3,STRIPE,via,36250,108560,37850,109040,1600,via2_1600x480
VSS,met1-met2,STRIPE,via,36250,108560,37850,109040,1600,via_1600x480
VSS,met3-met4,STRIPE,via,253921,103120,255521,103600,1600,via3_1600x480
VSS,met2-met3,STRIPE,via,253921,103120,255521,103600,1600,via2_1600x480
VSS,met1-met2,STRIPE,via,253921,103120,255521,103600,1600,via_1600x480
VSS,met3-met4,STRIPE,via,226119,103120,227719,103600,1600,via3_1600x480
VSS,met2-met3,STRIPE,via,226119,103120,227719,103600,1600,via2_1600x480
VSS,met1-met2,STRIPE,via,226119,103120,227719,103600,1600,via_1600x480
VSS,met3-met4,STRIPE,via,198960,103120,200560,103600,1600,via3_1600x480
VSS,met2-met3,STRIPE,via,198960,103120,200560,103600,1600,via2_1600x480
VSS,met1-met2,STRIPE,via,198960,103120,200560,103600,1600,via_1600x480
VSS,met3-met4,STRIPE,via,171897,103120,173497,103600,1600,via3_1600x480
VSS,met2-met3,STRIPE,via,171897,103120,173497,103600,1600,via2_1600x480
VSS,met1-met2,STRIPE,via,171897,103120,173497,103600,1600,via_1600x480
VSS,met3-met4,STRIPE,via,145003,103120,146603,103600,1600,via3_1600x480
VSS,met2-met3,STRIPE,via,145003,103120,146603,103600,1600,via2_1600x480
VSS,met1-met2,STRIPE,via,145003,103120,146603,103600,1600,via_1600x480
VSS,met3-met4,STRIPE,via,118167,103120,119767,103600,1600,via3_1600x480
VSS,met2-met3,STRIPE,via,118167,103120,119767,103600,1600,via2_1600x480
VSS,met1-met2,STRIPE,via,118167,103120,119767,103600,1600,via_1600x480
VSS,met3-met4,STRIPE,via,90973,103120,92573,103600,1600,via3_1600x480
VSS,met2-met3,STRIPE,via,90973,103120,92573,103600,1600,via2_1600x480
VSS,met1-met2,STRIPE,via,90973,103120,92573,103600,1600,via_1600x480
VSS,met3-met4,STRIPE,via,63685,103120,65285,103600,1600,via3_1600x480
VSS,met2-met3,STRIPE,via,63685,103120,65285,103600,1600,via2_1600x480
VSS,met1-met2,STRIPE,via,63685,103120,65285,103600,1600,via_1600x480
VSS,met3-met4,STRIPE,via,36250,103120,37850,103600,1600,via3_1600x480
VSS,met2-met3,STRIPE,via,36250,103120,37850,103600,1600,via2_1600x480
VSS,met1-met2,STRIPE,via,36250,103120,37850,103600,1600,via_1600x480
VSS,met3-met4,STRIPE,via,253921,97680,255521,98160,1600,via3_1600x480
VSS,met2-met3,STRIPE,via,253921,97680,255521,98160,1600,via2_1600x480
VSS,met1-met2,STRIPE,via,253921,97680,255521,98160,1600,via_1600x480
VSS,met3-met4,STRIPE,via,226119,97680,227719,98160,1600,via3_1600x480
VSS,met2-met3,STRIPE,via,226119,97680,227719,98160,1600,via2_1600x480
VSS,met1-met2,STRIPE,via,226119,97680,227719,98160,1600,via_1600x480
VSS,met3-met4,STRIPE,via,198960,97680,200560,98160,1600,via3_1600x480
VSS,met2-met3,STRIPE,via,198960,97680,200560,98160,1600,via2_1600x480
VSS,met1-met2,STRIPE,via,198960,97680,200560,98160,1600,via_1600x480
VSS,met3-met4,STRIPE,via,171897,97680,173497,98160,1600,via3_1600x480
VSS,met2-met3,STRIPE,via,171897,97680,173497,98160,1600,via2_1600x480
VSS,met1-met2,STRIPE,via,171897,97680,173497,98160,1600,via_1600x480
VSS,met3-met4,STRIPE,via,145003,97680,146603,98160,1600,via3_1600x480
VSS,met2-met3,STRIPE,via,145003,97680,146603,98160,1600,via2_1600x480
VSS,met1-met2,STRIPE,via,145003,97680,146603,98160,1600,via_1600x480
VSS,met3-met4,STRIPE,via,118167,97680,119767,98160,1600,via3_1600x480
VSS,met2-met3,STRIPE,via,118167,97680,119767,98160,1600,via2_1600x480
VSS,met1-met2,STRIPE,via,118167,97680,119767,98160,1600,via_1600x480
VSS,met3-met4,STRIPE,via,90973,97680,92573,98160,1600,via3_1600x480
VSS,met2-met3,STRIPE,via,90973,97680,92573,98160,1600,via2_1600x480
VSS,met1-met2,STRIPE,via,90973,97680,92573,98160,1600,via_1600x480
VSS,met3-met4,STRIPE,via,63685,97680,65285,98160,1600,via3_1600x480
VSS,met2-met3,STRIPE,via,63685,97680,65285,98160,1600,via2_1600x480
VSS,met1-met2,STRIPE,via,63685,97680,65285,98160,1600,via_1600x480
VSS,met3-met4,STRIPE,via,36250,97680,37850,98160,1600,via3_1600x480
VSS,met2-met3,STRIPE,via,36250,97680,37850,98160,1600,via2_1600x480
VSS,met1-met2,STRIPE,via,36250,97680,37850,98160,1600,via_1600x480
VSS,met3-met4,STRIPE,via,253921,92240,255521,92720,1600,via3_1600x480
VSS,met2-met3,STRIPE,via,253921,92240,255521,92720,1600,via2_1600x480
VSS,met1-met2,STRIPE,via,253921,92240,255521,92720,1600,via_1600x480
VSS,met3-met4,STRIPE,via,226119,92240,227719,92720,1600,via3_1600x480
VSS,met2-met3,STRIPE,via,226119,92240,227719,92720,1600,via2_1600x480
VSS,met1-met2,STRIPE,via,226119,92240,227719,92720,1600,via_1600x480
VSS,met3-met4,STRIPE,via,198960,92240,200560,92720,1600,via3_1600x480
VSS,met2-met3,STRIPE,via,198960,92240,200560,92720,1600,via2_1600x480
VSS,met1-met2,STRIPE,via,198960,92240,200560,92720,1600,via_1600x480
VSS,met3-met4,STRIPE,via,171897,92240,173497,92720,1600,via3_1600x480
VSS,met2-met3,STRIPE,via,171897,92240,173497,92720,1600,via2_1600x480
VSS,met1-met2,STRIPE,via,171897,92240,173497,92720,1600,via_1600x480
VSS,met3-met4,STRIPE,via,145003,92240,146603,92720,1600,via3_1600x480
VSS,met2-met3,STRIPE,via,145003,92240,146603,92720,1600,via2_1600x480
VSS,met1-met2,STRIPE,via,145003,92240,146603,92720,1600,via_1600x480
VSS,met3-met4,STRIPE,via,118167,92240,119767,92720,1600,via3_1600x480
VSS,met2-met3,STRIPE,via,118167,92240,119767,92720,1600,via2_1600x480
VSS,met1-met2,STRIPE,via,118167,92240,119767,92720,1600,via_1600x480
VSS,met3-met4,STRIPE,via,90973,92240,92573,92720,1600,via3_1600x480
VSS,met2-met3,STRIPE,via,90973,92240,92573,92720,1600,via2_1600x480
VSS,met1-met2,STRIPE,via,90973,92240,92573,92720,1600,via_1600x480
VSS,met3-met4,STRIPE,via,63685,92240,65285,92720,1600,via3_1600x480
VSS,met2-met3,STRIPE,via,63685,92240,65285,92720,1600,via2_1600x480
VSS,met1-met2,STRIPE,via,63685,92240,65285,92720,1600,via_1600x480
VSS,met3-met4,STRIPE,via,36250,92240,37850,92720,1600,via3_1600x480
VSS,met2-met3,STRIPE,via,36250,92240,37850,92720,1600,via2_1600x480
VSS,met1-met2,STRIPE,via,36250,92240,37850,92720,1600,via_1600x480
VSS,met3-met4,STRIPE,via,253921,86800,255521,87280,1600,via3_1600x480
VSS,met2-met3,STRIPE,via,253921,86800,255521,87280,1600,via2_1600x480
VSS,met1-met2,STRIPE,via,253921,86800,255521,87280,1600,via_1600x480
VSS,met3-met4,STRIPE,via,226119,86800,227719,87280,1600,via3_1600x480
VSS,met2-met3,STRIPE,via,226119,86800,227719,87280,1600,via2_1600x480
VSS,met1-met2,STRIPE,via,226119,86800,227719,87280,1600,via_1600x480
VSS,met3-met4,STRIPE,via,198960,86800,200560,87280,1600,via3_1600x480
VSS,met2-met3,STRIPE,via,198960,86800,200560,87280,1600,via2_1600x480
VSS,met1-met2,STRIPE,via,198960,86800,200560,87280,1600,via_1600x480
VSS,met3-met4,STRIPE,via,171897,86800,173497,87280,1600,via3_1600x480
VSS,met2-met3,STRIPE,via,171897,86800,173497,87280,1600,via2_1600x480
VSS,met1-met2,STRIPE,via,171897,86800,173497,87280,1600,via_1600x480
VSS,met3-met4,STRIPE,via,145003,86800,146603,87280,1600,via3_1600x480
VSS,met2-met3,STRIPE,via,145003,86800,146603,87280,1600,via2_1600x480
VSS,met1-met2,STRIPE,via,145003,86800,146603,87280,1600,via_1600x480
VSS,met3-met4,STRIPE,via,118167,86800,119767,87280,1600,via3_1600x480
VSS,met2-met3,STRIPE,via,118167,86800,119767,87280,1600,via2_1600x480
VSS,met1-met2,STRIPE,via,118167,86800,119767,87280,1600,via_1600x480
VSS,met3-met4,STRIPE,via,90973,86800,92573,87280,1600,via3_1600x480
VSS,met2-met3,STRIPE,via,90973,86800,92573,87280,1600,via2_1600x480
VSS,met1-met2,STRIPE,via,90973,86800,92573,87280,1600,via_1600x480
VSS,met3-met4,STRIPE,via,63685,86800,65285,87280,1600,via3_1600x480
VSS,met2-met3,STRIPE,via,63685,86800,65285,87280,1600,via2_1600x480
VSS,met1-met2,STRIPE,via,63685,86800,65285,87280,1600,via_1600x480
VSS,met3-met4,STRIPE,via,36250,86800,37850,87280,1600,via3_1600x480
VSS,met2-met3,STRIPE,via,36250,86800,37850,87280,1600,via2_1600x480
VSS,met1-met2,STRIPE,via,36250,86800,37850,87280,1600,via_1600x480
VSS,met3-met4,STRIPE,via,253921,81360,255521,81840,1600,via3_1600x480
VSS,met2-met3,STRIPE,via,253921,81360,255521,81840,1600,via2_1600x480
VSS,met1-met2,STRIPE,via,253921,81360,255521,81840,1600,via_1600x480
VSS,met3-met4,STRIPE,via,226119,81360,227719,81840,1600,via3_1600x480
VSS,met2-met3,STRIPE,via,226119,81360,227719,81840,1600,via2_1600x480
VSS,met1-met2,STRIPE,via,226119,81360,227719,81840,1600,via_1600x480
VSS,met3-met4,STRIPE,via,198960,81360,200560,81840,1600,via3_1600x480
VSS,met2-met3,STRIPE,via,198960,81360,200560,81840,1600,via2_1600x480
VSS,met1-met2,STRIPE,via,198960,81360,200560,81840,1600,via_1600x480
VSS,met3-met4,STRIPE,via,171897,81360,173497,81840,1600,via3_1600x480
VSS,met2-met3,STRIPE,via,171897,81360,173497,81840,1600,via2_1600x480
VSS,met1-met2,STRIPE,via,171897,81360,173497,81840,1600,via_1600x480
VSS,met3-met4,STRIPE,via,145003,81360,146603,81840,1600,via3_1600x480
VSS,met2-met3,STRIPE,via,145003,81360,146603,81840,1600,via2_1600x480
VSS,met1-met2,STRIPE,via,145003,81360,146603,81840,1600,via_1600x480
VSS,met3-met4,STRIPE,via,118167,81360,119767,81840,1600,via3_1600x480
VSS,met2-met3,STRIPE,via,118167,81360,119767,81840,1600,via2_1600x480
VSS,met1-met2,STRIPE,via,118167,81360,119767,81840,1600,via_1600x480
VSS,met3-met4,STRIPE,via,90973,81360,92573,81840,1600,via3_1600x480
VSS,met2-met3,STRIPE,via,90973,81360,92573,81840,1600,via2_1600x480
VSS,met1-met2,STRIPE,via,90973,81360,92573,81840,1600,via_1600x480
VSS,met3-met4,STRIPE,via,63685,81360,65285,81840,1600,via3_1600x480
VSS,met2-met3,STRIPE,via,63685,81360,65285,81840,1600,via2_1600x480
VSS,met1-met2,STRIPE,via,63685,81360,65285,81840,1600,via_1600x480
VSS,met3-met4,STRIPE,via,36250,81360,37850,81840,1600,via3_1600x480
VSS,met2-met3,STRIPE,via,36250,81360,37850,81840,1600,via2_1600x480
VSS,met1-met2,STRIPE,via,36250,81360,37850,81840,1600,via_1600x480
VSS,met3-met4,STRIPE,via,253921,75920,255521,76400,1600,via3_1600x480
VSS,met2-met3,STRIPE,via,253921,75920,255521,76400,1600,via2_1600x480
VSS,met1-met2,STRIPE,via,253921,75920,255521,76400,1600,via_1600x480
VSS,met3-met4,STRIPE,via,226119,75920,227719,76400,1600,via3_1600x480
VSS,met2-met3,STRIPE,via,226119,75920,227719,76400,1600,via2_1600x480
VSS,met1-met2,STRIPE,via,226119,75920,227719,76400,1600,via_1600x480
VSS,met3-met4,STRIPE,via,198960,75920,200560,76400,1600,via3_1600x480
VSS,met2-met3,STRIPE,via,198960,75920,200560,76400,1600,via2_1600x480
VSS,met1-met2,STRIPE,via,198960,75920,200560,76400,1600,via_1600x480
VSS,met3-met4,STRIPE,via,171897,75920,173497,76400,1600,via3_1600x480
VSS,met2-met3,STRIPE,via,171897,75920,173497,76400,1600,via2_1600x480
VSS,met1-met2,STRIPE,via,171897,75920,173497,76400,1600,via_1600x480
VSS,met3-met4,STRIPE,via,145003,75920,146603,76400,1600,via3_1600x480
VSS,met2-met3,STRIPE,via,145003,75920,146603,76400,1600,via2_1600x480
VSS,met1-met2,STRIPE,via,145003,75920,146603,76400,1600,via_1600x480
VSS,met3-met4,STRIPE,via,118167,75920,119767,76400,1600,via3_1600x480
VSS,met2-met3,STRIPE,via,118167,75920,119767,76400,1600,via2_1600x480
VSS,met1-met2,STRIPE,via,118167,75920,119767,76400,1600,via_1600x480
VSS,met3-met4,STRIPE,via,90973,75920,92573,76400,1600,via3_1600x480
VSS,met2-met3,STRIPE,via,90973,75920,92573,76400,1600,via2_1600x480
VSS,met1-met2,STRIPE,via,90973,75920,92573,76400,1600,via_1600x480
VSS,met3-met4,STRIPE,via,63685,75920,65285,76400,1600,via3_1600x480
VSS,met2-met3,STRIPE,via,63685,75920,65285,76400,1600,via2_1600x480
VSS,met1-met2,STRIPE,via,63685,75920,65285,76400,1600,via_1600x480
VSS,met3-met4,STRIPE,via,36250,75920,37850,76400,1600,via3_1600x480
VSS,met2-met3,STRIPE,via,36250,75920,37850,76400,1600,via2_1600x480
VSS,met1-met2,STRIPE,via,36250,75920,37850,76400,1600,via_1600x480
VSS,met3-met4,STRIPE,via,253921,70480,255521,70960,1600,via3_1600x480
VSS,met2-met3,STRIPE,via,253921,70480,255521,70960,1600,via2_1600x480
VSS,met1-met2,STRIPE,via,253921,70480,255521,70960,1600,via_1600x480
VSS,met3-met4,STRIPE,via,226119,70480,227719,70960,1600,via3_1600x480
VSS,met2-met3,STRIPE,via,226119,70480,227719,70960,1600,via2_1600x480
VSS,met1-met2,STRIPE,via,226119,70480,227719,70960,1600,via_1600x480
VSS,met3-met4,STRIPE,via,198960,70480,200560,70960,1600,via3_1600x480
VSS,met2-met3,STRIPE,via,198960,70480,200560,70960,1600,via2_1600x480
VSS,met1-met2,STRIPE,via,198960,70480,200560,70960,1600,via_1600x480
VSS,met3-met4,STRIPE,via,171897,70480,173497,70960,1600,via3_1600x480
VSS,met2-met3,STRIPE,via,171897,70480,173497,70960,1600,via2_1600x480
VSS,met1-met2,STRIPE,via,171897,70480,173497,70960,1600,via_1600x480
VSS,met3-met4,STRIPE,via,145003,70480,146603,70960,1600,via3_1600x480
VSS,met2-met3,STRIPE,via,145003,70480,146603,70960,1600,via2_1600x480
VSS,met1-met2,STRIPE,via,145003,70480,146603,70960,1600,via_1600x480
VSS,met3-met4,STRIPE,via,118167,70480,119767,70960,1600,via3_1600x480
VSS,met2-met3,STRIPE,via,118167,70480,119767,70960,1600,via2_1600x480
VSS,met1-met2,STRIPE,via,118167,70480,119767,70960,1600,via_1600x480
VSS,met3-met4,STRIPE,via,90973,70480,92573,70960,1600,via3_1600x480
VSS,met2-met3,STRIPE,via,90973,70480,92573,70960,1600,via2_1600x480
VSS,met1-met2,STRIPE,via,90973,70480,92573,70960,1600,via_1600x480
VSS,met3-met4,STRIPE,via,63685,70480,65285,70960,1600,via3_1600x480
VSS,met2-met3,STRIPE,via,63685,70480,65285,70960,1600,via2_1600x480
VSS,met1-met2,STRIPE,via,63685,70480,65285,70960,1600,via_1600x480
VSS,met3-met4,STRIPE,via,36250,70480,37850,70960,1600,via3_1600x480
VSS,met2-met3,STRIPE,via,36250,70480,37850,70960,1600,via2_1600x480
VSS,met1-met2,STRIPE,via,36250,70480,37850,70960,1600,via_1600x480
VSS,met3-met4,STRIPE,via,253921,65040,255521,65520,1600,via3_1600x480
VSS,met2-met3,STRIPE,via,253921,65040,255521,65520,1600,via2_1600x480
VSS,met1-met2,STRIPE,via,253921,65040,255521,65520,1600,via_1600x480
VSS,met3-met4,STRIPE,via,226119,65040,227719,65520,1600,via3_1600x480
VSS,met2-met3,STRIPE,via,226119,65040,227719,65520,1600,via2_1600x480
VSS,met1-met2,STRIPE,via,226119,65040,227719,65520,1600,via_1600x480
VSS,met3-met4,STRIPE,via,198960,65040,200560,65520,1600,via3_1600x480
VSS,met2-met3,STRIPE,via,198960,65040,200560,65520,1600,via2_1600x480
VSS,met1-met2,STRIPE,via,198960,65040,200560,65520,1600,via_1600x480
VSS,met3-met4,STRIPE,via,171897,65040,173497,65520,1600,via3_1600x480
VSS,met2-met3,STRIPE,via,171897,65040,173497,65520,1600,via2_1600x480
VSS,met1-met2,STRIPE,via,171897,65040,173497,65520,1600,via_1600x480
VSS,met3-met4,STRIPE,via,145003,65040,146603,65520,1600,via3_1600x480
VSS,met2-met3,STRIPE,via,145003,65040,146603,65520,1600,via2_1600x480
VSS,met1-met2,STRIPE,via,145003,65040,146603,65520,1600,via_1600x480
VSS,met3-met4,STRIPE,via,118167,65040,119767,65520,1600,via3_1600x480
VSS,met2-met3,STRIPE,via,118167,65040,119767,65520,1600,via2_1600x480
VSS,met1-met2,STRIPE,via,118167,65040,119767,65520,1600,via_1600x480
VSS,met3-met4,STRIPE,via,90973,65040,92573,65520,1600,via3_1600x480
VSS,met2-met3,STRIPE,via,90973,65040,92573,65520,1600,via2_1600x480
VSS,met1-met2,STRIPE,via,90973,65040,92573,65520,1600,via_1600x480
VSS,met3-met4,STRIPE,via,63685,65040,65285,65520,1600,via3_1600x480
VSS,met2-met3,STRIPE,via,63685,65040,65285,65520,1600,via2_1600x480
VSS,met1-met2,STRIPE,via,63685,65040,65285,65520,1600,via_1600x480
VSS,met3-met4,STRIPE,via,36250,65040,37850,65520,1600,via3_1600x480
VSS,met2-met3,STRIPE,via,36250,65040,37850,65520,1600,via2_1600x480
VSS,met1-met2,STRIPE,via,36250,65040,37850,65520,1600,via_1600x480
VSS,met3-met4,STRIPE,via,253921,59600,255521,60080,1600,via3_1600x480
VSS,met2-met3,STRIPE,via,253921,59600,255521,60080,1600,via2_1600x480
VSS,met1-met2,STRIPE,via,253921,59600,255521,60080,1600,via_1600x480
VSS,met3-met4,STRIPE,via,226119,59600,227719,60080,1600,via3_1600x480
VSS,met2-met3,STRIPE,via,226119,59600,227719,60080,1600,via2_1600x480
VSS,met1-met2,STRIPE,via,226119,59600,227719,60080,1600,via_1600x480
VSS,met3-met4,STRIPE,via,198960,59600,200560,60080,1600,via3_1600x480
VSS,met2-met3,STRIPE,via,198960,59600,200560,60080,1600,via2_1600x480
VSS,met1-met2,STRIPE,via,198960,59600,200560,60080,1600,via_1600x480
VSS,met3-met4,STRIPE,via,171897,59600,173497,60080,1600,via3_1600x480
VSS,met2-met3,STRIPE,via,171897,59600,173497,60080,1600,via2_1600x480
VSS,met1-met2,STRIPE,via,171897,59600,173497,60080,1600,via_1600x480
VSS,met3-met4,STRIPE,via,145003,59600,146603,60080,1600,via3_1600x480
VSS,met2-met3,STRIPE,via,145003,59600,146603,60080,1600,via2_1600x480
VSS,met1-met2,STRIPE,via,145003,59600,146603,60080,1600,via_1600x480
VSS,met3-met4,STRIPE,via,118167,59600,119767,60080,1600,via3_1600x480
VSS,met2-met3,STRIPE,via,118167,59600,119767,60080,1600,via2_1600x480
VSS,met1-met2,STRIPE,via,118167,59600,119767,60080,1600,via_1600x480
VSS,met3-met4,STRIPE,via,90973,59600,92573,60080,1600,via3_1600x480
VSS,met2-met3,STRIPE,via,90973,59600,92573,60080,1600,via2_1600x480
VSS,met1-met2,STRIPE,via,90973,59600,92573,60080,1600,via_1600x480
VSS,met3-met4,STRIPE,via,63685,59600,65285,60080,1600,via3_1600x480
VSS,met2-met3,STRIPE,via,63685,59600,65285,60080,1600,via2_1600x480
VSS,met1-met2,STRIPE,via,63685,59600,65285,60080,1600,via_1600x480
VSS,met3-met4,STRIPE,via,36250,59600,37850,60080,1600,via3_1600x480
VSS,met2-met3,STRIPE,via,36250,59600,37850,60080,1600,via2_1600x480
VSS,met1-met2,STRIPE,via,36250,59600,37850,60080,1600,via_1600x480
VSS,met3-met4,STRIPE,via,253921,54160,255521,54640,1600,via3_1600x480
VSS,met2-met3,STRIPE,via,253921,54160,255521,54640,1600,via2_1600x480
VSS,met1-met2,STRIPE,via,253921,54160,255521,54640,1600,via_1600x480
VSS,met3-met4,STRIPE,via,226119,54160,227719,54640,1600,via3_1600x480
VSS,met2-met3,STRIPE,via,226119,54160,227719,54640,1600,via2_1600x480
VSS,met1-met2,STRIPE,via,226119,54160,227719,54640,1600,via_1600x480
VSS,met3-met4,STRIPE,via,198960,54160,200560,54640,1600,via3_1600x480
VSS,met2-met3,STRIPE,via,198960,54160,200560,54640,1600,via2_1600x480
VSS,met1-met2,STRIPE,via,198960,54160,200560,54640,1600,via_1600x480
VSS,met3-met4,STRIPE,via,171897,54160,173497,54640,1600,via3_1600x480
VSS,met2-met3,STRIPE,via,171897,54160,173497,54640,1600,via2_1600x480
VSS,met1-met2,STRIPE,via,171897,54160,173497,54640,1600,via_1600x480
VSS,met3-met4,STRIPE,via,145003,54160,146603,54640,1600,via3_1600x480
VSS,met2-met3,STRIPE,via,145003,54160,146603,54640,1600,via2_1600x480
VSS,met1-met2,STRIPE,via,145003,54160,146603,54640,1600,via_1600x480
VSS,met3-met4,STRIPE,via,118167,54160,119767,54640,1600,via3_1600x480
VSS,met2-met3,STRIPE,via,118167,54160,119767,54640,1600,via2_1600x480
VSS,met1-met2,STRIPE,via,118167,54160,119767,54640,1600,via_1600x480
VSS,met3-met4,STRIPE,via,90973,54160,92573,54640,1600,via3_1600x480
VSS,met2-met3,STRIPE,via,90973,54160,92573,54640,1600,via2_1600x480
VSS,met1-met2,STRIPE,via,90973,54160,92573,54640,1600,via_1600x480
VSS,met3-met4,STRIPE,via,63685,54160,65285,54640,1600,via3_1600x480
VSS,met2-met3,STRIPE,via,63685,54160,65285,54640,1600,via2_1600x480
VSS,met1-met2,STRIPE,via,63685,54160,65285,54640,1600,via_1600x480
VSS,met3-met4,STRIPE,via,36250,54160,37850,54640,1600,via3_1600x480
VSS,met2-met3,STRIPE,via,36250,54160,37850,54640,1600,via2_1600x480
VSS,met1-met2,STRIPE,via,36250,54160,37850,54640,1600,via_1600x480
VSS,met3-met4,STRIPE,via,253921,48720,255521,49200,1600,via3_1600x480
VSS,met2-met3,STRIPE,via,253921,48720,255521,49200,1600,via2_1600x480
VSS,met1-met2,STRIPE,via,253921,48720,255521,49200,1600,via_1600x480
VSS,met3-met4,STRIPE,via,226119,48720,227719,49200,1600,via3_1600x480
VSS,met2-met3,STRIPE,via,226119,48720,227719,49200,1600,via2_1600x480
VSS,met1-met2,STRIPE,via,226119,48720,227719,49200,1600,via_1600x480
VSS,met3-met4,STRIPE,via,198960,48720,200560,49200,1600,via3_1600x480
VSS,met2-met3,STRIPE,via,198960,48720,200560,49200,1600,via2_1600x480
VSS,met1-met2,STRIPE,via,198960,48720,200560,49200,1600,via_1600x480
VSS,met3-met4,STRIPE,via,171897,48720,173497,49200,1600,via3_1600x480
VSS,met2-met3,STRIPE,via,171897,48720,173497,49200,1600,via2_1600x480
VSS,met1-met2,STRIPE,via,171897,48720,173497,49200,1600,via_1600x480
VSS,met3-met4,STRIPE,via,145003,48720,146603,49200,1600,via3_1600x480
VSS,met2-met3,STRIPE,via,145003,48720,146603,49200,1600,via2_1600x480
VSS,met1-met2,STRIPE,via,145003,48720,146603,49200,1600,via_1600x480
VSS,met3-met4,STRIPE,via,118167,48720,119767,49200,1600,via3_1600x480
VSS,met2-met3,STRIPE,via,118167,48720,119767,49200,1600,via2_1600x480
VSS,met1-met2,STRIPE,via,118167,48720,119767,49200,1600,via_1600x480
VSS,met3-met4,STRIPE,via,90973,48720,92573,49200,1600,via3_1600x480
VSS,met2-met3,STRIPE,via,90973,48720,92573,49200,1600,via2_1600x480
VSS,met1-met2,STRIPE,via,90973,48720,92573,49200,1600,via_1600x480
VSS,met3-met4,STRIPE,via,63685,48720,65285,49200,1600,via3_1600x480
VSS,met2-met3,STRIPE,via,63685,48720,65285,49200,1600,via2_1600x480
VSS,met1-met2,STRIPE,via,63685,48720,65285,49200,1600,via_1600x480
VSS,met3-met4,STRIPE,via,36250,48720,37850,49200,1600,via3_1600x480
VSS,met2-met3,STRIPE,via,36250,48720,37850,49200,1600,via2_1600x480
VSS,met1-met2,STRIPE,via,36250,48720,37850,49200,1600,via_1600x480
VSS,met3-met4,STRIPE,via,253921,43280,255521,43760,1600,via3_1600x480
VSS,met2-met3,STRIPE,via,253921,43280,255521,43760,1600,via2_1600x480
VSS,met1-met2,STRIPE,via,253921,43280,255521,43760,1600,via_1600x480
VSS,met3-met4,STRIPE,via,226119,43280,227719,43760,1600,via3_1600x480
VSS,met2-met3,STRIPE,via,226119,43280,227719,43760,1600,via2_1600x480
VSS,met1-met2,STRIPE,via,226119,43280,227719,43760,1600,via_1600x480
VSS,met3-met4,STRIPE,via,198960,43280,200560,43760,1600,via3_1600x480
VSS,met2-met3,STRIPE,via,198960,43280,200560,43760,1600,via2_1600x480
VSS,met1-met2,STRIPE,via,198960,43280,200560,43760,1600,via_1600x480
VSS,met3-met4,STRIPE,via,171897,43280,173497,43760,1600,via3_1600x480
VSS,met2-met3,STRIPE,via,171897,43280,173497,43760,1600,via2_1600x480
VSS,met1-met2,STRIPE,via,171897,43280,173497,43760,1600,via_1600x480
VSS,met3-met4,STRIPE,via,145003,43280,146603,43760,1600,via3_1600x480
VSS,met2-met3,STRIPE,via,145003,43280,146603,43760,1600,via2_1600x480
VSS,met1-met2,STRIPE,via,145003,43280,146603,43760,1600,via_1600x480
VSS,met3-met4,STRIPE,via,118167,43280,119767,43760,1600,via3_1600x480
VSS,met2-met3,STRIPE,via,118167,43280,119767,43760,1600,via2_1600x480
VSS,met1-met2,STRIPE,via,118167,43280,119767,43760,1600,via_1600x480
VSS,met3-met4,STRIPE,via,90973,43280,92573,43760,1600,via3_1600x480
VSS,met2-met3,STRIPE,via,90973,43280,92573,43760,1600,via2_1600x480
VSS,met1-met2,STRIPE,via,90973,43280,92573,43760,1600,via_1600x480
VSS,met3-met4,STRIPE,via,63685,43280,65285,43760,1600,via3_1600x480
VSS,met2-met3,STRIPE,via,63685,43280,65285,43760,1600,via2_1600x480
VSS,met1-met2,STRIPE,via,63685,43280,65285,43760,1600,via_1600x480
VSS,met3-met4,STRIPE,via,36250,43280,37850,43760,1600,via3_1600x480
VSS,met2-met3,STRIPE,via,36250,43280,37850,43760,1600,via2_1600x480
VSS,met1-met2,STRIPE,via,36250,43280,37850,43760,1600,via_1600x480
VSS,met3-met4,STRIPE,via,253921,37840,255521,38320,1600,via3_1600x480
VSS,met2-met3,STRIPE,via,253921,37840,255521,38320,1600,via2_1600x480
VSS,met1-met2,STRIPE,via,253921,37840,255521,38320,1600,via_1600x480
VSS,met3-met4,STRIPE,via,226119,37840,227719,38320,1600,via3_1600x480
VSS,met2-met3,STRIPE,via,226119,37840,227719,38320,1600,via2_1600x480
VSS,met1-met2,STRIPE,via,226119,37840,227719,38320,1600,via_1600x480
VSS,met3-met4,STRIPE,via,198960,37840,200560,38320,1600,via3_1600x480
VSS,met2-met3,STRIPE,via,198960,37840,200560,38320,1600,via2_1600x480
VSS,met1-met2,STRIPE,via,198960,37840,200560,38320,1600,via_1600x480
VSS,met3-met4,STRIPE,via,171897,37840,173497,38320,1600,via3_1600x480
VSS,met2-met3,STRIPE,via,171897,37840,173497,38320,1600,via2_1600x480
VSS,met1-met2,STRIPE,via,171897,37840,173497,38320,1600,via_1600x480
VSS,met3-met4,STRIPE,via,145003,37840,146603,38320,1600,via3_1600x480
VSS,met2-met3,STRIPE,via,145003,37840,146603,38320,1600,via2_1600x480
VSS,met1-met2,STRIPE,via,145003,37840,146603,38320,1600,via_1600x480
VSS,met3-met4,STRIPE,via,118167,37840,119767,38320,1600,via3_1600x480
VSS,met2-met3,STRIPE,via,118167,37840,119767,38320,1600,via2_1600x480
VSS,met1-met2,STRIPE,via,118167,37840,119767,38320,1600,via_1600x480
VSS,met3-met4,STRIPE,via,90973,37840,92573,38320,1600,via3_1600x480
VSS,met2-met3,STRIPE,via,90973,37840,92573,38320,1600,via2_1600x480
VSS,met1-met2,STRIPE,via,90973,37840,92573,38320,1600,via_1600x480
VSS,met3-met4,STRIPE,via,63685,37840,65285,38320,1600,via3_1600x480
VSS,met2-met3,STRIPE,via,63685,37840,65285,38320,1600,via2_1600x480
VSS,met1-met2,STRIPE,via,63685,37840,65285,38320,1600,via_1600x480
VSS,met3-met4,STRIPE,via,36250,37840,37850,38320,1600,via3_1600x480
VSS,met2-met3,STRIPE,via,36250,37840,37850,38320,1600,via2_1600x480
VSS,met1-met2,STRIPE,via,36250,37840,37850,38320,1600,via_1600x480
VSS,met3-met4,STRIPE,via,253921,32400,255521,32880,1600,via3_1600x480
VSS,met2-met3,STRIPE,via,253921,32400,255521,32880,1600,via2_1600x480
VSS,met1-met2,STRIPE,via,253921,32400,255521,32880,1600,via_1600x480
VSS,met3-met4,STRIPE,via,226119,32400,227719,32880,1600,via3_1600x480
VSS,met2-met3,STRIPE,via,226119,32400,227719,32880,1600,via2_1600x480
VSS,met1-met2,STRIPE,via,226119,32400,227719,32880,1600,via_1600x480
VSS,met3-met4,STRIPE,via,198960,32400,200560,32880,1600,via3_1600x480
VSS,met2-met3,STRIPE,via,198960,32400,200560,32880,1600,via2_1600x480
VSS,met1-met2,STRIPE,via,198960,32400,200560,32880,1600,via_1600x480
VSS,met3-met4,STRIPE,via,171897,32400,173497,32880,1600,via3_1600x480
VSS,met2-met3,STRIPE,via,171897,32400,173497,32880,1600,via2_1600x480
VSS,met1-met2,STRIPE,via,171897,32400,173497,32880,1600,via_1600x480
VSS,met3-met4,STRIPE,via,145003,32400,146603,32880,1600,via3_1600x480
VSS,met2-met3,STRIPE,via,145003,32400,146603,32880,1600,via2_1600x480
VSS,met1-met2,STRIPE,via,145003,32400,146603,32880,1600,via_1600x480
VSS,met3-met4,STRIPE,via,118167,32400,119767,32880,1600,via3_1600x480
VSS,met2-met3,STRIPE,via,118167,32400,119767,32880,1600,via2_1600x480
VSS,met1-met2,STRIPE,via,118167,32400,119767,32880,1600,via_1600x480
VSS,met3-met4,STRIPE,via,90973,32400,92573,32880,1600,via3_1600x480
VSS,met2-met3,STRIPE,via,90973,32400,92573,32880,1600,via2_1600x480
VSS,met1-met2,STRIPE,via,90973,32400,92573,32880,1600,via_1600x480
VSS,met3-met4,STRIPE,via,63685,32400,65285,32880,1600,via3_1600x480
VSS,met2-met3,STRIPE,via,63685,32400,65285,32880,1600,via2_1600x480
VSS,met1-met2,STRIPE,via,63685,32400,65285,32880,1600,via_1600x480
VSS,met3-met4,STRIPE,via,36250,32400,37850,32880,1600,via3_1600x480
VSS,met2-met3,STRIPE,via,36250,32400,37850,32880,1600,via2_1600x480
VSS,met1-met2,STRIPE,via,36250,32400,37850,32880,1600,via_1600x480
VSS,met3-met4,STRIPE,via,253921,26960,255521,27440,1600,via3_1600x480
VSS,met2-met3,STRIPE,via,253921,26960,255521,27440,1600,via2_1600x480
VSS,met1-met2,STRIPE,via,253921,26960,255521,27440,1600,via_1600x480
VSS,met3-met4,STRIPE,via,226119,26960,227719,27440,1600,via3_1600x480
VSS,met2-met3,STRIPE,via,226119,26960,227719,27440,1600,via2_1600x480
VSS,met1-met2,STRIPE,via,226119,26960,227719,27440,1600,via_1600x480
VSS,met3-met4,STRIPE,via,198960,26960,200560,27440,1600,via3_1600x480
VSS,met2-met3,STRIPE,via,198960,26960,200560,27440,1600,via2_1600x480
VSS,met1-met2,STRIPE,via,198960,26960,200560,27440,1600,via_1600x480
VSS,met3-met4,STRIPE,via,171897,26960,173497,27440,1600,via3_1600x480
VSS,met2-met3,STRIPE,via,171897,26960,173497,27440,1600,via2_1600x480
VSS,met1-met2,STRIPE,via,171897,26960,173497,27440,1600,via_1600x480
VSS,met3-met4,STRIPE,via,145003,26960,146603,27440,1600,via3_1600x480
VSS,met2-met3,STRIPE,via,145003,26960,146603,27440,1600,via2_1600x480
VSS,met1-met2,STRIPE,via,145003,26960,146603,27440,1600,via_1600x480
VSS,met3-met4,STRIPE,via,118167,26960,119767,27440,1600,via3_1600x480
VSS,met2-met3,STRIPE,via,118167,26960,119767,27440,1600,via2_1600x480
VSS,met1-met2,STRIPE,via,118167,26960,119767,27440,1600,via_1600x480
VSS,met3-met4,STRIPE,via,90973,26960,92573,27440,1600,via3_1600x480
VSS,met2-met3,STRIPE,via,90973,26960,92573,27440,1600,via2_1600x480
VSS,met1-met2,STRIPE,via,90973,26960,92573,27440,1600,via_1600x480
VSS,met3-met4,STRIPE,via,63685,26960,65285,27440,1600,via3_1600x480
VSS,met2-met3,STRIPE,via,63685,26960,65285,27440,1600,via2_1600x480
VSS,met1-met2,STRIPE,via,63685,26960,65285,27440,1600,via_1600x480
VSS,met3-met4,STRIPE,via,36250,26960,37850,27440,1600,via3_1600x480
VSS,met2-met3,STRIPE,via,36250,26960,37850,27440,1600,via2_1600x480
VSS,met1-met2,STRIPE,via,36250,26960,37850,27440,1600,via_1600x480
VSS,met3-met4,STRIPE,via,253921,21520,255521,22000,1600,via3_1600x480
VSS,met2-met3,STRIPE,via,253921,21520,255521,22000,1600,via2_1600x480
VSS,met1-met2,STRIPE,via,253921,21520,255521,22000,1600,via_1600x480
VSS,met3-met4,STRIPE,via,226119,21520,227719,22000,1600,via3_1600x480
VSS,met2-met3,STRIPE,via,226119,21520,227719,22000,1600,via2_1600x480
VSS,met1-met2,STRIPE,via,226119,21520,227719,22000,1600,via_1600x480
VSS,met3-met4,STRIPE,via,198960,21520,200560,22000,1600,via3_1600x480
VSS,met2-met3,STRIPE,via,198960,21520,200560,22000,1600,via2_1600x480
VSS,met1-met2,STRIPE,via,198960,21520,200560,22000,1600,via_1600x480
VSS,met3-met4,STRIPE,via,171897,21520,173497,22000,1600,via3_1600x480
VSS,met2-met3,STRIPE,via,171897,21520,173497,22000,1600,via2_1600x480
VSS,met1-met2,STRIPE,via,171897,21520,173497,22000,1600,via_1600x480
VSS,met3-met4,STRIPE,via,145003,21520,146603,22000,1600,via3_1600x480
VSS,met2-met3,STRIPE,via,145003,21520,146603,22000,1600,via2_1600x480
VSS,met1-met2,STRIPE,via,145003,21520,146603,22000,1600,via_1600x480
VSS,met3-met4,STRIPE,via,118167,21520,119767,22000,1600,via3_1600x480
VSS,met2-met3,STRIPE,via,118167,21520,119767,22000,1600,via2_1600x480
VSS,met1-met2,STRIPE,via,118167,21520,119767,22000,1600,via_1600x480
VSS,met3-met4,STRIPE,via,90973,21520,92573,22000,1600,via3_1600x480
VSS,met2-met3,STRIPE,via,90973,21520,92573,22000,1600,via2_1600x480
VSS,met1-met2,STRIPE,via,90973,21520,92573,22000,1600,via_1600x480
VSS,met3-met4,STRIPE,via,63685,21520,65285,22000,1600,via3_1600x480
VSS,met2-met3,STRIPE,via,63685,21520,65285,22000,1600,via2_1600x480
VSS,met1-met2,STRIPE,via,63685,21520,65285,22000,1600,via_1600x480
VSS,met3-met4,STRIPE,via,36250,21520,37850,22000,1600,via3_1600x480
VSS,met2-met3,STRIPE,via,36250,21520,37850,22000,1600,via2_1600x480
VSS,met1-met2,STRIPE,via,36250,21520,37850,22000,1600,via_1600x480
VSS,met3-met4,STRIPE,via,253921,16080,255521,16560,1600,via3_1600x480
VSS,met2-met3,STRIPE,via,253921,16080,255521,16560,1600,via2_1600x480
VSS,met1-met2,STRIPE,via,253921,16080,255521,16560,1600,via_1600x480
VSS,met3-met4,STRIPE,via,226119,16080,227719,16560,1600,via3_1600x480
VSS,met2-met3,STRIPE,via,226119,16080,227719,16560,1600,via2_1600x480
VSS,met1-met2,STRIPE,via,226119,16080,227719,16560,1600,via_1600x480
VSS,met3-met4,STRIPE,via,198960,16080,200560,16560,1600,via3_1600x480
VSS,met2-met3,STRIPE,via,198960,16080,200560,16560,1600,via2_1600x480
VSS,met1-met2,STRIPE,via,198960,16080,200560,16560,1600,via_1600x480
VSS,met3-met4,STRIPE,via,171897,16080,173497,16560,1600,via3_1600x480
VSS,met2-met3,STRIPE,via,171897,16080,173497,16560,1600,via2_1600x480
VSS,met1-met2,STRIPE,via,171897,16080,173497,16560,1600,via_1600x480
VSS,met3-met4,STRIPE,via,145003,16080,146603,16560,1600,via3_1600x480
VSS,met2-met3,STRIPE,via,145003,16080,146603,16560,1600,via2_1600x480
VSS,met1-met2,STRIPE,via,145003,16080,146603,16560,1600,via_1600x480
VSS,met3-met4,STRIPE,via,118167,16080,119767,16560,1600,via3_1600x480
VSS,met2-met3,STRIPE,via,118167,16080,119767,16560,1600,via2_1600x480
VSS,met1-met2,STRIPE,via,118167,16080,119767,16560,1600,via_1600x480
VSS,met3-met4,STRIPE,via,90973,16080,92573,16560,1600,via3_1600x480
VSS,met2-met3,STRIPE,via,90973,16080,92573,16560,1600,via2_1600x480
VSS,met1-met2,STRIPE,via,90973,16080,92573,16560,1600,via_1600x480
VSS,met3-met4,STRIPE,via,63685,16080,65285,16560,1600,via3_1600x480
VSS,met2-met3,STRIPE,via,63685,16080,65285,16560,1600,via2_1600x480
VSS,met1-met2,STRIPE,via,63685,16080,65285,16560,1600,via_1600x480
VSS,met3-met4,STRIPE,via,36250,16080,37850,16560,1600,via3_1600x480
VSS,met2-met3,STRIPE,via,36250,16080,37850,16560,1600,via2_1600x480
VSS,met1-met2,STRIPE,via,36250,16080,37850,16560,1600,via_1600x480
VSS,met3-met4,STRIPE,via,253921,10640,255521,11120,1600,via3_1600x480
VSS,met2-met3,STRIPE,via,253921,10640,255521,11120,1600,via2_1600x480
VSS,met1-met2,STRIPE,via,253921,10640,255521,11120,1600,via_1600x480
VSS,met3-met4,STRIPE,via,226119,10640,227719,11120,1600,via3_1600x480
VSS,met2-met3,STRIPE,via,226119,10640,227719,11120,1600,via2_1600x480
VSS,met1-met2,STRIPE,via,226119,10640,227719,11120,1600,via_1600x480
VSS,met3-met4,STRIPE,via,198960,10640,200560,11120,1600,via3_1600x480
VSS,met2-met3,STRIPE,via,198960,10640,200560,11120,1600,via2_1600x480
VSS,met1-met2,STRIPE,via,198960,10640,200560,11120,1600,via_1600x480
VSS,met3-met4,STRIPE,via,171897,10640,173497,11120,1600,via3_1600x480
VSS,met2-met3,STRIPE,via,171897,10640,173497,11120,1600,via2_1600x480
VSS,met1-met2,STRIPE,via,171897,10640,173497,11120,1600,via_1600x480
VSS,met3-met4,STRIPE,via,145003,10640,146603,11120,1600,via3_1600x480
VSS,met2-met3,STRIPE,via,145003,10640,146603,11120,1600,via2_1600x480
VSS,met1-met2,STRIPE,via,145003,10640,146603,11120,1600,via_1600x480
VSS,met3-met4,STRIPE,via,118167,10640,119767,11120,1600,via3_1600x480
VSS,met2-met3,STRIPE,via,118167,10640,119767,11120,1600,via2_1600x480
VSS,met1-met2,STRIPE,via,118167,10640,119767,11120,1600,via_1600x480
VSS,met3-met4,STRIPE,via,90973,10640,92573,11120,1600,via3_1600x480
VSS,met2-met3,STRIPE,via,90973,10640,92573,11120,1600,via2_1600x480
VSS,met1-met2,STRIPE,via,90973,10640,92573,11120,1600,via_1600x480
VSS,met3-met4,STRIPE,via,63685,10640,65285,11120,1600,via3_1600x480
VSS,met2-met3,STRIPE,via,63685,10640,65285,11120,1600,via2_1600x480
VSS,met1-met2,STRIPE,via,63685,10640,65285,11120,1600,via_1600x480
VSS,met3-met4,STRIPE,via,36250,10640,37850,11120,1600,via3_1600x480
VSS,met2-met3,STRIPE,via,36250,10640,37850,11120,1600,via2_1600x480
VSS,met1-met2,STRIPE,via,36250,10640,37850,11120,1600,via_1600x480
VSS,met5,STRIPE,wire,10120,254640,269560,256240,1600,
VSS,met5,STRIPE,wire,10120,227440,269560,229040,1600,
VSS,met5,STRIPE,wire,10120,200240,269560,201840,1600,
VSS,met5,STRIPE,wire,10120,173040,269560,174640,1600,
VSS,met5,STRIPE,wire,10120,145840,269560,147440,1600,
VSS,met5,STRIPE,wire,10120,118640,269560,120240,1600,
VSS,met5,STRIPE,wire,10120,91440,269560,93040,1600,
VSS,met5,STRIPE,wire,10120,64240,269560,65840,1600,
VSS,met5,STRIPE,wire,10120,37040,269560,38640,1600,
VSS,met4,STRIPE,wire,253921,10640,255521,269520,1600,
VSS,met4,STRIPE,wire,226119,10640,227719,269520,1600,
VSS,met4,STRIPE,wire,198960,10640,200560,269520,1600,
VSS,met4,STRIPE,wire,171897,10640,173497,269520,1600,
VSS,met4,STRIPE,wire,145003,10640,146603,269520,1600,
VSS,met4,STRIPE,wire,118167,10640,119767,269520,1600,
VSS,met4,STRIPE,wire,90973,10640,92573,269520,1600,
VSS,met4,STRIPE,wire,63685,10640,65285,269520,1600,
VSS,met4,STRIPE,wire,36250,10640,37850,269520,1600,
VSS,met1,FOLLOWPIN,wire,10120,266320,269560,266800,480,
VSS,met1,FOLLOWPIN,wire,10120,260880,269560,261360,480,
VSS,met1,FOLLOWPIN,wire,10120,255440,269560,255920,480,
VSS,met1,FOLLOWPIN,wire,10120,250000,269560,250480,480,
VSS,met1,FOLLOWPIN,wire,10120,244560,269560,245040,480,
VSS,met1,FOLLOWPIN,wire,10120,239120,269560,239600,480,
VSS,met1,FOLLOWPIN,wire,10120,233680,269560,234160,480,
VSS,met1,FOLLOWPIN,wire,10120,228240,269560,228720,480,
VSS,met1,FOLLOWPIN,wire,10120,222800,269560,223280,480,
VSS,met1,FOLLOWPIN,wire,10120,217360,269560,217840,480,
VSS,met1,FOLLOWPIN,wire,10120,211920,269560,212400,480,
VSS,met1,FOLLOWPIN,wire,10120,206480,269560,206960,480,
VSS,met1,FOLLOWPIN,wire,10120,201040,269560,201520,480,
VSS,met1,FOLLOWPIN,wire,10120,195600,269560,196080,480,
VSS,met1,FOLLOWPIN,wire,10120,190160,269560,190640,480,
VSS,met1,FOLLOWPIN,wire,10120,184720,269560,185200,480,
VSS,met1,FOLLOWPIN,wire,10120,179280,269560,179760,480,
VSS,met1,FOLLOWPIN,wire,10120,173840,269560,174320,480,
VSS,met1,FOLLOWPIN,wire,10120,168400,269560,168880,480,
VSS,met1,FOLLOWPIN,wire,10120,162960,269560,163440,480,
VSS,met1,FOLLOWPIN,wire,10120,157520,269560,158000,480,
VSS,met1,FOLLOWPIN,wire,10120,152080,269560,152560,480,
VSS,met1,FOLLOWPIN,wire,10120,146640,269560,147120,480,
VSS,met1,FOLLOWPIN,wire,10120,141200,269560,141680,480,
VSS,met1,FOLLOWPIN,wire,10120,135760,269560,136240,480,
VSS,met1,FOLLOWPIN,wire,10120,130320,269560,130800,480,
VSS,met1,FOLLOWPIN,wire,10120,124880,269560,125360,480,
VSS,met1,FOLLOWPIN,wire,10120,119440,269560,119920,480,
VSS,met1,FOLLOWPIN,wire,10120,114000,269560,114480,480,
VSS,met1,FOLLOWPIN,wire,10120,108560,269560,109040,480,
VSS,met1,FOLLOWPIN,wire,10120,103120,269560,103600,480,
VSS,met1,FOLLOWPIN,wire,10120,97680,269560,98160,480,
VSS,met1,FOLLOWPIN,wire,10120,92240,269560,92720,480,
VSS,met1,FOLLOWPIN,wire,10120,86800,269560,87280,480,
VSS,met1,FOLLOWPIN,wire,10120,81360,269560,81840,480,
VSS,met1,FOLLOWPIN,wire,10120,75920,269560,76400,480,
VSS,met1,FOLLOWPIN,wire,10120,70480,269560,70960,480,
VSS,met1,FOLLOWPIN,wire,10120,65040,269560,65520,480,
VSS,met1,FOLLOWPIN,wire,10120,59600,269560,60080,480,
VSS,met1,FOLLOWPIN,wire,10120,54160,269560,54640,480,
VSS,met1,FOLLOWPIN,wire,10120,48720,269560,49200,480,
VSS,met1,FOLLOWPIN,wire,10120,43280,269560,43760,480,
VSS,met1,FOLLOWPIN,wire,10120,37840,269560,38320,480,
VSS,met1,FOLLOWPIN,wire,10120,32400,269560,32880,480,
VSS,met1,FOLLOWPIN,wire,10120,26960,269560,27440,480,
VSS,met1,FOLLOWPIN,wire,10120,21520,269560,22000,480,
VSS,met1,FOLLOWPIN,wire,10120,16080,269560,16560,480,
VSS,met1,FOLLOWPIN,wire,10120,10640,269560,11120,480,
VDD,met4-met5,STRIPE,via,267146,241040,268746,242640,1600,via4_1600x1600
VDD,met4-met5,STRIPE,via,239761,241040,241361,242640,1600,via4_1600x1600
VDD,met4-met5,STRIPE,via,212929,241040,214529,242640,1600,via4_1600x1600
VDD,met4-met5,STRIPE,via,185622,241040,187222,242640,1600,via4_1600x1600
VDD,met4-met5,STRIPE,via,159052,241040,160652,242640,1600,via4_1600x1600
VDD,met4-met5,STRIPE,via,131425,241040,133025,242640,1600,via4_1600x1600
VDD,met4-met5,STRIPE,via,104322,241040,105922,242640,1600,via4_1600x1600
VDD,met4-met5,STRIPE,via,77629,241040,79229,242640,1600,via4_1600x1600
VDD,met4-met5,STRIPE,via,50276,241040,51876,242640,1600,via4_1600x1600
VDD,met4-met5,STRIPE,via,23319,241040,24919,242640,1600,via4_1600x1600
VDD,met4-met5,STRIPE,via,267146,213840,268746,215440,1600,via4_1600x1600
VDD,met4-met5,STRIPE,via,239761,213840,241361,215440,1600,via4_1600x1600
VDD,met4-met5,STRIPE,via,212929,213840,214529,215440,1600,via4_1600x1600
VDD,met4-met5,STRIPE,via,185622,213840,187222,215440,1600,via4_1600x1600
VDD,met4-met5,STRIPE,via,159052,213840,160652,215440,1600,via4_1600x1600
VDD,met4-met5,STRIPE,via,131425,213840,133025,215440,1600,via4_1600x1600
VDD,met4-met5,STRIPE,via,104322,213840,105922,215440,1600,via4_1600x1600
VDD,met4-met5,STRIPE,via,77629,213840,79229,215440,1600,via4_1600x1600
VDD,met4-met5,STRIPE,via,50276,213840,51876,215440,1600,via4_1600x1600
VDD,met4-met5,STRIPE,via,23319,213840,24919,215440,1600,via4_1600x1600
VDD,met4-met5,STRIPE,via,267146,186640,268746,188240,1600,via4_1600x1600
VDD,met4-met5,STRIPE,via,239761,186640,241361,188240,1600,via4_1600x1600
VDD,met4-met5,STRIPE,via,212929,186640,214529,188240,1600,via4_1600x1600
VDD,met4-met5,STRIPE,via,185622,186640,187222,188240,1600,via4_1600x1600
VDD,met4-met5,STRIPE,via,159052,186640,160652,188240,1600,via4_1600x1600
VDD,met4-met5,STRIPE,via,131425,186640,133025,188240,1600,via4_1600x1600
VDD,met4-met5,STRIPE,via,104322,186640,105922,188240,1600,via4_1600x1600
VDD,met4-met5,STRIPE,via,77629,186640,79229,188240,1600,via4_1600x1600
VDD,met4-met5,STRIPE,via,50276,186640,51876,188240,1600,via4_1600x1600
VDD,met4-met5,STRIPE,via,23319,186640,24919,188240,1600,via4_1600x1600
VDD,met4-met5,STRIPE,via,267146,159440,268746,161040,1600,via4_1600x1600
VDD,met4-met5,STRIPE,via,239761,159440,241361,161040,1600,via4_1600x1600
VDD,met4-met5,STRIPE,via,212929,159440,214529,161040,1600,via4_1600x1600
VDD,met4-met5,STRIPE,via,185622,159440,187222,161040,1600,via4_1600x1600
VDD,met4-met5,STRIPE,via,159052,159440,160652,161040,1600,via4_1600x1600
VDD,met4-met5,STRIPE,via,131425,159440,133025,161040,1600,via4_1600x1600
VDD,met4-met5,STRIPE,via,104322,159440,105922,161040,1600,via4_1600x1600
VDD,met4-met5,STRIPE,via,77629,159440,79229,161040,1600,via4_1600x1600
VDD,met4-met5,STRIPE,via,50276,159440,51876,161040,1600,via4_1600x1600
VDD,met4-met5,STRIPE,via,23319,159440,24919,161040,1600,via4_1600x1600
VDD,met4-met5,STRIPE,via,267146,132240,268746,133840,1600,via4_1600x1600
VDD,met4-met5,STRIPE,via,239761,132240,241361,133840,1600,via4_1600x1600
VDD,met4-met5,STRIPE,via,212929,132240,214529,133840,1600,via4_1600x1600
VDD,met4-met5,STRIPE,via,185622,132240,187222,133840,1600,via4_1600x1600
VDD,met4-met5,STRIPE,via,159052,132240,160652,133840,1600,via4_1600x1600
VDD,met4-met5,STRIPE,via,131425,132240,133025,133840,1600,via4_1600x1600
VDD,met4-met5,STRIPE,via,104322,132240,105922,133840,1600,via4_1600x1600
VDD,met4-met5,STRIPE,via,77629,132240,79229,133840,1600,via4_1600x1600
VDD,met4-met5,STRIPE,via,50276,132240,51876,133840,1600,via4_1600x1600
VDD,met4-met5,STRIPE,via,23319,132240,24919,133840,1600,via4_1600x1600
VDD,met4-met5,STRIPE,via,267146,105040,268746,106640,1600,via4_1600x1600
VDD,met4-met5,STRIPE,via,239761,105040,241361,106640,1600,via4_1600x1600
VDD,met4-met5,STRIPE,via,212929,105040,214529,106640,1600,via4_1600x1600
VDD,met4-met5,STRIPE,via,185622,105040,187222,106640,1600,via4_1600x1600
VDD,met4-met5,STRIPE,via,159052,105040,160652,106640,1600,via4_1600x1600
VDD,met4-met5,STRIPE,via,131425,105040,133025,106640,1600,via4_1600x1600
VDD,met4-met5,STRIPE,via,104322,105040,105922,106640,1600,via4_1600x1600
VDD,met4-met5,STRIPE,via,77629,105040,79229,106640,1600,via4_1600x1600
VDD,met4-met5,STRIPE,via,50276,105040,51876,106640,1600,via4_1600x1600
VDD,met4-met5,STRIPE,via,23319,105040,24919,106640,1600,via4_1600x1600
VDD,met4-met5,STRIPE,via,267146,77840,268746,79440,1600,via4_1600x1600
VDD,met4-met5,STRIPE,via,239761,77840,241361,79440,1600,via4_1600x1600
VDD,met4-met5,STRIPE,via,212929,77840,214529,79440,1600,via4_1600x1600
VDD,met4-met5,STRIPE,via,185622,77840,187222,79440,1600,via4_1600x1600
VDD,met4-met5,STRIPE,via,159052,77840,160652,79440,1600,via4_1600x1600
VDD,met4-met5,STRIPE,via,131425,77840,133025,79440,1600,via4_1600x1600
VDD,met4-met5,STRIPE,via,104322,77840,105922,79440,1600,via4_1600x1600
VDD,met4-met5,STRIPE,via,77629,77840,79229,79440,1600,via4_1600x1600
VDD,met4-met5,STRIPE,via,50276,77840,51876,79440,1600,via4_1600x1600
VDD,met4-met5,STRIPE,via,23319,77840,24919,79440,1600,via4_1600x1600
VDD,met4-met5,STRIPE,via,267146,50640,268746,52240,1600,via4_1600x1600
VDD,met4-met5,STRIPE,via,239761,50640,241361,52240,1600,via4_1600x1600
VDD,met4-met5,STRIPE,via,212929,50640,214529,52240,1600,via4_1600x1600
VDD,met4-met5,STRIPE,via,185622,50640,187222,52240,1600,via4_1600x1600
VDD,met4-met5,STRIPE,via,159052,50640,160652,52240,1600,via4_1600x1600
VDD,met4-met5,STRIPE,via,131425,50640,133025,52240,1600,via4_1600x1600
VDD,met4-met5,STRIPE,via,104322,50640,105922,52240,1600,via4_1600x1600
VDD,met4-met5,STRIPE,via,77629,50640,79229,52240,1600,via4_1600x1600
VDD,met4-met5,STRIPE,via,50276,50640,51876,52240,1600,via4_1600x1600
VDD,met4-met5,STRIPE,via,23319,50640,24919,52240,1600,via4_1600x1600
VDD,met4-met5,STRIPE,via,267146,23440,268746,25040,1600,via4_1600x1600
VDD,met4-met5,STRIPE,via,239761,23440,241361,25040,1600,via4_1600x1600
VDD,met4-met5,STRIPE,via,212929,23440,214529,25040,1600,via4_1600x1600
VDD,met4-met5,STRIPE,via,185622,23440,187222,25040,1600,via4_1600x1600
VDD,met4-met5,STRIPE,via,159052,23440,160652,25040,1600,via4_1600x1600
VDD,met4-met5,STRIPE,via,131425,23440,133025,25040,1600,via4_1600x1600
VDD,met4-met5,STRIPE,via,104322,23440,105922,25040,1600,via4_1600x1600
VDD,met4-met5,STRIPE,via,77629,23440,79229,25040,1600,via4_1600x1600
VDD,met4-met5,STRIPE,via,50276,23440,51876,25040,1600,via4_1600x1600
VDD,met4-met5,STRIPE,via,23319,23440,24919,25040,1600,via4_1600x1600
VDD,met3-met4,STRIPE,via,267146,269040,268746,269520,1600,via3_1600x480
VDD,met2-met3,STRIPE,via,267146,269040,268746,269520,1600,via2_1600x480
VDD,met1-met2,STRIPE,via,267146,269040,268746,269520,1600,via_1600x480
VDD,met3-met4,STRIPE,via,239761,269040,241361,269520,1600,via3_1600x480
VDD,met2-met3,STRIPE,via,239761,269040,241361,269520,1600,via2_1600x480
VDD,met1-met2,STRIPE,via,239761,269040,241361,269520,1600,via_1600x480
VDD,met3-met4,STRIPE,via,212929,269040,214529,269520,1600,via3_1600x480
VDD,met2-met3,STRIPE,via,212929,269040,214529,269520,1600,via2_1600x480
VDD,met1-met2,STRIPE,via,212929,269040,214529,269520,1600,via_1600x480
VDD,met3-met4,STRIPE,via,185622,269040,187222,269520,1600,via3_1600x480
VDD,met2-met3,STRIPE,via,185622,269040,187222,269520,1600,via2_1600x480
VDD,met1-met2,STRIPE,via,185622,269040,187222,269520,1600,via_1600x480
VDD,met3-met4,STRIPE,via,159052,269040,160652,269520,1600,via3_1600x480
VDD,met2-met3,STRIPE,via,159052,269040,160652,269520,1600,via2_1600x480
VDD,met1-met2,STRIPE,via,159052,269040,160652,269520,1600,via_1600x480
VDD,met3-met4,STRIPE,via,131425,269040,133025,269520,1600,via3_1600x480
VDD,met2-met3,STRIPE,via,131425,269040,133025,269520,1600,via2_1600x480
VDD,met1-met2,STRIPE,via,131425,269040,133025,269520,1600,via_1600x480
VDD,met3-met4,STRIPE,via,104322,269040,105922,269520,1600,via3_1600x480
VDD,met2-met3,STRIPE,via,104322,269040,105922,269520,1600,via2_1600x480
VDD,met1-met2,STRIPE,via,104322,269040,105922,269520,1600,via_1600x480
VDD,met3-met4,STRIPE,via,77629,269040,79229,269520,1600,via3_1600x480
VDD,met2-met3,STRIPE,via,77629,269040,79229,269520,1600,via2_1600x480
VDD,met1-met2,STRIPE,via,77629,269040,79229,269520,1600,via_1600x480
VDD,met3-met4,STRIPE,via,50276,269040,51876,269520,1600,via3_1600x480
VDD,met2-met3,STRIPE,via,50276,269040,51876,269520,1600,via2_1600x480
VDD,met1-met2,STRIPE,via,50276,269040,51876,269520,1600,via_1600x480
VDD,met3-met4,STRIPE,via,23319,269040,24919,269520,1600,via3_1600x480
VDD,met2-met3,STRIPE,via,23319,269040,24919,269520,1600,via2_1600x480
VDD,met1-met2,STRIPE,via,23319,269040,24919,269520,1600,via_1600x480
VDD,met3-met4,STRIPE,via,267146,263600,268746,264080,1600,via3_1600x480
VDD,met2-met3,STRIPE,via,267146,263600,268746,264080,1600,via2_1600x480
VDD,met1-met2,STRIPE,via,267146,263600,268746,264080,1600,via_1600x480
VDD,met3-met4,STRIPE,via,239761,263600,241361,264080,1600,via3_1600x480
VDD,met2-met3,STRIPE,via,239761,263600,241361,264080,1600,via2_1600x480
VDD,met1-met2,STRIPE,via,239761,263600,241361,264080,1600,via_1600x480
VDD,met3-met4,STRIPE,via,212929,263600,214529,264080,1600,via3_1600x480
VDD,met2-met3,STRIPE,via,212929,263600,214529,264080,1600,via2_1600x480
VDD,met1-met2,STRIPE,via,212929,263600,214529,264080,1600,via_1600x480
VDD,met3-met4,STRIPE,via,185622,263600,187222,264080,1600,via3_1600x480
VDD,met2-met3,STRIPE,via,185622,263600,187222,264080,1600,via2_1600x480
VDD,met1-met2,STRIPE,via,185622,263600,187222,264080,1600,via_1600x480
VDD,met3-met4,STRIPE,via,159052,263600,160652,264080,1600,via3_1600x480
VDD,met2-met3,STRIPE,via,159052,263600,160652,264080,1600,via2_1600x480
VDD,met1-met2,STRIPE,via,159052,263600,160652,264080,1600,via_1600x480
VDD,met3-met4,STRIPE,via,131425,263600,133025,264080,1600,via3_1600x480
VDD,met2-met3,STRIPE,via,131425,263600,133025,264080,1600,via2_1600x480
VDD,met1-met2,STRIPE,via,131425,263600,133025,264080,1600,via_1600x480
VDD,met3-met4,STRIPE,via,104322,263600,105922,264080,1600,via3_1600x480
VDD,met2-met3,STRIPE,via,104322,263600,105922,264080,1600,via2_1600x480
VDD,met1-met2,STRIPE,via,104322,263600,105922,264080,1600,via_1600x480
VDD,met3-met4,STRIPE,via,77629,263600,79229,264080,1600,via3_1600x480
VDD,met2-met3,STRIPE,via,77629,263600,79229,264080,1600,via2_1600x480
VDD,met1-met2,STRIPE,via,77629,263600,79229,264080,1600,via_1600x480
VDD,met3-met4,STRIPE,via,50276,263600,51876,264080,1600,via3_1600x480
VDD,met2-met3,STRIPE,via,50276,263600,51876,264080,1600,via2_1600x480
VDD,met1-met2,STRIPE,via,50276,263600,51876,264080,1600,via_1600x480
VDD,met3-met4,STRIPE,via,23319,263600,24919,264080,1600,via3_1600x480
VDD,met2-met3,STRIPE,via,23319,263600,24919,264080,1600,via2_1600x480
VDD,met1-met2,STRIPE,via,23319,263600,24919,264080,1600,via_1600x480
VDD,met3-met4,STRIPE,via,267146,258160,268746,258640,1600,via3_1600x480
VDD,met2-met3,STRIPE,via,267146,258160,268746,258640,1600,via2_1600x480
VDD,met1-met2,STRIPE,via,267146,258160,268746,258640,1600,via_1600x480
VDD,met3-met4,STRIPE,via,239761,258160,241361,258640,1600,via3_1600x480
VDD,met2-met3,STRIPE,via,239761,258160,241361,258640,1600,via2_1600x480
VDD,met1-met2,STRIPE,via,239761,258160,241361,258640,1600,via_1600x480
VDD,met3-met4,STRIPE,via,212929,258160,214529,258640,1600,via3_1600x480
VDD,met2-met3,STRIPE,via,212929,258160,214529,258640,1600,via2_1600x480
VDD,met1-met2,STRIPE,via,212929,258160,214529,258640,1600,via_1600x480
VDD,met3-met4,STRIPE,via,185622,258160,187222,258640,1600,via3_1600x480
VDD,met2-met3,STRIPE,via,185622,258160,187222,258640,1600,via2_1600x480
VDD,met1-met2,STRIPE,via,185622,258160,187222,258640,1600,via_1600x480
VDD,met3-met4,STRIPE,via,159052,258160,160652,258640,1600,via3_1600x480
VDD,met2-met3,STRIPE,via,159052,258160,160652,258640,1600,via2_1600x480
VDD,met1-met2,STRIPE,via,159052,258160,160652,258640,1600,via_1600x480
VDD,met3-met4,STRIPE,via,131425,258160,133025,258640,1600,via3_1600x480
VDD,met2-met3,STRIPE,via,131425,258160,133025,258640,1600,via2_1600x480
VDD,met1-met2,STRIPE,via,131425,258160,133025,258640,1600,via_1600x480
VDD,met3-met4,STRIPE,via,104322,258160,105922,258640,1600,via3_1600x480
VDD,met2-met3,STRIPE,via,104322,258160,105922,258640,1600,via2_1600x480
VDD,met1-met2,STRIPE,via,104322,258160,105922,258640,1600,via_1600x480
VDD,met3-met4,STRIPE,via,77629,258160,79229,258640,1600,via3_1600x480
VDD,met2-met3,STRIPE,via,77629,258160,79229,258640,1600,via2_1600x480
VDD,met1-met2,STRIPE,via,77629,258160,79229,258640,1600,via_1600x480
VDD,met3-met4,STRIPE,via,50276,258160,51876,258640,1600,via3_1600x480
VDD,met2-met3,STRIPE,via,50276,258160,51876,258640,1600,via2_1600x480
VDD,met1-met2,STRIPE,via,50276,258160,51876,258640,1600,via_1600x480
VDD,met3-met4,STRIPE,via,23319,258160,24919,258640,1600,via3_1600x480
VDD,met2-met3,STRIPE,via,23319,258160,24919,258640,1600,via2_1600x480
VDD,met1-met2,STRIPE,via,23319,258160,24919,258640,1600,via_1600x480
VDD,met3-met4,STRIPE,via,267146,252720,268746,253200,1600,via3_1600x480
VDD,met2-met3,STRIPE,via,267146,252720,268746,253200,1600,via2_1600x480
VDD,met1-met2,STRIPE,via,267146,252720,268746,253200,1600,via_1600x480
VDD,met3-met4,STRIPE,via,239761,252720,241361,253200,1600,via3_1600x480
VDD,met2-met3,STRIPE,via,239761,252720,241361,253200,1600,via2_1600x480
VDD,met1-met2,STRIPE,via,239761,252720,241361,253200,1600,via_1600x480
VDD,met3-met4,STRIPE,via,212929,252720,214529,253200,1600,via3_1600x480
VDD,met2-met3,STRIPE,via,212929,252720,214529,253200,1600,via2_1600x480
VDD,met1-met2,STRIPE,via,212929,252720,214529,253200,1600,via_1600x480
VDD,met3-met4,STRIPE,via,185622,252720,187222,253200,1600,via3_1600x480
VDD,met2-met3,STRIPE,via,185622,252720,187222,253200,1600,via2_1600x480
VDD,met1-met2,STRIPE,via,185622,252720,187222,253200,1600,via_1600x480
VDD,met3-met4,STRIPE,via,159052,252720,160652,253200,1600,via3_1600x480
VDD,met2-met3,STRIPE,via,159052,252720,160652,253200,1600,via2_1600x480
VDD,met1-met2,STRIPE,via,159052,252720,160652,253200,1600,via_1600x480
VDD,met3-met4,STRIPE,via,131425,252720,133025,253200,1600,via3_1600x480
VDD,met2-met3,STRIPE,via,131425,252720,133025,253200,1600,via2_1600x480
VDD,met1-met2,STRIPE,via,131425,252720,133025,253200,1600,via_1600x480
VDD,met3-met4,STRIPE,via,104322,252720,105922,253200,1600,via3_1600x480
VDD,met2-met3,STRIPE,via,104322,252720,105922,253200,1600,via2_1600x480
VDD,met1-met2,STRIPE,via,104322,252720,105922,253200,1600,via_1600x480
VDD,met3-met4,STRIPE,via,77629,252720,79229,253200,1600,via3_1600x480
VDD,met2-met3,STRIPE,via,77629,252720,79229,253200,1600,via2_1600x480
VDD,met1-met2,STRIPE,via,77629,252720,79229,253200,1600,via_1600x480
VDD,met3-met4,STRIPE,via,50276,252720,51876,253200,1600,via3_1600x480
VDD,met2-met3,STRIPE,via,50276,252720,51876,253200,1600,via2_1600x480
VDD,met1-met2,STRIPE,via,50276,252720,51876,253200,1600,via_1600x480
VDD,met3-met4,STRIPE,via,23319,252720,24919,253200,1600,via3_1600x480
VDD,met2-met3,STRIPE,via,23319,252720,24919,253200,1600,via2_1600x480
VDD,met1-met2,STRIPE,via,23319,252720,24919,253200,1600,via_1600x480
VDD,met3-met4,STRIPE,via,267146,247280,268746,247760,1600,via3_1600x480
VDD,met2-met3,STRIPE,via,267146,247280,268746,247760,1600,via2_1600x480
VDD,met1-met2,STRIPE,via,267146,247280,268746,247760,1600,via_1600x480
VDD,met3-met4,STRIPE,via,239761,247280,241361,247760,1600,via3_1600x480
VDD,met2-met3,STRIPE,via,239761,247280,241361,247760,1600,via2_1600x480
VDD,met1-met2,STRIPE,via,239761,247280,241361,247760,1600,via_1600x480
VDD,met3-met4,STRIPE,via,212929,247280,214529,247760,1600,via3_1600x480
VDD,met2-met3,STRIPE,via,212929,247280,214529,247760,1600,via2_1600x480
VDD,met1-met2,STRIPE,via,212929,247280,214529,247760,1600,via_1600x480
VDD,met3-met4,STRIPE,via,185622,247280,187222,247760,1600,via3_1600x480
VDD,met2-met3,STRIPE,via,185622,247280,187222,247760,1600,via2_1600x480
VDD,met1-met2,STRIPE,via,185622,247280,187222,247760,1600,via_1600x480
VDD,met3-met4,STRIPE,via,159052,247280,160652,247760,1600,via3_1600x480
VDD,met2-met3,STRIPE,via,159052,247280,160652,247760,1600,via2_1600x480
VDD,met1-met2,STRIPE,via,159052,247280,160652,247760,1600,via_1600x480
VDD,met3-met4,STRIPE,via,131425,247280,133025,247760,1600,via3_1600x480
VDD,met2-met3,STRIPE,via,131425,247280,133025,247760,1600,via2_1600x480
VDD,met1-met2,STRIPE,via,131425,247280,133025,247760,1600,via_1600x480
VDD,met3-met4,STRIPE,via,104322,247280,105922,247760,1600,via3_1600x480
VDD,met2-met3,STRIPE,via,104322,247280,105922,247760,1600,via2_1600x480
VDD,met1-met2,STRIPE,via,104322,247280,105922,247760,1600,via_1600x480
VDD,met3-met4,STRIPE,via,77629,247280,79229,247760,1600,via3_1600x480
VDD,met2-met3,STRIPE,via,77629,247280,79229,247760,1600,via2_1600x480
VDD,met1-met2,STRIPE,via,77629,247280,79229,247760,1600,via_1600x480
VDD,met3-met4,STRIPE,via,50276,247280,51876,247760,1600,via3_1600x480
VDD,met2-met3,STRIPE,via,50276,247280,51876,247760,1600,via2_1600x480
VDD,met1-met2,STRIPE,via,50276,247280,51876,247760,1600,via_1600x480
VDD,met3-met4,STRIPE,via,23319,247280,24919,247760,1600,via3_1600x480
VDD,met2-met3,STRIPE,via,23319,247280,24919,247760,1600,via2_1600x480
VDD,met1-met2,STRIPE,via,23319,247280,24919,247760,1600,via_1600x480
VDD,met3-met4,STRIPE,via,267146,241840,268746,242320,1600,via3_1600x480
VDD,met2-met3,STRIPE,via,267146,241840,268746,242320,1600,via2_1600x480
VDD,met1-met2,STRIPE,via,267146,241840,268746,242320,1600,via_1600x480
VDD,met3-met4,STRIPE,via,239761,241840,241361,242320,1600,via3_1600x480
VDD,met2-met3,STRIPE,via,239761,241840,241361,242320,1600,via2_1600x480
VDD,met1-met2,STRIPE,via,239761,241840,241361,242320,1600,via_1600x480
VDD,met3-met4,STRIPE,via,212929,241840,214529,242320,1600,via3_1600x480
VDD,met2-met3,STRIPE,via,212929,241840,214529,242320,1600,via2_1600x480
VDD,met1-met2,STRIPE,via,212929,241840,214529,242320,1600,via_1600x480
VDD,met3-met4,STRIPE,via,185622,241840,187222,242320,1600,via3_1600x480
VDD,met2-met3,STRIPE,via,185622,241840,187222,242320,1600,via2_1600x480
VDD,met1-met2,STRIPE,via,185622,241840,187222,242320,1600,via_1600x480
VDD,met3-met4,STRIPE,via,159052,241840,160652,242320,1600,via3_1600x480
VDD,met2-met3,STRIPE,via,159052,241840,160652,242320,1600,via2_1600x480
VDD,met1-met2,STRIPE,via,159052,241840,160652,242320,1600,via_1600x480
VDD,met3-met4,STRIPE,via,131425,241840,133025,242320,1600,via3_1600x480
VDD,met2-met3,STRIPE,via,131425,241840,133025,242320,1600,via2_1600x480
VDD,met1-met2,STRIPE,via,131425,241840,133025,242320,1600,via_1600x480
VDD,met3-met4,STRIPE,via,104322,241840,105922,242320,1600,via3_1600x480
VDD,met2-met3,STRIPE,via,104322,241840,105922,242320,1600,via2_1600x480
VDD,met1-met2,STRIPE,via,104322,241840,105922,242320,1600,via_1600x480
VDD,met3-met4,STRIPE,via,77629,241840,79229,242320,1600,via3_1600x480
VDD,met2-met3,STRIPE,via,77629,241840,79229,242320,1600,via2_1600x480
VDD,met1-met2,STRIPE,via,77629,241840,79229,242320,1600,via_1600x480
VDD,met3-met4,STRIPE,via,50276,241840,51876,242320,1600,via3_1600x480
VDD,met2-met3,STRIPE,via,50276,241840,51876,242320,1600,via2_1600x480
VDD,met1-met2,STRIPE,via,50276,241840,51876,242320,1600,via_1600x480
VDD,met3-met4,STRIPE,via,23319,241840,24919,242320,1600,via3_1600x480
VDD,met2-met3,STRIPE,via,23319,241840,24919,242320,1600,via2_1600x480
VDD,met1-met2,STRIPE,via,23319,241840,24919,242320,1600,via_1600x480
VDD,met3-met4,STRIPE,via,267146,236400,268746,236880,1600,via3_1600x480
VDD,met2-met3,STRIPE,via,267146,236400,268746,236880,1600,via2_1600x480
VDD,met1-met2,STRIPE,via,267146,236400,268746,236880,1600,via_1600x480
VDD,met3-met4,STRIPE,via,239761,236400,241361,236880,1600,via3_1600x480
VDD,met2-met3,STRIPE,via,239761,236400,241361,236880,1600,via2_1600x480
VDD,met1-met2,STRIPE,via,239761,236400,241361,236880,1600,via_1600x480
VDD,met3-met4,STRIPE,via,212929,236400,214529,236880,1600,via3_1600x480
VDD,met2-met3,STRIPE,via,212929,236400,214529,236880,1600,via2_1600x480
VDD,met1-met2,STRIPE,via,212929,236400,214529,236880,1600,via_1600x480
VDD,met3-met4,STRIPE,via,185622,236400,187222,236880,1600,via3_1600x480
VDD,met2-met3,STRIPE,via,185622,236400,187222,236880,1600,via2_1600x480
VDD,met1-met2,STRIPE,via,185622,236400,187222,236880,1600,via_1600x480
VDD,met3-met4,STRIPE,via,159052,236400,160652,236880,1600,via3_1600x480
VDD,met2-met3,STRIPE,via,159052,236400,160652,236880,1600,via2_1600x480
VDD,met1-met2,STRIPE,via,159052,236400,160652,236880,1600,via_1600x480
VDD,met3-met4,STRIPE,via,131425,236400,133025,236880,1600,via3_1600x480
VDD,met2-met3,STRIPE,via,131425,236400,133025,236880,1600,via2_1600x480
VDD,met1-met2,STRIPE,via,131425,236400,133025,236880,1600,via_1600x480
VDD,met3-met4,STRIPE,via,104322,236400,105922,236880,1600,via3_1600x480
VDD,met2-met3,STRIPE,via,104322,236400,105922,236880,1600,via2_1600x480
VDD,met1-met2,STRIPE,via,104322,236400,105922,236880,1600,via_1600x480
VDD,met3-met4,STRIPE,via,77629,236400,79229,236880,1600,via3_1600x480
VDD,met2-met3,STRIPE,via,77629,236400,79229,236880,1600,via2_1600x480
VDD,met1-met2,STRIPE,via,77629,236400,79229,236880,1600,via_1600x480
VDD,met3-met4,STRIPE,via,50276,236400,51876,236880,1600,via3_1600x480
VDD,met2-met3,STRIPE,via,50276,236400,51876,236880,1600,via2_1600x480
VDD,met1-met2,STRIPE,via,50276,236400,51876,236880,1600,via_1600x480
VDD,met3-met4,STRIPE,via,23319,236400,24919,236880,1600,via3_1600x480
VDD,met2-met3,STRIPE,via,23319,236400,24919,236880,1600,via2_1600x480
VDD,met1-met2,STRIPE,via,23319,236400,24919,236880,1600,via_1600x480
VDD,met3-met4,STRIPE,via,267146,230960,268746,231440,1600,via3_1600x480
VDD,met2-met3,STRIPE,via,267146,230960,268746,231440,1600,via2_1600x480
VDD,met1-met2,STRIPE,via,267146,230960,268746,231440,1600,via_1600x480
VDD,met3-met4,STRIPE,via,239761,230960,241361,231440,1600,via3_1600x480
VDD,met2-met3,STRIPE,via,239761,230960,241361,231440,1600,via2_1600x480
VDD,met1-met2,STRIPE,via,239761,230960,241361,231440,1600,via_1600x480
VDD,met3-met4,STRIPE,via,212929,230960,214529,231440,1600,via3_1600x480
VDD,met2-met3,STRIPE,via,212929,230960,214529,231440,1600,via2_1600x480
VDD,met1-met2,STRIPE,via,212929,230960,214529,231440,1600,via_1600x480
VDD,met3-met4,STRIPE,via,185622,230960,187222,231440,1600,via3_1600x480
VDD,met2-met3,STRIPE,via,185622,230960,187222,231440,1600,via2_1600x480
VDD,met1-met2,STRIPE,via,185622,230960,187222,231440,1600,via_1600x480
VDD,met3-met4,STRIPE,via,159052,230960,160652,231440,1600,via3_1600x480
VDD,met2-met3,STRIPE,via,159052,230960,160652,231440,1600,via2_1600x480
VDD,met1-met2,STRIPE,via,159052,230960,160652,231440,1600,via_1600x480
VDD,met3-met4,STRIPE,via,131425,230960,133025,231440,1600,via3_1600x480
VDD,met2-met3,STRIPE,via,131425,230960,133025,231440,1600,via2_1600x480
VDD,met1-met2,STRIPE,via,131425,230960,133025,231440,1600,via_1600x480
VDD,met3-met4,STRIPE,via,104322,230960,105922,231440,1600,via3_1600x480
VDD,met2-met3,STRIPE,via,104322,230960,105922,231440,1600,via2_1600x480
VDD,met1-met2,STRIPE,via,104322,230960,105922,231440,1600,via_1600x480
VDD,met3-met4,STRIPE,via,77629,230960,79229,231440,1600,via3_1600x480
VDD,met2-met3,STRIPE,via,77629,230960,79229,231440,1600,via2_1600x480
VDD,met1-met2,STRIPE,via,77629,230960,79229,231440,1600,via_1600x480
VDD,met3-met4,STRIPE,via,50276,230960,51876,231440,1600,via3_1600x480
VDD,met2-met3,STRIPE,via,50276,230960,51876,231440,1600,via2_1600x480
VDD,met1-met2,STRIPE,via,50276,230960,51876,231440,1600,via_1600x480
VDD,met3-met4,STRIPE,via,23319,230960,24919,231440,1600,via3_1600x480
VDD,met2-met3,STRIPE,via,23319,230960,24919,231440,1600,via2_1600x480
VDD,met1-met2,STRIPE,via,23319,230960,24919,231440,1600,via_1600x480
VDD,met3-met4,STRIPE,via,267146,225520,268746,226000,1600,via3_1600x480
VDD,met2-met3,STRIPE,via,267146,225520,268746,226000,1600,via2_1600x480
VDD,met1-met2,STRIPE,via,267146,225520,268746,226000,1600,via_1600x480
VDD,met3-met4,STRIPE,via,239761,225520,241361,226000,1600,via3_1600x480
VDD,met2-met3,STRIPE,via,239761,225520,241361,226000,1600,via2_1600x480
VDD,met1-met2,STRIPE,via,239761,225520,241361,226000,1600,via_1600x480
VDD,met3-met4,STRIPE,via,212929,225520,214529,226000,1600,via3_1600x480
VDD,met2-met3,STRIPE,via,212929,225520,214529,226000,1600,via2_1600x480
VDD,met1-met2,STRIPE,via,212929,225520,214529,226000,1600,via_1600x480
VDD,met3-met4,STRIPE,via,185622,225520,187222,226000,1600,via3_1600x480
VDD,met2-met3,STRIPE,via,185622,225520,187222,226000,1600,via2_1600x480
VDD,met1-met2,STRIPE,via,185622,225520,187222,226000,1600,via_1600x480
VDD,met3-met4,STRIPE,via,159052,225520,160652,226000,1600,via3_1600x480
VDD,met2-met3,STRIPE,via,159052,225520,160652,226000,1600,via2_1600x480
VDD,met1-met2,STRIPE,via,159052,225520,160652,226000,1600,via_1600x480
VDD,met3-met4,STRIPE,via,131425,225520,133025,226000,1600,via3_1600x480
VDD,met2-met3,STRIPE,via,131425,225520,133025,226000,1600,via2_1600x480
VDD,met1-met2,STRIPE,via,131425,225520,133025,226000,1600,via_1600x480
VDD,met3-met4,STRIPE,via,104322,225520,105922,226000,1600,via3_1600x480
VDD,met2-met3,STRIPE,via,104322,225520,105922,226000,1600,via2_1600x480
VDD,met1-met2,STRIPE,via,104322,225520,105922,226000,1600,via_1600x480
VDD,met3-met4,STRIPE,via,77629,225520,79229,226000,1600,via3_1600x480
VDD,met2-met3,STRIPE,via,77629,225520,79229,226000,1600,via2_1600x480
VDD,met1-met2,STRIPE,via,77629,225520,79229,226000,1600,via_1600x480
VDD,met3-met4,STRIPE,via,50276,225520,51876,226000,1600,via3_1600x480
VDD,met2-met3,STRIPE,via,50276,225520,51876,226000,1600,via2_1600x480
VDD,met1-met2,STRIPE,via,50276,225520,51876,226000,1600,via_1600x480
VDD,met3-met4,STRIPE,via,23319,225520,24919,226000,1600,via3_1600x480
VDD,met2-met3,STRIPE,via,23319,225520,24919,226000,1600,via2_1600x480
VDD,met1-met2,STRIPE,via,23319,225520,24919,226000,1600,via_1600x480
VDD,met3-met4,STRIPE,via,267146,220080,268746,220560,1600,via3_1600x480
VDD,met2-met3,STRIPE,via,267146,220080,268746,220560,1600,via2_1600x480
VDD,met1-met2,STRIPE,via,267146,220080,268746,220560,1600,via_1600x480
VDD,met3-met4,STRIPE,via,239761,220080,241361,220560,1600,via3_1600x480
VDD,met2-met3,STRIPE,via,239761,220080,241361,220560,1600,via2_1600x480
VDD,met1-met2,STRIPE,via,239761,220080,241361,220560,1600,via_1600x480
VDD,met3-met4,STRIPE,via,212929,220080,214529,220560,1600,via3_1600x480
VDD,met2-met3,STRIPE,via,212929,220080,214529,220560,1600,via2_1600x480
VDD,met1-met2,STRIPE,via,212929,220080,214529,220560,1600,via_1600x480
VDD,met3-met4,STRIPE,via,185622,220080,187222,220560,1600,via3_1600x480
VDD,met2-met3,STRIPE,via,185622,220080,187222,220560,1600,via2_1600x480
VDD,met1-met2,STRIPE,via,185622,220080,187222,220560,1600,via_1600x480
VDD,met3-met4,STRIPE,via,159052,220080,160652,220560,1600,via3_1600x480
VDD,met2-met3,STRIPE,via,159052,220080,160652,220560,1600,via2_1600x480
VDD,met1-met2,STRIPE,via,159052,220080,160652,220560,1600,via_1600x480
VDD,met3-met4,STRIPE,via,131425,220080,133025,220560,1600,via3_1600x480
VDD,met2-met3,STRIPE,via,131425,220080,133025,220560,1600,via2_1600x480
VDD,met1-met2,STRIPE,via,131425,220080,133025,220560,1600,via_1600x480
VDD,met3-met4,STRIPE,via,104322,220080,105922,220560,1600,via3_1600x480
VDD,met2-met3,STRIPE,via,104322,220080,105922,220560,1600,via2_1600x480
VDD,met1-met2,STRIPE,via,104322,220080,105922,220560,1600,via_1600x480
VDD,met3-met4,STRIPE,via,77629,220080,79229,220560,1600,via3_1600x480
VDD,met2-met3,STRIPE,via,77629,220080,79229,220560,1600,via2_1600x480
VDD,met1-met2,STRIPE,via,77629,220080,79229,220560,1600,via_1600x480
VDD,met3-met4,STRIPE,via,50276,220080,51876,220560,1600,via3_1600x480
VDD,met2-met3,STRIPE,via,50276,220080,51876,220560,1600,via2_1600x480
VDD,met1-met2,STRIPE,via,50276,220080,51876,220560,1600,via_1600x480
VDD,met3-met4,STRIPE,via,23319,220080,24919,220560,1600,via3_1600x480
VDD,met2-met3,STRIPE,via,23319,220080,24919,220560,1600,via2_1600x480
VDD,met1-met2,STRIPE,via,23319,220080,24919,220560,1600,via_1600x480
VDD,met3-met4,STRIPE,via,267146,214640,268746,215120,1600,via3_1600x480
VDD,met2-met3,STRIPE,via,267146,214640,268746,215120,1600,via2_1600x480
VDD,met1-met2,STRIPE,via,267146,214640,268746,215120,1600,via_1600x480
VDD,met3-met4,STRIPE,via,239761,214640,241361,215120,1600,via3_1600x480
VDD,met2-met3,STRIPE,via,239761,214640,241361,215120,1600,via2_1600x480
VDD,met1-met2,STRIPE,via,239761,214640,241361,215120,1600,via_1600x480
VDD,met3-met4,STRIPE,via,212929,214640,214529,215120,1600,via3_1600x480
VDD,met2-met3,STRIPE,via,212929,214640,214529,215120,1600,via2_1600x480
VDD,met1-met2,STRIPE,via,212929,214640,214529,215120,1600,via_1600x480
VDD,met3-met4,STRIPE,via,185622,214640,187222,215120,1600,via3_1600x480
VDD,met2-met3,STRIPE,via,185622,214640,187222,215120,1600,via2_1600x480
VDD,met1-met2,STRIPE,via,185622,214640,187222,215120,1600,via_1600x480
VDD,met3-met4,STRIPE,via,159052,214640,160652,215120,1600,via3_1600x480
VDD,met2-met3,STRIPE,via,159052,214640,160652,215120,1600,via2_1600x480
VDD,met1-met2,STRIPE,via,159052,214640,160652,215120,1600,via_1600x480
VDD,met3-met4,STRIPE,via,131425,214640,133025,215120,1600,via3_1600x480
VDD,met2-met3,STRIPE,via,131425,214640,133025,215120,1600,via2_1600x480
VDD,met1-met2,STRIPE,via,131425,214640,133025,215120,1600,via_1600x480
VDD,met3-met4,STRIPE,via,104322,214640,105922,215120,1600,via3_1600x480
VDD,met2-met3,STRIPE,via,104322,214640,105922,215120,1600,via2_1600x480
VDD,met1-met2,STRIPE,via,104322,214640,105922,215120,1600,via_1600x480
VDD,met3-met4,STRIPE,via,77629,214640,79229,215120,1600,via3_1600x480
VDD,met2-met3,STRIPE,via,77629,214640,79229,215120,1600,via2_1600x480
VDD,met1-met2,STRIPE,via,77629,214640,79229,215120,1600,via_1600x480
VDD,met3-met4,STRIPE,via,50276,214640,51876,215120,1600,via3_1600x480
VDD,met2-met3,STRIPE,via,50276,214640,51876,215120,1600,via2_1600x480
VDD,met1-met2,STRIPE,via,50276,214640,51876,215120,1600,via_1600x480
VDD,met3-met4,STRIPE,via,23319,214640,24919,215120,1600,via3_1600x480
VDD,met2-met3,STRIPE,via,23319,214640,24919,215120,1600,via2_1600x480
VDD,met1-met2,STRIPE,via,23319,214640,24919,215120,1600,via_1600x480
VDD,met3-met4,STRIPE,via,267146,209200,268746,209680,1600,via3_1600x480
VDD,met2-met3,STRIPE,via,267146,209200,268746,209680,1600,via2_1600x480
VDD,met1-met2,STRIPE,via,267146,209200,268746,209680,1600,via_1600x480
VDD,met3-met4,STRIPE,via,239761,209200,241361,209680,1600,via3_1600x480
VDD,met2-met3,STRIPE,via,239761,209200,241361,209680,1600,via2_1600x480
VDD,met1-met2,STRIPE,via,239761,209200,241361,209680,1600,via_1600x480
VDD,met3-met4,STRIPE,via,212929,209200,214529,209680,1600,via3_1600x480
VDD,met2-met3,STRIPE,via,212929,209200,214529,209680,1600,via2_1600x480
VDD,met1-met2,STRIPE,via,212929,209200,214529,209680,1600,via_1600x480
VDD,met3-met4,STRIPE,via,185622,209200,187222,209680,1600,via3_1600x480
VDD,met2-met3,STRIPE,via,185622,209200,187222,209680,1600,via2_1600x480
VDD,met1-met2,STRIPE,via,185622,209200,187222,209680,1600,via_1600x480
VDD,met3-met4,STRIPE,via,159052,209200,160652,209680,1600,via3_1600x480
VDD,met2-met3,STRIPE,via,159052,209200,160652,209680,1600,via2_1600x480
VDD,met1-met2,STRIPE,via,159052,209200,160652,209680,1600,via_1600x480
VDD,met3-met4,STRIPE,via,131425,209200,133025,209680,1600,via3_1600x480
VDD,met2-met3,STRIPE,via,131425,209200,133025,209680,1600,via2_1600x480
VDD,met1-met2,STRIPE,via,131425,209200,133025,209680,1600,via_1600x480
VDD,met3-met4,STRIPE,via,104322,209200,105922,209680,1600,via3_1600x480
VDD,met2-met3,STRIPE,via,104322,209200,105922,209680,1600,via2_1600x480
VDD,met1-met2,STRIPE,via,104322,209200,105922,209680,1600,via_1600x480
VDD,met3-met4,STRIPE,via,77629,209200,79229,209680,1600,via3_1600x480
VDD,met2-met3,STRIPE,via,77629,209200,79229,209680,1600,via2_1600x480
VDD,met1-met2,STRIPE,via,77629,209200,79229,209680,1600,via_1600x480
VDD,met3-met4,STRIPE,via,50276,209200,51876,209680,1600,via3_1600x480
VDD,met2-met3,STRIPE,via,50276,209200,51876,209680,1600,via2_1600x480
VDD,met1-met2,STRIPE,via,50276,209200,51876,209680,1600,via_1600x480
VDD,met3-met4,STRIPE,via,23319,209200,24919,209680,1600,via3_1600x480
VDD,met2-met3,STRIPE,via,23319,209200,24919,209680,1600,via2_1600x480
VDD,met1-met2,STRIPE,via,23319,209200,24919,209680,1600,via_1600x480
VDD,met3-met4,STRIPE,via,267146,203760,268746,204240,1600,via3_1600x480
VDD,met2-met3,STRIPE,via,267146,203760,268746,204240,1600,via2_1600x480
VDD,met1-met2,STRIPE,via,267146,203760,268746,204240,1600,via_1600x480
VDD,met3-met4,STRIPE,via,239761,203760,241361,204240,1600,via3_1600x480
VDD,met2-met3,STRIPE,via,239761,203760,241361,204240,1600,via2_1600x480
VDD,met1-met2,STRIPE,via,239761,203760,241361,204240,1600,via_1600x480
VDD,met3-met4,STRIPE,via,212929,203760,214529,204240,1600,via3_1600x480
VDD,met2-met3,STRIPE,via,212929,203760,214529,204240,1600,via2_1600x480
VDD,met1-met2,STRIPE,via,212929,203760,214529,204240,1600,via_1600x480
VDD,met3-met4,STRIPE,via,185622,203760,187222,204240,1600,via3_1600x480
VDD,met2-met3,STRIPE,via,185622,203760,187222,204240,1600,via2_1600x480
VDD,met1-met2,STRIPE,via,185622,203760,187222,204240,1600,via_1600x480
VDD,met3-met4,STRIPE,via,159052,203760,160652,204240,1600,via3_1600x480
VDD,met2-met3,STRIPE,via,159052,203760,160652,204240,1600,via2_1600x480
VDD,met1-met2,STRIPE,via,159052,203760,160652,204240,1600,via_1600x480
VDD,met3-met4,STRIPE,via,131425,203760,133025,204240,1600,via3_1600x480
VDD,met2-met3,STRIPE,via,131425,203760,133025,204240,1600,via2_1600x480
VDD,met1-met2,STRIPE,via,131425,203760,133025,204240,1600,via_1600x480
VDD,met3-met4,STRIPE,via,104322,203760,105922,204240,1600,via3_1600x480
VDD,met2-met3,STRIPE,via,104322,203760,105922,204240,1600,via2_1600x480
VDD,met1-met2,STRIPE,via,104322,203760,105922,204240,1600,via_1600x480
VDD,met3-met4,STRIPE,via,77629,203760,79229,204240,1600,via3_1600x480
VDD,met2-met3,STRIPE,via,77629,203760,79229,204240,1600,via2_1600x480
VDD,met1-met2,STRIPE,via,77629,203760,79229,204240,1600,via_1600x480
VDD,met3-met4,STRIPE,via,50276,203760,51876,204240,1600,via3_1600x480
VDD,met2-met3,STRIPE,via,50276,203760,51876,204240,1600,via2_1600x480
VDD,met1-met2,STRIPE,via,50276,203760,51876,204240,1600,via_1600x480
VDD,met3-met4,STRIPE,via,23319,203760,24919,204240,1600,via3_1600x480
VDD,met2-met3,STRIPE,via,23319,203760,24919,204240,1600,via2_1600x480
VDD,met1-met2,STRIPE,via,23319,203760,24919,204240,1600,via_1600x480
VDD,met3-met4,STRIPE,via,267146,198320,268746,198800,1600,via3_1600x480
VDD,met2-met3,STRIPE,via,267146,198320,268746,198800,1600,via2_1600x480
VDD,met1-met2,STRIPE,via,267146,198320,268746,198800,1600,via_1600x480
VDD,met3-met4,STRIPE,via,239761,198320,241361,198800,1600,via3_1600x480
VDD,met2-met3,STRIPE,via,239761,198320,241361,198800,1600,via2_1600x480
VDD,met1-met2,STRIPE,via,239761,198320,241361,198800,1600,via_1600x480
VDD,met3-met4,STRIPE,via,212929,198320,214529,198800,1600,via3_1600x480
VDD,met2-met3,STRIPE,via,212929,198320,214529,198800,1600,via2_1600x480
VDD,met1-met2,STRIPE,via,212929,198320,214529,198800,1600,via_1600x480
VDD,met3-met4,STRIPE,via,185622,198320,187222,198800,1600,via3_1600x480
VDD,met2-met3,STRIPE,via,185622,198320,187222,198800,1600,via2_1600x480
VDD,met1-met2,STRIPE,via,185622,198320,187222,198800,1600,via_1600x480
VDD,met3-met4,STRIPE,via,159052,198320,160652,198800,1600,via3_1600x480
VDD,met2-met3,STRIPE,via,159052,198320,160652,198800,1600,via2_1600x480
VDD,met1-met2,STRIPE,via,159052,198320,160652,198800,1600,via_1600x480
VDD,met3-met4,STRIPE,via,131425,198320,133025,198800,1600,via3_1600x480
VDD,met2-met3,STRIPE,via,131425,198320,133025,198800,1600,via2_1600x480
VDD,met1-met2,STRIPE,via,131425,198320,133025,198800,1600,via_1600x480
VDD,met3-met4,STRIPE,via,104322,198320,105922,198800,1600,via3_1600x480
VDD,met2-met3,STRIPE,via,104322,198320,105922,198800,1600,via2_1600x480
VDD,met1-met2,STRIPE,via,104322,198320,105922,198800,1600,via_1600x480
VDD,met3-met4,STRIPE,via,77629,198320,79229,198800,1600,via3_1600x480
VDD,met2-met3,STRIPE,via,77629,198320,79229,198800,1600,via2_1600x480
VDD,met1-met2,STRIPE,via,77629,198320,79229,198800,1600,via_1600x480
VDD,met3-met4,STRIPE,via,50276,198320,51876,198800,1600,via3_1600x480
VDD,met2-met3,STRIPE,via,50276,198320,51876,198800,1600,via2_1600x480
VDD,met1-met2,STRIPE,via,50276,198320,51876,198800,1600,via_1600x480
VDD,met3-met4,STRIPE,via,23319,198320,24919,198800,1600,via3_1600x480
VDD,met2-met3,STRIPE,via,23319,198320,24919,198800,1600,via2_1600x480
VDD,met1-met2,STRIPE,via,23319,198320,24919,198800,1600,via_1600x480
VDD,met3-met4,STRIPE,via,267146,192880,268746,193360,1600,via3_1600x480
VDD,met2-met3,STRIPE,via,267146,192880,268746,193360,1600,via2_1600x480
VDD,met1-met2,STRIPE,via,267146,192880,268746,193360,1600,via_1600x480
VDD,met3-met4,STRIPE,via,239761,192880,241361,193360,1600,via3_1600x480
VDD,met2-met3,STRIPE,via,239761,192880,241361,193360,1600,via2_1600x480
VDD,met1-met2,STRIPE,via,239761,192880,241361,193360,1600,via_1600x480
VDD,met3-met4,STRIPE,via,212929,192880,214529,193360,1600,via3_1600x480
VDD,met2-met3,STRIPE,via,212929,192880,214529,193360,1600,via2_1600x480
VDD,met1-met2,STRIPE,via,212929,192880,214529,193360,1600,via_1600x480
VDD,met3-met4,STRIPE,via,185622,192880,187222,193360,1600,via3_1600x480
VDD,met2-met3,STRIPE,via,185622,192880,187222,193360,1600,via2_1600x480
VDD,met1-met2,STRIPE,via,185622,192880,187222,193360,1600,via_1600x480
VDD,met3-met4,STRIPE,via,159052,192880,160652,193360,1600,via3_1600x480
VDD,met2-met3,STRIPE,via,159052,192880,160652,193360,1600,via2_1600x480
VDD,met1-met2,STRIPE,via,159052,192880,160652,193360,1600,via_1600x480
VDD,met3-met4,STRIPE,via,131425,192880,133025,193360,1600,via3_1600x480
VDD,met2-met3,STRIPE,via,131425,192880,133025,193360,1600,via2_1600x480
VDD,met1-met2,STRIPE,via,131425,192880,133025,193360,1600,via_1600x480
VDD,met3-met4,STRIPE,via,104322,192880,105922,193360,1600,via3_1600x480
VDD,met2-met3,STRIPE,via,104322,192880,105922,193360,1600,via2_1600x480
VDD,met1-met2,STRIPE,via,104322,192880,105922,193360,1600,via_1600x480
VDD,met3-met4,STRIPE,via,77629,192880,79229,193360,1600,via3_1600x480
VDD,met2-met3,STRIPE,via,77629,192880,79229,193360,1600,via2_1600x480
VDD,met1-met2,STRIPE,via,77629,192880,79229,193360,1600,via_1600x480
VDD,met3-met4,STRIPE,via,50276,192880,51876,193360,1600,via3_1600x480
VDD,met2-met3,STRIPE,via,50276,192880,51876,193360,1600,via2_1600x480
VDD,met1-met2,STRIPE,via,50276,192880,51876,193360,1600,via_1600x480
VDD,met3-met4,STRIPE,via,23319,192880,24919,193360,1600,via3_1600x480
VDD,met2-met3,STRIPE,via,23319,192880,24919,193360,1600,via2_1600x480
VDD,met1-met2,STRIPE,via,23319,192880,24919,193360,1600,via_1600x480
VDD,met3-met4,STRIPE,via,267146,187440,268746,187920,1600,via3_1600x480
VDD,met2-met3,STRIPE,via,267146,187440,268746,187920,1600,via2_1600x480
VDD,met1-met2,STRIPE,via,267146,187440,268746,187920,1600,via_1600x480
VDD,met3-met4,STRIPE,via,239761,187440,241361,187920,1600,via3_1600x480
VDD,met2-met3,STRIPE,via,239761,187440,241361,187920,1600,via2_1600x480
VDD,met1-met2,STRIPE,via,239761,187440,241361,187920,1600,via_1600x480
VDD,met3-met4,STRIPE,via,212929,187440,214529,187920,1600,via3_1600x480
VDD,met2-met3,STRIPE,via,212929,187440,214529,187920,1600,via2_1600x480
VDD,met1-met2,STRIPE,via,212929,187440,214529,187920,1600,via_1600x480
VDD,met3-met4,STRIPE,via,185622,187440,187222,187920,1600,via3_1600x480
VDD,met2-met3,STRIPE,via,185622,187440,187222,187920,1600,via2_1600x480
VDD,met1-met2,STRIPE,via,185622,187440,187222,187920,1600,via_1600x480
VDD,met3-met4,STRIPE,via,159052,187440,160652,187920,1600,via3_1600x480
VDD,met2-met3,STRIPE,via,159052,187440,160652,187920,1600,via2_1600x480
VDD,met1-met2,STRIPE,via,159052,187440,160652,187920,1600,via_1600x480
VDD,met3-met4,STRIPE,via,131425,187440,133025,187920,1600,via3_1600x480
VDD,met2-met3,STRIPE,via,131425,187440,133025,187920,1600,via2_1600x480
VDD,met1-met2,STRIPE,via,131425,187440,133025,187920,1600,via_1600x480
VDD,met3-met4,STRIPE,via,104322,187440,105922,187920,1600,via3_1600x480
VDD,met2-met3,STRIPE,via,104322,187440,105922,187920,1600,via2_1600x480
VDD,met1-met2,STRIPE,via,104322,187440,105922,187920,1600,via_1600x480
VDD,met3-met4,STRIPE,via,77629,187440,79229,187920,1600,via3_1600x480
VDD,met2-met3,STRIPE,via,77629,187440,79229,187920,1600,via2_1600x480
VDD,met1-met2,STRIPE,via,77629,187440,79229,187920,1600,via_1600x480
VDD,met3-met4,STRIPE,via,50276,187440,51876,187920,1600,via3_1600x480
VDD,met2-met3,STRIPE,via,50276,187440,51876,187920,1600,via2_1600x480
VDD,met1-met2,STRIPE,via,50276,187440,51876,187920,1600,via_1600x480
VDD,met3-met4,STRIPE,via,23319,187440,24919,187920,1600,via3_1600x480
VDD,met2-met3,STRIPE,via,23319,187440,24919,187920,1600,via2_1600x480
VDD,met1-met2,STRIPE,via,23319,187440,24919,187920,1600,via_1600x480
VDD,met3-met4,STRIPE,via,267146,182000,268746,182480,1600,via3_1600x480
VDD,met2-met3,STRIPE,via,267146,182000,268746,182480,1600,via2_1600x480
VDD,met1-met2,STRIPE,via,267146,182000,268746,182480,1600,via_1600x480
VDD,met3-met4,STRIPE,via,239761,182000,241361,182480,1600,via3_1600x480
VDD,met2-met3,STRIPE,via,239761,182000,241361,182480,1600,via2_1600x480
VDD,met1-met2,STRIPE,via,239761,182000,241361,182480,1600,via_1600x480
VDD,met3-met4,STRIPE,via,212929,182000,214529,182480,1600,via3_1600x480
VDD,met2-met3,STRIPE,via,212929,182000,214529,182480,1600,via2_1600x480
VDD,met1-met2,STRIPE,via,212929,182000,214529,182480,1600,via_1600x480
VDD,met3-met4,STRIPE,via,185622,182000,187222,182480,1600,via3_1600x480
VDD,met2-met3,STRIPE,via,185622,182000,187222,182480,1600,via2_1600x480
VDD,met1-met2,STRIPE,via,185622,182000,187222,182480,1600,via_1600x480
VDD,met3-met4,STRIPE,via,159052,182000,160652,182480,1600,via3_1600x480
VDD,met2-met3,STRIPE,via,159052,182000,160652,182480,1600,via2_1600x480
VDD,met1-met2,STRIPE,via,159052,182000,160652,182480,1600,via_1600x480
VDD,met3-met4,STRIPE,via,131425,182000,133025,182480,1600,via3_1600x480
VDD,met2-met3,STRIPE,via,131425,182000,133025,182480,1600,via2_1600x480
VDD,met1-met2,STRIPE,via,131425,182000,133025,182480,1600,via_1600x480
VDD,met3-met4,STRIPE,via,104322,182000,105922,182480,1600,via3_1600x480
VDD,met2-met3,STRIPE,via,104322,182000,105922,182480,1600,via2_1600x480
VDD,met1-met2,STRIPE,via,104322,182000,105922,182480,1600,via_1600x480
VDD,met3-met4,STRIPE,via,77629,182000,79229,182480,1600,via3_1600x480
VDD,met2-met3,STRIPE,via,77629,182000,79229,182480,1600,via2_1600x480
VDD,met1-met2,STRIPE,via,77629,182000,79229,182480,1600,via_1600x480
VDD,met3-met4,STRIPE,via,50276,182000,51876,182480,1600,via3_1600x480
VDD,met2-met3,STRIPE,via,50276,182000,51876,182480,1600,via2_1600x480
VDD,met1-met2,STRIPE,via,50276,182000,51876,182480,1600,via_1600x480
VDD,met3-met4,STRIPE,via,23319,182000,24919,182480,1600,via3_1600x480
VDD,met2-met3,STRIPE,via,23319,182000,24919,182480,1600,via2_1600x480
VDD,met1-met2,STRIPE,via,23319,182000,24919,182480,1600,via_1600x480
VDD,met3-met4,STRIPE,via,267146,176560,268746,177040,1600,via3_1600x480
VDD,met2-met3,STRIPE,via,267146,176560,268746,177040,1600,via2_1600x480
VDD,met1-met2,STRIPE,via,267146,176560,268746,177040,1600,via_1600x480
VDD,met3-met4,STRIPE,via,239761,176560,241361,177040,1600,via3_1600x480
VDD,met2-met3,STRIPE,via,239761,176560,241361,177040,1600,via2_1600x480
VDD,met1-met2,STRIPE,via,239761,176560,241361,177040,1600,via_1600x480
VDD,met3-met4,STRIPE,via,212929,176560,214529,177040,1600,via3_1600x480
VDD,met2-met3,STRIPE,via,212929,176560,214529,177040,1600,via2_1600x480
VDD,met1-met2,STRIPE,via,212929,176560,214529,177040,1600,via_1600x480
VDD,met3-met4,STRIPE,via,185622,176560,187222,177040,1600,via3_1600x480
VDD,met2-met3,STRIPE,via,185622,176560,187222,177040,1600,via2_1600x480
VDD,met1-met2,STRIPE,via,185622,176560,187222,177040,1600,via_1600x480
VDD,met3-met4,STRIPE,via,159052,176560,160652,177040,1600,via3_1600x480
VDD,met2-met3,STRIPE,via,159052,176560,160652,177040,1600,via2_1600x480
VDD,met1-met2,STRIPE,via,159052,176560,160652,177040,1600,via_1600x480
VDD,met3-met4,STRIPE,via,131425,176560,133025,177040,1600,via3_1600x480
VDD,met2-met3,STRIPE,via,131425,176560,133025,177040,1600,via2_1600x480
VDD,met1-met2,STRIPE,via,131425,176560,133025,177040,1600,via_1600x480
VDD,met3-met4,STRIPE,via,104322,176560,105922,177040,1600,via3_1600x480
VDD,met2-met3,STRIPE,via,104322,176560,105922,177040,1600,via2_1600x480
VDD,met1-met2,STRIPE,via,104322,176560,105922,177040,1600,via_1600x480
VDD,met3-met4,STRIPE,via,77629,176560,79229,177040,1600,via3_1600x480
VDD,met2-met3,STRIPE,via,77629,176560,79229,177040,1600,via2_1600x480
VDD,met1-met2,STRIPE,via,77629,176560,79229,177040,1600,via_1600x480
VDD,met3-met4,STRIPE,via,50276,176560,51876,177040,1600,via3_1600x480
VDD,met2-met3,STRIPE,via,50276,176560,51876,177040,1600,via2_1600x480
VDD,met1-met2,STRIPE,via,50276,176560,51876,177040,1600,via_1600x480
VDD,met3-met4,STRIPE,via,23319,176560,24919,177040,1600,via3_1600x480
VDD,met2-met3,STRIPE,via,23319,176560,24919,177040,1600,via2_1600x480
VDD,met1-met2,STRIPE,via,23319,176560,24919,177040,1600,via_1600x480
VDD,met3-met4,STRIPE,via,267146,171120,268746,171600,1600,via3_1600x480
VDD,met2-met3,STRIPE,via,267146,171120,268746,171600,1600,via2_1600x480
VDD,met1-met2,STRIPE,via,267146,171120,268746,171600,1600,via_1600x480
VDD,met3-met4,STRIPE,via,239761,171120,241361,171600,1600,via3_1600x480
VDD,met2-met3,STRIPE,via,239761,171120,241361,171600,1600,via2_1600x480
VDD,met1-met2,STRIPE,via,239761,171120,241361,171600,1600,via_1600x480
VDD,met3-met4,STRIPE,via,212929,171120,214529,171600,1600,via3_1600x480
VDD,met2-met3,STRIPE,via,212929,171120,214529,171600,1600,via2_1600x480
VDD,met1-met2,STRIPE,via,212929,171120,214529,171600,1600,via_1600x480
VDD,met3-met4,STRIPE,via,185622,171120,187222,171600,1600,via3_1600x480
VDD,met2-met3,STRIPE,via,185622,171120,187222,171600,1600,via2_1600x480
VDD,met1-met2,STRIPE,via,185622,171120,187222,171600,1600,via_1600x480
VDD,met3-met4,STRIPE,via,159052,171120,160652,171600,1600,via3_1600x480
VDD,met2-met3,STRIPE,via,159052,171120,160652,171600,1600,via2_1600x480
VDD,met1-met2,STRIPE,via,159052,171120,160652,171600,1600,via_1600x480
VDD,met3-met4,STRIPE,via,131425,171120,133025,171600,1600,via3_1600x480
VDD,met2-met3,STRIPE,via,131425,171120,133025,171600,1600,via2_1600x480
VDD,met1-met2,STRIPE,via,131425,171120,133025,171600,1600,via_1600x480
VDD,met3-met4,STRIPE,via,104322,171120,105922,171600,1600,via3_1600x480
VDD,met2-met3,STRIPE,via,104322,171120,105922,171600,1600,via2_1600x480
VDD,met1-met2,STRIPE,via,104322,171120,105922,171600,1600,via_1600x480
VDD,met3-met4,STRIPE,via,77629,171120,79229,171600,1600,via3_1600x480
VDD,met2-met3,STRIPE,via,77629,171120,79229,171600,1600,via2_1600x480
VDD,met1-met2,STRIPE,via,77629,171120,79229,171600,1600,via_1600x480
VDD,met3-met4,STRIPE,via,50276,171120,51876,171600,1600,via3_1600x480
VDD,met2-met3,STRIPE,via,50276,171120,51876,171600,1600,via2_1600x480
VDD,met1-met2,STRIPE,via,50276,171120,51876,171600,1600,via_1600x480
VDD,met3-met4,STRIPE,via,23319,171120,24919,171600,1600,via3_1600x480
VDD,met2-met3,STRIPE,via,23319,171120,24919,171600,1600,via2_1600x480
VDD,met1-met2,STRIPE,via,23319,171120,24919,171600,1600,via_1600x480
VDD,met3-met4,STRIPE,via,267146,165680,268746,166160,1600,via3_1600x480
VDD,met2-met3,STRIPE,via,267146,165680,268746,166160,1600,via2_1600x480
VDD,met1-met2,STRIPE,via,267146,165680,268746,166160,1600,via_1600x480
VDD,met3-met4,STRIPE,via,239761,165680,241361,166160,1600,via3_1600x480
VDD,met2-met3,STRIPE,via,239761,165680,241361,166160,1600,via2_1600x480
VDD,met1-met2,STRIPE,via,239761,165680,241361,166160,1600,via_1600x480
VDD,met3-met4,STRIPE,via,212929,165680,214529,166160,1600,via3_1600x480
VDD,met2-met3,STRIPE,via,212929,165680,214529,166160,1600,via2_1600x480
VDD,met1-met2,STRIPE,via,212929,165680,214529,166160,1600,via_1600x480
VDD,met3-met4,STRIPE,via,185622,165680,187222,166160,1600,via3_1600x480
VDD,met2-met3,STRIPE,via,185622,165680,187222,166160,1600,via2_1600x480
VDD,met1-met2,STRIPE,via,185622,165680,187222,166160,1600,via_1600x480
VDD,met3-met4,STRIPE,via,159052,165680,160652,166160,1600,via3_1600x480
VDD,met2-met3,STRIPE,via,159052,165680,160652,166160,1600,via2_1600x480
VDD,met1-met2,STRIPE,via,159052,165680,160652,166160,1600,via_1600x480
VDD,met3-met4,STRIPE,via,131425,165680,133025,166160,1600,via3_1600x480
VDD,met2-met3,STRIPE,via,131425,165680,133025,166160,1600,via2_1600x480
VDD,met1-met2,STRIPE,via,131425,165680,133025,166160,1600,via_1600x480
VDD,met3-met4,STRIPE,via,104322,165680,105922,166160,1600,via3_1600x480
VDD,met2-met3,STRIPE,via,104322,165680,105922,166160,1600,via2_1600x480
VDD,met1-met2,STRIPE,via,104322,165680,105922,166160,1600,via_1600x480
VDD,met3-met4,STRIPE,via,77629,165680,79229,166160,1600,via3_1600x480
VDD,met2-met3,STRIPE,via,77629,165680,79229,166160,1600,via2_1600x480
VDD,met1-met2,STRIPE,via,77629,165680,79229,166160,1600,via_1600x480
VDD,met3-met4,STRIPE,via,50276,165680,51876,166160,1600,via3_1600x480
VDD,met2-met3,STRIPE,via,50276,165680,51876,166160,1600,via2_1600x480
VDD,met1-met2,STRIPE,via,50276,165680,51876,166160,1600,via_1600x480
VDD,met3-met4,STRIPE,via,23319,165680,24919,166160,1600,via3_1600x480
VDD,met2-met3,STRIPE,via,23319,165680,24919,166160,1600,via2_1600x480
VDD,met1-met2,STRIPE,via,23319,165680,24919,166160,1600,via_1600x480
VDD,met3-met4,STRIPE,via,267146,160240,268746,160720,1600,via3_1600x480
VDD,met2-met3,STRIPE,via,267146,160240,268746,160720,1600,via2_1600x480
VDD,met1-met2,STRIPE,via,267146,160240,268746,160720,1600,via_1600x480
VDD,met3-met4,STRIPE,via,239761,160240,241361,160720,1600,via3_1600x480
VDD,met2-met3,STRIPE,via,239761,160240,241361,160720,1600,via2_1600x480
VDD,met1-met2,STRIPE,via,239761,160240,241361,160720,1600,via_1600x480
VDD,met3-met4,STRIPE,via,212929,160240,214529,160720,1600,via3_1600x480
VDD,met2-met3,STRIPE,via,212929,160240,214529,160720,1600,via2_1600x480
VDD,met1-met2,STRIPE,via,212929,160240,214529,160720,1600,via_1600x480
VDD,met3-met4,STRIPE,via,185622,160240,187222,160720,1600,via3_1600x480
VDD,met2-met3,STRIPE,via,185622,160240,187222,160720,1600,via2_1600x480
VDD,met1-met2,STRIPE,via,185622,160240,187222,160720,1600,via_1600x480
VDD,met3-met4,STRIPE,via,159052,160240,160652,160720,1600,via3_1600x480
VDD,met2-met3,STRIPE,via,159052,160240,160652,160720,1600,via2_1600x480
VDD,met1-met2,STRIPE,via,159052,160240,160652,160720,1600,via_1600x480
VDD,met3-met4,STRIPE,via,131425,160240,133025,160720,1600,via3_1600x480
VDD,met2-met3,STRIPE,via,131425,160240,133025,160720,1600,via2_1600x480
VDD,met1-met2,STRIPE,via,131425,160240,133025,160720,1600,via_1600x480
VDD,met3-met4,STRIPE,via,104322,160240,105922,160720,1600,via3_1600x480
VDD,met2-met3,STRIPE,via,104322,160240,105922,160720,1600,via2_1600x480
VDD,met1-met2,STRIPE,via,104322,160240,105922,160720,1600,via_1600x480
VDD,met3-met4,STRIPE,via,77629,160240,79229,160720,1600,via3_1600x480
VDD,met2-met3,STRIPE,via,77629,160240,79229,160720,1600,via2_1600x480
VDD,met1-met2,STRIPE,via,77629,160240,79229,160720,1600,via_1600x480
VDD,met3-met4,STRIPE,via,50276,160240,51876,160720,1600,via3_1600x480
VDD,met2-met3,STRIPE,via,50276,160240,51876,160720,1600,via2_1600x480
VDD,met1-met2,STRIPE,via,50276,160240,51876,160720,1600,via_1600x480
VDD,met3-met4,STRIPE,via,23319,160240,24919,160720,1600,via3_1600x480
VDD,met2-met3,STRIPE,via,23319,160240,24919,160720,1600,via2_1600x480
VDD,met1-met2,STRIPE,via,23319,160240,24919,160720,1600,via_1600x480
VDD,met3-met4,STRIPE,via,267146,154800,268746,155280,1600,via3_1600x480
VDD,met2-met3,STRIPE,via,267146,154800,268746,155280,1600,via2_1600x480
VDD,met1-met2,STRIPE,via,267146,154800,268746,155280,1600,via_1600x480
VDD,met3-met4,STRIPE,via,239761,154800,241361,155280,1600,via3_1600x480
VDD,met2-met3,STRIPE,via,239761,154800,241361,155280,1600,via2_1600x480
VDD,met1-met2,STRIPE,via,239761,154800,241361,155280,1600,via_1600x480
VDD,met3-met4,STRIPE,via,212929,154800,214529,155280,1600,via3_1600x480
VDD,met2-met3,STRIPE,via,212929,154800,214529,155280,1600,via2_1600x480
VDD,met1-met2,STRIPE,via,212929,154800,214529,155280,1600,via_1600x480
VDD,met3-met4,STRIPE,via,185622,154800,187222,155280,1600,via3_1600x480
VDD,met2-met3,STRIPE,via,185622,154800,187222,155280,1600,via2_1600x480
VDD,met1-met2,STRIPE,via,185622,154800,187222,155280,1600,via_1600x480
VDD,met3-met4,STRIPE,via,159052,154800,160652,155280,1600,via3_1600x480
VDD,met2-met3,STRIPE,via,159052,154800,160652,155280,1600,via2_1600x480
VDD,met1-met2,STRIPE,via,159052,154800,160652,155280,1600,via_1600x480
VDD,met3-met4,STRIPE,via,131425,154800,133025,155280,1600,via3_1600x480
VDD,met2-met3,STRIPE,via,131425,154800,133025,155280,1600,via2_1600x480
VDD,met1-met2,STRIPE,via,131425,154800,133025,155280,1600,via_1600x480
VDD,met3-met4,STRIPE,via,104322,154800,105922,155280,1600,via3_1600x480
VDD,met2-met3,STRIPE,via,104322,154800,105922,155280,1600,via2_1600x480
VDD,met1-met2,STRIPE,via,104322,154800,105922,155280,1600,via_1600x480
VDD,met3-met4,STRIPE,via,77629,154800,79229,155280,1600,via3_1600x480
VDD,met2-met3,STRIPE,via,77629,154800,79229,155280,1600,via2_1600x480
VDD,met1-met2,STRIPE,via,77629,154800,79229,155280,1600,via_1600x480
VDD,met3-met4,STRIPE,via,50276,154800,51876,155280,1600,via3_1600x480
VDD,met2-met3,STRIPE,via,50276,154800,51876,155280,1600,via2_1600x480
VDD,met1-met2,STRIPE,via,50276,154800,51876,155280,1600,via_1600x480
VDD,met3-met4,STRIPE,via,23319,154800,24919,155280,1600,via3_1600x480
VDD,met2-met3,STRIPE,via,23319,154800,24919,155280,1600,via2_1600x480
VDD,met1-met2,STRIPE,via,23319,154800,24919,155280,1600,via_1600x480
VDD,met3-met4,STRIPE,via,267146,149360,268746,149840,1600,via3_1600x480
VDD,met2-met3,STRIPE,via,267146,149360,268746,149840,1600,via2_1600x480
VDD,met1-met2,STRIPE,via,267146,149360,268746,149840,1600,via_1600x480
VDD,met3-met4,STRIPE,via,239761,149360,241361,149840,1600,via3_1600x480
VDD,met2-met3,STRIPE,via,239761,149360,241361,149840,1600,via2_1600x480
VDD,met1-met2,STRIPE,via,239761,149360,241361,149840,1600,via_1600x480
VDD,met3-met4,STRIPE,via,212929,149360,214529,149840,1600,via3_1600x480
VDD,met2-met3,STRIPE,via,212929,149360,214529,149840,1600,via2_1600x480
VDD,met1-met2,STRIPE,via,212929,149360,214529,149840,1600,via_1600x480
VDD,met3-met4,STRIPE,via,185622,149360,187222,149840,1600,via3_1600x480
VDD,met2-met3,STRIPE,via,185622,149360,187222,149840,1600,via2_1600x480
VDD,met1-met2,STRIPE,via,185622,149360,187222,149840,1600,via_1600x480
VDD,met3-met4,STRIPE,via,159052,149360,160652,149840,1600,via3_1600x480
VDD,met2-met3,STRIPE,via,159052,149360,160652,149840,1600,via2_1600x480
VDD,met1-met2,STRIPE,via,159052,149360,160652,149840,1600,via_1600x480
VDD,met3-met4,STRIPE,via,131425,149360,133025,149840,1600,via3_1600x480
VDD,met2-met3,STRIPE,via,131425,149360,133025,149840,1600,via2_1600x480
VDD,met1-met2,STRIPE,via,131425,149360,133025,149840,1600,via_1600x480
VDD,met3-met4,STRIPE,via,104322,149360,105922,149840,1600,via3_1600x480
VDD,met2-met3,STRIPE,via,104322,149360,105922,149840,1600,via2_1600x480
VDD,met1-met2,STRIPE,via,104322,149360,105922,149840,1600,via_1600x480
VDD,met3-met4,STRIPE,via,77629,149360,79229,149840,1600,via3_1600x480
VDD,met2-met3,STRIPE,via,77629,149360,79229,149840,1600,via2_1600x480
VDD,met1-met2,STRIPE,via,77629,149360,79229,149840,1600,via_1600x480
VDD,met3-met4,STRIPE,via,50276,149360,51876,149840,1600,via3_1600x480
VDD,met2-met3,STRIPE,via,50276,149360,51876,149840,1600,via2_1600x480
VDD,met1-met2,STRIPE,via,50276,149360,51876,149840,1600,via_1600x480
VDD,met3-met4,STRIPE,via,23319,149360,24919,149840,1600,via3_1600x480
VDD,met2-met3,STRIPE,via,23319,149360,24919,149840,1600,via2_1600x480
VDD,met1-met2,STRIPE,via,23319,149360,24919,149840,1600,via_1600x480
VDD,met3-met4,STRIPE,via,267146,143920,268746,144400,1600,via3_1600x480
VDD,met2-met3,STRIPE,via,267146,143920,268746,144400,1600,via2_1600x480
VDD,met1-met2,STRIPE,via,267146,143920,268746,144400,1600,via_1600x480
VDD,met3-met4,STRIPE,via,239761,143920,241361,144400,1600,via3_1600x480
VDD,met2-met3,STRIPE,via,239761,143920,241361,144400,1600,via2_1600x480
VDD,met1-met2,STRIPE,via,239761,143920,241361,144400,1600,via_1600x480
VDD,met3-met4,STRIPE,via,212929,143920,214529,144400,1600,via3_1600x480
VDD,met2-met3,STRIPE,via,212929,143920,214529,144400,1600,via2_1600x480
VDD,met1-met2,STRIPE,via,212929,143920,214529,144400,1600,via_1600x480
VDD,met3-met4,STRIPE,via,185622,143920,187222,144400,1600,via3_1600x480
VDD,met2-met3,STRIPE,via,185622,143920,187222,144400,1600,via2_1600x480
VDD,met1-met2,STRIPE,via,185622,143920,187222,144400,1600,via_1600x480
VDD,met3-met4,STRIPE,via,159052,143920,160652,144400,1600,via3_1600x480
VDD,met2-met3,STRIPE,via,159052,143920,160652,144400,1600,via2_1600x480
VDD,met1-met2,STRIPE,via,159052,143920,160652,144400,1600,via_1600x480
VDD,met3-met4,STRIPE,via,131425,143920,133025,144400,1600,via3_1600x480
VDD,met2-met3,STRIPE,via,131425,143920,133025,144400,1600,via2_1600x480
VDD,met1-met2,STRIPE,via,131425,143920,133025,144400,1600,via_1600x480
VDD,met3-met4,STRIPE,via,104322,143920,105922,144400,1600,via3_1600x480
VDD,met2-met3,STRIPE,via,104322,143920,105922,144400,1600,via2_1600x480
VDD,met1-met2,STRIPE,via,104322,143920,105922,144400,1600,via_1600x480
VDD,met3-met4,STRIPE,via,77629,143920,79229,144400,1600,via3_1600x480
VDD,met2-met3,STRIPE,via,77629,143920,79229,144400,1600,via2_1600x480
VDD,met1-met2,STRIPE,via,77629,143920,79229,144400,1600,via_1600x480
VDD,met3-met4,STRIPE,via,50276,143920,51876,144400,1600,via3_1600x480
VDD,met2-met3,STRIPE,via,50276,143920,51876,144400,1600,via2_1600x480
VDD,met1-met2,STRIPE,via,50276,143920,51876,144400,1600,via_1600x480
VDD,met3-met4,STRIPE,via,23319,143920,24919,144400,1600,via3_1600x480
VDD,met2-met3,STRIPE,via,23319,143920,24919,144400,1600,via2_1600x480
VDD,met1-met2,STRIPE,via,23319,143920,24919,144400,1600,via_1600x480
VDD,met3-met4,STRIPE,via,267146,138480,268746,138960,1600,via3_1600x480
VDD,met2-met3,STRIPE,via,267146,138480,268746,138960,1600,via2_1600x480
VDD,met1-met2,STRIPE,via,267146,138480,268746,138960,1600,via_1600x480
VDD,met3-met4,STRIPE,via,239761,138480,241361,138960,1600,via3_1600x480
VDD,met2-met3,STRIPE,via,239761,138480,241361,138960,1600,via2_1600x480
VDD,met1-met2,STRIPE,via,239761,138480,241361,138960,1600,via_1600x480
VDD,met3-met4,STRIPE,via,212929,138480,214529,138960,1600,via3_1600x480
VDD,met2-met3,STRIPE,via,212929,138480,214529,138960,1600,via2_1600x480
VDD,met1-met2,STRIPE,via,212929,138480,214529,138960,1600,via_1600x480
VDD,met3-met4,STRIPE,via,185622,138480,187222,138960,1600,via3_1600x480
VDD,met2-met3,STRIPE,via,185622,138480,187222,138960,1600,via2_1600x480
VDD,met1-met2,STRIPE,via,185622,138480,187222,138960,1600,via_1600x480
VDD,met3-met4,STRIPE,via,159052,138480,160652,138960,1600,via3_1600x480
VDD,met2-met3,STRIPE,via,159052,138480,160652,138960,1600,via2_1600x480
VDD,met1-met2,STRIPE,via,159052,138480,160652,138960,1600,via_1600x480
VDD,met3-met4,STRIPE,via,131425,138480,133025,138960,1600,via3_1600x480
VDD,met2-met3,STRIPE,via,131425,138480,133025,138960,1600,via2_1600x480
VDD,met1-met2,STRIPE,via,131425,138480,133025,138960,1600,via_1600x480
VDD,met3-met4,STRIPE,via,104322,138480,105922,138960,1600,via3_1600x480
VDD,met2-met3,STRIPE,via,104322,138480,105922,138960,1600,via2_1600x480
VDD,met1-met2,STRIPE,via,104322,138480,105922,138960,1600,via_1600x480
VDD,met3-met4,STRIPE,via,77629,138480,79229,138960,1600,via3_1600x480
VDD,met2-met3,STRIPE,via,77629,138480,79229,138960,1600,via2_1600x480
VDD,met1-met2,STRIPE,via,77629,138480,79229,138960,1600,via_1600x480
VDD,met3-met4,STRIPE,via,50276,138480,51876,138960,1600,via3_1600x480
VDD,met2-met3,STRIPE,via,50276,138480,51876,138960,1600,via2_1600x480
VDD,met1-met2,STRIPE,via,50276,138480,51876,138960,1600,via_1600x480
VDD,met3-met4,STRIPE,via,23319,138480,24919,138960,1600,via3_1600x480
VDD,met2-met3,STRIPE,via,23319,138480,24919,138960,1600,via2_1600x480
VDD,met1-met2,STRIPE,via,23319,138480,24919,138960,1600,via_1600x480
VDD,met3-met4,STRIPE,via,267146,133040,268746,133520,1600,via3_1600x480
VDD,met2-met3,STRIPE,via,267146,133040,268746,133520,1600,via2_1600x480
VDD,met1-met2,STRIPE,via,267146,133040,268746,133520,1600,via_1600x480
VDD,met3-met4,STRIPE,via,239761,133040,241361,133520,1600,via3_1600x480
VDD,met2-met3,STRIPE,via,239761,133040,241361,133520,1600,via2_1600x480
VDD,met1-met2,STRIPE,via,239761,133040,241361,133520,1600,via_1600x480
VDD,met3-met4,STRIPE,via,212929,133040,214529,133520,1600,via3_1600x480
VDD,met2-met3,STRIPE,via,212929,133040,214529,133520,1600,via2_1600x480
VDD,met1-met2,STRIPE,via,212929,133040,214529,133520,1600,via_1600x480
VDD,met3-met4,STRIPE,via,185622,133040,187222,133520,1600,via3_1600x480
VDD,met2-met3,STRIPE,via,185622,133040,187222,133520,1600,via2_1600x480
VDD,met1-met2,STRIPE,via,185622,133040,187222,133520,1600,via_1600x480
VDD,met3-met4,STRIPE,via,159052,133040,160652,133520,1600,via3_1600x480
VDD,met2-met3,STRIPE,via,159052,133040,160652,133520,1600,via2_1600x480
VDD,met1-met2,STRIPE,via,159052,133040,160652,133520,1600,via_1600x480
VDD,met3-met4,STRIPE,via,131425,133040,133025,133520,1600,via3_1600x480
VDD,met2-met3,STRIPE,via,131425,133040,133025,133520,1600,via2_1600x480
VDD,met1-met2,STRIPE,via,131425,133040,133025,133520,1600,via_1600x480
VDD,met3-met4,STRIPE,via,104322,133040,105922,133520,1600,via3_1600x480
VDD,met2-met3,STRIPE,via,104322,133040,105922,133520,1600,via2_1600x480
VDD,met1-met2,STRIPE,via,104322,133040,105922,133520,1600,via_1600x480
VDD,met3-met4,STRIPE,via,77629,133040,79229,133520,1600,via3_1600x480
VDD,met2-met3,STRIPE,via,77629,133040,79229,133520,1600,via2_1600x480
VDD,met1-met2,STRIPE,via,77629,133040,79229,133520,1600,via_1600x480
VDD,met3-met4,STRIPE,via,50276,133040,51876,133520,1600,via3_1600x480
VDD,met2-met3,STRIPE,via,50276,133040,51876,133520,1600,via2_1600x480
VDD,met1-met2,STRIPE,via,50276,133040,51876,133520,1600,via_1600x480
VDD,met3-met4,STRIPE,via,23319,133040,24919,133520,1600,via3_1600x480
VDD,met2-met3,STRIPE,via,23319,133040,24919,133520,1600,via2_1600x480
VDD,met1-met2,STRIPE,via,23319,133040,24919,133520,1600,via_1600x480
VDD,met3-met4,STRIPE,via,267146,127600,268746,128080,1600,via3_1600x480
VDD,met2-met3,STRIPE,via,267146,127600,268746,128080,1600,via2_1600x480
VDD,met1-met2,STRIPE,via,267146,127600,268746,128080,1600,via_1600x480
VDD,met3-met4,STRIPE,via,239761,127600,241361,128080,1600,via3_1600x480
VDD,met2-met3,STRIPE,via,239761,127600,241361,128080,1600,via2_1600x480
VDD,met1-met2,STRIPE,via,239761,127600,241361,128080,1600,via_1600x480
VDD,met3-met4,STRIPE,via,212929,127600,214529,128080,1600,via3_1600x480
VDD,met2-met3,STRIPE,via,212929,127600,214529,128080,1600,via2_1600x480
VDD,met1-met2,STRIPE,via,212929,127600,214529,128080,1600,via_1600x480
VDD,met3-met4,STRIPE,via,185622,127600,187222,128080,1600,via3_1600x480
VDD,met2-met3,STRIPE,via,185622,127600,187222,128080,1600,via2_1600x480
VDD,met1-met2,STRIPE,via,185622,127600,187222,128080,1600,via_1600x480
VDD,met3-met4,STRIPE,via,159052,127600,160652,128080,1600,via3_1600x480
VDD,met2-met3,STRIPE,via,159052,127600,160652,128080,1600,via2_1600x480
VDD,met1-met2,STRIPE,via,159052,127600,160652,128080,1600,via_1600x480
VDD,met3-met4,STRIPE,via,131425,127600,133025,128080,1600,via3_1600x480
VDD,met2-met3,STRIPE,via,131425,127600,133025,128080,1600,via2_1600x480
VDD,met1-met2,STRIPE,via,131425,127600,133025,128080,1600,via_1600x480
VDD,met3-met4,STRIPE,via,104322,127600,105922,128080,1600,via3_1600x480
VDD,met2-met3,STRIPE,via,104322,127600,105922,128080,1600,via2_1600x480
VDD,met1-met2,STRIPE,via,104322,127600,105922,128080,1600,via_1600x480
VDD,met3-met4,STRIPE,via,77629,127600,79229,128080,1600,via3_1600x480
VDD,met2-met3,STRIPE,via,77629,127600,79229,128080,1600,via2_1600x480
VDD,met1-met2,STRIPE,via,77629,127600,79229,128080,1600,via_1600x480
VDD,met3-met4,STRIPE,via,50276,127600,51876,128080,1600,via3_1600x480
VDD,met2-met3,STRIPE,via,50276,127600,51876,128080,1600,via2_1600x480
VDD,met1-met2,STRIPE,via,50276,127600,51876,128080,1600,via_1600x480
VDD,met3-met4,STRIPE,via,23319,127600,24919,128080,1600,via3_1600x480
VDD,met2-met3,STRIPE,via,23319,127600,24919,128080,1600,via2_1600x480
VDD,met1-met2,STRIPE,via,23319,127600,24919,128080,1600,via_1600x480
VDD,met3-met4,STRIPE,via,267146,122160,268746,122640,1600,via3_1600x480
VDD,met2-met3,STRIPE,via,267146,122160,268746,122640,1600,via2_1600x480
VDD,met1-met2,STRIPE,via,267146,122160,268746,122640,1600,via_1600x480
VDD,met3-met4,STRIPE,via,239761,122160,241361,122640,1600,via3_1600x480
VDD,met2-met3,STRIPE,via,239761,122160,241361,122640,1600,via2_1600x480
VDD,met1-met2,STRIPE,via,239761,122160,241361,122640,1600,via_1600x480
VDD,met3-met4,STRIPE,via,212929,122160,214529,122640,1600,via3_1600x480
VDD,met2-met3,STRIPE,via,212929,122160,214529,122640,1600,via2_1600x480
VDD,met1-met2,STRIPE,via,212929,122160,214529,122640,1600,via_1600x480
VDD,met3-met4,STRIPE,via,185622,122160,187222,122640,1600,via3_1600x480
VDD,met2-met3,STRIPE,via,185622,122160,187222,122640,1600,via2_1600x480
VDD,met1-met2,STRIPE,via,185622,122160,187222,122640,1600,via_1600x480
VDD,met3-met4,STRIPE,via,159052,122160,160652,122640,1600,via3_1600x480
VDD,met2-met3,STRIPE,via,159052,122160,160652,122640,1600,via2_1600x480
VDD,met1-met2,STRIPE,via,159052,122160,160652,122640,1600,via_1600x480
VDD,met3-met4,STRIPE,via,131425,122160,133025,122640,1600,via3_1600x480
VDD,met2-met3,STRIPE,via,131425,122160,133025,122640,1600,via2_1600x480
VDD,met1-met2,STRIPE,via,131425,122160,133025,122640,1600,via_1600x480
VDD,met3-met4,STRIPE,via,104322,122160,105922,122640,1600,via3_1600x480
VDD,met2-met3,STRIPE,via,104322,122160,105922,122640,1600,via2_1600x480
VDD,met1-met2,STRIPE,via,104322,122160,105922,122640,1600,via_1600x480
VDD,met3-met4,STRIPE,via,77629,122160,79229,122640,1600,via3_1600x480
VDD,met2-met3,STRIPE,via,77629,122160,79229,122640,1600,via2_1600x480
VDD,met1-met2,STRIPE,via,77629,122160,79229,122640,1600,via_1600x480
VDD,met3-met4,STRIPE,via,50276,122160,51876,122640,1600,via3_1600x480
VDD,met2-met3,STRIPE,via,50276,122160,51876,122640,1600,via2_1600x480
VDD,met1-met2,STRIPE,via,50276,122160,51876,122640,1600,via_1600x480
VDD,met3-met4,STRIPE,via,23319,122160,24919,122640,1600,via3_1600x480
VDD,met2-met3,STRIPE,via,23319,122160,24919,122640,1600,via2_1600x480
VDD,met1-met2,STRIPE,via,23319,122160,24919,122640,1600,via_1600x480
VDD,met3-met4,STRIPE,via,267146,116720,268746,117200,1600,via3_1600x480
VDD,met2-met3,STRIPE,via,267146,116720,268746,117200,1600,via2_1600x480
VDD,met1-met2,STRIPE,via,267146,116720,268746,117200,1600,via_1600x480
VDD,met3-met4,STRIPE,via,239761,116720,241361,117200,1600,via3_1600x480
VDD,met2-met3,STRIPE,via,239761,116720,241361,117200,1600,via2_1600x480
VDD,met1-met2,STRIPE,via,239761,116720,241361,117200,1600,via_1600x480
VDD,met3-met4,STRIPE,via,212929,116720,214529,117200,1600,via3_1600x480
VDD,met2-met3,STRIPE,via,212929,116720,214529,117200,1600,via2_1600x480
VDD,met1-met2,STRIPE,via,212929,116720,214529,117200,1600,via_1600x480
VDD,met3-met4,STRIPE,via,185622,116720,187222,117200,1600,via3_1600x480
VDD,met2-met3,STRIPE,via,185622,116720,187222,117200,1600,via2_1600x480
VDD,met1-met2,STRIPE,via,185622,116720,187222,117200,1600,via_1600x480
VDD,met3-met4,STRIPE,via,159052,116720,160652,117200,1600,via3_1600x480
VDD,met2-met3,STRIPE,via,159052,116720,160652,117200,1600,via2_1600x480
VDD,met1-met2,STRIPE,via,159052,116720,160652,117200,1600,via_1600x480
VDD,met3-met4,STRIPE,via,131425,116720,133025,117200,1600,via3_1600x480
VDD,met2-met3,STRIPE,via,131425,116720,133025,117200,1600,via2_1600x480
VDD,met1-met2,STRIPE,via,131425,116720,133025,117200,1600,via_1600x480
VDD,met3-met4,STRIPE,via,104322,116720,105922,117200,1600,via3_1600x480
VDD,met2-met3,STRIPE,via,104322,116720,105922,117200,1600,via2_1600x480
VDD,met1-met2,STRIPE,via,104322,116720,105922,117200,1600,via_1600x480
VDD,met3-met4,STRIPE,via,77629,116720,79229,117200,1600,via3_1600x480
VDD,met2-met3,STRIPE,via,77629,116720,79229,117200,1600,via2_1600x480
VDD,met1-met2,STRIPE,via,77629,116720,79229,117200,1600,via_1600x480
VDD,met3-met4,STRIPE,via,50276,116720,51876,117200,1600,via3_1600x480
VDD,met2-met3,STRIPE,via,50276,116720,51876,117200,1600,via2_1600x480
VDD,met1-met2,STRIPE,via,50276,116720,51876,117200,1600,via_1600x480
VDD,met3-met4,STRIPE,via,23319,116720,24919,117200,1600,via3_1600x480
VDD,met2-met3,STRIPE,via,23319,116720,24919,117200,1600,via2_1600x480
VDD,met1-met2,STRIPE,via,23319,116720,24919,117200,1600,via_1600x480
VDD,met3-met4,STRIPE,via,267146,111280,268746,111760,1600,via3_1600x480
VDD,met2-met3,STRIPE,via,267146,111280,268746,111760,1600,via2_1600x480
VDD,met1-met2,STRIPE,via,267146,111280,268746,111760,1600,via_1600x480
VDD,met3-met4,STRIPE,via,239761,111280,241361,111760,1600,via3_1600x480
VDD,met2-met3,STRIPE,via,239761,111280,241361,111760,1600,via2_1600x480
VDD,met1-met2,STRIPE,via,239761,111280,241361,111760,1600,via_1600x480
VDD,met3-met4,STRIPE,via,212929,111280,214529,111760,1600,via3_1600x480
VDD,met2-met3,STRIPE,via,212929,111280,214529,111760,1600,via2_1600x480
VDD,met1-met2,STRIPE,via,212929,111280,214529,111760,1600,via_1600x480
VDD,met3-met4,STRIPE,via,185622,111280,187222,111760,1600,via3_1600x480
VDD,met2-met3,STRIPE,via,185622,111280,187222,111760,1600,via2_1600x480
VDD,met1-met2,STRIPE,via,185622,111280,187222,111760,1600,via_1600x480
VDD,met3-met4,STRIPE,via,159052,111280,160652,111760,1600,via3_1600x480
VDD,met2-met3,STRIPE,via,159052,111280,160652,111760,1600,via2_1600x480
VDD,met1-met2,STRIPE,via,159052,111280,160652,111760,1600,via_1600x480
VDD,met3-met4,STRIPE,via,131425,111280,133025,111760,1600,via3_1600x480
VDD,met2-met3,STRIPE,via,131425,111280,133025,111760,1600,via2_1600x480
VDD,met1-met2,STRIPE,via,131425,111280,133025,111760,1600,via_1600x480
VDD,met3-met4,STRIPE,via,104322,111280,105922,111760,1600,via3_1600x480
VDD,met2-met3,STRIPE,via,104322,111280,105922,111760,1600,via2_1600x480
VDD,met1-met2,STRIPE,via,104322,111280,105922,111760,1600,via_1600x480
VDD,met3-met4,STRIPE,via,77629,111280,79229,111760,1600,via3_1600x480
VDD,met2-met3,STRIPE,via,77629,111280,79229,111760,1600,via2_1600x480
VDD,met1-met2,STRIPE,via,77629,111280,79229,111760,1600,via_1600x480
VDD,met3-met4,STRIPE,via,50276,111280,51876,111760,1600,via3_1600x480
VDD,met2-met3,STRIPE,via,50276,111280,51876,111760,1600,via2_1600x480
VDD,met1-met2,STRIPE,via,50276,111280,51876,111760,1600,via_1600x480
VDD,met3-met4,STRIPE,via,23319,111280,24919,111760,1600,via3_1600x480
VDD,met2-met3,STRIPE,via,23319,111280,24919,111760,1600,via2_1600x480
VDD,met1-met2,STRIPE,via,23319,111280,24919,111760,1600,via_1600x480
VDD,met3-met4,STRIPE,via,267146,105840,268746,106320,1600,via3_1600x480
VDD,met2-met3,STRIPE,via,267146,105840,268746,106320,1600,via2_1600x480
VDD,met1-met2,STRIPE,via,267146,105840,268746,106320,1600,via_1600x480
VDD,met3-met4,STRIPE,via,239761,105840,241361,106320,1600,via3_1600x480
VDD,met2-met3,STRIPE,via,239761,105840,241361,106320,1600,via2_1600x480
VDD,met1-met2,STRIPE,via,239761,105840,241361,106320,1600,via_1600x480
VDD,met3-met4,STRIPE,via,212929,105840,214529,106320,1600,via3_1600x480
VDD,met2-met3,STRIPE,via,212929,105840,214529,106320,1600,via2_1600x480
VDD,met1-met2,STRIPE,via,212929,105840,214529,106320,1600,via_1600x480
VDD,met3-met4,STRIPE,via,185622,105840,187222,106320,1600,via3_1600x480
VDD,met2-met3,STRIPE,via,185622,105840,187222,106320,1600,via2_1600x480
VDD,met1-met2,STRIPE,via,185622,105840,187222,106320,1600,via_1600x480
VDD,met3-met4,STRIPE,via,159052,105840,160652,106320,1600,via3_1600x480
VDD,met2-met3,STRIPE,via,159052,105840,160652,106320,1600,via2_1600x480
VDD,met1-met2,STRIPE,via,159052,105840,160652,106320,1600,via_1600x480
VDD,met3-met4,STRIPE,via,131425,105840,133025,106320,1600,via3_1600x480
VDD,met2-met3,STRIPE,via,131425,105840,133025,106320,1600,via2_1600x480
VDD,met1-met2,STRIPE,via,131425,105840,133025,106320,1600,via_1600x480
VDD,met3-met4,STRIPE,via,104322,105840,105922,106320,1600,via3_1600x480
VDD,met2-met3,STRIPE,via,104322,105840,105922,106320,1600,via2_1600x480
VDD,met1-met2,STRIPE,via,104322,105840,105922,106320,1600,via_1600x480
VDD,met3-met4,STRIPE,via,77629,105840,79229,106320,1600,via3_1600x480
VDD,met2-met3,STRIPE,via,77629,105840,79229,106320,1600,via2_1600x480
VDD,met1-met2,STRIPE,via,77629,105840,79229,106320,1600,via_1600x480
VDD,met3-met4,STRIPE,via,50276,105840,51876,106320,1600,via3_1600x480
VDD,met2-met3,STRIPE,via,50276,105840,51876,106320,1600,via2_1600x480
VDD,met1-met2,STRIPE,via,50276,105840,51876,106320,1600,via_1600x480
VDD,met3-met4,STRIPE,via,23319,105840,24919,106320,1600,via3_1600x480
VDD,met2-met3,STRIPE,via,23319,105840,24919,106320,1600,via2_1600x480
VDD,met1-met2,STRIPE,via,23319,105840,24919,106320,1600,via_1600x480
VDD,met3-met4,STRIPE,via,267146,100400,268746,100880,1600,via3_1600x480
VDD,met2-met3,STRIPE,via,267146,100400,268746,100880,1600,via2_1600x480
VDD,met1-met2,STRIPE,via,267146,100400,268746,100880,1600,via_1600x480
VDD,met3-met4,STRIPE,via,239761,100400,241361,100880,1600,via3_1600x480
VDD,met2-met3,STRIPE,via,239761,100400,241361,100880,1600,via2_1600x480
VDD,met1-met2,STRIPE,via,239761,100400,241361,100880,1600,via_1600x480
VDD,met3-met4,STRIPE,via,212929,100400,214529,100880,1600,via3_1600x480
VDD,met2-met3,STRIPE,via,212929,100400,214529,100880,1600,via2_1600x480
VDD,met1-met2,STRIPE,via,212929,100400,214529,100880,1600,via_1600x480
VDD,met3-met4,STRIPE,via,185622,100400,187222,100880,1600,via3_1600x480
VDD,met2-met3,STRIPE,via,185622,100400,187222,100880,1600,via2_1600x480
VDD,met1-met2,STRIPE,via,185622,100400,187222,100880,1600,via_1600x480
VDD,met3-met4,STRIPE,via,159052,100400,160652,100880,1600,via3_1600x480
VDD,met2-met3,STRIPE,via,159052,100400,160652,100880,1600,via2_1600x480
VDD,met1-met2,STRIPE,via,159052,100400,160652,100880,1600,via_1600x480
VDD,met3-met4,STRIPE,via,131425,100400,133025,100880,1600,via3_1600x480
VDD,met2-met3,STRIPE,via,131425,100400,133025,100880,1600,via2_1600x480
VDD,met1-met2,STRIPE,via,131425,100400,133025,100880,1600,via_1600x480
VDD,met3-met4,STRIPE,via,104322,100400,105922,100880,1600,via3_1600x480
VDD,met2-met3,STRIPE,via,104322,100400,105922,100880,1600,via2_1600x480
VDD,met1-met2,STRIPE,via,104322,100400,105922,100880,1600,via_1600x480
VDD,met3-met4,STRIPE,via,77629,100400,79229,100880,1600,via3_1600x480
VDD,met2-met3,STRIPE,via,77629,100400,79229,100880,1600,via2_1600x480
VDD,met1-met2,STRIPE,via,77629,100400,79229,100880,1600,via_1600x480
VDD,met3-met4,STRIPE,via,50276,100400,51876,100880,1600,via3_1600x480
VDD,met2-met3,STRIPE,via,50276,100400,51876,100880,1600,via2_1600x480
VDD,met1-met2,STRIPE,via,50276,100400,51876,100880,1600,via_1600x480
VDD,met3-met4,STRIPE,via,23319,100400,24919,100880,1600,via3_1600x480
VDD,met2-met3,STRIPE,via,23319,100400,24919,100880,1600,via2_1600x480
VDD,met1-met2,STRIPE,via,23319,100400,24919,100880,1600,via_1600x480
VDD,met3-met4,STRIPE,via,267146,94960,268746,95440,1600,via3_1600x480
VDD,met2-met3,STRIPE,via,267146,94960,268746,95440,1600,via2_1600x480
VDD,met1-met2,STRIPE,via,267146,94960,268746,95440,1600,via_1600x480
VDD,met3-met4,STRIPE,via,239761,94960,241361,95440,1600,via3_1600x480
VDD,met2-met3,STRIPE,via,239761,94960,241361,95440,1600,via2_1600x480
VDD,met1-met2,STRIPE,via,239761,94960,241361,95440,1600,via_1600x480
VDD,met3-met4,STRIPE,via,212929,94960,214529,95440,1600,via3_1600x480
VDD,met2-met3,STRIPE,via,212929,94960,214529,95440,1600,via2_1600x480
VDD,met1-met2,STRIPE,via,212929,94960,214529,95440,1600,via_1600x480
VDD,met3-met4,STRIPE,via,185622,94960,187222,95440,1600,via3_1600x480
VDD,met2-met3,STRIPE,via,185622,94960,187222,95440,1600,via2_1600x480
VDD,met1-met2,STRIPE,via,185622,94960,187222,95440,1600,via_1600x480
VDD,met3-met4,STRIPE,via,159052,94960,160652,95440,1600,via3_1600x480
VDD,met2-met3,STRIPE,via,159052,94960,160652,95440,1600,via2_1600x480
VDD,met1-met2,STRIPE,via,159052,94960,160652,95440,1600,via_1600x480
VDD,met3-met4,STRIPE,via,131425,94960,133025,95440,1600,via3_1600x480
VDD,met2-met3,STRIPE,via,131425,94960,133025,95440,1600,via2_1600x480
VDD,met1-met2,STRIPE,via,131425,94960,133025,95440,1600,via_1600x480
VDD,met3-met4,STRIPE,via,104322,94960,105922,95440,1600,via3_1600x480
VDD,met2-met3,STRIPE,via,104322,94960,105922,95440,1600,via2_1600x480
VDD,met1-met2,STRIPE,via,104322,94960,105922,95440,1600,via_1600x480
VDD,met3-met4,STRIPE,via,77629,94960,79229,95440,1600,via3_1600x480
VDD,met2-met3,STRIPE,via,77629,94960,79229,95440,1600,via2_1600x480
VDD,met1-met2,STRIPE,via,77629,94960,79229,95440,1600,via_1600x480
VDD,met3-met4,STRIPE,via,50276,94960,51876,95440,1600,via3_1600x480
VDD,met2-met3,STRIPE,via,50276,94960,51876,95440,1600,via2_1600x480
VDD,met1-met2,STRIPE,via,50276,94960,51876,95440,1600,via_1600x480
VDD,met3-met4,STRIPE,via,23319,94960,24919,95440,1600,via3_1600x480
VDD,met2-met3,STRIPE,via,23319,94960,24919,95440,1600,via2_1600x480
VDD,met1-met2,STRIPE,via,23319,94960,24919,95440,1600,via_1600x480
VDD,met3-met4,STRIPE,via,267146,89520,268746,90000,1600,via3_1600x480
VDD,met2-met3,STRIPE,via,267146,89520,268746,90000,1600,via2_1600x480
VDD,met1-met2,STRIPE,via,267146,89520,268746,90000,1600,via_1600x480
VDD,met3-met4,STRIPE,via,239761,89520,241361,90000,1600,via3_1600x480
VDD,met2-met3,STRIPE,via,239761,89520,241361,90000,1600,via2_1600x480
VDD,met1-met2,STRIPE,via,239761,89520,241361,90000,1600,via_1600x480
VDD,met3-met4,STRIPE,via,212929,89520,214529,90000,1600,via3_1600x480
VDD,met2-met3,STRIPE,via,212929,89520,214529,90000,1600,via2_1600x480
VDD,met1-met2,STRIPE,via,212929,89520,214529,90000,1600,via_1600x480
VDD,met3-met4,STRIPE,via,185622,89520,187222,90000,1600,via3_1600x480
VDD,met2-met3,STRIPE,via,185622,89520,187222,90000,1600,via2_1600x480
VDD,met1-met2,STRIPE,via,185622,89520,187222,90000,1600,via_1600x480
VDD,met3-met4,STRIPE,via,159052,89520,160652,90000,1600,via3_1600x480
VDD,met2-met3,STRIPE,via,159052,89520,160652,90000,1600,via2_1600x480
VDD,met1-met2,STRIPE,via,159052,89520,160652,90000,1600,via_1600x480
VDD,met3-met4,STRIPE,via,131425,89520,133025,90000,1600,via3_1600x480
VDD,met2-met3,STRIPE,via,131425,89520,133025,90000,1600,via2_1600x480
VDD,met1-met2,STRIPE,via,131425,89520,133025,90000,1600,via_1600x480
VDD,met3-met4,STRIPE,via,104322,89520,105922,90000,1600,via3_1600x480
VDD,met2-met3,STRIPE,via,104322,89520,105922,90000,1600,via2_1600x480
VDD,met1-met2,STRIPE,via,104322,89520,105922,90000,1600,via_1600x480
VDD,met3-met4,STRIPE,via,77629,89520,79229,90000,1600,via3_1600x480
VDD,met2-met3,STRIPE,via,77629,89520,79229,90000,1600,via2_1600x480
VDD,met1-met2,STRIPE,via,77629,89520,79229,90000,1600,via_1600x480
VDD,met3-met4,STRIPE,via,50276,89520,51876,90000,1600,via3_1600x480
VDD,met2-met3,STRIPE,via,50276,89520,51876,90000,1600,via2_1600x480
VDD,met1-met2,STRIPE,via,50276,89520,51876,90000,1600,via_1600x480
VDD,met3-met4,STRIPE,via,23319,89520,24919,90000,1600,via3_1600x480
VDD,met2-met3,STRIPE,via,23319,89520,24919,90000,1600,via2_1600x480
VDD,met1-met2,STRIPE,via,23319,89520,24919,90000,1600,via_1600x480
VDD,met3-met4,STRIPE,via,267146,84080,268746,84560,1600,via3_1600x480
VDD,met2-met3,STRIPE,via,267146,84080,268746,84560,1600,via2_1600x480
VDD,met1-met2,STRIPE,via,267146,84080,268746,84560,1600,via_1600x480
VDD,met3-met4,STRIPE,via,239761,84080,241361,84560,1600,via3_1600x480
VDD,met2-met3,STRIPE,via,239761,84080,241361,84560,1600,via2_1600x480
VDD,met1-met2,STRIPE,via,239761,84080,241361,84560,1600,via_1600x480
VDD,met3-met4,STRIPE,via,212929,84080,214529,84560,1600,via3_1600x480
VDD,met2-met3,STRIPE,via,212929,84080,214529,84560,1600,via2_1600x480
VDD,met1-met2,STRIPE,via,212929,84080,214529,84560,1600,via_1600x480
VDD,met3-met4,STRIPE,via,185622,84080,187222,84560,1600,via3_1600x480
VDD,met2-met3,STRIPE,via,185622,84080,187222,84560,1600,via2_1600x480
VDD,met1-met2,STRIPE,via,185622,84080,187222,84560,1600,via_1600x480
VDD,met3-met4,STRIPE,via,159052,84080,160652,84560,1600,via3_1600x480
VDD,met2-met3,STRIPE,via,159052,84080,160652,84560,1600,via2_1600x480
VDD,met1-met2,STRIPE,via,159052,84080,160652,84560,1600,via_1600x480
VDD,met3-met4,STRIPE,via,131425,84080,133025,84560,1600,via3_1600x480
VDD,met2-met3,STRIPE,via,131425,84080,133025,84560,1600,via2_1600x480
VDD,met1-met2,STRIPE,via,131425,84080,133025,84560,1600,via_1600x480
VDD,met3-met4,STRIPE,via,104322,84080,105922,84560,1600,via3_1600x480
VDD,met2-met3,STRIPE,via,104322,84080,105922,84560,1600,via2_1600x480
VDD,met1-met2,STRIPE,via,104322,84080,105922,84560,1600,via_1600x480
VDD,met3-met4,STRIPE,via,77629,84080,79229,84560,1600,via3_1600x480
VDD,met2-met3,STRIPE,via,77629,84080,79229,84560,1600,via2_1600x480
VDD,met1-met2,STRIPE,via,77629,84080,79229,84560,1600,via_1600x480
VDD,met3-met4,STRIPE,via,50276,84080,51876,84560,1600,via3_1600x480
VDD,met2-met3,STRIPE,via,50276,84080,51876,84560,1600,via2_1600x480
VDD,met1-met2,STRIPE,via,50276,84080,51876,84560,1600,via_1600x480
VDD,met3-met4,STRIPE,via,23319,84080,24919,84560,1600,via3_1600x480
VDD,met2-met3,STRIPE,via,23319,84080,24919,84560,1600,via2_1600x480
VDD,met1-met2,STRIPE,via,23319,84080,24919,84560,1600,via_1600x480
VDD,met3-met4,STRIPE,via,267146,78640,268746,79120,1600,via3_1600x480
VDD,met2-met3,STRIPE,via,267146,78640,268746,79120,1600,via2_1600x480
VDD,met1-met2,STRIPE,via,267146,78640,268746,79120,1600,via_1600x480
VDD,met3-met4,STRIPE,via,239761,78640,241361,79120,1600,via3_1600x480
VDD,met2-met3,STRIPE,via,239761,78640,241361,79120,1600,via2_1600x480
VDD,met1-met2,STRIPE,via,239761,78640,241361,79120,1600,via_1600x480
VDD,met3-met4,STRIPE,via,212929,78640,214529,79120,1600,via3_1600x480
VDD,met2-met3,STRIPE,via,212929,78640,214529,79120,1600,via2_1600x480
VDD,met1-met2,STRIPE,via,212929,78640,214529,79120,1600,via_1600x480
VDD,met3-met4,STRIPE,via,185622,78640,187222,79120,1600,via3_1600x480
VDD,met2-met3,STRIPE,via,185622,78640,187222,79120,1600,via2_1600x480
VDD,met1-met2,STRIPE,via,185622,78640,187222,79120,1600,via_1600x480
VDD,met3-met4,STRIPE,via,159052,78640,160652,79120,1600,via3_1600x480
VDD,met2-met3,STRIPE,via,159052,78640,160652,79120,1600,via2_1600x480
VDD,met1-met2,STRIPE,via,159052,78640,160652,79120,1600,via_1600x480
VDD,met3-met4,STRIPE,via,131425,78640,133025,79120,1600,via3_1600x480
VDD,met2-met3,STRIPE,via,131425,78640,133025,79120,1600,via2_1600x480
VDD,met1-met2,STRIPE,via,131425,78640,133025,79120,1600,via_1600x480
VDD,met3-met4,STRIPE,via,104322,78640,105922,79120,1600,via3_1600x480
VDD,met2-met3,STRIPE,via,104322,78640,105922,79120,1600,via2_1600x480
VDD,met1-met2,STRIPE,via,104322,78640,105922,79120,1600,via_1600x480
VDD,met3-met4,STRIPE,via,77629,78640,79229,79120,1600,via3_1600x480
VDD,met2-met3,STRIPE,via,77629,78640,79229,79120,1600,via2_1600x480
VDD,met1-met2,STRIPE,via,77629,78640,79229,79120,1600,via_1600x480
VDD,met3-met4,STRIPE,via,50276,78640,51876,79120,1600,via3_1600x480
VDD,met2-met3,STRIPE,via,50276,78640,51876,79120,1600,via2_1600x480
VDD,met1-met2,STRIPE,via,50276,78640,51876,79120,1600,via_1600x480
VDD,met3-met4,STRIPE,via,23319,78640,24919,79120,1600,via3_1600x480
VDD,met2-met3,STRIPE,via,23319,78640,24919,79120,1600,via2_1600x480
VDD,met1-met2,STRIPE,via,23319,78640,24919,79120,1600,via_1600x480
VDD,met3-met4,STRIPE,via,267146,73200,268746,73680,1600,via3_1600x480
VDD,met2-met3,STRIPE,via,267146,73200,268746,73680,1600,via2_1600x480
VDD,met1-met2,STRIPE,via,267146,73200,268746,73680,1600,via_1600x480
VDD,met3-met4,STRIPE,via,239761,73200,241361,73680,1600,via3_1600x480
VDD,met2-met3,STRIPE,via,239761,73200,241361,73680,1600,via2_1600x480
VDD,met1-met2,STRIPE,via,239761,73200,241361,73680,1600,via_1600x480
VDD,met3-met4,STRIPE,via,212929,73200,214529,73680,1600,via3_1600x480
VDD,met2-met3,STRIPE,via,212929,73200,214529,73680,1600,via2_1600x480
VDD,met1-met2,STRIPE,via,212929,73200,214529,73680,1600,via_1600x480
VDD,met3-met4,STRIPE,via,185622,73200,187222,73680,1600,via3_1600x480
VDD,met2-met3,STRIPE,via,185622,73200,187222,73680,1600,via2_1600x480
VDD,met1-met2,STRIPE,via,185622,73200,187222,73680,1600,via_1600x480
VDD,met3-met4,STRIPE,via,159052,73200,160652,73680,1600,via3_1600x480
VDD,met2-met3,STRIPE,via,159052,73200,160652,73680,1600,via2_1600x480
VDD,met1-met2,STRIPE,via,159052,73200,160652,73680,1600,via_1600x480
VDD,met3-met4,STRIPE,via,131425,73200,133025,73680,1600,via3_1600x480
VDD,met2-met3,STRIPE,via,131425,73200,133025,73680,1600,via2_1600x480
VDD,met1-met2,STRIPE,via,131425,73200,133025,73680,1600,via_1600x480
VDD,met3-met4,STRIPE,via,104322,73200,105922,73680,1600,via3_1600x480
VDD,met2-met3,STRIPE,via,104322,73200,105922,73680,1600,via2_1600x480
VDD,met1-met2,STRIPE,via,104322,73200,105922,73680,1600,via_1600x480
VDD,met3-met4,STRIPE,via,77629,73200,79229,73680,1600,via3_1600x480
VDD,met2-met3,STRIPE,via,77629,73200,79229,73680,1600,via2_1600x480
VDD,met1-met2,STRIPE,via,77629,73200,79229,73680,1600,via_1600x480
VDD,met3-met4,STRIPE,via,50276,73200,51876,73680,1600,via3_1600x480
VDD,met2-met3,STRIPE,via,50276,73200,51876,73680,1600,via2_1600x480
VDD,met1-met2,STRIPE,via,50276,73200,51876,73680,1600,via_1600x480
VDD,met3-met4,STRIPE,via,23319,73200,24919,73680,1600,via3_1600x480
VDD,met2-met3,STRIPE,via,23319,73200,24919,73680,1600,via2_1600x480
VDD,met1-met2,STRIPE,via,23319,73200,24919,73680,1600,via_1600x480
VDD,met3-met4,STRIPE,via,267146,67760,268746,68240,1600,via3_1600x480
VDD,met2-met3,STRIPE,via,267146,67760,268746,68240,1600,via2_1600x480
VDD,met1-met2,STRIPE,via,267146,67760,268746,68240,1600,via_1600x480
VDD,met3-met4,STRIPE,via,239761,67760,241361,68240,1600,via3_1600x480
VDD,met2-met3,STRIPE,via,239761,67760,241361,68240,1600,via2_1600x480
VDD,met1-met2,STRIPE,via,239761,67760,241361,68240,1600,via_1600x480
VDD,met3-met4,STRIPE,via,212929,67760,214529,68240,1600,via3_1600x480
VDD,met2-met3,STRIPE,via,212929,67760,214529,68240,1600,via2_1600x480
VDD,met1-met2,STRIPE,via,212929,67760,214529,68240,1600,via_1600x480
VDD,met3-met4,STRIPE,via,185622,67760,187222,68240,1600,via3_1600x480
VDD,met2-met3,STRIPE,via,185622,67760,187222,68240,1600,via2_1600x480
VDD,met1-met2,STRIPE,via,185622,67760,187222,68240,1600,via_1600x480
VDD,met3-met4,STRIPE,via,159052,67760,160652,68240,1600,via3_1600x480
VDD,met2-met3,STRIPE,via,159052,67760,160652,68240,1600,via2_1600x480
VDD,met1-met2,STRIPE,via,159052,67760,160652,68240,1600,via_1600x480
VDD,met3-met4,STRIPE,via,131425,67760,133025,68240,1600,via3_1600x480
VDD,met2-met3,STRIPE,via,131425,67760,133025,68240,1600,via2_1600x480
VDD,met1-met2,STRIPE,via,131425,67760,133025,68240,1600,via_1600x480
VDD,met3-met4,STRIPE,via,104322,67760,105922,68240,1600,via3_1600x480
VDD,met2-met3,STRIPE,via,104322,67760,105922,68240,1600,via2_1600x480
VDD,met1-met2,STRIPE,via,104322,67760,105922,68240,1600,via_1600x480
VDD,met3-met4,STRIPE,via,77629,67760,79229,68240,1600,via3_1600x480
VDD,met2-met3,STRIPE,via,77629,67760,79229,68240,1600,via2_1600x480
VDD,met1-met2,STRIPE,via,77629,67760,79229,68240,1600,via_1600x480
VDD,met3-met4,STRIPE,via,50276,67760,51876,68240,1600,via3_1600x480
VDD,met2-met3,STRIPE,via,50276,67760,51876,68240,1600,via2_1600x480
VDD,met1-met2,STRIPE,via,50276,67760,51876,68240,1600,via_1600x480
VDD,met3-met4,STRIPE,via,23319,67760,24919,68240,1600,via3_1600x480
VDD,met2-met3,STRIPE,via,23319,67760,24919,68240,1600,via2_1600x480
VDD,met1-met2,STRIPE,via,23319,67760,24919,68240,1600,via_1600x480
VDD,met3-met4,STRIPE,via,267146,62320,268746,62800,1600,via3_1600x480
VDD,met2-met3,STRIPE,via,267146,62320,268746,62800,1600,via2_1600x480
VDD,met1-met2,STRIPE,via,267146,62320,268746,62800,1600,via_1600x480
VDD,met3-met4,STRIPE,via,239761,62320,241361,62800,1600,via3_1600x480
VDD,met2-met3,STRIPE,via,239761,62320,241361,62800,1600,via2_1600x480
VDD,met1-met2,STRIPE,via,239761,62320,241361,62800,1600,via_1600x480
VDD,met3-met4,STRIPE,via,212929,62320,214529,62800,1600,via3_1600x480
VDD,met2-met3,STRIPE,via,212929,62320,214529,62800,1600,via2_1600x480
VDD,met1-met2,STRIPE,via,212929,62320,214529,62800,1600,via_1600x480
VDD,met3-met4,STRIPE,via,185622,62320,187222,62800,1600,via3_1600x480
VDD,met2-met3,STRIPE,via,185622,62320,187222,62800,1600,via2_1600x480
VDD,met1-met2,STRIPE,via,185622,62320,187222,62800,1600,via_1600x480
VDD,met3-met4,STRIPE,via,159052,62320,160652,62800,1600,via3_1600x480
VDD,met2-met3,STRIPE,via,159052,62320,160652,62800,1600,via2_1600x480
VDD,met1-met2,STRIPE,via,159052,62320,160652,62800,1600,via_1600x480
VDD,met3-met4,STRIPE,via,131425,62320,133025,62800,1600,via3_1600x480
VDD,met2-met3,STRIPE,via,131425,62320,133025,62800,1600,via2_1600x480
VDD,met1-met2,STRIPE,via,131425,62320,133025,62800,1600,via_1600x480
VDD,met3-met4,STRIPE,via,104322,62320,105922,62800,1600,via3_1600x480
VDD,met2-met3,STRIPE,via,104322,62320,105922,62800,1600,via2_1600x480
VDD,met1-met2,STRIPE,via,104322,62320,105922,62800,1600,via_1600x480
VDD,met3-met4,STRIPE,via,77629,62320,79229,62800,1600,via3_1600x480
VDD,met2-met3,STRIPE,via,77629,62320,79229,62800,1600,via2_1600x480
VDD,met1-met2,STRIPE,via,77629,62320,79229,62800,1600,via_1600x480
VDD,met3-met4,STRIPE,via,50276,62320,51876,62800,1600,via3_1600x480
VDD,met2-met3,STRIPE,via,50276,62320,51876,62800,1600,via2_1600x480
VDD,met1-met2,STRIPE,via,50276,62320,51876,62800,1600,via_1600x480
VDD,met3-met4,STRIPE,via,23319,62320,24919,62800,1600,via3_1600x480
VDD,met2-met3,STRIPE,via,23319,62320,24919,62800,1600,via2_1600x480
VDD,met1-met2,STRIPE,via,23319,62320,24919,62800,1600,via_1600x480
VDD,met3-met4,STRIPE,via,267146,56880,268746,57360,1600,via3_1600x480
VDD,met2-met3,STRIPE,via,267146,56880,268746,57360,1600,via2_1600x480
VDD,met1-met2,STRIPE,via,267146,56880,268746,57360,1600,via_1600x480
VDD,met3-met4,STRIPE,via,239761,56880,241361,57360,1600,via3_1600x480
VDD,met2-met3,STRIPE,via,239761,56880,241361,57360,1600,via2_1600x480
VDD,met1-met2,STRIPE,via,239761,56880,241361,57360,1600,via_1600x480
VDD,met3-met4,STRIPE,via,212929,56880,214529,57360,1600,via3_1600x480
VDD,met2-met3,STRIPE,via,212929,56880,214529,57360,1600,via2_1600x480
VDD,met1-met2,STRIPE,via,212929,56880,214529,57360,1600,via_1600x480
VDD,met3-met4,STRIPE,via,185622,56880,187222,57360,1600,via3_1600x480
VDD,met2-met3,STRIPE,via,185622,56880,187222,57360,1600,via2_1600x480
VDD,met1-met2,STRIPE,via,185622,56880,187222,57360,1600,via_1600x480
VDD,met3-met4,STRIPE,via,159052,56880,160652,57360,1600,via3_1600x480
VDD,met2-met3,STRIPE,via,159052,56880,160652,57360,1600,via2_1600x480
VDD,met1-met2,STRIPE,via,159052,56880,160652,57360,1600,via_1600x480
VDD,met3-met4,STRIPE,via,131425,56880,133025,57360,1600,via3_1600x480
VDD,met2-met3,STRIPE,via,131425,56880,133025,57360,1600,via2_1600x480
VDD,met1-met2,STRIPE,via,131425,56880,133025,57360,1600,via_1600x480
VDD,met3-met4,STRIPE,via,104322,56880,105922,57360,1600,via3_1600x480
VDD,met2-met3,STRIPE,via,104322,56880,105922,57360,1600,via2_1600x480
VDD,met1-met2,STRIPE,via,104322,56880,105922,57360,1600,via_1600x480
VDD,met3-met4,STRIPE,via,77629,56880,79229,57360,1600,via3_1600x480
VDD,met2-met3,STRIPE,via,77629,56880,79229,57360,1600,via2_1600x480
VDD,met1-met2,STRIPE,via,77629,56880,79229,57360,1600,via_1600x480
VDD,met3-met4,STRIPE,via,50276,56880,51876,57360,1600,via3_1600x480
VDD,met2-met3,STRIPE,via,50276,56880,51876,57360,1600,via2_1600x480
VDD,met1-met2,STRIPE,via,50276,56880,51876,57360,1600,via_1600x480
VDD,met3-met4,STRIPE,via,23319,56880,24919,57360,1600,via3_1600x480
VDD,met2-met3,STRIPE,via,23319,56880,24919,57360,1600,via2_1600x480
VDD,met1-met2,STRIPE,via,23319,56880,24919,57360,1600,via_1600x480
VDD,met3-met4,STRIPE,via,267146,51440,268746,51920,1600,via3_1600x480
VDD,met2-met3,STRIPE,via,267146,51440,268746,51920,1600,via2_1600x480
VDD,met1-met2,STRIPE,via,267146,51440,268746,51920,1600,via_1600x480
VDD,met3-met4,STRIPE,via,239761,51440,241361,51920,1600,via3_1600x480
VDD,met2-met3,STRIPE,via,239761,51440,241361,51920,1600,via2_1600x480
VDD,met1-met2,STRIPE,via,239761,51440,241361,51920,1600,via_1600x480
VDD,met3-met4,STRIPE,via,212929,51440,214529,51920,1600,via3_1600x480
VDD,met2-met3,STRIPE,via,212929,51440,214529,51920,1600,via2_1600x480
VDD,met1-met2,STRIPE,via,212929,51440,214529,51920,1600,via_1600x480
VDD,met3-met4,STRIPE,via,185622,51440,187222,51920,1600,via3_1600x480
VDD,met2-met3,STRIPE,via,185622,51440,187222,51920,1600,via2_1600x480
VDD,met1-met2,STRIPE,via,185622,51440,187222,51920,1600,via_1600x480
VDD,met3-met4,STRIPE,via,159052,51440,160652,51920,1600,via3_1600x480
VDD,met2-met3,STRIPE,via,159052,51440,160652,51920,1600,via2_1600x480
VDD,met1-met2,STRIPE,via,159052,51440,160652,51920,1600,via_1600x480
VDD,met3-met4,STRIPE,via,131425,51440,133025,51920,1600,via3_1600x480
VDD,met2-met3,STRIPE,via,131425,51440,133025,51920,1600,via2_1600x480
VDD,met1-met2,STRIPE,via,131425,51440,133025,51920,1600,via_1600x480
VDD,met3-met4,STRIPE,via,104322,51440,105922,51920,1600,via3_1600x480
VDD,met2-met3,STRIPE,via,104322,51440,105922,51920,1600,via2_1600x480
VDD,met1-met2,STRIPE,via,104322,51440,105922,51920,1600,via_1600x480
VDD,met3-met4,STRIPE,via,77629,51440,79229,51920,1600,via3_1600x480
VDD,met2-met3,STRIPE,via,77629,51440,79229,51920,1600,via2_1600x480
VDD,met1-met2,STRIPE,via,77629,51440,79229,51920,1600,via_1600x480
VDD,met3-met4,STRIPE,via,50276,51440,51876,51920,1600,via3_1600x480
VDD,met2-met3,STRIPE,via,50276,51440,51876,51920,1600,via2_1600x480
VDD,met1-met2,STRIPE,via,50276,51440,51876,51920,1600,via_1600x480
VDD,met3-met4,STRIPE,via,23319,51440,24919,51920,1600,via3_1600x480
VDD,met2-met3,STRIPE,via,23319,51440,24919,51920,1600,via2_1600x480
VDD,met1-met2,STRIPE,via,23319,51440,24919,51920,1600,via_1600x480
VDD,met3-met4,STRIPE,via,267146,46000,268746,46480,1600,via3_1600x480
VDD,met2-met3,STRIPE,via,267146,46000,268746,46480,1600,via2_1600x480
VDD,met1-met2,STRIPE,via,267146,46000,268746,46480,1600,via_1600x480
VDD,met3-met4,STRIPE,via,239761,46000,241361,46480,1600,via3_1600x480
VDD,met2-met3,STRIPE,via,239761,46000,241361,46480,1600,via2_1600x480
VDD,met1-met2,STRIPE,via,239761,46000,241361,46480,1600,via_1600x480
VDD,met3-met4,STRIPE,via,212929,46000,214529,46480,1600,via3_1600x480
VDD,met2-met3,STRIPE,via,212929,46000,214529,46480,1600,via2_1600x480
VDD,met1-met2,STRIPE,via,212929,46000,214529,46480,1600,via_1600x480
VDD,met3-met4,STRIPE,via,185622,46000,187222,46480,1600,via3_1600x480
VDD,met2-met3,STRIPE,via,185622,46000,187222,46480,1600,via2_1600x480
VDD,met1-met2,STRIPE,via,185622,46000,187222,46480,1600,via_1600x480
VDD,met3-met4,STRIPE,via,159052,46000,160652,46480,1600,via3_1600x480
VDD,met2-met3,STRIPE,via,159052,46000,160652,46480,1600,via2_1600x480
VDD,met1-met2,STRIPE,via,159052,46000,160652,46480,1600,via_1600x480
VDD,met3-met4,STRIPE,via,131425,46000,133025,46480,1600,via3_1600x480
VDD,met2-met3,STRIPE,via,131425,46000,133025,46480,1600,via2_1600x480
VDD,met1-met2,STRIPE,via,131425,46000,133025,46480,1600,via_1600x480
VDD,met3-met4,STRIPE,via,104322,46000,105922,46480,1600,via3_1600x480
VDD,met2-met3,STRIPE,via,104322,46000,105922,46480,1600,via2_1600x480
VDD,met1-met2,STRIPE,via,104322,46000,105922,46480,1600,via_1600x480
VDD,met3-met4,STRIPE,via,77629,46000,79229,46480,1600,via3_1600x480
VDD,met2-met3,STRIPE,via,77629,46000,79229,46480,1600,via2_1600x480
VDD,met1-met2,STRIPE,via,77629,46000,79229,46480,1600,via_1600x480
VDD,met3-met4,STRIPE,via,50276,46000,51876,46480,1600,via3_1600x480
VDD,met2-met3,STRIPE,via,50276,46000,51876,46480,1600,via2_1600x480
VDD,met1-met2,STRIPE,via,50276,46000,51876,46480,1600,via_1600x480
VDD,met3-met4,STRIPE,via,23319,46000,24919,46480,1600,via3_1600x480
VDD,met2-met3,STRIPE,via,23319,46000,24919,46480,1600,via2_1600x480
VDD,met1-met2,STRIPE,via,23319,46000,24919,46480,1600,via_1600x480
VDD,met3-met4,STRIPE,via,267146,40560,268746,41040,1600,via3_1600x480
VDD,met2-met3,STRIPE,via,267146,40560,268746,41040,1600,via2_1600x480
VDD,met1-met2,STRIPE,via,267146,40560,268746,41040,1600,via_1600x480
VDD,met3-met4,STRIPE,via,239761,40560,241361,41040,1600,via3_1600x480
VDD,met2-met3,STRIPE,via,239761,40560,241361,41040,1600,via2_1600x480
VDD,met1-met2,STRIPE,via,239761,40560,241361,41040,1600,via_1600x480
VDD,met3-met4,STRIPE,via,212929,40560,214529,41040,1600,via3_1600x480
VDD,met2-met3,STRIPE,via,212929,40560,214529,41040,1600,via2_1600x480
VDD,met1-met2,STRIPE,via,212929,40560,214529,41040,1600,via_1600x480
VDD,met3-met4,STRIPE,via,185622,40560,187222,41040,1600,via3_1600x480
VDD,met2-met3,STRIPE,via,185622,40560,187222,41040,1600,via2_1600x480
VDD,met1-met2,STRIPE,via,185622,40560,187222,41040,1600,via_1600x480
VDD,met3-met4,STRIPE,via,159052,40560,160652,41040,1600,via3_1600x480
VDD,met2-met3,STRIPE,via,159052,40560,160652,41040,1600,via2_1600x480
VDD,met1-met2,STRIPE,via,159052,40560,160652,41040,1600,via_1600x480
VDD,met3-met4,STRIPE,via,131425,40560,133025,41040,1600,via3_1600x480
VDD,met2-met3,STRIPE,via,131425,40560,133025,41040,1600,via2_1600x480
VDD,met1-met2,STRIPE,via,131425,40560,133025,41040,1600,via_1600x480
VDD,met3-met4,STRIPE,via,104322,40560,105922,41040,1600,via3_1600x480
VDD,met2-met3,STRIPE,via,104322,40560,105922,41040,1600,via2_1600x480
VDD,met1-met2,STRIPE,via,104322,40560,105922,41040,1600,via_1600x480
VDD,met3-met4,STRIPE,via,77629,40560,79229,41040,1600,via3_1600x480
VDD,met2-met3,STRIPE,via,77629,40560,79229,41040,1600,via2_1600x480
VDD,met1-met2,STRIPE,via,77629,40560,79229,41040,1600,via_1600x480
VDD,met3-met4,STRIPE,via,50276,40560,51876,41040,1600,via3_1600x480
VDD,met2-met3,STRIPE,via,50276,40560,51876,41040,1600,via2_1600x480
VDD,met1-met2,STRIPE,via,50276,40560,51876,41040,1600,via_1600x480
VDD,met3-met4,STRIPE,via,23319,40560,24919,41040,1600,via3_1600x480
VDD,met2-met3,STRIPE,via,23319,40560,24919,41040,1600,via2_1600x480
VDD,met1-met2,STRIPE,via,23319,40560,24919,41040,1600,via_1600x480
VDD,met3-met4,STRIPE,via,267146,35120,268746,35600,1600,via3_1600x480
VDD,met2-met3,STRIPE,via,267146,35120,268746,35600,1600,via2_1600x480
VDD,met1-met2,STRIPE,via,267146,35120,268746,35600,1600,via_1600x480
VDD,met3-met4,STRIPE,via,239761,35120,241361,35600,1600,via3_1600x480
VDD,met2-met3,STRIPE,via,239761,35120,241361,35600,1600,via2_1600x480
VDD,met1-met2,STRIPE,via,239761,35120,241361,35600,1600,via_1600x480
VDD,met3-met4,STRIPE,via,212929,35120,214529,35600,1600,via3_1600x480
VDD,met2-met3,STRIPE,via,212929,35120,214529,35600,1600,via2_1600x480
VDD,met1-met2,STRIPE,via,212929,35120,214529,35600,1600,via_1600x480
VDD,met3-met4,STRIPE,via,185622,35120,187222,35600,1600,via3_1600x480
VDD,met2-met3,STRIPE,via,185622,35120,187222,35600,1600,via2_1600x480
VDD,met1-met2,STRIPE,via,185622,35120,187222,35600,1600,via_1600x480
VDD,met3-met4,STRIPE,via,159052,35120,160652,35600,1600,via3_1600x480
VDD,met2-met3,STRIPE,via,159052,35120,160652,35600,1600,via2_1600x480
VDD,met1-met2,STRIPE,via,159052,35120,160652,35600,1600,via_1600x480
VDD,met3-met4,STRIPE,via,131425,35120,133025,35600,1600,via3_1600x480
VDD,met2-met3,STRIPE,via,131425,35120,133025,35600,1600,via2_1600x480
VDD,met1-met2,STRIPE,via,131425,35120,133025,35600,1600,via_1600x480
VDD,met3-met4,STRIPE,via,104322,35120,105922,35600,1600,via3_1600x480
VDD,met2-met3,STRIPE,via,104322,35120,105922,35600,1600,via2_1600x480
VDD,met1-met2,STRIPE,via,104322,35120,105922,35600,1600,via_1600x480
VDD,met3-met4,STRIPE,via,77629,35120,79229,35600,1600,via3_1600x480
VDD,met2-met3,STRIPE,via,77629,35120,79229,35600,1600,via2_1600x480
VDD,met1-met2,STRIPE,via,77629,35120,79229,35600,1600,via_1600x480
VDD,met3-met4,STRIPE,via,50276,35120,51876,35600,1600,via3_1600x480
VDD,met2-met3,STRIPE,via,50276,35120,51876,35600,1600,via2_1600x480
VDD,met1-met2,STRIPE,via,50276,35120,51876,35600,1600,via_1600x480
VDD,met3-met4,STRIPE,via,23319,35120,24919,35600,1600,via3_1600x480
VDD,met2-met3,STRIPE,via,23319,35120,24919,35600,1600,via2_1600x480
VDD,met1-met2,STRIPE,via,23319,35120,24919,35600,1600,via_1600x480
VDD,met3-met4,STRIPE,via,267146,29680,268746,30160,1600,via3_1600x480
VDD,met2-met3,STRIPE,via,267146,29680,268746,30160,1600,via2_1600x480
VDD,met1-met2,STRIPE,via,267146,29680,268746,30160,1600,via_1600x480
VDD,met3-met4,STRIPE,via,239761,29680,241361,30160,1600,via3_1600x480
VDD,met2-met3,STRIPE,via,239761,29680,241361,30160,1600,via2_1600x480
VDD,met1-met2,STRIPE,via,239761,29680,241361,30160,1600,via_1600x480
VDD,met3-met4,STRIPE,via,212929,29680,214529,30160,1600,via3_1600x480
VDD,met2-met3,STRIPE,via,212929,29680,214529,30160,1600,via2_1600x480
VDD,met1-met2,STRIPE,via,212929,29680,214529,30160,1600,via_1600x480
VDD,met3-met4,STRIPE,via,185622,29680,187222,30160,1600,via3_1600x480
VDD,met2-met3,STRIPE,via,185622,29680,187222,30160,1600,via2_1600x480
VDD,met1-met2,STRIPE,via,185622,29680,187222,30160,1600,via_1600x480
VDD,met3-met4,STRIPE,via,159052,29680,160652,30160,1600,via3_1600x480
VDD,met2-met3,STRIPE,via,159052,29680,160652,30160,1600,via2_1600x480
VDD,met1-met2,STRIPE,via,159052,29680,160652,30160,1600,via_1600x480
VDD,met3-met4,STRIPE,via,131425,29680,133025,30160,1600,via3_1600x480
VDD,met2-met3,STRIPE,via,131425,29680,133025,30160,1600,via2_1600x480
VDD,met1-met2,STRIPE,via,131425,29680,133025,30160,1600,via_1600x480
VDD,met3-met4,STRIPE,via,104322,29680,105922,30160,1600,via3_1600x480
VDD,met2-met3,STRIPE,via,104322,29680,105922,30160,1600,via2_1600x480
VDD,met1-met2,STRIPE,via,104322,29680,105922,30160,1600,via_1600x480
VDD,met3-met4,STRIPE,via,77629,29680,79229,30160,1600,via3_1600x480
VDD,met2-met3,STRIPE,via,77629,29680,79229,30160,1600,via2_1600x480
VDD,met1-met2,STRIPE,via,77629,29680,79229,30160,1600,via_1600x480
VDD,met3-met4,STRIPE,via,50276,29680,51876,30160,1600,via3_1600x480
VDD,met2-met3,STRIPE,via,50276,29680,51876,30160,1600,via2_1600x480
VDD,met1-met2,STRIPE,via,50276,29680,51876,30160,1600,via_1600x480
VDD,met3-met4,STRIPE,via,23319,29680,24919,30160,1600,via3_1600x480
VDD,met2-met3,STRIPE,via,23319,29680,24919,30160,1600,via2_1600x480
VDD,met1-met2,STRIPE,via,23319,29680,24919,30160,1600,via_1600x480
VDD,met3-met4,STRIPE,via,267146,24240,268746,24720,1600,via3_1600x480
VDD,met2-met3,STRIPE,via,267146,24240,268746,24720,1600,via2_1600x480
VDD,met1-met2,STRIPE,via,267146,24240,268746,24720,1600,via_1600x480
VDD,met3-met4,STRIPE,via,239761,24240,241361,24720,1600,via3_1600x480
VDD,met2-met3,STRIPE,via,239761,24240,241361,24720,1600,via2_1600x480
VDD,met1-met2,STRIPE,via,239761,24240,241361,24720,1600,via_1600x480
VDD,met3-met4,STRIPE,via,212929,24240,214529,24720,1600,via3_1600x480
VDD,met2-met3,STRIPE,via,212929,24240,214529,24720,1600,via2_1600x480
VDD,met1-met2,STRIPE,via,212929,24240,214529,24720,1600,via_1600x480
VDD,met3-met4,STRIPE,via,185622,24240,187222,24720,1600,via3_1600x480
VDD,met2-met3,STRIPE,via,185622,24240,187222,24720,1600,via2_1600x480
VDD,met1-met2,STRIPE,via,185622,24240,187222,24720,1600,via_1600x480
VDD,met3-met4,STRIPE,via,159052,24240,160652,24720,1600,via3_1600x480
VDD,met2-met3,STRIPE,via,159052,24240,160652,24720,1600,via2_1600x480
VDD,met1-met2,STRIPE,via,159052,24240,160652,24720,1600,via_1600x480
VDD,met3-met4,STRIPE,via,131425,24240,133025,24720,1600,via3_1600x480
VDD,met2-met3,STRIPE,via,131425,24240,133025,24720,1600,via2_1600x480
VDD,met1-met2,STRIPE,via,131425,24240,133025,24720,1600,via_1600x480
VDD,met3-met4,STRIPE,via,104322,24240,105922,24720,1600,via3_1600x480
VDD,met2-met3,STRIPE,via,104322,24240,105922,24720,1600,via2_1600x480
VDD,met1-met2,STRIPE,via,104322,24240,105922,24720,1600,via_1600x480
VDD,met3-met4,STRIPE,via,77629,24240,79229,24720,1600,via3_1600x480
VDD,met2-met3,STRIPE,via,77629,24240,79229,24720,1600,via2_1600x480
VDD,met1-met2,STRIPE,via,77629,24240,79229,24720,1600,via_1600x480
VDD,met3-met4,STRIPE,via,50276,24240,51876,24720,1600,via3_1600x480
VDD,met2-met3,STRIPE,via,50276,24240,51876,24720,1600,via2_1600x480
VDD,met1-met2,STRIPE,via,50276,24240,51876,24720,1600,via_1600x480
VDD,met3-met4,STRIPE,via,23319,24240,24919,24720,1600,via3_1600x480
VDD,met2-met3,STRIPE,via,23319,24240,24919,24720,1600,via2_1600x480
VDD,met1-met2,STRIPE,via,23319,24240,24919,24720,1600,via_1600x480
VDD,met3-met4,STRIPE,via,267146,18800,268746,19280,1600,via3_1600x480
VDD,met2-met3,STRIPE,via,267146,18800,268746,19280,1600,via2_1600x480
VDD,met1-met2,STRIPE,via,267146,18800,268746,19280,1600,via_1600x480
VDD,met3-met4,STRIPE,via,239761,18800,241361,19280,1600,via3_1600x480
VDD,met2-met3,STRIPE,via,239761,18800,241361,19280,1600,via2_1600x480
VDD,met1-met2,STRIPE,via,239761,18800,241361,19280,1600,via_1600x480
VDD,met3-met4,STRIPE,via,212929,18800,214529,19280,1600,via3_1600x480
VDD,met2-met3,STRIPE,via,212929,18800,214529,19280,1600,via2_1600x480
VDD,met1-met2,STRIPE,via,212929,18800,214529,19280,1600,via_1600x480
VDD,met3-met4,STRIPE,via,185622,18800,187222,19280,1600,via3_1600x480
VDD,met2-met3,STRIPE,via,185622,18800,187222,19280,1600,via2_1600x480
VDD,met1-met2,STRIPE,via,185622,18800,187222,19280,1600,via_1600x480
VDD,met3-met4,STRIPE,via,159052,18800,160652,19280,1600,via3_1600x480
VDD,met2-met3,STRIPE,via,159052,18800,160652,19280,1600,via2_1600x480
VDD,met1-met2,STRIPE,via,159052,18800,160652,19280,1600,via_1600x480
VDD,met3-met4,STRIPE,via,131425,18800,133025,19280,1600,via3_1600x480
VDD,met2-met3,STRIPE,via,131425,18800,133025,19280,1600,via2_1600x480
VDD,met1-met2,STRIPE,via,131425,18800,133025,19280,1600,via_1600x480
VDD,met3-met4,STRIPE,via,104322,18800,105922,19280,1600,via3_1600x480
VDD,met2-met3,STRIPE,via,104322,18800,105922,19280,1600,via2_1600x480
VDD,met1-met2,STRIPE,via,104322,18800,105922,19280,1600,via_1600x480
VDD,met3-met4,STRIPE,via,77629,18800,79229,19280,1600,via3_1600x480
VDD,met2-met3,STRIPE,via,77629,18800,79229,19280,1600,via2_1600x480
VDD,met1-met2,STRIPE,via,77629,18800,79229,19280,1600,via_1600x480
VDD,met3-met4,STRIPE,via,50276,18800,51876,19280,1600,via3_1600x480
VDD,met2-met3,STRIPE,via,50276,18800,51876,19280,1600,via2_1600x480
VDD,met1-met2,STRIPE,via,50276,18800,51876,19280,1600,via_1600x480
VDD,met3-met4,STRIPE,via,23319,18800,24919,19280,1600,via3_1600x480
VDD,met2-met3,STRIPE,via,23319,18800,24919,19280,1600,via2_1600x480
VDD,met1-met2,STRIPE,via,23319,18800,24919,19280,1600,via_1600x480
VDD,met3-met4,STRIPE,via,267146,13360,268746,13840,1600,via3_1600x480
VDD,met2-met3,STRIPE,via,267146,13360,268746,13840,1600,via2_1600x480
VDD,met1-met2,STRIPE,via,267146,13360,268746,13840,1600,via_1600x480
VDD,met3-met4,STRIPE,via,239761,13360,241361,13840,1600,via3_1600x480
VDD,met2-met3,STRIPE,via,239761,13360,241361,13840,1600,via2_1600x480
VDD,met1-met2,STRIPE,via,239761,13360,241361,13840,1600,via_1600x480
VDD,met3-met4,STRIPE,via,212929,13360,214529,13840,1600,via3_1600x480
VDD,met2-met3,STRIPE,via,212929,13360,214529,13840,1600,via2_1600x480
VDD,met1-met2,STRIPE,via,212929,13360,214529,13840,1600,via_1600x480
VDD,met3-met4,STRIPE,via,185622,13360,187222,13840,1600,via3_1600x480
VDD,met2-met3,STRIPE,via,185622,13360,187222,13840,1600,via2_1600x480
VDD,met1-met2,STRIPE,via,185622,13360,187222,13840,1600,via_1600x480
VDD,met3-met4,STRIPE,via,159052,13360,160652,13840,1600,via3_1600x480
VDD,met2-met3,STRIPE,via,159052,13360,160652,13840,1600,via2_1600x480
VDD,met1-met2,STRIPE,via,159052,13360,160652,13840,1600,via_1600x480
VDD,met3-met4,STRIPE,via,131425,13360,133025,13840,1600,via3_1600x480
VDD,met2-met3,STRIPE,via,131425,13360,133025,13840,1600,via2_1600x480
VDD,met1-met2,STRIPE,via,131425,13360,133025,13840,1600,via_1600x480
VDD,met3-met4,STRIPE,via,104322,13360,105922,13840,1600,via3_1600x480
VDD,met2-met3,STRIPE,via,104322,13360,105922,13840,1600,via2_1600x480
VDD,met1-met2,STRIPE,via,104322,13360,105922,13840,1600,via_1600x480
VDD,met3-met4,STRIPE,via,77629,13360,79229,13840,1600,via3_1600x480
VDD,met2-met3,STRIPE,via,77629,13360,79229,13840,1600,via2_1600x480
VDD,met1-met2,STRIPE,via,77629,13360,79229,13840,1600,via_1600x480
VDD,met3-met4,STRIPE,via,50276,13360,51876,13840,1600,via3_1600x480
VDD,met2-met3,STRIPE,via,50276,13360,51876,13840,1600,via2_1600x480
VDD,met1-met2,STRIPE,via,50276,13360,51876,13840,1600,via_1600x480
VDD,met3-met4,STRIPE,via,23319,13360,24919,13840,1600,via3_1600x480
VDD,met2-met3,STRIPE,via,23319,13360,24919,13840,1600,via2_1600x480
VDD,met1-met2,STRIPE,via,23319,13360,24919,13840,1600,via_1600x480
VDD,met5,STRIPE,wire,10120,241040,269560,242640,1600,
VDD,met5,STRIPE,wire,10120,213840,269560,215440,1600,
VDD,met5,STRIPE,wire,10120,186640,269560,188240,1600,
VDD,met5,STRIPE,wire,10120,159440,269560,161040,1600,
VDD,met5,STRIPE,wire,10120,132240,269560,133840,1600,
VDD,met5,STRIPE,wire,10120,105040,269560,106640,1600,
VDD,met5,STRIPE,wire,10120,77840,269560,79440,1600,
VDD,met5,STRIPE,wire,10120,50640,269560,52240,1600,
VDD,met5,STRIPE,wire,10120,23440,269560,25040,1600,
VDD,met4,STRIPE,wire,267146,10640,268746,269520,1600,
VDD,met4,STRIPE,wire,239761,10640,241361,269520,1600,
VDD,met4,STRIPE,wire,212929,10640,214529,269520,1600,
VDD,met4,STRIPE,wire,185622,10640,187222,269520,1600,
VDD,met4,STRIPE,wire,159052,10640,160652,269520,1600,
VDD,met4,STRIPE,wire,131425,10640,133025,269520,1600,
VDD,met4,STRIPE,wire,104322,10640,105922,269520,1600,
VDD,met4,STRIPE,wire,77629,10640,79229,269520,1600,
VDD,met4,STRIPE,wire,50276,10640,51876,269520,1600,
VDD,met4,STRIPE,wire,23319,10640,24919,269520,1600,
VDD,met1,FOLLOWPIN,wire,10120,269040,269560,269520,480,
VDD,met1,FOLLOWPIN,wire,10120,263600,269560,264080,480,
VDD,met1,FOLLOWPIN,wire,10120,258160,269560,258640,480,
VDD,met1,FOLLOWPIN,wire,10120,252720,269560,253200,480,
VDD,met1,FOLLOWPIN,wire,10120,247280,269560,247760,480,
VDD,met1,FOLLOWPIN,wire,10120,241840,269560,242320,480,
VDD,met1,FOLLOWPIN,wire,10120,236400,269560,236880,480,
VDD,met1,FOLLOWPIN,wire,10120,230960,269560,231440,480,
VDD,met1,FOLLOWPIN,wire,10120,225520,269560,226000,480,
VDD,met1,FOLLOWPIN,wire,10120,220080,269560,220560,480,
VDD,met1,FOLLOWPIN,wire,10120,214640,269560,215120,480,
VDD,met1,FOLLOWPIN,wire,10120,209200,269560,209680,480,
VDD,met1,FOLLOWPIN,wire,10120,203760,269560,204240,480,
VDD,met1,FOLLOWPIN,wire,10120,198320,269560,198800,480,
VDD,met1,FOLLOWPIN,wire,10120,192880,269560,193360,480,
VDD,met1,FOLLOWPIN,wire,10120,187440,269560,187920,480,
VDD,met1,FOLLOWPIN,wire,10120,182000,269560,182480,480,
VDD,met1,FOLLOWPIN,wire,10120,176560,269560,177040,480,
VDD,met1,FOLLOWPIN,wire,10120,171120,269560,171600,480,
VDD,met1,FOLLOWPIN,wire,10120,165680,269560,166160,480,
VDD,met1,FOLLOWPIN,wire,10120,160240,269560,160720,480,
VDD,met1,FOLLOWPIN,wire,10120,154800,269560,155280,480,
VDD,met1,FOLLOWPIN,wire,10120,149360,269560,149840,480,
VDD,met1,FOLLOWPIN,wire,10120,143920,269560,144400,480,
VDD,met1,FOLLOWPIN,wire,10120,138480,269560,138960,480,
VDD,met1,FOLLOWPIN,wire,10120,133040,269560,133520,480,
VDD,met1,FOLLOWPIN,wire,10120,127600,269560,128080,480,
VDD,met1,FOLLOWPIN,wire,10120,122160,269560,122640,480,
VDD,met1,FOLLOWPIN,wire,10120,116720,269560,117200,480,
VDD,met1,FOLLOWPIN,wire,10120,111280,269560,111760,480,
VDD,met1,FOLLOWPIN,wire,10120,105840,269560,106320,480,
VDD,met1,FOLLOWPIN,wire,10120,100400,269560,100880,480,
VDD,met1,FOLLOWPIN,wire,10120,94960,269560,95440,480,
VDD,met1,FOLLOWPIN,wire,10120,89520,269560,90000,480,
VDD,met1,FOLLOWPIN,wire,10120,84080,269560,84560,480,
VDD,met1,FOLLOWPIN,wire,10120,78640,269560,79120,480,
VDD,met1,FOLLOWPIN,wire,10120,73200,269560,73680,480,
VDD,met1,FOLLOWPIN,wire,10120,67760,269560,68240,480,
VDD,met1,FOLLOWPIN,wire,10120,62320,269560,62800,480,
VDD,met1,FOLLOWPIN,wire,10120,56880,269560,57360,480,
VDD,met1,FOLLOWPIN,wire,10120,51440,269560,51920,480,
VDD,met1,FOLLOWPIN,wire,10120,46000,269560,46480,480,
VDD,met1,FOLLOWPIN,wire,10120,40560,269560,41040,480,
VDD,met1,FOLLOWPIN,wire,10120,35120,269560,35600,480,
VDD,met1,FOLLOWPIN,wire,10120,29680,269560,30160,480,
VDD,met1,FOLLOWPIN,wire,10120,24240,269560,24720,480,
VDD,met1,FOLLOWPIN,wire,10120,18800,269560,19280,480,
VDD,met1,FOLLOWPIN,wire,10120,13360,269560,13840,480,
