net,layer,shape,kind,x1,y1,x2,y2,width,via_name
VSS,met4-met5,STRIPE,via,250678,254640,252278,256240,1600,via4_1600x1600
VSS,met4-met5,STRIPE,via,227438,254640,229038,256240,1600,via4_1600x1600
VSS,met4-met5,STRIPE,via,201568,254640,203168,256240,1600,via4_1600x1600
VSS,met4-met5,STRIPE,via,170184,254640,171784,256240,1600,via4_1600x1600
VSS,met4-met5,STRIPE,via,145465,254640,147065,256240,1600,via4_1600x1600
VSS,met4-met5,STRIPE,via,121207,254640,122807,256240,1600,via4_1600x1600
VSS,met4-met5,STRIPE,via,90279,254640,91879,256240,1600,via4_1600x1600
VSS,met4-met5,STRIPE,via,61373,254640,62973,256240,1600,via4_1600x1600
VSS,met4-met5,STRIPE,via,40369,254640,41969,256240,1600,via4_1600x1600
VSS,met4-met5,STRIPE,via,250678,227440,252278,229040,1600,via4_1600x1600
VSS,met4-met5,STRIPE,via,227438,227440,229038,229040,1600,via4_1600x1600
VSS,met4-met5,STRIPE,via,201568,227440,203168,229040,1600,via4_1600x1600
VSS,met4-met5,STRIPE,via,170184,227440,171784,229040,1600,via4_1600x1600
VSS,met4-met5,STRIPE,via,145465,227440,147065,229040,1600,via4_1600x1600
VSS,met4-met5,STRIPE,via,121207,227440,122807,229040,1600,via4_1600x1600
VSS,met4-met5,STRIPE,via,90279,227440,91879,229040,1600,via4_1600x1600
VSS,met4-met5,STRIPE,via,61373,227440,62973,229040,1600,via4_1600x1600
VSS,met4-met5,STRIPE,via,40369,227440,41969,229040,1600,via4_1600x1600
VSS,met4-met5,STRIPE,via,250678,200240,252278,201840,1600,via4_1600x1600
VSS,met4-met5,STRIPE,via,227438,200240,229038,201840,1600,via4_1600x1600
VSS,met4-met5,STRIPE,via,201568,200240,203168,201840,1600,via4_1600x1600
VSS,met4-met5,STRIPE,via,170184,200240,171784,201840,1600,via4_1600x1600
VSS,met4-met5,STRIPE,via,145465,200240,147065,201840,1600,via4_1600x1600
VSS,met4-met5,STRIPE,via,121207,200240,122807,201840,1600,via4_1600x1600
VSS,met4-met5,STRIPE,via,90279,200240,91879,201840,1600,via4_1600x1600
VSS,met4-met5,STRIPE,via,61373,200240,62973,201840,1600,via4_1600x1600
VSS,met4-met5,STRIPE,via,40369,200240,41969,201840,1600,via4_1600x1600
VSS,met4-met5,STRIPE,via,250678,173040,252278,174640,1600,via4_1600x1600
VSS,met4-met5,STRIPE,via,227438,173040,229038,174640,1600,via4_1600x1600
VSS,met4-met5,STRIPE,via,201568,173040,203168,174640,1600,via4_1600x1600
VSS,met4-met5,STRIPE,via,170184,173040,171784,174640,1600,via4_1600x1600
VSS,met4-met5,STRIPE,via,145465,173040,147065,174640,1600,via4_1600x1600
VSS,met4-met5,STRIPE,via,121207,173040,122807,174640,1600,via4_1600x1600
VSS,met4-met5,STRIPE,via,90279,173040,91879,174640,1600,via4_1600x1600
VSS,met4-met5,STRIPE,via,61373,173040,62973,174640,1600,via4_1600x1600
VSS,met4-met5,STRIPE,via,40369,173040,41969,174640,1600,via4_1600x1600
VSS,met4-met5,STRIPE,via,250678,145840,252278,147440,1600,via4_1600x1600
VSS,met4-met5,STRIPE,via,227438,145840,229038,147440,1600,via4_1600x1600
VSS,met4-met5,STRIPE,via,201568,145840,203168,147440,1600,via4_1600x1600
VSS,met4-met5,STRIPE,via,170184,145840,171784,147440,1600,via4_1600x1600
VSS,met4-met5,STRIPE,via,145465,145840,147065,147440,1600,via4_1600x1600
VSS,met4-met5,STRIPE,via,121207,145840,122807,147440,1600,via4_1600x1600
VSS,met4-met5,STRIPE,via,90279,145840,91879,147440,1600,via4_1600x1600
VSS,met4-met5,STRIPE,via,61373,145840,62973,147440,1600,via4_1600x1600
VSS,met4-met5,STRIPE,via,40369,145840,41969,147440,1600,via4_1600x1600
VSS,met4-met5,STRIPE,via,250678,118640,252278,120240,1600,via4_1600x1600
VSS,met4-met5,STRIPE,via,227438,118640,229038,120240,1600,via4_1600x1600
VSS,met4-met5,STRIPE,via,201568,118640,203168,120240,1600,via4_1600x1600
VSS,met4-met5,STRIPE,via,170184,118640,171784,120240,1600,via4_1600x1600
VSS,met4-met5,STRIPE,via,145465,118640,147065,120240,1600,via4_1600x1600
VSS,met4-met5,STRIPE,via,121207,118640,122807,120240,1600,via4_1600x1600
VSS,met4-met5,STRIPE,via,90279,118640,91879,120240,1600,via4_1600x1600
VSS,met4-met5,STRIPE,via,61373,118640,62973,120240,1600,via4_1600x1600
VSS,met4-met5,STRIPE,via,40369,118640,41969,120240,1600,via4_1600x1600
VSS,met4-met5,STRIPE,via,250678,91440,252278,93040,1600,via4_1600x1600
VSS,met4-met5,STRIPE,via,227438,91440,229038,93040,1600,via4_1600x1600
VSS,met4-met5,STRIPE,via,201568,91440,203168,93040,1600,via4_1600x1600
VSS,met4-met5,STRIPE,via,170184,91440,171784,93040,1600,via4_1600x1600
VSS,met4-met5,STRIPE,via,145465,91440,147065,93040,1600,via4_1600x1600
VSS,met4-met5,STRIPE,via,121207,91440,122807,93040,1600,via4_1600x1600
VSS,met4-met5,STRIPE,via,90279,91440,91879,93040,1600,via4_1600x1600
VSS,met4-met5,STRIPE,via,61373,91440,62973,93040,1600,via4_1600x1600
VSS,met4-met5,STRIPE,via,40369,91440,41969,93040,1600,via4_1600x1600
VSS,met4-met5,STRIPE,via,250678,64240,252278,65840,1600,via4_1600x1600
VSS,met4-met5,STRIPE,via,227438,64240,229038,65840,1600,via4_1600x1600
VSS,met4-met5,STRIPE,via,201568,64240,203168,65840,1600,via4_1600x1600
VSS,met4-met5,STRIPE,via,170184,64240,171784,65840,1600,via4_1600x1600
VSS,met4-met5,STRIPE,via,145465,64240,147065,65840,1600,via4_1600x1600
VSS,met4-met5,STRIPE,via,121207,64240,122807,65840,1600,via4_1600x1600
VSS,met4-met5,STRIPE,via,90279,64240,91879,65840,1600,via4_1600x1600
VSS,met4-met5,STRIPE,via,61373,64240,62973,65840,1600,via4_1600x1600
VSS,met4-met5,STRIPE,via,40369,64240,41969,65840,1600,via4_1600x1600
VSS,met4-met5,STRIPE,via,250678,37040,252278,38640,1600,via4_1600x1600
VSS,met4-met5,STRIPE,via,227438,37040,229038,38640,1600,via4_1600x1600
VSS,met4-met5,STRIPE,via,201568,37040,203168,38640,1600,via4_1600x1600
VSS,met4-met5,STRIPE,via,170184,37040,171784,38640,1600,via4_1600x1600
VSS,met4-met5,STRIPE,via,145465,37040,147065,38640,1600,via4_1600x1600
VSS,met4-met5,STRIPE,via,121207,37040,122807,38640,1600,via4_1600x1600
VSS,met4-met5,STRIPE,via,90279,37040,91879,38640,1600,via4_1600x1600
VSS,met4-met5,STRIPE,via,61373,37040,62973,38640,1600,via4_1600x1600
VSS,met4-met5,STRIPE,via,40369,37040,41969,38640,1600,via4_1600x1600
VSS,met3-met4,STRIPE,via,250678,266320,252278,266800,1600,via3_1600x480
VSS,met2-met3,STRIPE,via,250678,266320,252278,266800,1600,via2_1600x480
VSS,met1-met2,STRIPE,via,250678,266320,252278,266800,1600,via_1600x480
VSS,met3-met4,STRIPE,via,227438,266320,229038,266800,1600,via3_1600x480
VSS,met2-met3,STRIPE,via,227438,266320,229038,266800,1600,via2_1600x480
VSS,met1-met2,STRIPE,via,227438,266320,229038,266800,1600,via_1600x480
VSS,met3-met4,STRIPE,via,201568,266320,203168,266800,1600,via3_1600x480
VSS,met2-met3,STRIPE,via,201568,266320,203168,266800,1600,via2_1600x480
VSS,met1-met2,STRIPE,via,201568,266320,203168,266800,1600,via_1600x480
VSS,met3-met4,STRIPE,via,170184,266320,171784,266800,1600,via3_1600x480
VSS,met2-met3,STRIPE,via,170184,266320,171784,266800,1600,via2_1600x480
VSS,met1-met2,STRIPE,via,170184,266320,171784,266800,1600,via_1600x480
VSS,met3-met4,STRIPE,via,145465,266320,147065,266800,1600,via3_1600x480
VSS,met2-met3,STRIPE,via,145465,266320,147065,266800,1600,via2_1600x480
VSS,met1-met2,STRIPE,via,145465,266320,147065,266800,1600,via_1600x480
VSS,met3-met4,STRIPE,via,121207,266320,122807,266800,1600,via3_1600x480
VSS,met2-met3,STRIPE,via,121207,266320,122807,266800,1600,via2_1600x480
VSS,met1-met2,STRIPE,via,121207,266320,122807,266800,1600,via_1600x480
VSS,met3-met4,STRIPE,via,90279,266320,91879,266800,1600,via3_1600x480
VSS,met2-met3,STRIPE,via,90279,266320,91879,266800,1600,via2_1600x480
VSS,met1-met2,STRIPE,via,90279,266320,91879,266800,1600,via_1600x480
VSS,met3-met4,STRIPE,via,61373,266320,62973,266800,1600,via3_1600x480
VSS,met2-met3,STRIPE,via,61373,266320,62973,266800,1600,via2_1600x480
VSS,met1-met2,STRIPE,via,61373,266320,62973,266800,1600,via_1600x480
VSS,met3-met4,STRIPE,via,40369,266320,41969,266800,1600,via3_1600x480
VSS,met2-met3,STRIPE,via,40369,266320,41969,266800,1600,via2_1600x480
VSS,met1-met2,STRIPE,via,40369,266320,41969,266800,1600,via_1600x480
VSS,met3-met4,STRIPE,via,250678,260880,252278,261360,1600,via3_1600x480
VSS,met2-met3,STRIPE,via,250678,260880,252278,261360,1600,via2_1600x480
VSS,met1-met2,STRIPE,via,250678,260880,252278,261360,1600,via_1600x480
VSS,met3-met4,STRIPE,via,227438,260880,229038,261360,1600,via3_1600x480
VSS,met2-met3,STRIPE,via,227438,260880,229038,261360,1600,via2_1600x480
VSS,met1-met2,STRIPE,via,227438,260880,229038,261360,1600,via_1600x480
VSS,met3-met4,STRIPE,via,201568,260880,203168,261360,1600,via3_1600x480
VSS,met2-met3,STRIPE,via,201568,260880,203168,261360,1600,via2_1600x480
VSS,met1-met2,STRIPE,via,201568,260880,203168,261360,1600,via_1600x480
VSS,met3-met4,STRIPE,via,170184,260880,171784,261360,1600,via3_1600x480
VSS,met2-met3,STRIPE,via,170184,260880,171784,261360,1600,via2_1600x480
VSS,met1-met2,STRIPE,via,170184,260880,171784,261360,1600,via_1600x480
VSS,met3-met4,STRIPE,via,145465,260880,147065,261360,1600,via3_1600x480
VSS,met2-met3,STRIPE,via,145465,260880,147065,261360,1600,via2_1600x480
VSS,met1-met2,STRIPE,via,145465,260880,147065,261360,1600,via_1600x480
VSS,met3-met4,STRIPE,via,121207,260880,122807,261360,1600,via3_1600x480
VSS,met2-met3,STRIPE,via,121207,260880,122807,261360,1600,via2_1600x480
VSS,met1-met2,STRIPE,via,121207,260880,122807,261360,1600,via_1600x480
VSS,met3-met4,STRIPE,via,90279,260880,91879,261360,1600,via3_1600x480
VSS,met2-met3,STRIPE,via,90279,260880,91879,261360,1600,via2_1600x480
VSS,met1-met2,STRIPE,via,90279,260880,91879,261360,1600,via_1600x480
VSS,met3-met4,STRIPE,via,61373,260880,62973,261360,1600,via3_1600x480
VSS,met2-met3,STRIPE,via,61373,260880,62973,261360,1600,via2_1600x480
VSS,met1-met2,STRIPE,via,61373,260880,62973,261360,1600,via_1600x480
VSS,met3-met4,STRIPE,via,40369,260880,41969,261360,1600,via3_1600x480
VSS,met2-met3,STRIPE,via,40369,260880,41969,261360,1600,via2_1600x480
VSS,met1-met2,STRIPE,via,40369,260880,41969,261360,1600,via_1600x480
VSS,met3-met4,STRIPE,via,250678,255440,252278,255920,1600,via3_1600x480
VSS,met2-met3,STRIPE,via,250678,255440,252278,255920,1600,via2_1600x480
VSS,met1-met2,STRIPE,via,250678,255440,252278,255920,1600,via_1600x480
VSS,met3-met4,STRIPE,via,227438,255440,229038,255920,1600,via3_1600x480
VSS,met2-met3,STRIPE,via,227438,255440,229038,255920,1600,via2_1600x480
VSS,met1-met2,STRIPE,via,227438,255440,229038,255920,1600,via_1600x480
VSS,met3-met4,STRIPE,via,201568,255440,203168,255920,1600,via3_1600x480
VSS,met2-met3,STRIPE,via,201568,255440,203168,255920,1600,via2_1600x480
VSS,met1-met2,STRIPE,via,201568,255440,203168,255920,1600,via_1600x480
VSS,met3-met4,STRIPE,via,170184,255440,171784,255920,1600,via3_1600x480
VSS,met2-met3,STRIPE,via,170184,255440,171784,255920,1600,via2_1600x480
VSS,met1-met2,STRIPE,via,170184,255440,171784,255920,1600,via_1600x480
VSS,met3-met4,STRIPE,via,145465,255440,147065,255920,1600,via3_1600x480
VSS,met2-met3,STRIPE,via,145465,255440,147065,255920,1600,via2_1600x480
VSS,met1-met2,STRIPE,via,145465,255440,147065,255920,1600,via_1600x480
VSS,met3-met4,STRIPE,via,121207,255440,122807,255920,1600,via3_1600x480
VSS,met2-met3,STRIPE,via,121207,255440,122807,255920,1600,via2_1600x480
VSS,met1-met2,STRIPE,via,121207,255440,122807,255920,1600,via_1600x480
VSS,met3-met4,STRIPE,via,90279,255440,91879,255920,1600,via3_1600x480
VSS,met2-met3,STRIPE,via,90279,255440,91879,255920,1600,via2_1600x480
VSS,met1-met2,STRIPE,via,90279,255440,91879,255920,1600,via_1600x480
VSS,met3-met4,STRIPE,via,61373,255440,62973,255920,1600,via3_1600x480
VSS,met2-met3,STRIPE,via,61373,255440,62973,255920,1600,via2_1600x480
VSS,met1-met2,STRIPE,via,61373,255440,62973,255920,1600,via_1600x480
VSS,met3-met4,STRIPE,via,40369,255440,41969,255920,1600,via3_1600x480
VSS,met2-met3,STRIPE,via,40369,255440,41969,255920,1600,via2_1600x480
VSS,met1-met2,STRIPE,via,40369,255440,41969,255920,1600,via_1600x480
VSS,met3-met4,STRIPE,via,250678,250000,252278,250480,1600,via3_1600x480
VSS,met2-met3,STRIPE,via,250678,250000,252278,250480,1600,via2_1600x480
VSS,met1-met2,STRIPE,via,250678,250000,252278,250480,1600,via_1600x480
VSS,met3-met4,STRIPE,via,227438,250000,229038,250480,1600,via3_1600x480
VSS,met2-met3,STRIPE,via,227438,250000,229038,250480,1600,via2_1600x480
VSS,met1-met2,STRIPE,via,227438,250000,229038,250480,1600,via_1600x480
VSS,met3-met4,STRIPE,via,201568,250000,203168,250480,1600,via3_1600x480
VSS,met2-met3,STRIPE,via,201568,250000,203168,250480,1600,via2_1600x480
VSS,met1-met2,STRIPE,via,201568,250000,203168,250480,1600,via_1600x480
VSS,met3-met4,STRIPE,via,170184,250000,171784,250480,1600,via3_1600x480
VSS,met2-met3,STRIPE,via,170184,250000,171784,250480,1600,via2_1600x480
VSS,met1-met2,STRIPE,via,170184,250000,171784,250480,1600,via_1600x480
VSS,met3-met4,STRIPE,via,145465,250000,147065,250480,1600,via3_1600x480
VSS,met2-met3,STRIPE,via,145465,250000,147065,250480,1600,via2_1600x480
VSS,met1-met2,STRIPE,via,145465,250000,147065,250480,1600,via_1600x480
VSS,met3-met4,STRIPE,via,121207,250000,122807,250480,1600,via3_1600x480
VSS,met2-met3,STRIPE,via,121207,250000,122807,250480,1600,via2_1600x480
VSS,met1-met2,STRIPE,via,121207,250000,122807,250480,1600,via_1600x480
VSS,met3-met4,STRIPE,via,90279,250000,91879,250480,1600,via3_1600x480
VSS,met2-met3,STRIPE,via,90279,250000,91879,250480,1600,via2_1600x480
VSS,met1-met2,STRIPE,via,90279,250000,91879,250480,1600,via_1600x480
VSS,met3-met4,STRIPE,via,61373,250000,62973,250480,1600,via3_1600x480
VSS,met2-met3,STRIPE,via,61373,250000,62973,250480,1600,via2_1600x480
VSS,met1-met2,STRIPE,via,61373,250000,62973,250480,1600,via_1600x480
VSS,met3-met4,STRIPE,via,40369,250000,41969,250480,1600,via3_1600x480
VSS,met2-met3,STRIPE,via,40369,250000,41969,250480,1600,via2_1600x480
VSS,met1-met2,STRIPE,via,40369,250000,41969,250480,1600,via_1600x480
VSS,met3-met4,STRIPE,via,250678,244560,252278,245040,1600,via3_1600x480
VSS,met2-met3,STRIPE,via,250678,244560,252278,245040,1600,via2_1600x480
VSS,met1-met2,STRIPE,via,250678,244560,252278,245040,1600,via_1600x480
VSS,met3-met4,STRIPE,via,227438,244560,229038,245040,1600,via3_1600x480
VSS,met2-met3,STRIPE,via,227438,244560,229038,245040,1600,via2_1600x480
VSS,met1-met2,STRIPE,via,227438,244560,229038,245040,1600,via_1600x480
VSS,met3-met4,STRIPE,via,201568,244560,203168,245040,1600,via3_1600x480
VSS,met2-met3,STRIPE,via,201568,244560,203168,245040,1600,via2_1600x480
VSS,met1-met2,STRIPE,via,201568,244560,203168,245040,1600,via_1600x480
VSS,met3-met4,STRIPE,via,170184,244560,171784,245040,1600,via3_1600x480
VSS,met2-met3,STRIPE,via,170184,244560,171784,245040,1600,via2_1600x480
VSS,met1-met2,STRIPE,via,170184,244560,171784,245040,1600,via_1600x480
VSS,met3-met4,STRIPE,via,145465,244560,147065,245040,1600,via3_1600x480
VSS,met2-met3,STRIPE,via,145465,244560,147065,245040,1600,via2_1600x480
VSS,met1-met2,STRIPE,via,145465,244560,147065,245040,1600,via_1600x480
VSS,met3-met4,STRIPE,via,121207,244560,122807,245040,1600,via3_1600x480
VSS,met2-met3,STRIPE,via,121207,244560,122807,245040,1600,via2_1600x480
VSS,met1-met2,STRIPE,via,121207,244560,122807,245040,1600,via_1600x480
VSS,met3-met4,STRIPE,via,90279,244560,91879,245040,1600,via3_1600x480
VSS,met2-met3,STRIPE,via,90279,244560,91879,245040,1600,via2_1600x480
VSS,met1-met2,STRIPE,via,90279,244560,91879,245040,1600,via_1600x480
VSS,met3-met4,STRIPE,via,61373,244560,62973,245040,1600,via3_1600x480
VSS,met2-met3,STRIPE,via,61373,244560,62973,245040,1600,via2_1600x480
VSS,met1-met2,STRIPE,via,61373,244560,62973,245040,1600,via_1600x480
VSS,met3-met4,STRIPE,via,40369,244560,41969,245040,1600,via3_1600x480
VSS,met2-met3,STRIPE,via,40369,244560,41969,245040,1600,via2_1600x480
VSS,met1-met2,STRIPE,via,40369,244560,41969,245040,1600,via_1600x480
VSS,met3-met4,STRIPE,via,250678,239120,252278,239600,1600,via3_1600x480
VSS,met2-met3,STRIPE,via,250678,239120,252278,239600,1600,via2_1600x480
VSS,met1-met2,STRIPE,via,250678,239120,252278,239600,1600,via_1600x480
VSS,met3-met4,STRIPE,via,227438,239120,229038,239600,1600,via3_1600x480
VSS,met2-met3,STRIPE,via,227438,239120,229038,239600,1600,via2_1600x480
VSS,met1-met2,STRIPE,via,227438,239120,229038,239600,1600,via_1600x480
VSS,met3-met4,STRIPE,via,201568,239120,203168,239600,1600,via3_1600x480
VSS,met2-met3,STRIPE,via,201568,239120,203168,239600,1600,via2_1600x480
VSS,met1-met2,STRIPE,via,201568,239120,203168,239600,1600,via_1600x480
VSS,met3-met4,STRIPE,via,170184,239120,171784,239600,1600,via3_1600x480
VSS,met2-met3,STRIPE,via,170184,239120,171784,239600,1600,via2_1600x480
VSS,met1-met2,STRIPE,via,170184,239120,171784,239600,1600,via_1600x480
VSS,met3-met4,STRIPE,via,145465,239120,147065,239600,1600,via3_1600x480
VSS,met2-met3,STRIPE,via,145465,239120,147065,239600,1600,via2_1600x480
VSS,met1-met2,STRIPE,via,145465,239120,147065,239600,1600,via_1600x480
VSS,met3-met4,STRIPE,via,121207,239120,122807,239600,1600,via3_1600x480
VSS,met2-met3,STRIPE,via,121207,239120,122807,239600,1600,via2_1600x480
VSS,met1-met2,STRIPE,via,121207,239120,122807,239600,1600,via_1600x480
VSS,met3-met4,STRIPE,via,90279,239120,91879,239600,1600,via3_1600x480
VSS,met2-met3,STRIPE,via,90279,239120,91879,239600,1600,via2_1600x480
VSS,met1-met2,STRIPE,via,90279,239120,91879,239600,1600,via_1600x480
VSS,met3-met4,STRIPE,via,61373,239120,62973,239600,1600,via3_1600x480
VSS,met2-met3,STRIPE,via,61373,239120,62973,239600,1600,via2_1600x480
VSS,met1-met2,STRIPE,via,61373,239120,62973,239600,1600,via_1600x480
VSS,met3-met4,STRIPE,via,40369,239120,41969,239600,1600,via3_1600x480
VSS,met2-met3,STRIPE,via,40369,239120,41969,239600,1600,via2_1600x480
VSS,met1-met2,STRIPE,via,40369,239120,41969,239600,1600,via_1600x480
VSS,met3-met4,STRIPE,via,250678,233680,252278,234160,1600,via3_1600x480
VSS,met2-met3,STRIPE,via,250678,233680,252278,234160,1600,via2_1600x480
VSS,met1-met2,STRIPE,via,250678,233680,252278,234160,1600,via_1600x480
VSS,met3-met4,STRIPE,via,227438,233680,229038,234160,1600,via3_1600x480
VSS,met2-met3,STRIPE,via,227438,233680,229038,234160,1600,via2_1600x480
VSS,met1-met2,STRIPE,via,227438,233680,229038,234160,1600,via_1600x480
VSS,met3-met4,STRIPE,via,201568,233680,203168,234160,1600,via3_1600x480
VSS,met2-met3,STRIPE,via,201568,233680,203168,234160,1600,via2_1600x480
VSS,met1-met2,STRIPE,via,201568,233680,203168,234160,1600,via_1600x480
VSS,met3-met4,STRIPE,via,170184,233680,171784,234160,1600,via3_1600x480
VSS,met2-met3,STRIPE,via,170184,233680,171784,234160,1600,via2_1600x480
VSS,met1-met2,STRIPE,via,170184,233680,171784,234160,1600,via_1600x480
VSS,met3-met4,STRIPE,via,145465,233680,147065,234160,1600,via3_1600x480
VSS,met2-met3,STRIPE,via,145465,233680,147065,234160,1600,via2_1600x480
VSS,met1-met2,STRIPE,via,145465,233680,147065,234160,1600,via_1600x480
VSS,met3-met4,STRIPE,via,121207,233680,122807,234160,1600,via3_1600x480
VSS,met2-met3,STRIPE,via,121207,233680,122807,234160,1600,via2_1600x480
VSS,met1-met2,STRIPE,via,121207,233680,122807,234160,1600,via_1600x480
VSS,met3-met4,STRIPE,via,90279,233680,91879,234160,1600,via3_1600x480
VSS,met2-met3,STRIPE,via,90279,233680,91879,234160,1600,via2_1600x480
VSS,met1-met2,STRIPE,via,90279,233680,91879,234160,1600,via_1600x480
VSS,met3-met4,STRIPE,via,61373,233680,62973,234160,1600,via3_1600x480
VSS,met2-met3,STRIPE,via,61373,233680,62973,234160,1600,via2_1600x480
VSS,met1-met2,STRIPE,via,61373,233680,62973,234160,1600,via_1600x480
VSS,met3-met4,STRIPE,via,40369,233680,41969,234160,1600,via3_1600x480
VSS,met2-met3,STRIPE,via,40369,233680,41969,234160,1600,via2_1600x480
VSS,met1-met2,STRIPE,via,40369,233680,41969,234160,1600,via_1600x480
VSS,met3-met4,STRIPE,via,250678,228240,252278,228720,1600,via3_1600x480
VSS,met2-met3,STRIPE,via,250678,228240,252278,228720,1600,via2_1600x480
VSS,met1-met2,STRIPE,via,250678,228240,252278,228720,1600,via_1600x480
VSS,met3-met4,STRIPE,via,227438,228240,229038,228720,1600,via3_1600x480
VSS,met2-met3,STRIPE,via,227438,228240,229038,228720,1600,via2_1600x480
VSS,met1-met2,STRIPE,via,227438,228240,229038,228720,1600,via_1600x480
VSS,met3-met4,STRIPE,via,201568,228240,203168,228720,1600,via3_1600x480
VSS,met2-met3,STRIPE,via,201568,228240,203168,228720,1600,via2_1600x480
VSS,met1-met2,STRIPE,via,201568,228240,203168,228720,1600,via_1600x480
VSS,met3-met4,STRIPE,via,170184,228240,171784,228720,1600,via3_1600x480
VSS,met2-met3,STRIPE,via,170184,228240,171784,228720,1600,via2_1600x480
VSS,met1-met2,STRIPE,via,170184,228240,171784,228720,1600,via_1600x480
VSS,met3-met4,STRIPE,via,145465,228240,147065,228720,1600,via3_1600x480
VSS,met2-met3,STRIPE,via,145465,228240,147065,228720,1600,via2_1600x480
VSS,met1-met2,STRIPE,via,145465,228240,147065,228720,1600,via_1600x480
VSS,met3-met4,STRIPE,via,121207,228240,122807,228720,1600,via3_1600x480
VSS,met2-met3,STRIPE,via,121207,228240,122807,228720,1600,via2_1600x480
VSS,met1-met2,STRIPE,via,121207,228240,122807,228720,1600,via_1600x480
VSS,met3-met4,STRIPE,via,90279,228240,91879,228720,1600,via3_1600x480
VSS,met2-met3,STRIPE,via,90279,228240,91879,228720,1600,via2_1600x480
VSS,met1-met2,STRIPE,via,90279,228240,91879,228720,1600,via_1600x480
VSS,met3-met4,STRIPE,via,61373,228240,62973,228720,1600,via3_1600x480
VSS,met2-met3,STRIPE,via,61373,228240,62973,228720,1600,via2_1600x480
VSS,met1-met2,STRIPE,via,61373,228240,62973,228720,1600,via_1600x480
VSS,met3-met4,STRIPE,via,40369,228240,41969,228720,1600,via3_1600x480
VSS,met2-met3,STRIPE,via,40369,228240,41969,228720,1600,via2_1600x480
VSS,met1-met2,STRIPE,via,40369,228240,41969,228720,1600,via_1600x480
VSS,met3-met4,STRIPE,via,250678,222800,252278,223280,1600,via3_1600x480
VSS,met2-met3,STRIPE,via,250678,222800,252278,223280,1600,via2_1600x480
VSS,met1-met2,STRIPE,via,250678,222800,252278,223280,1600,via_1600x480
VSS,met3-met4,STRIPE,via,227438,222800,229038,223280,1600,via3_1600x480
VSS,met2-met3,STRIPE,via,227438,222800,229038,223280,1600,via2_1600x480
VSS,met1-met2,STRIPE,via,227438,222800,229038,223280,1600,via_1600x480
VSS,met3-met4,STRIPE,via,201568,222800,203168,223280,1600,via3_1600x480
VSS,met2-met3,STRIPE,via,201568,222800,203168,223280,1600,via2_1600x480
VSS,met1-met2,STRIPE,via,201568,222800,203168,223280,1600,via_1600x480
VSS,met3-met4,STRIPE,via,170184,222800,171784,223280,1600,via3_1600x480
VSS,met2-met3,STRIPE,via,170184,222800,171784,223280,1600,via2_1600x480
VSS,met1-met2,STRIPE,via,170184,222800,171784,223280,1600,via_1600x480
VSS,met3-met4,STRIPE,via,145465,222800,147065,223280,1600,via3_1600x480
VSS,met2-met3,STRIPE,via,145465,222800,147065,223280,1600,via2_1600x480
VSS,met1-met2,STRIPE,via,145465,222800,147065,223280,1600,via_1600x480
VSS,met3-met4,STRIPE,via,121207,222800,122807,223280,1600,via3_1600x480
VSS,met2-met3,STRIPE,via,121207,222800,122807,223280,1600,via2_1600x480
VSS,met1-met2,STRIPE,via,121207,222800,122807,223280,1600,via_1600x480
VSS,met3-met4,STRIPE,via,90279,222800,91879,223280,1600,via3_1600x480
VSS,met2-met3,STRIPE,via,90279,222800,91879,223280,1600,via2_1600x480
VSS,met1-met2,STRIPE,via,90279,222800,91879,223280,1600,via_1600x480
VSS,met3-met4,STRIPE,via,61373,222800,62973,223280,1600,via3_1600x480
VSS,met2-met3,STRIPE,via,61373,222800,62973,223280,1600,via2_1600x480
VSS,met1-met2,STRIPE,via,61373,222800,62973,223280,1600,via_1600x480
VSS,met3-met4,STRIPE,via,40369,222800,41969,223280,1600,via3_1600x480
VSS,met2-met3,STRIPE,via,40369,222800,41969,223280,1600,via2_1600x480
VSS,met1-met2,STRIPE,via,40369,222800,41969,223280,1600,via_1600x480
VSS,met3-met4,STRIPE,via,250678,217360,252278,217840,1600,via3_1600x480
VSS,met2-met3,STRIPE,via,250678,217360,252278,217840,1600,via2_1600x480
VSS,met1-met2,STRIPE,via,250678,217360,252278,217840,1600,via_1600x480
VSS,met3-met4,STRIPE,via,227438,217360,229038,217840,1600,via3_1600x480
VSS,met2-met3,STRIPE,via,227438,217360,229038,217840,1600,via2_1600x480
VSS,met1-met2,STRIPE,via,227438,217360,229038,217840,1600,via_1600x480
VSS,met3-met4,STRIPE,via,201568,217360,203168,217840,1600,via3_1600x480
VSS,met2-met3,STRIPE,via,201568,217360,203168,217840,1600,via2_1600x480
VSS,met1-met2,STRIPE,via,201568,217360,203168,217840,1600,via_1600x480
VSS,met3-met4,STRIPE,via,170184,217360,171784,217840,1600,via3_1600x480
VSS,met2-met3,STRIPE,via,170184,217360,171784,217840,1600,via2_1600x480
VSS,met1-met2,STRIPE,via,170184,217360,171784,217840,1600,via_1600x480
VSS,met3-met4,STRIPE,via,145465,217360,147065,217840,1600,via3_1600x480
VSS,met2-met3,STRIPE,via,145465,217360,147065,217840,1600,via2_1600x480
VSS,met1-met2,STRIPE,via,145465,217360,147065,217840,1600,via_1600x480
VSS,met3-met4,STRIPE,via,121207,217360,122807,217840,1600,via3_1600x480
VSS,met2-met3,STRIPE,via,121207,217360,122807,217840,1600,via2_1600x480
VSS,met1-met2,STRIPE,via,121207,217360,122807,217840,1600,via_1600x480
VSS,met3-met4,STRIPE,via,90279,217360,91879,217840,1600,via3_1600x480
VSS,met2-met3,STRIPE,via,90279,217360,91879,217840,1600,via2_1600x480
VSS,met1-met2,STRIPE,via,90279,217360,91879,217840,1600,via_1600x480
VSS,met3-met4,STRIPE,via,61373,217360,62973,217840,1600,via3_1600x480
VSS,met2-met3,STRIPE,via,61373,217360,62973,217840,1600,via2_1600x480
VSS,met1-met2,STRIPE,via,61373,217360,62973,217840,1600,via_1600x480
VSS,met3-met4,STRIPE,via,40369,217360,41969,217840,1600,via3_1600x480
VSS,met2-met3,STRIPE,via,40369,217360,41969,217840,1600,via2_1600x480
VSS,met1-met2,STRIPE,via,40369,217360,41969,217840,1600,via_1600x480
VSS,met3-met4,STRIPE,via,250678,211920,252278,212400,1600,via3_1600x480
VSS,met2-met3,STRIPE,via,250678,211920,252278,212400,1600,via2_1600x480
VSS,met1-met2,STRIPE,via,250678,211920,252278,212400,1600,via_1600x480
VSS,met3-met4,STRIPE,via,227438,211920,229038,212400,1600,via3_1600x480
VSS,met2-met3,STRIPE,via,227438,211920,229038,212400,1600,via2_1600x480
VSS,met1-met2,STRIPE,via,227438,211920,229038,212400,1600,via_1600x480
VSS,met3-met4,STRIPE,via,201568,211920,203168,212400,1600,via3_1600x480
VSS,met2-met3,STRIPE,via,201568,211920,203168,212400,1600,via2_1600x480
VSS,met1-met2,STRIPE,via,201568,211920,203168,212400,1600,via_1600x480
VSS,met3-met4,STRIPE,via,170184,211920,171784,212400,1600,via3_1600x480
VSS,met2-met3,STRIPE,via,170184,211920,171784,212400,1600,via2_1600x480
VSS,met1-met2,STRIPE,via,170184,211920,171784,212400,1600,via_1600x480
VSS,met3-met4,STRIPE,via,145465,211920,147065,212400,1600,via3_1600x480
VSS,met2-met3,STRIPE,via,145465,211920,147065,212400,1600,via2_1600x480
VSS,met1-met2,STRIPE,via,145465,211920,147065,212400,1600,via_1600x480
VSS,met3-met4,STRIPE,via,121207,211920,122807,212400,1600,via3_1600x480
VSS,met2-met3,STRIPE,via,121207,211920,122807,212400,1600,via2_1600x480
VSS,met1-met2,STRIPE,via,121207,211920,122807,212400,1600,via_1600x480
VSS,met3-met4,STRIPE,via,90279,211920,91879,212400,1600,via3_1600x480
VSS,met2-met3,STRIPE,via,90279,211920,91879,212400,1600,via2_1600x480
VSS,met1-met2,STRIPE,via,90279,211920,91879,212400,1600,via_1600x480
VSS,met3-met4,STRIPE,via,61373,211920,62973,212400,1600,via3_1600x480
VSS,met2-met3,STRIPE,via,61373,211920,62973,212400,1600,via2_1600x480
VSS,met1-met2,STRIPE,via,61373,211920,62973,212400,1600,via_1600x480
VSS,met3-met4,STRIPE,via,40369,211920,41969,212400,1600,via3_1600x480
VSS,met2-met3,STRIPE,via,40369,211920,41969,212400,1600,via2_1600x480
VSS,met1-met2,STRIPE,via,40369,211920,41969,212400,1600,via_1600x480
VSS,met3-met4,STRIPE,via,250678,206480,252278,206960,1600,via3_1600x480
VSS,met2-met3,STRIPE,via,250678,206480,252278,206960,1600,via2_1600x480
VSS,met1-met2,STRIPE,via,250678,206480,252278,206960,1600,via_1600x480
VSS,met3-met4,STRIPE,via,227438,206480,229038,206960,1600,via3_1600x480
VSS,met2-met3,STRIPE,via,227438,206480,229038,206960,1600,via2_1600x480
VSS,met1-met2,STRIPE,via,227438,206480,229038,206960,1600,via_1600x480
VSS,met3-met4,STRIPE,via,201568,206480,203168,206960,1600,via3_1600x480
VSS,met2-met3,STRIPE,via,201568,206480,203168,206960,1600,via2_1600x480
VSS,met1-met2,STRIPE,via,201568,206480,203168,206960,1600,via_1600x480
VSS,met3-met4,STRIPE,via,170184,206480,171784,206960,1600,via3_1600x480
VSS,met2-met3,STRIPE,via,170184,206480,171784,206960,1600,via2_1600x480
VSS,met1-met2,STRIPE,via,170184,206480,171784,206960,1600,via_1600x480
VSS,met3-met4,STRIPE,via,145465,206480,147065,206960,1600,via3_1600x480
VSS,met2-met3,STRIPE,via,145465,206480,147065,206960,1600,via2_1600x480
VSS,met1-met2,STRIPE,via,145465,206480,147065,206960,1600,via_1600x480
VSS,met3-met4,STRIPE,via,121207,206480,122807,206960,1600,via3_1600x480
VSS,met2-met3,STRIPE,via,121207,206480,122807,206960,1600,via2_1600x480
VSS,met1-met2,STRIPE,via,121207,206480,122807,206960,1600,via_1600x480
VSS,met3-met4,STRIPE,via,90279,206480,91879,206960,1600,via3_1600x480
VSS,met2-met3,STRIPE,via,90279,206480,91879,206960,1600,via2_1600x480
VSS,met1-met2,STRIPE,via,90279,206480,91879,206960,1600,via_1600x480
VSS,met3-met4,STRIPE,via,61373,206480,62973,206960,1600,via3_1600x480
VSS,met2-met3,STRIPE,via,61373,206480,62973,206960,1600,via2_1600x480
VSS,met1-met2,STRIPE,via,61373,206480,62973,206960,1600,via_1600x480
VSS,met3-met4,STRIPE,via,40369,206480,41969,206960,1600,via3_1600x480
VSS,met2-met3,STRIPE,via,40369,206480,41969,206960,1600,via2_1600x480
VSS,met1-met2,STRIPE,via,40369,206480,41969,206960,1600,via_1600x480
VSS,met3-met4,STRIPE,via,250678,201040,252278,201520,1600,via3_1600x480
VSS,met2-met3,STRIPE,via,250678,201040,252278,201520,1600,via2_1600x480
VSS,met1-met2,STRIPE,via,250678,201040,252278,201520,1600,via_1600x480
VSS,met3-met4,STRIPE,via,227438,201040,229038,201520,1600,via3_1600x480
VSS,met2-met3,STRIPE,via,227438,201040,229038,201520,1600,via2_1600x480
VSS,met1-met2,STRIPE,via,227438,201040,229038,201520,1600,via_1600x480
VSS,met3-met4,STRIPE,via,201568,201040,203168,201520,1600,via3_1600x480
VSS,met2-met3,STRIPE,via,201568,201040,203168,201520,1600,via2_1600x480
VSS,met1-met2,STRIPE,via,201568,201040,203168,201520,1600,via_1600x480
VSS,met3-met4,STRIPE,via,170184,201040,171784,201520,1600,via3_1600x480
VSS,met2-met3,STRIPE,via,170184,201040,171784,201520,1600,via2_1600x480
VSS,met1-met2,STRIPE,via,170184,201040,171784,201520,1600,via_1600x480
VSS,met3-met4,STRIPE,via,145465,201040,147065,201520,1600,via3_1600x480
VSS,met2-met3,STRIPE,via,145465,201040,147065,201520,1600,via2_1600x480
VSS,met1-met2,STRIPE,via,145465,201040,147065,201520,1600,via_1600x480
VSS,met3-met4,STRIPE,via,121207,201040,122807,201520,1600,via3_1600x480
VSS,met2-met3,STRIPE,via,121207,201040,122807,201520,1600,via2_1600x480
VSS,met1-met2,STRIPE,via,121207,201040,122807,201520,1600,via_1600x480
VSS,met3-met4,STRIPE,via,90279,201040,91879,201520,1600,via3_1600x480
VSS,met2-met3,STRIPE,via,90279,201040,91879,201520,1600,via2_1600x480
VSS,met1-met2,STRIPE,via,90279,201040,91879,201520,1600,via_1600x480
VSS,met3-met4,STRIPE,via,61373,201040,62973,201520,1600,via3_1600x480
VSS,met2-met3,STRIPE,via,61373,201040,62973,201520,1600,via2_1600x480
VSS,met1-met2,STRIPE,via,61373,201040,62973,201520,1600,via_1600x480
VSS,met3-met4,STRIPE,via,40369,201040,41969,201520,1600,via3_1600x480
VSS,met2-met3,STRIPE,via,40369,201040,41969,201520,1600,via2_1600x480
VSS,met1-met2,STRIPE,via,40369,201040,41969,201520,1600,via_1600x480
VSS,met3-met4,STRIPE,via,250678,195600,252278,196080,1600,via3_1600x480
VSS,met2-met3,STRIPE,via,250678,195600,252278,196080,1600,via2_1600x480
VSS,met1-met2,STRIPE,via,250678,195600,252278,196080,1600,via_1600x480
VSS,met3-met4,STRIPE,via,227438,195600,229038,196080,1600,via3_1600x480
VSS,met2-met3,STRIPE,via,227438,195600,229038,196080,1600,via2_1600x480
VSS,met1-met2,STRIPE,via,227438,195600,229038,196080,1600,via_1600x480
VSS,met3-met4,STRIPE,via,201568,195600,203168,196080,1600,via3_1600x480
VSS,met2-met3,STRIPE,via,201568,195600,203168,196080,1600,via2_1600x480
VSS,met1-met2,STRIPE,via,201568,195600,203168,196080,1600,via_1600x480
VSS,met3-met4,STRIPE,via,170184,195600,171784,196080,1600,via3_1600x480
VSS,met2-met3,STRIPE,via,170184,195600,171784,196080,1600,via2_1600x480
VSS,met1-met2,STRIPE,via,170184,195600,171784,196080,1600,via_1600x480
VSS,met3-met4,STRIPE,via,145465,195600,147065,196080,1600,via3_1600x480
VSS,met2-met3,STRIPE,via,145465,195600,147065,196080,1600,via2_1600x480
VSS,met1-met2,STRIPE,via,145465,195600,147065,196080,1600,via_1600x480
VSS,met3-met4,STRIPE,via,121207,195600,122807,196080,1600,via3_1600x480
VSS,met2-met3,STRIPE,via,121207,195600,122807,196080,1600,via2_1600x480
VSS,met1-met2,STRIPE,via,121207,195600,122807,196080,1600,via_1600x480
VSS,met3-met4,STRIPE,via,90279,195600,91879,196080,1600,via3_1600x480
VSS,met2-met3,STRIPE,via,90279,195600,91879,196080,1600,via2_1600x480
VSS,met1-met2,STRIPE,via,90279,195600,91879,196080,1600,via_1600x480
VSS,met3-met4,STRIPE,via,61373,195600,62973,196080,1600,via3_1600x480
VSS,met2-met3,STRIPE,via,61373,195600,62973,196080,1600,via2_1600x480
VSS,met1-met2,STRIPE,via,61373,195600,62973,196080,1600,via_1600x480
VSS,met3-met4,STRIPE,via,40369,195600,41969,196080,1600,via3_1600x480
VSS,met2-met3,STRIPE,via,40369,195600,41969,196080,1600,via2_1600x480
VSS,met1-met2,STRIPE,via,40369,195600,41969,196080,1600,via_1600x480
VSS,met3-met4,STRIPE,via,250678,190160,252278,190640,1600,via3_1600x480
VSS,met2-met3,STRIPE,via,250678,190160,252278,190640,1600,via2_1600x480
VSS,met1-met2,STRIPE,via,250678,190160,252278,190640,1600,via_1600x480
VSS,met3-met4,STRIPE,via,227438,190160,229038,190640,1600,via3_1600x480
VSS,met2-met3,STRIPE,via,227438,190160,229038,190640,1600,via2_1600x480
VSS,met1-met2,STRIPE,via,227438,190160,229038,190640,1600,via_1600x480
VSS,met3-met4,STRIPE,via,201568,190160,203168,190640,1600,via3_1600x480
VSS,met2-met3,STRIPE,via,201568,190160,203168,190640,1600,via2_1600x480
VSS,met1-met2,STRIPE,via,201568,190160,203168,190640,1600,via_1600x480
VSS,met3-met4,STRIPE,via,170184,190160,171784,190640,1600,via3_1600x480
VSS,met2-met3,STRIPE,via,170184,190160,171784,190640,1600,via2_1600x480
VSS,met1-met2,STRIPE,via,170184,190160,171784,190640,1600,via_1600x480
VSS,met3-met4,STRIPE,via,145465,190160,147065,190640,1600,via3_1600x480
VSS,met2-met3,STRIPE,via,145465,190160,147065,190640,1600,via2_1600x480
VSS,met1-met2,STRIPE,via,145465,190160,147065,190640,1600,via_1600x480
VSS,met3-met4,STRIPE,via,121207,190160,122807,190640,1600,via3_1600x480
VSS,met2-met3,STRIPE,via,121207,190160,122807,190640,1600,via2_1600x480
VSS,met1-met2,STRIPE,via,121207,190160,122807,190640,1600,via_1600x480
VSS,met3-met4,STRIPE,via,90279,190160,91879,190640,1600,via3_1600x480
VSS,met2-met3,STRIPE,via,90279,190160,91879,190640,1600,via2_1600x480
VSS,met1-met2,STRIPE,via,90279,190160,91879,190640,1600,via_1600x480
VSS,met3-met4,STRIPE,via,61373,190160,62973,190640,1600,via3_1600x480
VSS,met2-met3,STRIPE,via,61373,190160,62973,190640,1600,via2_1600x480
VSS,met1-met2,STRIPE,via,61373,190160,62973,190640,1600,via_1600x480
VSS,met3-met4,STRIPE,via,40369,190160,41969,190640,1600,via3_1600x480
VSS,met2-met3,STRIPE,via,40369,190160,41969,190640,1600,via2_1600x480
VSS,met1-met2,STRIPE,via,40369,190160,41969,190640,1600,via_1600x480
VSS,met3-met4,STRIPE,via,250678,184720,252278,185200,1600,via3_1600x480
VSS,met2-met3,STRIPE,via,250678,184720,252278,185200,1600,via2_1600x480
VSS,met1-met2,STRIPE,via,250678,184720,252278,185200,1600,via_1600x480
VSS,met3-met4,STRIPE,via,227438,184720,229038,185200,1600,via3_1600x480
VSS,met2-met3,STRIPE,via,227438,184720,229038,185200,1600,via2_1600x480
VSS,met1-met2,STRIPE,via,227438,184720,229038,185200,1600,via_1600x480
VSS,met3-met4,STRIPE,via,201568,184720,203168,185200,1600,via3_1600x480
VSS,met2-met3,STRIPE,via,201568,184720,203168,185200,1600,via2_1600x480
VSS,met1-met2,STRIPE,via,201568,184720,203168,185200,1600,via_1600x480
VSS,met3-met4,STRIPE,via,170184,184720,171784,185200,1600,via3_1600x480
VSS,met2-met3,STRIPE,via,170184,184720,171784,185200,1600,via2_1600x480
VSS,met1-met2,STRIPE,via,170184,184720,171784,185200,1600,via_1600x480
VSS,met3-met4,STRIPE,via,145465,184720,147065,185200,1600,via3_1600x480
VSS,met2-met3,STRIPE,via,145465,184720,147065,185200,1600,via2_1600x480
VSS,met1-met2,STRIPE,via,145465,184720,147065,185200,1600,via_1600x480
VSS,met3-met4,STRIPE,via,121207,184720,122807,185200,1600,via3_1600x480
VSS,met2-met3,STRIPE,via,121207,184720,122807,185200,1600,via2_1600x480
VSS,met1-met2,STRIPE,via,121207,184720,122807,185200,1600,via_1600x480
VSS,met3-met4,STRIPE,via,90279,184720,91879,185200,1600,via3_1600x480
VSS,met2-met3,STRIPE,via,90279,184720,91879,185200,1600,via2_1600x480
VSS,met1-met2,STRIPE,via,90279,184720,91879,185200,1600,via_1600x480
VSS,met3-met4,STRIPE,via,61373,184720,62973,185200,1600,via3_1600x480
VSS,met2-met3,STRIPE,via,61373,184720,62973,185200,1600,via2_1600x480
VSS,met1-met2,STRIPE,via,61373,184720,62973,185200,1600,via_1600x480
VSS,met3-met4,STRIPE,via,40369,184720,41969,185200,1600,via3_1600x480
VSS,met2-met3,STRIPE,via,40369,184720,41969,185200,1600,via2_1600x480
VSS,met1-met2,STRIPE,via,40369,184720,41969,185200,1600,via_1600x480
VSS,met3-met4,STRIPE,via,250678,179280,252278,179760,1600,via3_1600x480
VSS,met2-met3,STRIPE,via,250678,179280,252278,179760,1600,via2_1600x480
VSS,met1-met2,STRIPE,via,250678,179280,252278,179760,1600,via_1600x480
VSS,met3-met4,STRIPE,via,227438,179280,229038,179760,1600,via3_1600x480
VSS,met2-met3,STRIPE,via,227438,179280,229038,179760,1600,via2_1600x480
VSS,met1-met2,STRIPE,via,227438,179280,229038,179760,1600,via_1600x480
VSS,met3-met4,STRIPE,via,201568,179280,203168,179760,1600,via3_1600x480
VSS,met2-met3,STRIPE,via,201568,179280,203168,179760,1600,via2_1600x480
VSS,met1-met2,STRIPE,via,201568,179280,203168,179760,1600,via_1600x480
VSS,met3-met4,STRIPE,via,170184,179280,171784,179760,1600,via3_1600x480
VSS,met2-met3,STRIPE,via,170184,179280,171784,179760,1600,via2_1600x480
VSS,met1-met2,STRIPE,via,170184,179280,171784,179760,1600,via_1600x480
VSS,met3-met4,STRIPE,via,145465,179280,147065,179760,1600,via3_1600x480
VSS,met2-met3,STRIPE,via,145465,179280,147065,179760,1600,via2_1600x480
VSS,met1-met2,STRIPE,via,145465,179280,147065,179760,1600,via_1600x480
VSS,met3-met4,STRIPE,via,121207,179280,122807,179760,1600,via3_1600x480
VSS,met2-met3,STRIPE,via,121207,179280,122807,179760,1600,via2_1600x480
VSS,met1-met2,STRIPE,via,121207,179280,122807,179760,1600,via_1600x480
VSS,met3-met4,STRIPE,via,90279,179280,91879,179760,1600,via3_1600x480
VSS,met2-met3,STRIPE,via,90279,179280,91879,179760,1600,via2_1600x480
VSS,met1-met2,STRIPE,via,90279,179280,91879,179760,1600,via_1600x480
VSS,met3-met4,STRIPE,via,61373,179280,62973,179760,1600,via3_1600x480
VSS,met2-met3,STRIPE,via,61373,179280,62973,179760,1600,via2_1600x480
VSS,met1-met2,STRIPE,via,61373,179280,62973,179760,1600,via_1600x480
VSS,met3-met4,STRIPE,via,40369,179280,41969,179760,1600,via3_1600x480
VSS,met2-met3,STRIPE,via,40369,179280,41969,179760,1600,via2_1600x480
VSS,met1-met2,STRIPE,via,40369,179280,41969,179760,1600,via_1600x480
VSS,met3-met4,STRIPE,via,250678,173840,252278,174320,1600,via3_1600x480
VSS,met2-met3,STRIPE,via,250678,173840,252278,174320,1600,via2_1600x480
VSS,met1-met2,STRIPE,via,250678,173840,252278,174320,1600,via_1600x480
VSS,met3-met4,STRIPE,via,227438,173840,229038,174320,1600,via3_1600x480
VSS,met2-met3,STRIPE,via,227438,173840,229038,174320,1600,via2_1600x480
VSS,met1-met2,STRIPE,via,227438,173840,229038,174320,1600,via_1600x480
VSS,met3-met4,STRIPE,via,201568,173840,203168,174320,1600,via3_1600x480
VSS,met2-met3,STRIPE,via,201568,173840,203168,174320,1600,via2_1600x480
VSS,met1-met2,STRIPE,via,201568,173840,203168,174320,1600,via_1600x480
VSS,met3-met4,STRIPE,via,170184,173840,171784,174320,1600,via3_1600x480
VSS,met2-met3,STRIPE,via,170184,173840,171784,174320,1600,via2_1600x480
VSS,met1-met2,STRIPE,via,170184,173840,171784,174320,1600,via_1600x480
VSS,met3-met4,STRIPE,via,145465,173840,147065,174320,1600,via3_1600x480
VSS,met2-met3,STRIPE,via,145465,173840,147065,174320,1600,via2_1600x480
VSS,met1-met2,STRIPE,via,145465,173840,147065,174320,1600,via_1600x480
VSS,met3-met4,STRIPE,via,121207,173840,122807,174320,1600,via3_1600x480
VSS,met2-met3,STRIPE,via,121207,173840,122807,174320,1600,via2_1600x480
VSS,met1-met2,STRIPE,via,121207,173840,122807,174320,1600,via_1600x480
VSS,met3-met4,STRIPE,via,90279,173840,91879,174320,1600,via3_1600x480
VSS,met2-met3,STRIPE,via,90279,173840,91879,174320,1600,via2_1600x480
VSS,met1-met2,STRIPE,via,90279,173840,91879,174320,1600,via_1600x480
VSS,met3-met4,STRIPE,via,61373,173840,62973,174320,1600,via3_1600x480
VSS,met2-met3,STRIPE,via,61373,173840,62973,174320,1600,via2_1600x480
VSS,met1-met2,STRIPE,via,61373,173840,62973,174320,1600,via_1600x480
VSS,met3-met4,STRIPE,via,40369,173840,41969,174320,1600,via3_1600x480
VSS,met2-met3,STRIPE,via,40369,173840,41969,174320,1600,via2_1600x480
VSS,met1-met2,STRIPE,via,40369,173840,41969,174320,1600,via_1600x480
VSS,met3-met4,STRIPE,via,250678,168400,252278,168880,1600,via3_1600x480
VSS,met2-met3,STRIPE,via,250678,168400,252278,168880,1600,via2_1600x480
VSS,met1-met2,STRIPE,via,250678,168400,252278,168880,1600,via_1600x480
VSS,met3-met4,STRIPE,via,227438,168400,229038,168880,1600,via3_1600x480
VSS,met2-met3,STRIPE,via,227438,168400,229038,168880,1600,via2_1600x480
VSS,met1-met2,STRIPE,via,227438,168400,229038,168880,1600,via_1600x480
VSS,met3-met4,STRIPE,via,201568,168400,203168,168880,1600,via3_1600x480
VSS,met2-met3,STRIPE,via,201568,168400,203168,168880,1600,via2_1600x480
VSS,met1-met2,STRIPE,via,201568,168400,203168,168880,1600,via_1600x480
VSS,met3-met4,STRIPE,via,170184,168400,171784,168880,1600,via3_1600x480
VSS,met2-met3,STRIPE,via,170184,168400,171784,168880,1600,via2_1600x480
VSS,met1-met2,STRIPE,via,170184,168400,171784,168880,1600,via_1600x480
VSS,met3-met4,STRIPE,via,145465,168400,147065,168880,1600,via3_1600x480
VSS,met2-met3,STRIPE,via,145465,168400,147065,168880,1600,via2_1600x480
VSS,met1-met2,STRIPE,via,145465,168400,147065,168880,1600,via_1600x480
VSS,met3-met4,STRIPE,via,121207,168400,122807,168880,1600,via3_1600x480
VSS,met2-met3,STRIPE,via,121207,168400,122807,168880,1600,via2_1600x480
VSS,met1-met2,STRIPE,via,121207,168400,122807,168880,1600,via_1600x480
VSS,met3-met4,STRIPE,via,90279,168400,91879,168880,1600,via3_1600x480
VSS,met2-met3,STRIPE,via,90279,168400,91879,168880,1600,via2_1600x480
VSS,met1-met2,STRIPE,via,90279,168400,91879,168880,1600,via_1600x480
VSS,met3-met4,STRIPE,via,61373,168400,62973,168880,1600,via3_1600x480
VSS,met2-met3,STRIPE,via,61373,168400,62973,168880,1600,via2_1600x480
VSS,met1-met2,STRIPE,via,61373,168400,62973,168880,1600,via_1600x480
VSS,met3-met4,STRIPE,via,40369,168400,41969,168880,1600,via3_1600x480
VSS,met2-met3,STRIPE,via,40369,168400,41969,168880,1600,via2_1600x480
VSS,met1-met2,STRIPE,via,40369,168400,41969,168880,1600,via_1600x480
VSS,met3-met4,STRIPE,via,250678,162960,252278,163440,1600,via3_1600x480
VSS,met2-met3,STRIPE,via,250678,162960,252278,163440,1600,via2_1600x480
VSS,met1-met2,STRIPE,via,250678,162960,252278,163440,1600,via_1600x480
VSS,met3-met4,STRIPE,via,227438,162960,229038,163440,1600,via3_1600x480
VSS,met2-met3,STRIPE,via,227438,162960,229038,163440,1600,via2_1600x480
VSS,met1-met2,STRIPE,via,227438,162960,229038,163440,1600,via_1600x480
VSS,met3-met4,STRIPE,via,201568,162960,203168,163440,1600,via3_1600x480
VSS,met2-met3,STRIPE,via,201568,162960,203168,163440,1600,via2_1600x480
VSS,met1-met2,STRIPE,via,201568,162960,203168,163440,1600,via_1600x480
VSS,met3-met4,STRIPE,via,170184,162960,171784,163440,1600,via3_1600x480
VSS,met2-met3,STRIPE,via,170184,162960,171784,163440,1600,via2_1600x480
VSS,met1-met2,STRIPE,via,170184,162960,171784,163440,1600,via_1600x480
VSS,met3-met4,STRIPE,via,145465,162960,147065,163440,1600,via3_1600x480
VSS,met2-met3,STRIPE,via,145465,162960,147065,163440,1600,via2_1600x480
VSS,met1-met2,STRIPE,via,145465,162960,147065,163440,1600,via_1600x480
VSS,met3-met4,STRIPE,via,121207,162960,122807,163440,1600,via3_1600x480
VSS,met2-met3,STRIPE,via,121207,162960,122807,163440,1600,via2_1600x480
VSS,met1-met2,STRIPE,via,121207,162960,122807,163440,1600,via_1600x480
VSS,met3-met4,STRIPE,via,90279,162960,91879,163440,1600,via3_1600x480
VSS,met2-met3,STRIPE,via,90279,162960,91879,163440,1600,via2_1600x480
VSS,met1-met2,STRIPE,via,90279,162960,91879,163440,1600,via_1600x480
VSS,met3-met4,STRIPE,via,61373,162960,62973,163440,1600,via3_1600x480
VSS,met2-met3,STRIPE,via,61373,162960,62973,163440,1600,via2_1600x480
VSS,met1-met2,STRIPE,via,61373,162960,62973,163440,1600,via_1600x480
VSS,met3-met4,STRIPE,via,40369,162960,41969,163440,1600,via3_1600x480
VSS,met2-met3,STRIPE,via,40369,162960,41969,163440,1600,via2_1600x480
VSS,met1-met2,STRIPE,via,40369,162960,41969,163440,1600,via_1600x480
VSS,met3-met4,STRIPE,via,250678,157520,252278,158000,1600,via3_1600x480
VSS,met2-met3,STRIPE,via,250678,157520,252278,158000,1600,via2_1600x480
VSS,met1-met2,STRIPE,via,250678,157520,252278,158000,1600,via_1600x480
VSS,met3-met4,STRIPE,via,227438,157520,229038,158000,1600,via3_1600x480
VSS,met2-met3,STRIPE,via,227438,157520,229038,158000,1600,via2_1600x480
VSS,met1-met2,STRIPE,via,227438,157520,229038,158000,1600,via_1600x480
VSS,met3-met4,STRIPE,via,201568,157520,203168,158000,1600,via3_1600x480
VSS,met2-met3,STRIPE,via,201568,157520,203168,158000,1600,via2_1600x480
VSS,met1-met2,STRIPE,via,201568,157520,203168,158000,1600,via_1600x480
VSS,met3-met4,STRIPE,via,170184,157520,171784,158000,1600,via3_1600x480
VSS,met2-met3,STRIPE,via,170184,157520,171784,158000,1600,via2_1600x480
VSS,met1-met2,STRIPE,via,170184,157520,171784,158000,1600,via_1600x480
VSS,met3-met4,STRIPE,via,145465,157520,147065,158000,1600,via3_1600x480
VSS,met2-met3,STRIPE,via,145465,157520,147065,158000,1600,via2_1600x480
VSS,met1-met2,STRIPE,via,145465,157520,147065,158000,1600,via_1600x480
VSS,met3-met4,STRIPE,via,121207,157520,122807,158000,1600,via3_1600x480
VSS,met2-met3,STRIPE,via,121207,157520,122807,158000,1600,via2_1600x480
VSS,met1-met2,STRIPE,via,121207,157520,122807,158000,1600,via_1600x480
VSS,met3-met4,STRIPE,via,90279,157520,91879,158000,1600,via3_1600x480
VSS,met2-met3,STRIPE,via,90279,157520,91879,158000,1600,via2_1600x480
VSS,met1-met2,STRIPE,via,90279,157520,91879,158000,1600,via_1600x480
VSS,met3-met4,STRIPE,via,61373,157520,62973,158000,1600,via3_1600x480
VSS,met2-met3,STRIPE,via,61373,157520,62973,158000,1600,via2_1600x480
VSS,met1-met2,STRIPE,via,61373,157520,62973,158000,1600,via_1600x480
VSS,met3-met4,STRIPE,via,40369,157520,41969,158000,1600,via3_1600x480
VSS,met2-met3,STRIPE,via,40369,157520,41969,158000,1600,via2_1600x480
VSS,met1-met2,STRIPE,via,40369,157520,41969,158000,1600,via_1600x480
VSS,met3-met4,STRIPE,via,250678,152080,252278,152560,1600,via3_1600x480
VSS,met2-met3,STRIPE,via,250678,152080,252278,152560,1600,via2_1600x480
VSS,met1-met2,STRIPE,via,250678,152080,252278,152560,1600,via_1600x480
VSS,met3-met4,STRIPE,via,227438,152080,229038,152560,1600,via3_1600x480
VSS,met2-met3,STRIPE,via,227438,152080,229038,152560,1600,via2_1600x480
VSS,met1-met2,STRIPE,via,227438,152080,229038,152560,1600,via_1600x480
VSS,met3-met4,STRIPE,via,201568,152080,203168,152560,1600,via3_1600x480
VSS,met2-met3,STRIPE,via,201568,152080,203168,152560,1600,via2_1600x480
VSS,met1-met2,STRIPE,via,201568,152080,203168,152560,1600,via_1600x480
VSS,met3-met4,STRIPE,via,170184,152080,171784,152560,1600,via3_1600x480
VSS,met2-met3,STRIPE,via,170184,152080,171784,152560,1600,via2_1600x480
VSS,met1-met2,STRIPE,via,170184,152080,171784,152560,1600,via_1600x480
VSS,met3-met4,STRIPE,via,145465,152080,147065,152560,1600,via3_1600x480
VSS,met2-met3,STRIPE,via,145465,152080,147065,152560,1600,via2_1600x480
VSS,met1-met2,STRIPE,via,145465,152080,147065,152560,1600,via_1600x480
VSS,met3-met4,STRIPE,via,121207,152080,122807,152560,1600,via3_1600x480
VSS,met2-met3,STRIPE,via,121207,152080,122807,152560,1600,via2_1600x480
VSS,met1-met2,STRIPE,via,121207,152080,122807,152560,1600,via_1600x480
VSS,met3-met4,STRIPE,via,90279,152080,91879,152560,1600,via3_1600x480
VSS,met2-met3,STRIPE,via,90279,152080,91879,152560,1600,via2_1600x480
VSS,met1-met2,STRIPE,via,90279,152080,91879,152560,1600,via_1600x480
VSS,met3-met4,STRIPE,via,61373,152080,62973,152560,1600,via3_1600x480
VSS,met2-met3,STRIPE,via,61373,152080,62973,152560,1600,via2_1600x480
VSS,met1-met2,STRIPE,via,61373,152080,62973,152560,1600,via_1600x480
VSS,met3-met4,STRIPE,via,40369,152080,41969,152560,1600,via3_1600x480
VSS,met2-met3,STRIPE,via,40369,152080,41969,152560,1600,via2_1600x480
VSS,met1-met2,STRIPE,via,40369,152080,41969,152560,1600,via_1600x480
VSS,met3-met4,STRIPE,via,250678,146640,252278,147120,1600,via3_1600x480
VSS,met2-met3,STRIPE,via,250678,146640,252278,147120,1600,via2_1600x480
VSS,met1-met2,STRIPE,via,250678,146640,252278,147120,1600,via_1600x480
VSS,met3-met4,STRIPE,via,227438,146640,229038,147120,1600,via3_1600x480
VSS,met2-met3,STRIPE,via,227438,146640,229038,147120,1600,via2_1600x480
VSS,met1-met2,STRIPE,via,227438,146640,229038,147120,1600,via_1600x480
VSS,met3-met4,STRIPE,via,201568,146640,203168,147120,1600,via3_1600x480
VSS,met2-met3,STRIPE,via,201568,146640,203168,147120,1600,via2_1600x480
VSS,met1-met2,STRIPE,via,201568,146640,203168,147120,1600,via_1600x480
VSS,met3-met4,STRIPE,via,170184,146640,171784,147120,1600,via3_1600x480
VSS,met2-met3,STRIPE,via,170184,146640,171784,147120,1600,via2_1600x480
VSS,met1-met2,STRIPE,via,170184,146640,171784,147120,1600,via_1600x480
VSS,met3-met4,STRIPE,via,145465,146640,147065,147120,1600,via3_1600x480
VSS,met2-met3,STRIPE,via,145465,146640,147065,147120,1600,via2_1600x480
VSS,met1-met2,STRIPE,via,145465,146640,147065,147120,1600,via_1600x480
VSS,met3-met4,STRIPE,via,121207,146640,122807,147120,1600,via3_1600x480
VSS,met2-met3,STRIPE,via,121207,146640,122807,147120,1600,via2_1600x480
VSS,met1-met2,STRIPE,via,121207,146640,122807,147120,1600,via_1600x480
VSS,met3-met4,STRIPE,via,90279,146640,91879,147120,1600,via3_1600x480
VSS,met2-met3,STRIPE,via,90279,146640,91879,147120,1600,via2_1600x480
VSS,met1-met2,STRIPE,via,90279,146640,91879,147120,1600,via_1600x480
VSS,met3-met4,STRIPE,via,61373,146640,62973,147120,1600,via3_1600x480
VSS,met2-met3,STRIPE,via,61373,146640,62973,147120,1600,via2_1600x480
VSS,met1-met2,STRIPE,via,61373,146640,62973,147120,1600,via_1600x480
VSS,met3-met4,STRIPE,via,40369,146640,41969,147120,1600,via3_1600x480
VSS,met2-met3,STRIPE,via,40369,146640,41969,147120,1600,via2_1600x480
VSS,met1-met2,STRIPE,via,40369,146640,41969,147120,1600,via_1600x480
VSS,met3-met4,STRIPE,via,250678,141200,252278,141680,1600,via3_1600x480
VSS,met2-met3,STRIPE,via,250678,141200,252278,141680,1600,via2_1600x480
VSS,met1-met2,STRIPE,via,250678,141200,252278,141680,1600,via_1600x480
VSS,met3-met4,STRIPE,via,227438,141200,229038,141680,1600,via3_1600x480
VSS,met2-met3,STRIPE,via,227438,141200,229038,141680,1600,via2_1600x480
VSS,met1-met2,STRIPE,via,227438,141200,229038,141680,1600,via_1600x480
VSS,met3-met4,STRIPE,via,201568,141200,203168,141680,1600,via3_1600x480
VSS,met2-met3,STRIPE,via,201568,141200,203168,141680,1600,via2_1600x480
VSS,met1-met2,STRIPE,via,201568,141200,203168,141680,1600,via_1600x480
VSS,met3-met4,STRIPE,via,170184,141200,171784,141680,1600,via3_1600x480
VSS,met2-met3,STRIPE,via,170184,141200,171784,141680,1600,via2_1600x480
VSS,met1-met2,STRIPE,via,170184,141200,171784,141680,1600,via_1600x480
VSS,met3-met4,STRIPE,via,145465,141200,147065,141680,1600,via3_1600x480
VSS,met2-met3,STRIPE,via,145465,141200,147065,141680,1600,via2_1600x480
VSS,met1-met2,STRIPE,via,145465,141200,147065,141680,1600,via_1600x480
VSS,met3-met4,STRIPE,via,121207,141200,122807,141680,1600,via3_1600x480
VSS,met2-met3,STRIPE,via,121207,141200,122807,141680,1600,via2_1600x480
VSS,met1-met2,STRIPE,via,121207,141200,122807,141680,1600,via_1600x480
VSS,met3-met4,STRIPE,via,90279,141200,91879,141680,1600,via3_1600x480
VSS,met2-met3,STRIPE,via,90279,141200,91879,141680,1600,via2_1600x480
VSS,met1-met2,STRIPE,via,90279,141200,91879,141680,1600,via_1600x480
VSS,met3-met4,STRIPE,via,61373,141200,62973,141680,1600,via3_1600x480
VSS,met2-met3,STRIPE,via,61373,141200,62973,141680,1600,via2_1600x480
VSS,met1-met2,STRIPE,via,61373,141200,62973,141680,1600,via_1600x480
VSS,met3-met4,STRIPE,via,40369,141200,41969,141680,1600,via3_1600x480
VSS,met2-met3,STRIPE,via,40369,141200,41969,141680,1600,via2_1600x480
VSS,met1-met2,STRIPE,via,40369,141200,41969,141680,1600,via_1600x480
VSS,met3-met4,STRIPE,via,250678,135760,252278,136240,1600,via3_1600x480
VSS,met2-met3,STRIPE,via,250678,135760,252278,136240,1600,via2_1600x480
VSS,met1-met2,STRIPE,via,250678,135760,252278,136240,1600,via_1600x480
VSS,met3-met4,STRIPE,via,227438,135760,229038,136240,1600,via3_1600x480
VSS,met2-met3,STRIPE,via,227438,135760,229038,136240,1600,via2_1600x480
VSS,met1-met2,STRIPE,via,227438,135760,229038,136240,1600,via_1600x480
VSS,met3-met4,STRIPE,via,201568,135760,203168,136240,1600,via3_1600x480
VSS,met2-met3,STRIPE,via,201568,135760,203168,136240,1600,via2_1600x480
VSS,met1-met2,STRIPE,via,201568,135760,203168,136240,1600,via_1600x480
VSS,met3-met4,STRIPE,via,170184,135760,171784,136240,1600,via3_1600x480
VSS,met2-met3,STRIPE,via,170184,135760,171784,136240,1600,via2_1600x480
VSS,met1-met2,STRIPE,via,170184,135760,171784,136240,1600,via_1600x480
VSS,met3-met4,STRIPE,via,145465,135760,147065,136240,1600,via3_1600x480
VSS,met2-met3,STRIPE,via,145465,135760,147065,136240,1600,via2_1600x480
VSS,met1-met2,STRIPE,via,145465,135760,147065,136240,1600,via_1600x480
VSS,met3-met4,STRIPE,via,121207,135760,122807,136240,1600,via3_1600x480
VSS,met2-met3,STRIPE,via,121207,135760,122807,136240,1600,via2_1600x480
VSS,met1-met2,STRIPE,via,121207,135760,122807,136240,1600,via_1600x480
VSS,met3-met4,STRIPE,via,90279,135760,91879,136240,1600,via3_1600x480
VSS,met2-met3,STRIPE,via,90279,135760,91879,136240,1600,via2_1600x480
VSS,met1-met2,STRIPE,via,90279,135760,91879,136240,1600,via_1600x480
VSS,met3-met4,STRIPE,via,61373,135760,62973,136240,1600,via3_1600x480
VSS,met2-met3,STRIPE,via,61373,135760,62973,136240,1600,via2_1600x480
VSS,met1-met2,STRIPE,via,61373,135760,62973,136240,1600,via_1600x480
VSS,met3-met4,STRIPE,via,40369,135760,41969,136240,1600,via3_1600x480
VSS,met2-met3,STRIPE,via,40369,135760,41969,136240,1600,via2_1600x480
VSS,met1-met2,STRIPE,via,40369,135760,41969,136240,1600,via_1600x480
VSS,met3-met4,STRIPE,via,250678,130320,252278,130800,1600,via3_1600x480
VSS,met2-met3,STRIPE,via,250678,130320,252278,130800,1600,via2_1600x480
VSS,met1-met2,STRIPE,via,250678,130320,252278,130800,1600,via_1600x480
VSS,met3-met4,STRIPE,via,227438,130320,229038,130800,1600,via3_1600x480
VSS,met2-met3,STRIPE,via,227438,130320,229038,130800,1600,via2_1600x480
VSS,met1-met2,STRIPE,via,227438,130320,229038,130800,1600,via_1600x480
VSS,met3-met4,STRIPE,via,201568,130320,203168,130800,1600,via3_1600x480
VSS,met2-met3,STRIPE,via,201568,130320,203168,130800,1600,via2_1600x480
VSS,met1-met2,STRIPE,via,201568,130320,203168,130800,1600,via_1600x480
VSS,met3-met4,STRIPE,via,170184,130320,171784,130800,1600,via3_1600x480
VSS,met2-met3,STRIPE,via,170184,130320,171784,130800,1600,via2_1600x480
VSS,met1-met2,STRIPE,via,170184,130320,171784,130800,1600,via_1600x480
VSS,met3-met4,STRIPE,via,145465,130320,147065,130800,1600,via3_1600x480
VSS,met2-met3,STRIPE,via,145465,130320,147065,130800,1600,via2_1600x480
VSS,met1-met2,STRIPE,via,145465,130320,147065,130800,1600,via_1600x480
VSS,met3-met4,STRIPE,via,121207,130320,122807,130800,1600,via3_1600x480
VSS,met2-met3,STRIPE,via,121207,130320,122807,130800,1600,via2_1600x480
VSS,met1-met2,STRIPE,via,121207,130320,122807,130800,1600,via_1600x480
VSS,met3-met4,STRIPE,via,90279,130320,91879,130800,1600,via3_1600x480
VSS,met2-met3,STRIPE,via,90279,130320,91879,130800,1600,via2_1600x480
VSS,met1-met2,STRIPE,via,90279,130320,91879,130800,1600,via_1600x480
VSS,met3-met4,STRIPE,via,61373,130320,62973,130800,1600,via3_1600x480
VSS,met2-met3,STRIPE,via,61373,130320,62973,130800,1600,via2_1600x480
VSS,met1-met2,STRIPE,via,61373,130320,62973,130800,1600,via_1600x480
VSS,met3-met4,STRIPE,via,40369,130320,41969,130800,1600,via3_1600x480
VSS,met2-met3,STRIPE,via,40369,130320,41969,130800,1600,via2_1600x480
VSS,met1-met2,STRIPE,via,40369,130320,41969,130800,1600,via_1600x480
VSS,met3-met4,STRIPE,via,250678,124880,252278,125360,1600,via3_1600x480
VSS,met2-met3,STRIPE,via,250678,124880,252278,125360,1600,via2_1600x480
VSS,met1-met2,STRIPE,via,250678,124880,252278,125360,1600,via_1600x480
VSS,met3-met4,STRIPE,via,227438,124880,229038,125360,1600,via3_1600x480
VSS,met2-met3,STRIPE,via,227438,124880,229038,125360,1600,via2_1600x480
VSS,met1-met2,STRIPE,via,227438,124880,229038,125360,1600,via_1600x480
VSS,met3-met4,STRIPE,via,201568,124880,203168,125360,1600,via3_1600x480
VSS,met2-met3,STRIPE,via,201568,124880,203168,125360,1600,via2_1600x480
VSS,met1-met2,STRIPE,via,201568,124880,203168,125360,1600,via_1600x480
VSS,met3-met4,STRIPE,via,170184,124880,171784,125360,1600,via3_1600x480
VSS,met2-met3,STRIPE,via,170184,124880,171784,125360,1600,via2_1600x480
VSS,met1-met2,STRIPE,via,170184,124880,171784,125360,1600,via_1600x480
VSS,met3-met4,STRIPE,via,145465,124880,147065,125360,1600,via3_1600x480
VSS,met2-met3,STRIPE,via,145465,124880,147065,125360,1600,via2_1600x480
VSS,met1-met2,STRIPE,via,145465,124880,147065,125360,1600,via_1600x480
VSS,met3-met4,STRIPE,via,121207,124880,122807,125360,1600,via3_1600x480
VSS,met2-met3,STRIPE,via,121207,124880,122807,125360,1600,via2_1600x480
VSS,met1-met2,STRIPE,via,121207,124880,122807,125360,1600,via_1600x480
VSS,met3-met4,STRIPE,via,90279,124880,91879,125360,1600,via3_1600x480
VSS,met2-met3,STRIPE,via,90279,124880,91879,125360,1600,via2_1600x480
VSS,met1-met2,STRIPE,via,90279,124880,91879,125360,1600,via_1600x480
VSS,met3-met4,STRIPE,via,61373,124880,62973,125360,1600,via3_1600x480
VSS,met2-met3,STRIPE,via,61373,124880,62973,125360,1600,via2_1600x480
VSS,met1-met2,STRIPE,via,61373,124880,62973,125360,1600,via_1600x480
VSS,met3-met4,STRIPE,via,40369,124880,41969,125360,1600,via3_1600x480
VSS,met2-met3,STRIPE,via,40369,124880,41969,125360,1600,via2_1600x480
VSS,met1-met2,STRIPE,via,40369,124880,41969,125360,1600,via_1600x480
VSS,met3-met4,STRIPE,via,250678,119440,252278,119920,1600,via3_1600x480
VSS,met2-met3,STRIPE,via,250678,119440,252278,119920,1600,via2_1600x480
VSS,met1-met2,STRIPE,via,250678,119440,252278,119920,1600,via_1600x480
VSS,met3-met4,STRIPE,via,227438,119440,229038,119920,1600,via3_1600x480
VSS,met2-met3,STRIPE,via,227438,119440,229038,119920,1600,via2_1600x480
VSS,met1-met2,STRIPE,via,227438,119440,229038,119920,1600,via_1600x480
VSS,met3-met4,STRIPE,via,201568,119440,203168,119920,1600,via3_1600x480
VSS,met2-met3,STRIPE,via,201568,119440,203168,119920,1600,via2_1600x480
VSS,met1-met2,STRIPE,via,201568,119440,203168,119920,1600,via_1600x480
VSS,met3-met4,STRIPE,via,170184,119440,171784,119920,1600,via3_1600x480
VSS,met2-met3,STRIPE,via,170184,119440,171784,119920,1600,via2_1600x480
VSS,met1-met2,STRIPE,via,170184,119440,171784,119920,1600,via_1600x480
VSS,met3-met4,STRIPE,via,145465,119440,147065,119920,1600,via3_1600x480
VSS,met2-met3,STRIPE,via,145465,119440,147065,119920,1600,via2_1600x480
VSS,met1-met2,STRIPE,via,145465,119440,147065,119920,1600,via_1600x480
VSS,met3-met4,STRIPE,via,121207,119440,122807,119920,1600,via3_1600x480
VSS,met2-met3,STRIPE,via,121207,119440,122807,119920,1600,via2_1600x480
VSS,met1-met2,STRIPE,via,121207,119440,122807,119920,1600,via_1600x480
VSS,met3-met4,STRIPE,via,90279,119440,91879,119920,1600,via3_1600x480
VSS,met2-met3,STRIPE,via,90279,119440,91879,119920,1600,via2_1600x480
VSS,met1-met2,STRIPE,via,90279,119440,91879,119920,1600,via_1600x480
VSS,met3-met4,STRIPE,via,61373,119440,62973,119920,1600,via3_1600x480
VSS,met2-met3,STRIPE,via,61373,119440,62973,119920,1600,via2_1600x480
VSS,met1-met2,STRIPE,via,61373,119440,62973,119920,1600,via_1600x480
VSS,met3-met4,STRIPE,via,40369,119440,41969,119920,1600,via3_1600x480
VSS,met2-met3,STRIPE,via,40369,119440,41969,119920,1600,via2_1600x480
VSS,met1-met2,STRIPE,via,40369,119440,41969,119920,1600,via_1600x480
VSS,met3-met4,STRIPE,via,250678,114000,252278,114480,1600,via3_1600x480
VSS,met2-met3,STRIPE,via,250678,114000,252278,114480,1600,via2_1600x480
VSS,met1-met2,STRIPE,via,250678,114000,252278,114480,1600,via_1600x480
VSS,met3-met4,STRIPE,via,227438,114000,229038,114480,1600,via3_1600x480
VSS,met2-met3,STRIPE,via,227438,114000,229038,114480,1600,via2_1600x480
VSS,met1-met2,STRIPE,via,227438,114000,229038,114480,1600,via_1600x480
VSS,met3-met4,STRIPE,via,201568,114000,203168,114480,1600,via3_1600x480
VSS,met2-met3,STRIPE,via,201568,114000,203168,114480,1600,via2_1600x480
VSS,met1-met2,STRIPE,via,201568,114000,203168,114480,1600,via_1600x480
VSS,met3-met4,STRIPE,via,170184,114000,171784,114480,1600,via3_1600x480
VSS,met2-met3,STRIPE,via,170184,114000,171784,114480,1600,via2_1600x480
VSS,met1-met2,STRIPE,via,170184,114000,171784,114480,1600,via_1600x480
VSS,met3-met4,STRIPE,via,145465,114000,147065,114480,1600,via3_1600x480
VSS,met2-met3,STRIPE,via,145465,114000,147065,114480,1600,via2_1600x480
VSS,met1-met2,STRIPE,via,145465,114000,147065,114480,1600,via_1600x480
VSS,met3-met4,STRIPE,via,121207,114000,122807,114480,1600,via3_1600x480
VSS,met2-met3,STRIPE,via,121207,114000,122807,114480,1600,via2_1600x480
VSS,met1-met2,STRIPE,via,121207,114000,122807,114480,1600,via_1600x480
VSS,met3-met4,STRIPE,via,90279,114000,91879,114480,1600,via3_1600x480
VSS,met2-met3,STRIPE,via,90279,114000,91879,114480,1600,via2_1600x480
VSS,met1-met2,STRIPE,via,90279,114000,91879,114480,1600,via_1600x480
VSS,met3-met4,STRIPE,via,61373,114000,62973,114480,1600,via3_1600x480
VSS,met2-met3,STRIPE,via,61373,114000,62973,114480,1600,via2_1600x480
VSS,met1-met2,STRIPE,via,61373,114000,62973,114480,1600,via_1600x480
VSS,met3-met4,STRIPE,via,40369,114000,41969,114480,1600,via3_1600x480
VSS,met2-met3,STRIPE,via,40369,114000,41969,114480,1600,via2_1600x480
VSS,met1-met2,STRIPE,via,40369,114000,41969,114480,1600,via_1600x480
VSS,met3-met4,STRIPE,via,250678,108560,252278,109040,1600,via3_1600x480
VSS,met2-met3,STRIPE,via,250678,108560,252278,109040,1600,via2_1600x480
VSS,met1-met2,STRIPE,via,250678,108560,252278,109040,1600,via_1600x480
VSS,met3-met4,STRIPE,via,227438,108560,229038,109040,1600,via3_1600x480
VSS,met2-met3,STRIPE,via,227438,108560,229038,109040,1600,via2_1600x480
VSS,met1-met2,STRIPE,via,227438,108560,229038,109040,1600,via_1600x480
VSS,met3-met4,STRIPE,via,201568,108560,203168,109040,1600,via3_1600x480
VSS,met2-met3,STRIPE,via,201568,108560,203168,109040,1600,via2_1600x480
VSS,met1-met2,STRIPE,via,201568,108560,203168,109040,1600,via_1600x480
VSS,met3-met4,STRIPE,via,170184,108560,171784,109040,1600,via3_1600x480
VSS,met2-met3,STRIPE,via,170184,108560,171784,109040,1600,via2_1600x480
VSS,met1-met2,STRIPE,via,170184,108560,171784,109040,1600,via_1600x480
VSS,met3-met4,STRIPE,via,145465,108560,147065,109040,1600,via3_1600x480
VSS,met2-met3,STRIPE,via,145465,108560,147065,109040,1600,via2_1600x480
VSS,met1-met2,STRIPE,via,145465,108560,147065,109040,1600,via_1600x480
VSS,met3-met4,STRIPE,via,121207,108560,122807,109040,1600,via3_1600x480
VSS,met2-met3,STRIPE,via,121207,108560,122807,109040,1600,via2_1600x480
VSS,met1-met2,STRIPE,via,121207,108560,122807,109040,1600,via_1600x480
VSS,met3-met4,STRIPE,via,90279,108560,91879,109040,1600,via3_1600x480
VSS,met2-met3,STRIPE,via,90279,108560,91879,109040,1600,via2_1600x480
VSS,met1-met2,STRIPE,via,90279,108560,91879,109040,1600,via_1600x480
VSS,met3-met4,STRIPE,via,61373,108560,62973,109040,1600,via3_1600x480
VSS,met2-met3,STRIPE,via,61373,108560,62973,109040,1600,via2_1600x480
VSS,met1-met2,STRIPE,via,61373,108560,62973,109040,1600,via_1600x480
VSS,met3-met4,STRIPE,via,40369,108560,41969,109040,1600,via3_1600x480
VSS,met2-met3,STRIPE,via,40369,108560,41969,109040,1600,via2_1600x480
VSS,met1-met2,STRIPE,via,40369,108560,41969,109040,1600,via_1600x480
VSS,met3-met4,STRIPE,via,250678,103120,252278,103600,1600,via3_1600x480
VSS,met2-met3,STRIPE,via,250678,103120,252278,103600,1600,via2_1600x480
VSS,met1-met2,STRIPE,via,250678,103120,252278,103600,1600,via_1600x480
VSS,met3-met4,STRIPE,via,227438,103120,229038,103600,1600,via3_1600x480
VSS,met2-met3,STRIPE,via,227438,103120,229038,103600,1600,via2_1600x480
VSS,met1-met2,STRIPE,via,227438,103120,229038,103600,1600,via_1600x480
VSS,met3-met4,STRIPE,via,201568,103120,203168,103600,1600,via3_1600x480
VSS,met2-met3,STRIPE,via,201568,103120,203168,103600,1600,via2_1600x480
VSS,met1-met2,STRIPE,via,201568,103120,203168,103600,1600,via_1600x480
VSS,met3-met4,STRIPE,via,170184,103120,171784,103600,1600,via3_1600x480
VSS,met2-met3,STRIPE,via,170184,103120,171784,103600,1600,via2_1600x480
VSS,met1-met2,STRIPE,via,170184,103120,171784,103600,1600,via_1600x480
VSS,met3-met4,STRIPE,via,145465,103120,147065,103600,1600,via3_1600x480
VSS,met2-met3,STRIPE,via,145465,103120,147065,103600,1600,via2_1600x480
VSS,met1-met2,STRIPE,via,145465,103120,147065,103600,1600,via_1600x480
VSS,met3-met4,STRIPE,via,121207,103120,122807,103600,1600,via3_1600x480
VSS,met2-met3,STRIPE,via,121207,103120,122807,103600,1600,via2_1600x480
VSS,met1-met2,STRIPE,via,121207,103120,122807,103600,1600,via_1600x480
VSS,met3-met4,STRIPE,via,90279,103120,91879,103600,1600,via3_1600x480
VSS,met2-met3,STRIPE,via,90279,103120,91879,103600,1600,via2_1600x480
VSS,met1-met2,STRIPE,via,90279,103120,91879,103600,1600,via_1600x480
VSS,met3-met4,STRIPE,via,61373,103120,62973,103600,1600,via3_1600x480
VSS,met2-met3,STRIPE,via,61373,103120,62973,103600,1600,via2_1600x480
VSS,met1-met2,STRIPE,via,61373,103120,62973,103600,1600,via_1600x480
VSS,met3-met4,STRIPE,via,40369,103120,41969,103600,1600,via3_1600x480
VSS,met2-met3,STRIPE,via,40369,103120,41969,103600,1600,via2_1600x480
VSS,met1-met2,STRIPE,via,40369,103120,41969,103600,1600,via_1600x480
VSS,met3-met4,STRIPE,via,250678,97680,252278,98160,1600,via3_1600x480
VSS,met2-met3,STRIPE,via,250678,97680,252278,98160,1600,via2_1600x480
VSS,met1-met2,STRIPE,via,250678,97680,252278,98160,1600,via_1600x480
VSS,met3-met4,STRIPE,via,227438,97680,229038,98160,1600,via3_1600x480
VSS,met2-met3,STRIPE,via,227438,97680,229038,98160,1600,via2_1600x480
VSS,met1-met2,STRIPE,via,227438,97680,229038,98160,1600,via_1600x480
VSS,met3-met4,STRIPE,via,201568,97680,203168,98160,1600,via3_1600x480
VSS,met2-met3,STRIPE,via,201568,97680,203168,98160,1600,via2_1600x480
VSS,met1-met2,STRIPE,via,201568,97680,203168,98160,1600,via_1600x480
VSS,met3-met4,STRIPE,via,170184,97680,171784,98160,1600,via3_1600x480
VSS,met2-met3,STRIPE,via,170184,97680,171784,98160,1600,via2_1600x480
VSS,met1-met2,STRIPE,via,170184,97680,171784,98160,1600,via_1600x480
VSS,met3-met4,STRIPE,via,145465,97680,147065,98160,1600,via3_1600x480
VSS,met2-met3,STRIPE,via,145465,97680,147065,98160,1600,via2_1600x480
VSS,met1-met2,STRIPE,via,145465,97680,147065,98160,1600,via_1600x480
VSS,met3-met4,STRIPE,via,121207,97680,122807,98160,1600,via3_1600x480
VSS,met2-met3,STRIPE,via,121207,97680,122807,98160,1600,via2_1600x480
VSS,met1-met2,STRIPE,via,121207,97680,122807,98160,1600,via_1600x480
VSS,met3-met4,STRIPE,via,90279,97680,91879,98160,1600,via3_1600x480
VSS,met2-met3,STRIPE,via,90279,97680,91879,98160,1600,via2_1600x480
VSS,met1-met2,STRIPE,via,90279,97680,91879,98160,1600,via_1600x480
VSS,met3-met4,STRIPE,via,61373,97680,62973,98160,1600,via3_1600x480
VSS,met2-met3,STRIPE,via,61373,97680,62973,98160,1600,via2_1600x480
VSS,met1-met2,STRIPE,via,61373,97680,62973,98160,1600,via_1600x480
VSS,met3-met4,STRIPE,via,40369,97680,41969,98160,1600,via3_1600x480
VSS,met2-met3,STRIPE,via,40369,97680,41969,98160,1600,via2_1600x480
VSS,met1-met2,STRIPE,via,40369,97680,41969,98160,1600,via_1600x480
VSS,met3-met4,STRIPE,via,250678,92240,252278,92720,1600,via3_1600x480
VSS,met2-met3,STRIPE,via,250678,92240,252278,92720,1600,via2_1600x480
VSS,met1-met2,STRIPE,via,250678,92240,252278,92720,1600,via_1600x480
VSS,met3-met4,STRIPE,via,227438,92240,229038,92720,1600,via3_1600x480
VSS,met2-met3,STRIPE,via,227438,92240,229038,92720,1600,via2_1600x480
VSS,met1-met2,STRIPE,via,227438,92240,229038,92720,1600,via_1600x480
VSS,met3-met4,STRIPE,via,201568,92240,203168,92720,1600,via3_1600x480
VSS,met2-met3,STRIPE,via,201568,92240,203168,92720,1600,via2_1600x480
VSS,met1-met2,STRIPE,via,201568,92240,203168,92720,1600,via_1600x480
VSS,met3-met4,STRIPE,via,170184,92240,171784,92720,1600,via3_1600x480
VSS,met2-met3,STRIPE,via,170184,92240,171784,92720,1600,via2_1600x480
VSS,met1-met2,STRIPE,via,170184,92240,171784,92720,1600,via_1600x480
VSS,met3-met4,STRIPE,via,145465,92240,147065,92720,1600,via3_1600x480
VSS,met2-met3,STRIPE,via,145465,92240,147065,92720,1600,via2_1600x480
VSS,met1-met2,STRIPE,via,145465,92240,147065,92720,1600,via_1600x480
VSS,met3-met4,STRIPE,via,121207,92240,122807,92720,1600,via3_1600x480
VSS,met2-met3,STRIPE,via,121207,92240,122807,92720,1600,via2_1600x480
VSS,met1-met2,STRIPE,via,121207,92240,122807,92720,1600,via_1600x480
VSS,met3-met4,STRIPE,via,90279,92240,91879,92720,1600,via3_1600x480
VSS,met2-met3,STRIPE,via,90279,92240,91879,92720,1600,via2_1600x480
VSS,met1-met2,STRIPE,via,90279,92240,91879,92720,1600,via_1600x480
VSS,met3-met4,STRIPE,via,61373,92240,62973,92720,1600,via3_1600x480
VSS,met2-met3,STRIPE,via,61373,92240,62973,92720,1600,via2_1600x480
VSS,met1-met2,STRIPE,via,61373,92240,62973,92720,1600,via_1600x480
VSS,met3-met4,STRIPE,via,40369,92240,41969,92720,1600,via3_1600x480
VSS,met2-met3,STRIPE,via,40369,92240,41969,92720,1600,via2_1600x480
VSS,met1-met2,STRIPE,via,40369,92240,41969,92720,1600,via_1600x480
VSS,met3-met4,STRIPE,via,250678,86800,252278,87280,1600,via3_1600x480
VSS,met2-met3,STRIPE,via,250678,86800,252278,87280,1600,via2_1600x480
VSS,met1-met2,STRIPE,via,250678,86800,252278,87280,1600,via_1600x480
VSS,met3-met4,STRIPE,via,227438,86800,229038,87280,1600,via3_1600x480
VSS,met2-met3,STRIPE,via,227438,86800,229038,87280,1600,via2_1600x480
VSS,met1-met2,STRIPE,via,227438,86800,229038,87280,1600,via_1600x480
VSS,met3-met4,STRIPE,via,201568,86800,203168,87280,1600,via3_1600x480
VSS,met2-met3,STRIPE,via,201568,86800,203168,87280,1600,via2_1600x480
VSS,met1-met2,STRIPE,via,201568,86800,203168,87280,1600,via_1600x480
VSS,met3-met4,STRIPE,via,170184,86800,171784,87280,1600,via3_1600x480
VSS,met2-met3,STRIPE,via,170184,86800,171784,87280,1600,via2_1600x480
VSS,met1-met2,STRIPE,via,170184,86800,171784,87280,1600,via_1600x480
VSS,met3-met4,STRIPE,via,145465,86800,147065,87280,1600,via3_1600x480
VSS,met2-met3,STRIPE,via,145465,86800,147065,87280,1600,via2_1600x480
VSS,met1-met2,STRIPE,via,145465,86800,147065,87280,1600,via_1600x480
VSS,met3-met4,STRIPE,via,121207,86800,122807,87280,1600,via3_1600x480
VSS,met2-met3,STRIPE,via,121207,86800,122807,87280,1600,via2_1600x480
VSS,met1-met2,STRIPE,via,121207,86800,122807,87280,1600,via_1600x480
VSS,met3-met4,STRIPE,via,90279,86800,91879,87280,1600,via3_1600x480
VSS,met2-met3,STRIPE,via,90279,86800,91879,87280,1600,via2_1600x480
VSS,met1-met2,STRIPE,via,90279,86800,91879,87280,1600,via_1600x480
VSS,met3-met4,STRIPE,via,61373,86800,62973,87280,1600,via3_1600x480
VSS,met2-met3,STRIPE,via,61373,86800,62973,87280,1600,via2_1600x480
VSS,met1-met2,STRIPE,via,61373,86800,62973,87280,1600,via_1600x480
VSS,met3-met4,STRIPE,via,40369,86800,41969,87280,1600,via3_1600x480
VSS,met2-met3,STRIPE,via,40369,86800,41969,87280,1600,via2_1600x480
VSS,met1-met2,STRIPE,via,40369,86800,41969,87280,1600,via_1600x480
VSS,met3-met4,STRIPE,via,250678,81360,252278,81840,1600,via3_1600x480
VSS,met2-met3,STRIPE,via,250678,81360,252278,81840,1600,via2_1600x480
VSS,met1-met2,STRIPE,via,250678,81360,252278,81840,1600,via_1600x480
VSS,met3-met4,STRIPE,via,227438,81360,229038,81840,1600,via3_1600x480
VSS,met2-met3,STRIPE,via,227438,81360,229038,81840,1600,via2_1600x480
VSS,met1-met2,STRIPE,via,227438,81360,229038,81840,1600,via_1600x480
VSS,met3-met4,STRIPE,via,201568,81360,203168,81840,1600,via3_1600x480
VSS,met2-met3,STRIPE,via,201568,81360,203168,81840,1600,via2_1600x480
VSS,met1-met2,STRIPE,via,201568,81360,203168,81840,1600,via_1600x480
VSS,met3-met4,STRIPE,via,170184,81360,171784,81840,1600,via3_1600x480
VSS,met2-met3,STRIPE,via,170184,81360,171784,81840,1600,via2_1600x480
VSS,met1-met2,STRIPE,via,170184,81360,171784,81840,1600,via_1600x480
VSS,met3-met4,STRIPE,via,145465,81360,147065,81840,1600,via3_1600x480
VSS,met2-met3,STRIPE,via,145465,81360,147065,81840,1600,via2_1600x480
VSS,met1-met2,STRIPE,via,145465,81360,147065,81840,1600,via_1600x480
VSS,met3-met4,STRIPE,via,121207,81360,122807,81840,1600,via3_1600x480
VSS,met2-met3,STRIPE,via,121207,81360,122807,81840,1600,via2_1600x480
VSS,met1-met2,STRIPE,via,121207,81360,122807,81840,1600,via_1600x480
VSS,met3-met4,STRIPE,via,90279,81360,91879,81840,1600,via3_1600x480
VSS,met2-met3,STRIPE,via,90279,81360,91879,81840,1600,via2_1600x480
VSS,met1-met2,STRIPE,via,90279,81360,91879,81840,1600,via_1600x480
VSS,met3-met4,STRIPE,via,61373,81360,62973,81840,1600,via3_1600x480
VSS,met2-met3,STRIPE,via,61373,81360,62973,81840,1600,via2_1600x480
VSS,met1-met2,STRIPE,via,61373,81360,62973,81840,1600,via_1600x480
VSS,met3-met4,STRIPE,via,40369,81360,41969,81840,1600,via3_1600x480
VSS,met2-met3,STRIPE,via,40369,81360,41969,81840,1600,via2_1600x480
VSS,met1-met2,STRIPE,via,40369,81360,41969,81840,1600,via_1600x480
VSS,met3-met4,STRIPE,via,250678,75920,252278,76400,1600,via3_1600x480
VSS,met2-met3,STRIPE,via,250678,75920,252278,76400,1600,via2_1600x480
VSS,met1-met2,STRIPE,via,250678,75920,252278,76400,1600,via_1600x480
VSS,met3-met4,STRIPE,via,227438,75920,229038,76400,1600,via3_1600x480
VSS,met2-met3,STRIPE,via,227438,75920,229038,76400,1600,via2_1600x480
VSS,met1-met2,STRIPE,via,227438,75920,229038,76400,1600,via_1600x480
VSS,met3-met4,STRIPE,via,201568,75920,203168,76400,1600,via3_1600x480
VSS,met2-met3,STRIPE,via,201568,75920,203168,76400,1600,via2_1600x480
VSS,met1-met2,STRIPE,via,201568,75920,203168,76400,1600,via_1600x480
VSS,met3-met4,STRIPE,via,170184,75920,171784,76400,1600,via3_1600x480
VSS,met2-met3,STRIPE,via,170184,75920,171784,76400,1600,via2_1600x480
VSS,met1-met2,STRIPE,via,170184,75920,171784,76400,1600,via_1600x480
VSS,met3-met4,STRIPE,via,145465,75920,147065,76400,1600,via3_1600x480
VSS,met2-met3,STRIPE,via,145465,75920,147065,76400,1600,via2_1600x480
VSS,met1-met2,STRIPE,via,145465,75920,147065,76400,1600,via_1600x480
VSS,met3-met4,STRIPE,via,121207,75920,122807,76400,1600,via3_1600x480
VSS,met2-met3,STRIPE,via,121207,75920,122807,76400,1600,via2_1600x480
VSS,met1-met2,STRIPE,via,121207,75920,122807,76400,1600,via_1600x480
VSS,met3-met4,STRIPE,via,90279,75920,91879,76400,1600,via3_1600x480
VSS,met2-met3,STRIPE,via,90279,75920,91879,76400,1600,via2_1600x480
VSS,met1-met2,STRIPE,via,90279,75920,91879,76400,1600,via_1600x480
VSS,met3-met4,STRIPE,via,61373,75920,62973,76400,1600,via3_1600x480
VSS,met2-met3,STRIPE,via,61373,75920,62973,76400,1600,via2_1600x480
VSS,met1-met2,STRIPE,via,61373,75920,62973,76400,1600,via_1600x480
VSS,met3-met4,STRIPE,via,40369,75920,41969,76400,1600,via3_1600x480
VSS,met2-met3,STRIPE,via,40369,75920,41969,76400,1600,via2_1600x480
VSS,met1-met2,STRIPE,via,40369,75920,41969,76400,1600,via_1600x480
VSS,met3-met4,STRIPE,via,250678,70480,252278,70960,1600,via3_1600x480
VSS,met2-met3,STRIPE,via,250678,70480,252278,70960,1600,via2_1600x480
VSS,met1-met2,STRIPE,via,250678,70480,252278,70960,1600,via_1600x480
VSS,met3-met4,STRIPE,via,227438,70480,229038,70960,1600,via3_1600x480
VSS,met2-met3,STRIPE,via,227438,70480,229038,70960,1600,via2_1600x480
VSS,met1-met2,STRIPE,via,227438,70480,229038,70960,1600,via_1600x480
VSS,met3-met4,STRIPE,via,201568,70480,203168,70960,1600,via3_1600x480
VSS,met2-met3,STRIPE,via,201568,70480,203168,70960,1600,via2_1600x480
VSS,met1-met2,STRIPE,via,201568,70480,203168,70960,1600,via_1600x480
VSS,met3-met4,STRIPE,via,170184,70480,171784,70960,1600,via3_1600x480
VSS,met2-met3,STRIPE,via,170184,70480,171784,70960,1600,via2_1600x480
VSS,met1-met2,STRIPE,via,170184,70480,171784,70960,1600,via_1600x480
VSS,met3-met4,STRIPE,via,145465,70480,147065,70960,1600,via3_1600x480
VSS,met2-met3,STRIPE,via,145465,70480,147065,70960,1600,via2_1600x480
VSS,met1-met2,STRIPE,via,145465,70480,147065,70960,1600,via_1600x480
VSS,met3-met4,STRIPE,via,121207,70480,122807,70960,1600,via3_1600x480
VSS,met2-met3,STRIPE,via,121207,70480,122807,70960,1600,via2_1600x480
VSS,met1-met2,STRIPE,via,121207,70480,122807,70960,1600,via_1600x480
VSS,met3-met4,STRIPE,via,90279,70480,91879,70960,1600,via3_1600x480
VSS,met2-met3,STRIPE,via,90279,70480,91879,70960,1600,via2_1600x480
VSS,met1-met2,STRIPE,via,90279,70480,91879,70960,1600,via_1600x480
VSS,met3-met4,STRIPE,via,61373,70480,62973,70960,1600,via3_1600x480
VSS,met2-met3,STRIPE,via,61373,70480,62973,70960,1600,via2_1600x480
VSS,met1-met2,STRIPE,via,61373,70480,62973,70960,1600,via_1600x480
VSS,met3-met4,STRIPE,via,40369,70480,41969,70960,1600,via3_1600x480
VSS,met2-met3,STRIPE,via,40369,70480,41969,70960,1600,via2_1600x480
VSS,met1-met2,STRIPE,via,40369,70480,41969,70960,1600,via_1600x480
VSS,met3-met4,STRIPE,via,250678,65040,252278,65520,1600,via3_1600x480
VSS,met2-met3,STRIPE,via,250678,65040,252278,65520,1600,via2_1600x480
VSS,met1-met2,STRIPE,via,250678,65040,252278,65520,1600,via_1600x480
VSS,met3-met4,STRIPE,via,227438,65040,229038,65520,1600,via3_1600x480
VSS,met2-met3,STRIPE,via,227438,65040,229038,65520,1600,via2_1600x480
VSS,met1-met2,STRIPE,via,227438,65040,229038,65520,1600,via_1600x480
VSS,met3-met4,STRIPE,via,201568,65040,203168,65520,1600,via3_1600x480
VSS,met2-met3,STRIPE,via,201568,65040,203168,65520,1600,via2_1600x480
VSS,met1-met2,STRIPE,via,201568,65040,203168,65520,1600,via_1600x480
VSS,met3-met4,STRIPE,via,170184,65040,171784,65520,1600,via3_1600x480
VSS,met2-met3,STRIPE,via,170184,65040,171784,65520,1600,via2_1600x480
VSS,met1-met2,STRIPE,via,170184,65040,171784,65520,1600,via_1600x480
VSS,met3-met4,STRIPE,via,145465,65040,147065,65520,1600,via3_1600x480
VSS,met2-met3,STRIPE,via,145465,65040,147065,65520,1600,via2_1600x480
VSS,met1-met2,STRIPE,via,145465,65040,147065,65520,1600,via_1600x480
VSS,met3-met4,STRIPE,via,121207,65040,122807,65520,1600,via3_1600x480
VSS,met2-met3,STRIPE,via,121207,65040,122807,65520,1600,via2_1600x480
VSS,met1-met2,STRIPE,via,121207,65040,122807,65520,1600,via_1600x480
VSS,met3-met4,STRIPE,via,90279,65040,91879,65520,1600,via3_1600x480
VSS,met2-met3,STRIPE,via,90279,65040,91879,65520,1600,via2_1600x480
VSS,met1-met2,STRIPE,via,90279,65040,91879,65520,1600,via_1600x480
VSS,met3-met4,STRIPE,via,61373,65040,62973,65520,1600,via3_1600x480
VSS,met2-met3,STRIPE,via,61373,65040,62973,65520,1600,via2_1600x480
VSS,met1-met2,STRIPE,via,61373,65040,62973,65520,1600,via_1600x480
VSS,met3-met4,STRIPE,via,40369,65040,41969,65520,1600,via3_1600x480
VSS,met2-met3,STRIPE,via,40369,65040,41969,65520,1600,via2_1600x480
VSS,met1-met2,STRIPE,via,40369,65040,41969,65520,1600,via_1600x480
VSS,met3-met4,STRIPE,via,250678,59600,252278,60080,1600,via3_1600x480
VSS,met2-met3,STRIPE,via,250678,59600,252278,60080,1600,via2_1600x480
VSS,met1-met2,STRIPE,via,250678,59600,252278,60080,1600,via_1600x480
VSS,met3-met4,STRIPE,via,227438,59600,229038,60080,1600,via3_1600x480
VSS,met2-met3,STRIPE,via,227438,59600,229038,60080,1600,via2_1600x480
VSS,met1-met2,STRIPE,via,227438,59600,229038,60080,1600,via_1600x480
VSS,met3-met4,STRIPE,via,201568,59600,203168,60080,1600,via3_1600x480
VSS,met2-met3,STRIPE,via,201568,59600,203168,60080,1600,via2_1600x480
VSS,met1-met2,STRIPE,via,201568,59600,203168,60080,1600,via_1600x480
VSS,met3-met4,STRIPE,via,170184,59600,171784,60080,1600,via3_1600x480
VSS,met2-met3,STRIPE,via,170184,59600,171784,60080,1600,via2_1600x480
VSS,met1-met2,STRIPE,via,170184,59600,171784,60080,1600,via_1600x480
VSS,met3-met4,STRIPE,via,145465,59600,147065,60080,1600,via3_1600x480
VSS,met2-met3,STRIPE,via,145465,59600,147065,60080,1600,via2_1600x480
VSS,met1-met2,STRIPE,via,145465,59600,147065,60080,1600,via_1600x480
VSS,met3-met4,STRIPE,via,121207,59600,122807,60080,1600,via3_1600x480
VSS,met2-met3,STRIPE,via,121207,59600,122807,60080,1600,via2_1600x480
VSS,met1-met2,STRIPE,via,121207,59600,122807,60080,1600,via_1600x480
VSS,met3-met4,STRIPE,via,90279,59600,91879,60080,1600,via3_1600x480
VSS,met2-met3,STRIPE,via,90279,59600,91879,60080,1600,via2_1600x480
VSS,met1-met2,STRIPE,via,90279,59600,91879,60080,1600,via_1600x480
VSS,met3-met4,STRIPE,via,61373,59600,62973,60080,1600,via3_1600x480
VSS,met2-met3,STRIPE,via,61373,59600,62973,60080,1600,via2_1600x480
VSS,met1-met2,STRIPE,via,61373,59600,62973,60080,1600,via_1600x480
VSS,met3-met4,STRIPE,via,40369,59600,41969,60080,1600,via3_1600x480
VSS,met2-met3,STRIPE,via,40369,59600,41969,60080,1600,via2_1600x480
VSS,met1-met2,STRIPE,via,40369,59600,41969,60080,1600,via_1600x480
VSS,met3-met4,STRIPE,via,250678,54160,252278,54640,1600,via3_1600x480
VSS,met2-met3,STRIPE,via,250678,54160,252278,54640,1600,via2_1600x480
VSS,met1-met2,STRIPE,via,250678,54160,252278,54640,1600,via_1600x480
VSS,met3-met4,STRIPE,via,227438,54160,229038,54640,1600,via3_1600x480
VSS,met2-met3,STRIPE,via,227438,54160,229038,54640,1600,via2_1600x480
VSS,met1-met2,STRIPE,via,227438,54160,229038,54640,1600,via_1600x480
VSS,met3-met4,STRIPE,via,201568,54160,203168,54640,1600,via3_1600x480
VSS,met2-met3,STRIPE,via,201568,54160,203168,54640,1600,via2_1600x480
VSS,met1-met2,STRIPE,via,201568,54160,203168,54640,1600,via_1600x480
VSS,met3-met4,STRIPE,via,170184,54160,171784,54640,1600,via3_1600x480
VSS,met2-met3,STRIPE,via,170184,54160,171784,54640,1600,via2_1600x480
VSS,met1-met2,STRIPE,via,170184,54160,171784,54640,1600,via_1600x480
VSS,met3-met4,STRIPE,via,145465,54160,147065,54640,1600,via3_1600x480
VSS,met2-met3,STRIPE,via,145465,54160,147065,54640,1600,via2_1600x480
VSS,met1-met2,STRIPE,via,145465,54160,147065,54640,1600,via_1600x480
VSS,met3-met4,STRIPE,via,121207,54160,122807,54640,1600,via3_1600x480
VSS,met2-met3,STRIPE,via,121207,54160,122807,54640,1600,via2_1600x480
VSS,met1-met2,STRIPE,via,121207,54160,122807,54640,1600,via_1600x480
VSS,met3-met4,STRIPE,via,90279,54160,91879,54640,1600,via3_1600x480
VSS,met2-met3,STRIPE,via,90279,54160,91879,54640,1600,via2_1600x480
VSS,met1-met2,STRIPE,via,90279,54160,91879,54640,1600,via_1600x480
VSS,met3-met4,STRIPE,via,61373,54160,62973,54640,1600,via3_1600x480
VSS,met2-met3,STRIPE,via,61373,54160,62973,54640,1600,via2_1600x480
VSS,met1-met2,STRIPE,via,61373,54160,62973,54640,1600,via_1600x480
VSS,met3-met4,STRIPE,via,40369,54160,41969,54640,1600,via3_1600x480
VSS,met2-met3,STRIPE,via,40369,54160,41969,54640,1600,via2_1600x480
VSS,met1-met2,STRIPE,via,40369,54160,41969,54640,1600,via_1600x480
VSS,met3-met4,STRIPE,via,250678,48720,252278,49200,1600,via3_1600x480
VSS,met2-met3,STRIPE,via,250678,48720,252278,49200,1600,via2_1600x480
VSS,met1-met2,STRIPE,via,250678,48720,252278,49200,1600,via_1600x480
VSS,met3-met4,STRIPE,via,227438,48720,229038,49200,1600,via3_1600x480
VSS,met2-met3,STRIPE,via,227438,48720,229038,49200,1600,via2_1600x480
VSS,met1-met2,STRIPE,via,227438,48720,229038,49200,1600,via_1600x480
VSS,met3-met4,STRIPE,via,201568,48720,203168,49200,1600,via3_1600x480
VSS,met2-met3,STRIPE,via,201568,48720,203168,49200,1600,via2_1600x480
VSS,met1-met2,STRIPE,via,201568,48720,203168,49200,1600,via_1600x480
VSS,met3-met4,STRIPE,via,170184,48720,171784,49200,1600,via3_1600x480
VSS,met2-met3,STRIPE,via,170184,48720,171784,49200,1600,via2_1600x480
VSS,met1-met2,STRIPE,via,170184,48720,171784,49200,1600,via_1600x480
VSS,met3-met4,STRIPE,via,145465,48720,147065,49200,1600,via3_1600x480
VSS,met2-met3,STRIPE,via,145465,48720,147065,49200,1600,via2_1600x480
VSS,met1-met2,STRIPE,via,145465,48720,147065,49200,1600,via_1600x480
VSS,met3-met4,STRIPE,via,121207,48720,122807,49200,1600,via3_1600x480
VSS,met2-met3,STRIPE,via,121207,48720,122807,49200,1600,via2_1600x480
VSS,met1-met2,STRIPE,via,121207,48720,122807,49200,1600,via_1600x480
VSS,met3-met4,STRIPE,via,90279,48720,91879,49200,1600,via3_1600x480
VSS,met2-met3,STRIPE,via,90279,48720,91879,49200,1600,via2_1600x480
VSS,met1-met2,STRIPE,via,90279,48720,91879,49200,1600,via_1600x480
VSS,met3-met4,STRIPE,via,61373,48720,62973,49200,1600,via3_1600x480
VSS,met2-met3,STRIPE,via,61373,48720,62973,49200,1600,via2_1600x480
VSS,met1-met2,STRIPE,via,61373,48720,62973,49200,1600,via_1600x480
VSS,met3-met4,STRIPE,via,40369,48720,41969,49200,1600,via3_1600x480
VSS,met2-met3,STRIPE,via,40369,48720,41969,49200,1600,via2_1600x480
VSS,met1-met2,STRIPE,via,40369,48720,41969,49200,1600,via_1600x480
VSS,met3-met4,STRIPE,via,250678,43280,252278,43760,1600,via3_1600x480
VSS,met2-met3,STRIPE,via,250678,43280,252278,43760,1600,via2_1600x480
VSS,met1-met2,STRIPE,via,250678,43280,252278,43760,1600,via_1600x480
VSS,met3-met4,STRIPE,via,227438,43280,229038,43760,1600,via3_1600x480
VSS,met2-met3,STRIPE,via,227438,43280,229038,43760,1600,via2_1600x480
VSS,met1-met2,STRIPE,via,227438,43280,229038,43760,1600,via_1600x480
VSS,met3-met4,STRIPE,via,201568,43280,203168,43760,1600,via3_1600x480
VSS,met2-met3,STRIPE,via,201568,43280,203168,43760,1600,via2_1600x480
VSS,met1-met2,STRIPE,via,201568,43280,203168,43760,1600,via_1600x480
VSS,met3-met4,STRIPE,via,170184,43280,171784,43760,1600,via3_1600x480
VSS,met2-met3,STRIPE,via,170184,43280,171784,43760,1600,via2_1600x480
VSS,met1-met2,STRIPE,via,170184,43280,171784,43760,1600,via_1600x480
VSS,met3-met4,STRIPE,via,145465,43280,147065,43760,1600,via3_1600x480
VSS,met2-met3,STRIPE,via,145465,43280,147065,43760,1600,via2_1600x480
VSS,met1-met2,STRIPE,via,145465,43280,147065,43760,1600,via_1600x480
VSS,met3-met4,STRIPE,via,121207,43280,122807,43760,1600,via3_1600x480
VSS,met2-met3,STRIPE,via,121207,43280,122807,43760,1600,via2_1600x480
VSS,met1-met2,STRIPE,via,121207,43280,122807,43760,1600,via_1600x480
VSS,met3-met4,STRIPE,via,90279,43280,91879,43760,1600,via3_1600x480
VSS,met2-met3,STRIPE,via,90279,43280,91879,43760,1600,via2_1600x480
VSS,met1-met2,STRIPE,via,90279,43280,91879,43760,1600,via_1600x480
VSS,met3-met4,STRIPE,via,61373,43280,62973,43760,1600,via3_1600x480
VSS,met2-met3,STRIPE,via,61373,43280,62973,43760,1600,via2_1600x480
VSS,met1-met2,STRIPE,via,61373,43280,62973,43760,1600,via_1600x480
VSS,met3-met4,STRIPE,via,40369,43280,41969,43760,1600,via3_1600x480
VSS,met2-met3,STRIPE,via,40369,43280,41969,43760,1600,via2_1600x480
VSS,met1-met2,STRIPE,via,40369,43280,41969,43760,1600,via_1600x480
VSS,met3-met4,STRIPE,via,250678,37840,252278,38320,1600,via3_1600x480
VSS,met2-met3,STRIPE,via,250678,37840,252278,38320,1600,via2_1600x480
VSS,met1-met2,STRIPE,via,250678,37840,252278,38320,1600,via_1600x480
VSS,met3-met4,STRIPE,via,227438,37840,229038,38320,1600,via3_1600x480
VSS,met2-met3,STRIPE,via,227438,37840,229038,38320,1600,via2_1600x480
VSS,met1-met2,STRIPE,via,227438,37840,229038,38320,1600,via_1600x480
VSS,met3-met4,STRIPE,via,201568,37840,203168,38320,1600,via3_1600x480
VSS,met2-met3,STRIPE,via,201568,37840,203168,38320,1600,via2_1600x480
VSS,met1-met2,STRIPE,via,201568,37840,203168,38320,1600,via_1600x480
VSS,met3-met4,STRIPE,via,170184,37840,171784,38320,1600,via3_1600x480
VSS,met2-met3,STRIPE,via,170184,37840,171784,38320,1600,via2_1600x480
VSS,met1-met2,STRIPE,via,170184,37840,171784,38320,1600,via_1600x480
VSS,met3-met4,STRIPE,via,145465,37840,147065,38320,1600,via3_1600x480
VSS,met2-met3,STRIPE,via,145465,37840,147065,38320,1600,via2_1600x480
VSS,met1-met2,STRIPE,via,145465,37840,147065,38320,1600,via_1600x480
VSS,met3-met4,STRIPE,via,121207,37840,122807,38320,1600,via3_1600x480
VSS,met2-met3,STRIPE,via,121207,37840,122807,38320,1600,via2_1600x480
VSS,met1-met2,STRIPE,via,121207,37840,122807,38320,1600,via_1600x480
VSS,met3-met4,STRIPE,via,90279,37840,91879,38320,1600,via3_1600x480
VSS,met2-met3,STRIPE,via,90279,37840,91879,38320,1600,via2_1600x480
VSS,met1-met2,STRIPE,via,90279,37840,91879,38320,1600,via_1600x480
VSS,met3-met4,STRIPE,via,61373,37840,62973,38320,1600,via3_1600x480
VSS,met2-met3,STRIPE,via,61373,37840,62973,38320,1600,via2_1600x480
VSS,met1-met2,STRIPE,via,61373,37840,62973,38320,1600,via_1600x480
VSS,met3-met4,STRIPE,via,40369,37840,41969,38320,1600,via3_1600x480
VSS,met2-met3,STRIPE,via,40369,37840,41969,38320,1600,via2_1600x480
VSS,met1-met2,STRIPE,via,40369,37840,41969,38320,1600,via_1600x480
VSS,met3-met4,STRIPE,via,250678,32400,252278,32880,1600,via3_1600x480
VSS,met2-met3,STRIPE,via,250678,32400,252278,32880,1600,via2_1600x480
VSS,met1-met2,STRIPE,via,250678,32400,252278,32880,1600,via_1600x480
VSS,met3-met4,STRIPE,via,227438,32400,229038,32880,1600,via3_1600x480
VSS,met2-met3,STRIPE,via,227438,32400,229038,32880,1600,via2_1600x480
VSS,met1-met2,STRIPE,via,227438,32400,229038,32880,1600,via_1600x480
VSS,met3-met4,STRIPE,via,201568,32400,203168,32880,1600,via3_1600x480
VSS,met2-met3,STRIPE,via,201568,32400,203168,32880,1600,via2_1600x480
VSS,met1-met2,STRIPE,via,201568,32400,203168,32880,1600,via_1600x480
VSS,met3-met4,STRIPE,via,170184,32400,171784,32880,1600,via3_1600x480
VSS,met2-met3,STRIPE,via,170184,32400,171784,32880,1600,via2_1600x480
VSS,met1-met2,STRIPE,via,170184,32400,171784,32880,1600,via_1600x480
VSS,met3-met4,STRIPE,via,145465,32400,147065,32880,1600,via3_1600x480
VSS,met2-met3,STRIPE,via,145465,32400,147065,32880,1600,via2_1600x480
VSS,met1-met2,STRIPE,via,145465,32400,147065,32880,1600,via_1600x480
VSS,met3-met4,STRIPE,via,121207,32400,122807,32880,1600,via3_1600x480
VSS,met2-met3,STRIPE,via,121207,32400,122807,32880,1600,via2_1600x480
VSS,met1-met2,STRIPE,via,121207,32400,122807,32880,1600,via_1600x480
VSS,met3-met4,STRIPE,via,90279,32400,91879,32880,1600,via3_1600x480
VSS,met2-met3,STRIPE,via,90279,32400,91879,32880,1600,via2_1600x480
VSS,met1-met2,STRIPE,via,90279,32400,91879,32880,1600,via_1600x480
VSS,met3-met4,STRIPE,via,61373,32400,62973,32880,1600,via3_1600x480
VSS,met2-met3,STRIPE,via,61373,32400,62973,32880,1600,via2_1600x480
VSS,met1-met2,STRIPE,via,61373,32400,62973,32880,1600,via_1600x480
VSS,met3-met4,STRIPE,via,40369,32400,41969,32880,1600,via3_1600x480
VSS,met2-met3,STRIPE,via,40369,32400,41969,32880,1600,via2_1600x480
VSS,met1-met2,STRIPE,via,40369,32400,41969,32880,1600,via_1600x480
VSS,met3-met4,STRIPE,via,250678,26960,252278,27440,1600,via3_1600x480
VSS,met2-met3,STRIPE,via,250678,26960,252278,27440,1600,via2_1600x480
VSS,met1-met2,STRIPE,via,250678,26960,252278,27440,1600,via_1600x480
VSS,met3-met4,STRIPE,via,227438,26960,229038,27440,1600,via3_1600x480
VSS,met2-met3,STRIPE,via,227438,26960,229038,27440,1600,via2_1600x480
VSS,met1-met2,STRIPE,via,227438,26960,229038,27440,1600,via_1600x480
VSS,met3-met4,STRIPE,via,201568,26960,203168,27440,1600,via3_1600x480
VSS,met2-met3,STRIPE,via,201568,26960,203168,27440,1600,via2_1600x480
VSS,met1-met2,STRIPE,via,201568,26960,203168,27440,1600,via_1600x480
VSS,met3-met4,STRIPE,via,170184,26960,171784,27440,1600,via3_1600x480
VSS,met2-met3,STRIPE,via,170184,26960,171784,27440,1600,via2_1600x480
VSS,met1-met2,STRIPE,via,170184,26960,171784,27440,1600,via_1600x480
VSS,met3-met4,STRIPE,via,145465,26960,147065,27440,1600,via3_1600x480
VSS,met2-met3,STRIPE,via,145465,26960,147065,27440,1600,via2_1600x480
VSS,met1-met2,STRIPE,via,145465,26960,147065,27440,1600,via_1600x480
VSS,met3-met4,STRIPE,via,121207,26960,122807,27440,1600,via3_1600x480
VSS,met2-met3,STRIPE,via,121207,26960,122807,27440,1600,via2_1600x480
VSS,met1-met2,STRIPE,via,121207,26960,122807,27440,1600,via_1600x480
VSS,met3-met4,STRIPE,via,90279,26960,91879,27440,1600,via3_1600x480
VSS,met2-met3,STRIPE,via,90279,26960,91879,27440,1600,via2_1600x480
VSS,met1-met2,STRIPE,via,90279,26960,91879,27440,1600,via_1600x480
VSS,met3-met4,STRIPE,via,61373,26960,62973,27440,1600,via3_1600x480
VSS,met2-met3,STRIPE,via,61373,26960,62973,27440,1600,via2_1600x480
VSS,met1-met2,STRIPE,via,61373,26960,62973,27440,1600,via_1600x480
VSS,met3-met4,STRIPE,via,40369,26960,41969,27440,1600,via3_1600x480
VSS,met2-met3,STRIPE,via,40369,26960,41969,27440,1600,via2_1600x480
VSS,met1-met2,STRIPE,via,40369,26960,41969,27440,1600,via_1600x480
VSS,met3-met4,STRIPE,via,250678,21520,252278,22000,1600,via3_1600x480
VSS,met2-met3,STRIPE,via,250678,21520,252278,22000,1600,via2_1600x480
VSS,met1-met2,STRIPE,via,250678,21520,252278,22000,1600,via_1600x480
VSS,met3-met4,STRIPE,via,227438,21520,229038,22000,1600,via3_1600x480
VSS,met2-met3,STRIPE,via,227438,21520,229038,22000,1600,via2_1600x480
VSS,met1-met2,STRIPE,via,227438,21520,229038,22000,1600,via_1600x480
VSS,met3-met4,STRIPE,via,201568,21520,203168,22000,1600,via3_1600x480
VSS,met2-met3,STRIPE,via,201568,21520,203168,22000,1600,via2_1600x480
VSS,met1-met2,STRIPE,via,201568,21520,203168,22000,1600,via_1600x480
VSS,met3-met4,STRIPE,via,170184,21520,171784,22000,1600,via3_1600x480
VSS,met2-met3,STRIPE,via,170184,21520,171784,22000,1600,via2_1600x480
VSS,met1-met2,STRIPE,via,170184,21520,171784,22000,1600,via_1600x480
VSS,met3-met4,STRIPE,via,145465,21520,147065,22000,1600,via3_1600x480
VSS,met2-met3,STRIPE,via,145465,21520,147065,22000,1600,via2_1600x480
VSS,met1-met2,STRIPE,via,145465,21520,147065,22000,1600,via_1600x480
VSS,met3-met4,STRIPE,via,121207,21520,122807,22000,1600,via3_1600x480
VSS,met2-met3,STRIPE,via,121207,21520,122807,22000,1600,via2_1600x480
VSS,met1-met2,STRIPE,via,121207,21520,122807,22000,1600,via_1600x480
VSS,met3-met4,STRIPE,via,90279,21520,91879,22000,1600,via3_1600x480
VSS,met2-met3,STRIPE,via,90279,21520,91879,22000,1600,via2_1600x480
VSS,met1-met2,STRIPE,via,90279,21520,91879,22000,1600,via_1600x480
VSS,met3-met4,STRIPE,via,61373,21520,62973,22000,1600,via3_1600x480
VSS,met2-met3,STRIPE,via,61373,21520,62973,22000,1600,via2_1600x480
VSS,met1-met2,STRIPE,via,61373,21520,62973,22000,1600,via_1600x480
VSS,met3-met4,STRIPE,via,40369,21520,41969,22000,1600,via3_1600x480
VSS,met2-met3,STRIPE,via,40369,21520,41969,22000,1600,via2_1600x480
VSS,met1-met2,STRIPE,via,40369,21520,41969,22000,1600,via_1600x480
VSS,met3-met4,STRIPE,via,250678,16080,252278,16560,1600,via3_1600x480
VSS,met2-met3,STRIPE,via,250678,16080,252278,16560,1600,via2_1600x480
VSS,met1-met2,STRIPE,via,250678,16080,252278,16560,1600,via_1600x480
VSS,met3-met4,STRIPE,via,227438,16080,229038,16560,1600,via3_1600x480
VSS,met2-met3,STRIPE,via,227438,16080,229038,16560,1600,via2_1600x480
VSS,met1-met2,STRIPE,via,227438,16080,229038,16560,1600,via_1600x480
VSS,met3-met4,STRIPE,via,201568,16080,203168,16560,1600,via3_1600x480
VSS,met2-met3,STRIPE,via,201568,16080,203168,16560,1600,via2_1600x480
VSS,met1-met2,STRIPE,via,201568,16080,203168,16560,1600,via_1600x480
VSS,met3-met4,STRIPE,via,170184,16080,171784,16560,1600,via3_1600x480
VSS,met2-met3,STRIPE,via,170184,16080,171784,16560,1600,via2_1600x480
VSS,met1-met2,STRIPE,via,170184,16080,171784,16560,1600,via_1600x480
VSS,met3-met4,STRIPE,via,145465,16080,147065,16560,1600,via3_1600x480
VSS,met2-met3,STRIPE,via,145465,16080,147065,16560,1600,via2_1600x480
VSS,met1-met2,STRIPE,via,145465,16080,147065,16560,1600,via_1600x480
VSS,met3-met4,STRIPE,via,121207,16080,122807,16560,1600,via3_1600x480
VSS,met2-met3,STRIPE,via,121207,16080,122807,16560,1600,via2_1600x480
VSS,met1-met2,STRIPE,via,121207,16080,122807,16560,1600,via_1600x480
VSS,met3-met4,STRIPE,via,90279,16080,91879,16560,1600,via3_1600x480
VSS,met2-met3,STRIPE,via,90279,16080,91879,16560,1600,via2_1600x480
VSS,met1-met2,STRIPE,via,90279,16080,91879,16560,1600,via_1600x480
VSS,met3-met4,STRIPE,via,61373,16080,62973,16560,1600,via3_1600x480
VSS,met2-met3,STRIPE,via,61373,16080,62973,16560,1600,via2_1600x480
VSS,met1-met2,STRIPE,via,61373,16080,62973,16560,1600,via_1600x480
VSS,met3-met4,STRIPE,via,40369,16080,41969,16560,1600,via3_1600x480
VSS,met2-met3,STRIPE,via,40369,16080,41969,16560,1600,via2_1600x480
VSS,met1-met2,STRIPE,via,40369,16080,41969,16560,1600,via_1600x480
VSS,met3-met4,STRIPE,via,250678,10640,252278,11120,1600,via3_1600x480
VSS,met2-met3,STRIPE,via,250678,10640,252278,11120,1600,via2_1600x480
VSS,met1-met2,STRIPE,via,250678,10640,252278,11120,1600,via_1600x480
VSS,met3-met4,STRIPE,via,227438,10640,229038,11120,1600,via3_1600x480
VSS,met2-met3,STRIPE,via,227438,10640,229038,11120,1600,via2_1600x480
VSS,met1-met2,STRIPE,via,227438,10640,229038,11120,1600,via_1600x480
VSS,met3-met4,STRIPE,via,201568,10640,203168,11120,1600,via3_1600x480
VSS,met2-met3,STRIPE,via,201568,10640,203168,11120,1600,via2_1600x480
VSS,met1-met2,STRIPE,via,201568,10640,203168,11120,1600,via_1600x480
VSS,met3-met4,STRIPE,via,170184,10640,171784,11120,1600,via3_1600x480
VSS,met2-met3,STRIPE,via,170184,10640,171784,11120,1600,via2_1600x480
VSS,met1-met2,STRIPE,via,170184,10640,171784,11120,1600,via_1600x480
VSS,met3-met4,STRIPE,via,145465,10640,147065,11120,1600,via3_1600x480
VSS,met2-met3,STRIPE,via,145465,10640,147065,11120,1600,via2_1600x480
VSS,met1-met2,STRIPE,via,145465,10640,147065,11120,1600,via_1600x480
VSS,met3-met4,STRIPE,via,121207,10640,122807,11120,1600,via3_1600x480
VSS,met2-met3,STRIPE,via,121207,10640,122807,11120,1600,via2_1600x480
VSS,met1-met2,STRIPE,via,121207,10640,122807,11120,1600,via_1600x480
VSS,met3-met4,STRIPE,via,90279,10640,91879,11120,1600,via3_1600x480
VSS,met2-met3,STRIPE,via,90279,10640,91879,11120,1600,via2_1600x480
VSS,met1-met2,STRIPE,via,90279,10640,91879,11120,1600,via_1600x480
VSS,met3-met4,STRIPE,via,61373,10640,62973,11120,1600,via3_1600x480
VSS,met2-met3,STRIPE,via,61373,10640,62973,11120,1600,via2_1600x480
VSS,met1-met2,STRIPE,via,61373,10640,62973,11120,1600,via_1600x480
VSS,met3-met4,STRIPE,via,40369,10640,41969,11120,1600,via3_1600x480
VSS,met2-met3,STRIPE,via,40369,10640,41969,11120,1600,via2_1600x480
VSS,met1-met2,STRIPE,via,40369,10640,41969,11120,1600,via_1600x480
VSS,met5,STRIPE,wire,10120,254640,269560,256240,1600,
VSS,met5,STRIPE,wire,10120,227440,269560,229040,1600,
VSS,met5,STRIPE,wire,10120,200240,269560,201840,1600,
VSS,met5,STRIPE,wire,10120,173040,269560,174640,1600,
VSS,met5,STRIPE,wire,10120,145840,269560,147440,1600,
VSS,met5,STRIPE,wire,10120,118640,269560,120240,1600,
VSS,met5,STRIPE,wire,10120,91440,269560,93040,1600,
VSS,met5,STRIPE,wire,10120,64240,269560,65840,1600,
VSS,met5,STRIPE,wire,10120,37040,269560,38640,1600,
VSS,met4,STRIPE,wire,250678,10640,252278,269520,1600,
VSS,met4,STRIPE,wire,227438,10640,229038,269520,1600,
VSS,met4,STRIPE,wire,201568,10640,203168,269520,1600,
VSS,met4,STRIPE,wire,170184,10640,171784,269520,1600,
VSS,met4,STRIPE,wire,145465,10640,147065,269520,1600,
VSS,met4,STRIPE,wire,121207,10640,122807,269520,1600,
VSS,met4,STRIPE,wire,90279,10640,91879,269520,1600,
VSS,met4,STRIPE,wire,61373,10640,62973,269520,1600,
VSS,met4,STRIPE,wire,40369,10640,41969,269520,1600,
VSS,met1,FOLLOWPIN,wire,10120,266320,269560,266800,480,
VSS,met1,FOLLOWPIN,wire,10120,260880,269560,261360,480,
VSS,met1,FOLLOWPIN,wire,10120,255440,269560,255920,480,
VSS,met1,FOLLOWPIN,wire,10120,250000,269560,250480,480,
VSS,met1,FOLLOWPIN,wire,10120,244560,269560,245040,480,
VSS,met1,FOLLOWPIN,wire,10120,239120,269560,239600,480,
VSS,met1,FOLLOWPIN,wire,10120,233680,269560,234160,480,
VSS,met1,FOLLOWPIN,wire,10120,228240,269560,228720,480,
VSS,met1,FOLLOWPIN,wire,10120,222800,269560,223280,480,
VSS,met1,FOLLOWPIN,wire,10120,217360,269560,217840,480,
VSS,met1,FOLLOWPIN,wire,10120,211920,269560,212400,480,
VSS,met1,FOLLOWPIN,wire,10120,206480,269560,206960,480,
VSS,met1,FOLLOWPIN,wire,10120,201040,269560,201520,480,
VSS,met1,FOLLOWPIN,wire,10120,195600,269560,196080,480,
VSS,met1,FOLLOWPIN,wire,10120,190160,269560,190640,480,
VSS,met1,FOLLOWPIN,wire,10120,184720,269560,185200,480,
VSS,met1,FOLLOWPIN,wire,10120,179280,269560,179760,480,
VSS,met1,FOLLOWPIN,wire,10120,173840,269560,174320,480,
VSS,met1,FOLLOWPIN,wire,10120,168400,269560,168880,480,
VSS,met1,FOLLOWPIN,wire,10120,162960,269560,163440,480,
VSS,met1,FOLLOWPIN,wire,10120,157520,269560,158000,480,
VSS,met1,FOLLOWPIN,wire,10120,152080,269560,152560,480,
VSS,met1,FOLLOWPIN,wire,10120,146640,269560,147120,480,
VSS,met1,FOLLOWPIN,wire,10120,141200,269560,141680,480,
VSS,met1,FOLLOWPIN,wire,10120,135760,269560,136240,480,
VSS,met1,FOLLOWPIN,wire,10120,130320,269560,130800,480,
VSS,met1,FOLLOWPIN,wire,10120,124880,269560,125360,480,
VSS,met1,FOLLOWPIN,wire,10120,119440,269560,119920,480,
VSS,met1,FOLLOWPIN,wire,10120,114000,269560,114480,480,
VSS,met1,FOLLOWPIN,wire,10120,108560,269560,109040,480,
VSS,met1,FOLLOWPIN,wire,10120,103120,269560,103600,480,
VSS,met1,FOLLOWPIN,wire,10120,97680,269560,98160,480,
VSS,met1,FOLLOWPIN,wire,10120,92240,269560,92720,480,
VSS,met1,FOLLOWPIN,wire,10120,86800,269560,87280,480,
VSS,met1,FOLLOWPIN,wire,10120,81360,269560,81840,480,
VSS,met1,FOLLOWPIN,wire,10120,75920,269560,76400,480,
VSS,met1,FOLLOWPIN,wire,10120,70480,269560,70960,480,
VSS,met1,FOLLOWPIN,wire,10120,65040,269560,65520,480,
VSS,met1,FOLLOWPIN,wire,10120,59600,269560,60080,480,
VSS,met1,FOLLOWPIN,wire,10120,54160,269560,54640,480,
VSS,met1,FOLLOWPIN,wire,10120,48720,269560,49200,480,
VSS,met1,FOLLOWPIN,wire,10120,43280,269560,43760,480,
VSS,met1,FOLLOWPIN,wire,10120,37840,269560,38320,480,
VSS,met1,FOLLOWPIN,wire,10120,32400,269560,32880,480,
VSS,met1,FOLLOWPIN,wire,10120,26960,269560,27440,480,
VSS,met1,FOLLOWPIN,wire,10120,21520,269560,22000,480,
VSS,met1,FOLLOWPIN,wire,10120,16080,269560,16560,480,
VSS,met1,FOLLOWPIN,wire,10120,10640,269560,11120,480,
VDD,met4-met5,STRIPE,via,265388,241040,266988,242640,1600,via4_1600x1600
VDD,met4-met5,STRIPE,via,238346,241040,239946,242640,1600,via4_1600x1600
VDD,met4-met5,STRIPE,via,211779,241040,213379,242640,1600,via4_1600x1600
VDD,met4-met5,STRIPE,via,188556,241040,190156,242640,1600,via4_1600x1600
VDD,met4-met5,STRIPE,via,159548,241040,161148,242640,1600,via4_1600x1600
VDD,met4-met5,STRIPE,via,131649,241040,133249,242640,1600,via4_1600x1600
VDD,met4-met5,STRIPE,via,101663,241040,103263,242640,1600,via4_1600x1600
VDD,met4-met5,STRIPE,via,76990,241040,78590,242640,1600,via4_1600x1600
VDD,met4-met5,STRIPE,via,50681,241040,52281,242640,1600,via4_1600x1600
VDD,met4-met5,STRIPE,via,19259,241040,20859,242640,1600,via4_1600x1600
VDD,met4-met5,STRIPE,via,265388,213840,266988,215440,1600,via4_1600x1600
VDD,met4-met5,STRIPE,via,238346,213840,239946,215440,1600,via4_1600x1600
VDD,met4-met5,STRIPE,via,211779,213840,213379,215440,1600,via4_1600x1600
VDD,met4-met5,STRIPE,via,188556,213840,190156,215440,1600,via4_1600x1600
VDD,met4-met5,STRIPE,via,159548,213840,161148,215440,1600,via4_1600x1600
VDD,met4-met5,STRIPE,via,131649,213840,133249,215440,1600,via4_1600x1600
VDD,met4-met5,STRIPE,via,101663,213840,103263,215440,1600,via4_1600x1600
VDD,met4-met5,STRIPE,via,76990,213840,78590,215440,1600,via4_1600x1600
VDD,met4-met5,STRIPE,via,50681,213840,52281,215440,1600,via4_1600x1600
VDD,met4-met5,STRIPE,via,19259,213840,20859,215440,1600,via4_1600x1600
VDD,met4-met5,STRIPE,via,265388,186640,266988,188240,1600,via4_1600x1600
VDD,met4-met5,STRIPE,via,238346,186640,239946,188240,1600,via4_1600x1600
VDD,met4-met5,STRIPE,via,211779,186640,213379,188240,1600,via4_1600x1600
VDD,met4-met5,STRIPE,via,188556,186640,190156,188240,1600,via4_1600x1600
VDD,met4-met5,STRIPE,via,159548,186640,161148,188240,1600,via4_1600x1600
VDD,met4-met5,STRIPE,via,131649,186640,133249,188240,1600,via4_1600x1600
VDD,met4-met5,STRIPE,via,101663,186640,103263,188240,1600,via4_1600x1600
VDD,met4-met5,STRIPE,via,76990,186640,78590,188240,1600,via4_1600x1600
VDD,met4-met5,STRIPE,via,50681,186640,52281,188240,1600,via4_1600x1600
VDD,met4-met5,STRIPE,via,19259,186640,20859,188240,1600,via4_1600x1600
VDD,met4-met5,STRIPE,via,265388,159440,266988,161040,1600,via4_1600x1600
VDD,met4-met5,STRIPE,via,238346,159440,239946,161040,1600,via4_1600x1600
VDD,met4-met5,STRIPE,via,211779,159440,213379,161040,1600,via4_1600x1600
VDD,met4-met5,STRIPE,via,188556,159440,190156,161040,1600,via4_1600x1600
VDD,met4-met5,STRIPE,via,159548,159440,161148,161040,1600,via4_1600x1600
VDD,met4-met5,STRIPE,via,131649,159440,133249,161040,1600,via4_1600x1600
VDD,met4-met5,STRIPE,via,101663,159440,103263,161040,1600,via4_1600x1600
VDD,met4-met5,STRIPE,via,76990,159440,78590,161040,1600,via4_1600x1600
VDD,met4-met5,STRIPE,via,50681,159440,52281,161040,1600,via4_1600x1600
VDD,met4-met5,STRIPE,via,19259,159440,20859,161040,1600,via4_1600x1600
VDD,met4-met5,STRIPE,via,265388,132240,266988,133840,1600,via4_1600x1600
VDD,met4-met5,STRIPE,via,238346,132240,239946,133840,1600,via4_1600x1600
VDD,met4-met5,STRIPE,via,211779,132240,213379,133840,1600,via4_1600x1600
VDD,met4-met5,STRIPE,via,188556,132240,190156,133840,1600,via4_1600x1600
VDD,met4-met5,STRIPE,via,159548,132240,161148,133840,1600,via4_1600x1600
VDD,met4-met5,STRIPE,via,131649,132240,133249,133840,1600,via4_1600x1600
VDD,met4-met5,STRIPE,via,101663,132240,103263,133840,1600,via4_1600x1600
VDD,met4-met5,STRIPE,via,76990,132240,78590,133840,1600,via4_1600x1600
VDD,met4-met5,STRIPE,via,50681,132240,52281,133840,1600,via4_1600x1600
VDD,met4-met5,STRIPE,via,19259,132240,20859,133840,1600,via4_1600x1600
VDD,met4-met5,STRIPE,via,265388,105040,266988,106640,1600,via4_1600x1600
VDD,met4-met5,STRIPE,via,238346,105040,239946,106640,1600,via4_1600x1600
VDD,met4-met5,STRIPE,via,211779,105040,213379,106640,1600,via4_1600x1600
VDD,met4-met5,STRIPE,via,188556,105040,190156,106640,1600,via4_1600x1600
VDD,met4-met5,STRIPE,via,159548,105040,161148,106640,1600,via4_1600x1600
VDD,met4-met5,STRIPE,via,131649,105040,133249,106640,1600,via4_1600x1600
VDD,met4-met5,STRIPE,via,101663,105040,103263,106640,1600,via4_1600x1600
VDD,met4-met5,STRIPE,via,76990,105040,78590,106640,1600,via4_1600x1600
VDD,met4-met5,STRIPE,via,50681,105040,52281,106640,1600,via4_1600x1600
VDD,met4-met5,STRIPE,via,19259,105040,20859,106640,1600,via4_1600x1600
VDD,met4-met5,STRIPE,via,265388,77840,266988,79440,1600,via4_1600x1600
VDD,met4-met5,STRIPE,via,238346,77840,239946,79440,1600,via4_1600x1600
VDD,met4-met5,STRIPE,via,211779,77840,213379,79440,1600,via4_1600x1600
VDD,met4-met5,STRIPE,via,188556,77840,190156,79440,1600,via4_1600x1600
VDD,met4-met5,STRIPE,via,159548,77840,161148,79440,1600,via4_1600x1600
VDD,met4-met5,STRIPE,via,131649,77840,133249,79440,1600,via4_1600x1600
VDD,met4-met5,STRIPE,via,101663,77840,103263,79440,1600,via4_1600x1600
VDD,met4-met5,STRIPE,via,76990,77840,78590,79440,1600,via4_1600x1600
VDD,met4-met5,STRIPE,via,50681,77840,52281,79440,1600,via4_1600x1600
VDD,met4-met5,STRIPE,via,19259,77840,20859,79440,1600,via4_1600x1600
VDD,met4-met5,STRIPE,via,265388,50640,266988,52240,1600,via4_1600x1600
VDD,met4-met5,STRIPE,via,238346,50640,239946,52240,1600,via4_1600x1600
VDD,met4-met5,STRIPE,via,211779,50640,213379,52240,1600,via4_1600x1600
VDD,met4-met5,STRIPE,via,188556,50640,190156,52240,1600,via4_1600x1600
VDD,met4-met5,STRIPE,via,159548,50640,161148,52240,1600,via4_1600x1600
VDD,met4-met5,STRIPE,via,131649,50640,133249,52240,1600,via4_1600x1600
VDD,met4-met5,STRIPE,via,101663,50640,103263,52240,1600,via4_1600x1600
VDD,met4-met5,STRIPE,via,76990,50640,78590,52240,1600,via4_1600x1600
VDD,met4-met5,STRIPE,via,50681,50640,52281,52240,1600,via4_1600x1600
VDD,met4-met5,STRIPE,via,19259,50640,20859,52240,1600,via4_1600x1600
VDD,met4-met5,STRIPE,via,265388,23440,266988,25040,1600,via4_1600x1600
VDD,met4-met5,STRIPE,via,238346,23440,239946,25040,1600,via4_1600x1600
VDD,met4-met5,STRIPE,via,211779,23440,213379,25040,1600,via4_1600x1600
VDD,met4-met5,STRIPE,via,188556,23440,190156,25040,1600,via4_1600x1600
VDD,met4-met5,STRIPE,via,159548,23440,161148,25040,1600,via4_1600x1600
VDD,met4-met5,STRIPE,via,131649,23440,133249,25040,1600,via4_1600x1600
VDD,met4-met5,STRIPE,via,101663,23440,103263,25040,1600,via4_1600x1600
VDD,met4-met5,STRIPE,via,76990,23440,78590,25040,1600,via4_1600x1600
VDD,met4-met5,STRIPE,via,50681,23440,52281,25040,1600,via4_1600x1600
VDD,met4-met5,STRIPE,via,19259,23440,20859,25040,1600,via4_1600x1600
VDD,met3-met4,STRIPE,via,265388,269040,266988,269520,1600,via3_1600x480
VDD,met2-met3,STRIPE,via,265388,269040,266988,269520,1600,via2_1600x480
VDD,met1-met2,STRIPE,via,265388,269040,266988,269520,1600,via_1600x480
VDD,met3-met4,STRIPE,via,238346,269040,239946,269520,1600,via3_1600x480
VDD,met2-met3,STRIPE,via,238346,269040,239946,269520,1600,via2_1600x480
VDD,met1-met2,STRIPE,via,238346,269040,239946,269520,1600,via_1600x480
VDD,met3-met4,STRIPE,via,211779,269040,213379,269520,1600,via3_1600x480
VDD,met2-met3,STRIPE,via,211779,269040,213379,269520,1600,via2_1600x480
VDD,met1-met2,STRIPE,via,211779,269040,213379,269520,1600,via_1600x480
VDD,met3-met4,STRIPE,via,188556,269040,190156,269520,1600,via3_1600x480
VDD,met2-met3,STRIPE,via,188556,269040,190156,269520,1600,via2_1600x480
VDD,met1-met2,STRIPE,via,188556,269040,190156,269520,1600,via_1600x480
VDD,met3-met4,STRIPE,via,159548,269040,161148,269520,1600,via3_1600x480
VDD,met2-met3,STRIPE,via,159548,269040,161148,269520,1600,via2_1600x480
VDD,met1-met2,STRIPE,via,159548,269040,161148,269520,1600,via_1600x480
VDD,met3-met4,STRIPE,via,131649,269040,133249,269520,1600,via3_1600x480
VDD,met2-met3,STRIPE,via,131649,269040,133249,269520,1600,via2_1600x480
VDD,met1-met2,STRIPE,via,131649,269040,133249,269520,1600,via_1600x480
VDD,met3-met4,STRIPE,via,101663,269040,103263,269520,1600,via3_1600x480
VDD,met2-met3,STRIPE,via,101663,269040,103263,269520,1600,via2_1600x480
VDD,met1-met2,STRIPE,via,101663,269040,103263,269520,1600,via_1600x480
VDD,met3-met4,STRIPE,via,76990,269040,78590,269520,1600,via3_1600x480
VDD,met2-met3,STRIPE,via,76990,269040,78590,269520,1600,via2_1600x480
VDD,met1-met2,STRIPE,via,76990,269040,78590,269520,1600,via_1600x480
VDD,met3-met4,STRIPE,via,50681,269040,52281,269520,1600,via3_1600x480
VDD,met2-met3,STRIPE,via,50681,269040,52281,269520,1600,via2_1600x480
VDD,met1-met2,STRIPE,via,50681,269040,52281,269520,1600,via_1600x480
VDD,met3-met4,STRIPE,via,19259,269040,20859,269520,1600,via3_1600x480
VDD,met2-met3,STRIPE,via,19259,269040,20859,269520,1600,via2_1600x480
VDD,met1-met2,STRIPE,via,19259,269040,20859,269520,1600,via_1600x480
VDD,met3-met4,STRIPE,via,265388,263600,266988,264080,1600,via3_1600x480
VDD,met2-met3,STRIPE,via,265388,263600,266988,264080,1600,via2_1600x480
VDD,met1-met2,STRIPE,via,265388,263600,266988,264080,1600,via_1600x480
VDD,met3-met4,STRIPE,via,238346,263600,239946,264080,1600,via3_1600x480
VDD,met2-met3,STRIPE,via,238346,263600,239946,264080,1600,via2_1600x480
VDD,met1-met2,STRIPE,via,238346,263600,239946,264080,1600,via_1600x480
VDD,met3-met4,STRIPE,via,211779,263600,213379,264080,1600,via3_1600x480
VDD,met2-met3,STRIPE,via,211779,263600,213379,264080,1600,via2_1600x480
VDD,met1-met2,STRIPE,via,211779,263600,213379,264080,1600,via_1600x480
VDD,met3-met4,STRIPE,via,188556,263600,190156,264080,1600,via3_1600x480
VDD,met2-met3,STRIPE,via,188556,263600,190156,264080,1600,via2_1600x480
VDD,met1-met2,STRIPE,via,188556,263600,190156,264080,1600,via_1600x480
VDD,met3-met4,STRIPE,via,159548,263600,161148,264080,1600,via3_1600x480
VDD,met2-met3,STRIPE,via,159548,263600,161148,264080,1600,via2_1600x480
VDD,met1-met2,STRIPE,via,159548,263600,161148,264080,1600,via_1600x480
VDD,met3-met4,STRIPE,via,131649,263600,133249,264080,1600,via3_1600x480
VDD,met2-met3,STRIPE,via,131649,263600,133249,264080,1600,via2_1600x480
VDD,met1-met2,STRIPE,via,131649,263600,133249,264080,1600,via_1600x480
VDD,met3-met4,STRIPE,via,101663,263600,103263,264080,1600,via3_1600x480
VDD,met2-met3,STRIPE,via,101663,263600,103263,264080,1600,via2_1600x480
VDD,met1-met2,STRIPE,via,101663,263600,103263,264080,1600,via_1600x480
VDD,met3-met4,STRIPE,via,76990,263600,78590,264080,1600,via3_1600x480
VDD,met2-met3,STRIPE,via,76990,263600,78590,264080,1600,via2_1600x480
VDD,met1-met2,STRIPE,via,76990,263600,78590,264080,1600,via_1600x480
VDD,met3-met4,STRIPE,via,50681,263600,52281,264080,1600,via3_1600x480
VDD,met2-met3,STRIPE,via,50681,263600,52281,264080,1600,via2_1600x480
VDD,met1-met2,STRIPE,via,50681,263600,52281,264080,1600,via_1600x480
VDD,met3-met4,STRIPE,via,19259,263600,20859,264080,1600,via3_1600x480
VDD,met2-met3,STRIPE,via,19259,263600,20859,264080,1600,via2_1600x480
VDD,met1-met2,STRIPE,via,19259,263600,20859,264080,1600,via_1600x480
VDD,met3-met4,STRIPE,via,265388,258160,266988,258640,1600,via3_1600x480
VDD,met2-met3,STRIPE,via,265388,258160,266988,258640,1600,via2_1600x480
VDD,met1-met2,STRIPE,via,265388,258160,266988,258640,1600,via_1600x480
VDD,met3-met4,STRIPE,via,238346,258160,239946,258640,1600,via3_1600x480
VDD,met2-met3,STRIPE,via,238346,258160,239946,258640,1600,via2_1600x480
VDD,met1-met2,STRIPE,via,238346,258160,239946,258640,1600,via_1600x480
VDD,met3-met4,STRIPE,via,211779,258160,213379,258640,1600,via3_1600x480
VDD,met2-met3,STRIPE,via,211779,258160,213379,258640,1600,via2_1600x480
VDD,met1-met2,STRIPE,via,211779,258160,213379,258640,1600,via_1600x480
VDD,met3-met4,STRIPE,via,188556,258160,190156,258640,1600,via3_1600x480
VDD,met2-met3,STRIPE,via,188556,258160,190156,258640,1600,via2_1600x480
VDD,met1-met2,STRIPE,via,188556,258160,190156,258640,1600,via_1600x480
VDD,met3-met4,STRIPE,via,159548,258160,161148,258640,1600,via3_1600x480
VDD,met2-met3,STRIPE,via,159548,258160,161148,258640,1600,via2_1600x480
VDD,met1-met2,STRIPE,via,159548,258160,161148,258640,1600,via_1600x480
VDD,met3-met4,STRIPE,via,131649,258160,133249,258640,1600,via3_1600x480
VDD,met2-met3,STRIPE,via,131649,258160,133249,258640,1600,via2_1600x480
VDD,met1-met2,STRIPE,via,131649,258160,133249,258640,1600,via_1600x480
VDD,met3-met4,STRIPE,via,101663,258160,103263,258640,1600,via3_1600x480
VDD,met2-met3,STRIPE,via,101663,258160,103263,258640,1600,via2_1600x480
VDD,met1-met2,STRIPE,via,101663,258160,103263,258640,1600,via_1600x480
VDD,met3-met4,STRIPE,via,76990,258160,78590,258640,1600,via3_1600x480
VDD,met2-met3,STRIPE,via,76990,258160,78590,258640,1600,via2_1600x480
VDD,met1-met2,STRIPE,via,76990,258160,78590,258640,1600,via_1600x480
VDD,met3-met4,STRIPE,via,50681,258160,52281,258640,1600,via3_1600x480
VDD,met2-met3,STRIPE,via,50681,258160,52281,258640,1600,via2_1600x480
VDD,met1-met2,STRIPE,via,50681,258160,52281,258640,1600,via_1600x480
VDD,met3-met4,STRIPE,via,19259,258160,20859,258640,1600,via3_1600x480
VDD,met2-met3,STRIPE,via,19259,258160,20859,258640,1600,via2_1600x480
VDD,met1-met2,STRIPE,via,19259,258160,20859,258640,1600,via_1600x480
VDD,met3-met4,STRIPE,via,265388,252720,266988,253200,1600,via3_1600x480
VDD,met2-met3,STRIPE,via,265388,252720,266988,253200,1600,via2_1600x480
VDD,met1-met2,STRIPE,via,265388,252720,266988,253200,1600,via_1600x480
VDD,met3-met4,STRIPE,via,238346,252720,239946,253200,1600,via3_1600x480
VDD,met2-met3,STRIPE,via,238346,252720,239946,253200,1600,via2_1600x480
VDD,met1-met2,STRIPE,via,238346,252720,239946,253200,1600,via_1600x480
VDD,met3-met4,STRIPE,via,211779,252720,213379,253200,1600,via3_1600x480
VDD,met2-met3,STRIPE,via,211779,252720,213379,253200,1600,via2_1600x480
VDD,met1-met2,STRIPE,via,211779,252720,213379,253200,1600,via_1600x480
VDD,met3-met4,STRIPE,via,188556,252720,190156,253200,1600,via3_1600x480
VDD,met2-met3,STRIPE,via,188556,252720,190156,253200,1600,via2_1600x480
VDD,met1-met2,STRIPE,via,188556,252720,190156,253200,1600,via_1600x480
VDD,met3-met4,STRIPE,via,159548,252720,161148,253200,1600,via3_1600x480
VDD,met2-met3,STRIPE,via,159548,252720,161148,253200,1600,via2_1600x480
VDD,met1-met2,STRIPE,via,159548,252720,161148,253200,1600,via_1600x480
VDD,met3-met4,STRIPE,via,131649,252720,133249,253200,1600,via3_1600x480
VDD,met2-met3,STRIPE,via,131649,252720,133249,253200,1600,via2_1600x480
VDD,met1-met2,STRIPE,via,131649,252720,133249,253200,1600,via_1600x480
VDD,met3-met4,STRIPE,via,101663,252720,103263,253200,1600,via3_1600x480
VDD,met2-met3,STRIPE,via,101663,252720,103263,253200,1600,via2_1600x480
VDD,met1-met2,STRIPE,via,101663,252720,103263,253200,1600,via_1600x480
VDD,met3-met4,STRIPE,via,76990,252720,78590,253200,1600,via3_1600x480
VDD,met2-met3,STRIPE,via,76990,252720,78590,253200,1600,via2_1600x480
VDD,met1-met2,STRIPE,via,76990,252720,78590,253200,1600,via_1600x480
VDD,met3-met4,STRIPE,via,50681,252720,52281,253200,1600,via3_1600x480
VDD,met2-met3,STRIPE,via,50681,252720,52281,253200,1600,via2_1600x480
VDD,met1-met2,STRIPE,via,50681,252720,52281,253200,1600,via_1600x480
VDD,met3-met4,STRIPE,via,19259,252720,20859,253200,1600,via3_1600x480
VDD,met2-met3,STRIPE,via,19259,252720,20859,253200,1600,via2_1600x480
VDD,met1-met2,STRIPE,via,19259,252720,20859,253200,1600,via_1600x480
VDD,met3-met4,STRIPE,via,265388,247280,266988,247760,1600,via3_1600x480
VDD,met2-met3,STRIPE,via,265388,247280,266988,247760,1600,via2_1600x480
VDD,met1-met2,STRIPE,via,265388,247280,266988,247760,1600,via_1600x480
VDD,met3-met4,STRIPE,via,238346,247280,239946,247760,1600,via3_1600x480
VDD,met2-met3,STRIPE,via,238346,247280,239946,247760,1600,via2_1600x480
VDD,met1-met2,STRIPE,via,238346,247280,239946,247760,1600,via_1600x480
VDD,met3-met4,STRIPE,via,211779,247280,213379,247760,1600,via3_1600x480
VDD,met2-met3,STRIPE,via,211779,247280,213379,247760,1600,via2_1600x480
VDD,met1-met2,STRIPE,via,211779,247280,213379,247760,1600,via_1600x480
VDD,met3-met4,STRIPE,via,188556,247280,190156,247760,1600,via3_1600x480
VDD,met2-met3,STRIPE,via,188556,247280,190156,247760,1600,via2_1600x480
VDD,met1-met2,STRIPE,via,188556,247280,190156,247760,1600,via_1600x480
VDD,met3-met4,STRIPE,via,159548,247280,161148,247760,1600,via3_1600x480
VDD,met2-met3,STRIPE,via,159548,247280,161148,247760,1600,via2_1600x480
VDD,met1-met2,STRIPE,via,159548,247280,161148,247760,1600,via_1600x480
VDD,met3-met4,STRIPE,via,131649,247280,133249,247760,1600,via3_1600x480
VDD,met2-met3,STRIPE,via,131649,247280,133249,247760,1600,via2_1600x480
VDD,met1-met2,STRIPE,via,131649,247280,133249,247760,1600,via_1600x480
VDD,met3-met4,STRIPE,via,101663,247280,103263,247760,1600,via3_1600x480
VDD,met2-met3,STRIPE,via,101663,247280,103263,247760,1600,via2_1600x480
VDD,met1-met2,STRIPE,via,101663,247280,103263,247760,1600,via_1600x480
VDD,met3-met4,STRIPE,via,76990,247280,78590,247760,1600,via3_1600x480
VDD,met2-met3,STRIPE,via,76990,247280,78590,247760,1600,via2_1600x480
VDD,met1-met2,STRIPE,via,76990,247280,78590,247760,1600,via_1600x480
VDD,met3-met4,STRIPE,via,50681,247280,52281,247760,1600,via3_1600x480
VDD,met2-met3,STRIPE,via,50681,247280,52281,247760,1600,via2_1600x480
VDD,met1-met2,STRIPE,via,50681,247280,52281,247760,1600,via_1600x480
VDD,met3-met4,STRIPE,via,19259,247280,20859,247760,1600,via3_1600x480
VDD,met2-met3,STRIPE,via,19259,247280,20859,247760,1600,via2_1600x480
VDD,met1-met2,STRIPE,via,19259,247280,20859,247760,1600,via_1600x480
VDD,met3-met4,STRIPE,via,265388,241840,266988,242320,1600,via3_1600x480
VDD,met2-met3,STRIPE,via,265388,241840,266988,242320,1600,via2_1600x480
VDD,met1-met2,STRIPE,via,265388,241840,266988,242320,1600,via_1600x480
VDD,met3-met4,STRIPE,via,238346,241840,239946,242320,1600,via3_1600x480
VDD,met2-met3,STRIPE,via,238346,241840,239946,242320,1600,via2_1600x480
VDD,met1-met2,STRIPE,via,238346,241840,239946,242320,1600,via_1600x480
VDD,met3-met4,STRIPE,via,211779,241840,213379,242320,1600,via3_1600x480
VDD,met2-met3,STRIPE,via,211779,241840,213379,242320,1600,via2_1600x480
VDD,met1-met2,STRIPE,via,211779,241840,213379,242320,1600,via_1600x480
VDD,met3-met4,STRIPE,via,188556,241840,190156,242320,1600,via3_1600x480
VDD,met2-met3,STRIPE,via,188556,241840,190156,242320,1600,via2_1600x480
VDD,met1-met2,STRIPE,via,188556,241840,190156,242320,1600,via_1600x480
VDD,met3-met4,STRIPE,via,159548,241840,161148,242320,1600,via3_1600x480
VDD,met2-met3,STRIPE,via,159548,241840,161148,242320,1600,via2_1600x480
VDD,met1-met2,STRIPE,via,159548,241840,161148,242320,1600,via_1600x480
VDD,met3-met4,STRIPE,via,131649,241840,133249,242320,1600,via3_1600x480
VDD,met2-met3,STRIPE,via,131649,241840,133249,242320,1600,via2_1600x480
VDD,met1-met2,STRIPE,via,131649,241840,133249,242320,1600,via_1600x480
VDD,met3-met4,STRIPE,via,101663,241840,103263,242320,1600,via3_1600x480
VDD,met2-met3,STRIPE,via,101663,241840,103263,242320,1600,via2_1600x480
VDD,met1-met2,STRIPE,via,101663,241840,103263,242320,1600,via_1600x480
VDD,met3-met4,STRIPE,via,76990,241840,78590,242320,1600,via3_1600x480
VDD,met2-met3,STRIPE,via,76990,241840,78590,242320,1600,via2_1600x480
VDD,met1-met2,STRIPE,via,76990,241840,78590,242320,1600,via_1600x480
VDD,met3-met4,STRIPE,via,50681,241840,52281,242320,1600,via3_1600x480
VDD,met2-met3,STRIPE,via,50681,241840,52281,242320,1600,via2_1600x480
VDD,met1-met2,STRIPE,via,50681,241840,52281,242320,1600,via_1600x480
VDD,met3-met4,STRIPE,via,19259,241840,20859,242320,1600,via3_1600x480
VDD,met2-met3,STRIPE,via,19259,241840,20859,242320,1600,via2_1600x480
VDD,met1-met2,STRIPE,via,19259,241840,20859,242320,1600,via_1600x480
VDD,met3-met4,STRIPE,via,265388,236400,266988,236880,1600,via3_1600x480
VDD,met2-met3,STRIPE,via,265388,236400,266988,236880,1600,via2_1600x480
VDD,met1-met2,STRIPE,via,265388,236400,266988,236880,1600,via_1600x480
VDD,met3-met4,STRIPE,via,238346,236400,239946,236880,1600,via3_1600x480
VDD,met2-met3,STRIPE,via,238346,236400,239946,236880,1600,via2_1600x480
VDD,met1-met2,STRIPE,via,238346,236400,239946,236880,1600,via_1600x480
VDD,met3-met4,STRIPE,via,211779,236400,213379,236880,1600,via3_1600x480
VDD,met2-met3,STRIPE,via,211779,236400,213379,236880,1600,via2_1600x480
VDD,met1-met2,STRIPE,via,211779,236400,213379,236880,1600,via_1600x480
VDD,met3-met4,STRIPE,via,188556,236400,190156,236880,1600,via3_1600x480
VDD,met2-met3,STRIPE,via,188556,236400,190156,236880,1600,via2_1600x480
VDD,met1-met2,STRIPE,via,188556,236400,190156,236880,1600,via_1600x480
VDD,met3-met4,STRIPE,via,159548,236400,161148,236880,1600,via3_1600x480
VDD,met2-met3,STRIPE,via,159548,236400,161148,236880,1600,via2_1600x480
VDD,met1-met2,STRIPE,via,159548,236400,161148,236880,1600,via_1600x480
VDD,met3-met4,STRIPE,via,131649,236400,133249,236880,1600,via3_1600x480
VDD,met2-met3,STRIPE,via,131649,236400,133249,236880,1600,via2_1600x480
VDD,met1-met2,STRIPE,via,131649,236400,133249,236880,1600,via_1600x480
VDD,met3-met4,STRIPE,via,101663,236400,103263,236880,1600,via3_1600x480
VDD,met2-met3,STRIPE,via,101663,236400,103263,236880,1600,via2_1600x480
VDD,met1-met2,STRIPE,via,101663,236400,103263,236880,1600,via_1600x480
VDD,met3-met4,STRIPE,via,76990,236400,78590,236880,1600,via3_1600x480
VDD,met2-met3,STRIPE,via,76990,236400,78590,236880,1600,via2_1600x480
VDD,met1-met2,STRIPE,via,76990,236400,78590,236880,1600,via_1600x480
VDD,met3-met4,STRIPE,via,50681,236400,52281,236880,1600,via3_1600x480
VDD,met2-met3,STRIPE,via,50681,236400,52281,236880,1600,via2_1600x480
VDD,met1-met2,STRIPE,via,50681,236400,52281,236880,1600,via_1600x480
VDD,met3-met4,STRIPE,via,19259,236400,20859,236880,1600,via3_1600x480
VDD,met2-met3,STRIPE,via,19259,236400,20859,236880,1600,via2_1600x480
VDD,met1-met2,STRIPE,via,19259,236400,20859,236880,1600,via_1600x480
VDD,met3-met4,STRIPE,via,265388,230960,266988,231440,1600,via3_1600x480
VDD,met2-met3,STRIPE,via,265388,230960,266988,231440,1600,via2_1600x480
VDD,met1-met2,STRIPE,via,265388,230960,266988,231440,1600,via_1600x480
VDD,met3-met4,STRIPE,via,238346,230960,239946,231440,1600,via3_1600x480
VDD,met2-met3,STRIPE,via,238346,230960,239946,231440,1600,via2_1600x480
VDD,met1-met2,STRIPE,via,238346,230960,239946,231440,1600,via_1600x480
VDD,met3-met4,STRIPE,via,211779,230960,213379,231440,1600,via3_1600x480
VDD,met2-met3,STRIPE,via,211779,230960,213379,231440,1600,via2_1600x480
VDD,met1-met2,STRIPE,via,211779,230960,213379,231440,1600,via_1600x480
VDD,met3-met4,STRIPE,via,188556,230960,190156,231440,1600,via3_1600x480
VDD,met2-met3,STRIPE,via,188556,230960,190156,231440,1600,via2_1600x480
VDD,met1-met2,STRIPE,via,188556,230960,190156,231440,1600,via_1600x480
VDD,met3-met4,STRIPE,via,159548,230960,161148,231440,1600,via3_1600x480
VDD,met2-met3,STRIPE,via,159548,230960,161148,231440,1600,via2_1600x480
VDD,met1-met2,STRIPE,via,159548,230960,161148,231440,1600,via_1600x480
VDD,met3-met4,STRIPE,via,131649,230960,133249,231440,1600,via3_1600x480
VDD,met2-met3,STRIPE,via,131649,230960,133249,231440,1600,via2_1600x480
VDD,met1-met2,STRIPE,via,131649,230960,133249,231440,1600,via_1600x480
VDD,met3-met4,STRIPE,via,101663,230960,103263,231440,1600,via3_1600x480
VDD,met2-met3,STRIPE,via,101663,230960,103263,231440,1600,via2_1600x480
VDD,met1-met2,STRIPE,via,101663,230960,103263,231440,1600,via_1600x480
VDD,met3-met4,STRIPE,via,76990,230960,78590,231440,1600,via3_1600x480
VDD,met2-met3,STRIPE,via,76990,230960,78590,231440,1600,via2_1600x480
VDD,met1-met2,STRIPE,via,76990,230960,78590,231440,1600,via_1600x480
VDD,met3-met4,STRIPE,via,50681,230960,52281,231440,1600,via3_1600x480
VDD,met2-met3,STRIPE,via,50681,230960,52281,231440,1600,via2_1600x480
VDD,met1-met2,STRIPE,via,50681,230960,52281,231440,1600,via_1600x480
VDD,met3-met4,STRIPE,via,19259,230960,20859,231440,1600,via3_1600x480
VDD,met2-met3,STRIPE,via,19259,230960,20859,231440,1600,via2_1600x480
VDD,met1-met2,STRIPE,via,19259,230960,20859,231440,1600,via_1600x480
VDD,met3-met4,STRIPE,via,265388,225520,266988,226000,1600,via3_1600x480
VDD,met2-met3,STRIPE,via,265388,225520,266988,226000,1600,via2_1600x480
VDD,met1-met2,STRIPE,via,265388,225520,266988,226000,1600,via_1600x480
VDD,met3-met4,STRIPE,via,238346,225520,239946,226000,1600,via3_1600x480
VDD,met2-met3,STRIPE,via,238346,225520,239946,226000,1600,via2_1600x480
VDD,met1-met2,STRIPE,via,238346,225520,239946,226000,1600,via_1600x480
VDD,met3-met4,STRIPE,via,211779,225520,213379,226000,1600,via3_1600x480
VDD,met2-met3,STRIPE,via,211779,225520,213379,226000,1600,via2_1600x480
VDD,met1-met2,STRIPE,via,211779,225520,213379,226000,1600,via_1600x480
VDD,met3-met4,STRIPE,via,188556,225520,190156,226000,1600,via3_1600x480
VDD,met2-met3,STRIPE,via,188556,225520,190156,226000,1600,via2_1600x480
VDD,met1-met2,STRIPE,via,188556,225520,190156,226000,1600,via_1600x480
VDD,met3-met4,STRIPE,via,159548,225520,161148,226000,1600,via3_1600x480
VDD,met2-met3,STRIPE,via,159548,225520,161148,226000,1600,via2_1600x480
VDD,met1-met2,STRIPE,via,159548,225520,161148,226000,1600,via_1600x480
VDD,met3-met4,STRIPE,via,131649,225520,133249,226000,1600,via3_1600x480
VDD,met2-met3,STRIPE,via,131649,225520,133249,226000,1600,via2_1600x480
VDD,met1-met2,STRIPE,via,131649,225520,133249,226000,1600,via_1600x480
VDD,met3-met4,STRIPE,via,101663,225520,103263,226000,1600,via3_1600x480
VDD,met2-met3,STRIPE,via,101663,225520,103263,226000,1600,via2_1600x480
VDD,met1-met2,STRIPE,via,101663,225520,103263,226000,1600,via_1600x480
VDD,met3-met4,STRIPE,via,76990,225520,78590,226000,1600,via3_1600x480
VDD,met2-met3,STRIPE,via,76990,225520,78590,226000,1600,via2_1600x480
VDD,met1-met2,STRIPE,via,76990,225520,78590,226000,1600,via_1600x480
VDD,met3-met4,STRIPE,via,50681,225520,52281,226000,1600,via3_1600x480
VDD,met2-met3,STRIPE,via,50681,225520,52281,226000,1600,via2_1600x480
VDD,met1-met2,STRIPE,via,50681,225520,52281,226000,1600,via_1600x480
VDD,met3-met4,STRIPE,via,19259,225520,20859,226000,1600,via3_1600x480
VDD,met2-met3,STRIPE,via,19259,225520,20859,226000,1600,via2_1600x480
VDD,met1-met2,STRIPE,via,19259,225520,20859,226000,1600,via_1600x480
VDD,met3-met4,STRIPE,via,265388,220080,266988,220560,1600,via3_1600x480
VDD,met2-met3,STRIPE,via,265388,220080,266988,220560,1600,via2_1600x480
VDD,met1-met2,STRIPE,via,265388,220080,266988,220560,1600,via_1600x480
VDD,met3-met4,STRIPE,via,238346,220080,239946,220560,1600,via3_1600x480
VDD,met2-met3,STRIPE,via,238346,220080,239946,220560,1600,via2_1600x480
VDD,met1-met2,STRIPE,via,238346,220080,239946,220560,1600,via_1600x480
VDD,met3-met4,STRIPE,via,211779,220080,213379,220560,1600,via3_1600x480
VDD,met2-met3,STRIPE,via,211779,220080,213379,220560,1600,via2_1600x480
VDD,met1-met2,STRIPE,via,211779,220080,213379,220560,1600,via_1600x480
VDD,met3-met4,STRIPE,via,188556,220080,190156,220560,1600,via3_1600x480
VDD,met2-met3,STRIPE,via,188556,220080,190156,220560,1600,via2_1600x480
VDD,met1-met2,STRIPE,via,188556,220080,190156,220560,1600,via_1600x480
VDD,met3-met4,STRIPE,via,159548,220080,161148,220560,1600,via3_1600x480
VDD,met2-met3,STRIPE,via,159548,220080,161148,220560,1600,via2_1600x480
VDD,met1-met2,STRIPE,via,159548,220080,161148,220560,1600,via_1600x480
VDD,met3-met4,STRIPE,via,131649,220080,133249,220560,1600,via3_1600x480
VDD,met2-met3,STRIPE,via,131649,220080,133249,220560,1600,via2_1600x480
VDD,met1-met2,STRIPE,via,131649,220080,133249,220560,1600,via_1600x480
VDD,met3-met4,STRIPE,via,101663,220080,103263,220560,1600,via3_1600x480
VDD,met2-met3,STRIPE,via,101663,220080,103263,220560,1600,via2_1600x480
VDD,met1-met2,STRIPE,via,101663,220080,103263,220560,1600,via_1600x480
VDD,met3-met4,STRIPE,via,76990,220080,78590,220560,1600,via3_1600x480
VDD,met2-met3,STRIPE,via,76990,220080,78590,220560,1600,via2_1600x480
VDD,met1-met2,STRIPE,via,76990,220080,78590,220560,1600,via_1600x480
VDD,met3-met4,STRIPE,via,50681,220080,52281,220560,1600,via3_1600x480
VDD,met2-met3,STRIPE,via,50681,220080,52281,220560,1600,via2_1600x480
VDD,met1-met2,STRIPE,via,50681,220080,52281,220560,1600,via_1600x480
VDD,met3-met4,STRIPE,via,19259,220080,20859,220560,1600,via3_1600x480
VDD,met2-met3,STRIPE,via,19259,220080,20859,220560,1600,via2_1600x480
VDD,met1-met2,STRIPE,via,19259,220080,20859,220560,1600,via_1600x480
VDD,met3-met4,STRIPE,via,265388,214640,266988,215120,1600,via3_1600x480
VDD,met2-met3,STRIPE,via,265388,214640,266988,215120,1600,via2_1600x480
VDD,met1-met2,STRIPE,via,265388,214640,266988,215120,1600,via_1600x480
VDD,met3-met4,STRIPE,via,238346,214640,239946,215120,1600,via3_1600x480
VDD,met2-met3,STRIPE,via,238346,214640,239946,215120,1600,via2_1600x480
VDD,met1-met2,STRIPE,via,238346,214640,239946,215120,1600,via_1600x480
VDD,met3-met4,STRIPE,via,211779,214640,213379,215120,1600,via3_1600x480
VDD,met2-met3,STRIPE,via,211779,214640,213379,215120,1600,via2_1600x480
VDD,met1-met2,STRIPE,via,211779,214640,213379,215120,1600,via_1600x480
VDD,met3-met4,STRIPE,via,188556,214640,190156,215120,1600,via3_1600x480
VDD,met2-met3,STRIPE,via,188556,214640,190156,215120,1600,via2_1600x480
VDD,met1-met2,STRIPE,via,188556,214640,190156,215120,1600,via_1600x480
VDD,met3-met4,STRIPE,via,159548,214640,161148,215120,1600,via3_1600x480
VDD,met2-met3,STRIPE,via,159548,214640,161148,215120,1600,via2_1600x480
VDD,met1-met2,STRIPE,via,159548,214640,161148,215120,1600,via_1600x480
VDD,met3-met4,STRIPE,via,131649,214640,133249,215120,1600,via3_1600x480
VDD,met2-met3,STRIPE,via,131649,214640,133249,215120,1600,via2_1600x480
VDD,met1-met2,STRIPE,via,131649,214640,133249,215120,1600,via_1600x480
VDD,met3-met4,STRIPE,via,101663,214640,103263,215120,1600,via3_1600x480
VDD,met2-met3,STRIPE,via,101663,214640,103263,215120,1600,via2_1600x480
VDD,met1-met2,STRIPE,via,101663,214640,103263,215120,1600,via_1600x480
VDD,met3-met4,STRIPE,via,76990,214640,78590,215120,1600,via3_1600x480
VDD,met2-met3,STRIPE,via,76990,214640,78590,215120,1600,via2_1600x480
VDD,met1-met2,STRIPE,via,76990,214640,78590,215120,1600,via_1600x480
VDD,met3-met4,STRIPE,via,50681,214640,52281,215120,1600,via3_1600x480
VDD,met2-met3,STRIPE,via,50681,214640,52281,215120,1600,via2_1600x480
VDD,met1-met2,STRIPE,via,50681,214640,52281,215120,1600,via_1600x480
VDD,met3-met4,STRIPE,via,19259,214640,20859,215120,1600,via3_1600x480
VDD,met2-met3,STRIPE,via,19259,214640,20859,215120,1600,via2_1600x480
VDD,met1-met2,STRIPE,via,19259,214640,20859,215120,1600,via_1600x480
VDD,met3-met4,STRIPE,via,265388,209200,266988,209680,1600,via3_1600x480
VDD,met2-met3,STRIPE,via,265388,209200,266988,209680,1600,via2_1600x480
VDD,met1-met2,STRIPE,via,265388,209200,266988,209680,1600,via_1600x480
VDD,met3-met4,STRIPE,via,238346,209200,239946,209680,1600,via3_1600x480
VDD,met2-met3,STRIPE,via,238346,209200,239946,209680,1600,via2_1600x480
VDD,met1-met2,STRIPE,via,238346,209200,239946,209680,1600,via_1600x480
VDD,met3-met4,STRIPE,via,211779,209200,213379,209680,1600,via3_1600x480
VDD,met2-met3,STRIPE,via,211779,209200,213379,209680,1600,via2_1600x480
VDD,met1-met2,STRIPE,via,211779,209200,213379,209680,1600,via_1600x480
VDD,met3-met4,STRIPE,via,188556,209200,190156,209680,1600,via3_1600x480
VDD,met2-met3,STRIPE,via,188556,209200,190156,209680,1600,via2_1600x480
VDD,met1-met2,STRIPE,via,188556,209200,190156,209680,1600,via_1600x480
VDD,met3-met4,STRIPE,via,159548,209200,161148,209680,1600,via3_1600x480
VDD,met2-met3,STRIPE,via,159548,209200,161148,209680,1600,via2_1600x480
VDD,met1-met2,STRIPE,via,159548,209200,161148,209680,1600,via_1600x480
VDD,met3-met4,STRIPE,via,131649,209200,133249,209680,1600,via3_1600x480
VDD,met2-met3,STRIPE,via,131649,209200,133249,209680,1600,via2_1600x480
VDD,met1-met2,STRIPE,via,131649,209200,133249,209680,1600,via_1600x480
VDD,met3-met4,STRIPE,via,101663,209200,103263,209680,1600,via3_1600x480
VDD,met2-met3,STRIPE,via,101663,209200,103263,209680,1600,via2_1600x480
VDD,met1-met2,STRIPE,via,101663,209200,103263,209680,1600,via_1600x480
VDD,met3-met4,STRIPE,via,76990,209200,78590,209680,1600,via3_1600x480
VDD,met2-met3,STRIPE,via,76990,209200,78590,209680,1600,via2_1600x480
VDD,met1-met2,STRIPE,via,76990,209200,78590,209680,1600,via_1600x480
VDD,met3-met4,STRIPE,via,50681,209200,52281,209680,1600,via3_1600x480
VDD,met2-met3,STRIPE,via,50681,209200,52281,209680,1600,via2_1600x480
VDD,met1-met2,STRIPE,via,50681,209200,52281,209680,1600,via_1600x480
VDD,met3-met4,STRIPE,via,19259,209200,20859,209680,1600,via3_1600x480
VDD,met2-met3,STRIPE,via,19259,209200,20859,209680,1600,via2_1600x480
VDD,met1-met2,STRIPE,via,19259,209200,20859,209680,1600,via_1600x480
VDD,met3-met4,STRIPE,via,265388,203760,266988,204240,1600,via3_1600x480
VDD,met2-met3,STRIPE,via,265388,203760,266988,204240,1600,via2_1600x480
VDD,met1-met2,STRIPE,via,265388,203760,266988,204240,1600,via_1600x480
VDD,met3-met4,STRIPE,via,238346,203760,239946,204240,1600,via3_1600x480
VDD,met2-met3,STRIPE,via,238346,203760,239946,204240,1600,via2_1600x480
VDD,met1-met2,STRIPE,via,238346,203760,239946,204240,1600,via_1600x480
VDD,met3-met4,STRIPE,via,211779,203760,213379,204240,1600,via3_1600x480
VDD,met2-met3,STRIPE,via,211779,203760,213379,204240,1600,via2_1600x480
VDD,met1-met2,STRIPE,via,211779,203760,213379,204240,1600,via_1600x480
VDD,met3-met4,STRIPE,via,188556,203760,190156,204240,1600,via3_1600x480
VDD,met2-met3,STRIPE,via,188556,203760,190156,204240,1600,via2_1600x480
VDD,met1-met2,STRIPE,via,188556,203760,190156,204240,1600,via_1600x480
VDD,met3-met4,STRIPE,via,159548,203760,161148,204240,1600,via3_1600x480
VDD,met2-met3,STRIPE,via,159548,203760,161148,204240,1600,via2_1600x480
VDD,met1-met2,STRIPE,via,159548,203760,161148,204240,1600,via_1600x480
VDD,met3-met4,STRIPE,via,131649,203760,133249,204240,1600,via3_1600x480
VDD,met2-met3,STRIPE,via,131649,203760,133249,204240,1600,via2_1600x480
VDD,met1-met2,STRIPE,via,131649,203760,133249,204240,1600,via_1600x480
VDD,met3-met4,STRIPE,via,101663,203760,103263,204240,1600,via3_1600x480
VDD,met2-met3,STRIPE,via,101663,203760,103263,204240,1600,via2_1600x480
VDD,met1-met2,STRIPE,via,101663,203760,103263,204240,1600,via_1600x480
VDD,met3-met4,STRIPE,via,76990,203760,78590,204240,1600,via3_1600x480
VDD,met2-met3,STRIPE,via,76990,203760,78590,204240,1600,via2_1600x480
VDD,met1-met2,STRIPE,via,76990,203760,78590,204240,1600,via_1600x480
VDD,met3-met4,STRIPE,via,50681,203760,52281,204240,1600,via3_1600x480
VDD,met2-met3,STRIPE,via,50681,203760,52281,204240,1600,via2_1600x480
VDD,met1-met2,STRIPE,via,50681,203760,52281,204240,1600,via_1600x480
VDD,met3-met4,STRIPE,via,19259,203760,20859,204240,1600,via3_1600x480
VDD,met2-met3,STRIPE,via,19259,203760,20859,204240,1600,via2_1600x480
VDD,met1-met2,STRIPE,via,19259,203760,20859,204240,1600,via_1600x480
VDD,met3-met4,STRIPE,via,265388,198320,266988,198800,1600,via3_1600x480
VDD,met2-met3,STRIPE,via,265388,198320,266988,198800,1600,via2_1600x480
VDD,met1-met2,STRIPE,via,265388,198320,266988,198800,1600,via_1600x480
VDD,met3-met4,STRIPE,via,238346,198320,239946,198800,1600,via3_1600x480
VDD,met2-met3,STRIPE,via,238346,198320,239946,198800,1600,via2_1600x480
VDD,met1-met2,STRIPE,via,238346,198320,239946,198800,1600,via_1600x480
VDD,met3-met4,STRIPE,via,211779,198320,213379,198800,1600,via3_1600x480
VDD,met2-met3,STRIPE,via,211779,198320,213379,198800,1600,via2_1600x480
VDD,met1-met2,STRIPE,via,211779,198320,213379,198800,1600,via_1600x480
VDD,met3-met4,STRIPE,via,188556,198320,190156,198800,1600,via3_1600x480
VDD,met2-met3,STRIPE,via,188556,198320,190156,198800,1600,via2_1600x480
VDD,met1-met2,STRIPE,via,188556,198320,190156,198800,1600,via_1600x480
VDD,met3-met4,STRIPE,via,159548,198320,161148,198800,1600,via3_1600x480
VDD,met2-met3,STRIPE,via,159548,198320,161148,198800,1600,via2_1600x480
VDD,met1-met2,STRIPE,via,159548,198320,161148,198800,1600,via_1600x480
VDD,met3-met4,STRIPE,via,131649,198320,133249,198800,1600,via3_1600x480
VDD,met2-met3,STRIPE,via,131649,198320,133249,198800,1600,via2_1600x480
VDD,met1-met2,STRIPE,via,131649,198320,133249,198800,1600,via_1600x480
VDD,met3-met4,STRIPE,via,101663,198320,103263,198800,1600,via3_1600x480
VDD,met2-met3,STRIPE,via,101663,198320,103263,198800,1600,via2_1600x480
VDD,met1-met2,STRIPE,via,101663,198320,103263,198800,1600,via_1600x480
VDD,met3-met4,STRIPE,via,76990,198320,78590,198800,1600,via3_1600x480
VDD,met2-met3,STRIPE,via,76990,198320,78590,198800,1600,via2_1600x480
VDD,met1-met2,STRIPE,via,76990,198320,78590,198800,1600,via_1600x480
VDD,met3-met4,STRIPE,via,50681,198320,52281,198800,1600,via3_1600x480
VDD,met2-met3,STRIPE,via,50681,198320,52281,198800,1600,via2_1600x480
VDD,met1-met2,STRIPE,via,50681,198320,52281,198800,1600,via_1600x480
VDD,met3-met4,STRIPE,via,19259,198320,20859,198800,1600,via3_1600x480
VDD,met2-met3,STRIPE,via,19259,198320,20859,198800,1600,via2_1600x480
VDD,met1-met2,STRIPE,via,19259,198320,20859,198800,1600,via_1600x480
VDD,met3-met4,STRIPE,via,265388,192880,266988,193360,1600,via3_1600x480
VDD,met2-met3,STRIPE,via,265388,192880,266988,193360,1600,via2_1600x480
VDD,met1-met2,STRIPE,via,265388,192880,266988,193360,1600,via_1600x480
VDD,met3-met4,STRIPE,via,238346,192880,239946,193360,1600,via3_1600x480
VDD,met2-met3,STRIPE,via,238346,192880,239946,193360,1600,via2_1600x480
VDD,met1-met2,STRIPE,via,238346,192880,239946,193360,1600,via_1600x480
VDD,met3-met4,STRIPE,via,211779,192880,213379,193360,1600,via3_1600x480
VDD,met2-met3,STRIPE,via,211779,192880,213379,193360,1600,via2_1600x480
VDD,met1-met2,STRIPE,via,211779,192880,213379,193360,1600,via_1600x480
VDD,met3-met4,STRIPE,via,188556,192880,190156,193360,1600,via3_1600x480
VDD,met2-met3,STRIPE,via,188556,192880,190156,193360,1600,via2_1600x480
VDD,met1-met2,STRIPE,via,188556,192880,190156,193360,1600,via_1600x480
VDD,met3-met4,STRIPE,via,159548,192880,161148,193360,1600,via3_1600x480
VDD,met2-met3,STRIPE,via,159548,192880,161148,193360,1600,via2_1600x480
VDD,met1-met2,STRIPE,via,159548,192880,161148,193360,1600,via_1600x480
VDD,met3-met4,STRIPE,via,131649,192880,133249,193360,1600,via3_1600x480
VDD,met2-met3,STRIPE,via,131649,192880,133249,193360,1600,via2_1600x480
VDD,met1-met2,STRIPE,via,131649,192880,133249,193360,1600,via_1600x480
VDD,met3-met4,STRIPE,via,101663,192880,103263,193360,1600,via3_1600x480
VDD,met2-met3,STRIPE,via,101663,192880,103263,193360,1600,via2_1600x480
VDD,met1-met2,STRIPE,via,101663,192880,103263,193360,1600,via_1600x480
VDD,met3-met4,STRIPE,via,76990,192880,78590,193360,1600,via3_1600x480
VDD,met2-met3,STRIPE,via,76990,192880,78590,193360,1600,via2_1600x480
VDD,met1-met2,STRIPE,via,76990,192880,78590,193360,1600,via_1600x480
VDD,met3-met4,STRIPE,via,50681,192880,52281,193360,1600,via3_1600x480
VDD,met2-met3,STRIPE,via,50681,192880,52281,193360,1600,via2_1600x480
VDD,met1-met2,STRIPE,via,50681,192880,52281,193360,1600,via_1600x480
VDD,met3-met4,STRIPE,via,19259,192880,20859,193360,1600,via3_1600x480
VDD,met2-met3,STRIPE,via,19259,192880,20859,193360,1600,via2_1600x480
VDD,met1-met2,STRIPE,via,19259,192880,20859,193360,1600,via_1600x480
VDD,met3-met4,STRIPE,via,265388,187440,266988,187920,1600,via3_1600x480
VDD,met2-met3,STRIPE,via,265388,187440,266988,187920,1600,via2_1600x480
VDD,met1-met2,STRIPE,via,265388,187440,266988,187920,1600,via_1600x480
VDD,met3-met4,STRIPE,via,238346,187440,239946,187920,1600,via3_1600x480
VDD,met2-met3,STRIPE,via,238346,187440,239946,187920,1600,via2_1600x480
VDD,met1-met2,STRIPE,via,238346,187440,239946,187920,1600,via_1600x480
VDD,met3-met4,STRIPE,via,211779,187440,213379,187920,1600,via3_1600x480
VDD,met2-met3,STRIPE,via,211779,187440,213379,187920,1600,via2_1600x480
VDD,met1-met2,STRIPE,via,211779,187440,213379,187920,1600,via_1600x480
VDD,met3-met4,STRIPE,via,188556,187440,190156,187920,1600,via3_1600x480
VDD,met2-met3,STRIPE,via,188556,187440,190156,187920,1600,via2_1600x480
VDD,met1-met2,STRIPE,via,188556,187440,190156,187920,1600,via_1600x480
VDD,met3-met4,STRIPE,via,159548,187440,161148,187920,1600,via3_1600x480
VDD,met2-met3,STRIPE,via,159548,187440,161148,187920,1600,via2_1600x480
VDD,met1-met2,STRIPE,via,159548,187440,161148,187920,1600,via_1600x480
VDD,met3-met4,STRIPE,via,131649,187440,133249,187920,1600,via3_1600x480
VDD,met2-met3,STRIPE,via,131649,187440,133249,187920,1600,via2_1600x480
VDD,met1-met2,STRIPE,via,131649,187440,133249,187920,1600,via_1600x480
VDD,met3-met4,STRIPE,via,101663,187440,103263,187920,1600,via3_1600x480
VDD,met2-met3,STRIPE,via,101663,187440,103263,187920,1600,via2_1600x480
VDD,met1-met2,STRIPE,via,101663,187440,103263,187920,1600,via_1600x480
VDD,met3-met4,STRIPE,via,76990,187440,78590,187920,1600,via3_1600x480
VDD,met2-met3,STRIPE,via,76990,187440,78590,187920,1600,via2_1600x480
VDD,met1-met2,STRIPE,via,76990,187440,78590,187920,1600,via_1600x480
VDD,met3-met4,STRIPE,via,50681,187440,52281,187920,1600,via3_1600x480
VDD,met2-met3,STRIPE,via,50681,187440,52281,187920,1600,via2_1600x480
VDD,met1-met2,STRIPE,via,50681,187440,52281,187920,1600,via_1600x480
VDD,met3-met4,STRIPE,via,19259,187440,20859,187920,1600,via3_1600x480
VDD,met2-met3,STRIPE,via,19259,187440,20859,187920,1600,via2_1600x480
VDD,met1-met2,STRIPE,via,19259,187440,20859,187920,1600,via_1600x480
VDD,met3-met4,STRIPE,via,265388,182000,266988,182480,1600,via3_1600x480
VDD,met2-met3,STRIPE,via,265388,182000,266988,182480,1600,via2_1600x480
VDD,met1-met2,STRIPE,via,265388,182000,266988,182480,1600,via_1600x480
VDD,met3-met4,STRIPE,via,238346,182000,239946,182480,1600,via3_1600x480
VDD,met2-met3,STRIPE,via,238346,182000,239946,182480,1600,via2_1600x480
VDD,met1-met2,STRIPE,via,238346,182000,239946,182480,1600,via_1600x480
VDD,met3-met4,STRIPE,via,211779,182000,213379,182480,1600,via3_1600x480
VDD,met2-met3,STRIPE,via,211779,182000,213379,182480,1600,via2_1600x480
VDD,met1-met2,STRIPE,via,211779,182000,213379,182480,1600,via_1600x480
VDD,met3-met4,STRIPE,via,188556,182000,190156,182480,1600,via3_1600x480
VDD,met2-met3,STRIPE,via,188556,182000,190156,182480,1600,via2_1600x480
VDD,met1-met2,STRIPE,via,188556,182000,190156,182480,1600,via_1600x480
VDD,met3-met4,STRIPE,via,159548,182000,161148,182480,1600,via3_1600x480
VDD,met2-met3,STRIPE,via,159548,182000,161148,182480,1600,via2_1600x480
VDD,met1-met2,STRIPE,via,159548,182000,161148,182480,1600,via_1600x480
VDD,met3-met4,STRIPE,via,131649,182000,133249,182480,1600,via3_1600x480
VDD,met2-met3,STRIPE,via,131649,182000,133249,182480,1600,via2_1600x480
VDD,met1-met2,STRIPE,via,131649,182000,133249,182480,1600,via_1600x480
VDD,met3-met4,STRIPE,via,101663,182000,103263,182480,1600,via3_1600x480
VDD,met2-met3,STRIPE,via,101663,182000,103263,182480,1600,via2_1600x480
VDD,met1-met2,STRIPE,via,101663,182000,103263,182480,1600,via_1600x480
VDD,met3-met4,STRIPE,via,76990,182000,78590,182480,1600,via3_1600x480
VDD,met2-met3,STRIPE,via,76990,182000,78590,182480,1600,via2_1600x480
VDD,met1-met2,STRIPE,via,76990,182000,78590,182480,1600,via_1600x480
VDD,met3-met4,STRIPE,via,50681,182000,52281,182480,1600,via3_1600x480
VDD,met2-met3,STRIPE,via,50681,182000,52281,182480,1600,via2_1600x480
VDD,met1-met2,STRIPE,via,50681,182000,52281,182480,1600,via_1600x480
VDD,met3-met4,STRIPE,via,19259,182000,20859,182480,1600,via3_1600x480
VDD,met2-met3,STRIPE,via,19259,182000,20859,182480,1600,via2_1600x480
VDD,met1-met2,STRIPE,via,19259,182000,20859,182480,1600,via_1600x480
VDD,met3-met4,STRIPE,via,265388,176560,266988,177040,1600,via3_1600x480
VDD,met2-met3,STRIPE,via,265388,176560,266988,177040,1600,via2_1600x480
VDD,met1-met2,STRIPE,via,265388,176560,266988,177040,1600,via_1600x480
VDD,met3-met4,STRIPE,via,238346,176560,239946,177040,1600,via3_1600x480
VDD,met2-met3,STRIPE,via,238346,176560,239946,177040,1600,via2_1600x480
VDD,met1-met2,STRIPE,via,238346,176560,239946,177040,1600,via_1600x480
VDD,met3-met4,STRIPE,via,211779,176560,213379,177040,1600,via3_1600x480
VDD,met2-met3,STRIPE,via,211779,176560,213379,177040,1600,via2_1600x480
VDD,met1-met2,STRIPE,via,211779,176560,213379,177040,1600,via_1600x480
VDD,met3-met4,STRIPE,via,188556,176560,190156,177040,1600,via3_1600x480
VDD,met2-met3,STRIPE,via,188556,176560,190156,177040,1600,via2_1600x480
VDD,met1-met2,STRIPE,via,188556,176560,190156,177040,1600,via_1600x480
VDD,met3-met4,STRIPE,via,159548,176560,161148,177040,1600,via3_1600x480
VDD,met2-met3,STRIPE,via,159548,176560,161148,177040,1600,via2_1600x480
VDD,met1-met2,STRIPE,via,159548,176560,161148,177040,1600,via_1600x480
VDD,met3-met4,STRIPE,via,131649,176560,133249,177040,1600,via3_1600x480
VDD,met2-met3,STRIPE,via,131649,176560,133249,177040,1600,via2_1600x480
VDD,met1-met2,STRIPE,via,131649,176560,133249,177040,1600,via_1600x480
VDD,met3-met4,STRIPE,via,101663,176560,103263,177040,1600,via3_1600x480
VDD,met2-met3,STRIPE,via,101663,176560,103263,177040,1600,via2_1600x480
VDD,met1-met2,STRIPE,via,101663,176560,103263,177040,1600,via_1600x480
VDD,met3-met4,STRIPE,via,76990,176560,78590,177040,1600,via3_1600x480
VDD,met2-met3,STRIPE,via,76990,176560,78590,177040,1600,via2_1600x480
VDD,met1-met2,STRIPE,via,76990,176560,78590,177040,1600,via_1600x480
VDD,met3-met4,STRIPE,via,50681,176560,52281,177040,1600,via3_1600x480
VDD,met2-met3,STRIPE,via,50681,176560,52281,177040,1600,via2_1600x480
VDD,met1-met2,STRIPE,via,50681,176560,52281,177040,1600,via_1600x480
VDD,met3-met4,STRIPE,via,19259,176560,20859,177040,1600,via3_1600x480
VDD,met2-met3,STRIPE,via,19259,176560,20859,177040,1600,via2_1600x480
VDD,met1-met2,STRIPE,via,19259,176560,20859,177040,1600,via_1600x480
VDD,met3-met4,STRIPE,via,265388,171120,266988,171600,1600,via3_1600x480
VDD,met2-met3,STRIPE,via,265388,171120,266988,171600,1600,via2_1600x480
VDD,met1-met2,STRIPE,via,265388,171120,266988,171600,1600,via_1600x480
VDD,met3-met4,STRIPE,via,238346,171120,239946,171600,1600,via3_1600x480
VDD,met2-met3,STRIPE,via,238346,171120,239946,171600,1600,via2_1600x480
VDD,met1-met2,STRIPE,via,238346,171120,239946,171600,1600,via_1600x480
VDD,met3-met4,STRIPE,via,211779,171120,213379,171600,1600,via3_1600x480
VDD,met2-met3,STRIPE,via,211779,171120,213379,171600,1600,via2_1600x480
VDD,met1-met2,STRIPE,via,211779,171120,213379,171600,1600,via_1600x480
VDD,met3-met4,STRIPE,via,188556,171120,190156,171600,1600,via3_1600x480
VDD,met2-met3,STRIPE,via,188556,171120,190156,171600,1600,via2_1600x480
VDD,met1-met2,STRIPE,via,188556,171120,190156,171600,1600,via_1600x480
VDD,met3-met4,STRIPE,via,159548,171120,161148,171600,1600,via3_1600x480
VDD,met2-met3,STRIPE,via,159548,171120,161148,171600,1600,via2_1600x480
VDD,met1-met2,STRIPE,via,159548,171120,161148,171600,1600,via_1600x480
VDD,met3-met4,STRIPE,via,131649,171120,133249,171600,1600,via3_1600x480
VDD,met2-met3,STRIPE,via,131649,171120,133249,171600,1600,via2_1600x480
VDD,met1-met2,STRIPE,via,131649,171120,133249,171600,1600,via_1600x480
VDD,met3-met4,STRIPE,via,101663,171120,103263,171600,1600,via3_1600x480
VDD,met2-met3,STRIPE,via,101663,171120,103263,171600,1600,via2_1600x480
VDD,met1-met2,STRIPE,via,101663,171120,103263,171600,1600,via_1600x480
VDD,met3-met4,STRIPE,via,76990,171120,78590,171600,1600,via3_1600x480
VDD,met2-met3,STRIPE,via,76990,171120,78590,171600,1600,via2_1600x480
VDD,met1-met2,STRIPE,via,76990,171120,78590,171600,1600,via_1600x480
VDD,met3-met4,STRIPE,via,50681,171120,52281,171600,1600,via3_1600x480
VDD,met2-met3,STRIPE,via,50681,171120,52281,171600,1600,via2_1600x480
VDD,met1-met2,STRIPE,via,50681,171120,52281,171600,1600,via_1600x480
VDD,met3-met4,STRIPE,via,19259,171120,20859,171600,1600,via3_1600x480
VDD,met2-met3,STRIPE,via,19259,171120,20859,171600,1600,via2_1600x480
VDD,met1-met2,STRIPE,via,19259,171120,20859,171600,1600,via_1600x480
VDD,met3-met4,STRIPE,via,265388,165680,266988,166160,1600,via3_1600x480
VDD,met2-met3,STRIPE,via,265388,165680,266988,166160,1600,via2_1600x480
VDD,met1-met2,STRIPE,via,265388,165680,266988,166160,1600,via_1600x480
VDD,met3-met4,STRIPE,via,238346,165680,239946,166160,1600,via3_1600x480
VDD,met2-met3,STRIPE,via,238346,165680,239946,166160,1600,via2_1600x480
VDD,met1-met2,STRIPE,via,238346,165680,239946,166160,1600,via_1600x480
VDD,met3-met4,STRIPE,via,211779,165680,213379,166160,1600,via3_1600x480
VDD,met2-met3,STRIPE,via,211779,165680,213379,166160,1600,via2_1600x480
VDD,met1-met2,STRIPE,via,211779,165680,213379,166160,1600,via_1600x480
VDD,met3-met4,STRIPE,via,188556,165680,190156,166160,1600,via3_1600x480
VDD,met2-met3,STRIPE,via,188556,165680,190156,166160,1600,via2_1600x480
VDD,met1-met2,STRIPE,via,188556,165680,190156,166160,1600,via_1600x480
VDD,met3-met4,STRIPE,via,159548,165680,161148,166160,1600,via3_1600x480
VDD,met2-met3,STRIPE,via,159548,165680,161148,166160,1600,via2_1600x480
VDD,met1-met2,STRIPE,via,159548,165680,161148,166160,1600,via_1600x480
VDD,met3-met4,STRIPE,via,131649,165680,133249,166160,1600,via3_1600x480
VDD,met2-met3,STRIPE,via,131649,165680,133249,166160,1600,via2_1600x480
VDD,met1-met2,STRIPE,via,131649,165680,133249,166160,1600,via_1600x480
VDD,met3-met4,STRIPE,via,101663,165680,103263,166160,1600,via3_1600x480
VDD,met2-met3,STRIPE,via,101663,165680,103263,166160,1600,via2_1600x480
VDD,met1-met2,STRIPE,via,101663,165680,103263,166160,1600,via_1600x480
VDD,met3-met4,STRIPE,via,76990,165680,78590,166160,1600,via3_1600x480
VDD,met2-met3,STRIPE,via,76990,165680,78590,166160,1600,via2_1600x480
VDD,met1-met2,STRIPE,via,76990,165680,78590,166160,1600,via_1600x480
VDD,met3-met4,STRIPE,via,50681,165680,52281,166160,1600,via3_1600x480
VDD,met2-met3,STRIPE,via,50681,165680,52281,166160,1600,via2_1600x480
VDD,met1-met2,STRIPE,via,50681,165680,52281,166160,1600,via_1600x480
VDD,met3-met4,STRIPE,via,19259,165680,20859,166160,1600,via3_1600x480
VDD,met2-met3,STRIPE,via,19259,165680,20859,166160,1600,via2_1600x480
VDD,met1-met2,STRIPE,via,19259,165680,20859,166160,1600,via_1600x480
VDD,met3-met4,STRIPE,via,265388,160240,266988,160720,1600,via3_1600x480
VDD,met2-met3,STRIPE,via,265388,160240,266988,160720,1600,via2_1600x480
VDD,met1-met2,STRIPE,via,265388,160240,266988,160720,1600,via_1600x480
VDD,met3-met4,STRIPE,via,238346,160240,239946,160720,1600,via3_1600x480
VDD,met2-met3,STRIPE,via,238346,160240,239946,160720,1600,via2_1600x480
VDD,met1-met2,STRIPE,via,238346,160240,239946,160720,1600,via_1600x480
VDD,met3-met4,STRIPE,via,211779,160240,213379,160720,1600,via3_1600x480
VDD,met2-met3,STRIPE,via,211779,160240,213379,160720,1600,via2_1600x480
VDD,met1-met2,STRIPE,via,211779,160240,213379,160720,1600,via_1600x480
VDD,met3-met4,STRIPE,via,188556,160240,190156,160720,1600,via3_1600x480
VDD,met2-met3,STRIPE,via,188556,160240,190156,160720,1600,via2_1600x480
VDD,met1-met2,STRIPE,via,188556,160240,190156,160720,1600,via_1600x480
VDD,met3-met4,STRIPE,via,159548,160240,161148,160720,1600,via3_1600x480
VDD,met2-met3,STRIPE,via,159548,160240,161148,160720,1600,via2_1600x480
VDD,met1-met2,STRIPE,via,159548,160240,161148,160720,1600,via_1600x480
VDD,met3-met4,STRIPE,via,131649,160240,133249,160720,1600,via3_1600x480
VDD,met2-met3,STRIPE,via,131649,160240,133249,160720,1600,via2_1600x480
VDD,met1-met2,STRIPE,via,131649,160240,133249,160720,1600,via_1600x480
VDD,met3-met4,STRIPE,via,101663,160240,103263,160720,1600,via3_1600x480
VDD,met2-met3,STRIPE,via,101663,160240,103263,160720,1600,via2_1600x480
VDD,met1-met2,STRIPE,via,101663,160240,103263,160720,1600,via_1600x480
VDD,met3-met4,STRIPE,via,76990,160240,78590,160720,1600,via3_1600x480
VDD,met2-met3,STRIPE,via,76990,160240,78590,160720,1600,via2_1600x480
VDD,met1-met2,STRIPE,via,76990,160240,78590,160720,1600,via_1600x480
VDD,met3-met4,STRIPE,via,50681,160240,52281,160720,1600,via3_1600x480
VDD,met2-met3,STRIPE,via,50681,160240,52281,160720,1600,via2_1600x480
VDD,met1-met2,STRIPE,via,50681,160240,52281,160720,1600,via_1600x480
VDD,met3-met4,STRIPE,via,19259,160240,20859,160720,1600,via3_1600x480
VDD,met2-met3,STRIPE,via,19259,160240,20859,160720,1600,via2_1600x480
VDD,met1-met2,STRIPE,via,19259,160240,20859,160720,1600,via_1600x480
VDD,met3-met4,STRIPE,via,265388,154800,266988,155280,1600,via3_1600x480
VDD,met2-met3,STRIPE,via,265388,154800,266988,155280,1600,via2_1600x480
VDD,met1-met2,STRIPE,via,265388,154800,266988,155280,1600,via_1600x480
VDD,met3-met4,STRIPE,via,238346,154800,239946,155280,1600,via3_1600x480
VDD,met2-met3,STRIPE,via,238346,154800,239946,155280,1600,via2_1600x480
VDD,met1-met2,STRIPE,via,238346,154800,239946,155280,1600,via_1600x480
VDD,met3-met4,STRIPE,via,211779,154800,213379,155280,1600,via3_1600x480
VDD,met2-met3,STRIPE,via,211779,154800,213379,155280,1600,via2_1600x480
VDD,met1-met2,STRIPE,via,211779,154800,213379,155280,1600,via_1600x480
VDD,met3-met4,STRIPE,via,188556,154800,190156,155280,1600,via3_1600x480
VDD,met2-met3,STRIPE,via,188556,154800,190156,155280,1600,via2_1600x480
VDD,met1-met2,STRIPE,via,188556,154800,190156,155280,1600,via_1600x480
VDD,met3-met4,STRIPE,via,159548,154800,161148,155280,1600,via3_1600x480
VDD,met2-met3,STRIPE,via,159548,154800,161148,155280,1600,via2_1600x480
VDD,met1-met2,STRIPE,via,159548,154800,161148,155280,1600,via_1600x480
VDD,met3-met4,STRIPE,via,131649,154800,133249,155280,1600,via3_1600x480
VDD,met2-met3,STRIPE,via,131649,154800,133249,155280,1600,via2_1600x480
VDD,met1-met2,STRIPE,via,131649,154800,133249,155280,1600,via_1600x480
VDD,met3-met4,STRIPE,via,101663,154800,103263,155280,1600,via3_1600x480
VDD,met2-met3,STRIPE,via,101663,154800,103263,155280,1600,via2_1600x480
VDD,met1-met2,STRIPE,via,101663,154800,103263,155280,1600,via_1600x480
VDD,met3-met4,STRIPE,via,76990,154800,78590,155280,1600,via3_1600x480
VDD,met2-met3,STRIPE,via,76990,154800,78590,155280,1600,via2_1600x480
VDD,met1-met2,STRIPE,via,76990,154800,78590,155280,1600,via_1600x480
VDD,met3-met4,STRIPE,via,50681,154800,52281,155280,1600,via3_1600x480
VDD,met2-met3,STRIPE,via,50681,154800,52281,155280,1600,via2_1600x480
VDD,met1-met2,STRIPE,via,50681,154800,52281,155280,1600,via_1600x480
VDD,met3-met4,STRIPE,via,19259,154800,20859,155280,1600,via3_1600x480
VDD,met2-met3,STRIPE,via,19259,154800,20859,155280,1600,via2_1600x480
VDD,met1-met2,STRIPE,via,19259,154800,20859,155280,1600,via_1600x480
VDD,met3-met4,STRIPE,via,265388,149360,266988,149840,1600,via3_1600x480
VDD,met2-met3,STRIPE,via,265388,149360,266988,149840,1600,via2_1600x480
VDD,met1-met2,STRIPE,via,265388,149360,266988,149840,1600,via_1600x480
VDD,met3-met4,STRIPE,via,238346,149360,239946,149840,1600,via3_1600x480
VDD,met2-met3,STRIPE,via,238346,149360,239946,149840,1600,via2_1600x480
VDD,met1-met2,STRIPE,via,238346,149360,239946,149840,1600,via_1600x480
VDD,met3-met4,STRIPE,via,211779,149360,213379,149840,1600,via3_1600x480
VDD,met2-met3,STRIPE,via,211779,149360,213379,149840,1600,via2_1600x480
VDD,met1-met2,STRIPE,via,211779,149360,213379,149840,1600,via_1600x480
VDD,met3-met4,STRIPE,via,188556,149360,190156,149840,1600,via3_1600x480
VDD,met2-met3,STRIPE,via,188556,149360,190156,149840,1600,via2_1600x480
VDD,met1-met2,STRIPE,via,188556,149360,190156,149840,1600,via_1600x480
VDD,met3-met4,STRIPE,via,159548,149360,161148,149840,1600,via3_1600x480
VDD,met2-met3,STRIPE,via,159548,149360,161148,149840,1600,via2_1600x480
VDD,met1-met2,STRIPE,via,159548,149360,161148,149840,1600,via_1600x480
VDD,met3-met4,STRIPE,via,131649,149360,133249,149840,1600,via3_1600x480
VDD,met2-met3,STRIPE,via,131649,149360,133249,149840,1600,via2_1600x480
VDD,met1-met2,STRIPE,via,131649,149360,133249,149840,1600,via_1600x480
VDD,met3-met4,STRIPE,via,101663,149360,103263,149840,1600,via3_1600x480
VDD,met2-met3,STRIPE,via,101663,149360,103263,149840,1600,via2_1600x480
VDD,met1-met2,STRIPE,via,101663,149360,103263,149840,1600,via_1600x480
VDD,met3-met4,STRIPE,via,76990,149360,78590,149840,1600,via3_1600x480
VDD,met2-met3,STRIPE,via,76990,149360,78590,149840,1600,via2_1600x480
VDD,met1-met2,STRIPE,via,76990,149360,78590,149840,1600,via_1600x480
VDD,met3-met4,STRIPE,via,50681,149360,52281,149840,1600,via3_1600x480
VDD,met2-met3,STRIPE,via,50681,149360,52281,149840,1600,via2_1600x480
VDD,met1-met2,STRIPE,via,50681,149360,52281,149840,1600,via_1600x480
VDD,met3-met4,STRIPE,via,19259,149360,20859,149840,1600,via3_1600x480
VDD,met2-met3,STRIPE,via,19259,149360,20859,149840,1600,via2_1600x480
VDD,met1-met2,STRIPE,via,19259,149360,20859,149840,1600,via_1600x480
VDD,met3-met4,STRIPE,via,265388,143920,266988,144400,1600,via3_1600x480
VDD,met2-met3,STRIPE,via,265388,143920,266988,144400,1600,via2_1600x480
VDD,met1-met2,STRIPE,via,265388,143920,266988,144400,1600,via_1600x480
VDD,met3-met4,STRIPE,via,238346,143920,239946,144400,1600,via3_1600x480
VDD,met2-met3,STRIPE,via,238346,143920,239946,144400,1600,via2_1600x480
VDD,met1-met2,STRIPE,via,238346,143920,239946,144400,1600,via_1600x480
VDD,met3-met4,STRIPE,via,211779,143920,213379,144400,1600,via3_1600x480
VDD,met2-met3,STRIPE,via,211779,143920,213379,144400,1600,via2_1600x480
VDD,met1-met2,STRIPE,via,211779,143920,213379,144400,1600,via_1600x480
VDD,met3-met4,STRIPE,via,188556,143920,190156,144400,1600,via3_1600x480
VDD,met2-met3,STRIPE,via,188556,143920,190156,144400,1600,via2_1600x480
VDD,met1-met2,STRIPE,via,188556,143920,190156,144400,1600,via_1600x480
VDD,met3-met4,STRIPE,via,159548,143920,161148,144400,1600,via3_1600x480
VDD,met2-met3,STRIPE,via,159548,143920,161148,144400,1600,via2_1600x480
VDD,met1-met2,STRIPE,via,159548,143920,161148,144400,1600,via_1600x480
VDD,met3-met4,STRIPE,via,131649,143920,133249,144400,1600,via3_1600x480
VDD,met2-met3,STRIPE,via,131649,143920,133249,144400,1600,via2_1600x480
VDD,met1-met2,STRIPE,via,131649,143920,133249,144400,1600,via_1600x480
VDD,met3-met4,STRIPE,via,101663,143920,103263,144400,1600,via3_1600x480
VDD,met2-met3,STRIPE,via,101663,143920,103263,144400,1600,via2_1600x480
VDD,met1-met2,STRIPE,via,101663,143920,103263,144400,1600,via_1600x480
VDD,met3-met4,STRIPE,via,76990,143920,78590,144400,1600,via3_1600x480
VDD,met2-met3,STRIPE,via,76990,143920,78590,144400,1600,via2_1600x480
VDD,met1-met2,STRIPE,via,76990,143920,78590,144400,1600,via_1600x480
VDD,met3-met4,STRIPE,via,50681,143920,52281,144400,1600,via3_1600x480
VDD,met2-met3,STRIPE,via,50681,143920,52281,144400,1600,via2_1600x480
VDD,met1-met2,STRIPE,via,50681,143920,52281,144400,1600,via_1600x480
VDD,met3-met4,STRIPE,via,19259,143920,20859,144400,1600,via3_1600x480
VDD,met2-met3,STRIPE,via,19259,143920,20859,144400,1600,via2_1600x480
VDD,met1-met2,STRIPE,via,19259,143920,20859,144400,1600,via_1600x480
VDD,met3-met4,STRIPE,via,265388,138480,266988,138960,1600,via3_1600x480
VDD,met2-met3,STRIPE,via,265388,138480,266988,138960,1600,via2_1600x480
VDD,met1-met2,STRIPE,via,265388,138480,266988,138960,1600,via_1600x480
VDD,met3-met4,STRIPE,via,238346,138480,239946,138960,1600,via3_1600x480
VDD,met2-met3,STRIPE,via,238346,138480,239946,138960,1600,via2_1600x480
VDD,met1-met2,STRIPE,via,238346,138480,239946,138960,1600,via_1600x480
VDD,met3-met4,STRIPE,via,211779,138480,213379,138960,1600,via3_1600x480
VDD,met2-met3,STRIPE,via,211779,138480,213379,138960,1600,via2_1600x480
VDD,met1-met2,STRIPE,via,211779,138480,213379,138960,1600,via_1600x480
VDD,met3-met4,STRIPE,via,188556,138480,190156,138960,1600,via3_1600x480
VDD,met2-met3,STRIPE,via,188556,138480,190156,138960,1600,via2_1600x480
VDD,met1-met2,STRIPE,via,188556,138480,190156,138960,1600,via_1600x480
VDD,met3-met4,STRIPE,via,159548,138480,161148,138960,1600,via3_1600x480
VDD,met2-met3,STRIPE,via,159548,138480,161148,138960,1600,via2_1600x480
VDD,met1-met2,STRIPE,via,159548,138480,161148,138960,1600,via_1600x480
VDD,met3-met4,STRIPE,via,131649,138480,133249,138960,1600,via3_1600x480
VDD,met2-met3,STRIPE,via,131649,138480,133249,138960,1600,via2_1600x480
VDD,met1-met2,STRIPE,via,131649,138480,133249,138960,1600,via_1600x480
VDD,met3-met4,STRIPE,via,101663,138480,103263,138960,1600,via3_1600x480
VDD,met2-met3,STRIPE,via,101663,138480,103263,138960,1600,via2_1600x480
VDD,met1-met2,STRIPE,via,101663,138480,103263,138960,1600,via_1600x480
VDD,met3-met4,STRIPE,via,76990,138480,78590,138960,1600,via3_1600x480
VDD,met2-met3,STRIPE,via,76990,138480,78590,138960,1600,via2_1600x480
VDD,met1-met2,STRIPE,via,76990,138480,78590,138960,1600,via_1600x480
VDD,met3-met4,STRIPE,via,50681,138480,52281,138960,1600,via3_1600x480
VDD,met2-met3,STRIPE,via,50681,138480,52281,138960,1600,via2_1600x480
VDD,met1-met2,STRIPE,via,50681,138480,52281,138960,1600,via_1600x480
VDD,met3-met4,STRIPE,via,19259,138480,20859,138960,1600,via3_1600x480
VDD,met2-met3,STRIPE,via,19259,138480,20859,138960,1600,via2_1600x480
VDD,met1-met2,STRIPE,via,19259,138480,20859,138960,1600,via_1600x480
VDD,met3-met4,STRIPE,via,265388,133040,266988,133520,1600,via3_1600x480
VDD,met2-met3,STRIPE,via,265388,133040,266988,133520,1600,via2_1600x480
VDD,met1-met2,STRIPE,via,265388,133040,266988,133520,1600,via_1600x480
VDD,met3-met4,STRIPE,via,238346,133040,239946,133520,1600,via3_1600x480
VDD,met2-met3,STRIPE,via,238346,133040,239946,133520,1600,via2_1600x480
VDD,met1-met2,STRIPE,via,238346,133040,239946,133520,1600,via_1600x480
VDD,met3-met4,STRIPE,via,211779,133040,213379,133520,1600,via3_1600x480
VDD,met2-met3,STRIPE,via,211779,133040,213379,133520,1600,via2_1600x480
VDD,met1-met2,STRIPE,via,211779,133040,213379,133520,1600,via_1600x480
VDD,met3-met4,STRIPE,via,188556,133040,190156,133520,1600,via3_1600x480
VDD,met2-met3,STRIPE,via,188556,133040,190156,133520,1600,via2_1600x480
VDD,met1-met2,STRIPE,via,188556,133040,190156,133520,1600,via_1600x480
VDD,met3-met4,STRIPE,via,159548,133040,161148,133520,1600,via3_1600x480
VDD,met2-met3,STRIPE,via,159548,133040,161148,133520,1600,via2_1600x480
VDD,met1-met2,STRIPE,via,159548,133040,161148,133520,1600,via_1600x480
VDD,met3-met4,STRIPE,via,131649,133040,133249,133520,1600,via3_1600x480
VDD,met2-met3,STRIPE,via,131649,133040,133249,133520,1600,via2_1600x480
VDD,met1-met2,STRIPE,via,131649,133040,133249,133520,1600,via_1600x480
VDD,met3-met4,STRIPE,via,101663,133040,103263,133520,1600,via3_1600x480
VDD,met2-met3,STRIPE,via,101663,133040,103263,133520,1600,via2_1600x480
VDD,met1-met2,STRIPE,via,101663,133040,103263,133520,1600,via_1600x480
VDD,met3-met4,STRIPE,via,76990,133040,78590,133520,1600,via3_1600x480
VDD,met2-met3,STRIPE,via,76990,133040,78590,133520,1600,via2_1600x480
VDD,met1-met2,STRIPE,via,76990,133040,78590,133520,1600,via_1600x480
VDD,met3-met4,STRIPE,via,50681,133040,52281,133520,1600,via3_1600x480
VDD,met2-met3,STRIPE,via,50681,133040,52281,133520,1600,via2_1600x480
VDD,met1-met2,STRIPE,via,50681,133040,52281,133520,1600,via_1600x480
VDD,met3-met4,STRIPE,via,19259,133040,20859,133520,1600,via3_1600x480
VDD,met2-met3,STRIPE,via,19259,133040,20859,133520,1600,via2_1600x480
VDD,met1-met2,STRIPE,via,19259,133040,20859,133520,1600,via_1600x480
VDD,met3-met4,STRIPE,via,265388,127600,266988,128080,1600,via3_1600x480
VDD,met2-met3,STRIPE,via,265388,127600,266988,128080,1600,via2_1600x480
VDD,met1-met2,STRIPE,via,265388,127600,266988,128080,1600,via_1600x480
VDD,met3-met4,STRIPE,via,238346,127600,239946,128080,1600,via3_1600x480
VDD,met2-met3,STRIPE,via,238346,127600,239946,128080,1600,via2_1600x480
VDD,met1-met2,STRIPE,via,238346,127600,239946,128080,1600,via_1600x480
VDD,met3-met4,STRIPE,via,211779,127600,213379,128080,1600,via3_1600x480
VDD,met2-met3,STRIPE,via,211779,127600,213379,128080,1600,via2_1600x480
VDD,met1-met2,STRIPE,via,211779,127600,213379,128080,1600,via_1600x480
VDD,met3-met4,STRIPE,via,188556,127600,190156,128080,1600,via3_1600x480
VDD,met2-met3,STRIPE,via,188556,127600,190156,128080,1600,via2_1600x480
VDD,met1-met2,STRIPE,via,188556,127600,190156,128080,1600,via_1600x480
VDD,met3-met4,STRIPE,via,159548,127600,161148,128080,1600,via3_1600x480
VDD,met2-met3,STRIPE,via,159548,127600,161148,128080,1600,via2_1600x480
VDD,met1-met2,STRIPE,via,159548,127600,161148,128080,1600,via_1600x480
VDD,met3-met4,STRIPE,via,131649,127600,133249,128080,1600,via3_1600x480
VDD,met2-met3,STRIPE,via,131649,127600,133249,128080,1600,via2_1600x480
VDD,met1-met2,STRIPE,via,131649,127600,133249,128080,1600,via_1600x480
VDD,met3-met4,STRIPE,via,101663,127600,103263,128080,1600,via3_1600x480
VDD,met2-met3,STRIPE,via,101663,127600,103263,128080,1600,via2_1600x480
VDD,met1-met2,STRIPE,via,101663,127600,103263,128080,1600,via_1600x480
VDD,met3-met4,STRIPE,via,76990,127600,78590,128080,1600,via3_1600x480
VDD,met2-met3,STRIPE,via,76990,127600,78590,128080,1600,via2_1600x480
VDD,met1-met2,STRIPE,via,76990,127600,78590,128080,1600,via_1600x480
VDD,met3-met4,STRIPE,via,50681,127600,52281,128080,1600,via3_1600x480
VDD,met2-met3,STRIPE,via,50681,127600,52281,128080,1600,via2_1600x480
VDD,met1-met2,STRIPE,via,50681,127600,52281,128080,1600,via_1600x480
VDD,met3-met4,STRIPE,via,19259,127600,20859,128080,1600,via3_1600x480
VDD,met2-met3,STRIPE,via,19259,127600,20859,128080,1600,via2_1600x480
VDD,met1-met2,STRIPE,via,19259,127600,20859,128080,1600,via_1600x480
VDD,met3-met4,STRIPE,via,265388,122160,266988,122640,1600,via3_1600x480
VDD,met2-met3,STRIPE,via,265388,122160,266988,122640,1600,via2_1600x480
VDD,met1-met2,STRIPE,via,265388,122160,266988,122640,1600,via_1600x480
VDD,met3-met4,STRIPE,via,238346,122160,239946,122640,1600,via3_1600x480
VDD,met2-met3,STRIPE,via,238346,122160,239946,122640,1600,via2_1600x480
VDD,met1-met2,STRIPE,via,238346,122160,239946,122640,1600,via_1600x480
VDD,met3-met4,STRIPE,via,211779,122160,213379,122640,1600,via3_1600x480
VDD,met2-met3,STRIPE,via,211779,122160,213379,122640,1600,via2_1600x480
VDD,met1-met2,STRIPE,via,211779,122160,213379,122640,1600,via_1600x480
VDD,met3-met4,STRIPE,via,188556,122160,190156,122640,1600,via3_1600x480
VDD,met2-met3,STRIPE,via,188556,122160,190156,122640,1600,via2_1600x480
VDD,met1-met2,STRIPE,via,188556,122160,190156,122640,1600,via_1600x480
VDD,met3-met4,STRIPE,via,159548,122160,161148,122640,1600,via3_1600x480
VDD,met2-met3,STRIPE,via,159548,122160,161148,122640,1600,via2_1600x480
VDD,met1-met2,STRIPE,via,159548,122160,161148,122640,1600,via_1600x480
VDD,met3-met4,STRIPE,via,131649,122160,133249,122640,1600,via3_1600x480
VDD,met2-met3,STRIPE,via,131649,122160,133249,122640,1600,via2_1600x480
VDD,met1-met2,STRIPE,via,131649,122160,133249,122640,1600,via_1600x480
VDD,met3-met4,STRIPE,via,101663,122160,103263,122640,1600,via3_1600x480
VDD,met2-met3,STRIPE,via,101663,122160,103263,122640,1600,via2_1600x480
VDD,met1-met2,STRIPE,via,101663,122160,103263,122640,1600,via_1600x480
VDD,met3-met4,STRIPE,via,76990,122160,78590,122640,1600,via3_1600x480
VDD,met2-met3,STRIPE,via,76990,122160,78590,122640,1600,via2_1600x480
VDD,met1-met2,STRIPE,via,76990,122160,78590,122640,1600,via_1600x480
VDD,met3-met4,STRIPE,via,50681,122160,52281,122640,1600,via3_1600x480
VDD,met2-met3,STRIPE,via,50681,122160,52281,122640,1600,via2_1600x480
VDD,met1-met2,STRIPE,via,50681,122160,52281,122640,1600,via_1600x480
VDD,met3-met4,STRIPE,via,19259,122160,20859,122640,1600,via3_1600x480
VDD,met2-met3,STRIPE,via,19259,122160,20859,122640,1600,via2_1600x480
VDD,met1-met2,STRIPE,via,19259,122160,20859,122640,1600,via_1600x480
VDD,met3-met4,STRIPE,via,265388,116720,266988,117200,1600,via3_1600x480
VDD,met2-met3,STRIPE,via,265388,116720,266988,117200,1600,via2_1600x480
VDD,met1-met2,STRIPE,via,265388,116720,266988,117200,1600,via_1600x480
VDD,met3-met4,STRIPE,via,238346,116720,239946,117200,1600,via3_1600x480
VDD,met2-met3,STRIPE,via,238346,116720,239946,117200,1600,via2_1600x480
VDD,met1-met2,STRIPE,via,238346,116720,239946,117200,1600,via_1600x480
VDD,met3-met4,STRIPE,via,211779,116720,213379,117200,1600,via3_1600x480
VDD,met2-met3,STRIPE,via,211779,116720,213379,117200,1600,via2_1600x480
VDD,met1-met2,STRIPE,via,211779,116720,213379,117200,1600,via_1600x480
VDD,met3-met4,STRIPE,via,188556,116720,190156,117200,1600,via3_1600x480
VDD,met2-met3,STRIPE,via,188556,116720,190156,117200,1600,via2_1600x480
VDD,met1-met2,STRIPE,via,188556,116720,190156,117200,1600,via_1600x480
VDD,met3-met4,STRIPE,via,159548,116720,161148,117200,1600,via3_1600x480
VDD,met2-met3,STRIPE,via,159548,116720,161148,117200,1600,via2_1600x480
VDD,met1-met2,STRIPE,via,159548,116720,161148,117200,1600,via_1600x480
VDD,met3-met4,STRIPE,via,131649,116720,133249,117200,1600,via3_1600x480
VDD,met2-met3,STRIPE,via,131649,116720,133249,117200,1600,via2_1600x480
VDD,met1-met2,STRIPE,via,131649,116720,133249,117200,1600,via_1600x480
VDD,met3-met4,STRIPE,via,101663,116720,103263,117200,1600,via3_1600x480
VDD,met2-met3,STRIPE,via,101663,116720,103263,117200,1600,via2_1600x480
VDD,met1-met2,STRIPE,via,101663,116720,103263,117200,1600,via_1600x480
VDD,met3-met4,STRIPE,via,76990,116720,78590,117200,1600,via3_1600x480
VDD,met2-met3,STRIPE,via,76990,116720,78590,117200,1600,via2_1600x480
VDD,met1-met2,STRIPE,via,76990,116720,78590,117200,1600,via_1600x480
VDD,met3-met4,STRIPE,via,50681,116720,52281,117200,1600,via3_1600x480
VDD,met2-met3,STRIPE,via,50681,116720,52281,117200,1600,via2_1600x480
VDD,met1-met2,STRIPE,via,50681,116720,52281,117200,1600,via_1600x480
VDD,met3-met4,STRIPE,via,19259,116720,20859,117200,1600,via3_1600x480
VDD,met2-met3,STRIPE,via,19259,116720,20859,117200,1600,via2_1600x480
VDD,met1-met2,STRIPE,via,19259,116720,20859,117200,1600,via_1600x480
VDD,met3-met4,STRIPE,via,265388,111280,266988,111760,1600,via3_1600x480
VDD,met2-met3,STRIPE,via,265388,111280,266988,111760,1600,via2_1600x480
VDD,met1-met2,STRIPE,via,265388,111280,266988,111760,1600,via_1600x480
VDD,met3-met4,STRIPE,via,238346,111280,239946,111760,1600,via3_1600x480
VDD,met2-met3,STRIPE,via,238346,111280,239946,111760,1600,via2_1600x480
VDD,met1-met2,STRIPE,via,238346,111280,239946,111760,1600,via_1600x480
VDD,met3-met4,STRIPE,via,211779,111280,213379,111760,1600,via3_1600x480
VDD,met2-met3,STRIPE,via,211779,111280,213379,111760,1600,via2_1600x480
VDD,met1-met2,STRIPE,via,211779,111280,213379,111760,1600,via_1600x480
VDD,met3-met4,STRIPE,via,188556,111280,190156,111760,1600,via3_1600x480
VDD,met2-met3,STRIPE,via,188556,111280,190156,111760,1600,via2_1600x480
VDD,met1-met2,STRIPE,via,188556,111280,190156,111760,1600,via_1600x480
VDD,met3-met4,STRIPE,via,159548,111280,161148,111760,1600,via3_1600x480
VDD,met2-met3,STRIPE,via,159548,111280,161148,111760,1600,via2_1600x480
VDD,met1-met2,STRIPE,via,159548,111280,161148,111760,1600,via_1600x480
VDD,met3-met4,STRIPE,via,131649,111280,133249,111760,1600,via3_1600x480
VDD,met2-met3,STRIPE,via,131649,111280,133249,111760,1600,via2_1600x480
VDD,met1-met2,STRIPE,via,131649,111280,133249,111760,1600,via_1600x480
VDD,met3-met4,STRIPE,via,101663,111280,103263,111760,1600,via3_1600x480
VDD,met2-met3,STRIPE,via,101663,111280,103263,111760,1600,via2_1600x480
VDD,met1-met2,STRIPE,via,101663,111280,103263,111760,1600,via_1600x480
VDD,met3-met4,STRIPE,via,76990,111280,78590,111760,1600,via3_1600x480
VDD,met2-met3,STRIPE,via,76990,111280,78590,111760,1600,via2_1600x480
VDD,met1-met2,STRIPE,via,76990,111280,78590,111760,1600,via_1600x480
VDD,met3-met4,STRIPE,via,50681,111280,52281,111760,1600,via3_1600x480
VDD,met2-met3,STRIPE,via,50681,111280,52281,111760,1600,via2_1600x480
VDD,met1-met2,STRIPE,via,50681,111280,52281,111760,1600,via_1600x480
VDD,met3-met4,STRIPE,via,19259,111280,20859,111760,1600,via3_1600x480
VDD,met2-met3,STRIPE,via,19259,111280,20859,111760,1600,via2_1600x480
VDD,met1-met2,STRIPE,via,19259,111280,20859,111760,1600,via_1600x480
VDD,met3-met4,STRIPE,via,265388,105840,266988,106320,1600,via3_1600x480
VDD,met2-met3,STRIPE,via,265388,105840,266988,106320,1600,via2_1600x480
VDD,met1-met2,STRIPE,via,265388,105840,266988,106320,1600,via_1600x480
VDD,met3-met4,STRIPE,via,238346,105840,239946,106320,1600,via3_1600x480
VDD,met2-met3,STRIPE,via,238346,105840,239946,106320,1600,via2_1600x480
VDD,met1-met2,STRIPE,via,238346,105840,239946,106320,1600,via_1600x480
VDD,met3-met4,STRIPE,via,211779,105840,213379,106320,1600,via3_1600x480
VDD,met2-met3,STRIPE,via,211779,105840,213379,106320,1600,via2_1600x480
VDD,met1-met2,STRIPE,via,211779,105840,213379,106320,1600,via_1600x480
VDD,met3-met4,STRIPE,via,188556,105840,190156,106320,1600,via3_1600x480
VDD,met2-met3,STRIPE,via,188556,105840,190156,106320,1600,via2_1600x480
VDD,met1-met2,STRIPE,via,188556,105840,190156,106320,1600,via_1600x480
VDD,met3-met4,STRIPE,via,159548,105840,161148,106320,1600,via3_1600x480
VDD,met2-met3,STRIPE,via,159548,105840,161148,106320,1600,via2_1600x480
VDD,met1-met2,STRIPE,via,159548,105840,161148,106320,1600,via_1600x480
VDD,met3-met4,STRIPE,via,131649,105840,133249,106320,1600,via3_1600x480
VDD,met2-met3,STRIPE,via,131649,105840,133249,106320,1600,via2_1600x480
VDD,met1-met2,STRIPE,via,131649,105840,133249,106320,1600,via_1600x480
VDD,met3-met4,STRIPE,via,101663,105840,103263,106320,1600,via3_1600x480
VDD,met2-met3,STRIPE,via,101663,105840,103263,106320,1600,via2_1600x480
VDD,met1-met2,STRIPE,via,101663,105840,103263,106320,1600,via_1600x480
VDD,met3-met4,STRIPE,via,76990,105840,78590,106320,1600,via3_1600x480
VDD,met2-met3,STRIPE,via,76990,105840,78590,106320,1600,via2_1600x480
VDD,met1-met2,STRIPE,via,76990,105840,78590,106320,1600,via_1600x480
VDD,met3-met4,STRIPE,via,50681,105840,52281,106320,1600,via3_1600x480
VDD,met2-met3,STRIPE,via,50681,105840,52281,106320,1600,via2_1600x480
VDD,met1-met2,STRIPE,via,50681,105840,52281,106320,1600,via_1600x480
VDD,met3-met4,STRIPE,via,19259,105840,20859,106320,1600,via3_1600x480
VDD,met2-met3,STRIPE,via,19259,105840,20859,106320,1600,via2_1600x480
VDD,met1-met2,STRIPE,via,19259,105840,20859,106320,1600,via_1600x480
VDD,met3-met4,STRIPE,via,265388,100400,266988,100880,1600,via3_1600x480
VDD,met2-met3,STRIPE,via,265388,100400,266988,100880,1600,via2_1600x480
VDD,met1-met2,STRIPE,via,265388,100400,266988,100880,1600,via_1600x480
VDD,met3-met4,STRIPE,via,238346,100400,239946,100880,1600,via3_1600x480
VDD,met2-met3,STRIPE,via,238346,100400,239946,100880,1600,via2_1600x480
VDD,met1-met2,STRIPE,via,238346,100400,239946,100880,1600,via_1600x480
VDD,met3-met4,STRIPE,via,211779,100400,213379,100880,1600,via3_1600x480
VDD,met2-met3,STRIPE,via,211779,100400,213379,100880,1600,via2_1600x480
VDD,met1-met2,STRIPE,via,211779,100400,213379,100880,1600,via_1600x480
VDD,met3-met4,STRIPE,via,188556,100400,190156,100880,1600,via3_1600x480
VDD,met2-met3,STRIPE,via,188556,100400,190156,100880,1600,via2_1600x480
VDD,met1-met2,STRIPE,via,188556,100400,190156,100880,1600,via_1600x480
VDD,met3-met4,STRIPE,via,159548,100400,161148,100880,1600,via3_1600x480
VDD,met2-met3,STRIPE,via,159548,100400,161148,100880,1600,via2_1600x480
VDD,met1-met2,STRIPE,via,159548,100400,161148,100880,1600,via_1600x480
VDD,met3-met4,STRIPE,via,131649,100400,133249,100880,1600,via3_1600x480
VDD,met2-met3,STRIPE,via,131649,100400,133249,100880,1600,via2_1600x480
VDD,met1-met2,STRIPE,via,131649,100400,133249,100880,1600,via_1600x480
VDD,met3-met4,STRIPE,via,101663,100400,103263,100880,1600,via3_1600x480
VDD,met2-met3,STRIPE,via,101663,100400,103263,100880,1600,via2_1600x480
VDD,met1-met2,STRIPE,via,101663,100400,103263,100880,1600,via_1600x480
VDD,met3-met4,STRIPE,via,76990,100400,78590,100880,1600,via3_1600x480
VDD,met2-met3,STRIPE,via,76990,100400,78590,100880,1600,via2_1600x480
VDD,met1-met2,STRIPE,via,76990,100400,78590,100880,1600,via_1600x480
VDD,met3-met4,STRIPE,via,50681,100400,52281,100880,1600,via3_1600x480
VDD,met2-met3,STRIPE,via,50681,100400,52281,100880,1600,via2_1600x480
VDD,met1-met2,STRIPE,via,50681,100400,52281,100880,1600,via_1600x480
VDD,met3-met4,STRIPE,via,19259,100400,20859,100880,1600,via3_1600x480
VDD,met2-met3,STRIPE,via,19259,100400,20859,100880,1600,via2_1600x480
VDD,met1-met2,STRIPE,via,19259,100400,20859,100880,1600,via_1600x480
VDD,met3-met4,STRIPE,via,265388,94960,266988,95440,1600,via3_1600x480
VDD,met2-met3,STRIPE,via,265388,94960,266988,95440,1600,via2_1600x480
VDD,met1-met2,STRIPE,via,265388,94960,266988,95440,1600,via_1600x480
VDD,met3-met4,STRIPE,via,238346,94960,239946,95440,1600,via3_1600x480
VDD,met2-met3,STRIPE,via,238346,94960,239946,95440,1600,via2_1600x480
VDD,met1-met2,STRIPE,via,238346,94960,239946,95440,1600,via_1600x480
VDD,met3-met4,STRIPE,via,211779,94960,213379,95440,1600,via3_1600x480
VDD,met2-met3,STRIPE,via,211779,94960,213379,95440,1600,via2_1600x480
VDD,met1-met2,STRIPE,via,211779,94960,213379,95440,1600,via_1600x480
VDD,met3-met4,STRIPE,via,188556,94960,190156,95440,1600,via3_1600x480
VDD,met2-met3,STRIPE,via,188556,94960,190156,95440,1600,via2_1600x480
VDD,met1-met2,STRIPE,via,188556,94960,190156,95440,1600,via_1600x480
VDD,met3-met4,STRIPE,via,159548,94960,161148,95440,1600,via3_1600x480
VDD,met2-met3,STRIPE,via,159548,94960,161148,95440,1600,via2_1600x480
VDD,met1-met2,STRIPE,via,159548,94960,161148,95440,1600,via_1600x480
VDD,met3-met4,STRIPE,via,131649,94960,133249,95440,1600,via3_1600x480
VDD,met2-met3,STRIPE,via,131649,94960,133249,95440,1600,via2_1600x480
VDD,met1-met2,STRIPE,via,131649,94960,133249,95440,1600,via_1600x480
VDD,met3-met4,STRIPE,via,101663,94960,103263,95440,1600,via3_1600x480
VDD,met2-met3,STRIPE,via,101663,94960,103263,95440,1600,via2_1600x480
VDD,met1-met2,STRIPE,via,101663,94960,103263,95440,1600,via_1600x480
VDD,met3-met4,STRIPE,via,76990,94960,78590,95440,1600,via3_1600x480
VDD,met2-met3,STRIPE,via,76990,94960,78590,95440,1600,via2_1600x480
VDD,met1-met2,STRIPE,via,76990,94960,78590,95440,1600,via_1600x480
VDD,met3-met4,STRIPE,via,50681,94960,52281,95440,1600,via3_1600x480
VDD,met2-met3,STRIPE,via,50681,94960,52281,95440,1600,via2_1600x480
VDD,met1-met2,STRIPE,via,50681,94960,52281,95440,1600,via_1600x480
VDD,met3-met4,STRIPE,via,19259,94960,20859,95440,1600,via3_1600x480
VDD,met2-met3,STRIPE,via,19259,94960,20859,95440,1600,via2_1600x480
VDD,met1-met2,STRIPE,via,19259,94960,20859,95440,1600,via_1600x480
VDD,met3-met4,STRIPE,via,265388,89520,266988,90000,1600,via3_1600x480
VDD,met2-met3,STRIPE,via,265388,89520,266988,90000,1600,via2_1600x480
VDD,met1-met2,STRIPE,via,265388,89520,266988,90000,1600,via_1600x480
VDD,met3-met4,STRIPE,via,238346,89520,239946,90000,1600,via3_1600x480
VDD,met2-met3,STRIPE,via,238346,89520,239946,90000,1600,via2_1600x480
VDD,met1-met2,STRIPE,via,238346,89520,239946,90000,1600,via_1600x480
VDD,met3-met4,STRIPE,via,211779,89520,213379,90000,1600,via3_1600x480
VDD,met2-met3,STRIPE,via,211779,89520,213379,90000,1600,via2_1600x480
VDD,met1-met2,STRIPE,via,211779,89520,213379,90000,1600,via_1600x480
VDD,met3-met4,STRIPE,via,188556,89520,190156,90000,1600,via3_1600x480
VDD,met2-met3,STRIPE,via,188556,89520,190156,90000,1600,via2_1600x480
VDD,met1-met2,STRIPE,via,188556,89520,190156,90000,1600,via_1600x480
VDD,met3-met4,STRIPE,via,159548,89520,161148,90000,1600,via3_1600x480
VDD,met2-met3,STRIPE,via,159548,89520,161148,90000,1600,via2_1600x480
VDD,met1-met2,STRIPE,via,159548,89520,161148,90000,1600,via_1600x480
VDD,met3-met4,STRIPE,via,131649,89520,133249,90000,1600,via3_1600x480
VDD,met2-met3,STRIPE,via,131649,89520,133249,90000,1600,via2_1600x480
VDD,met1-met2,STRIPE,via,131649,89520,133249,90000,1600,via_1600x480
VDD,met3-met4,STRIPE,via,101663,89520,103263,90000,1600,via3_1600x480
VDD,met2-met3,STRIPE,via,101663,89520,103263,90000,1600,via2_1600x480
VDD,met1-met2,STRIPE,via,101663,89520,103263,90000,1600,via_1600x480
VDD,met3-met4,STRIPE,via,76990,89520,78590,90000,1600,via3_1600x480
VDD,met2-met3,STRIPE,via,76990,89520,78590,90000,1600,via2_1600x480
VDD,met1-met2,STRIPE,via,76990,89520,78590,90000,1600,via_1600x480
VDD,met3-met4,STRIPE,via,50681,89520,52281,90000,1600,via3_1600x480
VDD,met2-met3,STRIPE,via,50681,89520,52281,90000,1600,via2_1600x480
VDD,met1-met2,STRIPE,via,50681,89520,52281,90000,1600,via_1600x480
VDD,met3-met4,STRIPE,via,19259,89520,20859,90000,1600,via3_1600x480
VDD,met2-met3,STRIPE,via,19259,89520,20859,90000,1600,via2_1600x480
VDD,met1-met2,STRIPE,via,19259,89520,20859,90000,1600,via_1600x480
VDD,met3-met4,STRIPE,via,265388,84080,266988,84560,1600,via3_1600x480
VDD,met2-met3,STRIPE,via,265388,84080,266988,84560,1600,via2_1600x480
VDD,met1-met2,STRIPE,via,265388,84080,266988,84560,1600,via_1600x480
VDD,met3-met4,STRIPE,via,238346,84080,239946,84560,1600,via3_1600x480
VDD,met2-met3,STRIPE,via,238346,84080,239946,84560,1600,via2_1600x480
VDD,met1-met2,STRIPE,via,238346,84080,239946,84560,1600,via_1600x480
VDD,met3-met4,STRIPE,via,211779,84080,213379,84560,1600,via3_1600x480
VDD,met2-met3,STRIPE,via,211779,84080,213379,84560,1600,via2_1600x480
VDD,met1-met2,STRIPE,via,211779,84080,213379,84560,1600,via_1600x480
VDD,met3-met4,STRIPE,via,188556,84080,190156,84560,1600,via3_1600x480
VDD,met2-met3,STRIPE,via,188556,84080,190156,84560,1600,via2_1600x480
VDD,met1-met2,STRIPE,via,188556,84080,190156,84560,1600,via_1600x480
VDD,met3-met4,STRIPE,via,159548,84080,161148,84560,1600,via3_1600x480
VDD,met2-met3,STRIPE,via,159548,84080,161148,84560,1600,via2_1600x480
VDD,met1-met2,STRIPE,via,159548,84080,161148,84560,1600,via_1600x480
VDD,met3-met4,STRIPE,via,131649,84080,133249,84560,1600,via3_1600x480
VDD,met2-met3,STRIPE,via,131649,84080,133249,84560,1600,via2_1600x480
VDD,met1-met2,STRIPE,via,131649,84080,133249,84560,1600,via_1600x480
VDD,met3-met4,STRIPE,via,101663,84080,103263,84560,1600,via3_1600x480
VDD,met2-met3,STRIPE,via,101663,84080,103263,84560,1600,via2_1600x480
VDD,met1-met2,STRIPE,via,101663,84080,103263,84560,1600,via_1600x480
VDD,met3-met4,STRIPE,via,76990,84080,78590,84560,1600,via3_1600x480
VDD,met2-met3,STRIPE,via,76990,84080,78590,84560,1600,via2_1600x480
VDD,met1-met2,STRIPE,via,76990,84080,78590,84560,1600,via_1600x480
VDD,met3-met4,STRIPE,via,50681,84080,52281,84560,1600,via3_1600x480
VDD,met2-met3,STRIPE,via,50681,84080,52281,84560,1600,via2_1600x480
VDD,met1-met2,STRIPE,via,50681,84080,52281,84560,1600,via_1600x480
VDD,met3-met4,STRIPE,via,19259,84080,20859,84560,1600,via3_1600x480
VDD,met2-met3,STRIPE,via,19259,84080,20859,84560,1600,via2_1600x480
VDD,met1-met2,STRIPE,via,19259,84080,20859,84560,1600,via_1600x480
VDD,met3-met4,STRIPE,via,265388,78640,266988,79120,1600,via3_1600x480
VDD,met2-met3,STRIPE,via,265388,78640,266988,79120,1600,via2_1600x480
VDD,met1-met2,STRIPE,via,265388,78640,266988,79120,1600,via_1600x480
VDD,met3-met4,STRIPE,via,238346,78640,239946,79120,1600,via3_1600x480
VDD,met2-met3,STRIPE,via,238346,78640,239946,79120,1600,via2_1600x480
VDD,met1-met2,STRIPE,via,238346,78640,239946,79120,1600,via_1600x480
VDD,met3-met4,STRIPE,via,211779,78640,213379,79120,1600,via3_1600x480
VDD,met2-met3,STRIPE,via,211779,78640,213379,79120,1600,via2_1600x480
VDD,met1-met2,STRIPE,via,211779,78640,213379,79120,1600,via_1600x480
VDD,met3-met4,STRIPE,via,188556,78640,190156,79120,1600,via3_1600x480
VDD,met2-met3,STRIPE,via,188556,78640,190156,79120,1600,via2_1600x480
VDD,met1-met2,STRIPE,via,188556,78640,190156,79120,1600,via_1600x480
VDD,met3-met4,STRIPE,via,159548,78640,161148,79120,1600,via3_1600x480
VDD,met2-met3,STRIPE,via,159548,78640,161148,79120,1600,via2_1600x480
VDD,met1-met2,STRIPE,via,159548,78640,161148,79120,1600,via_1600x480
VDD,met3-met4,STRIPE,via,131649,78640,133249,79120,1600,via3_1600x480
VDD,met2-met3,STRIPE,via,131649,78640,133249,79120,1600,via2_1600x480
VDD,met1-met2,STRIPE,via,131649,78640,133249,79120,1600,via_1600x480
VDD,met3-met4,STRIPE,via,101663,78640,103263,79120,1600,via3_1600x480
VDD,met2-met3,STRIPE,via,101663,78640,103263,79120,1600,via2_1600x480
VDD,met1-met2,STRIPE,via,101663,78640,103263,79120,1600,via_1600x480
VDD,met3-met4,STRIPE,via,76990,78640,78590,79120,1600,via3_1600x480
VDD,met2-met3,STRIPE,via,76990,78640,78590,79120,1600,via2_1600x480
VDD,met1-met2,STRIPE,via,76990,78640,78590,79120,1600,via_1600x480
VDD,met3-met4,STRIPE,via,50681,78640,52281,79120,1600,via3_1600x480
VDD,met2-met3,STRIPE,via,50681,78640,52281,79120,1600,via2_1600x480
VDD,met1-met2,STRIPE,via,50681,78640,52281,79120,1600,via_1600x480
VDD,met3-met4,STRIPE,via,19259,78640,20859,79120,1600,via3_1600x480
VDD,met2-met3,STRIPE,via,19259,78640,20859,79120,1600,via2_1600x480
VDD,met1-met2,STRIPE,via,19259,78640,20859,79120,1600,via_1600x480
VDD,met3-met4,STRIPE,via,265388,73200,266988,73680,1600,via3_1600x480
VDD,met2-met3,STRIPE,via,265388,73200,266988,73680,1600,via2_1600x480
VDD,met1-met2,STRIPE,via,265388,73200,266988,73680,1600,via_1600x480
VDD,met3-met4,STRIPE,via,238346,73200,239946,73680,1600,via3_1600x480
VDD,met2-met3,STRIPE,via,238346,73200,239946,73680,1600,via2_1600x480
VDD,met1-met2,STRIPE,via,238346,73200,239946,73680,1600,via_1600x480
VDD,met3-met4,STRIPE,via,211779,73200,213379,73680,1600,via3_1600x480
VDD,met2-met3,STRIPE,via,211779,73200,213379,73680,1600,via2_1600x480
VDD,met1-met2,STRIPE,via,211779,73200,213379,73680,1600,via_1600x480
VDD,met3-met4,STRIPE,via,188556,73200,190156,73680,1600,via3_1600x480
VDD,met2-met3,STRIPE,via,188556,73200,190156,73680,1600,via2_1600x480
VDD,met1-met2,STRIPE,via,188556,73200,190156,73680,1600,via_1600x480
VDD,met3-met4,STRIPE,via,159548,73200,161148,73680,1600,via3_1600x480
VDD,met2-met3,STRIPE,via,159548,73200,161148,73680,1600,via2_1600x480
VDD,met1-met2,STRIPE,via,159548,73200,161148,73680,1600,via_1600x480
VDD,met3-met4,STRIPE,via,131649,73200,133249,73680,1600,via3_1600x480
VDD,met2-met3,STRIPE,via,131649,73200,133249,73680,1600,via2_1600x480
VDD,met1-met2,STRIPE,via,131649,73200,133249,73680,1600,via_1600x480
VDD,met3-met4,STRIPE,via,101663,73200,103263,73680,1600,via3_1600x480
VDD,met2-met3,STRIPE,via,101663,73200,103263,73680,1600,via2_1600x480
VDD,met1-met2,STRIPE,via,101663,73200,103263,73680,1600,via_1600x480
VDD,met3-met4,STRIPE,via,76990,73200,78590,73680,1600,via3_1600x480
VDD,met2-met3,STRIPE,via,76990,73200,78590,73680,1600,via2_1600x480
VDD,met1-met2,STRIPE,via,76990,73200,78590,73680,1600,via_1600x480
VDD,met3-met4,STRIPE,via,50681,73200,52281,73680,1600,via3_1600x480
VDD,met2-met3,STRIPE,via,50681,73200,52281,73680,1600,via2_1600x480
VDD,met1-met2,STRIPE,via,50681,73200,52281,73680,1600,via_1600x480
VDD,met3-met4,STRIPE,via,19259,73200,20859,73680,1600,via3_1600x480
VDD,met2-met3,STRIPE,via,19259,73200,20859,73680,1600,via2_1600x480
VDD,met1-met2,STRIPE,via,19259,73200,20859,73680,1600,via_1600x480
VDD,met3-met4,STRIPE,via,265388,67760,266988,68240,1600,via3_1600x480
VDD,met2-met3,STRIPE,via,265388,67760,266988,68240,1600,via2_1600x480
VDD,met1-met2,STRIPE,via,265388,67760,266988,68240,1600,via_1600x480
VDD,met3-met4,STRIPE,via,238346,67760,239946,68240,1600,via3_1600x480
VDD,met2-met3,STRIPE,via,238346,67760,239946,68240,1600,via2_1600x480
VDD,met1-met2,STRIPE,via,238346,67760,239946,68240,1600,via_1600x480
VDD,met3-met4,STRIPE,via,211779,67760,213379,68240,1600,via3_1600x480
VDD,met2-met3,STRIPE,via,211779,67760,213379,68240,1600,via2_1600x480
VDD,met1-met2,STRIPE,via,211779,67760,213379,68240,1600,via_1600x480
VDD,met3-met4,STRIPE,via,188556,67760,190156,68240,1600,via3_1600x480
VDD,met2-met3,STRIPE,via,188556,67760,190156,68240,1600,via2_1600x480
VDD,met1-met2,STRIPE,via,188556,67760,190156,68240,1600,via_1600x480
VDD,met3-met4,STRIPE,via,159548,67760,161148,68240,1600,via3_1600x480
VDD,met2-met3,STRIPE,via,159548,67760,161148,68240,1600,via2_1600x480
VDD,met1-met2,STRIPE,via,159548,67760,161148,68240,1600,via_1600x480
VDD,met3-met4,STRIPE,via,131649,67760,133249,68240,1600,via3_1600x480
VDD,met2-met3,STRIPE,via,131649,67760,133249,68240,1600,via2_1600x480
VDD,met1-met2,STRIPE,via,131649,67760,133249,68240,1600,via_1600x480
VDD,met3-met4,STRIPE,via,101663,67760,103263,68240,1600,via3_1600x480
VDD,met2-met3,STRIPE,via,101663,67760,103263,68240,1600,via2_1600x480
VDD,met1-met2,STRIPE,via,101663,67760,103263,68240,1600,via_1600x480
VDD,met3-met4,STRIPE,via,76990,67760,78590,68240,1600,via3_1600x480
VDD,met2-met3,STRIPE,via,76990,67760,78590,68240,1600,via2_1600x480
VDD,met1-met2,STRIPE,via,76990,67760,78590,68240,1600,via_1600x480
VDD,met3-met4,STRIPE,via,50681,67760,52281,68240,1600,via3_1600x480
VDD,met2-met3,STRIPE,via,50681,67760,52281,68240,1600,via2_1600x480
VDD,met1-met2,STRIPE,via,50681,67760,52281,68240,1600,via_1600x480
VDD,met3-met4,STRIPE,via,19259,67760,20859,68240,1600,via3_1600x480
VDD,met2-met3,STRIPE,via,19259,67760,20859,68240,1600,via2_1600x480
VDD,met1-met2,STRIPE,via,19259,67760,20859,68240,1600,via_1600x480
VDD,met3-met4,STRIPE,via,265388,62320,266988,62800,1600,via3_1600x480
VDD,met2-met3,STRIPE,via,265388,62320,266988,62800,1600,via2_1600x480
VDD,met1-met2,STRIPE,via,265388,62320,266988,62800,1600,via_1600x480
VDD,met3-met4,STRIPE,via,238346,62320,239946,62800,1600,via3_1600x480
VDD,met2-met3,STRIPE,via,238346,62320,239946,62800,1600,via2_1600x480
VDD,met1-met2,STRIPE,via,238346,62320,239946,62800,1600,via_1600x480
VDD,met3-met4,STRIPE,via,211779,62320,213379,62800,1600,via3_1600x480
VDD,met2-met3,STRIPE,via,211779,62320,213379,62800,1600,via2_1600x480
VDD,met1-met2,STRIPE,via,211779,62320,213379,62800,1600,via_1600x480
VDD,met3-met4,STRIPE,via,188556,62320,190156,62800,1600,via3_1600x480
VDD,met2-met3,STRIPE,via,188556,62320,190156,62800,1600,via2_1600x480
VDD,met1-met2,STRIPE,via,188556,62320,190156,62800,1600,via_1600x480
VDD,met3-met4,STRIPE,via,159548,62320,161148,62800,1600,via3_1600x480
VDD,met2-met3,STRIPE,via,159548,62320,161148,62800,1600,via2_1600x480
VDD,met1-met2,STRIPE,via,159548,62320,161148,62800,1600,via_1600x480
VDD,met3-met4,STRIPE,via,131649,62320,133249,62800,1600,via3_1600x480
VDD,met2-met3,STRIPE,via,131649,62320,133249,62800,1600,via2_1600x480
VDD,met1-met2,STRIPE,via,131649,62320,133249,62800,1600,via_1600x480
VDD,met3-met4,STRIPE,via,101663,62320,103263,62800,1600,via3_1600x480
VDD,met2-met3,STRIPE,via,101663,62320,103263,62800,1600,via2_1600x480
VDD,met1-met2,STRIPE,via,101663,62320,103263,62800,1600,via_1600x480
VDD,met3-met4,STRIPE,via,76990,62320,78590,62800,1600,via3_1600x480
VDD,met2-met3,STRIPE,via,76990,62320,78590,62800,1600,via2_1600x480
VDD,met1-met2,STRIPE,via,76990,62320,78590,62800,1600,via_1600x480
VDD,met3-met4,STRIPE,via,50681,62320,52281,62800,1600,via3_1600x480
VDD,met2-met3,STRIPE,via,50681,62320,52281,62800,1600,via2_1600x480
VDD,met1-met2,STRIPE,via,50681,62320,52281,62800,1600,via_1600x480
VDD,met3-met4,STRIPE,via,19259,62320,20859,62800,1600,via3_1600x480
VDD,met2-met3,STRIPE,via,19259,62320,20859,62800,1600,via2_1600x480
VDD,met1-met2,STRIPE,via,19259,62320,20859,62800,1600,via_1600x480
VDD,met3-met4,STRIPE,via,265388,56880,266988,57360,1600,via3_1600x480
VDD,met2-met3,STRIPE,via,265388,56880,266988,57360,1600,via2_1600x480
VDD,met1-met2,STRIPE,via,265388,56880,266988,57360,1600,via_1600x480
VDD,met3-met4,STRIPE,via,238346,56880,239946,57360,1600,via3_1600x480
VDD,met2-met3,STRIPE,via,238346,56880,239946,57360,1600,via2_1600x480
VDD,met1-met2,STRIPE,via,238346,56880,239946,57360,1600,via_1600x480
VDD,met3-met4,STRIPE,via,211779,56880,213379,57360,1600,via3_1600x480
VDD,met2-met3,STRIPE,via,211779,56880,213379,57360,1600,via2_1600x480
VDD,met1-met2,STRIPE,via,211779,56880,213379,57360,1600,via_1600x480
VDD,met3-met4,STRIPE,via,188556,56880,190156,57360,1600,via3_1600x480
VDD,met2-met3,STRIPE,via,188556,56880,190156,57360,1600,via2_1600x480
VDD,met1-met2,STRIPE,via,188556,56880,190156,57360,1600,via_1600x480
VDD,met3-met4,STRIPE,via,159548,56880,161148,57360,1600,via3_1600x480
VDD,met2-met3,STRIPE,via,159548,56880,161148,57360,1600,via2_1600x480
VDD,met1-met2,STRIPE,via,159548,56880,161148,57360,1600,via_1600x480
VDD,met3-met4,STRIPE,via,131649,56880,133249,57360,1600,via3_1600x480
VDD,met2-met3,STRIPE,via,131649,56880,133249,57360,1600,via2_1600x480
VDD,met1-met2,STRIPE,via,131649,56880,133249,57360,1600,via_1600x480
VDD,met3-met4,STRIPE,via,101663,56880,103263,57360,1600,via3_1600x480
VDD,met2-met3,STRIPE,via,101663,56880,103263,57360,1600,via2_1600x480
VDD,met1-met2,STRIPE,via,101663,56880,103263,57360,1600,via_1600x480
VDD,met3-met4,STRIPE,via,76990,56880,78590,57360,1600,via3_1600x480
VDD,met2-met3,STRIPE,via,76990,56880,78590,57360,1600,via2_1600x480
VDD,met1-met2,STRIPE,via,76990,56880,78590,57360,1600,via_1600x480
VDD,met3-met4,STRIPE,via,50681,56880,52281,57360,1600,via3_1600x480
VDD,met2-met3,STRIPE,via,50681,56880,52281,57360,1600,via2_1600x480
VDD,met1-met2,STRIPE,via,50681,56880,52281,57360,1600,via_1600x480
VDD,met3-met4,STRIPE,via,19259,56880,20859,57360,1600,via3_1600x480
VDD,met2-met3,STRIPE,via,19259,56880,20859,57360,1600,via2_1600x480
VDD,met1-met2,STRIPE,via,19259,56880,20859,57360,1600,via_1600x480
VDD,met3-met4,STRIPE,via,265388,51440,266988,51920,1600,via3_1600x480
VDD,met2-met3,STRIPE,via,265388,51440,266988,51920,1600,via2_1600x480
VDD,met1-met2,STRIPE,via,265388,51440,266988,51920,1600,via_1600x480
VDD,met3-met4,STRIPE,via,238346,51440,239946,51920,1600,via3_1600x480
VDD,met2-met3,STRIPE,via,238346,51440,239946,51920,1600,via2_1600x480
VDD,met1-met2,STRIPE,via,238346,51440,239946,51920,1600,via_1600x480
VDD,met3-met4,STRIPE,via,211779,51440,213379,51920,1600,via3_1600x480
VDD,met2-met3,STRIPE,via,211779,51440,213379,51920,1600,via2_1600x480
VDD,met1-met2,STRIPE,via,211779,51440,213379,51920,1600,via_1600x480
VDD,met3-met4,STRIPE,via,188556,51440,190156,51920,1600,via3_1600x480
VDD,met2-met3,STRIPE,via,188556,51440,190156,51920,1600,via2_1600x480
VDD,met1-met2,STRIPE,via,188556,51440,190156,51920,1600,via_1600x480
VDD,met3-met4,STRIPE,via,159548,51440,161148,51920,1600,via3_1600x480
VDD,met2-met3,STRIPE,via,159548,51440,161148,51920,1600,via2_1600x480
VDD,met1-met2,STRIPE,via,159548,51440,161148,51920,1600,via_1600x480
VDD,met3-met4,STRIPE,via,131649,51440,133249,51920,1600,via3_1600x480
VDD,met2-met3,STRIPE,via,131649,51440,133249,51920,1600,via2_1600x480
VDD,met1-met2,STRIPE,via,131649,51440,133249,51920,1600,via_1600x480
VDD,met3-met4,STRIPE,via,101663,51440,103263,51920,1600,via3_1600x480
VDD,met2-met3,STRIPE,via,101663,51440,103263,51920,1600,via2_1600x480
VDD,met1-met2,STRIPE,via,101663,51440,103263,51920,1600,via_1600x480
VDD,met3-met4,STRIPE,via,76990,51440,78590,51920,1600,via3_1600x480
VDD,met2-met3,STRIPE,via,76990,51440,78590,51920,1600,via2_1600x480
VDD,met1-met2,STRIPE,via,76990,51440,78590,51920,1600,via_1600x480
VDD,met3-met4,STRIPE,via,50681,51440,52281,51920,1600,via3_1600x480
VDD,met2-met3,STRIPE,via,50681,51440,52281,51920,1600,via2_1600x480
VDD,met1-met2,STRIPE,via,50681,51440,52281,51920,1600,via_1600x480
VDD,met3-met4,STRIPE,via,19259,51440,20859,51920,1600,via3_1600x480
VDD,met2-met3,STRIPE,via,19259,51440,20859,51920,1600,via2_1600x480
VDD,met1-met2,STRIPE,via,19259,51440,20859,51920,1600,via_1600x480
VDD,met3-met4,STRIPE,via,265388,46000,266988,46480,1600,via3_1600x480
VDD,met2-met3,STRIPE,via,265388,46000,266988,46480,1600,via2_1600x480
VDD,met1-met2,STRIPE,via,265388,46000,266988,46480,1600,via_1600x480
VDD,met3-met4,STRIPE,via,238346,46000,239946,46480,1600,via3_1600x480
VDD,met2-met3,STRIPE,via,238346,46000,239946,46480,1600,via2_1600x480
VDD,met1-met2,STRIPE,via,238346,46000,239946,46480,1600,via_1600x480
VDD,met3-met4,STRIPE,via,211779,46000,213379,46480,1600,via3_1600x480
VDD,met2-met3,STRIPE,via,211779,46000,213379,46480,1600,via2_1600x480
VDD,met1-met2,STRIPE,via,211779,46000,213379,46480,1600,via_1600x480
VDD,met3-met4,STRIPE,via,188556,46000,190156,46480,1600,via3_1600x480
VDD,met2-met3,STRIPE,via,188556,46000,190156,46480,1600,via2_1600x480
VDD,met1-met2,STRIPE,via,188556,46000,190156,46480,1600,via_1600x480
VDD,met3-met4,STRIPE,via,159548,46000,161148,46480,1600,via3_1600x480
VDD,met2-met3,STRIPE,via,159548,46000,161148,46480,1600,via2_1600x480
VDD,met1-met2,STRIPE,via,159548,46000,161148,46480,1600,via_1600x480
VDD,met3-met4,STRIPE,via,131649,46000,133249,46480,1600,via3_1600x480
VDD,met2-met3,STRIPE,via,131649,46000,133249,46480,1600,via2_1600x480
VDD,met1-met2,STRIPE,via,131649,46000,133249,46480,1600,via_1600x480
VDD,met3-met4,STRIPE,via,101663,46000,103263,46480,1600,via3_1600x480
VDD,met2-met3,STRIPE,via,101663,46000,103263,46480,1600,via2_1600x480
VDD,met1-met2,STRIPE,via,101663,46000,103263,46480,1600,via_1600x480
VDD,met3-met4,STRIPE,via,76990,46000,78590,46480,1600,via3_1600x480
VDD,met2-met3,STRIPE,via,76990,46000,78590,46480,1600,via2_1600x480
VDD,met1-met2,STRIPE,via,76990,46000,78590,46480,1600,via_1600x480
VDD,met3-met4,STRIPE,via,50681,46000,52281,46480,1600,via3_1600x480
VDD,met2-met3,STRIPE,via,50681,46000,52281,46480,1600,via2_1600x480
VDD,met1-met2,STRIPE,via,50681,46000,52281,46480,1600,via_1600x480
VDD,met3-met4,STRIPE,via,19259,46000,20859,46480,1600,via3_1600x480
VDD,met2-met3,STRIPE,via,19259,46000,20859,46480,1600,via2_1600x480
VDD,met1-met2,STRIPE,via,19259,46000,20859,46480,1600,via_1600x480
VDD,met3-met4,STRIPE,via,265388,40560,266988,41040,1600,via3_1600x480
VDD,met2-met3,STRIPE,via,265388,40560,266988,41040,1600,via2_1600x480
VDD,met1-met2,STRIPE,via,265388,40560,266988,41040,1600,via_1600x480
VDD,met3-met4,STRIPE,via,238346,40560,239946,41040,1600,via3_1600x480
VDD,met2-met3,STRIPE,via,238346,40560,239946,41040,1600,via2_1600x480
VDD,met1-met2,STRIPE,via,238346,40560,239946,41040,1600,via_1600x480
VDD,met3-met4,STRIPE,via,211779,40560,213379,41040,1600,via3_1600x480
VDD,met2-met3,STRIPE,via,211779,40560,213379,41040,1600,via2_1600x480
VDD,met1-met2,STRIPE,via,211779,40560,213379,41040,1600,via_1600x480
VDD,met3-met4,STRIPE,via,188556,40560,190156,41040,1600,via3_1600x480
VDD,met2-met3,STRIPE,via,188556,40560,190156,41040,1600,via2_1600x480
VDD,met1-met2,STRIPE,via,188556,40560,190156,41040,1600,via_1600x480
VDD,met3-met4,STRIPE,via,159548,40560,161148,41040,1600,via3_1600x480
VDD,met2-met3,STRIPE,via,159548,40560,161148,41040,1600,via2_1600x480
VDD,met1-met2,STRIPE,via,159548,40560,161148,41040,1600,via_1600x480
VDD,met3-met4,STRIPE,via,131649,40560,133249,41040,1600,via3_1600x480
VDD,met2-met3,STRIPE,via,131649,40560,133249,41040,1600,via2_1600x480
VDD,met1-met2,STRIPE,via,131649,40560,133249,41040,1600,via_1600x480
VDD,met3-met4,STRIPE,via,101663,40560,103263,41040,1600,via3_1600x480
VDD,met2-met3,STRIPE,via,101663,40560,103263,41040,1600,via2_1600x480
VDD,met1-met2,STRIPE,via,101663,40560,103263,41040,1600,via_1600x480
VDD,met3-met4,STRIPE,via,76990,40560,78590,41040,1600,via3_1600x480
VDD,met2-met3,STRIPE,via,76990,40560,78590,41040,1600,via2_1600x480
VDD,met1-met2,STRIPE,via,76990,40560,78590,41040,1600,via_1600x480
VDD,met3-met4,STRIPE,via,50681,40560,52281,41040,1600,via3_1600x480
VDD,met2-met3,STRIPE,via,50681,40560,52281,41040,1600,via2_1600x480
VDD,met1-met2,STRIPE,via,50681,40560,52281,41040,1600,via_1600x480
VDD,met3-met4,STRIPE,via,19259,40560,20859,41040,1600,via3_1600x480
VDD,met2-met3,STRIPE,via,19259,40560,20859,41040,1600,via2_1600x480
VDD,met1-met2,STRIPE,via,19259,40560,20859,41040,1600,via_1600x480
VDD,met3-met4,STRIPE,via,265388,35120,266988,35600,1600,via3_1600x480
VDD,met2-met3,STRIPE,via,265388,35120,266988,35600,1600,via2_1600x480
VDD,met1-met2,STRIPE,via,265388,35120,266988,35600,1600,via_1600x480
VDD,met3-met4,STRIPE,via,238346,35120,239946,35600,1600,via3_1600x480
VDD,met2-met3,STRIPE,via,238346,35120,239946,35600,1600,via2_1600x480
VDD,met1-met2,STRIPE,via,238346,35120,239946,35600,1600,via_1600x480
VDD,met3-met4,STRIPE,via,211779,35120,213379,35600,1600,via3_1600x480
VDD,met2-met3,STRIPE,via,211779,35120,213379,35600,1600,via2_1600x480
VDD,met1-met2,STRIPE,via,211779,35120,213379,35600,1600,via_1600x480
VDD,met3-met4,STRIPE,via,188556,35120,190156,35600,1600,via3_1600x480
VDD,met2-met3,STRIPE,via,188556,35120,190156,35600,1600,via2_1600x480
VDD,met1-met2,STRIPE,via,188556,35120,190156,35600,1600,via_1600x480
VDD,met3-met4,STRIPE,via,159548,35120,161148,35600,1600,via3_1600x480
VDD,met2-met3,STRIPE,via,159548,35120,161148,35600,1600,via2_1600x480
VDD,met1-met2,STRIPE,via,159548,35120,161148,35600,1600,via_1600x480
VDD,met3-met4,STRIPE,via,131649,35120,133249,35600,1600,via3_1600x480
VDD,met2-met3,STRIPE,via,131649,35120,133249,35600,1600,via2_1600x480
VDD,met1-met2,STRIPE,via,131649,35120,133249,35600,1600,via_1600x480
VDD,met3-met4,STRIPE,via,101663,35120,103263,35600,1600,via3_1600x480
VDD,met2-met3,STRIPE,via,101663,35120,103263,35600,1600,via2_1600x480
VDD,met1-met2,STRIPE,via,101663,35120,103263,35600,1600,via_1600x480
VDD,met3-met4,STRIPE,via,76990,35120,78590,35600,1600,via3_1600x480
VDD,met2-met3,STRIPE,via,76990,35120,78590,35600,1600,via2_1600x480
VDD,met1-met2,STRIPE,via,76990,35120,78590,35600,1600,via_1600x480
VDD,met3-met4,STRIPE,via,50681,35120,52281,35600,1600,via3_1600x480
VDD,met2-met3,STRIPE,via,50681,35120,52281,35600,1600,via2_1600x480
VDD,met1-met2,STRIPE,via,50681,35120,52281,35600,1600,via_1600x480
VDD,met3-met4,STRIPE,via,19259,35120,20859,35600,1600,via3_1600x480
VDD,met2-met3,STRIPE,via,19259,35120,20859,35600,1600,via2_1600x480
VDD,met1-met2,STRIPE,via,19259,35120,20859,35600,1600,via_1600x480
VDD,met3-met4,STRIPE,via,265388,29680,266988,30160,1600,via3_1600x480
VDD,met2-met3,STRIPE,via,265388,29680,266988,30160,1600,via2_1600x480
VDD,met1-met2,STRIPE,via,265388,29680,266988,30160,1600,via_1600x480
VDD,met3-met4,STRIPE,via,238346,29680,239946,30160,1600,via3_1600x480
VDD,met2-met3,STRIPE,via,238346,29680,239946,30160,1600,via2_1600x480
VDD,met1-met2,STRIPE,via,238346,29680,239946,30160,1600,via_1600x480
VDD,met3-met4,STRIPE,via,211779,29680,213379,30160,1600,via3_1600x480
VDD,met2-met3,STRIPE,via,211779,29680,213379,30160,1600,via2_1600x480
VDD,met1-met2,STRIPE,via,211779,29680,213379,30160,1600,via_1600x480
VDD,met3-met4,STRIPE,via,188556,29680,190156,30160,1600,via3_1600x480
VDD,met2-met3,STRIPE,via,188556,29680,190156,30160,1600,via2_1600x480
VDD,met1-met2,STRIPE,via,188556,29680,190156,30160,1600,via_1600x480
VDD,met3-met4,STRIPE,via,159548,29680,161148,30160,1600,via3_1600x480
VDD,met2-met3,STRIPE,via,159548,29680,161148,30160,1600,via2_1600x480
VDD,met1-met2,STRIPE,via,159548,29680,161148,30160,1600,via_1600x480
VDD,met3-met4,STRIPE,via,131649,29680,133249,30160,1600,via3_1600x480
VDD,met2-met3,STRIPE,via,131649,29680,133249,30160,1600,via2_1600x480
VDD,met1-met2,STRIPE,via,131649,29680,133249,30160,1600,via_1600x480
VDD,met3-met4,STRIPE,via,101663,29680,103263,30160,1600,via3_1600x480
VDD,met2-met3,STRIPE,via,101663,29680,103263,30160,1600,via2_1600x480
VDD,met1-met2,STRIPE,via,101663,29680,103263,30160,1600,via_1600x480
VDD,met3-met4,STRIPE,via,76990,29680,78590,30160,1600,via3_1600x480
VDD,met2-met3,STRIPE,via,76990,29680,78590,30160,1600,via2_1600x480
VDD,met1-met2,STRIPE,via,76990,29680,78590,30160,1600,via_1600x480
VDD,met3-met4,STRIPE,via,50681,29680,52281,30160,1600,via3_1600x480
VDD,met2-met3,STRIPE,via,50681,29680,52281,30160,1600,via2_1600x480
VDD,met1-met2,STRIPE,via,50681,29680,52281,30160,1600,via_1600x480
VDD,met3-met4,STRIPE,via,19259,29680,20859,30160,1600,via3_1600x480
VDD,met2-met3,STRIPE,via,19259,29680,20859,30160,1600,via2_1600x480
VDD,met1-met2,STRIPE,via,19259,29680,20859,30160,1600,via_1600x480
VDD,met3-met4,STRIPE,via,265388,24240,266988,24720,1600,via3_1600x480
VDD,met2-met3,STRIPE,via,265388,24240,266988,24720,1600,via2_1600x480
VDD,met1-met2,STRIPE,via,265388,24240,266988,24720,1600,via_1600x480
VDD,met3-met4,STRIPE,via,238346,24240,239946,24720,1600,via3_1600x480
VDD,met2-met3,STRIPE,via,238346,24240,239946,24720,1600,via2_1600x480
VDD,met1-met2,STRIPE,via,238346,24240,239946,24720,1600,via_1600x480
VDD,met3-met4,STRIPE,via,211779,24240,213379,24720,1600,via3_1600x480
VDD,met2-met3,STRIPE,via,211779,24240,213379,24720,1600,via2_1600x480
VDD,met1-met2,STRIPE,via,211779,24240,213379,24720,1600,via_1600x480
VDD,met3-met4,STRIPE,via,188556,24240,190156,24720,1600,via3_1600x480
VDD,met2-met3,STRIPE,via,188556,24240,190156,24720,1600,via2_1600x480
VDD,met1-met2,STRIPE,via,188556,24240,190156,24720,1600,via_1600x480
VDD,met3-met4,STRIPE,via,159548,24240,161148,24720,1600,via3_1600x480
VDD,met2-met3,STRIPE,via,159548,24240,161148,24720,1600,via2_1600x480
VDD,met1-met2,STRIPE,via,159548,24240,161148,24720,1600,via_1600x480
VDD,met3-met4,STRIPE,via,131649,24240,133249,24720,1600,via3_1600x480
VDD,met2-met3,STRIPE,via,131649,24240,133249,24720,1600,via2_1600x480
VDD,met1-met2,STRIPE,via,131649,24240,133249,24720,1600,via_1600x480
VDD,met3-met4,STRIPE,via,101663,24240,103263,24720,1600,via3_1600x480
VDD,met2-met3,STRIPE,via,101663,24240,103263,24720,1600,via2_1600x480
VDD,met1-met2,STRIPE,via,101663,24240,103263,24720,1600,via_1600x480
VDD,met3-met4,STRIPE,via,76990,24240,78590,24720,1600,via3_1600x480
VDD,met2-met3,STRIPE,via,76990,24240,78590,24720,1600,via2_1600x480
VDD,met1-met2,STRIPE,via,76990,24240,78590,24720,1600,via_1600x480
VDD,met3-met4,STRIPE,via,50681,24240,52281,24720,1600,via3_1600x480
VDD,met2-met3,STRIPE,via,50681,24240,52281,24720,1600,via2_1600x480
VDD,met1-met2,STRIPE,via,50681,24240,52281,24720,1600,via_1600x480
VDD,met3-met4,STRIPE,via,19259,24240,20859,24720,1600,via3_1600x480
VDD,met2-met3,STRIPE,via,19259,24240,20859,24720,1600,via2_1600x480
VDD,met1-met2,STRIPE,via,19259,24240,20859,24720,1600,via_1600x480
VDD,met3-met4,STRIPE,via,265388,18800,266988,19280,1600,via3_1600x480
VDD,met2-met3,STRIPE,via,265388,18800,266988,19280,1600,via2_1600x480
VDD,met1-met2,STRIPE,via,265388,18800,266988,19280,1600,via_1600x480
VDD,met3-met4,STRIPE,via,238346,18800,239946,19280,1600,via3_1600x480
VDD,met2-met3,STRIPE,via,238346,18800,239946,19280,1600,via2_1600x480
VDD,met1-met2,STRIPE,via,238346,18800,239946,19280,1600,via_1600x480
VDD,met3-met4,STRIPE,via,211779,18800,213379,19280,1600,via3_1600x480
VDD,met2-met3,STRIPE,via,211779,18800,213379,19280,1600,via2_1600x480
VDD,met1-met2,STRIPE,via,211779,18800,213379,19280,1600,via_1600x480
VDD,met3-met4,STRIPE,via,188556,18800,190156,19280,1600,via3_1600x480
VDD,met2-met3,STRIPE,via,188556,18800,190156,19280,1600,via2_1600x480
VDD,met1-met2,STRIPE,via,188556,18800,190156,19280,1600,via_1600x480
VDD,met3-met4,STRIPE,via,159548,18800,161148,19280,1600,via3_1600x480
VDD,met2-met3,STRIPE,via,159548,18800,161148,19280,1600,via2_1600x480
VDD,met1-met2,STRIPE,via,159548,18800,161148,19280,1600,via_1600x480
VDD,met3-met4,STRIPE,via,131649,18800,133249,19280,1600,via3_1600x480
VDD,met2-met3,STRIPE,via,131649,18800,133249,19280,1600,via2_1600x480
VDD,met1-met2,STRIPE,via,131649,18800,133249,19280,1600,via_1600x480
VDD,met3-met4,STRIPE,via,101663,18800,103263,19280,1600,via3_1600x480
VDD,met2-met3,STRIPE,via,101663,18800,103263,19280,1600,via2_1600x480
VDD,met1-met2,STRIPE,via,101663,18800,103263,19280,1600,via_1600x480
VDD,met3-met4,STRIPE,via,76990,18800,78590,19280,1600,via3_1600x480
VDD,met2-met3,STRIPE,via,76990,18800,78590,19280,1600,via2_1600x480
VDD,met1-met2,STRIPE,via,76990,18800,78590,19280,1600,via_1600x480
VDD,met3-met4,STRIPE,via,50681,18800,52281,19280,1600,via3_1600x480
VDD,met2-met3,STRIPE,via,50681,18800,52281,19280,1600,via2_1600x480
VDD,met1-met2,STRIPE,via,50681,18800,52281,19280,1600,via_1600x480
VDD,met3-met4,STRIPE,via,19259,18800,20859,19280,1600,via3_1600x480
VDD,met2-met3,STRIPE,via,19259,18800,20859,19280,1600,via2_1600x480
VDD,met1-met2,STRIPE,via,19259,18800,20859,19280,1600,via_1600x480
VDD,met3-met4,STRIPE,via,265388,13360,266988,13840,1600,via3_1600x480
VDD,met2-met3,STRIPE,via,265388,13360,266988,13840,1600,via2_1600x480
VDD,met1-met2,STRIPE,via,265388,13360,266988,13840,1600,via_1600x480
VDD,met3-met4,STRIPE,via,238346,13360,239946,13840,1600,via3_1600x480
VDD,met2-met3,STRIPE,via,238346,13360,239946,13840,1600,via2_1600x480
VDD,met1-met2,STRIPE,via,238346,13360,239946,13840,1600,via_1600x480
VDD,met3-met4,STRIPE,via,211779,13360,213379,13840,1600,via3_1600x480
VDD,met2-met3,STRIPE,via,211779,13360,213379,13840,1600,via2_1600x480
VDD,met1-met2,STRIPE,via,211779,13360,213379,13840,1600,via_1600x480
VDD,met3-met4,STRIPE,via,188556,13360,190156,13840,1600,via3_1600x480
VDD,met2-met3,STRIPE,via,188556,13360,190156,13840,1600,via2_1600x480
VDD,met1-met2,STRIPE,via,188556,13360,190156,13840,1600,via_1600x480
VDD,met3-met4,STRIPE,via,159548,13360,161148,13840,1600,via3_1600x480
VDD,met2-met3,STRIPE,via,159548,13360,161148,13840,1600,via2_1600x480
VDD,met1-met2,STRIPE,via,159548,13360,161148,13840,1600,via_1600x480
VDD,met3-met4,STRIPE,via,131649,13360,133249,13840,1600,via3_1600x480
VDD,met2-met3,STRIPE,via,131649,13360,133249,13840,1600,via2_1600x480
VDD,met1-met2,STRIPE,via,131649,13360,133249,13840,1600,via_1600x480
VDD,met3-met4,STRIPE,via,101663,13360,103263,13840,1600,via3_1600x480
VDD,met2-met3,STRIPE,via,101663,13360,103263,13840,1600,via2_1600x480
VDD,met1-met2,STRIPE,via,101663,13360,103263,13840,1600,via_1600x480
VDD,met3-met4,STRIPE,via,76990,13360,78590,13840,1600,via3_1600x480
VDD,met2-met3,STRIPE,via,76990,13360,78590,13840,1600,via2_1600x480
VDD,met1-met2,STRIPE,via,76990,13360,78590,13840,1600,via_1600x480
VDD,met3-met4,STRIPE,via,50681,13360,52281,13840,1600,via3_1600x480
VDD,met2-met3,STRIPE,via,50681,13360,52281,13840,1600,via2_1600x480
VDD,met1-met2,STRIPE,via,50681,13360,52281,13840,1600,via_1600x480
VDD,met3-met4,STRIPE,via,19259,13360,20859,13840,1600,via3_1600x480
VDD,met2-met3,STRIPE,via,19259,13360,20859,13840,1600,via2_1600x480
VDD,met1-met2,STRIPE,via,19259,13360,20859,13840,1600,via_1600x480
VDD,met5,STRIPE,wire,10120,241040,269560,242640,1600,
VDD,met5,STRIPE,wire,10120,213840,269560,215440,1600,
VDD,met5,STRIPE,wire,10120,186640,269560,188240,1600,
VDD,met5,STRIPE,wire,10120,159440,269560,161040,1600,
VDD,met5,STRIPE,wire,10120,132240,269560,133840,1600,
VDD,met5,STRIPE,wire,10120,105040,269560,106640,1600,
VDD,met5,STRIPE,wire,10120,77840,269560,79440,1600,
VDD,met5,STRIPE,wire,10120,50640,269560,52240,1600,
VDD,met5,STRIPE,wire,10120,23440,269560,25040,1600,
VDD,met4,STRIPE,wire,265388,10640,266988,269520,1600,
VDD,met4,STRIPE,wire,238346,10640,239946,269520,1600,
VDD,met4,STRIPE,wire,211779,10640,213379,269520,1600,
VDD,met4,STRIPE,wire,188556,10640,190156,269520,1600,
VDD,met4,STRIPE,wire,159548,10640,161148,269520,1600,
VDD,met4,STRIPE,wire,131649,10640,133249,269520,1600,
VDD,met4,STRIPE,wire,101663,10640,103263,269520,1600,
VDD,met4,STRIPE,wire,76990,10640,78590,269520,1600,
VDD,met4,STRIPE,wire,50681,10640,52281,269520,1600,
VDD,met4,STRIPE,wire,19259,10640,20859,269520,1600,
VDD,met1,FOLLOWPIN,wire,10120,269040,269560,269520,480,
VDD,met1,FOLLOWPIN,wire,10120,263600,269560,264080,480,
VDD,met1,FOLLOWPIN,wire,10120,258160,269560,258640,480,
VDD,met1,FOLLOWPIN,wire,10120,252720,269560,253200,480,
VDD,met1,FOLLOWPIN,wire,10120,247280,269560,247760,480,
VDD,met1,FOLLOWPIN,wire,10120,241840,269560,242320,480,
VDD,met1,FOLLOWPIN,wire,10120,236400,269560,236880,480,
VDD,met1,FOLLOWPIN,wire,10120,230960,269560,231440,480,
VDD,met1,FOLLOWPIN,wire,10120,225520,269560,226000,480,
VDD,met1,FOLLOWPIN,wire,10120,220080,269560,220560,480,
VDD,met1,FOLLOWPIN,wire,10120,214640,269560,215120,480,
VDD,met1,FOLLOWPIN,wire,10120,209200,269560,209680,480,
VDD,met1,FOLLOWPIN,wire,10120,203760,269560,204240,480,
VDD,met1,FOLLOWPIN,wire,10120,198320,269560,198800,480,
VDD,met1,FOLLOWPIN,wire,10120,192880,269560,193360,480,
VDD,met1,FOLLOWPIN,wire,10120,187440,269560,187920,480,
VDD,met1,FOLLOWPIN,wire,10120,182000,269560,182480,480,
VDD,met1,FOLLOWPIN,wire,10120,176560,269560,177040,480,
VDD,met1,FOLLOWPIN,wire,10120,171120,269560,171600,480,
VDD,met1,FOLLOWPIN,wire,10120,165680,269560,166160,480,
VDD,met1,FOLLOWPIN,wire,10120,160240,269560,160720,480,
VDD,met1,FOLLOWPIN,wire,10120,154800,269560,155280,480,
VDD,met1,FOLLOWPIN,wire,10120,149360,269560,149840,480,
VDD,met1,FOLLOWPIN,wire,10120,143920,269560,144400,480,
VDD,met1,FOLLOWPIN,wire,10120,138480,269560,138960,480,
VDD,met1,FOLLOWPIN,wire,10120,133040,269560,133520,480,
VDD,met1,FOLLOWPIN,wire,10120,127600,269560,128080,480,
VDD,met1,FOLLOWPIN,wire,10120,122160,269560,122640,480,
VDD,met1,FOLLOWPIN,wire,10120,116720,269560,117200,480,
VDD,met1,FOLLOWPIN,wire,10120,111280,269560,111760,480,
VDD,met1,FOLLOWPIN,wire,10120,105840,269560,106320,480,
VDD,met1,FOLLOWPIN,wire,10120,100400,269560,100880,480,
VDD,met1,FOLLOWPIN,wire,10120,94960,269560,95440,480,
VDD,met1,FOLLOWPIN,wire,10120,89520,269560,90000,480,
VDD,met1,FOLLOWPIN,wire,10120,84080,269560,84560,480,
VDD,met1,FOLLOWPIN,wire,10120,78640,269560,79120,480,
VDD,met1,FOLLOWPIN,wire,10120,73200,269560,73680,480,
VDD,met1,FOLLOWPIN,wire,10120,67760,269560,68240,480,
VDD,met1,FOLLOWPIN,wire,10120,62320,269560,62800,480,
VDD,met1,FOLLOWPIN,wire,10120,56880,269560,57360,480,
VDD,met1,FOLLOWPIN,wire,10120,51440,269560,51920,480,
VDD,met1,FOLLOWPIN,wire,10120,46000,269560,46480,480,
VDD,met1,FOLLOWPIN,wire,10120,40560,269560,41040,480,
VDD,met1,FOLLOWPIN,wire,10120,35120,269560,35600,480,
VDD,met1,FOLLOWPIN,wire,10120,29680,269560,30160,480,
VDD,met1,FOLLOWPIN,wire,10120,24240,269560,24720,480,
VDD,met1,FOLLOWPIN,wire,10120,18800,269560,19280,480,
VDD,met1,FOLLOWPIN,wire,10120,13360,269560,13840,480,
