net,layer,shape,kind,x1,y1,x2,y2,width,via_name
VSS,met4-met5,STRIPE,via,253482,254640,255082,256240,1600,via4_1600x1600
VSS,met4-met5,STRIPE,via,225434,254640,227034,256240,1600,via4_1600x1600
VSS,met4-met5,STRIPE,via,198409,254640,200009,256240,1600,via4_1600x1600
VSS,met4-met5,STRIPE,via,171102,254640,172702,256240,1600,via4_1600x1600
VSS,met4-met5,STRIPE,via,145641,254640,147241,256240,1600,via4_1600x1600
VSS,met4-met5,STRIPE,via,118101,254640,119701,256240,1600,via4_1600x1600
VSS,met4-met5,STRIPE,via,91261,254640,92861,256240,1600,via4_1600x1600
VSS,met4-met5,STRIPE,via,62812,254640,64412,256240,1600,via4_1600x1600
VSS,met4-met5,STRIPE,via,37794,254640,39394,256240,1600,via4_1600x1600
VSS,met4-met5,STRIPE,via,253482,227440,255082,229040,1600,via4_1600x1600
VSS,met4-met5,STRIPE,via,225434,227440,227034,229040,1600,via4_1600x1600
VSS,met4-met5,STRIPE,via,198409,227440,200009,229040,1600,via4_1600x1600
VSS,met4-met5,STRIPE,via,171102,227440,172702,229040,1600,via4_1600x1600
VSS,met4-met5,STRIPE,via,145641,227440,147241,229040,1600,via4_1600x1600
VSS,met4-met5,STRIPE,via,118101,227440,119701,229040,1600,via4_1600x1600
VSS,met4-met5,STRIPE,via,91261,227440,92861,229040,1600,via4_1600x1600
VSS,met4-met5,STRIPE,via,62812,227440,64412,229040,1600,via4_1600x1600
VSS,met4-met5,STRIPE,via,37794,227440,39394,229040,1600,via4_1600x1600
VSS,met4-met5,STRIPE,via,253482,200240,255082,201840,1600,via4_1600x1600
VSS,met4-met5,STRIPE,via,225434,200240,227034,201840,1600,via4_1600x1600
VSS,met4-met5,STRIPE,via,198409,200240,200009,201840,1600,via4_1600x1600
VSS,met4-met5,STRIPE,via,171102,200240,172702,201840,1600,via4_1600x1600
VSS,met4-met5,STRIPE,via,145641,200240,147241,201840,1600,via4_1600x1600
VSS,met4-met5,STRIPE,via,118101,200240,119701,201840,1600,via4_1600x1600
VSS,met4-met5,STRIPE,via,91261,200240,92861,201840,1600,via4_1600x1600
VSS,met4-met5,STRIPE,via,62812,200240,64412,201840,1600,via4_1600x1600
VSS,met4-met5,STRIPE,via,37794,200240,39394,201840,1600,via4_1600x1600
VSS,met4-met5,STRIPE,via,253482,173040,255082,174640,1600,via4_1600x1600
VSS,met4-met5,STRIPE,via,225434,173040,227034,174640,1600,via4_1600x1600
VSS,met4-met5,STRIPE,via,198409,173040,200009,174640,1600,via4_1600x1600
VSS,met4-met5,STRIPE,via,171102,173040,172702,174640,1600,via4_1600x1600
VSS,met4-met5,STRIPE,via,145641,173040,147241,174640,1600,via4_1600x1600
VSS,met4-met5,STRIPE,via,118101,173040,119701,174640,1600,via4_1600x1600
VSS,met4-met5,STRIPE,via,91261,173040,92861,174640,1600,via4_1600x1600
VSS,met4-met5,STRIPE,via,62812,173040,64412,174640,1600,via4_1600x1600
VSS,met4-met5,STRIPE,via,37794,173040,39394,174640,1600,via4_1600x1600
VSS,met4-met5,STRIPE,via,253482,145840,255082,147440,1600,via4_1600x1600
VSS,met4-met5,STRIPE,via,225434,145840,227034,147440,1600,via4_1600x1600
VSS,met4-met5,STRIPE,via,198409,145840,200009,147440,1600,via4_1600x1600
VSS,met4-met5,STRIPE,via,171102,145840,172702,147440,1600,via4_1600x1600
VSS,met4-met5,STRIPE,via,145641,145840,147241,147440,1600,via4_1600x1600
VSS,met4-met5,STRIPE,via,118101,145840,119701,147440,1600,via4_1600x1600
VSS,met4-met5,STRIPE,via,91261,145840,92861,147440,1600,via4_1600x1600
VSS,met4-met5,STRIPE,via,62812,145840,64412,147440,1600,via4_1600x1600
VSS,met4-met5,STRIPE,via,37794,145840,39394,147440,1600,via4_1600x1600
VSS,met4-met5,STRIPE,via,253482,118640,255082,120240,1600,via4_1600x1600
VSS,met4-met5,STRIPE,via,225434,118640,227034,120240,1600,via4_1600x1600
VSS,met4-met5,STRIPE,via,198409,118640,200009,120240,1600,via4_1600x1600
VSS,met4-met5,STRIPE,via,171102,118640,172702,120240,1600,via4_1600x1600
VSS,met4-met5,STRIPE,via,145641,118640,147241,120240,1600,via4_1600x1600
VSS,met4-met5,STRIPE,via,118101,118640,119701,120240,1600,via4_1600x1600
VSS,met4-met5,STRIPE,via,91261,118640,92861,120240,1600,via4_1600x1600
VSS,met4-met5,STRIPE,via,62812,118640,64412,120240,1600,via4_1600x1600
VSS,met4-met5,STRIPE,via,37794,118640,39394,120240,1600,via4_1600x1600
VSS,met4-met5,STRIPE,via,253482,91440,255082,93040,1600,via4_1600x1600
VSS,met4-met5,STRIPE,via,225434,91440,227034,93040,1600,via4_1600x1600
VSS,met4-met5,STRIPE,via,198409,91440,200009,93040,1600,via4_1600x1600
VSS,met4-met5,STRIPE,via,171102,91440,172702,93040,1600,via4_1600x1600
VSS,met4-met5,STRIPE,via,145641,91440,147241,93040,1600,via4_1600x1600
VSS,met4-met5,STRIPE,via,118101,91440,119701,93040,1600,via4_1600x1600
VSS,met4-met5,STRIPE,via,91261,91440,92861,93040,1600,via4_1600x1600
VSS,met4-met5,STRIPE,via,62812,91440,64412,93040,1600,via4_1600x1600
VSS,met4-met5,STRIPE,via,37794,91440,39394,93040,1600,via4_1600x1600
VSS,met4-met5,STRIPE,via,253482,64240,255082,65840,1600,via4_1600x1600
VSS,met4-met5,STRIPE,via,225434,64240,227034,65840,1600,via4_1600x1600
VSS,met4-met5,STRIPE,via,198409,64240,200009,65840,1600,via4_1600x1600
VSS,met4-met5,STRIPE,via,171102,64240,172702,65840,1600,via4_1600x1600
VSS,met4-met5,STRIPE,via,145641,64240,147241,65840,1600,via4_1600x1600
VSS,met4-met5,STRIPE,via,118101,64240,119701,65840,1600,via4_1600x1600
VSS,met4-met5,STRIPE,via,91261,64240,92861,65840,1600,via4_1600x1600
VSS,met4-met5,STRIPE,via,62812,64240,64412,65840,1600,via4_1600x1600
VSS,met4-met5,STRIPE,via,37794,64240,39394,65840,1600,via4_1600x1600
VSS,met4-met5,STRIPE,via,253482,37040,255082,38640,1600,via4_1600x1600
VSS,met4-met5,STRIPE,via,225434,37040,227034,38640,1600,via4_1600x1600
VSS,met4-met5,STRIPE,via,198409,37040,200009,38640,1600,via4_1600x1600
VSS,met4-met5,STRIPE,via,171102,37040,172702,38640,1600,via4_1600x1600
VSS,met4-met5,STRIPE,via,145641,37040,147241,38640,1600,via4_1600x1600
VSS,met4-met5,STRIPE,via,118101,37040,119701,38640,1600,via4_1600x1600
VSS,met4-met5,STRIPE,via,91261,37040,92861,38640,1600,via4_1600x1600
VSS,met4-met5,STRIPE,via,62812,37040,64412,38640,1600,via4_1600x1600
VSS,met4-met5,STRIPE,via,37794,37040,39394,38640,1600,via4_1600x1600
VSS,met3-met4,STRIPE,via,253482,266320,255082,266800,1600,via3_1600x480
VSS,met2-met3,STRIPE,via,253482,266320,255082,266800,1600,via2_1600x480
VSS,met1-met2,STRIPE,via,253482,266320,255082,266800,1600,via_1600x480
VSS,met3-met4,STRIPE,via,225434,266320,227034,266800,1600,via3_1600x480
VSS,met2-met3,STRIPE,via,225434,266320,227034,266800,1600,via2_1600x480
VSS,met1-met2,STRIPE,via,225434,266320,227034,266800,1600,via_1600x480
VSS,met3-met4,STRIPE,via,198409,266320,200009,266800,1600,via3_1600x480
VSS,met2-met3,STRIPE,via,198409,266320,200009,266800,1600,via2_1600x480
VSS,met1-met2,STRIPE,via,198409,266320,200009,266800,1600,via_1600x480
VSS,met3-met4,STRIPE,via,171102,266320,172702,266800,1600,via3_1600x480
VSS,met2-met3,STRIPE,via,171102,266320,172702,266800,1600,via2_1600x480
VSS,met1-met2,STRIPE,via,171102,266320,172702,266800,1600,via_1600x480
VSS,met3-met4,STRIPE,via,145641,266320,147241,266800,1600,via3_1600x480
VSS,met2-met3,STRIPE,via,145641,266320,147241,266800,1600,via2_1600x480
VSS,met1-met2,STRIPE,via,145641,266320,147241,266800,1600,via_1600x480
VSS,met3-met4,STRIPE,via,118101,266320,119701,266800,1600,via3_1600x480
VSS,met2-met3,STRIPE,via,118101,266320,119701,266800,1600,via2_1600x480
VSS,met1-met2,STRIPE,via,118101,266320,119701,266800,1600,via_1600x480
VSS,met3-met4,STRIPE,via,91261,266320,92861,266800,1600,via3_1600x480
VSS,met2-met3,STRIPE,via,91261,266320,92861,266800,1600,via2_1600x480
VSS,met1-met2,STRIPE,via,91261,266320,92861,266800,1600,via_1600x480
VSS,met3-met4,STRIPE,via,62812,266320,64412,266800,1600,via3_1600x480
VSS,met2-met3,STRIPE,via,62812,266320,64412,266800,1600,via2_1600x480
VSS,met1-met2,STRIPE,via,62812,266320,64412,266800,1600,via_1600x480
VSS,met3-met4,STRIPE,via,37794,266320,39394,266800,1600,via3_1600x480
VSS,met2-met3,STRIPE,via,37794,266320,39394,266800,1600,via2_1600x480
VSS,met1-met2,STRIPE,via,37794,266320,39394,266800,1600,via_1600x480
VSS,met3-met4,STRIPE,via,253482,260880,255082,261360,1600,via3_1600x480
VSS,met2-met3,STRIPE,via,253482,260880,255082,261360,1600,via2_1600x480
VSS,met1-met2,STRIPE,via,253482,260880,255082,261360,1600,via_1600x480
VSS,met3-met4,STRIPE,via,225434,260880,227034,261360,1600,via3_1600x480
VSS,met2-met3,STRIPE,via,225434,260880,227034,261360,1600,via2_1600x480
VSS,met1-met2,STRIPE,via,225434,260880,227034,261360,1600,via_1600x480
VSS,met3-met4,STRIPE,via,198409,260880,200009,261360,1600,via3_1600x480
VSS,met2-met3,STRIPE,via,198409,260880,200009,261360,1600,via2_1600x480
VSS,met1-met2,STRIPE,via,198409,260880,200009,261360,1600,via_1600x480
VSS,met3-met4,STRIPE,via,171102,260880,172702,261360,1600,via3_1600x480
VSS,met2-met3,STRIPE,via,171102,260880,172702,261360,1600,via2_1600x480
VSS,met1-met2,STRIPE,via,171102,260880,172702,261360,1600,via_1600x480
VSS,met3-met4,STRIPE,via,145641,260880,147241,261360,1600,via3_1600x480
VSS,met2-met3,STRIPE,via,145641,260880,147241,261360,1600,via2_1600x480
VSS,met1-met2,STRIPE,via,145641,260880,147241,261360,1600,via_1600x480
VSS,met3-met4,STRIPE,via,118101,260880,119701,261360,1600,via3_1600x480
VSS,met2-met3,STRIPE,via,118101,260880,119701,261360,1600,via2_1600x480
VSS,met1-met2,STRIPE,via,118101,260880,119701,261360,1600,via_1600x480
VSS,met3-met4,STRIPE,via,91261,260880,92861,261360,1600,via3_1600x480
VSS,met2-met3,STRIPE,via,91261,260880,92861,261360,1600,via2_1600x480
VSS,met1-met2,STRIPE,via,91261,260880,92861,261360,1600,via_1600x480
VSS,met3-met4,STRIPE,via,62812,260880,64412,261360,1600,via3_1600x480
VSS,met2-met3,STRIPE,via,62812,260880,64412,261360,1600,via2_1600x480
VSS,met1-met2,STRIPE,via,62812,260880,64412,261360,1600,via_1600x480
VSS,met3-met4,STRIPE,via,37794,260880,39394,261360,1600,via3_1600x480
VSS,met2-met3,STRIPE,via,37794,260880,39394,261360,1600,via2_1600x480
VSS,met1-met2,STRIPE,via,37794,260880,39394,261360,1600,via_1600x480
VSS,met3-met4,STRIPE,via,253482,255440,255082,255920,1600,via3_1600x480
VSS,met2-met3,STRIPE,via,253482,255440,255082,255920,1600,via2_1600x480
VSS,met1-met2,STRIPE,via,253482,255440,255082,255920,1600,via_1600x480
VSS,met3-met4,STRIPE,via,225434,255440,227034,255920,1600,via3_1600x480
VSS,met2-met3,STRIPE,via,225434,255440,227034,255920,1600,via2_1600x480
VSS,met1-met2,STRIPE,via,225434,255440,227034,255920,1600,via_1600x480
VSS,met3-met4,STRIPE,via,198409,255440,200009,255920,1600,via3_1600x480
VSS,met2-met3,STRIPE,via,198409,255440,200009,255920,1600,via2_1600x480
VSS,met1-met2,STRIPE,via,198409,255440,200009,255920,1600,via_1600x480
VSS,met3-met4,STRIPE,via,171102,255440,172702,255920,1600,via3_1600x480
VSS,met2-met3,STRIPE,via,171102,255440,172702,255920,1600,via2_1600x480
VSS,met1-met2,STRIPE,via,171102,255440,172702,255920,1600,via_1600x480
VSS,met3-met4,STRIPE,via,145641,255440,147241,255920,1600,via3_1600x480
VSS,met2-met3,STRIPE,via,145641,255440,147241,255920,1600,via2_1600x480
VSS,met1-met2,STRIPE,via,145641,255440,147241,255920,1600,via_1600x480
VSS,met3-met4,STRIPE,via,118101,255440,119701,255920,1600,via3_1600x480
VSS,met2-met3,STRIPE,via,118101,255440,119701,255920,1600,via2_1600x480
VSS,met1-met2,STRIPE,via,118101,255440,119701,255920,1600,via_1600x480
VSS,met3-met4,STRIPE,via,91261,255440,92861,255920,1600,via3_1600x480
VSS,met2-met3,STRIPE,via,91261,255440,92861,255920,1600,via2_1600x480
VSS,met1-met2,STRIPE,via,91261,255440,92861,255920,1600,via_1600x480
VSS,met3-met4,STRIPE,via,62812,255440,64412,255920,1600,via3_1600x480
VSS,met2-met3,STRIPE,via,62812,255440,64412,255920,1600,via2_1600x480
VSS,met1-met2,STRIPE,via,62812,255440,64412,255920,1600,via_1600x480
VSS,met3-met4,STRIPE,via,37794,255440,39394,255920,1600,via3_1600x480
VSS,met2-met3,STRIPE,via,37794,255440,39394,255920,1600,via2_1600x480
VSS,met1-met2,STRIPE,via,37794,255440,39394,255920,1600,via_1600x480
VSS,met3-met4,STRIPE,via,253482,250000,255082,250480,1600,via3_1600x480
VSS,met2-met3,STRIPE,via,253482,250000,255082,250480,1600,via2_1600x480
VSS,met1-met2,STRIPE,via,253482,250000,255082,250480,1600,via_1600x480
VSS,met3-met4,STRIPE,via,225434,250000,227034,250480,1600,via3_1600x480
VSS,met2-met3,STRIPE,via,225434,250000,227034,250480,1600,via2_1600x480
VSS,met1-met2,STRIPE,via,225434,250000,227034,250480,1600,via_1600x480
VSS,met3-met4,STRIPE,via,198409,250000,200009,250480,1600,via3_1600x480
VSS,met2-met3,STRIPE,via,198409,250000,200009,250480,1600,via2_1600x480
VSS,met1-met2,STRIPE,via,198409,250000,200009,250480,1600,via_1600x480
VSS,met3-met4,STRIPE,via,171102,250000,172702,250480,1600,via3_1600x480
VSS,met2-met3,STRIPE,via,171102,250000,172702,250480,1600,via2_1600x480
VSS,met1-met2,STRIPE,via,171102,250000,172702,250480,1600,via_1600x480
VSS,met3-met4,STRIPE,via,145641,250000,147241,250480,1600,via3_1600x480
VSS,met2-met3,STRIPE,via,145641,250000,147241,250480,1600,via2_1600x480
VSS,met1-met2,STRIPE,via,145641,250000,147241,250480,1600,via_1600x480
VSS,met3-met4,STRIPE,via,118101,250000,119701,250480,1600,via3_1600x480
VSS,met2-met3,STRIPE,via,118101,250000,119701,250480,1600,via2_1600x480
VSS,met1-met2,STRIPE,via,118101,250000,119701,250480,1600,via_1600x480
VSS,met3-met4,STRIPE,via,91261,250000,92861,250480,1600,via3_1600x480
VSS,met2-met3,STRIPE,via,91261,250000,92861,250480,1600,via2_1600x480
VSS,met1-met2,STRIPE,via,91261,250000,92861,250480,1600,via_1600x480
VSS,met3-met4,STRIPE,via,62812,250000,64412,250480,1600,via3_1600x480
VSS,met2-met3,STRIPE,via,62812,250000,64412,250480,1600,via2_1600x480
VSS,met1-met2,STRIPE,via,62812,250000,64412,250480,1600,via_1600x480
VSS,met3-met4,STRIPE,via,37794,250000,39394,250480,1600,via3_1600x480
VSS,met2-met3,STRIPE,via,37794,250000,39394,250480,1600,via2_1600x480
VSS,met1-met2,STRIPE,via,37794,250000,39394,250480,1600,via_1600x480
VSS,met3-met4,STRIPE,via,253482,244560,255082,245040,1600,via3_1600x480
VSS,met2-met3,STRIPE,via,253482,244560,255082,245040,1600,via2_1600x480
VSS,met1-met2,STRIPE,via,253482,244560,255082,245040,1600,via_1600x480
VSS,met3-met4,STRIPE,via,225434,244560,227034,245040,1600,via3_1600x480
VSS,met2-met3,STRIPE,via,225434,244560,227034,245040,1600,via2_1600x480
VSS,met1-met2,STRIPE,via,225434,244560,227034,245040,1600,via_1600x480
VSS,met3-met4,STRIPE,via,198409,244560,200009,245040,1600,via3_1600x480
VSS,met2-met3,STRIPE,via,198409,244560,200009,245040,1600,via2_1600x480
VSS,met1-met2,STRIPE,via,198409,244560,200009,245040,1600,via_1600x480
VSS,met3-met4,STRIPE,via,171102,244560,172702,245040,1600,via3_1600x480
VSS,met2-met3,STRIPE,via,171102,244560,172702,245040,1600,via2_1600x480
VSS,met1-met2,STRIPE,via,171102,244560,172702,245040,1600,via_1600x480
VSS,met3-met4,STRIPE,via,145641,244560,147241,245040,1600,via3_1600x480
VSS,met2-met3,STRIPE,via,145641,244560,147241,245040,1600,via2_1600x480
VSS,met1-met2,STRIPE,via,145641,244560,147241,245040,1600,via_1600x480
VSS,met3-met4,STRIPE,via,118101,244560,119701,245040,1600,via3_1600x480
VSS,met2-met3,STRIPE,via,118101,244560,119701,245040,1600,via2_1600x480
VSS,met1-met2,STRIPE,via,118101,244560,119701,245040,1600,via_1600x480
VSS,met3-met4,STRIPE,via,91261,244560,92861,245040,1600,via3_1600x480
VSS,met2-met3,STRIPE,via,91261,244560,92861,245040,1600,via2_1600x480
VSS,met1-met2,STRIPE,via,91261,244560,92861,245040,1600,via_1600x480
VSS,met3-met4,STRIPE,via,62812,244560,64412,245040,1600,via3_1600x480
VSS,met2-met3,STRIPE,via,62812,244560,64412,245040,1600,via2_1600x480
VSS,met1-met2,STRIPE,via,62812,244560,64412,245040,1600,via_1600x480
VSS,met3-met4,STRIPE,via,37794,244560,39394,245040,1600,via3_1600x480
VSS,met2-met3,STRIPE,via,37794,244560,39394,245040,1600,via2_1600x480
VSS,met1-met2,STRIPE,via,37794,244560,39394,245040,1600,via_1600x480
VSS,met3-met4,STRIPE,via,253482,239120,255082,239600,1600,via3_1600x480
VSS,met2-met3,STRIPE,via,253482,239120,255082,239600,1600,via2_1600x480
VSS,met1-met2,STRIPE,via,253482,239120,255082,239600,1600,via_1600x480
VSS,met3-met4,STRIPE,via,225434,239120,227034,239600,1600,via3_1600x480
VSS,met2-met3,STRIPE,via,225434,239120,227034,239600,1600,via2_1600x480
VSS,met1-met2,STRIPE,via,225434,239120,227034,239600,1600,via_1600x480
VSS,met3-met4,STRIPE,via,198409,239120,200009,239600,1600,via3_1600x480
VSS,met2-met3,STRIPE,via,198409,239120,200009,239600,1600,via2_1600x480
VSS,met1-met2,STRIPE,via,198409,239120,200009,239600,1600,via_1600x480
VSS,met3-met4,STRIPE,via,171102,239120,172702,239600,1600,via3_1600x480
VSS,met2-met3,STRIPE,via,171102,239120,172702,239600,1600,via2_1600x480
VSS,met1-met2,STRIPE,via,171102,239120,172702,239600,1600,via_1600x480
VSS,met3-met4,STRIPE,via,145641,239120,147241,239600,1600,via3_1600x480
VSS,met2-met3,STRIPE,via,145641,239120,147241,239600,1600,via2_1600x480
VSS,met1-met2,STRIPE,via,145641,239120,147241,239600,1600,via_1600x480
VSS,met3-met4,STRIPE,via,118101,239120,119701,239600,1600,via3_1600x480
VSS,met2-met3,STRIPE,via,118101,239120,119701,239600,1600,via2_1600x480
VSS,met1-met2,STRIPE,via,118101,239120,119701,239600,1600,via_1600x480
VSS,met3-met4,STRIPE,via,91261,239120,92861,239600,1600,via3_1600x480
VSS,met2-met3,STRIPE,via,91261,239120,92861,239600,1600,via2_1600x480
VSS,met1-met2,STRIPE,via,91261,239120,92861,239600,1600,via_1600x480
VSS,met3-met4,STRIPE,via,62812,239120,64412,239600,1600,via3_1600x480
VSS,met2-met3,STRIPE,via,62812,239120,64412,239600,1600,via2_1600x480
VSS,met1-met2,STRIPE,via,62812,239120,64412,239600,1600,via_1600x480
VSS,met3-met4,STRIPE,via,37794,239120,39394,239600,1600,via3_1600x480
VSS,met2-met3,STRIPE,via,37794,239120,39394,239600,1600,via2_1600x480
VSS,met1-met2,STRIPE,via,37794,239120,39394,239600,1600,via_1600x480
VSS,met3-met4,STRIPE,via,253482,233680,255082,234160,1600,via3_1600x480
VSS,met2-met3,STRIPE,via,253482,233680,255082,234160,1600,via2_1600x480
VSS,met1-met2,STRIPE,via,253482,233680,255082,234160,1600,via_1600x480
VSS,met3-met4,STRIPE,via,225434,233680,227034,234160,1600,via3_1600x480
VSS,met2-met3,STRIPE,via,225434,233680,227034,234160,1600,via2_1600x480
VSS,met1-met2,STRIPE,via,225434,233680,227034,234160,1600,via_1600x480
VSS,met3-met4,STRIPE,via,198409,233680,200009,234160,1600,via3_1600x480
VSS,met2-met3,STRIPE,via,198409,233680,200009,234160,1600,via2_1600x480
VSS,met1-met2,STRIPE,via,198409,233680,200009,234160,1600,via_1600x480
VSS,met3-met4,STRIPE,via,171102,233680,172702,234160,1600,via3_1600x480
VSS,met2-met3,STRIPE,via,171102,233680,172702,234160,1600,via2_1600x480
VSS,met1-met2,STRIPE,via,171102,233680,172702,234160,1600,via_1600x480
VSS,met3-met4,STRIPE,via,145641,233680,147241,234160,1600,via3_1600x480
VSS,met2-met3,STRIPE,via,145641,233680,147241,234160,1600,via2_1600x480
VSS,met1-met2,STRIPE,via,145641,233680,147241,234160,1600,via_1600x480
VSS,met3-met4,STRIPE,via,118101,233680,119701,234160,1600,via3_1600x480
VSS,met2-met3,STRIPE,via,118101,233680,119701,234160,1600,via2_1600x480
VSS,met1-met2,STRIPE,via,118101,233680,119701,234160,1600,via_1600x480
VSS,met3-met4,STRIPE,via,91261,233680,92861,234160,1600,via3_1600x480
VSS,met2-met3,STRIPE,via,91261,233680,92861,234160,1600,via2_1600x480
VSS,met1-met2,STRIPE,via,91261,233680,92861,234160,1600,via_1600x480
VSS,met3-met4,STRIPE,via,62812,233680,64412,234160,1600,via3_1600x480
VSS,met2-met3,STRIPE,via,62812,233680,64412,234160,1600,via2_1600x480
VSS,met1-met2,STRIPE,via,62812,233680,64412,234160,1600,via_1600x480
VSS,met3-met4,STRIPE,via,37794,233680,39394,234160,1600,via3_1600x480
VSS,met2-met3,STRIPE,via,37794,233680,39394,234160,1600,via2_1600x480
VSS,met1-met2,STRIPE,via,37794,233680,39394,234160,1600,via_1600x480
VSS,met3-met4,STRIPE,via,253482,228240,255082,228720,1600,via3_1600x480
VSS,met2-met3,STRIPE,via,253482,228240,255082,228720,1600,via2_1600x480
VSS,met1-met2,STRIPE,via,253482,228240,255082,228720,1600,via_1600x480
VSS,met3-met4,STRIPE,via,225434,228240,227034,228720,1600,via3_1600x480
VSS,met2-met3,STRIPE,via,225434,228240,227034,228720,1600,via2_1600x480
VSS,met1-met2,STRIPE,via,225434,228240,227034,228720,1600,via_1600x480
VSS,met3-met4,STRIPE,via,198409,228240,200009,228720,1600,via3_1600x480
VSS,met2-met3,STRIPE,via,198409,228240,200009,228720,1600,via2_1600x480
VSS,met1-met2,STRIPE,via,198409,228240,200009,228720,1600,via_1600x480
VSS,met3-met4,STRIPE,via,171102,228240,172702,228720,1600,via3_1600x480
VSS,met2-met3,STRIPE,via,171102,228240,172702,228720,1600,via2_1600x480
VSS,met1-met2,STRIPE,via,171102,228240,172702,228720,1600,via_1600x480
VSS,met3-met4,STRIPE,via,145641,228240,147241,228720,1600,via3_1600x480
VSS,met2-met3,STRIPE,via,145641,228240,147241,228720,1600,via2_1600x480
VSS,met1-met2,STRIPE,via,145641,228240,147241,228720,1600,via_1600x480
VSS,met3-met4,STRIPE,via,118101,228240,119701,228720,1600,via3_1600x480
VSS,met2-met3,STRIPE,via,118101,228240,119701,228720,1600,via2_1600x480
VSS,met1-met2,STRIPE,via,118101,228240,119701,228720,1600,via_1600x480
VSS,met3-met4,STRIPE,via,91261,228240,92861,228720,1600,via3_1600x480
VSS,met2-met3,STRIPE,via,91261,228240,92861,228720,1600,via2_1600x480
VSS,met1-met2,STRIPE,via,91261,228240,92861,228720,1600,via_1600x480
VSS,met3-met4,STRIPE,via,62812,228240,64412,228720,1600,via3_1600x480
VSS,met2-met3,STRIPE,via,62812,228240,64412,228720,1600,via2_1600x480
VSS,met1-met2,STRIPE,via,62812,228240,64412,228720,1600,via_1600x480
VSS,met3-met4,STRIPE,via,37794,228240,39394,228720,1600,via3_1600x480
VSS,met2-met3,STRIPE,via,37794,228240,39394,228720,1600,via2_1600x480
VSS,met1-met2,STRIPE,via,37794,228240,39394,228720,1600,via_1600x480
VSS,met3-met4,STRIPE,via,253482,222800,255082,223280,1600,via3_1600x480
VSS,met2-met3,STRIPE,via,253482,222800,255082,223280,1600,via2_1600x480
VSS,met1-met2,STRIPE,via,253482,222800,255082,223280,1600,via_1600x480
VSS,met3-met4,STRIPE,via,225434,222800,227034,223280,1600,via3_1600x480
VSS,met2-met3,STRIPE,via,225434,222800,227034,223280,1600,via2_1600x480
VSS,met1-met2,STRIPE,via,225434,222800,227034,223280,1600,via_1600x480
VSS,met3-met4,STRIPE,via,198409,222800,200009,223280,1600,via3_1600x480
VSS,met2-met3,STRIPE,via,198409,222800,200009,223280,1600,via2_1600x480
VSS,met1-met2,STRIPE,via,198409,222800,200009,223280,1600,via_1600x480
VSS,met3-met4,STRIPE,via,171102,222800,172702,223280,1600,via3_1600x480
VSS,met2-met3,STRIPE,via,171102,222800,172702,223280,1600,via2_1600x480
VSS,met1-met2,STRIPE,via,171102,222800,172702,223280,1600,via_1600x480
VSS,met3-met4,STRIPE,via,145641,222800,147241,223280,1600,via3_1600x480
VSS,met2-met3,STRIPE,via,145641,222800,147241,223280,1600,via2_1600x480
VSS,met1-met2,STRIPE,via,145641,222800,147241,223280,1600,via_1600x480
VSS,met3-met4,STRIPE,via,118101,222800,119701,223280,1600,via3_1600x480
VSS,met2-met3,STRIPE,via,118101,222800,119701,223280,1600,via2_1600x480
VSS,met1-met2,STRIPE,via,118101,222800,119701,223280,1600,via_1600x480
VSS,met3-met4,STRIPE,via,91261,222800,92861,223280,1600,via3_1600x480
VSS,met2-met3,STRIPE,via,91261,222800,92861,223280,1600,via2_1600x480
VSS,met1-met2,STRIPE,via,91261,222800,92861,223280,1600,via_1600x480
VSS,met3-met4,STRIPE,via,62812,222800,64412,223280,1600,via3_1600x480
VSS,met2-met3,STRIPE,via,62812,222800,64412,223280,1600,via2_1600x480
VSS,met1-met2,STRIPE,via,62812,222800,64412,223280,1600,via_1600x480
VSS,met3-met4,STRIPE,via,37794,222800,39394,223280,1600,via3_1600x480
VSS,met2-met3,STRIPE,via,37794,222800,39394,223280,1600,via2_1600x480
VSS,met1-met2,STRIPE,via,37794,222800,39394,223280,1600,via_1600x480
VSS,met3-met4,STRIPE,via,253482,217360,255082,217840,1600,via3_1600x480
VSS,met2-met3,STRIPE,via,253482,217360,255082,217840,1600,via2_1600x480
VSS,met1-met2,STRIPE,via,253482,217360,255082,217840,1600,via_1600x480
VSS,met3-met4,STRIPE,via,225434,217360,227034,217840,1600,via3_1600x480
VSS,met2-met3,STRIPE,via,225434,217360,227034,217840,1600,via2_1600x480
VSS,met1-met2,STRIPE,via,225434,217360,227034,217840,1600,via_1600x480
VSS,met3-met4,STRIPE,via,198409,217360,200009,217840,1600,via3_1600x480
VSS,met2-met3,STRIPE,via,198409,217360,200009,217840,1600,via2_1600x480
VSS,met1-met2,STRIPE,via,198409,217360,200009,217840,1600,via_1600x480
VSS,met3-met4,STRIPE,via,171102,217360,172702,217840,1600,via3_1600x480
VSS,met2-met3,STRIPE,via,171102,217360,172702,217840,1600,via2_1600x480
VSS,met1-met2,STRIPE,via,171102,217360,172702,217840,1600,via_1600x480
VSS,met3-met4,STRIPE,via,145641,217360,147241,217840,1600,via3_1600x480
VSS,met2-met3,STRIPE,via,145641,217360,147241,217840,1600,via2_1600x480
VSS,met1-met2,STRIPE,via,145641,217360,147241,217840,1600,via_1600x480
VSS,met3-met4,STRIPE,via,118101,217360,119701,217840,1600,via3_1600x480
VSS,met2-met3,STRIPE,via,118101,217360,119701,217840,1600,via2_1600x480
VSS,met1-met2,STRIPE,via,118101,217360,119701,217840,1600,via_1600x480
VSS,met3-met4,STRIPE,via,91261,217360,92861,217840,1600,via3_1600x480
VSS,met2-met3,STRIPE,via,91261,217360,92861,217840,1600,via2_1600x480
VSS,met1-met2,STRIPE,via,91261,217360,92861,217840,1600,via_1600x480
VSS,met3-met4,STRIPE,via,62812,217360,64412,217840,1600,via3_1600x480
VSS,met2-met3,STRIPE,via,62812,217360,64412,217840,1600,via2_1600x480
VSS,met1-met2,STRIPE,via,62812,217360,64412,217840,1600,via_1600x480
VSS,met3-met4,STRIPE,via,37794,217360,39394,217840,1600,via3_1600x480
VSS,met2-met3,STRIPE,via,37794,217360,39394,217840,1600,via2_1600x480
VSS,met1-met2,STRIPE,via,37794,217360,39394,217840,1600,via_1600x480
VSS,met3-met4,STRIPE,via,253482,211920,255082,212400,1600,via3_1600x480
VSS,met2-met3,STRIPE,via,253482,211920,255082,212400,1600,via2_1600x480
VSS,met1-met2,STRIPE,via,253482,211920,255082,212400,1600,via_1600x480
VSS,met3-met4,STRIPE,via,225434,211920,227034,212400,1600,via3_1600x480
VSS,met2-met3,STRIPE,via,225434,211920,227034,212400,1600,via2_1600x480
VSS,met1-met2,STRIPE,via,225434,211920,227034,212400,1600,via_1600x480
VSS,met3-met4,STRIPE,via,198409,211920,200009,212400,1600,via3_1600x480
VSS,met2-met3,STRIPE,via,198409,211920,200009,212400,1600,via2_1600x480
VSS,met1-met2,STRIPE,via,198409,211920,200009,212400,1600,via_1600x480
VSS,met3-met4,STRIPE,via,171102,211920,172702,212400,1600,via3_1600x480
VSS,met2-met3,STRIPE,via,171102,211920,172702,212400,1600,via2_1600x480
VSS,met1-met2,STRIPE,via,171102,211920,172702,212400,1600,via_1600x480
VSS,met3-met4,STRIPE,via,145641,211920,147241,212400,1600,via3_1600x480
VSS,met2-met3,STRIPE,via,145641,211920,147241,212400,1600,via2_1600x480
VSS,met1-met2,STRIPE,via,145641,211920,147241,212400,1600,via_1600x480
VSS,met3-met4,STRIPE,via,118101,211920,119701,212400,1600,via3_1600x480
VSS,met2-met3,STRIPE,via,118101,211920,119701,212400,1600,via2_1600x480
VSS,met1-met2,STRIPE,via,118101,211920,119701,212400,1600,via_1600x480
VSS,met3-met4,STRIPE,via,91261,211920,92861,212400,1600,via3_1600x480
VSS,met2-met3,STRIPE,via,91261,211920,92861,212400,1600,via2_1600x480
VSS,met1-met2,STRIPE,via,91261,211920,92861,212400,1600,via_1600x480
VSS,met3-met4,STRIPE,via,62812,211920,64412,212400,1600,via3_1600x480
VSS,met2-met3,STRIPE,via,62812,211920,64412,212400,1600,via2_1600x480
VSS,met1-met2,STRIPE,via,62812,211920,64412,212400,1600,via_1600x480
VSS,met3-met4,STRIPE,via,37794,211920,39394,212400,1600,via3_1600x480
VSS,met2-met3,STRIPE,via,37794,211920,39394,212400,1600,via2_1600x480
VSS,met1-met2,STRIPE,via,37794,211920,39394,212400,1600,via_1600x480
VSS,met3-met4,STRIPE,via,253482,206480,255082,206960,1600,via3_1600x480
VSS,met2-met3,STRIPE,via,253482,206480,255082,206960,1600,via2_1600x480
VSS,met1-met2,STRIPE,via,253482,206480,255082,206960,1600,via_1600x480
VSS,met3-met4,STRIPE,via,225434,206480,227034,206960,1600,via3_1600x480
VSS,met2-met3,STRIPE,via,225434,206480,227034,206960,1600,via2_1600x480
VSS,met1-met2,STRIPE,via,225434,206480,227034,206960,1600,via_1600x480
VSS,met3-met4,STRIPE,via,198409,206480,200009,206960,1600,via3_1600x480
VSS,met2-met3,STRIPE,via,198409,206480,200009,206960,1600,via2_1600x480
VSS,met1-met2,STRIPE,via,198409,206480,200009,206960,1600,via_1600x480
VSS,met3-met4,STRIPE,via,171102,206480,172702,206960,1600,via3_1600x480
VSS,met2-met3,STRIPE,via,171102,206480,172702,206960,1600,via2_1600x480
VSS,met1-met2,STRIPE,via,171102,206480,172702,206960,1600,via_1600x480
VSS,met3-met4,STRIPE,via,145641,206480,147241,206960,1600,via3_1600x480
VSS,met2-met3,STRIPE,via,145641,206480,147241,206960,1600,via2_1600x480
VSS,met1-met2,STRIPE,via,145641,206480,147241,206960,1600,via_1600x480
VSS,met3-met4,STRIPE,via,118101,206480,119701,206960,1600,via3_1600x480
VSS,met2-met3,STRIPE,via,118101,206480,119701,206960,1600,via2_1600x480
VSS,met1-met2,STRIPE,via,118101,206480,119701,206960,1600,via_1600x480
VSS,met3-met4,STRIPE,via,91261,206480,92861,206960,1600,via3_1600x480
VSS,met2-met3,STRIPE,via,91261,206480,92861,206960,1600,via2_1600x480
VSS,met1-met2,STRIPE,via,91261,206480,92861,206960,1600,via_1600x480
VSS,met3-met4,STRIPE,via,62812,206480,64412,206960,1600,via3_1600x480
VSS,met2-met3,STRIPE,via,62812,206480,64412,206960,1600,via2_1600x480
VSS,met1-met2,STRIPE,via,62812,206480,64412,206960,1600,via_1600x480
VSS,met3-met4,STRIPE,via,37794,206480,39394,206960,1600,via3_1600x480
VSS,met2-met3,STRIPE,via,37794,206480,39394,206960,1600,via2_1600x480
VSS,met1-met2,STRIPE,via,37794,206480,39394,206960,1600,via_1600x480
VSS,met3-met4,STRIPE,via,253482,201040,255082,201520,1600,via3_1600x480
VSS,met2-met3,STRIPE,via,253482,201040,255082,201520,1600,via2_1600x480
VSS,met1-met2,STRIPE,via,253482,201040,255082,201520,1600,via_1600x480
VSS,met3-met4,STRIPE,via,225434,201040,227034,201520,1600,via3_1600x480
VSS,met2-met3,STRIPE,via,225434,201040,227034,201520,1600,via2_1600x480
VSS,met1-met2,STRIPE,via,225434,201040,227034,201520,1600,via_1600x480
VSS,met3-met4,STRIPE,via,198409,201040,200009,201520,1600,via3_1600x480
VSS,met2-met3,STRIPE,via,198409,201040,200009,201520,1600,via2_1600x480
VSS,met1-met2,STRIPE,via,198409,201040,200009,201520,1600,via_1600x480
VSS,met3-met4,STRIPE,via,171102,201040,172702,201520,1600,via3_1600x480
VSS,met2-met3,STRIPE,via,171102,201040,172702,201520,1600,via2_1600x480
VSS,met1-met2,STRIPE,via,171102,201040,172702,201520,1600,via_1600x480
VSS,met3-met4,STRIPE,via,145641,201040,147241,201520,1600,via3_1600x480
VSS,met2-met3,STRIPE,via,145641,201040,147241,201520,1600,via2_1600x480
VSS,met1-met2,STRIPE,via,145641,201040,147241,201520,1600,via_1600x480
VSS,met3-met4,STRIPE,via,118101,201040,119701,201520,1600,via3_1600x480
VSS,met2-met3,STRIPE,via,118101,201040,119701,201520,1600,via2_1600x480
VSS,met1-met2,STRIPE,via,118101,201040,119701,201520,1600,via_1600x480
VSS,met3-met4,STRIPE,via,91261,201040,92861,201520,1600,via3_1600x480
VSS,met2-met3,STRIPE,via,91261,201040,92861,201520,1600,via2_1600x480
VSS,met1-met2,STRIPE,via,91261,201040,92861,201520,1600,via_1600x480
VSS,met3-met4,STRIPE,via,62812,201040,64412,201520,1600,via3_1600x480
VSS,met2-met3,STRIPE,via,62812,201040,64412,201520,1600,via2_1600x480
VSS,met1-met2,STRIPE,via,62812,201040,64412,201520,1600,via_1600x480
VSS,met3-met4,STRIPE,via,37794,201040,39394,201520,1600,via3_1600x480
VSS,met2-met3,STRIPE,via,37794,201040,39394,201520,1600,via2_1600x480
VSS,met1-met2,STRIPE,via,37794,201040,39394,201520,1600,via_1600x480
VSS,met3-met4,STRIPE,via,253482,195600,255082,196080,1600,via3_1600x480
VSS,met2-met3,STRIPE,via,253482,195600,255082,196080,1600,via2_1600x480
VSS,met1-met2,STRIPE,via,253482,195600,255082,196080,1600,via_1600x480
VSS,met3-met4,STRIPE,via,225434,195600,227034,196080,1600,via3_1600x480
VSS,met2-met3,STRIPE,via,225434,195600,227034,196080,1600,via2_1600x480
VSS,met1-met2,STRIPE,via,225434,195600,227034,196080,1600,via_1600x480
VSS,met3-met4,STRIPE,via,198409,195600,200009,196080,1600,via3_1600x480
VSS,met2-met3,STRIPE,via,198409,195600,200009,196080,1600,via2_1600x480
VSS,met1-met2,STRIPE,via,198409,195600,200009,196080,1600,via_1600x480
VSS,met3-met4,STRIPE,via,171102,195600,172702,196080,1600,via3_1600x480
VSS,met2-met3,STRIPE,via,171102,195600,172702,196080,1600,via2_1600x480
VSS,met1-met2,STRIPE,via,171102,195600,172702,196080,1600,via_1600x480
VSS,met3-met4,STRIPE,via,145641,195600,147241,196080,1600,via3_1600x480
VSS,met2-met3,STRIPE,via,145641,195600,147241,196080,1600,via2_1600x480
VSS,met1-met2,STRIPE,via,145641,195600,147241,196080,1600,via_1600x480
VSS,met3-met4,STRIPE,via,118101,195600,119701,196080,1600,via3_1600x480
VSS,met2-met3,STRIPE,via,118101,195600,119701,196080,1600,via2_1600x480
VSS,met1-met2,STRIPE,via,118101,195600,119701,196080,1600,via_1600x480
VSS,met3-met4,STRIPE,via,91261,195600,92861,196080,1600,via3_1600x480
VSS,met2-met3,STRIPE,via,91261,195600,92861,196080,1600,via2_1600x480
VSS,met1-met2,STRIPE,via,91261,195600,92861,196080,1600,via_1600x480
VSS,met3-met4,STRIPE,via,62812,195600,64412,196080,1600,via3_1600x480
VSS,met2-met3,STRIPE,via,62812,195600,64412,196080,1600,via2_1600x480
VSS,met1-met2,STRIPE,via,62812,195600,64412,196080,1600,via_1600x480
VSS,met3-met4,STRIPE,via,37794,195600,39394,196080,1600,via3_1600x480
VSS,met2-met3,STRIPE,via,37794,195600,39394,196080,1600,via2_1600x480
VSS,met1-met2,STRIPE,via,37794,195600,39394,196080,1600,via_1600x480
VSS,met3-met4,STRIPE,via,253482,190160,255082,190640,1600,via3_1600x480
VSS,met2-met3,STRIPE,via,253482,190160,255082,190640,1600,via2_1600x480
VSS,met1-met2,STRIPE,via,253482,190160,255082,190640,1600,via_1600x480
VSS,met3-met4,STRIPE,via,225434,190160,227034,190640,1600,via3_1600x480
VSS,met2-met3,STRIPE,via,225434,190160,227034,190640,1600,via2_1600x480
VSS,met1-met2,STRIPE,via,225434,190160,227034,190640,1600,via_1600x480
VSS,met3-met4,STRIPE,via,198409,190160,200009,190640,1600,via3_1600x480
VSS,met2-met3,STRIPE,via,198409,190160,200009,190640,1600,via2_1600x480
VSS,met1-met2,STRIPE,via,198409,190160,200009,190640,1600,via_1600x480
VSS,met3-met4,STRIPE,via,171102,190160,172702,190640,1600,via3_1600x480
VSS,met2-met3,STRIPE,via,171102,190160,172702,190640,1600,via2_1600x480
VSS,met1-met2,STRIPE,via,171102,190160,172702,190640,1600,via_1600x480
VSS,met3-met4,STRIPE,via,145641,190160,147241,190640,1600,via3_1600x480
VSS,met2-met3,STRIPE,via,145641,190160,147241,190640,1600,via2_1600x480
VSS,met1-met2,STRIPE,via,145641,190160,147241,190640,1600,via_1600x480
VSS,met3-met4,STRIPE,via,118101,190160,119701,190640,1600,via3_1600x480
VSS,met2-met3,STRIPE,via,118101,190160,119701,190640,1600,via2_1600x480
VSS,met1-met2,STRIPE,via,118101,190160,119701,190640,1600,via_1600x480
VSS,met3-met4,STRIPE,via,91261,190160,92861,190640,1600,via3_1600x480
VSS,met2-met3,STRIPE,via,91261,190160,92861,190640,1600,via2_1600x480
VSS,met1-met2,STRIPE,via,91261,190160,92861,190640,1600,via_1600x480
VSS,met3-met4,STRIPE,via,62812,190160,64412,190640,1600,via3_1600x480
VSS,met2-met3,STRIPE,via,62812,190160,64412,190640,1600,via2_1600x480
VSS,met1-met2,STRIPE,via,62812,190160,64412,190640,1600,via_1600x480
VSS,met3-met4,STRIPE,via,37794,190160,39394,190640,1600,via3_1600x480
VSS,met2-met3,STRIPE,via,37794,190160,39394,190640,1600,via2_1600x480
VSS,met1-met2,STRIPE,via,37794,190160,39394,190640,1600,via_1600x480
VSS,met3-met4,STRIPE,via,253482,184720,255082,185200,1600,via3_1600x480
VSS,met2-met3,STRIPE,via,253482,184720,255082,185200,1600,via2_1600x480
VSS,met1-met2,STRIPE,via,253482,184720,255082,185200,1600,via_1600x480
VSS,met3-met4,STRIPE,via,225434,184720,227034,185200,1600,via3_1600x480
VSS,met2-met3,STRIPE,via,225434,184720,227034,185200,1600,via2_1600x480
VSS,met1-met2,STRIPE,via,225434,184720,227034,185200,1600,via_1600x480
VSS,met3-met4,STRIPE,via,198409,184720,200009,185200,1600,via3_1600x480
VSS,met2-met3,STRIPE,via,198409,184720,200009,185200,1600,via2_1600x480
VSS,met1-met2,STRIPE,via,198409,184720,200009,185200,1600,via_1600x480
VSS,met3-met4,STRIPE,via,171102,184720,172702,185200,1600,via3_1600x480
VSS,met2-met3,STRIPE,via,171102,184720,172702,185200,1600,via2_1600x480
VSS,met1-met2,STRIPE,via,171102,184720,172702,185200,1600,via_1600x480
VSS,met3-met4,STRIPE,via,145641,184720,147241,185200,1600,via3_1600x480
VSS,met2-met3,STRIPE,via,145641,184720,147241,185200,1600,via2_1600x480
VSS,met1-met2,STRIPE,via,145641,184720,147241,185200,1600,via_1600x480
VSS,met3-met4,STRIPE,via,118101,184720,119701,185200,1600,via3_1600x480
VSS,met2-met3,STRIPE,via,118101,184720,119701,185200,1600,via2_1600x480
VSS,met1-met2,STRIPE,via,118101,184720,119701,185200,1600,via_1600x480
VSS,met3-met4,STRIPE,via,91261,184720,92861,185200,1600,via3_1600x480
VSS,met2-met3,STRIPE,via,91261,184720,92861,185200,1600,via2_1600x480
VSS,met1-met2,STRIPE,via,91261,184720,92861,185200,1600,via_1600x480
VSS,met3-met4,STRIPE,via,62812,184720,64412,185200,1600,via3_1600x480
VSS,met2-met3,STRIPE,via,62812,184720,64412,185200,1600,via2_1600x480
VSS,met1-met2,STRIPE,via,62812,184720,64412,185200,1600,via_1600x480
VSS,met3-met4,STRIPE,via,37794,184720,39394,185200,1600,via3_1600x480
VSS,met2-met3,STRIPE,via,37794,184720,39394,185200,1600,via2_1600x480
VSS,met1-met2,STRIPE,via,37794,184720,39394,185200,1600,via_1600x480
VSS,met3-met4,STRIPE,via,253482,179280,255082,179760,1600,via3_1600x480
VSS,met2-met3,STRIPE,via,253482,179280,255082,179760,1600,via2_1600x480
VSS,met1-met2,STRIPE,via,253482,179280,255082,179760,1600,via_1600x480
VSS,met3-met4,STRIPE,via,225434,179280,227034,179760,1600,via3_1600x480
VSS,met2-met3,STRIPE,via,225434,179280,227034,179760,1600,via2_1600x480
VSS,met1-met2,STRIPE,via,225434,179280,227034,179760,1600,via_1600x480
VSS,met3-met4,STRIPE,via,198409,179280,200009,179760,1600,via3_1600x480
VSS,met2-met3,STRIPE,via,198409,179280,200009,179760,1600,via2_1600x480
VSS,met1-met2,STRIPE,via,198409,179280,200009,179760,1600,via_1600x480
VSS,met3-met4,STRIPE,via,171102,179280,172702,179760,1600,via3_1600x480
VSS,met2-met3,STRIPE,via,171102,179280,172702,179760,1600,via2_1600x480
VSS,met1-met2,STRIPE,via,171102,179280,172702,179760,1600,via_1600x480
VSS,met3-met4,STRIPE,via,145641,179280,147241,179760,1600,via3_1600x480
VSS,met2-met3,STRIPE,via,145641,179280,147241,179760,1600,via2_1600x480
VSS,met1-met2,STRIPE,via,145641,179280,147241,179760,1600,via_1600x480
VSS,met3-met4,STRIPE,via,118101,179280,119701,179760,1600,via3_1600x480
VSS,met2-met3,STRIPE,via,118101,179280,119701,179760,1600,via2_1600x480
VSS,met1-met2,STRIPE,via,118101,179280,119701,179760,1600,via_1600x480
VSS,met3-met4,STRIPE,via,91261,179280,92861,179760,1600,via3_1600x480
VSS,met2-met3,STRIPE,via,91261,179280,92861,179760,1600,via2_1600x480
VSS,met1-met2,STRIPE,via,91261,179280,92861,179760,1600,via_1600x480
VSS,met3-met4,STRIPE,via,62812,179280,64412,179760,1600,via3_1600x480
VSS,met2-met3,STRIPE,via,62812,179280,64412,179760,1600,via2_1600x480
VSS,met1-met2,STRIPE,via,62812,179280,64412,179760,1600,via_1600x480
VSS,met3-met4,STRIPE,via,37794,179280,39394,179760,1600,via3_1600x480
VSS,met2-met3,STRIPE,via,37794,179280,39394,179760,1600,via2_1600x480
VSS,met1-met2,STRIPE,via,37794,179280,39394,179760,1600,via_1600x480
VSS,met3-met4,STRIPE,via,253482,173840,255082,174320,1600,via3_1600x480
VSS,met2-met3,STRIPE,via,253482,173840,255082,174320,1600,via2_1600x480
VSS,met1-met2,STRIPE,via,253482,173840,255082,174320,1600,via_1600x480
VSS,met3-met4,STRIPE,via,225434,173840,227034,174320,1600,via3_1600x480
VSS,met2-met3,STRIPE,via,225434,173840,227034,174320,1600,via2_1600x480
VSS,met1-met2,STRIPE,via,225434,173840,227034,174320,1600,via_1600x480
VSS,met3-met4,STRIPE,via,198409,173840,200009,174320,1600,via3_1600x480
VSS,met2-met3,STRIPE,via,198409,173840,200009,174320,1600,via2_1600x480
VSS,met1-met2,STRIPE,via,198409,173840,200009,174320,1600,via_1600x480
VSS,met3-met4,STRIPE,via,171102,173840,172702,174320,1600,via3_1600x480
VSS,met2-met3,STRIPE,via,171102,173840,172702,174320,1600,via2_1600x480
VSS,met1-met2,STRIPE,via,171102,173840,172702,174320,1600,via_1600x480
VSS,met3-met4,STRIPE,via,145641,173840,147241,174320,1600,via3_1600x480
VSS,met2-met3,STRIPE,via,145641,173840,147241,174320,1600,via2_1600x480
VSS,met1-met2,STRIPE,via,145641,173840,147241,174320,1600,via_1600x480
VSS,met3-met4,STRIPE,via,118101,173840,119701,174320,1600,via3_1600x480
VSS,met2-met3,STRIPE,via,118101,173840,119701,174320,1600,via2_1600x480
VSS,met1-met2,STRIPE,via,118101,173840,119701,174320,1600,via_1600x480
VSS,met3-met4,STRIPE,via,91261,173840,92861,174320,1600,via3_1600x480
VSS,met2-met3,STRIPE,via,91261,173840,92861,174320,1600,via2_1600x480
VSS,met1-met2,STRIPE,via,91261,173840,92861,174320,1600,via_1600x480
VSS,met3-met4,STRIPE,via,62812,173840,64412,174320,1600,via3_1600x480
VSS,met2-met3,STRIPE,via,62812,173840,64412,174320,1600,via2_1600x480
VSS,met1-met2,STRIPE,via,62812,173840,64412,174320,1600,via_1600x480
VSS,met3-met4,STRIPE,via,37794,173840,39394,174320,1600,via3_1600x480
VSS,met2-met3,STRIPE,via,37794,173840,39394,174320,1600,via2_1600x480
VSS,met1-met2,STRIPE,via,37794,173840,39394,174320,1600,via_1600x480
VSS,met3-met4,STRIPE,via,253482,168400,255082,168880,1600,via3_1600x480
VSS,met2-met3,STRIPE,via,253482,168400,255082,168880,1600,via2_1600x480
VSS,met1-met2,STRIPE,via,253482,168400,255082,168880,1600,via_1600x480
VSS,met3-met4,STRIPE,via,225434,168400,227034,168880,1600,via3_1600x480
VSS,met2-met3,STRIPE,via,225434,168400,227034,168880,1600,via2_1600x480
VSS,met1-met2,STRIPE,via,225434,168400,227034,168880,1600,via_1600x480
VSS,met3-met4,STRIPE,via,198409,168400,200009,168880,1600,via3_1600x480
VSS,met2-met3,STRIPE,via,198409,168400,200009,168880,1600,via2_1600x480
VSS,met1-met2,STRIPE,via,198409,168400,200009,168880,1600,via_1600x480
VSS,met3-met4,STRIPE,via,171102,168400,172702,168880,1600,via3_1600x480
VSS,met2-met3,STRIPE,via,171102,168400,172702,168880,1600,via2_1600x480
VSS,met1-met2,STRIPE,via,171102,168400,172702,168880,1600,via_1600x480
VSS,met3-met4,STRIPE,via,145641,168400,147241,168880,1600,via3_1600x480
VSS,met2-met3,STRIPE,via,145641,168400,147241,168880,1600,via2_1600x480
VSS,met1-met2,STRIPE,via,145641,168400,147241,168880,1600,via_1600x480
VSS,met3-met4,STRIPE,via,118101,168400,119701,168880,1600,via3_1600x480
VSS,met2-met3,STRIPE,via,118101,168400,119701,168880,1600,via2_1600x480
VSS,met1-met2,STRIPE,via,118101,168400,119701,168880,1600,via_1600x480
VSS,met3-met4,STRIPE,via,91261,168400,92861,168880,1600,via3_1600x480
VSS,met2-met3,STRIPE,via,91261,168400,92861,168880,1600,via2_1600x480
VSS,met1-met2,STRIPE,via,91261,168400,92861,168880,1600,via_1600x480
VSS,met3-met4,STRIPE,via,62812,168400,64412,168880,1600,via3_1600x480
VSS,met2-met3,STRIPE,via,62812,168400,64412,168880,1600,via2_1600x480
VSS,met1-met2,STRIPE,via,62812,168400,64412,168880,1600,via_1600x480
VSS,met3-met4,STRIPE,via,37794,168400,39394,168880,1600,via3_1600x480
VSS,met2-met3,STRIPE,via,37794,168400,39394,168880,1600,via2_1600x480
VSS,met1-met2,STRIPE,via,37794,168400,39394,168880,1600,via_1600x480
VSS,met3-met4,STRIPE,via,253482,162960,255082,163440,1600,via3_1600x480
VSS,met2-met3,STRIPE,via,253482,162960,255082,163440,1600,via2_1600x480
VSS,met1-met2,STRIPE,via,253482,162960,255082,163440,1600,via_1600x480
VSS,met3-met4,STRIPE,via,225434,162960,227034,163440,1600,via3_1600x480
VSS,met2-met3,STRIPE,via,225434,162960,227034,163440,1600,via2_1600x480
VSS,met1-met2,STRIPE,via,225434,162960,227034,163440,1600,via_1600x480
VSS,met3-met4,STRIPE,via,198409,162960,200009,163440,1600,via3_1600x480
VSS,met2-met3,STRIPE,via,198409,162960,200009,163440,1600,via2_1600x480
VSS,met1-met2,STRIPE,via,198409,162960,200009,163440,1600,via_1600x480
VSS,met3-met4,STRIPE,via,171102,162960,172702,163440,1600,via3_1600x480
VSS,met2-met3,STRIPE,via,171102,162960,172702,163440,1600,via2_1600x480
VSS,met1-met2,STRIPE,via,171102,162960,172702,163440,1600,via_1600x480
VSS,met3-met4,STRIPE,via,145641,162960,147241,163440,1600,via3_1600x480
VSS,met2-met3,STRIPE,via,145641,162960,147241,163440,1600,via2_1600x480
VSS,met1-met2,STRIPE,via,145641,162960,147241,163440,1600,via_1600x480
VSS,met3-met4,STRIPE,via,118101,162960,119701,163440,1600,via3_1600x480
VSS,met2-met3,STRIPE,via,118101,162960,119701,163440,1600,via2_1600x480
VSS,met1-met2,STRIPE,via,118101,162960,119701,163440,1600,via_1600x480
VSS,met3-met4,STRIPE,via,91261,162960,92861,163440,1600,via3_1600x480
VSS,met2-met3,STRIPE,via,91261,162960,92861,163440,1600,via2_1600x480
VSS,met1-met2,STRIPE,via,91261,162960,92861,163440,1600,via_1600x480
VSS,met3-met4,STRIPE,via,62812,162960,64412,163440,1600,via3_1600x480
VSS,met2-met3,STRIPE,via,62812,162960,64412,163440,1600,via2_1600x480
VSS,met1-met2,STRIPE,via,62812,162960,64412,163440,1600,via_1600x480
VSS,met3-met4,STRIPE,via,37794,162960,39394,163440,1600,via3_1600x480
VSS,met2-met3,STRIPE,via,37794,162960,39394,163440,1600,via2_1600x480
VSS,met1-met2,STRIPE,via,37794,162960,39394,163440,1600,via_1600x480
VSS,met3-met4,STRIPE,via,253482,157520,255082,158000,1600,via3_1600x480
VSS,met2-met3,STRIPE,via,253482,157520,255082,158000,1600,via2_1600x480
VSS,met1-met2,STRIPE,via,253482,157520,255082,158000,1600,via_1600x480
VSS,met3-met4,STRIPE,via,225434,157520,227034,158000,1600,via3_1600x480
VSS,met2-met3,STRIPE,via,225434,157520,227034,158000,1600,via2_1600x480
VSS,met1-met2,STRIPE,via,225434,157520,227034,158000,1600,via_1600x480
VSS,met3-met4,STRIPE,via,198409,157520,200009,158000,1600,via3_1600x480
VSS,met2-met3,STRIPE,via,198409,157520,200009,158000,1600,via2_1600x480
VSS,met1-met2,STRIPE,via,198409,157520,200009,158000,1600,via_1600x480
VSS,met3-met4,STRIPE,via,171102,157520,172702,158000,1600,via3_1600x480
VSS,met2-met3,STRIPE,via,171102,157520,172702,158000,1600,via2_1600x480
VSS,met1-met2,STRIPE,via,171102,157520,172702,158000,1600,via_1600x480
VSS,met3-met4,STRIPE,via,145641,157520,147241,158000,1600,via3_1600x480
VSS,met2-met3,STRIPE,via,145641,157520,147241,158000,1600,via2_1600x480
VSS,met1-met2,STRIPE,via,145641,157520,147241,158000,1600,via_1600x480
VSS,met3-met4,STRIPE,via,118101,157520,119701,158000,1600,via3_1600x480
VSS,met2-met3,STRIPE,via,118101,157520,119701,158000,1600,via2_1600x480
VSS,met1-met2,STRIPE,via,118101,157520,119701,158000,1600,via_1600x480
VSS,met3-met4,STRIPE,via,91261,157520,92861,158000,1600,via3_1600x480
VSS,met2-met3,STRIPE,via,91261,157520,92861,158000,1600,via2_1600x480
VSS,met1-met2,STRIPE,via,91261,157520,92861,158000,1600,via_1600x480
VSS,met3-met4,STRIPE,via,62812,157520,64412,158000,1600,via3_1600x480
VSS,met2-met3,STRIPE,via,62812,157520,64412,158000,1600,via2_1600x480
VSS,met1-met2,STRIPE,via,62812,157520,64412,158000,1600,via_1600x480
VSS,met3-met4,STRIPE,via,37794,157520,39394,158000,1600,via3_1600x480
VSS,met2-met3,STRIPE,via,37794,157520,39394,158000,1600,via2_1600x480
VSS,met1-met2,STRIPE,via,37794,157520,39394,158000,1600,via_1600x480
VSS,met3-met4,STRIPE,via,253482,152080,255082,152560,1600,via3_1600x480
VSS,met2-met3,STRIPE,via,253482,152080,255082,152560,1600,via2_1600x480
VSS,met1-met2,STRIPE,via,253482,152080,255082,152560,1600,via_1600x480
VSS,met3-met4,STRIPE,via,225434,152080,227034,152560,1600,via3_1600x480
VSS,met2-met3,STRIPE,via,225434,152080,227034,152560,1600,via2_1600x480
VSS,met1-met2,STRIPE,via,225434,152080,227034,152560,1600,via_1600x480
VSS,met3-met4,STRIPE,via,198409,152080,200009,152560,1600,via3_1600x480
VSS,met2-met3,STRIPE,via,198409,152080,200009,152560,1600,via2_1600x480
VSS,met1-met2,STRIPE,via,198409,152080,200009,152560,1600,via_1600x480
VSS,met3-met4,STRIPE,via,171102,152080,172702,152560,1600,via3_1600x480
VSS,met2-met3,STRIPE,via,171102,152080,172702,152560,1600,via2_1600x480
VSS,met1-met2,STRIPE,via,171102,152080,172702,152560,1600,via_1600x480
VSS,met3-met4,STRIPE,via,145641,152080,147241,152560,1600,via3_1600x480
VSS,met2-met3,STRIPE,via,145641,152080,147241,152560,1600,via2_1600x480
VSS,met1-met2,STRIPE,via,145641,152080,147241,152560,1600,via_1600x480
VSS,met3-met4,STRIPE,via,118101,152080,119701,152560,1600,via3_1600x480
VSS,met2-met3,STRIPE,via,118101,152080,119701,152560,1600,via2_1600x480
VSS,met1-met2,STRIPE,via,118101,152080,119701,152560,1600,via_1600x480
VSS,met3-met4,STRIPE,via,91261,152080,92861,152560,1600,via3_1600x480
VSS,met2-met3,STRIPE,via,91261,152080,92861,152560,1600,via2_1600x480
VSS,met1-met2,STRIPE,via,91261,152080,92861,152560,1600,via_1600x480
VSS,met3-met4,STRIPE,via,62812,152080,64412,152560,1600,via3_1600x480
VSS,met2-met3,STRIPE,via,62812,152080,64412,152560,1600,via2_1600x480
VSS,met1-met2,STRIPE,via,62812,152080,64412,152560,1600,via_1600x480
VSS,met3-met4,STRIPE,via,37794,152080,39394,152560,1600,via3_1600x480
VSS,met2-met3,STRIPE,via,37794,152080,39394,152560,1600,via2_1600x480
VSS,met1-met2,STRIPE,via,37794,152080,39394,152560,1600,via_1600x480
VSS,met3-met4,STRIPE,via,253482,146640,255082,147120,1600,via3_1600x480
VSS,met2-met3,STRIPE,via,253482,146640,255082,147120,1600,via2_1600x480
VSS,met1-met2,STRIPE,via,253482,146640,255082,147120,1600,via_1600x480
VSS,met3-met4,STRIPE,via,225434,146640,227034,147120,1600,via3_1600x480
VSS,met2-met3,STRIPE,via,225434,146640,227034,147120,1600,via2_1600x480
VSS,met1-met2,STRIPE,via,225434,146640,227034,147120,1600,via_1600x480
VSS,met3-met4,STRIPE,via,198409,146640,200009,147120,1600,via3_1600x480
VSS,met2-met3,STRIPE,via,198409,146640,200009,147120,1600,via2_1600x480
VSS,met1-met2,STRIPE,via,198409,146640,200009,147120,1600,via_1600x480
VSS,met3-met4,STRIPE,via,171102,146640,172702,147120,1600,via3_1600x480
VSS,met2-met3,STRIPE,via,171102,146640,172702,147120,1600,via2_1600x480
VSS,met1-met2,STRIPE,via,171102,146640,172702,147120,1600,via_1600x480
VSS,met3-met4,STRIPE,via,145641,146640,147241,147120,1600,via3_1600x480
VSS,met2-met3,STRIPE,via,145641,146640,147241,147120,1600,via2_1600x480
VSS,met1-met2,STRIPE,via,145641,146640,147241,147120,1600,via_1600x480
VSS,met3-met4,STRIPE,via,118101,146640,119701,147120,1600,via3_1600x480
VSS,met2-met3,STRIPE,via,118101,146640,119701,147120,1600,via2_1600x480
VSS,met1-met2,STRIPE,via,118101,146640,119701,147120,1600,via_1600x480
VSS,met3-met4,STRIPE,via,91261,146640,92861,147120,1600,via3_1600x480
VSS,met2-met3,STRIPE,via,91261,146640,92861,147120,1600,via2_1600x480
VSS,met1-met2,STRIPE,via,91261,146640,92861,147120,1600,via_1600x480
VSS,met3-met4,STRIPE,via,62812,146640,64412,147120,1600,via3_1600x480
VSS,met2-met3,STRIPE,via,62812,146640,64412,147120,1600,via2_1600x480
VSS,met1-met2,STRIPE,via,62812,146640,64412,147120,1600,via_1600x480
VSS,met3-met4,STRIPE,via,37794,146640,39394,147120,1600,via3_1600x480
VSS,met2-met3,STRIPE,via,37794,146640,39394,147120,1600,via2_1600x480
VSS,met1-met2,STRIPE,via,37794,146640,39394,147120,1600,via_1600x480
VSS,met3-met4,STRIPE,via,253482,141200,255082,141680,1600,via3_1600x480
VSS,met2-met3,STRIPE,via,253482,141200,255082,141680,1600,via2_1600x480
VSS,met1-met2,STRIPE,via,253482,141200,255082,141680,1600,via_1600x480
VSS,met3-met4,STRIPE,via,225434,141200,227034,141680,1600,via3_1600x480
VSS,met2-met3,STRIPE,via,225434,141200,227034,141680,1600,via2_1600x480
VSS,met1-met2,STRIPE,via,225434,141200,227034,141680,1600,via_1600x480
VSS,met3-met4,STRIPE,via,198409,141200,200009,141680,1600,via3_1600x480
VSS,met2-met3,STRIPE,via,198409,141200,200009,141680,1600,via2_1600x480
VSS,met1-met2,STRIPE,via,198409,141200,200009,141680,1600,via_1600x480
VSS,met3-met4,STRIPE,via,171102,141200,172702,141680,1600,via3_1600x480
VSS,met2-met3,STRIPE,via,171102,141200,172702,141680,1600,via2_1600x480
VSS,met1-met2,STRIPE,via,171102,141200,172702,141680,1600,via_1600x480
VSS,met3-met4,STRIPE,via,145641,141200,147241,141680,1600,via3_1600x480
VSS,met2-met3,STRIPE,via,145641,141200,147241,141680,1600,via2_1600x480
VSS,met1-met2,STRIPE,via,145641,141200,147241,141680,1600,via_1600x480
VSS,met3-met4,STRIPE,via,118101,141200,119701,141680,1600,via3_1600x480
VSS,met2-met3,STRIPE,via,118101,141200,119701,141680,1600,via2_1600x480
VSS,met1-met2,STRIPE,via,118101,141200,119701,141680,1600,via_1600x480
VSS,met3-met4,STRIPE,via,91261,141200,92861,141680,1600,via3_1600x480
VSS,met2-met3,STRIPE,via,91261,141200,92861,141680,1600,via2_1600x480
VSS,met1-met2,STRIPE,via,91261,141200,92861,141680,1600,via_1600x480
VSS,met3-met4,STRIPE,via,62812,141200,64412,141680,1600,via3_1600x480
VSS,met2-met3,STRIPE,via,62812,141200,64412,141680,1600,via2_1600x480
VSS,met1-met2,STRIPE,via,62812,141200,64412,141680,1600,via_1600x480
VSS,met3-met4,STRIPE,via,37794,141200,39394,141680,1600,via3_1600x480
VSS,met2-met3,STRIPE,via,37794,141200,39394,141680,1600,via2_1600x480
VSS,met1-met2,STRIPE,via,37794,141200,39394,141680,1600,via_1600x480
VSS,met3-met4,STRIPE,via,253482,135760,255082,136240,1600,via3_1600x480
VSS,met2-met3,STRIPE,via,253482,135760,255082,136240,1600,via2_1600x480
VSS,met1-met2,STRIPE,via,253482,135760,255082,136240,1600,via_1600x480
VSS,met3-met4,STRIPE,via,225434,135760,227034,136240,1600,via3_1600x480
VSS,met2-met3,STRIPE,via,225434,135760,227034,136240,1600,via2_1600x480
VSS,met1-met2,STRIPE,via,225434,135760,227034,136240,1600,via_1600x480
VSS,met3-met4,STRIPE,via,198409,135760,200009,136240,1600,via3_1600x480
VSS,met2-met3,STRIPE,via,198409,135760,200009,136240,1600,via2_1600x480
VSS,met1-met2,STRIPE,via,198409,135760,200009,136240,1600,via_1600x480
VSS,met3-met4,STRIPE,via,171102,135760,172702,136240,1600,via3_1600x480
VSS,met2-met3,STRIPE,via,171102,135760,172702,136240,1600,via2_1600x480
VSS,met1-met2,STRIPE,via,171102,135760,172702,136240,1600,via_1600x480
VSS,met3-met4,STRIPE,via,145641,135760,147241,136240,1600,via3_1600x480
VSS,met2-met3,STRIPE,via,145641,135760,147241,136240,1600,via2_1600x480
VSS,met1-met2,STRIPE,via,145641,135760,147241,136240,1600,via_1600x480
VSS,met3-met4,STRIPE,via,118101,135760,119701,136240,1600,via3_1600x480
VSS,met2-met3,STRIPE,via,118101,135760,119701,136240,1600,via2_1600x480
VSS,met1-met2,STRIPE,via,118101,135760,119701,136240,1600,via_1600x480
VSS,met3-met4,STRIPE,via,91261,135760,92861,136240,1600,via3_1600x480
VSS,met2-met3,STRIPE,via,91261,135760,92861,136240,1600,via2_1600x480
VSS,met1-met2,STRIPE,via,91261,135760,92861,136240,1600,via_1600x480
VSS,met3-met4,STRIPE,via,62812,135760,64412,136240,1600,via3_1600x480
VSS,met2-met3,STRIPE,via,62812,135760,64412,136240,1600,via2_1600x480
VSS,met1-met2,STRIPE,via,62812,135760,64412,136240,1600,via_1600x480
VSS,met3-met4,STRIPE,via,37794,135760,39394,136240,1600,via3_1600x480
VSS,met2-met3,STRIPE,via,37794,135760,39394,136240,1600,via2_1600x480
VSS,met1-met2,STRIPE,via,37794,135760,39394,136240,1600,via_1600x480
VSS,met3-met4,STRIPE,via,253482,130320,255082,130800,1600,via3_1600x480
VSS,met2-met3,STRIPE,via,253482,130320,255082,130800,1600,via2_1600x480
VSS,met1-met2,STRIPE,via,253482,130320,255082,130800,1600,via_1600x480
VSS,met3-met4,STRIPE,via,225434,130320,227034,130800,1600,via3_1600x480
VSS,met2-met3,STRIPE,via,225434,130320,227034,130800,1600,via2_1600x480
VSS,met1-met2,STRIPE,via,225434,130320,227034,130800,1600,via_1600x480
VSS,met3-met4,STRIPE,via,198409,130320,200009,130800,1600,via3_1600x480
VSS,met2-met3,STRIPE,via,198409,130320,200009,130800,1600,via2_1600x480
VSS,met1-met2,STRIPE,via,198409,130320,200009,130800,1600,via_1600x480
VSS,met3-met4,STRIPE,via,171102,130320,172702,130800,1600,via3_1600x480
VSS,met2-met3,STRIPE,via,171102,130320,172702,130800,1600,via2_1600x480
VSS,met1-met2,STRIPE,via,171102,130320,172702,130800,1600,via_1600x480
VSS,met3-met4,STRIPE,via,145641,130320,147241,130800,1600,via3_1600x480
VSS,met2-met3,STRIPE,via,145641,130320,147241,130800,1600,via2_1600x480
VSS,met1-met2,STRIPE,via,145641,130320,147241,130800,1600,via_1600x480
VSS,met3-met4,STRIPE,via,118101,130320,119701,130800,1600,via3_1600x480
VSS,met2-met3,STRIPE,via,118101,130320,119701,130800,1600,via2_1600x480
VSS,met1-met2,STRIPE,via,118101,130320,119701,130800,1600,via_1600x480
VSS,met3-met4,STRIPE,via,91261,130320,92861,130800,1600,via3_1600x480
VSS,met2-met3,STRIPE,via,91261,130320,92861,130800,1600,via2_1600x480
VSS,met1-met2,STRIPE,via,91261,130320,92861,130800,1600,via_1600x480
VSS,met3-met4,STRIPE,via,62812,130320,64412,130800,1600,via3_1600x480
VSS,met2-met3,STRIPE,via,62812,130320,64412,130800,1600,via2_1600x480
VSS,met1-met2,STRIPE,via,62812,130320,64412,130800,1600,via_1600x480
VSS,met3-met4,STRIPE,via,37794,130320,39394,130800,1600,via3_1600x480
VSS,met2-met3,STRIPE,via,37794,130320,39394,130800,1600,via2_1600x480
VSS,met1-met2,STRIPE,via,37794,130320,39394,130800,1600,via_1600x480
VSS,met3-met4,STRIPE,via,253482,124880,255082,125360,1600,via3_1600x480
VSS,met2-met3,STRIPE,via,253482,124880,255082,125360,1600,via2_1600x480
VSS,met1-met2,STRIPE,via,253482,124880,255082,125360,1600,via_1600x480
VSS,met3-met4,STRIPE,via,225434,124880,227034,125360,1600,via3_1600x480
VSS,met2-met3,STRIPE,via,225434,124880,227034,125360,1600,via2_1600x480
VSS,met1-met2,STRIPE,via,225434,124880,227034,125360,1600,via_1600x480
VSS,met3-met4,STRIPE,via,198409,124880,200009,125360,1600,via3_1600x480
VSS,met2-met3,STRIPE,via,198409,124880,200009,125360,1600,via2_1600x480
VSS,met1-met2,STRIPE,via,198409,124880,200009,125360,1600,via_1600x480
VSS,met3-met4,STRIPE,via,171102,124880,172702,125360,1600,via3_1600x480
VSS,met2-met3,STRIPE,via,171102,124880,172702,125360,1600,via2_1600x480
VSS,met1-met2,STRIPE,via,171102,124880,172702,125360,1600,via_1600x480
VSS,met3-met4,STRIPE,via,145641,124880,147241,125360,1600,via3_1600x480
VSS,met2-met3,STRIPE,via,145641,124880,147241,125360,1600,via2_1600x480
VSS,met1-met2,STRIPE,via,145641,124880,147241,125360,1600,via_1600x480
VSS,met3-met4,STRIPE,via,118101,124880,119701,125360,1600,via3_1600x480
VSS,met2-met3,STRIPE,via,118101,124880,119701,125360,1600,via2_1600x480
VSS,met1-met2,STRIPE,via,118101,124880,119701,125360,1600,via_1600x480
VSS,met3-met4,STRIPE,via,91261,124880,92861,125360,1600,via3_1600x480
VSS,met2-met3,STRIPE,via,91261,124880,92861,125360,1600,via2_1600x480
VSS,met1-met2,STRIPE,via,91261,124880,92861,125360,1600,via_1600x480
VSS,met3-met4,STRIPE,via,62812,124880,64412,125360,1600,via3_1600x480
VSS,met2-met3,STRIPE,via,62812,124880,64412,125360,1600,via2_1600x480
VSS,met1-met2,STRIPE,via,62812,124880,64412,125360,1600,via_1600x480
VSS,met3-met4,STRIPE,via,37794,124880,39394,125360,1600,via3_1600x480
VSS,met2-met3,STRIPE,via,37794,124880,39394,125360,1600,via2_1600x480
VSS,met1-met2,STRIPE,via,37794,124880,39394,125360,1600,via_1600x480
VSS,met3-met4,STRIPE,via,253482,119440,255082,119920,1600,via3_1600x480
VSS,met2-met3,STRIPE,via,253482,119440,255082,119920,1600,via2_1600x480
VSS,met1-met2,STRIPE,via,253482,119440,255082,119920,1600,via_1600x480
VSS,met3-met4,STRIPE,via,225434,119440,227034,119920,1600,via3_1600x480
VSS,met2-met3,STRIPE,via,225434,119440,227034,119920,1600,via2_1600x480
VSS,met1-met2,STRIPE,via,225434,119440,227034,119920,1600,via_1600x480
VSS,met3-met4,STRIPE,via,198409,119440,200009,119920,1600,via3_1600x480
VSS,met2-met3,STRIPE,via,198409,119440,200009,119920,1600,via2_1600x480
VSS,met1-met2,STRIPE,via,198409,119440,200009,119920,1600,via_1600x480
VSS,met3-met4,STRIPE,via,171102,119440,172702,119920,1600,via3_1600x480
VSS,met2-met3,STRIPE,via,171102,119440,172702,119920,1600,via2_1600x480
VSS,met1-met2,STRIPE,via,171102,119440,172702,119920,1600,via_1600x480
VSS,met3-met4,STRIPE,via,145641,119440,147241,119920,1600,via3_1600x480
VSS,met2-met3,STRIPE,via,145641,119440,147241,119920,1600,via2_1600x480
VSS,met1-met2,STRIPE,via,145641,119440,147241,119920,1600,via_1600x480
VSS,met3-met4,STRIPE,via,118101,119440,119701,119920,1600,via3_1600x480
VSS,met2-met3,STRIPE,via,118101,119440,119701,119920,1600,via2_1600x480
VSS,met1-met2,STRIPE,via,118101,119440,119701,119920,1600,via_1600x480
VSS,met3-met4,STRIPE,via,91261,119440,92861,119920,1600,via3_1600x480
VSS,met2-met3,STRIPE,via,91261,119440,92861,119920,1600,via2_1600x480
VSS,met1-met2,STRIPE,via,91261,119440,92861,119920,1600,via_1600x480
VSS,met3-met4,STRIPE,via,62812,119440,64412,119920,1600,via3_1600x480
VSS,met2-met3,STRIPE,via,62812,119440,64412,119920,1600,via2_1600x480
VSS,met1-met2,STRIPE,via,62812,119440,64412,119920,1600,via_1600x480
VSS,met3-met4,STRIPE,via,37794,119440,39394,119920,1600,via3_1600x480
VSS,met2-met3,STRIPE,via,37794,119440,39394,119920,1600,via2_1600x480
VSS,met1-met2,STRIPE,via,37794,119440,39394,119920,1600,via_1600x480
VSS,met3-met4,STRIPE,via,253482,114000,255082,114480,1600,via3_1600x480
VSS,met2-met3,STRIPE,via,253482,114000,255082,114480,1600,via2_1600x480
VSS,met1-met2,STRIPE,via,253482,114000,255082,114480,1600,via_1600x480
VSS,met3-met4,STRIPE,via,225434,114000,227034,114480,1600,via3_1600x480
VSS,met2-met3,STRIPE,via,225434,114000,227034,114480,1600,via2_1600x480
VSS,met1-met2,STRIPE,via,225434,114000,227034,114480,1600,via_1600x480
VSS,met3-met4,STRIPE,via,198409,114000,200009,114480,1600,via3_1600x480
VSS,met2-met3,STRIPE,via,198409,114000,200009,114480,1600,via2_1600x480
VSS,met1-met2,STRIPE,via,198409,114000,200009,114480,1600,via_1600x480
VSS,met3-met4,STRIPE,via,171102,114000,172702,114480,1600,via3_1600x480
VSS,met2-met3,STRIPE,via,171102,114000,172702,114480,1600,via2_1600x480
VSS,met1-met2,STRIPE,via,171102,114000,172702,114480,1600,via_1600x480
VSS,met3-met4,STRIPE,via,145641,114000,147241,114480,1600,via3_1600x480
VSS,met2-met3,STRIPE,via,145641,114000,147241,114480,1600,via2_1600x480
VSS,met1-met2,STRIPE,via,145641,114000,147241,114480,1600,via_1600x480
VSS,met3-met4,STRIPE,via,118101,114000,119701,114480,1600,via3_1600x480
VSS,met2-met3,STRIPE,via,118101,114000,119701,114480,1600,via2_1600x480
VSS,met1-met2,STRIPE,via,118101,114000,119701,114480,1600,via_1600x480
VSS,met3-met4,STRIPE,via,91261,114000,92861,114480,1600,via3_1600x480
VSS,met2-met3,STRIPE,via,91261,114000,92861,114480,1600,via2_1600x480
VSS,met1-met2,STRIPE,via,91261,114000,92861,114480,1600,via_1600x480
VSS,met3-met4,STRIPE,via,62812,114000,64412,114480,1600,via3_1600x480
VSS,met2-met3,STRIPE,via,62812,114000,64412,114480,1600,via2_1600x480
VSS,met1-met2,STRIPE,via,62812,114000,64412,114480,1600,via_1600x480
VSS,met3-met4,STRIPE,via,37794,114000,39394,114480,1600,via3_1600x480
VSS,met2-met3,STRIPE,via,37794,114000,39394,114480,1600,via2_1600x480
VSS,met1-met2,STRIPE,via,37794,114000,39394,114480,1600,via_1600x480
VSS,met3-met4,STRIPE,via,253482,108560,255082,109040,1600,via3_1600x480
VSS,met2-met3,STRIPE,via,253482,108560,255082,109040,1600,via2_1600x480
VSS,met1-met2,STRIPE,via,253482,108560,255082,109040,1600,via_1600x480
VSS,met3-met4,STRIPE,via,225434,108560,227034,109040,1600,via3_1600x480
VSS,met2-met3,STRIPE,via,225434,108560,227034,109040,1600,via2_1600x480
VSS,met1-met2,STRIPE,via,225434,108560,227034,109040,1600,via_1600x480
VSS,met3-met4,STRIPE,via,198409,108560,200009,109040,1600,via3_1600x480
VSS,met2-met3,STRIPE,via,198409,108560,200009,109040,1600,via2_1600x480
VSS,met1-met2,STRIPE,via,198409,108560,200009,109040,1600,via_1600x480
VSS,met3-met4,STRIPE,via,171102,108560,172702,109040,1600,via3_1600x480
VSS,met2-met3,STRIPE,via,171102,108560,172702,109040,1600,via2_1600x480
VSS,met1-met2,STRIPE,via,171102,108560,172702,109040,1600,via_1600x480
VSS,met3-met4,STRIPE,via,145641,108560,147241,109040,1600,via3_1600x480
VSS,met2-met3,STRIPE,via,145641,108560,147241,109040,1600,via2_1600x480
VSS,met1-met2,STRIPE,via,145641,108560,147241,109040,1600,via_1600x480
VSS,met3-met4,STRIPE,via,118101,108560,119701,109040,1600,via3_1600x480
VSS,met2-met3,STRIPE,via,118101,108560,119701,109040,1600,via2_1600x480
VSS,met1-met2,STRIPE,via,118101,108560,119701,109040,1600,via_1600x480
VSS,met3-met4,STRIPE,via,91261,108560,92861,109040,1600,via3_1600x480
VSS,met2-met3,STRIPE,via,91261,108560,92861,109040,1600,via2_1600x480
VSS,met1-met2,STRIPE,via,91261,108560,92861,109040,1600,via_1600x480
VSS,met3-met4,STRIPE,via,62812,108560,64412,109040,1600,via3_1600x480
VSS,met2-met3,STRIPE,via,62812,108560,64412,109040,1600,via2_1600x480
VSS,met1-met2,STRIPE,via,62812,108560,64412,109040,1600,via_1600x480
VSS,met3-met4,STRIPE,via,37794,108560,39394,109040,1600,via3_1600x480
VSS,met2-met3,STRIPE,via,37794,108560,39394,109040,1600,via2_1600x480
VSS,met1-met2,STRIPE,via,37794,108560,39394,109040,1600,via_1600x480
VSS,met3-met4,STRIPE,via,253482,103120,255082,103600,1600,via3_1600x480
VSS,met2-met3,STRIPE,via,253482,103120,255082,103600,1600,via2_1600x480
VSS,met1-met2,STRIPE,via,253482,103120,255082,103600,1600,via_1600x480
VSS,met3-met4,STRIPE,via,225434,103120,227034,103600,1600,via3_1600x480
VSS,met2-met3,STRIPE,via,225434,103120,227034,103600,1600,via2_1600x480
VSS,met1-met2,STRIPE,via,225434,103120,227034,103600,1600,via_1600x480
VSS,met3-met4,STRIPE,via,198409,103120,200009,103600,1600,via3_1600x480
VSS,met2-met3,STRIPE,via,198409,103120,200009,103600,1600,via2_1600x480
VSS,met1-met2,STRIPE,via,198409,103120,200009,103600,1600,via_1600x480
VSS,met3-met4,STRIPE,via,171102,103120,172702,103600,1600,via3_1600x480
VSS,met2-met3,STRIPE,via,171102,103120,172702,103600,1600,via2_1600x480
VSS,met1-met2,STRIPE,via,171102,103120,172702,103600,1600,via_1600x480
VSS,met3-met4,STRIPE,via,145641,103120,147241,103600,1600,via3_1600x480
VSS,met2-met3,STRIPE,via,145641,103120,147241,103600,1600,via2_1600x480
VSS,met1-met2,STRIPE,via,145641,103120,147241,103600,1600,via_1600x480
VSS,met3-met4,STRIPE,via,118101,103120,119701,103600,1600,via3_1600x480
VSS,met2-met3,STRIPE,via,118101,103120,119701,103600,1600,via2_1600x480
VSS,met1-met2,STRIPE,via,118101,103120,119701,103600,1600,via_1600x480
VSS,met3-met4,STRIPE,via,91261,103120,92861,103600,1600,via3_1600x480
VSS,met2-met3,STRIPE,via,91261,103120,92861,103600,1600,via2_1600x480
VSS,met1-met2,STRIPE,via,91261,103120,92861,103600,1600,via_1600x480
VSS,met3-met4,STRIPE,via,62812,103120,64412,103600,1600,via3_1600x480
VSS,met2-met3,STRIPE,via,62812,103120,64412,103600,1600,via2_1600x480
VSS,met1-met2,STRIPE,via,62812,103120,64412,103600,1600,via_1600x480
VSS,met3-met4,STRIPE,via,37794,103120,39394,103600,1600,via3_1600x480
VSS,met2-met3,STRIPE,via,37794,103120,39394,103600,1600,via2_1600x480
VSS,met1-met2,STRIPE,via,37794,103120,39394,103600,1600,via_1600x480
VSS,met3-met4,STRIPE,via,253482,97680,255082,98160,1600,via3_1600x480
VSS,met2-met3,STRIPE,via,253482,97680,255082,98160,1600,via2_1600x480
VSS,met1-met2,STRIPE,via,253482,97680,255082,98160,1600,via_1600x480
VSS,met3-met4,STRIPE,via,225434,97680,227034,98160,1600,via3_1600x480
VSS,met2-met3,STRIPE,via,225434,97680,227034,98160,1600,via2_1600x480
VSS,met1-met2,STRIPE,via,225434,97680,227034,98160,1600,via_1600x480
VSS,met3-met4,STRIPE,via,198409,97680,200009,98160,1600,via3_1600x480
VSS,met2-met3,STRIPE,via,198409,97680,200009,98160,1600,via2_1600x480
VSS,met1-met2,STRIPE,via,198409,97680,200009,98160,1600,via_1600x480
VSS,met3-met4,STRIPE,via,171102,97680,172702,98160,1600,via3_1600x480
VSS,met2-met3,STRIPE,via,171102,97680,172702,98160,1600,via2_1600x480
VSS,met1-met2,STRIPE,via,171102,97680,172702,98160,1600,via_1600x480
VSS,met3-met4,STRIPE,via,145641,97680,147241,98160,1600,via3_1600x480
VSS,met2-met3,STRIPE,via,145641,97680,147241,98160,1600,via2_1600x480
VSS,met1-met2,STRIPE,via,145641,97680,147241,98160,1600,via_1600x480
VSS,met3-met4,STRIPE,via,118101,97680,119701,98160,1600,via3_1600x480
VSS,met2-met3,STRIPE,via,118101,97680,119701,98160,1600,via2_1600x480
VSS,met1-met2,STRIPE,via,118101,97680,119701,98160,1600,via_1600x480
VSS,met3-met4,STRIPE,via,91261,97680,92861,98160,1600,via3_1600x480
VSS,met2-met3,STRIPE,via,91261,97680,92861,98160,1600,via2_1600x480
VSS,met1-met2,STRIPE,via,91261,97680,92861,98160,1600,via_1600x480
VSS,met3-met4,STRIPE,via,62812,97680,64412,98160,1600,via3_1600x480
VSS,met2-met3,STRIPE,via,62812,97680,64412,98160,1600,via2_1600x480
VSS,met1-met2,STRIPE,via,62812,97680,64412,98160,1600,via_1600x480
VSS,met3-met4,STRIPE,via,37794,97680,39394,98160,1600,via3_1600x480
VSS,met2-met3,STRIPE,via,37794,97680,39394,98160,1600,via2_1600x480
VSS,met1-met2,STRIPE,via,37794,97680,39394,98160,1600,via_1600x480
VSS,met3-met4,STRIPE,via,253482,92240,255082,92720,1600,via3_1600x480
VSS,met2-met3,STRIPE,via,253482,92240,255082,92720,1600,via2_1600x480
VSS,met1-met2,STRIPE,via,253482,92240,255082,92720,1600,via_1600x480
VSS,met3-met4,STRIPE,via,225434,92240,227034,92720,1600,via3_1600x480
VSS,met2-met3,STRIPE,via,225434,92240,227034,92720,1600,via2_1600x480
VSS,met1-met2,STRIPE,via,225434,92240,227034,92720,1600,via_1600x480
VSS,met3-met4,STRIPE,via,198409,92240,200009,92720,1600,via3_1600x480
VSS,met2-met3,STRIPE,via,198409,92240,200009,92720,1600,via2_1600x480
VSS,met1-met2,STRIPE,via,198409,92240,200009,92720,1600,via_1600x480
VSS,met3-met4,STRIPE,via,171102,92240,172702,92720,1600,via3_1600x480
VSS,met2-met3,STRIPE,via,171102,92240,172702,92720,1600,via2_1600x480
VSS,met1-met2,STRIPE,via,171102,92240,172702,92720,1600,via_1600x480
VSS,met3-met4,STRIPE,via,145641,92240,147241,92720,1600,via3_1600x480
VSS,met2-met3,STRIPE,via,145641,92240,147241,92720,1600,via2_1600x480
VSS,met1-met2,STRIPE,via,145641,92240,147241,92720,1600,via_1600x480
VSS,met3-met4,STRIPE,via,118101,92240,119701,92720,1600,via3_1600x480
VSS,met2-met3,STRIPE,via,118101,92240,119701,92720,1600,via2_1600x480
VSS,met1-met2,STRIPE,via,118101,92240,119701,92720,1600,via_1600x480
VSS,met3-met4,STRIPE,via,91261,92240,92861,92720,1600,via3_1600x480
VSS,met2-met3,STRIPE,via,91261,92240,92861,92720,1600,via2_1600x480
VSS,met1-met2,STRIPE,via,91261,92240,92861,92720,1600,via_1600x480
VSS,met3-met4,STRIPE,via,62812,92240,64412,92720,1600,via3_1600x480
VSS,met2-met3,STRIPE,via,62812,92240,64412,92720,1600,via2_1600x480
VSS,met1-met2,STRIPE,via,62812,92240,64412,92720,1600,via_1600x480
VSS,met3-met4,STRIPE,via,37794,92240,39394,92720,1600,via3_1600x480
VSS,met2-met3,STRIPE,via,37794,92240,39394,92720,1600,via2_1600x480
VSS,met1-met2,STRIPE,via,37794,92240,39394,92720,1600,via_1600x480
VSS,met3-met4,STRIPE,via,253482,86800,255082,87280,1600,via3_1600x480
VSS,met2-met3,STRIPE,via,253482,86800,255082,87280,1600,via2_1600x480
VSS,met1-met2,STRIPE,via,253482,86800,255082,87280,1600,via_1600x480
VSS,met3-met4,STRIPE,via,225434,86800,227034,87280,1600,via3_1600x480
VSS,met2-met3,STRIPE,via,225434,86800,227034,87280,1600,via2_1600x480
VSS,met1-met2,STRIPE,via,225434,86800,227034,87280,1600,via_1600x480
VSS,met3-met4,STRIPE,via,198409,86800,200009,87280,1600,via3_1600x480
VSS,met2-met3,STRIPE,via,198409,86800,200009,87280,1600,via2_1600x480
VSS,met1-met2,STRIPE,via,198409,86800,200009,87280,1600,via_1600x480
VSS,met3-met4,STRIPE,via,171102,86800,172702,87280,1600,via3_1600x480
VSS,met2-met3,STRIPE,via,171102,86800,172702,87280,1600,via2_1600x480
VSS,met1-met2,STRIPE,via,171102,86800,172702,87280,1600,via_1600x480
VSS,met3-met4,STRIPE,via,145641,86800,147241,87280,1600,via3_1600x480
VSS,met2-met3,STRIPE,via,145641,86800,147241,87280,1600,via2_1600x480
VSS,met1-met2,STRIPE,via,145641,86800,147241,87280,1600,via_1600x480
VSS,met3-met4,STRIPE,via,118101,86800,119701,87280,1600,via3_1600x480
VSS,met2-met3,STRIPE,via,118101,86800,119701,87280,1600,via2_1600x480
VSS,met1-met2,STRIPE,via,118101,86800,119701,87280,1600,via_1600x480
VSS,met3-met4,STRIPE,via,91261,86800,92861,87280,1600,via3_1600x480
VSS,met2-met3,STRIPE,via,91261,86800,92861,87280,1600,via2_1600x480
VSS,met1-met2,STRIPE,via,91261,86800,92861,87280,1600,via_1600x480
VSS,met3-met4,STRIPE,via,62812,86800,64412,87280,1600,via3_1600x480
VSS,met2-met3,STRIPE,via,62812,86800,64412,87280,1600,via2_1600x480
VSS,met1-met2,STRIPE,via,62812,86800,64412,87280,1600,via_1600x480
VSS,met3-met4,STRIPE,via,37794,86800,39394,87280,1600,via3_1600x480
VSS,met2-met3,STRIPE,via,37794,86800,39394,87280,1600,via2_1600x480
VSS,met1-met2,STRIPE,via,37794,86800,39394,87280,1600,via_1600x480
VSS,met3-met4,STRIPE,via,253482,81360,255082,81840,1600,via3_1600x480
VSS,met2-met3,STRIPE,via,253482,81360,255082,81840,1600,via2_1600x480
VSS,met1-met2,STRIPE,via,253482,81360,255082,81840,1600,via_1600x480
VSS,met3-met4,STRIPE,via,225434,81360,227034,81840,1600,via3_1600x480
VSS,met2-met3,STRIPE,via,225434,81360,227034,81840,1600,via2_1600x480
VSS,met1-met2,STRIPE,via,225434,81360,227034,81840,1600,via_1600x480
VSS,met3-met4,STRIPE,via,198409,81360,200009,81840,1600,via3_1600x480
VSS,met2-met3,STRIPE,via,198409,81360,200009,81840,1600,via2_1600x480
VSS,met1-met2,STRIPE,via,198409,81360,200009,81840,1600,via_1600x480
VSS,met3-met4,STRIPE,via,171102,81360,172702,81840,1600,via3_1600x480
VSS,met2-met3,STRIPE,via,171102,81360,172702,81840,1600,via2_1600x480
VSS,met1-met2,STRIPE,via,171102,81360,172702,81840,1600,via_1600x480
VSS,met3-met4,STRIPE,via,145641,81360,147241,81840,1600,via3_1600x480
VSS,met2-met3,STRIPE,via,145641,81360,147241,81840,1600,via2_1600x480
VSS,met1-met2,STRIPE,via,145641,81360,147241,81840,1600,via_1600x480
VSS,met3-met4,STRIPE,via,118101,81360,119701,81840,1600,via3_1600x480
VSS,met2-met3,STRIPE,via,118101,81360,119701,81840,1600,via2_1600x480
VSS,met1-met2,STRIPE,via,118101,81360,119701,81840,1600,via_1600x480
VSS,met3-met4,STRIPE,via,91261,81360,92861,81840,1600,via3_1600x480
VSS,met2-met3,STRIPE,via,91261,81360,92861,81840,1600,via2_1600x480
VSS,met1-met2,STRIPE,via,91261,81360,92861,81840,1600,via_1600x480
VSS,met3-met4,STRIPE,via,62812,81360,64412,81840,1600,via3_1600x480
VSS,met2-met3,STRIPE,via,62812,81360,64412,81840,1600,via2_1600x480
VSS,met1-met2,STRIPE,via,62812,81360,64412,81840,1600,via_1600x480
VSS,met3-met4,STRIPE,via,37794,81360,39394,81840,1600,via3_1600x480
VSS,met2-met3,STRIPE,via,37794,81360,39394,81840,1600,via2_1600x480
VSS,met1-met2,STRIPE,via,37794,81360,39394,81840,1600,via_1600x480
VSS,met3-met4,STRIPE,via,253482,75920,255082,76400,1600,via3_1600x480
VSS,met2-met3,STRIPE,via,253482,75920,255082,76400,1600,via2_1600x480
VSS,met1-met2,STRIPE,via,253482,75920,255082,76400,1600,via_1600x480
VSS,met3-met4,STRIPE,via,225434,75920,227034,76400,1600,via3_1600x480
VSS,met2-met3,STRIPE,via,225434,75920,227034,76400,1600,via2_1600x480
VSS,met1-met2,STRIPE,via,225434,75920,227034,76400,1600,via_1600x480
VSS,met3-met4,STRIPE,via,198409,75920,200009,76400,1600,via3_1600x480
VSS,met2-met3,STRIPE,via,198409,75920,200009,76400,1600,via2_1600x480
VSS,met1-met2,STRIPE,via,198409,75920,200009,76400,1600,via_1600x480
VSS,met3-met4,STRIPE,via,171102,75920,172702,76400,1600,via3_1600x480
VSS,met2-met3,STRIPE,via,171102,75920,172702,76400,1600,via2_1600x480
VSS,met1-met2,STRIPE,via,171102,75920,172702,76400,1600,via_1600x480
VSS,met3-met4,STRIPE,via,145641,75920,147241,76400,1600,via3_1600x480
VSS,met2-met3,STRIPE,via,145641,75920,147241,76400,1600,via2_1600x480
VSS,met1-met2,STRIPE,via,145641,75920,147241,76400,1600,via_1600x480
VSS,met3-met4,STRIPE,via,118101,75920,119701,76400,1600,via3_1600x480
VSS,met2-met3,STRIPE,via,118101,75920,119701,76400,1600,via2_1600x480
VSS,met1-met2,STRIPE,via,118101,75920,119701,76400,1600,via_1600x480
VSS,met3-met4,STRIPE,via,91261,75920,92861,76400,1600,via3_1600x480
VSS,met2-met3,STRIPE,via,91261,75920,92861,76400,1600,via2_1600x480
VSS,met1-met2,STRIPE,via,91261,75920,92861,76400,1600,via_1600x480
VSS,met3-met4,STRIPE,via,62812,75920,64412,76400,1600,via3_1600x480
VSS,met2-met3,STRIPE,via,62812,75920,64412,76400,1600,via2_1600x480
VSS,met1-met2,STRIPE,via,62812,75920,64412,76400,1600,via_1600x480
VSS,met3-met4,STRIPE,via,37794,75920,39394,76400,1600,via3_1600x480
VSS,met2-met3,STRIPE,via,37794,75920,39394,76400,1600,via2_1600x480
VSS,met1-met2,STRIPE,via,37794,75920,39394,76400,1600,via_1600x480
VSS,met3-met4,STRIPE,via,253482,70480,255082,70960,1600,via3_1600x480
VSS,met2-met3,STRIPE,via,253482,70480,255082,70960,1600,via2_1600x480
VSS,met1-met2,STRIPE,via,253482,70480,255082,70960,1600,via_1600x480
VSS,met3-met4,STRIPE,via,225434,70480,227034,70960,1600,via3_1600x480
VSS,met2-met3,STRIPE,via,225434,70480,227034,70960,1600,via2_1600x480
VSS,met1-met2,STRIPE,via,225434,70480,227034,70960,1600,via_1600x480
VSS,met3-met4,STRIPE,via,198409,70480,200009,70960,1600,via3_1600x480
VSS,met2-met3,STRIPE,via,198409,70480,200009,70960,1600,via2_1600x480
VSS,met1-met2,STRIPE,via,198409,70480,200009,70960,1600,via_1600x480
VSS,met3-met4,STRIPE,via,171102,70480,172702,70960,1600,via3_1600x480
VSS,met2-met3,STRIPE,via,171102,70480,172702,70960,1600,via2_1600x480
VSS,met1-met2,STRIPE,via,171102,70480,172702,70960,1600,via_1600x480
VSS,met3-met4,STRIPE,via,145641,70480,147241,70960,1600,via3_1600x480
VSS,met2-met3,STRIPE,via,145641,70480,147241,70960,1600,via2_1600x480
VSS,met1-met2,STRIPE,via,145641,70480,147241,70960,1600,via_1600x480
VSS,met3-met4,STRIPE,via,118101,70480,119701,70960,1600,via3_1600x480
VSS,met2-met3,STRIPE,via,118101,70480,119701,70960,1600,via2_1600x480
VSS,met1-met2,STRIPE,via,118101,70480,119701,70960,1600,via_1600x480
VSS,met3-met4,STRIPE,via,91261,70480,92861,70960,1600,via3_1600x480
VSS,met2-met3,STRIPE,via,91261,70480,92861,70960,1600,via2_1600x480
VSS,met1-met2,STRIPE,via,91261,70480,92861,70960,1600,via_1600x480
VSS,met3-met4,STRIPE,via,62812,70480,64412,70960,1600,via3_1600x480
VSS,met2-met3,STRIPE,via,62812,70480,64412,70960,1600,via2_1600x480
VSS,met1-met2,STRIPE,via,62812,70480,64412,70960,1600,via_1600x480
VSS,met3-met4,STRIPE,via,37794,70480,39394,70960,1600,via3_1600x480
VSS,met2-met3,STRIPE,via,37794,70480,39394,70960,1600,via2_1600x480
VSS,met1-met2,STRIPE,via,37794,70480,39394,70960,1600,via_1600x480
VSS,met3-met4,STRIPE,via,253482,65040,255082,65520,1600,via3_1600x480
VSS,met2-met3,STRIPE,via,253482,65040,255082,65520,1600,via2_1600x480
VSS,met1-met2,STRIPE,via,253482,65040,255082,65520,1600,via_1600x480
VSS,met3-met4,STRIPE,via,225434,65040,227034,65520,1600,via3_1600x480
VSS,met2-met3,STRIPE,via,225434,65040,227034,65520,1600,via2_1600x480
VSS,met1-met2,STRIPE,via,225434,65040,227034,65520,1600,via_1600x480
VSS,met3-met4,STRIPE,via,198409,65040,200009,65520,1600,via3_1600x480
VSS,met2-met3,STRIPE,via,198409,65040,200009,65520,1600,via2_1600x480
VSS,met1-met2,STRIPE,via,198409,65040,200009,65520,1600,via_1600x480
VSS,met3-met4,STRIPE,via,171102,65040,172702,65520,1600,via3_1600x480
VSS,met2-met3,STRIPE,via,171102,65040,172702,65520,1600,via2_1600x480
VSS,met1-met2,STRIPE,via,171102,65040,172702,65520,1600,via_1600x480
VSS,met3-met4,STRIPE,via,145641,65040,147241,65520,1600,via3_1600x480
VSS,met2-met3,STRIPE,via,145641,65040,147241,65520,1600,via2_1600x480
VSS,met1-met2,STRIPE,via,145641,65040,147241,65520,1600,via_1600x480
VSS,met3-met4,STRIPE,via,118101,65040,119701,65520,1600,via3_1600x480
VSS,met2-met3,STRIPE,via,118101,65040,119701,65520,1600,via2_1600x480
VSS,met1-met2,STRIPE,via,118101,65040,119701,65520,1600,via_1600x480
VSS,met3-met4,STRIPE,via,91261,65040,92861,65520,1600,via3_1600x480
VSS,met2-met3,STRIPE,via,91261,65040,92861,65520,1600,via2_1600x480
VSS,met1-met2,STRIPE,via,91261,65040,92861,65520,1600,via_1600x480
VSS,met3-met4,STRIPE,via,62812,65040,64412,65520,1600,via3_1600x480
VSS,met2-met3,STRIPE,via,62812,65040,64412,65520,1600,via2_1600x480
VSS,met1-met2,STRIPE,via,62812,65040,64412,65520,1600,via_1600x480
VSS,met3-met4,STRIPE,via,37794,65040,39394,65520,1600,via3_1600x480
VSS,met2-met3,STRIPE,via,37794,65040,39394,65520,1600,via2_1600x480
VSS,met1-met2,STRIPE,via,37794,65040,39394,65520,1600,via_1600x480
VSS,met3-met4,STRIPE,via,253482,59600,255082,60080,1600,via3_1600x480
VSS,met2-met3,STRIPE,via,253482,59600,255082,60080,1600,via2_1600x480
VSS,met1-met2,STRIPE,via,253482,59600,255082,60080,1600,via_1600x480
VSS,met3-met4,STRIPE,via,225434,59600,227034,60080,1600,via3_1600x480
VSS,met2-met3,STRIPE,via,225434,59600,227034,60080,1600,via2_1600x480
VSS,met1-met2,STRIPE,via,225434,59600,227034,60080,1600,via_1600x480
VSS,met3-met4,STRIPE,via,198409,59600,200009,60080,1600,via3_1600x480
VSS,met2-met3,STRIPE,via,198409,59600,200009,60080,1600,via2_1600x480
VSS,met1-met2,STRIPE,via,198409,59600,200009,60080,1600,via_1600x480
VSS,met3-met4,STRIPE,via,171102,59600,172702,60080,1600,via3_1600x480
VSS,met2-met3,STRIPE,via,171102,59600,172702,60080,1600,via2_1600x480
VSS,met1-met2,STRIPE,via,171102,59600,172702,60080,1600,via_1600x480
VSS,met3-met4,STRIPE,via,145641,59600,147241,60080,1600,via3_1600x480
VSS,met2-met3,STRIPE,via,145641,59600,147241,60080,1600,via2_1600x480
VSS,met1-met2,STRIPE,via,145641,59600,147241,60080,1600,via_1600x480
VSS,met3-met4,STRIPE,via,118101,59600,119701,60080,1600,via3_1600x480
VSS,met2-met3,STRIPE,via,118101,59600,119701,60080,1600,via2_1600x480
VSS,met1-met2,STRIPE,via,118101,59600,119701,60080,1600,via_1600x480
VSS,met3-met4,STRIPE,via,91261,59600,92861,60080,1600,via3_1600x480
VSS,met2-met3,STRIPE,via,91261,59600,92861,60080,1600,via2_1600x480
VSS,met1-met2,STRIPE,via,91261,59600,92861,60080,1600,via_1600x480
VSS,met3-met4,STRIPE,via,62812,59600,64412,60080,1600,via3_1600x480
VSS,met2-met3,STRIPE,via,62812,59600,64412,60080,1600,via2_1600x480
VSS,met1-met2,STRIPE,via,62812,59600,64412,60080,1600,via_1600x480
VSS,met3-met4,STRIPE,via,37794,59600,39394,60080,1600,via3_1600x480
VSS,met2-met3,STRIPE,via,37794,59600,39394,60080,1600,via2_1600x480
VSS,met1-met2,STRIPE,via,37794,59600,39394,60080,1600,via_1600x480
VSS,met3-met4,STRIPE,via,253482,54160,255082,54640,1600,via3_1600x480
VSS,met2-met3,STRIPE,via,253482,54160,255082,54640,1600,via2_1600x480
VSS,met1-met2,STRIPE,via,253482,54160,255082,54640,1600,via_1600x480
VSS,met3-met4,STRIPE,via,225434,54160,227034,54640,1600,via3_1600x480
VSS,met2-met3,STRIPE,via,225434,54160,227034,54640,1600,via2_1600x480
VSS,met1-met2,STRIPE,via,225434,54160,227034,54640,1600,via_1600x480
VSS,met3-met4,STRIPE,via,198409,54160,200009,54640,1600,via3_1600x480
VSS,met2-met3,STRIPE,via,198409,54160,200009,54640,1600,via2_1600x480
VSS,met1-met2,STRIPE,via,198409,54160,200009,54640,1600,via_1600x480
VSS,met3-met4,STRIPE,via,171102,54160,172702,54640,1600,via3_1600x480
VSS,met2-met3,STRIPE,via,171102,54160,172702,54640,1600,via2_1600x480
VSS,met1-met2,STRIPE,via,171102,54160,172702,54640,1600,via_1600x480
VSS,met3-met4,STRIPE,via,145641,54160,147241,54640,1600,via3_1600x480
VSS,met2-met3,STRIPE,via,145641,54160,147241,54640,1600,via2_1600x480
VSS,met1-met2,STRIPE,via,145641,54160,147241,54640,1600,via_1600x480
VSS,met3-met4,STRIPE,via,118101,54160,119701,54640,1600,via3_1600x480
VSS,met2-met3,STRIPE,via,118101,54160,119701,54640,1600,via2_1600x480
VSS,met1-met2,STRIPE,via,118101,54160,119701,54640,1600,via_1600x480
VSS,met3-met4,STRIPE,via,91261,54160,92861,54640,1600,via3_1600x480
VSS,met2-met3,STRIPE,via,91261,54160,92861,54640,1600,via2_1600x480
VSS,met1-met2,STRIPE,via,91261,54160,92861,54640,1600,via_1600x480
VSS,met3-met4,STRIPE,via,62812,54160,64412,54640,1600,via3_1600x480
VSS,met2-met3,STRIPE,via,62812,54160,64412,54640,1600,via2_1600x480
VSS,met1-met2,STRIPE,via,62812,54160,64412,54640,1600,via_1600x480
VSS,met3-met4,STRIPE,via,37794,54160,39394,54640,1600,via3_1600x480
VSS,met2-met3,STRIPE,via,37794,54160,39394,54640,1600,via2_1600x480
VSS,met1-met2,STRIPE,via,37794,54160,39394,54640,1600,via_1600x480
VSS,met3-met4,STRIPE,via,253482,48720,255082,49200,1600,via3_1600x480
VSS,met2-met3,STRIPE,via,253482,48720,255082,49200,1600,via2_1600x480
VSS,met1-met2,STRIPE,via,253482,48720,255082,49200,1600,via_1600x480
VSS,met3-met4,STRIPE,via,225434,48720,227034,49200,1600,via3_1600x480
VSS,met2-met3,STRIPE,via,225434,48720,227034,49200,1600,via2_1600x480
VSS,met1-met2,STRIPE,via,225434,48720,227034,49200,1600,via_1600x480
VSS,met3-met4,STRIPE,via,198409,48720,200009,49200,1600,via3_1600x480
VSS,met2-met3,STRIPE,via,198409,48720,200009,49200,1600,via2_1600x480
VSS,met1-met2,STRIPE,via,198409,48720,200009,49200,1600,via_1600x480
VSS,met3-met4,STRIPE,via,171102,48720,172702,49200,1600,via3_1600x480
VSS,met2-met3,STRIPE,via,171102,48720,172702,49200,1600,via2_1600x480
VSS,met1-met2,STRIPE,via,171102,48720,172702,49200,1600,via_1600x480
VSS,met3-met4,STRIPE,via,145641,48720,147241,49200,1600,via3_1600x480
VSS,met2-met3,STRIPE,via,145641,48720,147241,49200,1600,via2_1600x480
VSS,met1-met2,STRIPE,via,145641,48720,147241,49200,1600,via_1600x480
VSS,met3-met4,STRIPE,via,118101,48720,119701,49200,1600,via3_1600x480
VSS,met2-met3,STRIPE,via,118101,48720,119701,49200,1600,via2_1600x480
VSS,met1-met2,STRIPE,via,118101,48720,119701,49200,1600,via_1600x480
VSS,met3-met4,STRIPE,via,91261,48720,92861,49200,1600,via3_1600x480
VSS,met2-met3,STRIPE,via,91261,48720,92861,49200,1600,via2_1600x480
VSS,met1-met2,STRIPE,via,91261,48720,92861,49200,1600,via_1600x480
VSS,met3-met4,STRIPE,via,62812,48720,64412,49200,1600,via3_1600x480
VSS,met2-met3,STRIPE,via,62812,48720,64412,49200,1600,via2_1600x480
VSS,met1-met2,STRIPE,via,62812,48720,64412,49200,1600,via_1600x480
VSS,met3-met4,STRIPE,via,37794,48720,39394,49200,1600,via3_1600x480
VSS,met2-met3,STRIPE,via,37794,48720,39394,49200,1600,via2_1600x480
VSS,met1-met2,STRIPE,via,37794,48720,39394,49200,1600,via_1600x480
VSS,met3-met4,STRIPE,via,253482,43280,255082,43760,1600,via3_1600x480
VSS,met2-met3,STRIPE,via,253482,43280,255082,43760,1600,via2_1600x480
VSS,met1-met2,STRIPE,via,253482,43280,255082,43760,1600,via_1600x480
VSS,met3-met4,STRIPE,via,225434,43280,227034,43760,1600,via3_1600x480
VSS,met2-met3,STRIPE,via,225434,43280,227034,43760,1600,via2_1600x480
VSS,met1-met2,STRIPE,via,225434,43280,227034,43760,1600,via_1600x480
VSS,met3-met4,STRIPE,via,198409,43280,200009,43760,1600,via3_1600x480
VSS,met2-met3,STRIPE,via,198409,43280,200009,43760,1600,via2_1600x480
VSS,met1-met2,STRIPE,via,198409,43280,200009,43760,1600,via_1600x480
VSS,met3-met4,STRIPE,via,171102,43280,172702,43760,1600,via3_1600x480
VSS,met2-met3,STRIPE,via,171102,43280,172702,43760,1600,via2_1600x480
VSS,met1-met2,STRIPE,via,171102,43280,172702,43760,1600,via_1600x480
VSS,met3-met4,STRIPE,via,145641,43280,147241,43760,1600,via3_1600x480
VSS,met2-met3,STRIPE,via,145641,43280,147241,43760,1600,via2_1600x480
VSS,met1-met2,STRIPE,via,145641,43280,147241,43760,1600,via_1600x480
VSS,met3-met4,STRIPE,via,118101,43280,119701,43760,1600,via3_1600x480
VSS,met2-met3,STRIPE,via,118101,43280,119701,43760,1600,via2_1600x480
VSS,met1-met2,STRIPE,via,118101,43280,119701,43760,1600,via_1600x480
VSS,met3-met4,STRIPE,via,91261,43280,92861,43760,1600,via3_1600x480
VSS,met2-met3,STRIPE,via,91261,43280,92861,43760,1600,via2_1600x480
VSS,met1-met2,STRIPE,via,91261,43280,92861,43760,1600,via_1600x480
VSS,met3-met4,STRIPE,via,62812,43280,64412,43760,1600,via3_1600x480
VSS,met2-met3,STRIPE,via,62812,43280,64412,43760,1600,via2_1600x480
VSS,met1-met2,STRIPE,via,62812,43280,64412,43760,1600,via_1600x480
VSS,met3-met4,STRIPE,via,37794,43280,39394,43760,1600,via3_1600x480
VSS,met2-met3,STRIPE,via,37794,43280,39394,43760,1600,via2_1600x480
VSS,met1-met2,STRIPE,via,37794,43280,39394,43760,1600,via_1600x480
VSS,met3-met4,STRIPE,via,253482,37840,255082,38320,1600,via3_1600x480
VSS,met2-met3,STRIPE,via,253482,37840,255082,38320,1600,via2_1600x480
VSS,met1-met2,STRIPE,via,253482,37840,255082,38320,1600,via_1600x480
VSS,met3-met4,STRIPE,via,225434,37840,227034,38320,1600,via3_1600x480
VSS,met2-met3,STRIPE,via,225434,37840,227034,38320,1600,via2_1600x480
VSS,met1-met2,STRIPE,via,225434,37840,227034,38320,1600,via_1600x480
VSS,met3-met4,STRIPE,via,198409,37840,200009,38320,1600,via3_1600x480
VSS,met2-met3,STRIPE,via,198409,37840,200009,38320,1600,via2_1600x480
VSS,met1-met2,STRIPE,via,198409,37840,200009,38320,1600,via_1600x480
VSS,met3-met4,STRIPE,via,171102,37840,172702,38320,1600,via3_1600x480
VSS,met2-met3,STRIPE,via,171102,37840,172702,38320,1600,via2_1600x480
VSS,met1-met2,STRIPE,via,171102,37840,172702,38320,1600,via_1600x480
VSS,met3-met4,STRIPE,via,145641,37840,147241,38320,1600,via3_1600x480
VSS,met2-met3,STRIPE,via,145641,37840,147241,38320,1600,via2_1600x480
VSS,met1-met2,STRIPE,via,145641,37840,147241,38320,1600,via_1600x480
VSS,met3-met4,STRIPE,via,118101,37840,119701,38320,1600,via3_1600x480
VSS,met2-met3,STRIPE,via,118101,37840,119701,38320,1600,via2_1600x480
VSS,met1-met2,STRIPE,via,118101,37840,119701,38320,1600,via_1600x480
VSS,met3-met4,STRIPE,via,91261,37840,92861,38320,1600,via3_1600x480
VSS,met2-met3,STRIPE,via,91261,37840,92861,38320,1600,via2_1600x480
VSS,met1-met2,STRIPE,via,91261,37840,92861,38320,1600,via_1600x480
VSS,met3-met4,STRIPE,via,62812,37840,64412,38320,1600,via3_1600x480
VSS,met2-met3,STRIPE,via,62812,37840,64412,38320,1600,via2_1600x480
VSS,met1-met2,STRIPE,via,62812,37840,64412,38320,1600,via_1600x480
VSS,met3-met4,STRIPE,via,37794,37840,39394,38320,1600,via3_1600x480
VSS,met2-met3,STRIPE,via,37794,37840,39394,38320,1600,via2_1600x480
VSS,met1-met2,STRIPE,via,37794,37840,39394,38320,1600,via_1600x480
VSS,met3-met4,STRIPE,via,253482,32400,255082,32880,1600,via3_1600x480
VSS,met2-met3,STRIPE,via,253482,32400,255082,32880,1600,via2_1600x480
VSS,met1-met2,STRIPE,via,253482,32400,255082,32880,1600,via_1600x480
VSS,met3-met4,STRIPE,via,225434,32400,227034,32880,1600,via3_1600x480
VSS,met2-met3,STRIPE,via,225434,32400,227034,32880,1600,via2_1600x480
VSS,met1-met2,STRIPE,via,225434,32400,227034,32880,1600,via_1600x480
VSS,met3-met4,STRIPE,via,198409,32400,200009,32880,1600,via3_1600x480
VSS,met2-met3,STRIPE,via,198409,32400,200009,32880,1600,via2_1600x480
VSS,met1-met2,STRIPE,via,198409,32400,200009,32880,1600,via_1600x480
VSS,met3-met4,STRIPE,via,171102,32400,172702,32880,1600,via3_1600x480
VSS,met2-met3,STRIPE,via,171102,32400,172702,32880,1600,via2_1600x480
VSS,met1-met2,STRIPE,via,171102,32400,172702,32880,1600,via_1600x480
VSS,met3-met4,STRIPE,via,145641,32400,147241,32880,1600,via3_1600x480
VSS,met2-met3,STRIPE,via,145641,32400,147241,32880,1600,via2_1600x480
VSS,met1-met2,STRIPE,via,145641,32400,147241,32880,1600,via_1600x480
VSS,met3-met4,STRIPE,via,118101,32400,119701,32880,1600,via3_1600x480
VSS,met2-met3,STRIPE,via,118101,32400,119701,32880,1600,via2_1600x480
VSS,met1-met2,STRIPE,via,118101,32400,119701,32880,1600,via_1600x480
VSS,met3-met4,STRIPE,via,91261,32400,92861,32880,1600,via3_1600x480
VSS,met2-met3,STRIPE,via,91261,32400,92861,32880,1600,via2_1600x480
VSS,met1-met2,STRIPE,via,91261,32400,92861,32880,1600,via_1600x480
VSS,met3-met4,STRIPE,via,62812,32400,64412,32880,1600,via3_1600x480
VSS,met2-met3,STRIPE,via,62812,32400,64412,32880,1600,via2_1600x480
VSS,met1-met2,STRIPE,via,62812,32400,64412,32880,1600,via_1600x480
VSS,met3-met4,STRIPE,via,37794,32400,39394,32880,1600,via3_1600x480
VSS,met2-met3,STRIPE,via,37794,32400,39394,32880,1600,via2_1600x480
VSS,met1-met2,STRIPE,via,37794,32400,39394,32880,1600,via_1600x480
VSS,met3-met4,STRIPE,via,253482,26960,255082,27440,1600,via3_1600x480
VSS,met2-met3,STRIPE,via,253482,26960,255082,27440,1600,via2_1600x480
VSS,met1-met2,STRIPE,via,253482,26960,255082,27440,1600,via_1600x480
VSS,met3-met4,STRIPE,via,225434,26960,227034,27440,1600,via3_1600x480
VSS,met2-met3,STRIPE,via,225434,26960,227034,27440,1600,via2_1600x480
VSS,met1-met2,STRIPE,via,225434,26960,227034,27440,1600,via_1600x480
VSS,met3-met4,STRIPE,via,198409,26960,200009,27440,1600,via3_1600x480
VSS,met2-met3,STRIPE,via,198409,26960,200009,27440,1600,via2_1600x480
VSS,met1-met2,STRIPE,via,198409,26960,200009,27440,1600,via_1600x480
VSS,met3-met4,STRIPE,via,171102,26960,172702,27440,1600,via3_1600x480
VSS,met2-met3,STRIPE,via,171102,26960,172702,27440,1600,via2_1600x480
VSS,met1-met2,STRIPE,via,171102,26960,172702,27440,1600,via_1600x480
VSS,met3-met4,STRIPE,via,145641,26960,147241,27440,1600,via3_1600x480
VSS,met2-met3,STRIPE,via,145641,26960,147241,27440,1600,via2_1600x480
VSS,met1-met2,STRIPE,via,145641,26960,147241,27440,1600,via_1600x480
VSS,met3-met4,STRIPE,via,118101,26960,119701,27440,1600,via3_1600x480
VSS,met2-met3,STRIPE,via,118101,26960,119701,27440,1600,via2_1600x480
VSS,met1-met2,STRIPE,via,118101,26960,119701,27440,1600,via_1600x480
VSS,met3-met4,STRIPE,via,91261,26960,92861,27440,1600,via3_1600x480
VSS,met2-met3,STRIPE,via,91261,26960,92861,27440,1600,via2_1600x480
VSS,met1-met2,STRIPE,via,91261,26960,92861,27440,1600,via_1600x480
VSS,met3-met4,STRIPE,via,62812,26960,64412,27440,1600,via3_1600x480
VSS,met2-met3,STRIPE,via,62812,26960,64412,27440,1600,via2_1600x480
VSS,met1-met2,STRIPE,via,62812,26960,64412,27440,1600,via_1600x480
VSS,met3-met4,STRIPE,via,37794,26960,39394,27440,1600,via3_1600x480
VSS,met2-met3,STRIPE,via,37794,26960,39394,27440,1600,via2_1600x480
VSS,met1-met2,STRIPE,via,37794,26960,39394,27440,1600,via_1600x480
VSS,met3-met4,STRIPE,via,253482,21520,255082,22000,1600,via3_1600x480
VSS,met2-met3,STRIPE,via,253482,21520,255082,22000,1600,via2_1600x480
VSS,met1-met2,STRIPE,via,253482,21520,255082,22000,1600,via_1600x480
VSS,met3-met4,STRIPE,via,225434,21520,227034,22000,1600,via3_1600x480
VSS,met2-met3,STRIPE,via,225434,21520,227034,22000,1600,via2_1600x480
VSS,met1-met2,STRIPE,via,225434,21520,227034,22000,1600,via_1600x480
VSS,met3-met4,STRIPE,via,198409,21520,200009,22000,1600,via3_1600x480
VSS,met2-met3,STRIPE,via,198409,21520,200009,22000,1600,via2_1600x480
VSS,met1-met2,STRIPE,via,198409,21520,200009,22000,1600,via_1600x480
VSS,met3-met4,STRIPE,via,171102,21520,172702,22000,1600,via3_1600x480
VSS,met2-met3,STRIPE,via,171102,21520,172702,22000,1600,via2_1600x480
VSS,met1-met2,STRIPE,via,171102,21520,172702,22000,1600,via_1600x480
VSS,met3-met4,STRIPE,via,145641,21520,147241,22000,1600,via3_1600x480
VSS,met2-met3,STRIPE,via,145641,21520,147241,22000,1600,via2_1600x480
VSS,met1-met2,STRIPE,via,145641,21520,147241,22000,1600,via_1600x480
VSS,met3-met4,STRIPE,via,118101,21520,119701,22000,1600,via3_1600x480
VSS,met2-met3,STRIPE,via,118101,21520,119701,22000,1600,via2_1600x480
VSS,met1-met2,STRIPE,via,118101,21520,119701,22000,1600,via_1600x480
VSS,met3-met4,STRIPE,via,91261,21520,92861,22000,1600,via3_1600x480
VSS,met2-met3,STRIPE,via,91261,21520,92861,22000,1600,via2_1600x480
VSS,met1-met2,STRIPE,via,91261,21520,92861,22000,1600,via_1600x480
VSS,met3-met4,STRIPE,via,62812,21520,64412,22000,1600,via3_1600x480
VSS,met2-met3,STRIPE,via,62812,21520,64412,22000,1600,via2_1600x480
VSS,met1-met2,STRIPE,via,62812,21520,64412,22000,1600,via_1600x480
VSS,met3-met4,STRIPE,via,37794,21520,39394,22000,1600,via3_1600x480
VSS,met2-met3,STRIPE,via,37794,21520,39394,22000,1600,via2_1600x480
VSS,met1-met2,STRIPE,via,37794,21520,39394,22000,1600,via_1600x480
VSS,met3-met4,STRIPE,via,253482,16080,255082,16560,1600,via3_1600x480
VSS,met2-met3,STRIPE,via,253482,16080,255082,16560,1600,via2_1600x480
VSS,met1-met2,STRIPE,via,253482,16080,255082,16560,1600,via_1600x480
VSS,met3-met4,STRIPE,via,225434,16080,227034,16560,1600,via3_1600x480
VSS,met2-met3,STRIPE,via,225434,16080,227034,16560,1600,via2_1600x480
VSS,met1-met2,STRIPE,via,225434,16080,227034,16560,1600,via_1600x480
VSS,met3-met4,STRIPE,via,198409,16080,200009,16560,1600,via3_1600x480
VSS,met2-met3,STRIPE,via,198409,16080,200009,16560,1600,via2_1600x480
VSS,met1-met2,STRIPE,via,198409,16080,200009,16560,1600,via_1600x480
VSS,met3-met4,STRIPE,via,171102,16080,172702,16560,1600,via3_1600x480
VSS,met2-met3,STRIPE,via,171102,16080,172702,16560,1600,via2_1600x480
VSS,met1-met2,STRIPE,via,171102,16080,172702,16560,1600,via_1600x480
VSS,met3-met4,STRIPE,via,145641,16080,147241,16560,1600,via3_1600x480
VSS,met2-met3,STRIPE,via,145641,16080,147241,16560,1600,via2_1600x480
VSS,met1-met2,STRIPE,via,145641,16080,147241,16560,1600,via_1600x480
VSS,met3-met4,STRIPE,via,118101,16080,119701,16560,1600,via3_1600x480
VSS,met2-met3,STRIPE,via,118101,16080,119701,16560,1600,via2_1600x480
VSS,met1-met2,STRIPE,via,118101,16080,119701,16560,1600,via_1600x480
VSS,met3-met4,STRIPE,via,91261,16080,92861,16560,1600,via3_1600x480
VSS,met2-met3,STRIPE,via,91261,16080,92861,16560,1600,via2_1600x480
VSS,met1-met2,STRIPE,via,91261,16080,92861,16560,1600,via_1600x480
VSS,met3-met4,STRIPE,via,62812,16080,64412,16560,1600,via3_1600x480
VSS,met2-met3,STRIPE,via,62812,16080,64412,16560,1600,via2_1600x480
VSS,met1-met2,STRIPE,via,62812,16080,64412,16560,1600,via_1600x480
VSS,met3-met4,STRIPE,via,37794,16080,39394,16560,1600,via3_1600x480
VSS,met2-met3,STRIPE,via,37794,16080,39394,16560,1600,via2_1600x480
VSS,met1-met2,STRIPE,via,37794,16080,39394,16560,1600,via_1600x480
VSS,met3-met4,STRIPE,via,253482,10640,255082,11120,1600,via3_1600x480
VSS,met2-met3,STRIPE,via,253482,10640,255082,11120,1600,via2_1600x480
VSS,met1-met2,STRIPE,via,253482,10640,255082,11120,1600,via_1600x480
VSS,met3-met4,STRIPE,via,225434,10640,227034,11120,1600,via3_1600x480
VSS,met2-met3,STRIPE,via,225434,10640,227034,11120,1600,via2_1600x480
VSS,met1-met2,STRIPE,via,225434,10640,227034,11120,1600,via_1600x480
VSS,met3-met4,STRIPE,via,198409,10640,200009,11120,1600,via3_1600x480
VSS,met2-met3,STRIPE,via,198409,10640,200009,11120,1600,via2_1600x480
VSS,met1-met2,STRIPE,via,198409,10640,200009,11120,1600,via_1600x480
VSS,met3-met4,STRIPE,via,171102,10640,172702,11120,1600,via3_1600x480
VSS,met2-met3,STRIPE,via,171102,10640,172702,11120,1600,via2_1600x480
VSS,met1-met2,STRIPE,via,171102,10640,172702,11120,1600,via_1600x480
VSS,met3-met4,STRIPE,via,145641,10640,147241,11120,1600,via3_1600x480
VSS,met2-met3,STRIPE,via,145641,10640,147241,11120,1600,via2_1600x480
VSS,met1-met2,STRIPE,via,145641,10640,147241,11120,1600,via_1600x480
VSS,met3-met4,STRIPE,via,118101,10640,119701,11120,1600,via3_1600x480
VSS,met2-met3,STRIPE,via,118101,10640,119701,11120,1600,via2_1600x480
VSS,met1-met2,STRIPE,via,118101,10640,119701,11120,1600,via_1600x480
VSS,met3-met4,STRIPE,via,91261,10640,92861,11120,1600,via3_1600x480
VSS,met2-met3,STRIPE,via,91261,10640,92861,11120,1600,via2_1600x480
VSS,met1-met2,STRIPE,via,91261,10640,92861,11120,1600,via_1600x480
VSS,met3-met4,STRIPE,via,62812,10640,64412,11120,1600,via3_1600x480
VSS,met2-met3,STRIPE,via,62812,10640,64412,11120,1600,via2_1600x480
VSS,met1-met2,STRIPE,via,62812,10640,64412,11120,1600,via_1600x480
VSS,met3-met4,STRIPE,via,37794,10640,39394,11120,1600,via3_1600x480
VSS,met2-met3,STRIPE,via,37794,10640,39394,11120,1600,via2_1600x480
VSS,met1-met2,STRIPE,via,37794,10640,39394,11120,1600,via_1600x480
VSS,met5,STRIPE,wire,10120,254640,269560,256240,1600,
VSS,met5,STRIPE,wire,10120,227440,269560,229040,1600,
VSS,met5,STRIPE,wire,10120,200240,269560,201840,1600,
VSS,met5,STRIPE,wire,10120,173040,269560,174640,1600,
VSS,met5,STRIPE,wire,10120,145840,269560,147440,1600,
VSS,met5,STRIPE,wire,10120,118640,269560,120240,1600,
VSS,met5,STRIPE,wire,10120,91440,269560,93040,1600,
VSS,met5,STRIPE,wire,10120,64240,269560,65840,1600,
VSS,met5,STRIPE,wire,10120,37040,269560,38640,1600,
VSS,met4,STRIPE,wire,253482,10640,255082,269520,1600,
VSS,met4,STRIPE,wire,225434,10640,227034,269520,1600,
VSS,met4,STRIPE,wire,198409,10640,200009,269520,1600,
VSS,met4,STRIPE,wire,171102,10640,172702,269520,1600,
VSS,met4,STRIPE,wire,145641,10640,147241,269520,1600,
VSS,met4,STRIPE,wire,118101,10640,119701,269520,1600,
VSS,met4,STRIPE,wire,91261,10640,92861,269520,1600,
VSS,met4,STRIPE,wire,62812,10640,64412,269520,1600,
VSS,met4,STRIPE,wire,37794,10640,39394,269520,1600,
VSS,met1,FOLLOWPIN,wire,10120,266320,269560,266800,480,
VSS,met1,FOLLOWPIN,wire,10120,260880,269560,261360,480,
VSS,met1,FOLLOWPIN,wire,10120,255440,269560,255920,480,
VSS,met1,FOLLOWPIN,wire,10120,250000,269560,250480,480,
VSS,met1,FOLLOWPIN,wire,10120,244560,269560,245040,480,
VSS,met1,FOLLOWPIN,wire,10120,239120,269560,239600,480,
VSS,met1,FOLLOWPIN,wire,10120,233680,269560,234160,480,
VSS,met1,FOLLOWPIN,wire,10120,228240,269560,228720,480,
VSS,met1,FOLLOWPIN,wire,10120,222800,269560,223280,480,
VSS,met1,FOLLOWPIN,wire,10120,217360,269560,217840,480,
VSS,met1,FOLLOWPIN,wire,10120,211920,269560,212400,480,
VSS,met1,FOLLOWPIN,wire,10120,206480,269560,206960,480,
VSS,met1,FOLLOWPIN,wire,10120,201040,269560,201520,480,
VSS,met1,FOLLOWPIN,wire,10120,195600,269560,196080,480,
VSS,met1,FOLLOWPIN,wire,10120,190160,269560,190640,480,
VSS,met1,FOLLOWPIN,wire,10120,184720,269560,185200,480,
VSS,met1,FOLLOWPIN,wire,10120,179280,269560,179760,480,
VSS,met1,FOLLOWPIN,wire,10120,173840,269560,174320,480,
VSS,met1,FOLLOWPIN,wire,10120,168400,269560,168880,480,
VSS,met1,FOLLOWPIN,wire,10120,162960,269560,163440,480,
VSS,met1,FOLLOWPIN,wire,10120,157520,269560,158000,480,
VSS,met1,FOLLOWPIN,wire,10120,152080,269560,152560,480,
VSS,met1,FOLLOWPIN,wire,10120,146640,269560,147120,480,
VSS,met1,FOLLOWPIN,wire,10120,141200,269560,141680,480,
VSS,met1,FOLLOWPIN,wire,10120,135760,269560,136240,480,
VSS,met1,FOLLOWPIN,wire,10120,130320,269560,130800,480,
VSS,met1,FOLLOWPIN,wire,10120,124880,269560,125360,480,
VSS,met1,FOLLOWPIN,wire,10120,119440,269560,119920,480,
VSS,met1,FOLLOWPIN,wire,10120,114000,269560,114480,480,
VSS,met1,FOLLOWPIN,wire,10120,108560,269560,109040,480,
VSS,met1,FOLLOWPIN,wire,10120,103120,269560,103600,480,
VSS,met1,FOLLOWPIN,wire,10120,97680,269560,98160,480,
VSS,met1,FOLLOWPIN,wire,10120,92240,269560,92720,480,
VSS,met1,FOLLOWPIN,wire,10120,86800,269560,87280,480,
VSS,met1,FOLLOWPIN,wire,10120,81360,269560,81840,480,
VSS,met1,FOLLOWPIN,wire,10120,75920,269560,76400,480,
VSS,met1,FOLLOWPIN,wire,10120,70480,269560,70960,480,
VSS,met1,FOLLOWPIN,wire,10120,65040,269560,65520,480,
VSS,met1,FOLLOWPIN,wire,10120,59600,269560,60080,480,
VSS,met1,FOLLOWPIN,wire,10120,54160,269560,54640,480,
VSS,met1,FOLLOWPIN,wire,10120,48720,269560,49200,480,
VSS,met1,FOLLOWPIN,wire,10120,43280,269560,43760,480,
VSS,met1,FOLLOWPIN,wire,10120,37840,269560,38320,480,
VSS,met1,FOLLOWPIN,wire,10120,32400,269560,32880,480,
VSS,met1,FOLLOWPIN,wire,10120,26960,269560,27440,480,
VSS,met1,FOLLOWPIN,wire,10120,21520,269560,22000,480,
VSS,met1,FOLLOWPIN,wire,10120,16080,269560,16560,480,
VSS,met1,FOLLOWPIN,wire,10120,10640,269560,11120,480,
VDD,met4-met5,STRIPE,via,266070,241040,267670,242640,1600,via4_1600x1600
VDD,met4-met5,STRIPE,via,239867,241040,241467,242640,1600,via4_1600x1600
VDD,met4-met5,STRIPE,via,211967,241040,213567,242640,1600,via4_1600x1600
VDD,met4-met5,STRIPE,via,186099,241040,187699,242640,1600,via4_1600x1600
VDD,met4-met5,STRIPE,via,157940,241040,159540,242640,1600,via4_1600x1600
VDD,met4-met5,STRIPE,via,130857,241040,132457,242640,1600,via4_1600x1600
VDD,met4-met5,STRIPE,via,103657,241040,105257,242640,1600,via4_1600x1600
VDD,met4-met5,STRIPE,via,76544,241040,78144,242640,1600,via4_1600x1600
VDD,met4-met5,STRIPE,via,50933,241040,52533,242640,1600,via4_1600x1600
VDD,met4-met5,STRIPE,via,23239,241040,24839,242640,1600,via4_1600x1600
VDD,met4-met5,STRIPE,via,266070,213840,267670,215440,1600,via4_1600x1600
VDD,met4-met5,STRIPE,via,239867,213840,241467,215440,1600,via4_1600x1600
VDD,met4-met5,STRIPE,via,211967,213840,213567,215440,1600,via4_1600x1600
VDD,met4-met5,STRIPE,via,186099,213840,187699,215440,1600,via4_1600x1600
VDD,met4-met5,STRIPE,via,157940,213840,159540,215440,1600,via4_1600x1600
VDD,met4-met5,STRIPE,via,130857,213840,132457,215440,1600,via4_1600x1600
VDD,met4-met5,STRIPE,via,103657,213840,105257,215440,1600,via4_1600x1600
VDD,met4-met5,STRIPE,via,76544,213840,78144,215440,1600,via4_1600x1600
VDD,met4-met5,STRIPE,via,50933,213840,52533,215440,1600,via4_1600x1600
VDD,met4-met5,STRIPE,via,23239,213840,24839,215440,1600,via4_1600x1600
VDD,met4-met5,STRIPE,via,266070,186640,267670,188240,1600,via4_1600x1600
VDD,met4-met5,STRIPE,via,239867,186640,241467,188240,1600,via4_1600x1600
VDD,met4-met5,STRIPE,via,211967,186640,213567,188240,1600,via4_1600x1600
VDD,met4-met5,STRIPE,via,186099,186640,187699,188240,1600,via4_1600x1600
VDD,met4-met5,STRIPE,via,157940,186640,159540,188240,1600,via4_1600x1600
VDD,met4-met5,STRIPE,via,130857,186640,132457,188240,1600,via4_1600x1600
VDD,met4-met5,STRIPE,via,103657,186640,105257,188240,1600,via4_1600x1600
VDD,met4-met5,STRIPE,via,76544,186640,78144,188240,1600,via4_1600x1600
VDD,met4-met5,STRIPE,via,50933,186640,52533,188240,1600,via4_1600x1600
VDD,met4-met5,STRIPE,via,23239,186640,24839,188240,1600,via4_1600x1600
VDD,met4-met5,STRIPE,via,266070,159440,267670,161040,1600,via4_1600x1600
VDD,met4-met5,STRIPE,via,239867,159440,241467,161040,1600,via4_1600x1600
VDD,met4-met5,STRIPE,via,211967,159440,213567,161040,1600,via4_1600x1600
VDD,met4-met5,STRIPE,via,186099,159440,187699,161040,1600,via4_1600x1600
VDD,met4-met5,STRIPE,via,157940,159440,159540,161040,1600,via4_1600x1600
VDD,met4-met5,STRIPE,via,130857,159440,132457,161040,1600,via4_1600x1600
VDD,met4-met5,STRIPE,via,103657,159440,105257,161040,1600,via4_1600x1600
VDD,met4-met5,STRIPE,via,76544,159440,78144,161040,1600,via4_1600x1600
VDD,met4-met5,STRIPE,via,50933,159440,52533,161040,1600,via4_1600x1600
VDD,met4-met5,STRIPE,via,23239,159440,24839,161040,1600,via4_1600x1600
VDD,met4-met5,STRIPE,via,266070,132240,267670,133840,1600,via4_1600x1600
VDD,met4-met5,STRIPE,via,239867,132240,241467,133840,1600,via4_1600x1600
VDD,met4-met5,STRIPE,via,211967,132240,213567,133840,1600,via4_1600x1600
VDD,met4-met5,STRIPE,via,186099,132240,187699,133840,1600,via4_1600x1600
VDD,met4-met5,STRIPE,via,157940,132240,159540,133840,1600,via4_1600x1600
VDD,met4-met5,STRIPE,via,130857,132240,132457,133840,1600,via4_1600x1600
VDD,met4-met5,STRIPE,via,103657,132240,105257,133840,1600,via4_1600x1600
VDD,met4-met5,STRIPE,via,76544,132240,78144,133840,1600,via4_1600x1600
VDD,met4-met5,STRIPE,via,50933,132240,52533,133840,1600,via4_1600x1600
VDD,met4-met5,STRIPE,via,23239,132240,24839,133840,1600,via4_1600x1600
VDD,met4-met5,STRIPE,via,266070,105040,267670,106640,1600,via4_1600x1600
VDD,met4-met5,STRIPE,via,239867,105040,241467,106640,1600,via4_1600x1600
VDD,met4-met5,STRIPE,via,211967,105040,213567,106640,1600,via4_1600x1600
VDD,met4-met5,STRIPE,via,186099,105040,187699,106640,1600,via4_1600x1600
VDD,met4-met5,STRIPE,via,157940,105040,159540,106640,1600,via4_1600x1600
VDD,met4-met5,STRIPE,via,130857,105040,132457,106640,1600,via4_1600x1600
VDD,met4-met5,STRIPE,via,103657,105040,105257,106640,1600,via4_1600x1600
VDD,met4-met5,STRIPE,via,76544,105040,78144,106640,1600,via4_1600x1600
VDD,met4-met5,STRIPE,via,50933,105040,52533,106640,1600,via4_1600x1600
VDD,met4-met5,STRIPE,via,23239,105040,24839,106640,1600,via4_1600x1600
VDD,met4-met5,STRIPE,via,266070,77840,267670,79440,1600,via4_1600x1600
VDD,met4-met5,STRIPE,via,239867,77840,241467,79440,1600,via4_1600x1600
VDD,met4-met5,STRIPE,via,211967,77840,213567,79440,1600,via4_1600x1600
VDD,met4-met5,STRIPE,via,186099,77840,187699,79440,1600,via4_1600x1600
VDD,met4-met5,STRIPE,via,157940,77840,159540,79440,1600,via4_1600x1600
VDD,met4-met5,STRIPE,via,130857,77840,132457,79440,1600,via4_1600x1600
VDD,met4-met5,STRIPE,via,103657,77840,105257,79440,1600,via4_1600x1600
VDD,met4-met5,STRIPE,via,76544,77840,78144,79440,1600,via4_1600x1600
VDD,met4-met5,STRIPE,via,50933,77840,52533,79440,1600,via4_1600x1600
VDD,met4-met5,STRIPE,via,23239,77840,24839,79440,1600,via4_1600x1600
VDD,met4-met5,STRIPE,via,266070,50640,267670,52240,1600,via4_1600x1600
VDD,met4-met5,STRIPE,via,239867,50640,241467,52240,1600,via4_1600x1600
VDD,met4-met5,STRIPE,via,211967,50640,213567,52240,1600,via4_1600x1600
VDD,met4-met5,STRIPE,via,186099,50640,187699,52240,1600,via4_1600x1600
VDD,met4-met5,STRIPE,via,157940,50640,159540,52240,1600,via4_1600x1600
VDD,met4-met5,STRIPE,via,130857,50640,132457,52240,1600,via4_1600x1600
VDD,met4-met5,STRIPE,via,103657,50640,105257,52240,1600,via4_1600x1600
VDD,met4-met5,STRIPE,via,76544,50640,78144,52240,1600,via4_1600x1600
VDD,met4-met5,STRIPE,via,50933,50640,52533,52240,1600,via4_1600x1600
VDD,met4-met5,STRIPE,via,23239,50640,24839,52240,1600,via4_1600x1600
VDD,met4-met5,STRIPE,via,266070,23440,267670,25040,1600,via4_1600x1600
VDD,met4-met5,STRIPE,via,239867,23440,241467,25040,1600,via4_1600x1600
VDD,met4-met5,STRIPE,via,211967,23440,213567,25040,1600,via4_1600x1600
VDD,met4-met5,STRIPE,via,186099,23440,187699,25040,1600,via4_1600x1600
VDD,met4-met5,STRIPE,via,157940,23440,159540,25040,1600,via4_1600x1600
VDD,met4-met5,STRIPE,via,130857,23440,132457,25040,1600,via4_1600x1600
VDD,met4-met5,STRIPE,via,103657,23440,105257,25040,1600,via4_1600x1600
VDD,met4-met5,STRIPE,via,76544,23440,78144,25040,1600,via4_1600x1600
VDD,met4-met5,STRIPE,via,50933,23440,52533,25040,1600,via4_1600x1600
VDD,met4-met5,STRIPE,via,23239,23440,24839,25040,1600,via4_1600x1600
VDD,met3-met4,STRIPE,via,266070,269040,267670,269520,1600,via3_1600x480
VDD,met2-met3,STRIPE,via,266070,269040,267670,269520,1600,via2_1600x480
VDD,met1-met2,STRIPE,via,266070,269040,267670,269520,1600,via_1600x480
VDD,met3-met4,STRIPE,via,239867,269040,241467,269520,1600,via3_1600x480
VDD,met2-met3,STRIPE,via,239867,269040,241467,269520,1600,via2_1600x480
VDD,met1-met2,STRIPE,via,239867,269040,241467,269520,1600,via_1600x480
VDD,met3-met4,STRIPE,via,211967,269040,213567,269520,1600,via3_1600x480
VDD,met2-met3,STRIPE,via,211967,269040,213567,269520,1600,via2_1600x480
VDD,met1-met2,STRIPE,via,211967,269040,213567,269520,1600,via_1600x480
VDD,met3-met4,STRIPE,via,186099,269040,187699,269520,1600,via3_1600x480
VDD,met2-met3,STRIPE,via,186099,269040,187699,269520,1600,via2_1600x480
VDD,met1-met2,STRIPE,via,186099,269040,187699,269520,1600,via_1600x480
VDD,met3-met4,STRIPE,via,157940,269040,159540,269520,1600,via3_1600x480
VDD,met2-met3,STRIPE,via,157940,269040,159540,269520,1600,via2_1600x480
VDD,met1-met2,STRIPE,via,157940,269040,159540,269520,1600,via_1600x480
VDD,met3-met4,STRIPE,via,130857,269040,132457,269520,1600,via3_1600x480
VDD,met2-met3,STRIPE,via,130857,269040,132457,269520,1600,via2_1600x480
VDD,met1-met2,STRIPE,via,130857,269040,132457,269520,1600,via_1600x480
VDD,met3-met4,STRIPE,via,103657,269040,105257,269520,1600,via3_1600x480
VDD,met2-met3,STRIPE,via,103657,269040,105257,269520,1600,via2_1600x480
VDD,met1-met2,STRIPE,via,103657,269040,105257,269520,1600,via_1600x480
VDD,met3-met4,STRIPE,via,76544,269040,78144,269520,1600,via3_1600x480
VDD,met2-met3,STRIPE,via,76544,269040,78144,269520,1600,via2_1600x480
VDD,met1-met2,STRIPE,via,76544,269040,78144,269520,1600,via_1600x480
VDD,met3-met4,STRIPE,via,50933,269040,52533,269520,1600,via3_1600x480
VDD,met2-met3,STRIPE,via,50933,269040,52533,269520,1600,via2_1600x480
VDD,met1-met2,STRIPE,via,50933,269040,52533,269520,1600,via_1600x480
VDD,met3-met4,STRIPE,via,23239,269040,24839,269520,1600,via3_1600x480
VDD,met2-met3,STRIPE,via,23239,269040,24839,269520,1600,via2_1600x480
VDD,met1-met2,STRIPE,via,23239,269040,24839,269520,1600,via_1600x480
VDD,met3-met4,STRIPE,via,266070,263600,267670,264080,1600,via3_1600x480
VDD,met2-met3,STRIPE,via,266070,263600,267670,264080,1600,via2_1600x480
VDD,met1-met2,STRIPE,via,266070,263600,267670,264080,1600,via_1600x480
VDD,met3-met4,STRIPE,via,239867,263600,241467,264080,1600,via3_1600x480
VDD,met2-met3,STRIPE,via,239867,263600,241467,264080,1600,via2_1600x480
VDD,met1-met2,STRIPE,via,239867,263600,241467,264080,1600,via_1600x480
VDD,met3-met4,STRIPE,via,211967,263600,213567,264080,1600,via3_1600x480
VDD,met2-met3,STRIPE,via,211967,263600,213567,264080,1600,via2_1600x480
VDD,met1-met2,STRIPE,via,211967,263600,213567,264080,1600,via_1600x480
VDD,met3-met4,STRIPE,via,186099,263600,187699,264080,1600,via3_1600x480
VDD,met2-met3,STRIPE,via,186099,263600,187699,264080,1600,via2_1600x480
VDD,met1-met2,STRIPE,via,186099,263600,187699,264080,1600,via_1600x480
VDD,met3-met4,STRIPE,via,157940,263600,159540,264080,1600,via3_1600x480
VDD,met2-met3,STRIPE,via,157940,263600,159540,264080,1600,via2_1600x480
VDD,met1-met2,STRIPE,via,157940,263600,159540,264080,1600,via_1600x480
VDD,met3-met4,STRIPE,via,130857,263600,132457,264080,1600,via3_1600x480
VDD,met2-met3,STRIPE,via,130857,263600,132457,264080,1600,via2_1600x480
VDD,met1-met2,STRIPE,via,130857,263600,132457,264080,1600,via_1600x480
VDD,met3-met4,STRIPE,via,103657,263600,105257,264080,1600,via3_1600x480
VDD,met2-met3,STRIPE,via,103657,263600,105257,264080,1600,via2_1600x480
VDD,met1-met2,STRIPE,via,103657,263600,105257,264080,1600,via_1600x480
VDD,met3-met4,STRIPE,via,76544,263600,78144,264080,1600,via3_1600x480
VDD,met2-met3,STRIPE,via,76544,263600,78144,264080,1600,via2_1600x480
VDD,met1-met2,STRIPE,via,76544,263600,78144,264080,1600,via_1600x480
VDD,met3-met4,STRIPE,via,50933,263600,52533,264080,1600,via3_1600x480
VDD,met2-met3,STRIPE,via,50933,263600,52533,264080,1600,via2_1600x480
VDD,met1-met2,STRIPE,via,50933,263600,52533,264080,1600,via_1600x480
VDD,met3-met4,STRIPE,via,23239,263600,24839,264080,1600,via3_1600x480
VDD,met2-met3,STRIPE,via,23239,263600,24839,264080,1600,via2_1600x480
VDD,met1-met2,STRIPE,via,23239,263600,24839,264080,1600,via_1600x480
VDD,met3-met4,STRIPE,via,266070,258160,267670,258640,1600,via3_1600x480
VDD,met2-met3,STRIPE,via,266070,258160,267670,258640,1600,via2_1600x480
VDD,met1-met2,STRIPE,via,266070,258160,267670,258640,1600,via_1600x480
VDD,met3-met4,STRIPE,via,239867,258160,241467,258640,1600,via3_1600x480
VDD,met2-met3,STRIPE,via,239867,258160,241467,258640,1600,via2_1600x480
VDD,met1-met2,STRIPE,via,239867,258160,241467,258640,1600,via_1600x480
VDD,met3-met4,STRIPE,via,211967,258160,213567,258640,1600,via3_1600x480
VDD,met2-met3,STRIPE,via,211967,258160,213567,258640,1600,via2_1600x480
VDD,met1-met2,STRIPE,via,211967,258160,213567,258640,1600,via_1600x480
VDD,met3-met4,STRIPE,via,186099,258160,187699,258640,1600,via3_1600x480
VDD,met2-met3,STRIPE,via,186099,258160,187699,258640,1600,via2_1600x480
VDD,met1-met2,STRIPE,via,186099,258160,187699,258640,1600,via_1600x480
VDD,met3-met4,STRIPE,via,157940,258160,159540,258640,1600,via3_1600x480
VDD,met2-met3,STRIPE,via,157940,258160,159540,258640,1600,via2_1600x480
VDD,met1-met2,STRIPE,via,157940,258160,159540,258640,1600,via_1600x480
VDD,met3-met4,STRIPE,via,130857,258160,132457,258640,1600,via3_1600x480
VDD,met2-met3,STRIPE,via,130857,258160,132457,258640,1600,via2_1600x480
VDD,met1-met2,STRIPE,via,130857,258160,132457,258640,1600,via_1600x480
VDD,met3-met4,STRIPE,via,103657,258160,105257,258640,1600,via3_1600x480
VDD,met2-met3,STRIPE,via,103657,258160,105257,258640,1600,via2_1600x480
VDD,met1-met2,STRIPE,via,103657,258160,105257,258640,1600,via_1600x480
VDD,met3-met4,STRIPE,via,76544,258160,78144,258640,1600,via3_1600x480
VDD,met2-met3,STRIPE,via,76544,258160,78144,258640,1600,via2_1600x480
VDD,met1-met2,STRIPE,via,76544,258160,78144,258640,1600,via_1600x480
VDD,met3-met4,STRIPE,via,50933,258160,52533,258640,1600,via3_1600x480
VDD,met2-met3,STRIPE,via,50933,258160,52533,258640,1600,via2_1600x480
VDD,met1-met2,STRIPE,via,50933,258160,52533,258640,1600,via_1600x480
VDD,met3-met4,STRIPE,via,23239,258160,24839,258640,1600,via3_1600x480
VDD,met2-met3,STRIPE,via,23239,258160,24839,258640,1600,via2_1600x480
VDD,met1-met2,STRIPE,via,23239,258160,24839,258640,1600,via_1600x480
VDD,met3-met4,STRIPE,via,266070,252720,267670,253200,1600,via3_1600x480
VDD,met2-met3,STRIPE,via,266070,252720,267670,253200,1600,via2_1600x480
VDD,met1-met2,STRIPE,via,266070,252720,267670,253200,1600,via_1600x480
VDD,met3-met4,STRIPE,via,239867,252720,241467,253200,1600,via3_1600x480
VDD,met2-met3,STRIPE,via,239867,252720,241467,253200,1600,via2_1600x480
VDD,met1-met2,STRIPE,via,239867,252720,241467,253200,1600,via_1600x480
VDD,met3-met4,STRIPE,via,211967,252720,213567,253200,1600,via3_1600x480
VDD,met2-met3,STRIPE,via,211967,252720,213567,253200,1600,via2_1600x480
VDD,met1-met2,STRIPE,via,211967,252720,213567,253200,1600,via_1600x480
VDD,met3-met4,STRIPE,via,186099,252720,187699,253200,1600,via3_1600x480
VDD,met2-met3,STRIPE,via,186099,252720,187699,253200,1600,via2_1600x480
VDD,met1-met2,STRIPE,via,186099,252720,187699,253200,1600,via_1600x480
VDD,met3-met4,STRIPE,via,157940,252720,159540,253200,1600,via3_1600x480
VDD,met2-met3,STRIPE,via,157940,252720,159540,253200,1600,via2_1600x480
VDD,met1-met2,STRIPE,via,157940,252720,159540,253200,1600,via_1600x480
VDD,met3-met4,STRIPE,via,130857,252720,132457,253200,1600,via3_1600x480
VDD,met2-met3,STRIPE,via,130857,252720,132457,253200,1600,via2_1600x480
VDD,met1-met2,STRIPE,via,130857,252720,132457,253200,1600,via_1600x480
VDD,met3-met4,STRIPE,via,103657,252720,105257,253200,1600,via3_1600x480
VDD,met2-met3,STRIPE,via,103657,252720,105257,253200,1600,via2_1600x480
VDD,met1-met2,STRIPE,via,103657,252720,105257,253200,1600,via_1600x480
VDD,met3-met4,STRIPE,via,76544,252720,78144,253200,1600,via3_1600x480
VDD,met2-met3,STRIPE,via,76544,252720,78144,253200,1600,via2_1600x480
VDD,met1-met2,STRIPE,via,76544,252720,78144,253200,1600,via_1600x480
VDD,met3-met4,STRIPE,via,50933,252720,52533,253200,1600,via3_1600x480
VDD,met2-met3,STRIPE,via,50933,252720,52533,253200,1600,via2_1600x480
VDD,met1-met2,STRIPE,via,50933,252720,52533,253200,1600,via_1600x480
VDD,met3-met4,STRIPE,via,23239,252720,24839,253200,1600,via3_1600x480
VDD,met2-met3,STRIPE,via,23239,252720,24839,253200,1600,via2_1600x480
VDD,met1-met2,STRIPE,via,23239,252720,24839,253200,1600,via_1600x480
VDD,met3-met4,STRIPE,via,266070,247280,267670,247760,1600,via3_1600x480
VDD,met2-met3,STRIPE,via,266070,247280,267670,247760,1600,via2_1600x480
VDD,met1-met2,STRIPE,via,266070,247280,267670,247760,1600,via_1600x480
VDD,met3-met4,STRIPE,via,239867,247280,241467,247760,1600,via3_1600x480
VDD,met2-met3,STRIPE,via,239867,247280,241467,247760,1600,via2_1600x480
VDD,met1-met2,STRIPE,via,239867,247280,241467,247760,1600,via_1600x480
VDD,met3-met4,STRIPE,via,211967,247280,213567,247760,1600,via3_1600x480
VDD,met2-met3,STRIPE,via,211967,247280,213567,247760,1600,via2_1600x480
VDD,met1-met2,STRIPE,via,211967,247280,213567,247760,1600,via_1600x480
VDD,met3-met4,STRIPE,via,186099,247280,187699,247760,1600,via3_1600x480
VDD,met2-met3,STRIPE,via,186099,247280,187699,247760,1600,via2_1600x480
VDD,met1-met2,STRIPE,via,186099,247280,187699,247760,1600,via_1600x480
VDD,met3-met4,STRIPE,via,157940,247280,159540,247760,1600,via3_1600x480
VDD,met2-met3,STRIPE,via,157940,247280,159540,247760,1600,via2_1600x480
VDD,met1-met2,STRIPE,via,157940,247280,159540,247760,1600,via_1600x480
VDD,met3-met4,STRIPE,via,130857,247280,132457,247760,1600,via3_1600x480
VDD,met2-met3,STRIPE,via,130857,247280,132457,247760,1600,via2_1600x480
VDD,met1-met2,STRIPE,via,130857,247280,132457,247760,1600,via_1600x480
VDD,met3-met4,STRIPE,via,103657,247280,105257,247760,1600,via3_1600x480
VDD,met2-met3,STRIPE,via,103657,247280,105257,247760,1600,via2_1600x480
VDD,met1-met2,STRIPE,via,103657,247280,105257,247760,1600,via_1600x480
VDD,met3-met4,STRIPE,via,76544,247280,78144,247760,1600,via3_1600x480
VDD,met2-met3,STRIPE,via,76544,247280,78144,247760,1600,via2_1600x480
VDD,met1-met2,STRIPE,via,76544,247280,78144,247760,1600,via_1600x480
VDD,met3-met4,STRIPE,via,50933,247280,52533,247760,1600,via3_1600x480
VDD,met2-met3,STRIPE,via,50933,247280,52533,247760,1600,via2_1600x480
VDD,met1-met2,STRIPE,via,50933,247280,52533,247760,1600,via_1600x480
VDD,met3-met4,STRIPE,via,23239,247280,24839,247760,1600,via3_1600x480
VDD,met2-met3,STRIPE,via,23239,247280,24839,247760,1600,via2_1600x480
VDD,met1-met2,STRIPE,via,23239,247280,24839,247760,1600,via_1600x480
VDD,met3-met4,STRIPE,via,266070,241840,267670,242320,1600,via3_1600x480
VDD,met2-met3,STRIPE,via,266070,241840,267670,242320,1600,via2_1600x480
VDD,met1-met2,STRIPE,via,266070,241840,267670,242320,1600,via_1600x480
VDD,met3-met4,STRIPE,via,239867,241840,241467,242320,1600,via3_1600x480
VDD,met2-met3,STRIPE,via,239867,241840,241467,242320,1600,via2_1600x480
VDD,met1-met2,STRIPE,via,239867,241840,241467,242320,1600,via_1600x480
VDD,met3-met4,STRIPE,via,211967,241840,213567,242320,1600,via3_1600x480
VDD,met2-met3,STRIPE,via,211967,241840,213567,242320,1600,via2_1600x480
VDD,met1-met2,STRIPE,via,211967,241840,213567,242320,1600,via_1600x480
VDD,met3-met4,STRIPE,via,186099,241840,187699,242320,1600,via3_1600x480
VDD,met2-met3,STRIPE,via,186099,241840,187699,242320,1600,via2_1600x480
VDD,met1-met2,STRIPE,via,186099,241840,187699,242320,1600,via_1600x480
VDD,met3-met4,STRIPE,via,157940,241840,159540,242320,1600,via3_1600x480
VDD,met2-met3,STRIPE,via,157940,241840,159540,242320,1600,via2_1600x480
VDD,met1-met2,STRIPE,via,157940,241840,159540,242320,1600,via_1600x480
VDD,met3-met4,STRIPE,via,130857,241840,132457,242320,1600,via3_1600x480
VDD,met2-met3,STRIPE,via,130857,241840,132457,242320,1600,via2_1600x480
VDD,met1-met2,STRIPE,via,130857,241840,132457,242320,1600,via_1600x480
VDD,met3-met4,STRIPE,via,103657,241840,105257,242320,1600,via3_1600x480
VDD,met2-met3,STRIPE,via,103657,241840,105257,242320,1600,via2_1600x480
VDD,met1-met2,STRIPE,via,103657,241840,105257,242320,1600,via_1600x480
VDD,met3-met4,STRIPE,via,76544,241840,78144,242320,1600,via3_1600x480
VDD,met2-met3,STRIPE,via,76544,241840,78144,242320,1600,via2_1600x480
VDD,met1-met2,STRIPE,via,76544,241840,78144,242320,1600,via_1600x480
VDD,met3-met4,STRIPE,via,50933,241840,52533,242320,1600,via3_1600x480
VDD,met2-met3,STRIPE,via,50933,241840,52533,242320,1600,via2_1600x480
VDD,met1-met2,STRIPE,via,50933,241840,52533,242320,1600,via_1600x480
VDD,met3-met4,STRIPE,via,23239,241840,24839,242320,1600,via3_1600x480
VDD,met2-met3,STRIPE,via,23239,241840,24839,242320,1600,via2_1600x480
VDD,met1-met2,STRIPE,via,23239,241840,24839,242320,1600,via_1600x480
VDD,met3-met4,STRIPE,via,266070,236400,267670,236880,1600,via3_1600x480
VDD,met2-met3,STRIPE,via,266070,236400,267670,236880,1600,via2_1600x480
VDD,met1-met2,STRIPE,via,266070,236400,267670,236880,1600,via_1600x480
VDD,met3-met4,STRIPE,via,239867,236400,241467,236880,1600,via3_1600x480
VDD,met2-met3,STRIPE,via,239867,236400,241467,236880,1600,via2_1600x480
VDD,met1-met2,STRIPE,via,239867,236400,241467,236880,1600,via_1600x480
VDD,met3-met4,STRIPE,via,211967,236400,213567,236880,1600,via3_1600x480
VDD,met2-met3,STRIPE,via,211967,236400,213567,236880,1600,via2_1600x480
VDD,met1-met2,STRIPE,via,211967,236400,213567,236880,1600,via_1600x480
VDD,met3-met4,STRIPE,via,186099,236400,187699,236880,1600,via3_1600x480
VDD,met2-met3,STRIPE,via,186099,236400,187699,236880,1600,via2_1600x480
VDD,met1-met2,STRIPE,via,186099,236400,187699,236880,1600,via_1600x480
VDD,met3-met4,STRIPE,via,157940,236400,159540,236880,1600,via3_1600x480
VDD,met2-met3,STRIPE,via,157940,236400,159540,236880,1600,via2_1600x480
VDD,met1-met2,STRIPE,via,157940,236400,159540,236880,1600,via_1600x480
VDD,met3-met4,STRIPE,via,130857,236400,132457,236880,1600,via3_1600x480
VDD,met2-met3,STRIPE,via,130857,236400,132457,236880,1600,via2_1600x480
VDD,met1-met2,STRIPE,via,130857,236400,132457,236880,1600,via_1600x480
VDD,met3-met4,STRIPE,via,103657,236400,105257,236880,1600,via3_1600x480
VDD,met2-met3,STRIPE,via,103657,236400,105257,236880,1600,via2_1600x480
VDD,met1-met2,STRIPE,via,103657,236400,105257,236880,1600,via_1600x480
VDD,met3-met4,STRIPE,via,76544,236400,78144,236880,1600,via3_1600x480
VDD,met2-met3,STRIPE,via,76544,236400,78144,236880,1600,via2_1600x480
VDD,met1-met2,STRIPE,via,76544,236400,78144,236880,1600,via_1600x480
VDD,met3-met4,STRIPE,via,50933,236400,52533,236880,1600,via3_1600x480
VDD,met2-met3,STRIPE,via,50933,236400,52533,236880,1600,via2_1600x480
VDD,met1-met2,STRIPE,via,50933,236400,52533,236880,1600,via_1600x480
VDD,met3-met4,STRIPE,via,23239,236400,24839,236880,1600,via3_1600x480
VDD,met2-met3,STRIPE,via,23239,236400,24839,236880,1600,via2_1600x480
VDD,met1-met2,STRIPE,via,23239,236400,24839,236880,1600,via_1600x480
VDD,met3-met4,STRIPE,via,266070,230960,267670,231440,1600,via3_1600x480
VDD,met2-met3,STRIPE,via,266070,230960,267670,231440,1600,via2_1600x480
VDD,met1-met2,STRIPE,via,266070,230960,267670,231440,1600,via_1600x480
VDD,met3-met4,STRIPE,via,239867,230960,241467,231440,1600,via3_1600x480
VDD,met2-met3,STRIPE,via,239867,230960,241467,231440,1600,via2_1600x480
VDD,met1-met2,STRIPE,via,239867,230960,241467,231440,1600,via_1600x480
VDD,met3-met4,STRIPE,via,211967,230960,213567,231440,1600,via3_1600x480
VDD,met2-met3,STRIPE,via,211967,230960,213567,231440,1600,via2_1600x480
VDD,met1-met2,STRIPE,via,211967,230960,213567,231440,1600,via_1600x480
VDD,met3-met4,STRIPE,via,186099,230960,187699,231440,1600,via3_1600x480
VDD,met2-met3,STRIPE,via,186099,230960,187699,231440,1600,via2_1600x480
VDD,met1-met2,STRIPE,via,186099,230960,187699,231440,1600,via_1600x480
VDD,met3-met4,STRIPE,via,157940,230960,159540,231440,1600,via3_1600x480
VDD,met2-met3,STRIPE,via,157940,230960,159540,231440,1600,via2_1600x480
VDD,met1-met2,STRIPE,via,157940,230960,159540,231440,1600,via_1600x480
VDD,met3-met4,STRIPE,via,130857,230960,132457,231440,1600,via3_1600x480
VDD,met2-met3,STRIPE,via,130857,230960,132457,231440,1600,via2_1600x480
VDD,met1-met2,STRIPE,via,130857,230960,132457,231440,1600,via_1600x480
VDD,met3-met4,STRIPE,via,103657,230960,105257,231440,1600,via3_1600x480
VDD,met2-met3,STRIPE,via,103657,230960,105257,231440,1600,via2_1600x480
VDD,met1-met2,STRIPE,via,103657,230960,105257,231440,1600,via_1600x480
VDD,met3-met4,STRIPE,via,76544,230960,78144,231440,1600,via3_1600x480
VDD,met2-met3,STRIPE,via,76544,230960,78144,231440,1600,via2_1600x480
VDD,met1-met2,STRIPE,via,76544,230960,78144,231440,1600,via_1600x480
VDD,met3-met4,STRIPE,via,50933,230960,52533,231440,1600,via3_1600x480
VDD,met2-met3,STRIPE,via,50933,230960,52533,231440,1600,via2_1600x480
VDD,met1-met2,STRIPE,via,50933,230960,52533,231440,1600,via_1600x480
VDD,met3-met4,STRIPE,via,23239,230960,24839,231440,1600,via3_1600x480
VDD,met2-met3,STRIPE,via,23239,230960,24839,231440,1600,via2_1600x480
VDD,met1-met2,STRIPE,via,23239,230960,24839,231440,1600,via_1600x480
VDD,met3-met4,STRIPE,via,266070,225520,267670,226000,1600,via3_1600x480
VDD,met2-met3,STRIPE,via,266070,225520,267670,226000,1600,via2_1600x480
VDD,met1-met2,STRIPE,via,266070,225520,267670,226000,1600,via_1600x480
VDD,met3-met4,STRIPE,via,239867,225520,241467,226000,1600,via3_1600x480
VDD,met2-met3,STRIPE,via,239867,225520,241467,226000,1600,via2_1600x480
VDD,met1-met2,STRIPE,via,239867,225520,241467,226000,1600,via_1600x480
VDD,met3-met4,STRIPE,via,211967,225520,213567,226000,1600,via3_1600x480
VDD,met2-met3,STRIPE,via,211967,225520,213567,226000,1600,via2_1600x480
VDD,met1-met2,STRIPE,via,211967,225520,213567,226000,1600,via_1600x480
VDD,met3-met4,STRIPE,via,186099,225520,187699,226000,1600,via3_1600x480
VDD,met2-met3,STRIPE,via,186099,225520,187699,226000,1600,via2_1600x480
VDD,met1-met2,STRIPE,via,186099,225520,187699,226000,1600,via_1600x480
VDD,met3-met4,STRIPE,via,157940,225520,159540,226000,1600,via3_1600x480
VDD,met2-met3,STRIPE,via,157940,225520,159540,226000,1600,via2_1600x480
VDD,met1-met2,STRIPE,via,157940,225520,159540,226000,1600,via_1600x480
VDD,met3-met4,STRIPE,via,130857,225520,132457,226000,1600,via3_1600x480
VDD,met2-met3,STRIPE,via,130857,225520,132457,226000,1600,via2_1600x480
VDD,met1-met2,STRIPE,via,130857,225520,132457,226000,1600,via_1600x480
VDD,met3-met4,STRIPE,via,103657,225520,105257,226000,1600,via3_1600x480
VDD,met2-met3,STRIPE,via,103657,225520,105257,226000,1600,via2_1600x480
VDD,met1-met2,STRIPE,via,103657,225520,105257,226000,1600,via_1600x480
VDD,met3-met4,STRIPE,via,76544,225520,78144,226000,1600,via3_1600x480
VDD,met2-met3,STRIPE,via,76544,225520,78144,226000,1600,via2_1600x480
VDD,met1-met2,STRIPE,via,76544,225520,78144,226000,1600,via_1600x480
VDD,met3-met4,STRIPE,via,50933,225520,52533,226000,1600,via3_1600x480
VDD,met2-met3,STRIPE,via,50933,225520,52533,226000,1600,via2_1600x480
VDD,met1-met2,STRIPE,via,50933,225520,52533,226000,1600,via_1600x480
VDD,met3-met4,STRIPE,via,23239,225520,24839,226000,1600,via3_1600x480
VDD,met2-met3,STRIPE,via,23239,225520,24839,226000,1600,via2_1600x480
VDD,met1-met2,STRIPE,via,23239,225520,24839,226000,1600,via_1600x480
VDD,met3-met4,STRIPE,via,266070,220080,267670,220560,1600,via3_1600x480
VDD,met2-met3,STRIPE,via,266070,220080,267670,220560,1600,via2_1600x480
VDD,met1-met2,STRIPE,via,266070,220080,267670,220560,1600,via_1600x480
VDD,met3-met4,STRIPE,via,239867,220080,241467,220560,1600,via3_1600x480
VDD,met2-met3,STRIPE,via,239867,220080,241467,220560,1600,via2_1600x480
VDD,met1-met2,STRIPE,via,239867,220080,241467,220560,1600,via_1600x480
VDD,met3-met4,STRIPE,via,211967,220080,213567,220560,1600,via3_1600x480
VDD,met2-met3,STRIPE,via,211967,220080,213567,220560,1600,via2_1600x480
VDD,met1-met2,STRIPE,via,211967,220080,213567,220560,1600,via_1600x480
VDD,met3-met4,STRIPE,via,186099,220080,187699,220560,1600,via3_1600x480
VDD,met2-met3,STRIPE,via,186099,220080,187699,220560,1600,via2_1600x480
VDD,met1-met2,STRIPE,via,186099,220080,187699,220560,1600,via_1600x480
VDD,met3-met4,STRIPE,via,157940,220080,159540,220560,1600,via3_1600x480
VDD,met2-met3,STRIPE,via,157940,220080,159540,220560,1600,via2_1600x480
VDD,met1-met2,STRIPE,via,157940,220080,159540,220560,1600,via_1600x480
VDD,met3-met4,STRIPE,via,130857,220080,132457,220560,1600,via3_1600x480
VDD,met2-met3,STRIPE,via,130857,220080,132457,220560,1600,via2_1600x480
VDD,met1-met2,STRIPE,via,130857,220080,132457,220560,1600,via_1600x480
VDD,met3-met4,STRIPE,via,103657,220080,105257,220560,1600,via3_1600x480
VDD,met2-met3,STRIPE,via,103657,220080,105257,220560,1600,via2_1600x480
VDD,met1-met2,STRIPE,via,103657,220080,105257,220560,1600,via_1600x480
VDD,met3-met4,STRIPE,via,76544,220080,78144,220560,1600,via3_1600x480
VDD,met2-met3,STRIPE,via,76544,220080,78144,220560,1600,via2_1600x480
VDD,met1-met2,STRIPE,via,76544,220080,78144,220560,1600,via_1600x480
VDD,met3-met4,STRIPE,via,50933,220080,52533,220560,1600,via3_1600x480
VDD,met2-met3,STRIPE,via,50933,220080,52533,220560,1600,via2_1600x480
VDD,met1-met2,STRIPE,via,50933,220080,52533,220560,1600,via_1600x480
VDD,met3-met4,STRIPE,via,23239,220080,24839,220560,1600,via3_1600x480
VDD,met2-met3,STRIPE,via,23239,220080,24839,220560,1600,via2_1600x480
VDD,met1-met2,STRIPE,via,23239,220080,24839,220560,1600,via_1600x480
VDD,met3-met4,STRIPE,via,266070,214640,267670,215120,1600,via3_1600x480
VDD,met2-met3,STRIPE,via,266070,214640,267670,215120,1600,via2_1600x480
VDD,met1-met2,STRIPE,via,266070,214640,267670,215120,1600,via_1600x480
VDD,met3-met4,STRIPE,via,239867,214640,241467,215120,1600,via3_1600x480
VDD,met2-met3,STRIPE,via,239867,214640,241467,215120,1600,via2_1600x480
VDD,met1-met2,STRIPE,via,239867,214640,241467,215120,1600,via_1600x480
VDD,met3-met4,STRIPE,via,211967,214640,213567,215120,1600,via3_1600x480
VDD,met2-met3,STRIPE,via,211967,214640,213567,215120,1600,via2_1600x480
VDD,met1-met2,STRIPE,via,211967,214640,213567,215120,1600,via_1600x480
VDD,met3-met4,STRIPE,via,186099,214640,187699,215120,1600,via3_1600x480
VDD,met2-met3,STRIPE,via,186099,214640,187699,215120,1600,via2_1600x480
VDD,met1-met2,STRIPE,via,186099,214640,187699,215120,1600,via_1600x480
VDD,met3-met4,STRIPE,via,157940,214640,159540,215120,1600,via3_1600x480
VDD,met2-met3,STRIPE,via,157940,214640,159540,215120,1600,via2_1600x480
VDD,met1-met2,STRIPE,via,157940,214640,159540,215120,1600,via_1600x480
VDD,met3-met4,STRIPE,via,130857,214640,132457,215120,1600,via3_1600x480
VDD,met2-met3,STRIPE,via,130857,214640,132457,215120,1600,via2_1600x480
VDD,met1-met2,STRIPE,via,130857,214640,132457,215120,1600,via_1600x480
VDD,met3-met4,STRIPE,via,103657,214640,105257,215120,1600,via3_1600x480
VDD,met2-met3,STRIPE,via,103657,214640,105257,215120,1600,via2_1600x480
VDD,met1-met2,STRIPE,via,103657,214640,105257,215120,1600,via_1600x480
VDD,met3-met4,STRIPE,via,76544,214640,78144,215120,1600,via3_1600x480
VDD,met2-met3,STRIPE,via,76544,214640,78144,215120,1600,via2_1600x480
VDD,met1-met2,STRIPE,via,76544,214640,78144,215120,1600,via_1600x480
VDD,met3-met4,STRIPE,via,50933,214640,52533,215120,1600,via3_1600x480
VDD,met2-met3,STRIPE,via,50933,214640,52533,215120,1600,via2_1600x480
VDD,met1-met2,STRIPE,via,50933,214640,52533,215120,1600,via_1600x480
VDD,met3-met4,STRIPE,via,23239,214640,24839,215120,1600,via3_1600x480
VDD,met2-met3,STRIPE,via,23239,214640,24839,215120,1600,via2_1600x480
VDD,met1-met2,STRIPE,via,23239,214640,24839,215120,1600,via_1600x480
VDD,met3-met4,STRIPE,via,266070,209200,267670,209680,1600,via3_1600x480
VDD,met2-met3,STRIPE,via,266070,209200,267670,209680,1600,via2_1600x480
VDD,met1-met2,STRIPE,via,266070,209200,267670,209680,1600,via_1600x480
VDD,met3-met4,STRIPE,via,239867,209200,241467,209680,1600,via3_1600x480
VDD,met2-met3,STRIPE,via,239867,209200,241467,209680,1600,via2_1600x480
VDD,met1-met2,STRIPE,via,239867,209200,241467,209680,1600,via_1600x480
VDD,met3-met4,STRIPE,via,211967,209200,213567,209680,1600,via3_1600x480
VDD,met2-met3,STRIPE,via,211967,209200,213567,209680,1600,via2_1600x480
VDD,met1-met2,STRIPE,via,211967,209200,213567,209680,1600,via_1600x480
VDD,met3-met4,STRIPE,via,186099,209200,187699,209680,1600,via3_1600x480
VDD,met2-met3,STRIPE,via,186099,209200,187699,209680,1600,via2_1600x480
VDD,met1-met2,STRIPE,via,186099,209200,187699,209680,1600,via_1600x480
VDD,met3-met4,STRIPE,via,157940,209200,159540,209680,1600,via3_1600x480
VDD,met2-met3,STRIPE,via,157940,209200,159540,209680,1600,via2_1600x480
VDD,met1-met2,STRIPE,via,157940,209200,159540,209680,1600,via_1600x480
VDD,met3-met4,STRIPE,via,130857,209200,132457,209680,1600,via3_1600x480
VDD,met2-met3,STRIPE,via,130857,209200,132457,209680,1600,via2_1600x480
VDD,met1-met2,STRIPE,via,130857,209200,132457,209680,1600,via_1600x480
VDD,met3-met4,STRIPE,via,103657,209200,105257,209680,1600,via3_1600x480
VDD,met2-met3,STRIPE,via,103657,209200,105257,209680,1600,via2_1600x480
VDD,met1-met2,STRIPE,via,103657,209200,105257,209680,1600,via_1600x480
VDD,met3-met4,STRIPE,via,76544,209200,78144,209680,1600,via3_1600x480
VDD,met2-met3,STRIPE,via,76544,209200,78144,209680,1600,via2_1600x480
VDD,met1-met2,STRIPE,via,76544,209200,78144,209680,1600,via_1600x480
VDD,met3-met4,STRIPE,via,50933,209200,52533,209680,1600,via3_1600x480
VDD,met2-met3,STRIPE,via,50933,209200,52533,209680,1600,via2_1600x480
VDD,met1-met2,STRIPE,via,50933,209200,52533,209680,1600,via_1600x480
VDD,met3-met4,STRIPE,via,23239,209200,24839,209680,1600,via3_1600x480
VDD,met2-met3,STRIPE,via,23239,209200,24839,209680,1600,via2_1600x480
VDD,met1-met2,STRIPE,via,23239,209200,24839,209680,1600,via_1600x480
VDD,met3-met4,STRIPE,via,266070,203760,267670,204240,1600,via3_1600x480
VDD,met2-met3,STRIPE,via,266070,203760,267670,204240,1600,via2_1600x480
VDD,met1-met2,STRIPE,via,266070,203760,267670,204240,1600,via_1600x480
VDD,met3-met4,STRIPE,via,239867,203760,241467,204240,1600,via3_1600x480
VDD,met2-met3,STRIPE,via,239867,203760,241467,204240,1600,via2_1600x480
VDD,met1-met2,STRIPE,via,239867,203760,241467,204240,1600,via_1600x480
VDD,met3-met4,STRIPE,via,211967,203760,213567,204240,1600,via3_1600x480
VDD,met2-met3,STRIPE,via,211967,203760,213567,204240,1600,via2_1600x480
VDD,met1-met2,STRIPE,via,211967,203760,213567,204240,1600,via_1600x480
VDD,met3-met4,STRIPE,via,186099,203760,187699,204240,1600,via3_1600x480
VDD,met2-met3,STRIPE,via,186099,203760,187699,204240,1600,via2_1600x480
VDD,met1-met2,STRIPE,via,186099,203760,187699,204240,1600,via_1600x480
VDD,met3-met4,STRIPE,via,157940,203760,159540,204240,1600,via3_1600x480
VDD,met2-met3,STRIPE,via,157940,203760,159540,204240,1600,via2_1600x480
VDD,met1-met2,STRIPE,via,157940,203760,159540,204240,1600,via_1600x480
VDD,met3-met4,STRIPE,via,130857,203760,132457,204240,1600,via3_1600x480
VDD,met2-met3,STRIPE,via,130857,203760,132457,204240,1600,via2_1600x480
VDD,met1-met2,STRIPE,via,130857,203760,132457,204240,1600,via_1600x480
VDD,met3-met4,STRIPE,via,103657,203760,105257,204240,1600,via3_1600x480
VDD,met2-met3,STRIPE,via,103657,203760,105257,204240,1600,via2_1600x480
VDD,met1-met2,STRIPE,via,103657,203760,105257,204240,1600,via_1600x480
VDD,met3-met4,STRIPE,via,76544,203760,78144,204240,1600,via3_1600x480
VDD,met2-met3,STRIPE,via,76544,203760,78144,204240,1600,via2_1600x480
VDD,met1-met2,STRIPE,via,76544,203760,78144,204240,1600,via_1600x480
VDD,met3-met4,STRIPE,via,50933,203760,52533,204240,1600,via3_1600x480
VDD,met2-met3,STRIPE,via,50933,203760,52533,204240,1600,via2_1600x480
VDD,met1-met2,STRIPE,via,50933,203760,52533,204240,1600,via_1600x480
VDD,met3-met4,STRIPE,via,23239,203760,24839,204240,1600,via3_1600x480
VDD,met2-met3,STRIPE,via,23239,203760,24839,204240,1600,via2_1600x480
VDD,met1-met2,STRIPE,via,23239,203760,24839,204240,1600,via_1600x480
VDD,met3-met4,STRIPE,via,266070,198320,267670,198800,1600,via3_1600x480
VDD,met2-met3,STRIPE,via,266070,198320,267670,198800,1600,via2_1600x480
VDD,met1-met2,STRIPE,via,266070,198320,267670,198800,1600,via_1600x480
VDD,met3-met4,STRIPE,via,239867,198320,241467,198800,1600,via3_1600x480
VDD,met2-met3,STRIPE,via,239867,198320,241467,198800,1600,via2_1600x480
VDD,met1-met2,STRIPE,via,239867,198320,241467,198800,1600,via_1600x480
VDD,met3-met4,STRIPE,via,211967,198320,213567,198800,1600,via3_1600x480
VDD,met2-met3,STRIPE,via,211967,198320,213567,198800,1600,via2_1600x480
VDD,met1-met2,STRIPE,via,211967,198320,213567,198800,1600,via_1600x480
VDD,met3-met4,STRIPE,via,186099,198320,187699,198800,1600,via3_1600x480
VDD,met2-met3,STRIPE,via,186099,198320,187699,198800,1600,via2_1600x480
VDD,met1-met2,STRIPE,via,186099,198320,187699,198800,1600,via_1600x480
VDD,met3-met4,STRIPE,via,157940,198320,159540,198800,1600,via3_1600x480
VDD,met2-met3,STRIPE,via,157940,198320,159540,198800,1600,via2_1600x480
VDD,met1-met2,STRIPE,via,157940,198320,159540,198800,1600,via_1600x480
VDD,met3-met4,STRIPE,via,130857,198320,132457,198800,1600,via3_1600x480
VDD,met2-met3,STRIPE,via,130857,198320,132457,198800,1600,via2_1600x480
VDD,met1-met2,STRIPE,via,130857,198320,132457,198800,1600,via_1600x480
VDD,met3-met4,STRIPE,via,103657,198320,105257,198800,1600,via3_1600x480
VDD,met2-met3,STRIPE,via,103657,198320,105257,198800,1600,via2_1600x480
VDD,met1-met2,STRIPE,via,103657,198320,105257,198800,1600,via_1600x480
VDD,met3-met4,STRIPE,via,76544,198320,78144,198800,1600,via3_1600x480
VDD,met2-met3,STRIPE,via,76544,198320,78144,198800,1600,via2_1600x480
VDD,met1-met2,STRIPE,via,76544,198320,78144,198800,1600,via_1600x480
VDD,met3-met4,STRIPE,via,50933,198320,52533,198800,1600,via3_1600x480
VDD,met2-met3,STRIPE,via,50933,198320,52533,198800,1600,via2_1600x480
VDD,met1-met2,STRIPE,via,50933,198320,52533,198800,1600,via_1600x480
VDD,met3-met4,STRIPE,via,23239,198320,24839,198800,1600,via3_1600x480
VDD,met2-met3,STRIPE,via,23239,198320,24839,198800,1600,via2_1600x480
VDD,met1-met2,STRIPE,via,23239,198320,24839,198800,1600,via_1600x480
VDD,met3-met4,STRIPE,via,266070,192880,267670,193360,1600,via3_1600x480
VDD,met2-met3,STRIPE,via,266070,192880,267670,193360,1600,via2_1600x480
VDD,met1-met2,STRIPE,via,266070,192880,267670,193360,1600,via_1600x480
VDD,met3-met4,STRIPE,via,239867,192880,241467,193360,1600,via3_1600x480
VDD,met2-met3,STRIPE,via,239867,192880,241467,193360,1600,via2_1600x480
VDD,met1-met2,STRIPE,via,239867,192880,241467,193360,1600,via_1600x480
VDD,met3-met4,STRIPE,via,211967,192880,213567,193360,1600,via3_1600x480
VDD,met2-met3,STRIPE,via,211967,192880,213567,193360,1600,via2_1600x480
VDD,met1-met2,STRIPE,via,211967,192880,213567,193360,1600,via_1600x480
VDD,met3-met4,STRIPE,via,186099,192880,187699,193360,1600,via3_1600x480
VDD,met2-met3,STRIPE,via,186099,192880,187699,193360,1600,via2_1600x480
VDD,met1-met2,STRIPE,via,186099,192880,187699,193360,1600,via_1600x480
VDD,met3-met4,STRIPE,via,157940,192880,159540,193360,1600,via3_1600x480
VDD,met2-met3,STRIPE,via,157940,192880,159540,193360,1600,via2_1600x480
VDD,met1-met2,STRIPE,via,157940,192880,159540,193360,1600,via_1600x480
VDD,met3-met4,STRIPE,via,130857,192880,132457,193360,1600,via3_1600x480
VDD,met2-met3,STRIPE,via,130857,192880,132457,193360,1600,via2_1600x480
VDD,met1-met2,STRIPE,via,130857,192880,132457,193360,1600,via_1600x480
VDD,met3-met4,STRIPE,via,103657,192880,105257,193360,1600,via3_1600x480
VDD,met2-met3,STRIPE,via,103657,192880,105257,193360,1600,via2_1600x480
VDD,met1-met2,STRIPE,via,103657,192880,105257,193360,1600,via_1600x480
VDD,met3-met4,STRIPE,via,76544,192880,78144,193360,1600,via3_1600x480
VDD,met2-met3,STRIPE,via,76544,192880,78144,193360,1600,via2_1600x480
VDD,met1-met2,STRIPE,via,76544,192880,78144,193360,1600,via_1600x480
VDD,met3-met4,STRIPE,via,50933,192880,52533,193360,1600,via3_1600x480
VDD,met2-met3,STRIPE,via,50933,192880,52533,193360,1600,via2_1600x480
VDD,met1-met2,STRIPE,via,50933,192880,52533,193360,1600,via_1600x480
VDD,met3-met4,STRIPE,via,23239,192880,24839,193360,1600,via3_1600x480
VDD,met2-met3,STRIPE,via,23239,192880,24839,193360,1600,via2_1600x480
VDD,met1-met2,STRIPE,via,23239,192880,24839,193360,1600,via_1600x480
VDD,met3-met4,STRIPE,via,266070,187440,267670,187920,1600,via3_1600x480
VDD,met2-met3,STRIPE,via,266070,187440,267670,187920,1600,via2_1600x480
VDD,met1-met2,STRIPE,via,266070,187440,267670,187920,1600,via_1600x480
VDD,met3-met4,STRIPE,via,239867,187440,241467,187920,1600,via3_1600x480
VDD,met2-met3,STRIPE,via,239867,187440,241467,187920,1600,via2_1600x480
VDD,met1-met2,STRIPE,via,239867,187440,241467,187920,1600,via_1600x480
VDD,met3-met4,STRIPE,via,211967,187440,213567,187920,1600,via3_1600x480
VDD,met2-met3,STRIPE,via,211967,187440,213567,187920,1600,via2_1600x480
VDD,met1-met2,STRIPE,via,211967,187440,213567,187920,1600,via_1600x480
VDD,met3-met4,STRIPE,via,186099,187440,187699,187920,1600,via3_1600x480
VDD,met2-met3,STRIPE,via,186099,187440,187699,187920,1600,via2_1600x480
VDD,met1-met2,STRIPE,via,186099,187440,187699,187920,1600,via_1600x480
VDD,met3-met4,STRIPE,via,157940,187440,159540,187920,1600,via3_1600x480
VDD,met2-met3,STRIPE,via,157940,187440,159540,187920,1600,via2_1600x480
VDD,met1-met2,STRIPE,via,157940,187440,159540,187920,1600,via_1600x480
VDD,met3-met4,STRIPE,via,130857,187440,132457,187920,1600,via3_1600x480
VDD,met2-met3,STRIPE,via,130857,187440,132457,187920,1600,via2_1600x480
VDD,met1-met2,STRIPE,via,130857,187440,132457,187920,1600,via_1600x480
VDD,met3-met4,STRIPE,via,103657,187440,105257,187920,1600,via3_1600x480
VDD,met2-met3,STRIPE,via,103657,187440,105257,187920,1600,via2_1600x480
VDD,met1-met2,STRIPE,via,103657,187440,105257,187920,1600,via_1600x480
VDD,met3-met4,STRIPE,via,76544,187440,78144,187920,1600,via3_1600x480
VDD,met2-met3,STRIPE,via,76544,187440,78144,187920,1600,via2_1600x480
VDD,met1-met2,STRIPE,via,76544,187440,78144,187920,1600,via_1600x480
VDD,met3-met4,STRIPE,via,50933,187440,52533,187920,1600,via3_1600x480
VDD,met2-met3,STRIPE,via,50933,187440,52533,187920,1600,via2_1600x480
VDD,met1-met2,STRIPE,via,50933,187440,52533,187920,1600,via_1600x480
VDD,met3-met4,STRIPE,via,23239,187440,24839,187920,1600,via3_1600x480
VDD,met2-met3,STRIPE,via,23239,187440,24839,187920,1600,via2_1600x480
VDD,met1-met2,STRIPE,via,23239,187440,24839,187920,1600,via_1600x480
VDD,met3-met4,STRIPE,via,266070,182000,267670,182480,1600,via3_1600x480
VDD,met2-met3,STRIPE,via,266070,182000,267670,182480,1600,via2_1600x480
VDD,met1-met2,STRIPE,via,266070,182000,267670,182480,1600,via_1600x480
VDD,met3-met4,STRIPE,via,239867,182000,241467,182480,1600,via3_1600x480
VDD,met2-met3,STRIPE,via,239867,182000,241467,182480,1600,via2_1600x480
VDD,met1-met2,STRIPE,via,239867,182000,241467,182480,1600,via_1600x480
VDD,met3-met4,STRIPE,via,211967,182000,213567,182480,1600,via3_1600x480
VDD,met2-met3,STRIPE,via,211967,182000,213567,182480,1600,via2_1600x480
VDD,met1-met2,STRIPE,via,211967,182000,213567,182480,1600,via_1600x480
VDD,met3-met4,STRIPE,via,186099,182000,187699,182480,1600,via3_1600x480
VDD,met2-met3,STRIPE,via,186099,182000,187699,182480,1600,via2_1600x480
VDD,met1-met2,STRIPE,via,186099,182000,187699,182480,1600,via_1600x480
VDD,met3-met4,STRIPE,via,157940,182000,159540,182480,1600,via3_1600x480
VDD,met2-met3,STRIPE,via,157940,182000,159540,182480,1600,via2_1600x480
VDD,met1-met2,STRIPE,via,157940,182000,159540,182480,1600,via_1600x480
VDD,met3-met4,STRIPE,via,130857,182000,132457,182480,1600,via3_1600x480
VDD,met2-met3,STRIPE,via,130857,182000,132457,182480,1600,via2_1600x480
VDD,met1-met2,STRIPE,via,130857,182000,132457,182480,1600,via_1600x480
VDD,met3-met4,STRIPE,via,103657,182000,105257,182480,1600,via3_1600x480
VDD,met2-met3,STRIPE,via,103657,182000,105257,182480,1600,via2_1600x480
VDD,met1-met2,STRIPE,via,103657,182000,105257,182480,1600,via_1600x480
VDD,met3-met4,STRIPE,via,76544,182000,78144,182480,1600,via3_1600x480
VDD,met2-met3,STRIPE,via,76544,182000,78144,182480,1600,via2_1600x480
VDD,met1-met2,STRIPE,via,76544,182000,78144,182480,1600,via_1600x480
VDD,met3-met4,STRIPE,via,50933,182000,52533,182480,1600,via3_1600x480
VDD,met2-met3,STRIPE,via,50933,182000,52533,182480,1600,via2_1600x480
VDD,met1-met2,STRIPE,via,50933,182000,52533,182480,1600,via_1600x480
VDD,met3-met4,STRIPE,via,23239,182000,24839,182480,1600,via3_1600x480
VDD,met2-met3,STRIPE,via,23239,182000,24839,182480,1600,via2_1600x480
VDD,met1-met2,STRIPE,via,23239,182000,24839,182480,1600,via_1600x480
VDD,met3-met4,STRIPE,via,266070,176560,267670,177040,1600,via3_1600x480
VDD,met2-met3,STRIPE,via,266070,176560,267670,177040,1600,via2_1600x480
VDD,met1-met2,STRIPE,via,266070,176560,267670,177040,1600,via_1600x480
VDD,met3-met4,STRIPE,via,239867,176560,241467,177040,1600,via3_1600x480
VDD,met2-met3,STRIPE,via,239867,176560,241467,177040,1600,via2_1600x480
VDD,met1-met2,STRIPE,via,239867,176560,241467,177040,1600,via_1600x480
VDD,met3-met4,STRIPE,via,211967,176560,213567,177040,1600,via3_1600x480
VDD,met2-met3,STRIPE,via,211967,176560,213567,177040,1600,via2_1600x480
VDD,met1-met2,STRIPE,via,211967,176560,213567,177040,1600,via_1600x480
VDD,met3-met4,STRIPE,via,186099,176560,187699,177040,1600,via3_1600x480
VDD,met2-met3,STRIPE,via,186099,176560,187699,177040,1600,via2_1600x480
VDD,met1-met2,STRIPE,via,186099,176560,187699,177040,1600,via_1600x480
VDD,met3-met4,STRIPE,via,157940,176560,159540,177040,1600,via3_1600x480
VDD,met2-met3,STRIPE,via,157940,176560,159540,177040,1600,via2_1600x480
VDD,met1-met2,STRIPE,via,157940,176560,159540,177040,1600,via_1600x480
VDD,met3-met4,STRIPE,via,130857,176560,132457,177040,1600,via3_1600x480
VDD,met2-met3,STRIPE,via,130857,176560,132457,177040,1600,via2_1600x480
VDD,met1-met2,STRIPE,via,130857,176560,132457,177040,1600,via_1600x480
VDD,met3-met4,STRIPE,via,103657,176560,105257,177040,1600,via3_1600x480
VDD,met2-met3,STRIPE,via,103657,176560,105257,177040,1600,via2_1600x480
VDD,met1-met2,STRIPE,via,103657,176560,105257,177040,1600,via_1600x480
VDD,met3-met4,STRIPE,via,76544,176560,78144,177040,1600,via3_1600x480
VDD,met2-met3,STRIPE,via,76544,176560,78144,177040,1600,via2_1600x480
VDD,met1-met2,STRIPE,via,76544,176560,78144,177040,1600,via_1600x480
VDD,met3-met4,STRIPE,via,50933,176560,52533,177040,1600,via3_1600x480
VDD,met2-met3,STRIPE,via,50933,176560,52533,177040,1600,via2_1600x480
VDD,met1-met2,STRIPE,via,50933,176560,52533,177040,1600,via_1600x480
VDD,met3-met4,STRIPE,via,23239,176560,24839,177040,1600,via3_1600x480
VDD,met2-met3,STRIPE,via,23239,176560,24839,177040,1600,via2_1600x480
VDD,met1-met2,STRIPE,via,23239,176560,24839,177040,1600,via_1600x480
VDD,met3-met4,STRIPE,via,266070,171120,267670,171600,1600,via3_1600x480
VDD,met2-met3,STRIPE,via,266070,171120,267670,171600,1600,via2_1600x480
VDD,met1-met2,STRIPE,via,266070,171120,267670,171600,1600,via_1600x480
VDD,met3-met4,STRIPE,via,239867,171120,241467,171600,1600,via3_1600x480
VDD,met2-met3,STRIPE,via,239867,171120,241467,171600,1600,via2_1600x480
VDD,met1-met2,STRIPE,via,239867,171120,241467,171600,1600,via_1600x480
VDD,met3-met4,STRIPE,via,211967,171120,213567,171600,1600,via3_1600x480
VDD,met2-met3,STRIPE,via,211967,171120,213567,171600,1600,via2_1600x480
VDD,met1-met2,STRIPE,via,211967,171120,213567,171600,1600,via_1600x480
VDD,met3-met4,STRIPE,via,186099,171120,187699,171600,1600,via3_1600x480
VDD,met2-met3,STRIPE,via,186099,171120,187699,171600,1600,via2_1600x480
VDD,met1-met2,STRIPE,via,186099,171120,187699,171600,1600,via_1600x480
VDD,met3-met4,STRIPE,via,157940,171120,159540,171600,1600,via3_1600x480
VDD,met2-met3,STRIPE,via,157940,171120,159540,171600,1600,via2_1600x480
VDD,met1-met2,STRIPE,via,157940,171120,159540,171600,1600,via_1600x480
VDD,met3-met4,STRIPE,via,130857,171120,132457,171600,1600,via3_1600x480
VDD,met2-met3,STRIPE,via,130857,171120,132457,171600,1600,via2_1600x480
VDD,met1-met2,STRIPE,via,130857,171120,132457,171600,1600,via_1600x480
VDD,met3-met4,STRIPE,via,103657,171120,105257,171600,1600,via3_1600x480
VDD,met2-met3,STRIPE,via,103657,171120,105257,171600,1600,via2_1600x480
VDD,met1-met2,STRIPE,via,103657,171120,105257,171600,1600,via_1600x480
VDD,met3-met4,STRIPE,via,76544,171120,78144,171600,1600,via3_1600x480
VDD,met2-met3,STRIPE,via,76544,171120,78144,171600,1600,via2_1600x480
VDD,met1-met2,STRIPE,via,76544,171120,78144,171600,1600,via_1600x480
VDD,met3-met4,STRIPE,via,50933,171120,52533,171600,1600,via3_1600x480
VDD,met2-met3,STRIPE,via,50933,171120,52533,171600,1600,via2_1600x480
VDD,met1-met2,STRIPE,via,50933,171120,52533,171600,1600,via_1600x480
VDD,met3-met4,STRIPE,via,23239,171120,24839,171600,1600,via3_1600x480
VDD,met2-met3,STRIPE,via,23239,171120,24839,171600,1600,via2_1600x480
VDD,met1-met2,STRIPE,via,23239,171120,24839,171600,1600,via_1600x480
VDD,met3-met4,STRIPE,via,266070,165680,267670,166160,1600,via3_1600x480
VDD,met2-met3,STRIPE,via,266070,165680,267670,166160,1600,via2_1600x480
VDD,met1-met2,STRIPE,via,266070,165680,267670,166160,1600,via_1600x480
VDD,met3-met4,STRIPE,via,239867,165680,241467,166160,1600,via3_1600x480
VDD,met2-met3,STRIPE,via,239867,165680,241467,166160,1600,via2_1600x480
VDD,met1-met2,STRIPE,via,239867,165680,241467,166160,1600,via_1600x480
VDD,met3-met4,STRIPE,via,211967,165680,213567,166160,1600,via3_1600x480
VDD,met2-met3,STRIPE,via,211967,165680,213567,166160,1600,via2_1600x480
VDD,met1-met2,STRIPE,via,211967,165680,213567,166160,1600,via_1600x480
VDD,met3-met4,STRIPE,via,186099,165680,187699,166160,1600,via3_1600x480
VDD,met2-met3,STRIPE,via,186099,165680,187699,166160,1600,via2_1600x480
VDD,met1-met2,STRIPE,via,186099,165680,187699,166160,1600,via_1600x480
VDD,met3-met4,STRIPE,via,157940,165680,159540,166160,1600,via3_1600x480
VDD,met2-met3,STRIPE,via,157940,165680,159540,166160,1600,via2_1600x480
VDD,met1-met2,STRIPE,via,157940,165680,159540,166160,1600,via_1600x480
VDD,met3-met4,STRIPE,via,130857,165680,132457,166160,1600,via3_1600x480
VDD,met2-met3,STRIPE,via,130857,165680,132457,166160,1600,via2_1600x480
VDD,met1-met2,STRIPE,via,130857,165680,132457,166160,1600,via_1600x480
VDD,met3-met4,STRIPE,via,103657,165680,105257,166160,1600,via3_1600x480
VDD,met2-met3,STRIPE,via,103657,165680,105257,166160,1600,via2_1600x480
VDD,met1-met2,STRIPE,via,103657,165680,105257,166160,1600,via_1600x480
VDD,met3-met4,STRIPE,via,76544,165680,78144,166160,1600,via3_1600x480
VDD,met2-met3,STRIPE,via,76544,165680,78144,166160,1600,via2_1600x480
VDD,met1-met2,STRIPE,via,76544,165680,78144,166160,1600,via_1600x480
VDD,met3-met4,STRIPE,via,50933,165680,52533,166160,1600,via3_1600x480
VDD,met2-met3,STRIPE,via,50933,165680,52533,166160,1600,via2_1600x480
VDD,met1-met2,STRIPE,via,50933,165680,52533,166160,1600,via_1600x480
VDD,met3-met4,STRIPE,via,23239,165680,24839,166160,1600,via3_1600x480
VDD,met2-met3,STRIPE,via,23239,165680,24839,166160,1600,via2_1600x480
VDD,met1-met2,STRIPE,via,23239,165680,24839,166160,1600,via_1600x480
VDD,met3-met4,STRIPE,via,266070,160240,267670,160720,1600,via3_1600x480
VDD,met2-met3,STRIPE,via,266070,160240,267670,160720,1600,via2_1600x480
VDD,met1-met2,STRIPE,via,266070,160240,267670,160720,1600,via_1600x480
VDD,met3-met4,STRIPE,via,239867,160240,241467,160720,1600,via3_1600x480
VDD,met2-met3,STRIPE,via,239867,160240,241467,160720,1600,via2_1600x480
VDD,met1-met2,STRIPE,via,239867,160240,241467,160720,1600,via_1600x480
VDD,met3-met4,STRIPE,via,211967,160240,213567,160720,1600,via3_1600x480
VDD,met2-met3,STRIPE,via,211967,160240,213567,160720,1600,via2_1600x480
VDD,met1-met2,STRIPE,via,211967,160240,213567,160720,1600,via_1600x480
VDD,met3-met4,STRIPE,via,186099,160240,187699,160720,1600,via3_1600x480
VDD,met2-met3,STRIPE,via,186099,160240,187699,160720,1600,via2_1600x480
VDD,met1-met2,STRIPE,via,186099,160240,187699,160720,1600,via_1600x480
VDD,met3-met4,STRIPE,via,157940,160240,159540,160720,1600,via3_1600x480
VDD,met2-met3,STRIPE,via,157940,160240,159540,160720,1600,via2_1600x480
VDD,met1-met2,STRIPE,via,157940,160240,159540,160720,1600,via_1600x480
VDD,met3-met4,STRIPE,via,130857,160240,132457,160720,1600,via3_1600x480
VDD,met2-met3,STRIPE,via,130857,160240,132457,160720,1600,via2_1600x480
VDD,met1-met2,STRIPE,via,130857,160240,132457,160720,1600,via_1600x480
VDD,met3-met4,STRIPE,via,103657,160240,105257,160720,1600,via3_1600x480
VDD,met2-met3,STRIPE,via,103657,160240,105257,160720,1600,via2_1600x480
VDD,met1-met2,STRIPE,via,103657,160240,105257,160720,1600,via_1600x480
VDD,met3-met4,STRIPE,via,76544,160240,78144,160720,1600,via3_1600x480
VDD,met2-met3,STRIPE,via,76544,160240,78144,160720,1600,via2_1600x480
VDD,met1-met2,STRIPE,via,76544,160240,78144,160720,1600,via_1600x480
VDD,met3-met4,STRIPE,via,50933,160240,52533,160720,1600,via3_1600x480
VDD,met2-met3,STRIPE,via,50933,160240,52533,160720,1600,via2_1600x480
VDD,met1-met2,STRIPE,via,50933,160240,52533,160720,1600,via_1600x480
VDD,met3-met4,STRIPE,via,23239,160240,24839,160720,1600,via3_1600x480
VDD,met2-met3,STRIPE,via,23239,160240,24839,160720,1600,via2_1600x480
VDD,met1-met2,STRIPE,via,23239,160240,24839,160720,1600,via_1600x480
VDD,met3-met4,STRIPE,via,266070,154800,267670,155280,1600,via3_1600x480
VDD,met2-met3,STRIPE,via,266070,154800,267670,155280,1600,via2_1600x480
VDD,met1-met2,STRIPE,via,266070,154800,267670,155280,1600,via_1600x480
VDD,met3-met4,STRIPE,via,239867,154800,241467,155280,1600,via3_1600x480
VDD,met2-met3,STRIPE,via,239867,154800,241467,155280,1600,via2_1600x480
VDD,met1-met2,STRIPE,via,239867,154800,241467,155280,1600,via_1600x480
VDD,met3-met4,STRIPE,via,211967,154800,213567,155280,1600,via3_1600x480
VDD,met2-met3,STRIPE,via,211967,154800,213567,155280,1600,via2_1600x480
VDD,met1-met2,STRIPE,via,211967,154800,213567,155280,1600,via_1600x480
VDD,met3-met4,STRIPE,via,186099,154800,187699,155280,1600,via3_1600x480
VDD,met2-met3,STRIPE,via,186099,154800,187699,155280,1600,via2_1600x480
VDD,met1-met2,STRIPE,via,186099,154800,187699,155280,1600,via_1600x480
VDD,met3-met4,STRIPE,via,157940,154800,159540,155280,1600,via3_1600x480
VDD,met2-met3,STRIPE,via,157940,154800,159540,155280,1600,via2_1600x480
VDD,met1-met2,STRIPE,via,157940,154800,159540,155280,1600,via_1600x480
VDD,met3-met4,STRIPE,via,130857,154800,132457,155280,1600,via3_1600x480
VDD,met2-met3,STRIPE,via,130857,154800,132457,155280,1600,via2_1600x480
VDD,met1-met2,STRIPE,via,130857,154800,132457,155280,1600,via_1600x480
VDD,met3-met4,STRIPE,via,103657,154800,105257,155280,1600,via3_1600x480
VDD,met2-met3,STRIPE,via,103657,154800,105257,155280,1600,via2_1600x480
VDD,met1-met2,STRIPE,via,103657,154800,105257,155280,1600,via_1600x480
VDD,met3-met4,STRIPE,via,76544,154800,78144,155280,1600,via3_1600x480
VDD,met2-met3,STRIPE,via,76544,154800,78144,155280,1600,via2_1600x480
VDD,met1-met2,STRIPE,via,76544,154800,78144,155280,1600,via_1600x480
VDD,met3-met4,STRIPE,via,50933,154800,52533,155280,1600,via3_1600x480
VDD,met2-met3,STRIPE,via,50933,154800,52533,155280,1600,via2_1600x480
VDD,met1-met2,STRIPE,via,50933,154800,52533,155280,1600,via_1600x480
VDD,met3-met4,STRIPE,via,23239,154800,24839,155280,1600,via3_1600x480
VDD,met2-met3,STRIPE,via,23239,154800,24839,155280,1600,via2_1600x480
VDD,met1-met2,STRIPE,via,23239,154800,24839,155280,1600,via_1600x480
VDD,met3-met4,STRIPE,via,266070,149360,267670,149840,1600,via3_1600x480
VDD,met2-met3,STRIPE,via,266070,149360,267670,149840,1600,via2_1600x480
VDD,met1-met2,STRIPE,via,266070,149360,267670,149840,1600,via_1600x480
VDD,met3-met4,STRIPE,via,239867,149360,241467,149840,1600,via3_1600x480
VDD,met2-met3,STRIPE,via,239867,149360,241467,149840,1600,via2_1600x480
VDD,met1-met2,STRIPE,via,239867,149360,241467,149840,1600,via_1600x480
VDD,met3-met4,STRIPE,via,211967,149360,213567,149840,1600,via3_1600x480
VDD,met2-met3,STRIPE,via,211967,149360,213567,149840,1600,via2_1600x480
VDD,met1-met2,STRIPE,via,211967,149360,213567,149840,1600,via_1600x480
VDD,met3-met4,STRIPE,via,186099,149360,187699,149840,1600,via3_1600x480
VDD,met2-met3,STRIPE,via,186099,149360,187699,149840,1600,via2_1600x480
VDD,met1-met2,STRIPE,via,186099,149360,187699,149840,1600,via_1600x480
VDD,met3-met4,STRIPE,via,157940,149360,159540,149840,1600,via3_1600x480
VDD,met2-met3,STRIPE,via,157940,149360,159540,149840,1600,via2_1600x480
VDD,met1-met2,STRIPE,via,157940,149360,159540,149840,1600,via_1600x480
VDD,met3-met4,STRIPE,via,130857,149360,132457,149840,1600,via3_1600x480
VDD,met2-met3,STRIPE,via,130857,149360,132457,149840,1600,via2_1600x480
VDD,met1-met2,STRIPE,via,130857,149360,132457,149840,1600,via_1600x480
VDD,met3-met4,STRIPE,via,103657,149360,105257,149840,1600,via3_1600x480
VDD,met2-met3,STRIPE,via,103657,149360,105257,149840,1600,via2_1600x480
VDD,met1-met2,STRIPE,via,103657,149360,105257,149840,1600,via_1600x480
VDD,met3-met4,STRIPE,via,76544,149360,78144,149840,1600,via3_1600x480
VDD,met2-met3,STRIPE,via,76544,149360,78144,149840,1600,via2_1600x480
VDD,met1-met2,STRIPE,via,76544,149360,78144,149840,1600,via_1600x480
VDD,met3-met4,STRIPE,via,50933,149360,52533,149840,1600,via3_1600x480
VDD,met2-met3,STRIPE,via,50933,149360,52533,149840,1600,via2_1600x480
VDD,met1-met2,STRIPE,via,50933,149360,52533,149840,1600,via_1600x480
VDD,met3-met4,STRIPE,via,23239,149360,24839,149840,1600,via3_1600x480
VDD,met2-met3,STRIPE,via,23239,149360,24839,149840,1600,via2_1600x480
VDD,met1-met2,STRIPE,via,23239,149360,24839,149840,1600,via_1600x480
VDD,met3-met4,STRIPE,via,266070,143920,267670,144400,1600,via3_1600x480
VDD,met2-met3,STRIPE,via,266070,143920,267670,144400,1600,via2_1600x480
VDD,met1-met2,STRIPE,via,266070,143920,267670,144400,1600,via_1600x480
VDD,met3-met4,STRIPE,via,239867,143920,241467,144400,1600,via3_1600x480
VDD,met2-met3,STRIPE,via,239867,143920,241467,144400,1600,via2_1600x480
VDD,met1-met2,STRIPE,via,239867,143920,241467,144400,1600,via_1600x480
VDD,met3-met4,STRIPE,via,211967,143920,213567,144400,1600,via3_1600x480
VDD,met2-met3,STRIPE,via,211967,143920,213567,144400,1600,via2_1600x480
VDD,met1-met2,STRIPE,via,211967,143920,213567,144400,1600,via_1600x480
VDD,met3-met4,STRIPE,via,186099,143920,187699,144400,1600,via3_1600x480
VDD,met2-met3,STRIPE,via,186099,143920,187699,144400,1600,via2_1600x480
VDD,met1-met2,STRIPE,via,186099,143920,187699,144400,1600,via_1600x480
VDD,met3-met4,STRIPE,via,157940,143920,159540,144400,1600,via3_1600x480
VDD,met2-met3,STRIPE,via,157940,143920,159540,144400,1600,via2_1600x480
VDD,met1-met2,STRIPE,via,157940,143920,159540,144400,1600,via_1600x480
VDD,met3-met4,STRIPE,via,130857,143920,132457,144400,1600,via3_1600x480
VDD,met2-met3,STRIPE,via,130857,143920,132457,144400,1600,via2_1600x480
VDD,met1-met2,STRIPE,via,130857,143920,132457,144400,1600,via_1600x480
VDD,met3-met4,STRIPE,via,103657,143920,105257,144400,1600,via3_1600x480
VDD,met2-met3,STRIPE,via,103657,143920,105257,144400,1600,via2_1600x480
VDD,met1-met2,STRIPE,via,103657,143920,105257,144400,1600,via_1600x480
VDD,met3-met4,STRIPE,via,76544,143920,78144,144400,1600,via3_1600x480
VDD,met2-met3,STRIPE,via,76544,143920,78144,144400,1600,via2_1600x480
VDD,met1-met2,STRIPE,via,76544,143920,78144,144400,1600,via_1600x480
VDD,met3-met4,STRIPE,via,50933,143920,52533,144400,1600,via3_1600x480
VDD,met2-met3,STRIPE,via,50933,143920,52533,144400,1600,via2_1600x480
VDD,met1-met2,STRIPE,via,50933,143920,52533,144400,1600,via_1600x480
VDD,met3-met4,STRIPE,via,23239,143920,24839,144400,1600,via3_1600x480
VDD,met2-met3,STRIPE,via,23239,143920,24839,144400,1600,via2_1600x480
VDD,met1-met2,STRIPE,via,23239,143920,24839,144400,1600,via_1600x480
VDD,met3-met4,STRIPE,via,266070,138480,267670,138960,1600,via3_1600x480
VDD,met2-met3,STRIPE,via,266070,138480,267670,138960,1600,via2_1600x480
VDD,met1-met2,STRIPE,via,266070,138480,267670,138960,1600,via_1600x480
VDD,met3-met4,STRIPE,via,239867,138480,241467,138960,1600,via3_1600x480
VDD,met2-met3,STRIPE,via,239867,138480,241467,138960,1600,via2_1600x480
VDD,met1-met2,STRIPE,via,239867,138480,241467,138960,1600,via_1600x480
VDD,met3-met4,STRIPE,via,211967,138480,213567,138960,1600,via3_1600x480
VDD,met2-met3,STRIPE,via,211967,138480,213567,138960,1600,via2_1600x480
VDD,met1-met2,STRIPE,via,211967,138480,213567,138960,1600,via_1600x480
VDD,met3-met4,STRIPE,via,186099,138480,187699,138960,1600,via3_1600x480
VDD,met2-met3,STRIPE,via,186099,138480,187699,138960,1600,via2_1600x480
VDD,met1-met2,STRIPE,via,186099,138480,187699,138960,1600,via_1600x480
VDD,met3-met4,STRIPE,via,157940,138480,159540,138960,1600,via3_1600x480
VDD,met2-met3,STRIPE,via,157940,138480,159540,138960,1600,via2_1600x480
VDD,met1-met2,STRIPE,via,157940,138480,159540,138960,1600,via_1600x480
VDD,met3-met4,STRIPE,via,130857,138480,132457,138960,1600,via3_1600x480
VDD,met2-met3,STRIPE,via,130857,138480,132457,138960,1600,via2_1600x480
VDD,met1-met2,STRIPE,via,130857,138480,132457,138960,1600,via_1600x480
VDD,met3-met4,STRIPE,via,103657,138480,105257,138960,1600,via3_1600x480
VDD,met2-met3,STRIPE,via,103657,138480,105257,138960,1600,via2_1600x480
VDD,met1-met2,STRIPE,via,103657,138480,105257,138960,1600,via_1600x480
VDD,met3-met4,STRIPE,via,76544,138480,78144,138960,1600,via3_1600x480
VDD,met2-met3,STRIPE,via,76544,138480,78144,138960,1600,via2_1600x480
VDD,met1-met2,STRIPE,via,76544,138480,78144,138960,1600,via_1600x480
VDD,met3-met4,STRIPE,via,50933,138480,52533,138960,1600,via3_1600x480
VDD,met2-met3,STRIPE,via,50933,138480,52533,138960,1600,via2_1600x480
VDD,met1-met2,STRIPE,via,50933,138480,52533,138960,1600,via_1600x480
VDD,met3-met4,STRIPE,via,23239,138480,24839,138960,1600,via3_1600x480
VDD,met2-met3,STRIPE,via,23239,138480,24839,138960,1600,via2_1600x480
VDD,met1-met2,STRIPE,via,23239,138480,24839,138960,1600,via_1600x480
VDD,met3-met4,STRIPE,via,266070,133040,267670,133520,1600,via3_1600x480
VDD,met2-met3,STRIPE,via,266070,133040,267670,133520,1600,via2_1600x480
VDD,met1-met2,STRIPE,via,266070,133040,267670,133520,1600,via_1600x480
VDD,met3-met4,STRIPE,via,239867,133040,241467,133520,1600,via3_1600x480
VDD,met2-met3,STRIPE,via,239867,133040,241467,133520,1600,via2_1600x480
VDD,met1-met2,STRIPE,via,239867,133040,241467,133520,1600,via_1600x480
VDD,met3-met4,STRIPE,via,211967,133040,213567,133520,1600,via3_1600x480
VDD,met2-met3,STRIPE,via,211967,133040,213567,133520,1600,via2_1600x480
VDD,met1-met2,STRIPE,via,211967,133040,213567,133520,1600,via_1600x480
VDD,met3-met4,STRIPE,via,186099,133040,187699,133520,1600,via3_1600x480
VDD,met2-met3,STRIPE,via,186099,133040,187699,133520,1600,via2_1600x480
VDD,met1-met2,STRIPE,via,186099,133040,187699,133520,1600,via_1600x480
VDD,met3-met4,STRIPE,via,157940,133040,159540,133520,1600,via3_1600x480
VDD,met2-met3,STRIPE,via,157940,133040,159540,133520,1600,via2_1600x480
VDD,met1-met2,STRIPE,via,157940,133040,159540,133520,1600,via_1600x480
VDD,met3-met4,STRIPE,via,130857,133040,132457,133520,1600,via3_1600x480
VDD,met2-met3,STRIPE,via,130857,133040,132457,133520,1600,via2_1600x480
VDD,met1-met2,STRIPE,via,130857,133040,132457,133520,1600,via_1600x480
VDD,met3-met4,STRIPE,via,103657,133040,105257,133520,1600,via3_1600x480
VDD,met2-met3,STRIPE,via,103657,133040,105257,133520,1600,via2_1600x480
VDD,met1-met2,STRIPE,via,103657,133040,105257,133520,1600,via_1600x480
VDD,met3-met4,STRIPE,via,76544,133040,78144,133520,1600,via3_1600x480
VDD,met2-met3,STRIPE,via,76544,133040,78144,133520,1600,via2_1600x480
VDD,met1-met2,STRIPE,via,76544,133040,78144,133520,1600,via_1600x480
VDD,met3-met4,STRIPE,via,50933,133040,52533,133520,1600,via3_1600x480
VDD,met2-met3,STRIPE,via,50933,133040,52533,133520,1600,via2_1600x480
VDD,met1-met2,STRIPE,via,50933,133040,52533,133520,1600,via_1600x480
VDD,met3-met4,STRIPE,via,23239,133040,24839,133520,1600,via3_1600x480
VDD,met2-met3,STRIPE,via,23239,133040,24839,133520,1600,via2_1600x480
VDD,met1-met2,STRIPE,via,23239,133040,24839,133520,1600,via_1600x480
VDD,met3-met4,STRIPE,via,266070,127600,267670,128080,1600,via3_1600x480
VDD,met2-met3,STRIPE,via,266070,127600,267670,128080,1600,via2_1600x480
VDD,met1-met2,STRIPE,via,266070,127600,267670,128080,1600,via_1600x480
VDD,met3-met4,STRIPE,via,239867,127600,241467,128080,1600,via3_1600x480
VDD,met2-met3,STRIPE,via,239867,127600,241467,128080,1600,via2_1600x480
VDD,met1-met2,STRIPE,via,239867,127600,241467,128080,1600,via_1600x480
VDD,met3-met4,STRIPE,via,211967,127600,213567,128080,1600,via3_1600x480
VDD,met2-met3,STRIPE,via,211967,127600,213567,128080,1600,via2_1600x480
VDD,met1-met2,STRIPE,via,211967,127600,213567,128080,1600,via_1600x480
VDD,met3-met4,STRIPE,via,186099,127600,187699,128080,1600,via3_1600x480
VDD,met2-met3,STRIPE,via,186099,127600,187699,128080,1600,via2_1600x480
VDD,met1-met2,STRIPE,via,186099,127600,187699,128080,1600,via_1600x480
VDD,met3-met4,STRIPE,via,157940,127600,159540,128080,1600,via3_1600x480
VDD,met2-met3,STRIPE,via,157940,127600,159540,128080,1600,via2_1600x480
VDD,met1-met2,STRIPE,via,157940,127600,159540,128080,1600,via_1600x480
VDD,met3-met4,STRIPE,via,130857,127600,132457,128080,1600,via3_1600x480
VDD,met2-met3,STRIPE,via,130857,127600,132457,128080,1600,via2_1600x480
VDD,met1-met2,STRIPE,via,130857,127600,132457,128080,1600,via_1600x480
VDD,met3-met4,STRIPE,via,103657,127600,105257,128080,1600,via3_1600x480
VDD,met2-met3,STRIPE,via,103657,127600,105257,128080,1600,via2_1600x480
VDD,met1-met2,STRIPE,via,103657,127600,105257,128080,1600,via_1600x480
VDD,met3-met4,STRIPE,via,76544,127600,78144,128080,1600,via3_1600x480
VDD,met2-met3,STRIPE,via,76544,127600,78144,128080,1600,via2_1600x480
VDD,met1-met2,STRIPE,via,76544,127600,78144,128080,1600,via_1600x480
VDD,met3-met4,STRIPE,via,50933,127600,52533,128080,1600,via3_1600x480
VDD,met2-met3,STRIPE,via,50933,127600,52533,128080,1600,via2_1600x480
VDD,met1-met2,STRIPE,via,50933,127600,52533,128080,1600,via_1600x480
VDD,met3-met4,STRIPE,via,23239,127600,24839,128080,1600,via3_1600x480
VDD,met2-met3,STRIPE,via,23239,127600,24839,128080,1600,via2_1600x480
VDD,met1-met2,STRIPE,via,23239,127600,24839,128080,1600,via_1600x480
VDD,met3-met4,STRIPE,via,266070,122160,267670,122640,1600,via3_1600x480
VDD,met2-met3,STRIPE,via,266070,122160,267670,122640,1600,via2_1600x480
VDD,met1-met2,STRIPE,via,266070,122160,267670,122640,1600,via_1600x480
VDD,met3-met4,STRIPE,via,239867,122160,241467,122640,1600,via3_1600x480
VDD,met2-met3,STRIPE,via,239867,122160,241467,122640,1600,via2_1600x480
VDD,met1-met2,STRIPE,via,239867,122160,241467,122640,1600,via_1600x480
VDD,met3-met4,STRIPE,via,211967,122160,213567,122640,1600,via3_1600x480
VDD,met2-met3,STRIPE,via,211967,122160,213567,122640,1600,via2_1600x480
VDD,met1-met2,STRIPE,via,211967,122160,213567,122640,1600,via_1600x480
VDD,met3-met4,STRIPE,via,186099,122160,187699,122640,1600,via3_1600x480
VDD,met2-met3,STRIPE,via,186099,122160,187699,122640,1600,via2_1600x480
VDD,met1-met2,STRIPE,via,186099,122160,187699,122640,1600,via_1600x480
VDD,met3-met4,STRIPE,via,157940,122160,159540,122640,1600,via3_1600x480
VDD,met2-met3,STRIPE,via,157940,122160,159540,122640,1600,via2_1600x480
VDD,met1-met2,STRIPE,via,157940,122160,159540,122640,1600,via_1600x480
VDD,met3-met4,STRIPE,via,130857,122160,132457,122640,1600,via3_1600x480
VDD,met2-met3,STRIPE,via,130857,122160,132457,122640,1600,via2_1600x480
VDD,met1-met2,STRIPE,via,130857,122160,132457,122640,1600,via_1600x480
VDD,met3-met4,STRIPE,via,103657,122160,105257,122640,1600,via3_1600x480
VDD,met2-met3,STRIPE,via,103657,122160,105257,122640,1600,via2_1600x480
VDD,met1-met2,STRIPE,via,103657,122160,105257,122640,1600,via_1600x480
VDD,met3-met4,STRIPE,via,76544,122160,78144,122640,1600,via3_1600x480
VDD,met2-met3,STRIPE,via,76544,122160,78144,122640,1600,via2_1600x480
VDD,met1-met2,STRIPE,via,76544,122160,78144,122640,1600,via_1600x480
VDD,met3-met4,STRIPE,via,50933,122160,52533,122640,1600,via3_1600x480
VDD,met2-met3,STRIPE,via,50933,122160,52533,122640,1600,via2_1600x480
VDD,met1-met2,STRIPE,via,50933,122160,52533,122640,1600,via_1600x480
VDD,met3-met4,STRIPE,via,23239,122160,24839,122640,1600,via3_1600x480
VDD,met2-met3,STRIPE,via,23239,122160,24839,122640,1600,via2_1600x480
VDD,met1-met2,STRIPE,via,23239,122160,24839,122640,1600,via_1600x480
VDD,met3-met4,STRIPE,via,266070,116720,267670,117200,1600,via3_1600x480
VDD,met2-met3,STRIPE,via,266070,116720,267670,117200,1600,via2_1600x480
VDD,met1-met2,STRIPE,via,266070,116720,267670,117200,1600,via_1600x480
VDD,met3-met4,STRIPE,via,239867,116720,241467,117200,1600,via3_1600x480
VDD,met2-met3,STRIPE,via,239867,116720,241467,117200,1600,via2_1600x480
VDD,met1-met2,STRIPE,via,239867,116720,241467,117200,1600,via_1600x480
VDD,met3-met4,STRIPE,via,211967,116720,213567,117200,1600,via3_1600x480
VDD,met2-met3,STRIPE,via,211967,116720,213567,117200,1600,via2_1600x480
VDD,met1-met2,STRIPE,via,211967,116720,213567,117200,1600,via_1600x480
VDD,met3-met4,STRIPE,via,186099,116720,187699,117200,1600,via3_1600x480
VDD,met2-met3,STRIPE,via,186099,116720,187699,117200,1600,via2_1600x480
VDD,met1-met2,STRIPE,via,186099,116720,187699,117200,1600,via_1600x480
VDD,met3-met4,STRIPE,via,157940,116720,159540,117200,1600,via3_1600x480
VDD,met2-met3,STRIPE,via,157940,116720,159540,117200,1600,via2_1600x480
VDD,met1-met2,STRIPE,via,157940,116720,159540,117200,1600,via_1600x480
VDD,met3-met4,STRIPE,via,130857,116720,132457,117200,1600,via3_1600x480
VDD,met2-met3,STRIPE,via,130857,116720,132457,117200,1600,via2_1600x480
VDD,met1-met2,STRIPE,via,130857,116720,132457,117200,1600,via_1600x480
VDD,met3-met4,STRIPE,via,103657,116720,105257,117200,1600,via3_1600x480
VDD,met2-met3,STRIPE,via,103657,116720,105257,117200,1600,via2_1600x480
VDD,met1-met2,STRIPE,via,103657,116720,105257,117200,1600,via_1600x480
VDD,met3-met4,STRIPE,via,76544,116720,78144,117200,1600,via3_1600x480
VDD,met2-met3,STRIPE,via,76544,116720,78144,117200,1600,via2_1600x480
VDD,met1-met2,STRIPE,via,76544,116720,78144,117200,1600,via_1600x480
VDD,met3-met4,STRIPE,via,50933,116720,52533,117200,1600,via3_1600x480
VDD,met2-met3,STRIPE,via,50933,116720,52533,117200,1600,via2_1600x480
VDD,met1-met2,STRIPE,via,50933,116720,52533,117200,1600,via_1600x480
VDD,met3-met4,STRIPE,via,23239,116720,24839,117200,1600,via3_1600x480
VDD,met2-met3,STRIPE,via,23239,116720,24839,117200,1600,via2_1600x480
VDD,met1-met2,STRIPE,via,23239,116720,24839,117200,1600,via_1600x480
VDD,met3-met4,STRIPE,via,266070,111280,267670,111760,1600,via3_1600x480
VDD,met2-met3,STRIPE,via,266070,111280,267670,111760,1600,via2_1600x480
VDD,met1-met2,STRIPE,via,266070,111280,267670,111760,1600,via_1600x480
VDD,met3-met4,STRIPE,via,239867,111280,241467,111760,1600,via3_1600x480
VDD,met2-met3,STRIPE,via,239867,111280,241467,111760,1600,via2_1600x480
VDD,met1-met2,STRIPE,via,239867,111280,241467,111760,1600,via_1600x480
VDD,met3-met4,STRIPE,via,211967,111280,213567,111760,1600,via3_1600x480
VDD,met2-met3,STRIPE,via,211967,111280,213567,111760,1600,via2_1600x480
VDD,met1-met2,STRIPE,via,211967,111280,213567,111760,1600,via_1600x480
VDD,met3-met4,STRIPE,via,186099,111280,187699,111760,1600,via3_1600x480
VDD,met2-met3,STRIPE,via,186099,111280,187699,111760,1600,via2_1600x480
VDD,met1-met2,STRIPE,via,186099,111280,187699,111760,1600,via_1600x480
VDD,met3-met4,STRIPE,via,157940,111280,159540,111760,1600,via3_1600x480
VDD,met2-met3,STRIPE,via,157940,111280,159540,111760,1600,via2_1600x480
VDD,met1-met2,STRIPE,via,157940,111280,159540,111760,1600,via_1600x480
VDD,met3-met4,STRIPE,via,130857,111280,132457,111760,1600,via3_1600x480
VDD,met2-met3,STRIPE,via,130857,111280,132457,111760,1600,via2_1600x480
VDD,met1-met2,STRIPE,via,130857,111280,132457,111760,1600,via_1600x480
VDD,met3-met4,STRIPE,via,103657,111280,105257,111760,1600,via3_1600x480
VDD,met2-met3,STRIPE,via,103657,111280,105257,111760,1600,via2_1600x480
VDD,met1-met2,STRIPE,via,103657,111280,105257,111760,1600,via_1600x480
VDD,met3-met4,STRIPE,via,76544,111280,78144,111760,1600,via3_1600x480
VDD,met2-met3,STRIPE,via,76544,111280,78144,111760,1600,via2_1600x480
VDD,met1-met2,STRIPE,via,76544,111280,78144,111760,1600,via_1600x480
VDD,met3-met4,STRIPE,via,50933,111280,52533,111760,1600,via3_1600x480
VDD,met2-met3,STRIPE,via,50933,111280,52533,111760,1600,via2_1600x480
VDD,met1-met2,STRIPE,via,50933,111280,52533,111760,1600,via_1600x480
VDD,met3-met4,STRIPE,via,23239,111280,24839,111760,1600,via3_1600x480
VDD,met2-met3,STRIPE,via,23239,111280,24839,111760,1600,via2_1600x480
VDD,met1-met2,STRIPE,via,23239,111280,24839,111760,1600,via_1600x480
VDD,met3-met4,STRIPE,via,266070,105840,267670,106320,1600,via3_1600x480
VDD,met2-met3,STRIPE,via,266070,105840,267670,106320,1600,via2_1600x480
VDD,met1-met2,STRIPE,via,266070,105840,267670,106320,1600,via_1600x480
VDD,met3-met4,STRIPE,via,239867,105840,241467,106320,1600,via3_1600x480
VDD,met2-met3,STRIPE,via,239867,105840,241467,106320,1600,via2_1600x480
VDD,met1-met2,STRIPE,via,239867,105840,241467,106320,1600,via_1600x480
VDD,met3-met4,STRIPE,via,211967,105840,213567,106320,1600,via3_1600x480
VDD,met2-met3,STRIPE,via,211967,105840,213567,106320,1600,via2_1600x480
VDD,met1-met2,STRIPE,via,211967,105840,213567,106320,1600,via_1600x480
VDD,met3-met4,STRIPE,via,186099,105840,187699,106320,1600,via3_1600x480
VDD,met2-met3,STRIPE,via,186099,105840,187699,106320,1600,via2_1600x480
VDD,met1-met2,STRIPE,via,186099,105840,187699,106320,1600,via_1600x480
VDD,met3-met4,STRIPE,via,157940,105840,159540,106320,1600,via3_1600x480
VDD,met2-met3,STRIPE,via,157940,105840,159540,106320,1600,via2_1600x480
VDD,met1-met2,STRIPE,via,157940,105840,159540,106320,1600,via_1600x480
VDD,met3-met4,STRIPE,via,130857,105840,132457,106320,1600,via3_1600x480
VDD,met2-met3,STRIPE,via,130857,105840,132457,106320,1600,via2_1600x480
VDD,met1-met2,STRIPE,via,130857,105840,132457,106320,1600,via_1600x480
VDD,met3-met4,STRIPE,via,103657,105840,105257,106320,1600,via3_1600x480
VDD,met2-met3,STRIPE,via,103657,105840,105257,106320,1600,via2_1600x480
VDD,met1-met2,STRIPE,via,103657,105840,105257,106320,1600,via_1600x480
VDD,met3-met4,STRIPE,via,76544,105840,78144,106320,1600,via3_1600x480
VDD,met2-met3,STRIPE,via,76544,105840,78144,106320,1600,via2_1600x480
VDD,met1-met2,STRIPE,via,76544,105840,78144,106320,1600,via_1600x480
VDD,met3-met4,STRIPE,via,50933,105840,52533,106320,1600,via3_1600x480
VDD,met2-met3,STRIPE,via,50933,105840,52533,106320,1600,via2_1600x480
VDD,met1-met2,STRIPE,via,50933,105840,52533,106320,1600,via_1600x480
VDD,met3-met4,STRIPE,via,23239,105840,24839,106320,1600,via3_1600x480
VDD,met2-met3,STRIPE,via,23239,105840,24839,106320,1600,via2_1600x480
VDD,met1-met2,STRIPE,via,23239,105840,24839,106320,1600,via_1600x480
VDD,met3-met4,STRIPE,via,266070,100400,267670,100880,1600,via3_1600x480
VDD,met2-met3,STRIPE,via,266070,100400,267670,100880,1600,via2_1600x480
VDD,met1-met2,STRIPE,via,266070,100400,267670,100880,1600,via_1600x480
VDD,met3-met4,STRIPE,via,239867,100400,241467,100880,1600,via3_1600x480
VDD,met2-met3,STRIPE,via,239867,100400,241467,100880,1600,via2_1600x480
VDD,met1-met2,STRIPE,via,239867,100400,241467,100880,1600,via_1600x480
VDD,met3-met4,STRIPE,via,211967,100400,213567,100880,1600,via3_1600x480
VDD,met2-met3,STRIPE,via,211967,100400,213567,100880,1600,via2_1600x480
VDD,met1-met2,STRIPE,via,211967,100400,213567,100880,1600,via_1600x480
VDD,met3-met4,STRIPE,via,186099,100400,187699,100880,1600,via3_1600x480
VDD,met2-met3,STRIPE,via,186099,100400,187699,100880,1600,via2_1600x480
VDD,met1-met2,STRIPE,via,186099,100400,187699,100880,1600,via_1600x480
VDD,met3-met4,STRIPE,via,157940,100400,159540,100880,1600,via3_1600x480
VDD,met2-met3,STRIPE,via,157940,100400,159540,100880,1600,via2_1600x480
VDD,met1-met2,STRIPE,via,157940,100400,159540,100880,1600,via_1600x480
VDD,met3-met4,STRIPE,via,130857,100400,132457,100880,1600,via3_1600x480
VDD,met2-met3,STRIPE,via,130857,100400,132457,100880,1600,via2_1600x480
VDD,met1-met2,STRIPE,via,130857,100400,132457,100880,1600,via_1600x480
VDD,met3-met4,STRIPE,via,103657,100400,105257,100880,1600,via3_1600x480
VDD,met2-met3,STRIPE,via,103657,100400,105257,100880,1600,via2_1600x480
VDD,met1-met2,STRIPE,via,103657,100400,105257,100880,1600,via_1600x480
VDD,met3-met4,STRIPE,via,76544,100400,78144,100880,1600,via3_1600x480
VDD,met2-met3,STRIPE,via,76544,100400,78144,100880,1600,via2_1600x480
VDD,met1-met2,STRIPE,via,76544,100400,78144,100880,1600,via_1600x480
VDD,met3-met4,STRIPE,via,50933,100400,52533,100880,1600,via3_1600x480
VDD,met2-met3,STRIPE,via,50933,100400,52533,100880,1600,via2_1600x480
VDD,met1-met2,STRIPE,via,50933,100400,52533,100880,1600,via_1600x480
VDD,met3-met4,STRIPE,via,23239,100400,24839,100880,1600,via3_1600x480
VDD,met2-met3,STRIPE,via,23239,100400,24839,100880,1600,via2_1600x480
VDD,met1-met2,STRIPE,via,23239,100400,24839,100880,1600,via_1600x480
VDD,met3-met4,STRIPE,via,266070,94960,267670,95440,1600,via3_1600x480
VDD,met2-met3,STRIPE,via,266070,94960,267670,95440,1600,via2_1600x480
VDD,met1-met2,STRIPE,via,266070,94960,267670,95440,1600,via_1600x480
VDD,met3-met4,STRIPE,via,239867,94960,241467,95440,1600,via3_1600x480
VDD,met2-met3,STRIPE,via,239867,94960,241467,95440,1600,via2_1600x480
VDD,met1-met2,STRIPE,via,239867,94960,241467,95440,1600,via_1600x480
VDD,met3-met4,STRIPE,via,211967,94960,213567,95440,1600,via3_1600x480
VDD,met2-met3,STRIPE,via,211967,94960,213567,95440,1600,via2_1600x480
VDD,met1-met2,STRIPE,via,211967,94960,213567,95440,1600,via_1600x480
VDD,met3-met4,STRIPE,via,186099,94960,187699,95440,1600,via3_1600x480
VDD,met2-met3,STRIPE,via,186099,94960,187699,95440,1600,via2_1600x480
VDD,met1-met2,STRIPE,via,186099,94960,187699,95440,1600,via_1600x480
VDD,met3-met4,STRIPE,via,157940,94960,159540,95440,1600,via3_1600x480
VDD,met2-met3,STRIPE,via,157940,94960,159540,95440,1600,via2_1600x480
VDD,met1-met2,STRIPE,via,157940,94960,159540,95440,1600,via_1600x480
VDD,met3-met4,STRIPE,via,130857,94960,132457,95440,1600,via3_1600x480
VDD,met2-met3,STRIPE,via,130857,94960,132457,95440,1600,via2_1600x480
VDD,met1-met2,STRIPE,via,130857,94960,132457,95440,1600,via_1600x480
VDD,met3-met4,STRIPE,via,103657,94960,105257,95440,1600,via3_1600x480
VDD,met2-met3,STRIPE,via,103657,94960,105257,95440,1600,via2_1600x480
VDD,met1-met2,STRIPE,via,103657,94960,105257,95440,1600,via_1600x480
VDD,met3-met4,STRIPE,via,76544,94960,78144,95440,1600,via3_1600x480
VDD,met2-met3,STRIPE,via,76544,94960,78144,95440,1600,via2_1600x480
VDD,met1-met2,STRIPE,via,76544,94960,78144,95440,1600,via_1600x480
VDD,met3-met4,STRIPE,via,50933,94960,52533,95440,1600,via3_1600x480
VDD,met2-met3,STRIPE,via,50933,94960,52533,95440,1600,via2_1600x480
VDD,met1-met2,STRIPE,via,50933,94960,52533,95440,1600,via_1600x480
VDD,met3-met4,STRIPE,via,23239,94960,24839,95440,1600,via3_1600x480
VDD,met2-met3,STRIPE,via,23239,94960,24839,95440,1600,via2_1600x480
VDD,met1-met2,STRIPE,via,23239,94960,24839,95440,1600,via_1600x480
VDD,met3-met4,STRIPE,via,266070,89520,267670,90000,1600,via3_1600x480
VDD,met2-met3,STRIPE,via,266070,89520,267670,90000,1600,via2_1600x480
VDD,met1-met2,STRIPE,via,266070,89520,267670,90000,1600,via_1600x480
VDD,met3-met4,STRIPE,via,239867,89520,241467,90000,1600,via3_1600x480
VDD,met2-met3,STRIPE,via,239867,89520,241467,90000,1600,via2_1600x480
VDD,met1-met2,STRIPE,via,239867,89520,241467,90000,1600,via_1600x480
VDD,met3-met4,STRIPE,via,211967,89520,213567,90000,1600,via3_1600x480
VDD,met2-met3,STRIPE,via,211967,89520,213567,90000,1600,via2_1600x480
VDD,met1-met2,STRIPE,via,211967,89520,213567,90000,1600,via_1600x480
VDD,met3-met4,STRIPE,via,186099,89520,187699,90000,1600,via3_1600x480
VDD,met2-met3,STRIPE,via,186099,89520,187699,90000,1600,via2_1600x480
VDD,met1-met2,STRIPE,via,186099,89520,187699,90000,1600,via_1600x480
VDD,met3-met4,STRIPE,via,157940,89520,159540,90000,1600,via3_1600x480
VDD,met2-met3,STRIPE,via,157940,89520,159540,90000,1600,via2_1600x480
VDD,met1-met2,STRIPE,via,157940,89520,159540,90000,1600,via_1600x480
VDD,met3-met4,STRIPE,via,130857,89520,132457,90000,1600,via3_1600x480
VDD,met2-met3,STRIPE,via,130857,89520,132457,90000,1600,via2_1600x480
VDD,met1-met2,STRIPE,via,130857,89520,132457,90000,1600,via_1600x480
VDD,met3-met4,STRIPE,via,103657,89520,105257,90000,1600,via3_1600x480
VDD,met2-met3,STRIPE,via,103657,89520,105257,90000,1600,via2_1600x480
VDD,met1-met2,STRIPE,via,103657,89520,105257,90000,1600,via_1600x480
VDD,met3-met4,STRIPE,via,76544,89520,78144,90000,1600,via3_1600x480
VDD,met2-met3,STRIPE,via,76544,89520,78144,90000,1600,via2_1600x480
VDD,met1-met2,STRIPE,via,76544,89520,78144,90000,1600,via_1600x480
VDD,met3-met4,STRIPE,via,50933,89520,52533,90000,1600,via3_1600x480
VDD,met2-met3,STRIPE,via,50933,89520,52533,90000,1600,via2_1600x480
VDD,met1-met2,STRIPE,via,50933,89520,52533,90000,1600,via_1600x480
VDD,met3-met4,STRIPE,via,23239,89520,24839,90000,1600,via3_1600x480
VDD,met2-met3,STRIPE,via,23239,89520,24839,90000,1600,via2_1600x480
VDD,met1-met2,STRIPE,via,23239,89520,24839,90000,1600,via_1600x480
VDD,met3-met4,STRIPE,via,266070,84080,267670,84560,1600,via3_1600x480
VDD,met2-met3,STRIPE,via,266070,84080,267670,84560,1600,via2_1600x480
VDD,met1-met2,STRIPE,via,266070,84080,267670,84560,1600,via_1600x480
VDD,met3-met4,STRIPE,via,239867,84080,241467,84560,1600,via3_1600x480
VDD,met2-met3,STRIPE,via,239867,84080,241467,84560,1600,via2_1600x480
VDD,met1-met2,STRIPE,via,239867,84080,241467,84560,1600,via_1600x480
VDD,met3-met4,STRIPE,via,211967,84080,213567,84560,1600,via3_1600x480
VDD,met2-met3,STRIPE,via,211967,84080,213567,84560,1600,via2_1600x480
VDD,met1-met2,STRIPE,via,211967,84080,213567,84560,1600,via_1600x480
VDD,met3-met4,STRIPE,via,186099,84080,187699,84560,1600,via3_1600x480
VDD,met2-met3,STRIPE,via,186099,84080,187699,84560,1600,via2_1600x480
VDD,met1-met2,STRIPE,via,186099,84080,187699,84560,1600,via_1600x480
VDD,met3-met4,STRIPE,via,157940,84080,159540,84560,1600,via3_1600x480
VDD,met2-met3,STRIPE,via,157940,84080,159540,84560,1600,via2_1600x480
VDD,met1-met2,STRIPE,via,157940,84080,159540,84560,1600,via_1600x480
VDD,met3-met4,STRIPE,via,130857,84080,132457,84560,1600,via3_1600x480
VDD,met2-met3,STRIPE,via,130857,84080,132457,84560,1600,via2_1600x480
VDD,met1-met2,STRIPE,via,130857,84080,132457,84560,1600,via_1600x480
VDD,met3-met4,STRIPE,via,103657,84080,105257,84560,1600,via3_1600x480
VDD,met2-met3,STRIPE,via,103657,84080,105257,84560,1600,via2_1600x480
VDD,met1-met2,STRIPE,via,103657,84080,105257,84560,1600,via_1600x480
VDD,met3-met4,STRIPE,via,76544,84080,78144,84560,1600,via3_1600x480
VDD,met2-met3,STRIPE,via,76544,84080,78144,84560,1600,via2_1600x480
VDD,met1-met2,STRIPE,via,76544,84080,78144,84560,1600,via_1600x480
VDD,met3-met4,STRIPE,via,50933,84080,52533,84560,1600,via3_1600x480
VDD,met2-met3,STRIPE,via,50933,84080,52533,84560,1600,via2_1600x480
VDD,met1-met2,STRIPE,via,50933,84080,52533,84560,1600,via_1600x480
VDD,met3-met4,STRIPE,via,23239,84080,24839,84560,1600,via3_1600x480
VDD,met2-met3,STRIPE,via,23239,84080,24839,84560,1600,via2_1600x480
VDD,met1-met2,STRIPE,via,23239,84080,24839,84560,1600,via_1600x480
VDD,met3-met4,STRIPE,via,266070,78640,267670,79120,1600,via3_1600x480
VDD,met2-met3,STRIPE,via,266070,78640,267670,79120,1600,via2_1600x480
VDD,met1-met2,STRIPE,via,266070,78640,267670,79120,1600,via_1600x480
VDD,met3-met4,STRIPE,via,239867,78640,241467,79120,1600,via3_1600x480
VDD,met2-met3,STRIPE,via,239867,78640,241467,79120,1600,via2_1600x480
VDD,met1-met2,STRIPE,via,239867,78640,241467,79120,1600,via_1600x480
VDD,met3-met4,STRIPE,via,211967,78640,213567,79120,1600,via3_1600x480
VDD,met2-met3,STRIPE,via,211967,78640,213567,79120,1600,via2_1600x480
VDD,met1-met2,STRIPE,via,211967,78640,213567,79120,1600,via_1600x480
VDD,met3-met4,STRIPE,via,186099,78640,187699,79120,1600,via3_1600x480
VDD,met2-met3,STRIPE,via,186099,78640,187699,79120,1600,via2_1600x480
VDD,met1-met2,STRIPE,via,186099,78640,187699,79120,1600,via_1600x480
VDD,met3-met4,STRIPE,via,157940,78640,159540,79120,1600,via3_1600x480
VDD,met2-met3,STRIPE,via,157940,78640,159540,79120,1600,via2_1600x480
VDD,met1-met2,STRIPE,via,157940,78640,159540,79120,1600,via_1600x480
VDD,met3-met4,STRIPE,via,130857,78640,132457,79120,1600,via3_1600x480
VDD,met2-met3,STRIPE,via,130857,78640,132457,79120,1600,via2_1600x480
VDD,met1-met2,STRIPE,via,130857,78640,132457,79120,1600,via_1600x480
VDD,met3-met4,STRIPE,via,103657,78640,105257,79120,1600,via3_1600x480
VDD,met2-met3,STRIPE,via,103657,78640,105257,79120,1600,via2_1600x480
VDD,met1-met2,STRIPE,via,103657,78640,105257,79120,1600,via_1600x480
VDD,met3-met4,STRIPE,via,76544,78640,78144,79120,1600,via3_1600x480
VDD,met2-met3,STRIPE,via,76544,78640,78144,79120,1600,via2_1600x480
VDD,met1-met2,STRIPE,via,76544,78640,78144,79120,1600,via_1600x480
VDD,met3-met4,STRIPE,via,50933,78640,52533,79120,1600,via3_1600x480
VDD,met2-met3,STRIPE,via,50933,78640,52533,79120,1600,via2_1600x480
VDD,met1-met2,STRIPE,via,50933,78640,52533,79120,1600,via_1600x480
VDD,met3-met4,STRIPE,via,23239,78640,24839,79120,1600,via3_1600x480
VDD,met2-met3,STRIPE,via,23239,78640,24839,79120,1600,via2_1600x480
VDD,met1-met2,STRIPE,via,23239,78640,24839,79120,1600,via_1600x480
VDD,met3-met4,STRIPE,via,266070,73200,267670,73680,1600,via3_1600x480
VDD,met2-met3,STRIPE,via,266070,73200,267670,73680,1600,via2_1600x480
VDD,met1-met2,STRIPE,via,266070,73200,267670,73680,1600,via_1600x480
VDD,met3-met4,STRIPE,via,239867,73200,241467,73680,1600,via3_1600x480
VDD,met2-met3,STRIPE,via,239867,73200,241467,73680,1600,via2_1600x480
VDD,met1-met2,STRIPE,via,239867,73200,241467,73680,1600,via_1600x480
VDD,met3-met4,STRIPE,via,211967,73200,213567,73680,1600,via3_1600x480
VDD,met2-met3,STRIPE,via,211967,73200,213567,73680,1600,via2_1600x480
VDD,met1-met2,STRIPE,via,211967,73200,213567,73680,1600,via_1600x480
VDD,met3-met4,STRIPE,via,186099,73200,187699,73680,1600,via3_1600x480
VDD,met2-met3,STRIPE,via,186099,73200,187699,73680,1600,via2_1600x480
VDD,met1-met2,STRIPE,via,186099,73200,187699,73680,1600,via_1600x480
VDD,met3-met4,STRIPE,via,157940,73200,159540,73680,1600,via3_1600x480
VDD,met2-met3,STRIPE,via,157940,73200,159540,73680,1600,via2_1600x480
VDD,met1-met2,STRIPE,via,157940,73200,159540,73680,1600,via_1600x480
VDD,met3-met4,STRIPE,via,130857,73200,132457,73680,1600,via3_1600x480
VDD,met2-met3,STRIPE,via,130857,73200,132457,73680,1600,via2_1600x480
VDD,met1-met2,STRIPE,via,130857,73200,132457,73680,1600,via_1600x480
VDD,met3-met4,STRIPE,via,103657,73200,105257,73680,1600,via3_1600x480
VDD,met2-met3,STRIPE,via,103657,73200,105257,73680,1600,via2_1600x480
VDD,met1-met2,STRIPE,via,103657,73200,105257,73680,1600,via_1600x480
VDD,met3-met4,STRIPE,via,76544,73200,78144,73680,1600,via3_1600x480
VDD,met2-met3,STRIPE,via,76544,73200,78144,73680,1600,via2_1600x480
VDD,met1-met2,STRIPE,via,76544,73200,78144,73680,1600,via_1600x480
VDD,met3-met4,STRIPE,via,50933,73200,52533,73680,1600,via3_1600x480
VDD,met2-met3,STRIPE,via,50933,73200,52533,73680,1600,via2_1600x480
VDD,met1-met2,STRIPE,via,50933,73200,52533,73680,1600,via_1600x480
VDD,met3-met4,STRIPE,via,23239,73200,24839,73680,1600,via3_1600x480
VDD,met2-met3,STRIPE,via,23239,73200,24839,73680,1600,via2_1600x480
VDD,met1-met2,STRIPE,via,23239,73200,24839,73680,1600,via_1600x480
VDD,met3-met4,STRIPE,via,266070,67760,267670,68240,1600,via3_1600x480
VDD,met2-met3,STRIPE,via,266070,67760,267670,68240,1600,via2_1600x480
VDD,met1-met2,STRIPE,via,266070,67760,267670,68240,1600,via_1600x480
VDD,met3-met4,STRIPE,via,239867,67760,241467,68240,1600,via3_1600x480
VDD,met2-met3,STRIPE,via,239867,67760,241467,68240,1600,via2_1600x480
VDD,met1-met2,STRIPE,via,239867,67760,241467,68240,1600,via_1600x480
VDD,met3-met4,STRIPE,via,211967,67760,213567,68240,1600,via3_1600x480
VDD,met2-met3,STRIPE,via,211967,67760,213567,68240,1600,via2_1600x480
VDD,met1-met2,STRIPE,via,211967,67760,213567,68240,1600,via_1600x480
VDD,met3-met4,STRIPE,via,186099,67760,187699,68240,1600,via3_1600x480
VDD,met2-met3,STRIPE,via,186099,67760,187699,68240,1600,via2_1600x480
VDD,met1-met2,STRIPE,via,186099,67760,187699,68240,1600,via_1600x480
VDD,met3-met4,STRIPE,via,157940,67760,159540,68240,1600,via3_1600x480
VDD,met2-met3,STRIPE,via,157940,67760,159540,68240,1600,via2_1600x480
VDD,met1-met2,STRIPE,via,157940,67760,159540,68240,1600,via_1600x480
VDD,met3-met4,STRIPE,via,130857,67760,132457,68240,1600,via3_1600x480
VDD,met2-met3,STRIPE,via,130857,67760,132457,68240,1600,via2_1600x480
VDD,met1-met2,STRIPE,via,130857,67760,132457,68240,1600,via_1600x480
VDD,met3-met4,STRIPE,via,103657,67760,105257,68240,1600,via3_1600x480
VDD,met2-met3,STRIPE,via,103657,67760,105257,68240,1600,via2_1600x480
VDD,met1-met2,STRIPE,via,103657,67760,105257,68240,1600,via_1600x480
VDD,met3-met4,STRIPE,via,76544,67760,78144,68240,1600,via3_1600x480
VDD,met2-met3,STRIPE,via,76544,67760,78144,68240,1600,via2_1600x480
VDD,met1-met2,STRIPE,via,76544,67760,78144,68240,1600,via_1600x480
VDD,met3-met4,STRIPE,via,50933,67760,52533,68240,1600,via3_1600x480
VDD,met2-met3,STRIPE,via,50933,67760,52533,68240,1600,via2_1600x480
VDD,met1-met2,STRIPE,via,50933,67760,52533,68240,1600,via_1600x480
VDD,met3-met4,STRIPE,via,23239,67760,24839,68240,1600,via3_1600x480
VDD,met2-met3,STRIPE,via,23239,67760,24839,68240,1600,via2_1600x480
VDD,met1-met2,STRIPE,via,23239,67760,24839,68240,1600,via_1600x480
VDD,met3-met4,STRIPE,via,266070,62320,267670,62800,1600,via3_1600x480
VDD,met2-met3,STRIPE,via,266070,62320,267670,62800,1600,via2_1600x480
VDD,met1-met2,STRIPE,via,266070,62320,267670,62800,1600,via_1600x480
VDD,met3-met4,STRIPE,via,239867,62320,241467,62800,1600,via3_1600x480
VDD,met2-met3,STRIPE,via,239867,62320,241467,62800,1600,via2_1600x480
VDD,met1-met2,STRIPE,via,239867,62320,241467,62800,1600,via_1600x480
VDD,met3-met4,STRIPE,via,211967,62320,213567,62800,1600,via3_1600x480
VDD,met2-met3,STRIPE,via,211967,62320,213567,62800,1600,via2_1600x480
VDD,met1-met2,STRIPE,via,211967,62320,213567,62800,1600,via_1600x480
VDD,met3-met4,STRIPE,via,186099,62320,187699,62800,1600,via3_1600x480
VDD,met2-met3,STRIPE,via,186099,62320,187699,62800,1600,via2_1600x480
VDD,met1-met2,STRIPE,via,186099,62320,187699,62800,1600,via_1600x480
VDD,met3-met4,STRIPE,via,157940,62320,159540,62800,1600,via3_1600x480
VDD,met2-met3,STRIPE,via,157940,62320,159540,62800,1600,via2_1600x480
VDD,met1-met2,STRIPE,via,157940,62320,159540,62800,1600,via_1600x480
VDD,met3-met4,STRIPE,via,130857,62320,132457,62800,1600,via3_1600x480
VDD,met2-met3,STRIPE,via,130857,62320,132457,62800,1600,via2_1600x480
VDD,met1-met2,STRIPE,via,130857,62320,132457,62800,1600,via_1600x480
VDD,met3-met4,STRIPE,via,103657,62320,105257,62800,1600,via3_1600x480
VDD,met2-met3,STRIPE,via,103657,62320,105257,62800,1600,via2_1600x480
VDD,met1-met2,STRIPE,via,103657,62320,105257,62800,1600,via_1600x480
VDD,met3-met4,STRIPE,via,76544,62320,78144,62800,1600,via3_1600x480
VDD,met2-met3,STRIPE,via,76544,62320,78144,62800,1600,via2_1600x480
VDD,met1-met2,STRIPE,via,76544,62320,78144,62800,1600,via_1600x480
VDD,met3-met4,STRIPE,via,50933,62320,52533,62800,1600,via3_1600x480
VDD,met2-met3,STRIPE,via,50933,62320,52533,62800,1600,via2_1600x480
VDD,met1-met2,STRIPE,via,50933,62320,52533,62800,1600,via_1600x480
VDD,met3-met4,STRIPE,via,23239,62320,24839,62800,1600,via3_1600x480
VDD,met2-met3,STRIPE,via,23239,62320,24839,62800,1600,via2_1600x480
VDD,met1-met2,STRIPE,via,23239,62320,24839,62800,1600,via_1600x480
VDD,met3-met4,STRIPE,via,266070,56880,267670,57360,1600,via3_1600x480
VDD,met2-met3,STRIPE,via,266070,56880,267670,57360,1600,via2_1600x480
VDD,met1-met2,STRIPE,via,266070,56880,267670,57360,1600,via_1600x480
VDD,met3-met4,STRIPE,via,239867,56880,241467,57360,1600,via3_1600x480
VDD,met2-met3,STRIPE,via,239867,56880,241467,57360,1600,via2_1600x480
VDD,met1-met2,STRIPE,via,239867,56880,241467,57360,1600,via_1600x480
VDD,met3-met4,STRIPE,via,211967,56880,213567,57360,1600,via3_1600x480
VDD,met2-met3,STRIPE,via,211967,56880,213567,57360,1600,via2_1600x480
VDD,met1-met2,STRIPE,via,211967,56880,213567,57360,1600,via_1600x480
VDD,met3-met4,STRIPE,via,186099,56880,187699,57360,1600,via3_1600x480
VDD,met2-met3,STRIPE,via,186099,56880,187699,57360,1600,via2_1600x480
VDD,met1-met2,STRIPE,via,186099,56880,187699,57360,1600,via_1600x480
VDD,met3-met4,STRIPE,via,157940,56880,159540,57360,1600,via3_1600x480
VDD,met2-met3,STRIPE,via,157940,56880,159540,57360,1600,via2_1600x480
VDD,met1-met2,STRIPE,via,157940,56880,159540,57360,1600,via_1600x480
VDD,met3-met4,STRIPE,via,130857,56880,132457,57360,1600,via3_1600x480
VDD,met2-met3,STRIPE,via,130857,56880,132457,57360,1600,via2_1600x480
VDD,met1-met2,STRIPE,via,130857,56880,132457,57360,1600,via_1600x480
VDD,met3-met4,STRIPE,via,103657,56880,105257,57360,1600,via3_1600x480
VDD,met2-met3,STRIPE,via,103657,56880,105257,57360,1600,via2_1600x480
VDD,met1-met2,STRIPE,via,103657,56880,105257,57360,1600,via_1600x480
VDD,met3-met4,STRIPE,via,76544,56880,78144,57360,1600,via3_1600x480
VDD,met2-met3,STRIPE,via,76544,56880,78144,57360,1600,via2_1600x480
VDD,met1-met2,STRIPE,via,76544,56880,78144,57360,1600,via_1600x480
VDD,met3-met4,STRIPE,via,50933,56880,52533,57360,1600,via3_1600x480
VDD,met2-met3,STRIPE,via,50933,56880,52533,57360,1600,via2_1600x480
VDD,met1-met2,STRIPE,via,50933,56880,52533,57360,1600,via_1600x480
VDD,met3-met4,STRIPE,via,23239,56880,24839,57360,1600,via3_1600x480
VDD,met2-met3,STRIPE,via,23239,56880,24839,57360,1600,via2_1600x480
VDD,met1-met2,STRIPE,via,23239,56880,24839,57360,1600,via_1600x480
VDD,met3-met4,STRIPE,via,266070,51440,267670,51920,1600,via3_1600x480
VDD,met2-met3,STRIPE,via,266070,51440,267670,51920,1600,via2_1600x480
VDD,met1-met2,STRIPE,via,266070,51440,267670,51920,1600,via_1600x480
VDD,met3-met4,STRIPE,via,239867,51440,241467,51920,1600,via3_1600x480
VDD,met2-met3,STRIPE,via,239867,51440,241467,51920,1600,via2_1600x480
VDD,met1-met2,STRIPE,via,239867,51440,241467,51920,1600,via_1600x480
VDD,met3-met4,STRIPE,via,211967,51440,213567,51920,1600,via3_1600x480
VDD,met2-met3,STRIPE,via,211967,51440,213567,51920,1600,via2_1600x480
VDD,met1-met2,STRIPE,via,211967,51440,213567,51920,1600,via_1600x480
VDD,met3-met4,STRIPE,via,186099,51440,187699,51920,1600,via3_1600x480
VDD,met2-met3,STRIPE,via,186099,51440,187699,51920,1600,via2_1600x480
VDD,met1-met2,STRIPE,via,186099,51440,187699,51920,1600,via_1600x480
VDD,met3-met4,STRIPE,via,157940,51440,159540,51920,1600,via3_1600x480
VDD,met2-met3,STRIPE,via,157940,51440,159540,51920,1600,via2_1600x480
VDD,met1-met2,STRIPE,via,157940,51440,159540,51920,1600,via_1600x480
VDD,met3-met4,STRIPE,via,130857,51440,132457,51920,1600,via3_1600x480
VDD,met2-met3,STRIPE,via,130857,51440,132457,51920,1600,via2_1600x480
VDD,met1-met2,STRIPE,via,130857,51440,132457,51920,1600,via_1600x480
VDD,met3-met4,STRIPE,via,103657,51440,105257,51920,1600,via3_1600x480
VDD,met2-met3,STRIPE,via,103657,51440,105257,51920,1600,via2_1600x480
VDD,met1-met2,STRIPE,via,103657,51440,105257,51920,1600,via_1600x480
VDD,met3-met4,STRIPE,via,76544,51440,78144,51920,1600,via3_1600x480
VDD,met2-met3,STRIPE,via,76544,51440,78144,51920,1600,via2_1600x480
VDD,met1-met2,STRIPE,via,76544,51440,78144,51920,1600,via_1600x480
VDD,met3-met4,STRIPE,via,50933,51440,52533,51920,1600,via3_1600x480
VDD,met2-met3,STRIPE,via,50933,51440,52533,51920,1600,via2_1600x480
VDD,met1-met2,STRIPE,via,50933,51440,52533,51920,1600,via_1600x480
VDD,met3-met4,STRIPE,via,23239,51440,24839,51920,1600,via3_1600x480
VDD,met2-met3,STRIPE,via,23239,51440,24839,51920,1600,via2_1600x480
VDD,met1-met2,STRIPE,via,23239,51440,24839,51920,1600,via_1600x480
VDD,met3-met4,STRIPE,via,266070,46000,267670,46480,1600,via3_1600x480
VDD,met2-met3,STRIPE,via,266070,46000,267670,46480,1600,via2_1600x480
VDD,met1-met2,STRIPE,via,266070,46000,267670,46480,1600,via_1600x480
VDD,met3-met4,STRIPE,via,239867,46000,241467,46480,1600,via3_1600x480
VDD,met2-met3,STRIPE,via,239867,46000,241467,46480,1600,via2_1600x480
VDD,met1-met2,STRIPE,via,239867,46000,241467,46480,1600,via_1600x480
VDD,met3-met4,STRIPE,via,211967,46000,213567,46480,1600,via3_1600x480
VDD,met2-met3,STRIPE,via,211967,46000,213567,46480,1600,via2_1600x480
VDD,met1-met2,STRIPE,via,211967,46000,213567,46480,1600,via_1600x480
VDD,met3-met4,STRIPE,via,186099,46000,187699,46480,1600,via3_1600x480
VDD,met2-met3,STRIPE,via,186099,46000,187699,46480,1600,via2_1600x480
VDD,met1-met2,STRIPE,via,186099,46000,187699,46480,1600,via_1600x480
VDD,met3-met4,STRIPE,via,157940,46000,159540,46480,1600,via3_1600x480
VDD,met2-met3,STRIPE,via,157940,46000,159540,46480,1600,via2_1600x480
VDD,met1-met2,STRIPE,via,157940,46000,159540,46480,1600,via_1600x480
VDD,met3-met4,STRIPE,via,130857,46000,132457,46480,1600,via3_1600x480
VDD,met2-met3,STRIPE,via,130857,46000,132457,46480,1600,via2_1600x480
VDD,met1-met2,STRIPE,via,130857,46000,132457,46480,1600,via_1600x480
VDD,met3-met4,STRIPE,via,103657,46000,105257,46480,1600,via3_1600x480
VDD,met2-met3,STRIPE,via,103657,46000,105257,46480,1600,via2_1600x480
VDD,met1-met2,STRIPE,via,103657,46000,105257,46480,1600,via_1600x480
VDD,met3-met4,STRIPE,via,76544,46000,78144,46480,1600,via3_1600x480
VDD,met2-met3,STRIPE,via,76544,46000,78144,46480,1600,via2_1600x480
VDD,met1-met2,STRIPE,via,76544,46000,78144,46480,1600,via_1600x480
VDD,met3-met4,STRIPE,via,50933,46000,52533,46480,1600,via3_1600x480
VDD,met2-met3,STRIPE,via,50933,46000,52533,46480,1600,via2_1600x480
VDD,met1-met2,STRIPE,via,50933,46000,52533,46480,1600,via_1600x480
VDD,met3-met4,STRIPE,via,23239,46000,24839,46480,1600,via3_1600x480
VDD,met2-met3,STRIPE,via,23239,46000,24839,46480,1600,via2_1600x480
VDD,met1-met2,STRIPE,via,23239,46000,24839,46480,1600,via_1600x480
VDD,met3-met4,STRIPE,via,266070,40560,267670,41040,1600,via3_1600x480
VDD,met2-met3,STRIPE,via,266070,40560,267670,41040,1600,via2_1600x480
VDD,met1-met2,STRIPE,via,266070,40560,267670,41040,1600,via_1600x480
VDD,met3-met4,STRIPE,via,239867,40560,241467,41040,1600,via3_1600x480
VDD,met2-met3,STRIPE,via,239867,40560,241467,41040,1600,via2_1600x480
VDD,met1-met2,STRIPE,via,239867,40560,241467,41040,1600,via_1600x480
VDD,met3-met4,STRIPE,via,211967,40560,213567,41040,1600,via3_1600x480
VDD,met2-met3,STRIPE,via,211967,40560,213567,41040,1600,via2_1600x480
VDD,met1-met2,STRIPE,via,211967,40560,213567,41040,1600,via_1600x480
VDD,met3-met4,STRIPE,via,186099,40560,187699,41040,1600,via3_1600x480
VDD,met2-met3,STRIPE,via,186099,40560,187699,41040,1600,via2_1600x480
VDD,met1-met2,STRIPE,via,186099,40560,187699,41040,1600,via_1600x480
VDD,met3-met4,STRIPE,via,157940,40560,159540,41040,1600,via3_1600x480
VDD,met2-met3,STRIPE,via,157940,40560,159540,41040,1600,via2_1600x480
VDD,met1-met2,STRIPE,via,157940,40560,159540,41040,1600,via_1600x480
VDD,met3-met4,STRIPE,via,130857,40560,132457,41040,1600,via3_1600x480
VDD,met2-met3,STRIPE,via,130857,40560,132457,41040,1600,via2_1600x480
VDD,met1-met2,STRIPE,via,130857,40560,132457,41040,1600,via_1600x480
VDD,met3-met4,STRIPE,via,103657,40560,105257,41040,1600,via3_1600x480
VDD,met2-met3,STRIPE,via,103657,40560,105257,41040,1600,via2_1600x480
VDD,met1-met2,STRIPE,via,103657,40560,105257,41040,1600,via_1600x480
VDD,met3-met4,STRIPE,via,76544,40560,78144,41040,1600,via3_1600x480
VDD,met2-met3,STRIPE,via,76544,40560,78144,41040,1600,via2_1600x480
VDD,met1-met2,STRIPE,via,76544,40560,78144,41040,1600,via_1600x480
VDD,met3-met4,STRIPE,via,50933,40560,52533,41040,1600,via3_1600x480
VDD,met2-met3,STRIPE,via,50933,40560,52533,41040,1600,via2_1600x480
VDD,met1-met2,STRIPE,via,50933,40560,52533,41040,1600,via_1600x480
VDD,met3-met4,STRIPE,via,23239,40560,24839,41040,1600,via3_1600x480
VDD,met2-met3,STRIPE,via,23239,40560,24839,41040,1600,via2_1600x480
VDD,met1-met2,STRIPE,via,23239,40560,24839,41040,1600,via_1600x480
VDD,met3-met4,STRIPE,via,266070,35120,267670,35600,1600,via3_1600x480
VDD,met2-met3,STRIPE,via,266070,35120,267670,35600,1600,via2_1600x480
VDD,met1-met2,STRIPE,via,266070,35120,267670,35600,1600,via_1600x480
VDD,met3-met4,STRIPE,via,239867,35120,241467,35600,1600,via3_1600x480
VDD,met2-met3,STRIPE,via,239867,35120,241467,35600,1600,via2_1600x480
VDD,met1-met2,STRIPE,via,239867,35120,241467,35600,1600,via_1600x480
VDD,met3-met4,STRIPE,via,211967,35120,213567,35600,1600,via3_1600x480
VDD,met2-met3,STRIPE,via,211967,35120,213567,35600,1600,via2_1600x480
VDD,met1-met2,STRIPE,via,211967,35120,213567,35600,1600,via_1600x480
VDD,met3-met4,STRIPE,via,186099,35120,187699,35600,1600,via3_1600x480
VDD,met2-met3,STRIPE,via,186099,35120,187699,35600,1600,via2_1600x480
VDD,met1-met2,STRIPE,via,186099,35120,187699,35600,1600,via_1600x480
VDD,met3-met4,STRIPE,via,157940,35120,159540,35600,1600,via3_1600x480
VDD,met2-met3,STRIPE,via,157940,35120,159540,35600,1600,via2_1600x480
VDD,met1-met2,STRIPE,via,157940,35120,159540,35600,1600,via_1600x480
VDD,met3-met4,STRIPE,via,130857,35120,132457,35600,1600,via3_1600x480
VDD,met2-met3,STRIPE,via,130857,35120,132457,35600,1600,via2_1600x480
VDD,met1-met2,STRIPE,via,130857,35120,132457,35600,1600,via_1600x480
VDD,met3-met4,STRIPE,via,103657,35120,105257,35600,1600,via3_1600x480
VDD,met2-met3,STRIPE,via,103657,35120,105257,35600,1600,via2_1600x480
VDD,met1-met2,STRIPE,via,103657,35120,105257,35600,1600,via_1600x480
VDD,met3-met4,STRIPE,via,76544,35120,78144,35600,1600,via3_1600x480
VDD,met2-met3,STRIPE,via,76544,35120,78144,35600,1600,via2_1600x480
VDD,met1-met2,STRIPE,via,76544,35120,78144,35600,1600,via_1600x480
VDD,met3-met4,STRIPE,via,50933,35120,52533,35600,1600,via3_1600x480
VDD,met2-met3,STRIPE,via,50933,35120,52533,35600,1600,via2_1600x480
VDD,met1-met2,STRIPE,via,50933,35120,52533,35600,1600,via_1600x480
VDD,met3-met4,STRIPE,via,23239,35120,24839,35600,1600,via3_1600x480
VDD,met2-met3,STRIPE,via,23239,35120,24839,35600,1600,via2_1600x480
VDD,met1-met2,STRIPE,via,23239,35120,24839,35600,1600,via_1600x480
VDD,met3-met4,STRIPE,via,266070,29680,267670,30160,1600,via3_1600x480
VDD,met2-met3,STRIPE,via,266070,29680,267670,30160,1600,via2_1600x480
VDD,met1-met2,STRIPE,via,266070,29680,267670,30160,1600,via_1600x480
VDD,met3-met4,STRIPE,via,239867,29680,241467,30160,1600,via3_1600x480
VDD,met2-met3,STRIPE,via,239867,29680,241467,30160,1600,via2_1600x480
VDD,met1-met2,STRIPE,via,239867,29680,241467,30160,1600,via_1600x480
VDD,met3-met4,STRIPE,via,211967,29680,213567,30160,1600,via3_1600x480
VDD,met2-met3,STRIPE,via,211967,29680,213567,30160,1600,via2_1600x480
VDD,met1-met2,STRIPE,via,211967,29680,213567,30160,1600,via_1600x480
VDD,met3-met4,STRIPE,via,186099,29680,187699,30160,1600,via3_1600x480
VDD,met2-met3,STRIPE,via,186099,29680,187699,30160,1600,via2_1600x480
VDD,met1-met2,STRIPE,via,186099,29680,187699,30160,1600,via_1600x480
VDD,met3-met4,STRIPE,via,157940,29680,159540,30160,1600,via3_1600x480
VDD,met2-met3,STRIPE,via,157940,29680,159540,30160,1600,via2_1600x480
VDD,met1-met2,STRIPE,via,157940,29680,159540,30160,1600,via_1600x480
VDD,met3-met4,STRIPE,via,130857,29680,132457,30160,1600,via3_1600x480
VDD,met2-met3,STRIPE,via,130857,29680,132457,30160,1600,via2_1600x480
VDD,met1-met2,STRIPE,via,130857,29680,132457,30160,1600,via_1600x480
VDD,met3-met4,STRIPE,via,103657,29680,105257,30160,1600,via3_1600x480
VDD,met2-met3,STRIPE,via,103657,29680,105257,30160,1600,via2_1600x480
VDD,met1-met2,STRIPE,via,103657,29680,105257,30160,1600,via_1600x480
VDD,met3-met4,STRIPE,via,76544,29680,78144,30160,1600,via3_1600x480
VDD,met2-met3,STRIPE,via,76544,29680,78144,30160,1600,via2_1600x480
VDD,met1-met2,STRIPE,via,76544,29680,78144,30160,1600,via_1600x480
VDD,met3-met4,STRIPE,via,50933,29680,52533,30160,1600,via3_1600x480
VDD,met2-met3,STRIPE,via,50933,29680,52533,30160,1600,via2_1600x480
VDD,met1-met2,STRIPE,via,50933,29680,52533,30160,1600,via_1600x480
VDD,met3-met4,STRIPE,via,23239,29680,24839,30160,1600,via3_1600x480
VDD,met2-met3,STRIPE,via,23239,29680,24839,30160,1600,via2_1600x480
VDD,met1-met2,STRIPE,via,23239,29680,24839,30160,1600,via_1600x480
VDD,met3-met4,STRIPE,via,266070,24240,267670,24720,1600,via3_1600x480
VDD,met2-met3,STRIPE,via,266070,24240,267670,24720,1600,via2_1600x480
VDD,met1-met2,STRIPE,via,266070,24240,267670,24720,1600,via_1600x480
VDD,met3-met4,STRIPE,via,239867,24240,241467,24720,1600,via3_1600x480
VDD,met2-met3,STRIPE,via,239867,24240,241467,24720,1600,via2_1600x480
VDD,met1-met2,STRIPE,via,239867,24240,241467,24720,1600,via_1600x480
VDD,met3-met4,STRIPE,via,211967,24240,213567,24720,1600,via3_1600x480
VDD,met2-met3,STRIPE,via,211967,24240,213567,24720,1600,via2_1600x480
VDD,met1-met2,STRIPE,via,211967,24240,213567,24720,1600,via_1600x480
VDD,met3-met4,STRIPE,via,186099,24240,187699,24720,1600,via3_1600x480
VDD,met2-met3,STRIPE,via,186099,24240,187699,24720,1600,via2_1600x480
VDD,met1-met2,STRIPE,via,186099,24240,187699,24720,1600,via_1600x480
VDD,met3-met4,STRIPE,via,157940,24240,159540,24720,1600,via3_1600x480
VDD,met2-met3,STRIPE,via,157940,24240,159540,24720,1600,via2_1600x480
VDD,met1-met2,STRIPE,via,157940,24240,159540,24720,1600,via_1600x480
VDD,met3-met4,STRIPE,via,130857,24240,132457,24720,1600,via3_1600x480
VDD,met2-met3,STRIPE,via,130857,24240,132457,24720,1600,via2_1600x480
VDD,met1-met2,STRIPE,via,130857,24240,132457,24720,1600,via_1600x480
VDD,met3-met4,STRIPE,via,103657,24240,105257,24720,1600,via3_1600x480
VDD,met2-met3,STRIPE,via,103657,24240,105257,24720,1600,via2_1600x480
VDD,met1-met2,STRIPE,via,103657,24240,105257,24720,1600,via_1600x480
VDD,met3-met4,STRIPE,via,76544,24240,78144,24720,1600,via3_1600x480
VDD,met2-met3,STRIPE,via,76544,24240,78144,24720,1600,via2_1600x480
VDD,met1-met2,STRIPE,via,76544,24240,78144,24720,1600,via_1600x480
VDD,met3-met4,STRIPE,via,50933,24240,52533,24720,1600,via3_1600x480
VDD,met2-met3,STRIPE,via,50933,24240,52533,24720,1600,via2_1600x480
VDD,met1-met2,STRIPE,via,50933,24240,52533,24720,1600,via_1600x480
VDD,met3-met4,STRIPE,via,23239,24240,24839,24720,1600,via3_1600x480
VDD,met2-met3,STRIPE,via,23239,24240,24839,24720,1600,via2_1600x480
VDD,met1-met2,STRIPE,via,23239,24240,24839,24720,1600,via_1600x480
VDD,met3-met4,STRIPE,via,266070,18800,267670,19280,1600,via3_1600x480
VDD,met2-met3,STRIPE,via,266070,18800,267670,19280,1600,via2_1600x480
VDD,met1-met2,STRIPE,via,266070,18800,267670,19280,1600,via_1600x480
VDD,met3-met4,STRIPE,via,239867,18800,241467,19280,1600,via3_1600x480
VDD,met2-met3,STRIPE,via,239867,18800,241467,19280,1600,via2_1600x480
VDD,met1-met2,STRIPE,via,239867,18800,241467,19280,1600,via_1600x480
VDD,met3-met4,STRIPE,via,211967,18800,213567,19280,1600,via3_1600x480
VDD,met2-met3,STRIPE,via,211967,18800,213567,19280,1600,via2_1600x480
VDD,met1-met2,STRIPE,via,211967,18800,213567,19280,1600,via_1600x480
VDD,met3-met4,STRIPE,via,186099,18800,187699,19280,1600,via3_1600x480
VDD,met2-met3,STRIPE,via,186099,18800,187699,19280,1600,via2_1600x480
VDD,met1-met2,STRIPE,via,186099,18800,187699,19280,1600,via_1600x480
VDD,met3-met4,STRIPE,via,157940,18800,159540,19280,1600,via3_1600x480
VDD,met2-met3,STRIPE,via,157940,18800,159540,19280,1600,via2_1600x480
VDD,met1-met2,STRIPE,via,157940,18800,159540,19280,1600,via_1600x480
VDD,met3-met4,STRIPE,via,130857,18800,132457,19280,1600,via3_1600x480
VDD,met2-met3,STRIPE,via,130857,18800,132457,19280,1600,via2_1600x480
VDD,met1-met2,STRIPE,via,130857,18800,132457,19280,1600,via_1600x480
VDD,met3-met4,STRIPE,via,103657,18800,105257,19280,1600,via3_1600x480
VDD,met2-met3,STRIPE,via,103657,18800,105257,19280,1600,via2_1600x480
VDD,met1-met2,STRIPE,via,103657,18800,105257,19280,1600,via_1600x480
VDD,met3-met4,STRIPE,via,76544,18800,78144,19280,1600,via3_1600x480
VDD,met2-met3,STRIPE,via,76544,18800,78144,19280,1600,via2_1600x480
VDD,met1-met2,STRIPE,via,76544,18800,78144,19280,1600,via_1600x480
VDD,met3-met4,STRIPE,via,50933,18800,52533,19280,1600,via3_1600x480
VDD,met2-met3,STRIPE,via,50933,18800,52533,19280,1600,via2_1600x480
VDD,met1-met2,STRIPE,via,50933,18800,52533,19280,1600,via_1600x480
VDD,met3-met4,STRIPE,via,23239,18800,24839,19280,1600,via3_1600x480
VDD,met2-met3,STRIPE,via,23239,18800,24839,19280,1600,via2_1600x480
VDD,met1-met2,STRIPE,via,23239,18800,24839,19280,1600,via_1600x480
VDD,met3-met4,STRIPE,via,266070,13360,267670,13840,1600,via3_1600x480
VDD,met2-met3,STRIPE,via,266070,13360,267670,13840,1600,via2_1600x480
VDD,met1-met2,STRIPE,via,266070,13360,267670,13840,1600,via_1600x480
VDD,met3-met4,STRIPE,via,239867,13360,241467,13840,1600,via3_1600x480
VDD,met2-met3,STRIPE,via,239867,13360,241467,13840,1600,via2_1600x480
VDD,met1-met2,STRIPE,via,239867,13360,241467,13840,1600,via_1600x480
VDD,met3-met4,STRIPE,via,211967,13360,213567,13840,1600,via3_1600x480
VDD,met2-met3,STRIPE,via,211967,13360,213567,13840,1600,via2_1600x480
VDD,met1-met2,STRIPE,via,211967,13360,213567,13840,1600,via_1600x480
VDD,met3-met4,STRIPE,via,186099,13360,187699,13840,1600,via3_1600x480
VDD,met2-met3,STRIPE,via,186099,13360,187699,13840,1600,via2_1600x480
VDD,met1-met2,STRIPE,via,186099,13360,187699,13840,1600,via_1600x480
VDD,met3-met4,STRIPE,via,157940,13360,159540,13840,1600,via3_1600x480
VDD,met2-met3,STRIPE,via,157940,13360,159540,13840,1600,via2_1600x480
VDD,met1-met2,STRIPE,via,157940,13360,159540,13840,1600,via_1600x480
VDD,met3-met4,STRIPE,via,130857,13360,132457,13840,1600,via3_1600x480
VDD,met2-met3,STRIPE,via,130857,13360,132457,13840,1600,via2_1600x480
VDD,met1-met2,STRIPE,via,130857,13360,132457,13840,1600,via_1600x480
VDD,met3-met4,STRIPE,via,103657,13360,105257,13840,1600,via3_1600x480
VDD,met2-met3,STRIPE,via,103657,13360,105257,13840,1600,via2_1600x480
VDD,met1-met2,STRIPE,via,103657,13360,105257,13840,1600,via_1600x480
VDD,met3-met4,STRIPE,via,76544,13360,78144,13840,1600,via3_1600x480
VDD,met2-met3,STRIPE,via,76544,13360,78144,13840,1600,via2_1600x480
VDD,met1-met2,STRIPE,via,76544,13360,78144,13840,1600,via_1600x480
VDD,met3-met4,STRIPE,via,50933,13360,52533,13840,1600,via3_1600x480
VDD,met2-met3,STRIPE,via,50933,13360,52533,13840,1600,via2_1600x480
VDD,met1-met2,STRIPE,via,50933,13360,52533,13840,1600,via_1600x480
VDD,met3-met4,STRIPE,via,23239,13360,24839,13840,1600,via3_1600x480
VDD,met2-met3,STRIPE,via,23239,13360,24839,13840,1600,via2_1600x480
VDD,met1-met2,STRIPE,via,23239,13360,24839,13840,1600,via_1600x480
VDD,met5,STRIPE,wire,10120,241040,269560,242640,1600,
VDD,met5,STRIPE,wire,10120,213840,269560,215440,1600,
VDD,met5,STRIPE,wire,10120,186640,269560,188240,1600,
VDD,met5,STRIPE,wire,10120,159440,269560,161040,1600,
VDD,met5,STRIPE,wire,10120,132240,269560,133840,1600,
VDD,met5,STRIPE,wire,10120,105040,269560,106640,1600,
VDD,met5,STRIPE,wire,10120,77840,269560,79440,1600,
VDD,met5,STRIPE,wire,10120,50640,269560,52240,1600,
VDD,met5,STRIPE,wire,10120,23440,269560,25040,1600,
VDD,met4,STRIPE,wire,266070,10640,267670,269520,1600,
VDD,met4,STRIPE,wire,239867,10640,241467,269520,1600,
VDD,met4,STRIPE,wire,211967,10640,213567,269520,1600,
VDD,met4,STRIPE,wire,186099,10640,187699,269520,1600,
VDD,met4,STRIPE,wire,157940,10640,159540,269520,1600,
VDD,met4,STRIPE,wire,130857,10640,132457,269520,1600,
VDD,met4,STRIPE,wire,103657,10640,105257,269520,1600,
VDD,met4,STRIPE,wire,76544,10640,78144,269520,1600,
VDD,met4,STRIPE,wire,50933,10640,52533,269520,1600,
VDD,met4,STRIPE,wire,23239,10640,24839,269520,1600,
VDD,met1,FOLLOWPIN,wire,10120,269040,269560,269520,480,
VDD,met1,FOLLOWPIN,wire,10120,263600,269560,264080,480,
VDD,met1,FOLLOWPIN,wire,10120,258160,269560,258640,480,
VDD,met1,FOLLOWPIN,wire,10120,252720,269560,253200,480,
VDD,met1,FOLLOWPIN,wire,10120,247280,269560,247760,480,
VDD,met1,FOLLOWPIN,wire,10120,241840,269560,242320,480,
VDD,met1,FOLLOWPIN,wire,10120,236400,269560,236880,480,
VDD,met1,FOLLOWPIN,wire,10120,230960,269560,231440,480,
VDD,met1,FOLLOWPIN,wire,10120,225520,269560,226000,480,
VDD,met1,FOLLOWPIN,wire,10120,220080,269560,220560,480,
VDD,met1,FOLLOWPIN,wire,10120,214640,269560,215120,480,
VDD,met1,FOLLOWPIN,wire,10120,209200,269560,209680,480,
VDD,met1,FOLLOWPIN,wire,10120,203760,269560,204240,480,
VDD,met1,FOLLOWPIN,wire,10120,198320,269560,198800,480,
VDD,met1,FOLLOWPIN,wire,10120,192880,269560,193360,480,
VDD,met1,FOLLOWPIN,wire,10120,187440,269560,187920,480,
VDD,met1,FOLLOWPIN,wire,10120,182000,269560,182480,480,
VDD,met1,FOLLOWPIN,wire,10120,176560,269560,177040,480,
VDD,met1,FOLLOWPIN,wire,10120,171120,269560,171600,480,
VDD,met1,FOLLOWPIN,wire,10120,165680,269560,166160,480,
VDD,met1,FOLLOWPIN,wire,10120,160240,269560,160720,480,
VDD,met1,FOLLOWPIN,wire,10120,154800,269560,155280,480,
VDD,met1,FOLLOWPIN,wire,10120,149360,269560,149840,480,
VDD,met1,FOLLOWPIN,wire,10120,143920,269560,144400,480,
VDD,met1,FOLLOWPIN,wire,10120,138480,269560,138960,480,
VDD,met1,FOLLOWPIN,wire,10120,133040,269560,133520,480,
VDD,met1,FOLLOWPIN,wire,10120,127600,269560,128080,480,
VDD,met1,FOLLOWPIN,wire,10120,122160,269560,122640,480,
VDD,met1,FOLLOWPIN,wire,10120,116720,269560,117200,480,
VDD,met1,FOLLOWPIN,wire,10120,111280,269560,111760,480,
VDD,met1,FOLLOWPIN,wire,10120,105840,269560,106320,480,
VDD,met1,FOLLOWPIN,wire,10120,100400,269560,100880,480,
VDD,met1,FOLLOWPIN,wire,10120,94960,269560,95440,480,
VDD,met1,FOLLOWPIN,wire,10120,89520,269560,90000,480,
VDD,met1,FOLLOWPIN,wire,10120,84080,269560,84560,480,
VDD,met1,FOLLOWPIN,wire,10120,78640,269560,79120,480,
VDD,met1,FOLLOWPIN,wire,10120,73200,269560,73680,480,
VDD,met1,FOLLOWPIN,wire,10120,67760,269560,68240,480,
VDD,met1,FOLLOWPIN,wire,10120,62320,269560,62800,480,
VDD,met1,FOLLOWPIN,wire,10120,56880,269560,57360,480,
VDD,met1,FOLLOWPIN,wire,10120,51440,269560,51920,480,
VDD,met1,FOLLOWPIN,wire,10120,46000,269560,46480,480,
VDD,met1,FOLLOWPIN,wire,10120,40560,269560,41040,480,
VDD,met1,FOLLOWPIN,wire,10120,35120,269560,35600,480,
VDD,met1,FOLLOWPIN,wire,10120,29680,269560,30160,480,
VDD,met1,FOLLOWPIN,wire,10120,24240,269560,24720,480,
VDD,met1,FOLLOWPIN,wire,10120,18800,269560,19280,480,
VDD,met1,FOLLOWPIN,wire,10120,13360,269560,13840,480,
