net,layer,shape,kind,x1,y1,x2,y2,width,via_name
VSS,met4-met5,STRIPE,via,252682,254640,254282,256240,1600,via4_1600x1600
VSS,met4-met5,STRIPE,via,226698,254640,228298,256240,1600,via4_1600x1600
VSS,met4-met5,STRIPE,via,198662,254640,200262,256240,1600,via4_1600x1600
VSS,met4-met5,STRIPE,via,171970,254640,173570,256240,1600,via4_1600x1600
VSS,met4-met5,STRIPE,via,145997,254640,147597,256240,1600,via4_1600x1600
VSS,met4-met5,STRIPE,via,118010,254640,119610,256240,1600,via4_1600x1600
VSS,met4-met5,STRIPE,via,90964,254640,92564,256240,1600,via4_1600x1600
VSS,met4-met5,STRIPE,via,64799,254640,66399,256240,1600,via4_1600x1600
VSS,met4-met5,STRIPE,via,35941,254640,37541,256240,1600,via4_1600x1600
VSS,met4-met5,STRIPE,via,252682,227440,254282,229040,1600,via4_1600x1600
VSS,met4-met5,STRIPE,via,226698,227440,228298,229040,1600,via4_1600x1600
VSS,met4-met5,STRIPE,via,198662,227440,200262,229040,1600,via4_1600x1600
VSS,met4-met5,STRIPE,via,171970,227440,173570,229040,1600,via4_1600x1600
VSS,met4-met5,STRIPE,via,145997,227440,147597,229040,1600,via4_1600x1600
VSS,met4-met5,STRIPE,via,118010,227440,119610,229040,1600,via4_1600x1600
VSS,met4-met5,STRIPE,via,90964,227440,92564,229040,1600,via4_1600x1600
VSS,met4-met5,STRIPE,via,64799,227440,66399,229040,1600,via4_1600x1600
VSS,met4-met5,STRIPE,via,35941,227440,37541,229040,1600,via4_1600x1600
VSS,met4-met5,STRIPE,via,252682,200240,254282,201840,1600,via4_1600x1600
VSS,met4-met5,STRIPE,via,226698,200240,228298,201840,1600,via4_1600x1600
VSS,met4-met5,STRIPE,via,198662,200240,200262,201840,1600,via4_1600x1600
VSS,met4-met5,STRIPE,via,171970,200240,173570,201840,1600,via4_1600x1600
VSS,met4-met5,STRIPE,via,145997,200240,147597,201840,1600,via4_1600x1600
VSS,met4-met5,STRIPE,via,118010,200240,119610,201840,1600,via4_1600x1600
VSS,met4-met5,STRIPE,via,90964,200240,92564,201840,1600,via4_1600x1600
VSS,met4-met5,STRIPE,via,64799,200240,66399,201840,1600,via4_1600x1600
VSS,met4-met5,STRIPE,via,35941,200240,37541,201840,1600,via4_1600x1600
VSS,met4-met5,STRIPE,via,252682,173040,254282,174640,1600,via4_1600x1600
VSS,met4-met5,STRIPE,via,226698,173040,228298,174640,1600,via4_1600x1600
VSS,met4-met5,STRIPE,via,198662,173040,200262,174640,1600,via4_1600x1600
VSS,met4-met5,STRIPE,via,171970,173040,173570,174640,1600,via4_1600x1600
VSS,met4-met5,STRIPE,via,145997,173040,147597,174640,1600,via4_1600x1600
VSS,met4-met5,STRIPE,via,118010,173040,119610,174640,1600,via4_1600x1600
VSS,met4-met5,STRIPE,via,90964,173040,92564,174640,1600,via4_1600x1600
VSS,met4-met5,STRIPE,via,64799,173040,66399,174640,1600,via4_1600x1600
VSS,met4-met5,STRIPE,via,35941,173040,37541,174640,1600,via4_1600x1600
VSS,met4-met5,STRIPE,via,252682,145840,254282,147440,1600,via4_1600x1600
VSS,met4-met5,STRIPE,via,226698,145840,228298,147440,1600,via4_1600x1600
VSS,met4-met5,STRIPE,via,198662,145840,200262,147440,1600,via4_1600x1600
VSS,met4-met5,STRIPE,via,171970,145840,173570,147440,1600,via4_1600x1600
VSS,met4-met5,STRIPE,via,145997,145840,147597,147440,1600,via4_1600x1600
VSS,met4-met5,STRIPE,via,118010,145840,119610,147440,1600,via4_1600x1600
VSS,met4-met5,STRIPE,via,90964,145840,92564,147440,1600,via4_1600x1600
VSS,met4-met5,STRIPE,via,64799,145840,66399,147440,1600,via4_1600x1600
VSS,met4-met5,STRIPE,via,35941,145840,37541,147440,1600,via4_1600x1600
VSS,met4-met5,STRIPE,via,252682,118640,254282,120240,1600,via4_1600x1600
VSS,met4-met5,STRIPE,via,226698,118640,228298,120240,1600,via4_1600x1600
VSS,met4-met5,STRIPE,via,198662,118640,200262,120240,1600,via4_1600x1600
VSS,met4-met5,STRIPE,via,171970,118640,173570,120240,1600,via4_1600x1600
VSS,met4-met5,STRIPE,via,145997,118640,147597,120240,1600,via4_1600x1600
VSS,met4-met5,STRIPE,via,118010,118640,119610,120240,1600,via4_1600x1600
VSS,met4-met5,STRIPE,via,90964,118640,92564,120240,1600,via4_1600x1600
VSS,met4-met5,STRIPE,via,64799,118640,66399,120240,1600,via4_1600x1600
VSS,met4-met5,STRIPE,via,35941,118640,37541,120240,1600,via4_1600x1600
VSS,met4-met5,STRIPE,via,252682,91440,254282,93040,1600,via4_1600x1600
VSS,met4-met5,STRIPE,via,226698,91440,228298,93040,1600,via4_1600x1600
VSS,met4-met5,STRIPE,via,198662,91440,200262,93040,1600,via4_1600x1600
VSS,met4-met5,STRIPE,via,171970,91440,173570,93040,1600,via4_1600x1600
VSS,met4-met5,STRIPE,via,145997,91440,147597,93040,1600,via4_1600x1600
VSS,met4-met5,STRIPE,via,118010,91440,119610,93040,1600,via4_1600x1600
VSS,met4-met5,STRIPE,via,90964,91440,92564,93040,1600,via4_1600x1600
VSS,met4-met5,STRIPE,via,64799,91440,66399,93040,1600,via4_1600x1600
VSS,met4-met5,STRIPE,via,35941,91440,37541,93040,1600,via4_1600x1600
VSS,met4-met5,STRIPE,via,252682,64240,254282,65840,1600,via4_1600x1600
VSS,met4-met5,STRIPE,via,226698,64240,228298,65840,1600,via4_1600x1600
VSS,met4-met5,STRIPE,via,198662,64240,200262,65840,1600,via4_1600x1600
VSS,met4-met5,STRIPE,via,171970,64240,173570,65840,1600,via4_1600x1600
VSS,met4-met5,STRIPE,via,145997,64240,147597,65840,1600,via4_1600x1600
VSS,met4-met5,STRIPE,via,118010,64240,119610,65840,1600,via4_1600x1600
VSS,met4-met5,STRIPE,via,90964,64240,92564,65840,1600,via4_1600x1600
VSS,met4-met5,STRIPE,via,64799,64240,66399,65840,1600,via4_1600x1600
VSS,met4-met5,STRIPE,via,35941,64240,37541,65840,1600,via4_1600x1600
VSS,met4-met5,STRIPE,via,252682,37040,254282,38640,1600,via4_1600x1600
VSS,met4-met5,STRIPE,via,226698,37040,228298,38640,1600,via4_1600x1600
VSS,met4-met5,STRIPE,via,198662,37040,200262,38640,1600,via4_1600x1600
VSS,met4-met5,STRIPE,via,171970,37040,173570,38640,1600,via4_1600x1600
VSS,met4-met5,STRIPE,via,145997,37040,147597,38640,1600,via4_1600x1600
VSS,met4-met5,STRIPE,via,118010,37040,119610,38640,1600,via4_1600x1600
VSS,met4-met5,STRIPE,via,90964,37040,92564,38640,1600,via4_1600x1600
VSS,met4-met5,STRIPE,via,64799,37040,66399,38640,1600,via4_1600x1600
VSS,met4-met5,STRIPE,via,35941,37040,37541,38640,1600,via4_1600x1600
VSS,met3-met4,STRIPE,via,252682,266320,254282,266800,1600,via3_1600x480
VSS,met2-met3,STRIPE,via,252682,266320,254282,266800,1600,via2_1600x480
VSS,met1-met2,STRIPE,via,252682,266320,254282,266800,1600,via_1600x480
VSS,met3-met4,STRIPE,via,226698,266320,228298,266800,1600,via3_1600x480
VSS,met2-met3,STRIPE,via,226698,266320,228298,266800,1600,via2_1600x480
VSS,met1-met2,STRIPE,via,226698,266320,228298,266800,1600,via_1600x480
VSS,met3-met4,STRIPE,via,198662,266320,200262,266800,1600,via3_1600x480
VSS,met2-met3,STRIPE,via,198662,266320,200262,266800,1600,via2_1600x480
VSS,met1-met2,STRIPE,via,198662,266320,200262,266800,1600,via_1600x480
VSS,met3-met4,STRIPE,via,171970,266320,173570,266800,1600,via3_1600x480
VSS,met2-met3,STRIPE,via,171970,266320,173570,266800,1600,via2_1600x480
VSS,met1-met2,STRIPE,via,171970,266320,173570,266800,1600,via_1600x480
VSS,met3-met4,STRIPE,via,145997,266320,147597,266800,1600,via3_1600x480
VSS,met2-met3,STRIPE,via,145997,266320,147597,266800,1600,via2_1600x480
VSS,met1-met2,STRIPE,via,145997,266320,147597,266800,1600,via_1600x480
VSS,met3-met4,STRIPE,via,118010,266320,119610,266800,1600,via3_1600x480
VSS,met2-met3,STRIPE,via,118010,266320,119610,266800,1600,via2_1600x480
VSS,met1-met2,STRIPE,via,118010,266320,119610,266800,1600,via_1600x480
VSS,met3-met4,STRIPE,via,90964,266320,92564,266800,1600,via3_1600x480
VSS,met2-met3,STRIPE,via,90964,266320,92564,266800,1600,via2_1600x480
VSS,met1-met2,STRIPE,via,90964,266320,92564,266800,1600,via_1600x480
VSS,met3-met4,STRIPE,via,64799,266320,66399,266800,1600,via3_1600x480
VSS,met2-met3,STRIPE,via,64799,266320,66399,266800,1600,via2_1600x480
VSS,met1-met2,STRIPE,via,64799,266320,66399,266800,1600,via_1600x480
VSS,met3-met4,STRIPE,via,35941,266320,37541,266800,1600,via3_1600x480
VSS,met2-met3,STRIPE,via,35941,266320,37541,266800,1600,via2_1600x480
VSS,met1-met2,STRIPE,via,35941,266320,37541,266800,1600,via_1600x480
VSS,met3-met4,STRIPE,via,252682,260880,254282,261360,1600,via3_1600x480
VSS,met2-met3,STRIPE,via,252682,260880,254282,261360,1600,via2_1600x480
VSS,met1-met2,STRIPE,via,252682,260880,254282,261360,1600,via_1600x480
VSS,met3-met4,STRIPE,via,226698,260880,228298,261360,1600,via3_1600x480
VSS,met2-met3,STRIPE,via,226698,260880,228298,261360,1600,via2_1600x480
VSS,met1-met2,STRIPE,via,226698,260880,228298,261360,1600,via_1600x480
VSS,met3-met4,STRIPE,via,198662,260880,200262,261360,1600,via3_1600x480
VSS,met2-met3,STRIPE,via,198662,260880,200262,261360,1600,via2_1600x480
VSS,met1-met2,STRIPE,via,198662,260880,200262,261360,1600,via_1600x480
VSS,met3-met4,STRIPE,via,171970,260880,173570,261360,1600,via3_1600x480
VSS,met2-met3,STRIPE,via,171970,260880,173570,261360,1600,via2_1600x480
VSS,met1-met2,STRIPE,via,171970,260880,173570,261360,1600,via_1600x480
VSS,met3-met4,STRIPE,via,145997,260880,147597,261360,1600,via3_1600x480
VSS,met2-met3,STRIPE,via,145997,260880,147597,261360,1600,via2_1600x480
VSS,met1-met2,STRIPE,via,145997,260880,147597,261360,1600,via_1600x480
VSS,met3-met4,STRIPE,via,118010,260880,119610,261360,1600,via3_1600x480
VSS,met2-met3,STRIPE,via,118010,260880,119610,261360,1600,via2_1600x480
VSS,met1-met2,STRIPE,via,118010,260880,119610,261360,1600,via_1600x480
VSS,met3-met4,STRIPE,via,90964,260880,92564,261360,1600,via3_1600x480
VSS,met2-met3,STRIPE,via,90964,260880,92564,261360,1600,via2_1600x480
VSS,met1-met2,STRIPE,via,90964,260880,92564,261360,1600,via_1600x480
VSS,met3-met4,STRIPE,via,64799,260880,66399,261360,1600,via3_1600x480
VSS,met2-met3,STRIPE,via,64799,260880,66399,261360,1600,via2_1600x480
VSS,met1-met2,STRIPE,via,64799,260880,66399,261360,1600,via_1600x480
VSS,met3-met4,STRIPE,via,35941,260880,37541,261360,1600,via3_1600x480
VSS,met2-met3,STRIPE,via,35941,260880,37541,261360,1600,via2_1600x480
VSS,met1-met2,STRIPE,via,35941,260880,37541,261360,1600,via_1600x480
VSS,met3-met4,STRIPE,via,252682,255440,254282,255920,1600,via3_1600x480
VSS,met2-met3,STRIPE,via,252682,255440,254282,255920,1600,via2_1600x480
VSS,met1-met2,STRIPE,via,252682,255440,254282,255920,1600,via_1600x480
VSS,met3-met4,STRIPE,via,226698,255440,228298,255920,1600,via3_1600x480
VSS,met2-met3,STRIPE,via,226698,255440,228298,255920,1600,via2_1600x480
VSS,met1-met2,STRIPE,via,226698,255440,228298,255920,1600,via_1600x480
VSS,met3-met4,STRIPE,via,198662,255440,200262,255920,1600,via3_1600x480
VSS,met2-met3,STRIPE,via,198662,255440,200262,255920,1600,via2_1600x480
VSS,met1-met2,STRIPE,via,198662,255440,200262,255920,1600,via_1600x480
VSS,met3-met4,STRIPE,via,171970,255440,173570,255920,1600,via3_1600x480
VSS,met2-met3,STRIPE,via,171970,255440,173570,255920,1600,via2_1600x480
VSS,met1-met2,STRIPE,via,171970,255440,173570,255920,1600,via_1600x480
VSS,met3-met4,STRIPE,via,145997,255440,147597,255920,1600,via3_1600x480
VSS,met2-met3,STRIPE,via,145997,255440,147597,255920,1600,via2_1600x480
VSS,met1-met2,STRIPE,via,145997,255440,147597,255920,1600,via_1600x480
VSS,met3-met4,STRIPE,via,118010,255440,119610,255920,1600,via3_1600x480
VSS,met2-met3,STRIPE,via,118010,255440,119610,255920,1600,via2_1600x480
VSS,met1-met2,STRIPE,via,118010,255440,119610,255920,1600,via_1600x480
VSS,met3-met4,STRIPE,via,90964,255440,92564,255920,1600,via3_1600x480
VSS,met2-met3,STRIPE,via,90964,255440,92564,255920,1600,via2_1600x480
VSS,met1-met2,STRIPE,via,90964,255440,92564,255920,1600,via_1600x480
VSS,met3-met4,STRIPE,via,64799,255440,66399,255920,1600,via3_1600x480
VSS,met2-met3,STRIPE,via,64799,255440,66399,255920,1600,via2_1600x480
VSS,met1-met2,STRIPE,via,64799,255440,66399,255920,1600,via_1600x480
VSS,met3-met4,STRIPE,via,35941,255440,37541,255920,1600,via3_1600x480
VSS,met2-met3,STRIPE,via,35941,255440,37541,255920,1600,via2_1600x480
VSS,met1-met2,STRIPE,via,35941,255440,37541,255920,1600,via_1600x480
VSS,met3-met4,STRIPE,via,252682,250000,254282,250480,1600,via3_1600x480
VSS,met2-met3,STRIPE,via,252682,250000,254282,250480,1600,via2_1600x480
VSS,met1-met2,STRIPE,via,252682,250000,254282,250480,1600,via_1600x480
VSS,met3-met4,STRIPE,via,226698,250000,228298,250480,1600,via3_1600x480
VSS,met2-met3,STRIPE,via,226698,250000,228298,250480,1600,via2_1600x480
VSS,met1-met2,STRIPE,via,226698,250000,228298,250480,1600,via_1600x480
VSS,met3-met4,STRIPE,via,198662,250000,200262,250480,1600,via3_1600x480
VSS,met2-met3,STRIPE,via,198662,250000,200262,250480,1600,via2_1600x480
VSS,met1-met2,STRIPE,via,198662,250000,200262,250480,1600,via_1600x480
VSS,met3-met4,STRIPE,via,171970,250000,173570,250480,1600,via3_1600x480
VSS,met2-met3,STRIPE,via,171970,250000,173570,250480,1600,via2_1600x480
VSS,met1-met2,STRIPE,via,171970,250000,173570,250480,1600,via_1600x480
VSS,met3-met4,STRIPE,via,145997,250000,147597,250480,1600,via3_1600x480
VSS,met2-met3,STRIPE,via,145997,250000,147597,250480,1600,via2_1600x480
VSS,met1-met2,STRIPE,via,145997,250000,147597,250480,1600,via_1600x480
VSS,met3-met4,STRIPE,via,118010,250000,119610,250480,1600,via3_1600x480
VSS,met2-met3,STRIPE,via,118010,250000,119610,250480,1600,via2_1600x480
VSS,met1-met2,STRIPE,via,118010,250000,119610,250480,1600,via_1600x480
VSS,met3-met4,STRIPE,via,90964,250000,92564,250480,1600,via3_1600x480
VSS,met2-met3,STRIPE,via,90964,250000,92564,250480,1600,via2_1600x480
VSS,met1-met2,STRIPE,via,90964,250000,92564,250480,1600,via_1600x480
VSS,met3-met4,STRIPE,via,64799,250000,66399,250480,1600,via3_1600x480
VSS,met2-met3,STRIPE,via,64799,250000,66399,250480,1600,via2_1600x480
VSS,met1-met2,STRIPE,via,64799,250000,66399,250480,1600,via_1600x480
VSS,met3-met4,STRIPE,via,35941,250000,37541,250480,1600,via3_1600x480
VSS,met2-met3,STRIPE,via,35941,250000,37541,250480,1600,via2_1600x480
VSS,met1-met2,STRIPE,via,35941,250000,37541,250480,1600,via_1600x480
VSS,met3-met4,STRIPE,via,252682,244560,254282,245040,1600,via3_1600x480
VSS,met2-met3,STRIPE,via,252682,244560,254282,245040,1600,via2_1600x480
VSS,met1-met2,STRIPE,via,252682,244560,254282,245040,1600,via_1600x480
VSS,met3-met4,STRIPE,via,226698,244560,228298,245040,1600,via3_1600x480
VSS,met2-met3,STRIPE,via,226698,244560,228298,245040,1600,via2_1600x480
VSS,met1-met2,STRIPE,via,226698,244560,228298,245040,1600,via_1600x480
VSS,met3-met4,STRIPE,via,198662,244560,200262,245040,1600,via3_1600x480
VSS,met2-met3,STRIPE,via,198662,244560,200262,245040,1600,via2_1600x480
VSS,met1-met2,STRIPE,via,198662,244560,200262,245040,1600,via_1600x480
VSS,met3-met4,STRIPE,via,171970,244560,173570,245040,1600,via3_1600x480
VSS,met2-met3,STRIPE,via,171970,244560,173570,245040,1600,via2_1600x480
VSS,met1-met2,STRIPE,via,171970,244560,173570,245040,1600,via_1600x480
VSS,met3-met4,STRIPE,via,145997,244560,147597,245040,1600,via3_1600x480
VSS,met2-met3,STRIPE,via,145997,244560,147597,245040,1600,via2_1600x480
VSS,met1-met2,STRIPE,via,145997,244560,147597,245040,1600,via_1600x480
VSS,met3-met4,STRIPE,via,118010,244560,119610,245040,1600,via3_1600x480
VSS,met2-met3,STRIPE,via,118010,244560,119610,245040,1600,via2_1600x480
VSS,met1-met2,STRIPE,via,118010,244560,119610,245040,1600,via_1600x480
VSS,met3-met4,STRIPE,via,90964,244560,92564,245040,1600,via3_1600x480
VSS,met2-met3,STRIPE,via,90964,244560,92564,245040,1600,via2_1600x480
VSS,met1-met2,STRIPE,via,90964,244560,92564,245040,1600,via_1600x480
VSS,met3-met4,STRIPE,via,64799,244560,66399,245040,1600,via3_1600x480
VSS,met2-met3,STRIPE,via,64799,244560,66399,245040,1600,via2_1600x480
VSS,met1-met2,STRIPE,via,64799,244560,66399,245040,1600,via_1600x480
VSS,met3-met4,STRIPE,via,35941,244560,37541,245040,1600,via3_1600x480
VSS,met2-met3,STRIPE,via,35941,244560,37541,245040,1600,via2_1600x480
VSS,met1-met2,STRIPE,via,35941,244560,37541,245040,1600,via_1600x480
VSS,met3-met4,STRIPE,via,252682,239120,254282,239600,1600,via3_1600x480
VSS,met2-met3,STRIPE,via,252682,239120,254282,239600,1600,via2_1600x480
VSS,met1-met2,STRIPE,via,252682,239120,254282,239600,1600,via_1600x480
VSS,met3-met4,STRIPE,via,226698,239120,228298,239600,1600,via3_1600x480
VSS,met2-met3,STRIPE,via,226698,239120,228298,239600,1600,via2_1600x480
VSS,met1-met2,STRIPE,via,226698,239120,228298,239600,1600,via_1600x480
VSS,met3-met4,STRIPE,via,198662,239120,200262,239600,1600,via3_1600x480
VSS,met2-met3,STRIPE,via,198662,239120,200262,239600,1600,via2_1600x480
VSS,met1-met2,STRIPE,via,198662,239120,200262,239600,1600,via_1600x480
VSS,met3-met4,STRIPE,via,171970,239120,173570,239600,1600,via3_1600x480
VSS,met2-met3,STRIPE,via,171970,239120,173570,239600,1600,via2_1600x480
VSS,met1-met2,STRIPE,via,171970,239120,173570,239600,1600,via_1600x480
VSS,met3-met4,STRIPE,via,145997,239120,147597,239600,1600,via3_1600x480
VSS,met2-met3,STRIPE,via,145997,239120,147597,239600,1600,via2_1600x480
VSS,met1-met2,STRIPE,via,145997,239120,147597,239600,1600,via_1600x480
VSS,met3-met4,STRIPE,via,118010,239120,119610,239600,1600,via3_1600x480
VSS,met2-met3,STRIPE,via,118010,239120,119610,239600,1600,via2_1600x480
VSS,met1-met2,STRIPE,via,118010,239120,119610,239600,1600,via_1600x480
VSS,met3-met4,STRIPE,via,90964,239120,92564,239600,1600,via3_1600x480
VSS,met2-met3,STRIPE,via,90964,239120,92564,239600,1600,via2_1600x480
VSS,met1-met2,STRIPE,via,90964,239120,92564,239600,1600,via_1600x480
VSS,met3-met4,STRIPE,via,64799,239120,66399,239600,1600,via3_1600x480
VSS,met2-met3,STRIPE,via,64799,239120,66399,239600,1600,via2_1600x480
VSS,met1-met2,STRIPE,via,64799,239120,66399,239600,1600,via_1600x480
VSS,met3-met4,STRIPE,via,35941,239120,37541,239600,1600,via3_1600x480
VSS,met2-met3,STRIPE,via,35941,239120,37541,239600,1600,via2_1600x480
VSS,met1-met2,STRIPE,via,35941,239120,37541,239600,1600,via_1600x480
VSS,met3-met4,STRIPE,via,252682,233680,254282,234160,1600,via3_1600x480
VSS,met2-met3,STRIPE,via,252682,233680,254282,234160,1600,via2_1600x480
VSS,met1-met2,STRIPE,via,252682,233680,254282,234160,1600,via_1600x480
VSS,met3-met4,STRIPE,via,226698,233680,228298,234160,1600,via3_1600x480
VSS,met2-met3,STRIPE,via,226698,233680,228298,234160,1600,via2_1600x480
VSS,met1-met2,STRIPE,via,226698,233680,228298,234160,1600,via_1600x480
VSS,met3-met4,STRIPE,via,198662,233680,200262,234160,1600,via3_1600x480
VSS,met2-met3,STRIPE,via,198662,233680,200262,234160,1600,via2_1600x480
VSS,met1-met2,STRIPE,via,198662,233680,200262,234160,1600,via_1600x480
VSS,met3-met4,STRIPE,via,171970,233680,173570,234160,1600,via3_1600x480
VSS,met2-met3,STRIPE,via,171970,233680,173570,234160,1600,via2_1600x480
VSS,met1-met2,STRIPE,via,171970,233680,173570,234160,1600,via_1600x480
VSS,met3-met4,STRIPE,via,145997,233680,147597,234160,1600,via3_1600x480
VSS,met2-met3,STRIPE,via,145997,233680,147597,234160,1600,via2_1600x480
VSS,met1-met2,STRIPE,via,145997,233680,147597,234160,1600,via_1600x480
VSS,met3-met4,STRIPE,via,118010,233680,119610,234160,1600,via3_1600x480
VSS,met2-met3,STRIPE,via,118010,233680,119610,234160,1600,via2_1600x480
VSS,met1-met2,STRIPE,via,118010,233680,119610,234160,1600,via_1600x480
VSS,met3-met4,STRIPE,via,90964,233680,92564,234160,1600,via3_1600x480
VSS,met2-met3,STRIPE,via,90964,233680,92564,234160,1600,via2_1600x480
VSS,met1-met2,STRIPE,via,90964,233680,92564,234160,1600,via_1600x480
VSS,met3-met4,STRIPE,via,64799,233680,66399,234160,1600,via3_1600x480
VSS,met2-met3,STRIPE,via,64799,233680,66399,234160,1600,via2_1600x480
VSS,met1-met2,STRIPE,via,64799,233680,66399,234160,1600,via_1600x480
VSS,met3-met4,STRIPE,via,35941,233680,37541,234160,1600,via3_1600x480
VSS,met2-met3,STRIPE,via,35941,233680,37541,234160,1600,via2_1600x480
VSS,met1-met2,STRIPE,via,35941,233680,37541,234160,1600,via_1600x480
VSS,met3-met4,STRIPE,via,252682,228240,254282,228720,1600,via3_1600x480
VSS,met2-met3,STRIPE,via,252682,228240,254282,228720,1600,via2_1600x480
VSS,met1-met2,STRIPE,via,252682,228240,254282,228720,1600,via_1600x480
VSS,met3-met4,STRIPE,via,226698,228240,228298,228720,1600,via3_1600x480
VSS,met2-met3,STRIPE,via,226698,228240,228298,228720,1600,via2_1600x480
VSS,met1-met2,STRIPE,via,226698,228240,228298,228720,1600,via_1600x480
VSS,met3-met4,STRIPE,via,198662,228240,200262,228720,1600,via3_1600x480
VSS,met2-met3,STRIPE,via,198662,228240,200262,228720,1600,via2_1600x480
VSS,met1-met2,STRIPE,via,198662,228240,200262,228720,1600,via_1600x480
VSS,met3-met4,STRIPE,via,171970,228240,173570,228720,1600,via3_1600x480
VSS,met2-met3,STRIPE,via,171970,228240,173570,228720,1600,via2_1600x480
VSS,met1-met2,STRIPE,via,171970,228240,173570,228720,1600,via_1600x480
VSS,met3-met4,STRIPE,via,145997,228240,147597,228720,1600,via3_1600x480
VSS,met2-met3,STRIPE,via,145997,228240,147597,228720,1600,via2_1600x480
VSS,met1-met2,STRIPE,via,145997,228240,147597,228720,1600,via_1600x480
VSS,met3-met4,STRIPE,via,118010,228240,119610,228720,1600,via3_1600x480
VSS,met2-met3,STRIPE,via,118010,228240,119610,228720,1600,via2_1600x480
VSS,met1-met2,STRIPE,via,118010,228240,119610,228720,1600,via_1600x480
VSS,met3-met4,STRIPE,via,90964,228240,92564,228720,1600,via3_1600x480
VSS,met2-met3,STRIPE,via,90964,228240,92564,228720,1600,via2_1600x480
VSS,met1-met2,STRIPE,via,90964,228240,92564,228720,1600,via_1600x480
VSS,met3-met4,STRIPE,via,64799,228240,66399,228720,1600,via3_1600x480
VSS,met2-met3,STRIPE,via,64799,228240,66399,228720,1600,via2_1600x480
VSS,met1-met2,STRIPE,via,64799,228240,66399,228720,1600,via_1600x480
VSS,met3-met4,STRIPE,via,35941,228240,37541,228720,1600,via3_1600x480
VSS,met2-met3,STRIPE,via,35941,228240,37541,228720,1600,via2_1600x480
VSS,met1-met2,STRIPE,via,35941,228240,37541,228720,1600,via_1600x480
VSS,met3-met4,STRIPE,via,252682,222800,254282,223280,1600,via3_1600x480
VSS,met2-met3,STRIPE,via,252682,222800,254282,223280,1600,via2_1600x480
VSS,met1-met2,STRIPE,via,252682,222800,254282,223280,1600,via_1600x480
VSS,met3-met4,STRIPE,via,226698,222800,228298,223280,1600,via3_1600x480
VSS,met2-met3,STRIPE,via,226698,222800,228298,223280,1600,via2_1600x480
VSS,met1-met2,STRIPE,via,226698,222800,228298,223280,1600,via_1600x480
VSS,met3-met4,STRIPE,via,198662,222800,200262,223280,1600,via3_1600x480
VSS,met2-met3,STRIPE,via,198662,222800,200262,223280,1600,via2_1600x480
VSS,met1-met2,STRIPE,via,198662,222800,200262,223280,1600,via_1600x480
VSS,met3-met4,STRIPE,via,171970,222800,173570,223280,1600,via3_1600x480
VSS,met2-met3,STRIPE,via,171970,222800,173570,223280,1600,via2_1600x480
VSS,met1-met2,STRIPE,via,171970,222800,173570,223280,1600,via_1600x480
VSS,met3-met4,STRIPE,via,145997,222800,147597,223280,1600,via3_1600x480
VSS,met2-met3,STRIPE,via,145997,222800,147597,223280,1600,via2_1600x480
VSS,met1-met2,STRIPE,via,145997,222800,147597,223280,1600,via_1600x480
VSS,met3-met4,STRIPE,via,118010,222800,119610,223280,1600,via3_1600x480
VSS,met2-met3,STRIPE,via,118010,222800,119610,223280,1600,via2_1600x480
VSS,met1-met2,STRIPE,via,118010,222800,119610,223280,1600,via_1600x480
VSS,met3-met4,STRIPE,via,90964,222800,92564,223280,1600,via3_1600x480
VSS,met2-met3,STRIPE,via,90964,222800,92564,223280,1600,via2_1600x480
VSS,met1-met2,STRIPE,via,90964,222800,92564,223280,1600,via_1600x480
VSS,met3-met4,STRIPE,via,64799,222800,66399,223280,1600,via3_1600x480
VSS,met2-met3,STRIPE,via,64799,222800,66399,223280,1600,via2_1600x480
VSS,met1-met2,STRIPE,via,64799,222800,66399,223280,1600,via_1600x480
VSS,met3-met4,STRIPE,via,35941,222800,37541,223280,1600,via3_1600x480
VSS,met2-met3,STRIPE,via,35941,222800,37541,223280,1600,via2_1600x480
VSS,met1-met2,STRIPE,via,35941,222800,37541,223280,1600,via_1600x480
VSS,met3-met4,STRIPE,via,252682,217360,254282,217840,1600,via3_1600x480
VSS,met2-met3,STRIPE,via,252682,217360,254282,217840,1600,via2_1600x480
VSS,met1-met2,STRIPE,via,252682,217360,254282,217840,1600,via_1600x480
VSS,met3-met4,STRIPE,via,226698,217360,228298,217840,1600,via3_1600x480
VSS,met2-met3,STRIPE,via,226698,217360,228298,217840,1600,via2_1600x480
VSS,met1-met2,STRIPE,via,226698,217360,228298,217840,1600,via_1600x480
VSS,met3-met4,STRIPE,via,198662,217360,200262,217840,1600,via3_1600x480
VSS,met2-met3,STRIPE,via,198662,217360,200262,217840,1600,via2_1600x480
VSS,met1-met2,STRIPE,via,198662,217360,200262,217840,1600,via_1600x480
VSS,met3-met4,STRIPE,via,171970,217360,173570,217840,1600,via3_1600x480
VSS,met2-met3,STRIPE,via,171970,217360,173570,217840,1600,via2_1600x480
VSS,met1-met2,STRIPE,via,171970,217360,173570,217840,1600,via_1600x480
VSS,met3-met4,STRIPE,via,145997,217360,147597,217840,1600,via3_1600x480
VSS,met2-met3,STRIPE,via,145997,217360,147597,217840,1600,via2_1600x480
VSS,met1-met2,STRIPE,via,145997,217360,147597,217840,1600,via_1600x480
VSS,met3-met4,STRIPE,via,118010,217360,119610,217840,1600,via3_1600x480
VSS,met2-met3,STRIPE,via,118010,217360,119610,217840,1600,via2_1600x480
VSS,met1-met2,STRIPE,via,118010,217360,119610,217840,1600,via_1600x480
VSS,met3-met4,STRIPE,via,90964,217360,92564,217840,1600,via3_1600x480
VSS,met2-met3,STRIPE,via,90964,217360,92564,217840,1600,via2_1600x480
VSS,met1-met2,STRIPE,via,90964,217360,92564,217840,1600,via_1600x480
VSS,met3-met4,STRIPE,via,64799,217360,66399,217840,1600,via3_1600x480
VSS,met2-met3,STRIPE,via,64799,217360,66399,217840,1600,via2_1600x480
VSS,met1-met2,STRIPE,via,64799,217360,66399,217840,1600,via_1600x480
VSS,met3-met4,STRIPE,via,35941,217360,37541,217840,1600,via3_1600x480
VSS,met2-met3,STRIPE,via,35941,217360,37541,217840,1600,via2_1600x480
VSS,met1-met2,STRIPE,via,35941,217360,37541,217840,1600,via_1600x480
VSS,met3-met4,STRIPE,via,252682,211920,254282,212400,1600,via3_1600x480
VSS,met2-met3,STRIPE,via,252682,211920,254282,212400,1600,via2_1600x480
VSS,met1-met2,STRIPE,via,252682,211920,254282,212400,1600,via_1600x480
VSS,met3-met4,STRIPE,via,226698,211920,228298,212400,1600,via3_1600x480
VSS,met2-met3,STRIPE,via,226698,211920,228298,212400,1600,via2_1600x480
VSS,met1-met2,STRIPE,via,226698,211920,228298,212400,1600,via_1600x480
VSS,met3-met4,STRIPE,via,198662,211920,200262,212400,1600,via3_1600x480
VSS,met2-met3,STRIPE,via,198662,211920,200262,212400,1600,via2_1600x480
VSS,met1-met2,STRIPE,via,198662,211920,200262,212400,1600,via_1600x480
VSS,met3-met4,STRIPE,via,171970,211920,173570,212400,1600,via3_1600x480
VSS,met2-met3,STRIPE,via,171970,211920,173570,212400,1600,via2_1600x480
VSS,met1-met2,STRIPE,via,171970,211920,173570,212400,1600,via_1600x480
VSS,met3-met4,STRIPE,via,145997,211920,147597,212400,1600,via3_1600x480
VSS,met2-met3,STRIPE,via,145997,211920,147597,212400,1600,via2_1600x480
VSS,met1-met2,STRIPE,via,145997,211920,147597,212400,1600,via_1600x480
VSS,met3-met4,STRIPE,via,118010,211920,119610,212400,1600,via3_1600x480
VSS,met2-met3,STRIPE,via,118010,211920,119610,212400,1600,via2_1600x480
VSS,met1-met2,STRIPE,via,118010,211920,119610,212400,1600,via_1600x480
VSS,met3-met4,STRIPE,via,90964,211920,92564,212400,1600,via3_1600x480
VSS,met2-met3,STRIPE,via,90964,211920,92564,212400,1600,via2_1600x480
VSS,met1-met2,STRIPE,via,90964,211920,92564,212400,1600,via_1600x480
VSS,met3-met4,STRIPE,via,64799,211920,66399,212400,1600,via3_1600x480
VSS,met2-met3,STRIPE,via,64799,211920,66399,212400,1600,via2_1600x480
VSS,met1-met2,STRIPE,via,64799,211920,66399,212400,1600,via_1600x480
VSS,met3-met4,STRIPE,via,35941,211920,37541,212400,1600,via3_1600x480
VSS,met2-met3,STRIPE,via,35941,211920,37541,212400,1600,via2_1600x480
VSS,met1-met2,STRIPE,via,35941,211920,37541,212400,1600,via_1600x480
VSS,met3-met4,STRIPE,via,252682,206480,254282,206960,1600,via3_1600x480
VSS,met2-met3,STRIPE,via,252682,206480,254282,206960,1600,via2_1600x480
VSS,met1-met2,STRIPE,via,252682,206480,254282,206960,1600,via_1600x480
VSS,met3-met4,STRIPE,via,226698,206480,228298,206960,1600,via3_1600x480
VSS,met2-met3,STRIPE,via,226698,206480,228298,206960,1600,via2_1600x480
VSS,met1-met2,STRIPE,via,226698,206480,228298,206960,1600,via_1600x480
VSS,met3-met4,STRIPE,via,198662,206480,200262,206960,1600,via3_1600x480
VSS,met2-met3,STRIPE,via,198662,206480,200262,206960,1600,via2_1600x480
VSS,met1-met2,STRIPE,via,198662,206480,200262,206960,1600,via_1600x480
VSS,met3-met4,STRIPE,via,171970,206480,173570,206960,1600,via3_1600x480
VSS,met2-met3,STRIPE,via,171970,206480,173570,206960,1600,via2_1600x480
VSS,met1-met2,STRIPE,via,171970,206480,173570,206960,1600,via_1600x480
VSS,met3-met4,STRIPE,via,145997,206480,147597,206960,1600,via3_1600x480
VSS,met2-met3,STRIPE,via,145997,206480,147597,206960,1600,via2_1600x480
VSS,met1-met2,STRIPE,via,145997,206480,147597,206960,1600,via_1600x480
VSS,met3-met4,STRIPE,via,118010,206480,119610,206960,1600,via3_1600x480
VSS,met2-met3,STRIPE,via,118010,206480,119610,206960,1600,via2_1600x480
VSS,met1-met2,STRIPE,via,118010,206480,119610,206960,1600,via_1600x480
VSS,met3-met4,STRIPE,via,90964,206480,92564,206960,1600,via3_1600x480
VSS,met2-met3,STRIPE,via,90964,206480,92564,206960,1600,via2_1600x480
VSS,met1-met2,STRIPE,via,90964,206480,92564,206960,1600,via_1600x480
VSS,met3-met4,STRIPE,via,64799,206480,66399,206960,1600,via3_1600x480
VSS,met2-met3,STRIPE,via,64799,206480,66399,206960,1600,via2_1600x480
VSS,met1-met2,STRIPE,via,64799,206480,66399,206960,1600,via_1600x480
VSS,met3-met4,STRIPE,via,35941,206480,37541,206960,1600,via3_1600x480
VSS,met2-met3,STRIPE,via,35941,206480,37541,206960,1600,via2_1600x480
VSS,met1-met2,STRIPE,via,35941,206480,37541,206960,1600,via_1600x480
VSS,met3-met4,STRIPE,via,252682,201040,254282,201520,1600,via3_1600x480
VSS,met2-met3,STRIPE,via,252682,201040,254282,201520,1600,via2_1600x480
VSS,met1-met2,STRIPE,via,252682,201040,254282,201520,1600,via_1600x480
VSS,met3-met4,STRIPE,via,226698,201040,228298,201520,1600,via3_1600x480
VSS,met2-met3,STRIPE,via,226698,201040,228298,201520,1600,via2_1600x480
VSS,met1-met2,STRIPE,via,226698,201040,228298,201520,1600,via_1600x480
VSS,met3-met4,STRIPE,via,198662,201040,200262,201520,1600,via3_1600x480
VSS,met2-met3,STRIPE,via,198662,201040,200262,201520,1600,via2_1600x480
VSS,met1-met2,STRIPE,via,198662,201040,200262,201520,1600,via_1600x480
VSS,met3-met4,STRIPE,via,171970,201040,173570,201520,1600,via3_1600x480
VSS,met2-met3,STRIPE,via,171970,201040,173570,201520,1600,via2_1600x480
VSS,met1-met2,STRIPE,via,171970,201040,173570,201520,1600,via_1600x480
VSS,met3-met4,STRIPE,via,145997,201040,147597,201520,1600,via3_1600x480
VSS,met2-met3,STRIPE,via,145997,201040,147597,201520,1600,via2_1600x480
VSS,met1-met2,STRIPE,via,145997,201040,147597,201520,1600,via_1600x480
VSS,met3-met4,STRIPE,via,118010,201040,119610,201520,1600,via3_1600x480
VSS,met2-met3,STRIPE,via,118010,201040,119610,201520,1600,via2_1600x480
VSS,met1-met2,STRIPE,via,118010,201040,119610,201520,1600,via_1600x480
VSS,met3-met4,STRIPE,via,90964,201040,92564,201520,1600,via3_1600x480
VSS,met2-met3,STRIPE,via,90964,201040,92564,201520,1600,via2_1600x480
VSS,met1-met2,STRIPE,via,90964,201040,92564,201520,1600,via_1600x480
VSS,met3-met4,STRIPE,via,64799,201040,66399,201520,1600,via3_1600x480
VSS,met2-met3,STRIPE,via,64799,201040,66399,201520,1600,via2_1600x480
VSS,met1-met2,STRIPE,via,64799,201040,66399,201520,1600,via_1600x480
VSS,met3-met4,STRIPE,via,35941,201040,37541,201520,1600,via3_1600x480
VSS,met2-met3,STRIPE,via,35941,201040,37541,201520,1600,via2_1600x480
VSS,met1-met2,STRIPE,via,35941,201040,37541,201520,1600,via_1600x480
VSS,met3-met4,STRIPE,via,252682,195600,254282,196080,1600,via3_1600x480
VSS,met2-met3,STRIPE,via,252682,195600,254282,196080,1600,via2_1600x480
VSS,met1-met2,STRIPE,via,252682,195600,254282,196080,1600,via_1600x480
VSS,met3-met4,STRIPE,via,226698,195600,228298,196080,1600,via3_1600x480
VSS,met2-met3,STRIPE,via,226698,195600,228298,196080,1600,via2_1600x480
VSS,met1-met2,STRIPE,via,226698,195600,228298,196080,1600,via_1600x480
VSS,met3-met4,STRIPE,via,198662,195600,200262,196080,1600,via3_1600x480
VSS,met2-met3,STRIPE,via,198662,195600,200262,196080,1600,via2_1600x480
VSS,met1-met2,STRIPE,via,198662,195600,200262,196080,1600,via_1600x480
VSS,met3-met4,STRIPE,via,171970,195600,173570,196080,1600,via3_1600x480
VSS,met2-met3,STRIPE,via,171970,195600,173570,196080,1600,via2_1600x480
VSS,met1-met2,STRIPE,via,171970,195600,173570,196080,1600,via_1600x480
VSS,met3-met4,STRIPE,via,145997,195600,147597,196080,1600,via3_1600x480
VSS,met2-met3,STRIPE,via,145997,195600,147597,196080,1600,via2_1600x480
VSS,met1-met2,STRIPE,via,145997,195600,147597,196080,1600,via_1600x480
VSS,met3-met4,STRIPE,via,118010,195600,119610,196080,1600,via3_1600x480
VSS,met2-met3,STRIPE,via,118010,195600,119610,196080,1600,via2_1600x480
VSS,met1-met2,STRIPE,via,118010,195600,119610,196080,1600,via_1600x480
VSS,met3-met4,STRIPE,via,90964,195600,92564,196080,1600,via3_1600x480
VSS,met2-met3,STRIPE,via,90964,195600,92564,196080,1600,via2_1600x480
VSS,met1-met2,STRIPE,via,90964,195600,92564,196080,1600,via_1600x480
VSS,met3-met4,STRIPE,via,64799,195600,66399,196080,1600,via3_1600x480
VSS,met2-met3,STRIPE,via,64799,195600,66399,196080,1600,via2_1600x480
VSS,met1-met2,STRIPE,via,64799,195600,66399,196080,1600,via_1600x480
VSS,met3-met4,STRIPE,via,35941,195600,37541,196080,1600,via3_1600x480
VSS,met2-met3,STRIPE,via,35941,195600,37541,196080,1600,via2_1600x480
VSS,met1-met2,STRIPE,via,35941,195600,37541,196080,1600,via_1600x480
VSS,met3-met4,STRIPE,via,252682,190160,254282,190640,1600,via3_1600x480
VSS,met2-met3,STRIPE,via,252682,190160,254282,190640,1600,via2_1600x480
VSS,met1-met2,STRIPE,via,252682,190160,254282,190640,1600,via_1600x480
VSS,met3-met4,STRIPE,via,226698,190160,228298,190640,1600,via3_1600x480
VSS,met2-met3,STRIPE,via,226698,190160,228298,190640,1600,via2_1600x480
VSS,met1-met2,STRIPE,via,226698,190160,228298,190640,1600,via_1600x480
VSS,met3-met4,STRIPE,via,198662,190160,200262,190640,1600,via3_1600x480
VSS,met2-met3,STRIPE,via,198662,190160,200262,190640,1600,via2_1600x480
VSS,met1-met2,STRIPE,via,198662,190160,200262,190640,1600,via_1600x480
VSS,met3-met4,STRIPE,via,171970,190160,173570,190640,1600,via3_1600x480
VSS,met2-met3,STRIPE,via,171970,190160,173570,190640,1600,via2_1600x480
VSS,met1-met2,STRIPE,via,171970,190160,173570,190640,1600,via_1600x480
VSS,met3-met4,STRIPE,via,145997,190160,147597,190640,1600,via3_1600x480
VSS,met2-met3,STRIPE,via,145997,190160,147597,190640,1600,via2_1600x480
VSS,met1-met2,STRIPE,via,145997,190160,147597,190640,1600,via_1600x480
VSS,met3-met4,STRIPE,via,118010,190160,119610,190640,1600,via3_1600x480
VSS,met2-met3,STRIPE,via,118010,190160,119610,190640,1600,via2_1600x480
VSS,met1-met2,STRIPE,via,118010,190160,119610,190640,1600,via_1600x480
VSS,met3-met4,STRIPE,via,90964,190160,92564,190640,1600,via3_1600x480
VSS,met2-met3,STRIPE,via,90964,190160,92564,190640,1600,via2_1600x480
VSS,met1-met2,STRIPE,via,90964,190160,92564,190640,1600,via_1600x480
VSS,met3-met4,STRIPE,via,64799,190160,66399,190640,1600,via3_1600x480
VSS,met2-met3,STRIPE,via,64799,190160,66399,190640,1600,via2_1600x480
VSS,met1-met2,STRIPE,via,64799,190160,66399,190640,1600,via_1600x480
VSS,met3-met4,STRIPE,via,35941,190160,37541,190640,1600,via3_1600x480
VSS,met2-met3,STRIPE,via,35941,190160,37541,190640,1600,via2_1600x480
VSS,met1-met2,STRIPE,via,35941,190160,37541,190640,1600,via_1600x480
VSS,met3-met4,STRIPE,via,252682,184720,254282,185200,1600,via3_1600x480
VSS,met2-met3,STRIPE,via,252682,184720,254282,185200,1600,via2_1600x480
VSS,met1-met2,STRIPE,via,252682,184720,254282,185200,1600,via_1600x480
VSS,met3-met4,STRIPE,via,226698,184720,228298,185200,1600,via3_1600x480
VSS,met2-met3,STRIPE,via,226698,184720,228298,185200,1600,via2_1600x480
VSS,met1-met2,STRIPE,via,226698,184720,228298,185200,1600,via_1600x480
VSS,met3-met4,STRIPE,via,198662,184720,200262,185200,1600,via3_1600x480
VSS,met2-met3,STRIPE,via,198662,184720,200262,185200,1600,via2_1600x480
VSS,met1-met2,STRIPE,via,198662,184720,200262,185200,1600,via_1600x480
VSS,met3-met4,STRIPE,via,171970,184720,173570,185200,1600,via3_1600x480
VSS,met2-met3,STRIPE,via,171970,184720,173570,185200,1600,via2_1600x480
VSS,met1-met2,STRIPE,via,171970,184720,173570,185200,1600,via_1600x480
VSS,met3-met4,STRIPE,via,145997,184720,147597,185200,1600,via3_1600x480
VSS,met2-met3,STRIPE,via,145997,184720,147597,185200,1600,via2_1600x480
VSS,met1-met2,STRIPE,via,145997,184720,147597,185200,1600,via_1600x480
VSS,met3-met4,STRIPE,via,118010,184720,119610,185200,1600,via3_1600x480
VSS,met2-met3,STRIPE,via,118010,184720,119610,185200,1600,via2_1600x480
VSS,met1-met2,STRIPE,via,118010,184720,119610,185200,1600,via_1600x480
VSS,met3-met4,STRIPE,via,90964,184720,92564,185200,1600,via3_1600x480
VSS,met2-met3,STRIPE,via,90964,184720,92564,185200,1600,via2_1600x480
VSS,met1-met2,STRIPE,via,90964,184720,92564,185200,1600,via_1600x480
VSS,met3-met4,STRIPE,via,64799,184720,66399,185200,1600,via3_1600x480
VSS,met2-met3,STRIPE,via,64799,184720,66399,185200,1600,via2_1600x480
VSS,met1-met2,STRIPE,via,64799,184720,66399,185200,1600,via_1600x480
VSS,met3-met4,STRIPE,via,35941,184720,37541,185200,1600,via3_1600x480
VSS,met2-met3,STRIPE,via,35941,184720,37541,185200,1600,via2_1600x480
VSS,met1-met2,STRIPE,via,35941,184720,37541,185200,1600,via_1600x480
VSS,met3-met4,STRIPE,via,252682,179280,254282,179760,1600,via3_1600x480
VSS,met2-met3,STRIPE,via,252682,179280,254282,179760,1600,via2_1600x480
VSS,met1-met2,STRIPE,via,252682,179280,254282,179760,1600,via_1600x480
VSS,met3-met4,STRIPE,via,226698,179280,228298,179760,1600,via3_1600x480
VSS,met2-met3,STRIPE,via,226698,179280,228298,179760,1600,via2_1600x480
VSS,met1-met2,STRIPE,via,226698,179280,228298,179760,1600,via_1600x480
VSS,met3-met4,STRIPE,via,198662,179280,200262,179760,1600,via3_1600x480
VSS,met2-met3,STRIPE,via,198662,179280,200262,179760,1600,via2_1600x480
VSS,met1-met2,STRIPE,via,198662,179280,200262,179760,1600,via_1600x480
VSS,met3-met4,STRIPE,via,171970,179280,173570,179760,1600,via3_1600x480
VSS,met2-met3,STRIPE,via,171970,179280,173570,179760,1600,via2_1600x480
VSS,met1-met2,STRIPE,via,171970,179280,173570,179760,1600,via_1600x480
VSS,met3-met4,STRIPE,via,145997,179280,147597,179760,1600,via3_1600x480
VSS,met2-met3,STRIPE,via,145997,179280,147597,179760,1600,via2_1600x480
VSS,met1-met2,STRIPE,via,145997,179280,147597,179760,1600,via_1600x480
VSS,met3-met4,STRIPE,via,118010,179280,119610,179760,1600,via3_1600x480
VSS,met2-met3,STRIPE,via,118010,179280,119610,179760,1600,via2_1600x480
VSS,met1-met2,STRIPE,via,118010,179280,119610,179760,1600,via_1600x480
VSS,met3-met4,STRIPE,via,90964,179280,92564,179760,1600,via3_1600x480
VSS,met2-met3,STRIPE,via,90964,179280,92564,179760,1600,via2_1600x480
VSS,met1-met2,STRIPE,via,90964,179280,92564,179760,1600,via_1600x480
VSS,met3-met4,STRIPE,via,64799,179280,66399,179760,1600,via3_1600x480
VSS,met2-met3,STRIPE,via,64799,179280,66399,179760,1600,via2_1600x480
VSS,met1-met2,STRIPE,via,64799,179280,66399,179760,1600,via_1600x480
VSS,met3-met4,STRIPE,via,35941,179280,37541,179760,1600,via3_1600x480
VSS,met2-met3,STRIPE,via,35941,179280,37541,179760,1600,via2_1600x480
VSS,met1-met2,STRIPE,via,35941,179280,37541,179760,1600,via_1600x480
VSS,met3-met4,STRIPE,via,252682,173840,254282,174320,1600,via3_1600x480
VSS,met2-met3,STRIPE,via,252682,173840,254282,174320,1600,via2_1600x480
VSS,met1-met2,STRIPE,via,252682,173840,254282,174320,1600,via_1600x480
VSS,met3-met4,STRIPE,via,226698,173840,228298,174320,1600,via3_1600x480
VSS,met2-met3,STRIPE,via,226698,173840,228298,174320,1600,via2_1600x480
VSS,met1-met2,STRIPE,via,226698,173840,228298,174320,1600,via_1600x480
VSS,met3-met4,STRIPE,via,198662,173840,200262,174320,1600,via3_1600x480
VSS,met2-met3,STRIPE,via,198662,173840,200262,174320,1600,via2_1600x480
VSS,met1-met2,STRIPE,via,198662,173840,200262,174320,1600,via_1600x480
VSS,met3-met4,STRIPE,via,171970,173840,173570,174320,1600,via3_1600x480
VSS,met2-met3,STRIPE,via,171970,173840,173570,174320,1600,via2_1600x480
VSS,met1-met2,STRIPE,via,171970,173840,173570,174320,1600,via_1600x480
VSS,met3-met4,STRIPE,via,145997,173840,147597,174320,1600,via3_1600x480
VSS,met2-met3,STRIPE,via,145997,173840,147597,174320,1600,via2_1600x480
VSS,met1-met2,STRIPE,via,145997,173840,147597,174320,1600,via_1600x480
VSS,met3-met4,STRIPE,via,118010,173840,119610,174320,1600,via3_1600x480
VSS,met2-met3,STRIPE,via,118010,173840,119610,174320,1600,via2_1600x480
VSS,met1-met2,STRIPE,via,118010,173840,119610,174320,1600,via_1600x480
VSS,met3-met4,STRIPE,via,90964,173840,92564,174320,1600,via3_1600x480
VSS,met2-met3,STRIPE,via,90964,173840,92564,174320,1600,via2_1600x480
VSS,met1-met2,STRIPE,via,90964,173840,92564,174320,1600,via_1600x480
VSS,met3-met4,STRIPE,via,64799,173840,66399,174320,1600,via3_1600x480
VSS,met2-met3,STRIPE,via,64799,173840,66399,174320,1600,via2_1600x480
VSS,met1-met2,STRIPE,via,64799,173840,66399,174320,1600,via_1600x480
VSS,met3-met4,STRIPE,via,35941,173840,37541,174320,1600,via3_1600x480
VSS,met2-met3,STRIPE,via,35941,173840,37541,174320,1600,via2_1600x480
VSS,met1-met2,STRIPE,via,35941,173840,37541,174320,1600,via_1600x480
VSS,met3-met4,STRIPE,via,252682,168400,254282,168880,1600,via3_1600x480
VSS,met2-met3,STRIPE,via,252682,168400,254282,168880,1600,via2_1600x480
VSS,met1-met2,STRIPE,via,252682,168400,254282,168880,1600,via_1600x480
VSS,met3-met4,STRIPE,via,226698,168400,228298,168880,1600,via3_1600x480
VSS,met2-met3,STRIPE,via,226698,168400,228298,168880,1600,via2_1600x480
VSS,met1-met2,STRIPE,via,226698,168400,228298,168880,1600,via_1600x480
VSS,met3-met4,STRIPE,via,198662,168400,200262,168880,1600,via3_1600x480
VSS,met2-met3,STRIPE,via,198662,168400,200262,168880,1600,via2_1600x480
VSS,met1-met2,STRIPE,via,198662,168400,200262,168880,1600,via_1600x480
VSS,met3-met4,STRIPE,via,171970,168400,173570,168880,1600,via3_1600x480
VSS,met2-met3,STRIPE,via,171970,168400,173570,168880,1600,via2_1600x480
VSS,met1-met2,STRIPE,via,171970,168400,173570,168880,1600,via_1600x480
VSS,met3-met4,STRIPE,via,145997,168400,147597,168880,1600,via3_1600x480
VSS,met2-met3,STRIPE,via,145997,168400,147597,168880,1600,via2_1600x480
VSS,met1-met2,STRIPE,via,145997,168400,147597,168880,1600,via_1600x480
VSS,met3-met4,STRIPE,via,118010,168400,119610,168880,1600,via3_1600x480
VSS,met2-met3,STRIPE,via,118010,168400,119610,168880,1600,via2_1600x480
VSS,met1-met2,STRIPE,via,118010,168400,119610,168880,1600,via_1600x480
VSS,met3-met4,STRIPE,via,90964,168400,92564,168880,1600,via3_1600x480
VSS,met2-met3,STRIPE,via,90964,168400,92564,168880,1600,via2_1600x480
VSS,met1-met2,STRIPE,via,90964,168400,92564,168880,1600,via_1600x480
VSS,met3-met4,STRIPE,via,64799,168400,66399,168880,1600,via3_1600x480
VSS,met2-met3,STRIPE,via,64799,168400,66399,168880,1600,via2_1600x480
VSS,met1-met2,STRIPE,via,64799,168400,66399,168880,1600,via_1600x480
VSS,met3-met4,STRIPE,via,35941,168400,37541,168880,1600,via3_1600x480
VSS,met2-met3,STRIPE,via,35941,168400,37541,168880,1600,via2_1600x480
VSS,met1-met2,STRIPE,via,35941,168400,37541,168880,1600,via_1600x480
VSS,met3-met4,STRIPE,via,252682,162960,254282,163440,1600,via3_1600x480
VSS,met2-met3,STRIPE,via,252682,162960,254282,163440,1600,via2_1600x480
VSS,met1-met2,STRIPE,via,252682,162960,254282,163440,1600,via_1600x480
VSS,met3-met4,STRIPE,via,226698,162960,228298,163440,1600,via3_1600x480
VSS,met2-met3,STRIPE,via,226698,162960,228298,163440,1600,via2_1600x480
VSS,met1-met2,STRIPE,via,226698,162960,228298,163440,1600,via_1600x480
VSS,met3-met4,STRIPE,via,198662,162960,200262,163440,1600,via3_1600x480
VSS,met2-met3,STRIPE,via,198662,162960,200262,163440,1600,via2_1600x480
VSS,met1-met2,STRIPE,via,198662,162960,200262,163440,1600,via_1600x480
VSS,met3-met4,STRIPE,via,171970,162960,173570,163440,1600,via3_1600x480
VSS,met2-met3,STRIPE,via,171970,162960,173570,163440,1600,via2_1600x480
VSS,met1-met2,STRIPE,via,171970,162960,173570,163440,1600,via_1600x480
VSS,met3-met4,STRIPE,via,145997,162960,147597,163440,1600,via3_1600x480
VSS,met2-met3,STRIPE,via,145997,162960,147597,163440,1600,via2_1600x480
VSS,met1-met2,STRIPE,via,145997,162960,147597,163440,1600,via_1600x480
VSS,met3-met4,STRIPE,via,118010,162960,119610,163440,1600,via3_1600x480
VSS,met2-met3,STRIPE,via,118010,162960,119610,163440,1600,via2_1600x480
VSS,met1-met2,STRIPE,via,118010,162960,119610,163440,1600,via_1600x480
VSS,met3-met4,STRIPE,via,90964,162960,92564,163440,1600,via3_1600x480
VSS,met2-met3,STRIPE,via,90964,162960,92564,163440,1600,via2_1600x480
VSS,met1-met2,STRIPE,via,90964,162960,92564,163440,1600,via_1600x480
VSS,met3-met4,STRIPE,via,64799,162960,66399,163440,1600,via3_1600x480
VSS,met2-met3,STRIPE,via,64799,162960,66399,163440,1600,via2_1600x480
VSS,met1-met2,STRIPE,via,64799,162960,66399,163440,1600,via_1600x480
VSS,met3-met4,STRIPE,via,35941,162960,37541,163440,1600,via3_1600x480
VSS,met2-met3,STRIPE,via,35941,162960,37541,163440,1600,via2_1600x480
VSS,met1-met2,STRIPE,via,35941,162960,37541,163440,1600,via_1600x480
VSS,met3-met4,STRIPE,via,252682,157520,254282,158000,1600,via3_1600x480
VSS,met2-met3,STRIPE,via,252682,157520,254282,158000,1600,via2_1600x480
VSS,met1-met2,STRIPE,via,252682,157520,254282,158000,1600,via_1600x480
VSS,met3-met4,STRIPE,via,226698,157520,228298,158000,1600,via3_1600x480
VSS,met2-met3,STRIPE,via,226698,157520,228298,158000,1600,via2_1600x480
VSS,met1-met2,STRIPE,via,226698,157520,228298,158000,1600,via_1600x480
VSS,met3-met4,STRIPE,via,198662,157520,200262,158000,1600,via3_1600x480
VSS,met2-met3,STRIPE,via,198662,157520,200262,158000,1600,via2_1600x480
VSS,met1-met2,STRIPE,via,198662,157520,200262,158000,1600,via_1600x480
VSS,met3-met4,STRIPE,via,171970,157520,173570,158000,1600,via3_1600x480
VSS,met2-met3,STRIPE,via,171970,157520,173570,158000,1600,via2_1600x480
VSS,met1-met2,STRIPE,via,171970,157520,173570,158000,1600,via_1600x480
VSS,met3-met4,STRIPE,via,145997,157520,147597,158000,1600,via3_1600x480
VSS,met2-met3,STRIPE,via,145997,157520,147597,158000,1600,via2_1600x480
VSS,met1-met2,STRIPE,via,145997,157520,147597,158000,1600,via_1600x480
VSS,met3-met4,STRIPE,via,118010,157520,119610,158000,1600,via3_1600x480
VSS,met2-met3,STRIPE,via,118010,157520,119610,158000,1600,via2_1600x480
VSS,met1-met2,STRIPE,via,118010,157520,119610,158000,1600,via_1600x480
VSS,met3-met4,STRIPE,via,90964,157520,92564,158000,1600,via3_1600x480
VSS,met2-met3,STRIPE,via,90964,157520,92564,158000,1600,via2_1600x480
VSS,met1-met2,STRIPE,via,90964,157520,92564,158000,1600,via_1600x480
VSS,met3-met4,STRIPE,via,64799,157520,66399,158000,1600,via3_1600x480
VSS,met2-met3,STRIPE,via,64799,157520,66399,158000,1600,via2_1600x480
VSS,met1-met2,STRIPE,via,64799,157520,66399,158000,1600,via_1600x480
VSS,met3-met4,STRIPE,via,35941,157520,37541,158000,1600,via3_1600x480
VSS,met2-met3,STRIPE,via,35941,157520,37541,158000,1600,via2_1600x480
VSS,met1-met2,STRIPE,via,35941,157520,37541,158000,1600,via_1600x480
VSS,met3-met4,STRIPE,via,252682,152080,254282,152560,1600,via3_1600x480
VSS,met2-met3,STRIPE,via,252682,152080,254282,152560,1600,via2_1600x480
VSS,met1-met2,STRIPE,via,252682,152080,254282,152560,1600,via_1600x480
VSS,met3-met4,STRIPE,via,226698,152080,228298,152560,1600,via3_1600x480
VSS,met2-met3,STRIPE,via,226698,152080,228298,152560,1600,via2_1600x480
VSS,met1-met2,STRIPE,via,226698,152080,228298,152560,1600,via_1600x480
VSS,met3-met4,STRIPE,via,198662,152080,200262,152560,1600,via3_1600x480
VSS,met2-met3,STRIPE,via,198662,152080,200262,152560,1600,via2_1600x480
VSS,met1-met2,STRIPE,via,198662,152080,200262,152560,1600,via_1600x480
VSS,met3-met4,STRIPE,via,171970,152080,173570,152560,1600,via3_1600x480
VSS,met2-met3,STRIPE,via,171970,152080,173570,152560,1600,via2_1600x480
VSS,met1-met2,STRIPE,via,171970,152080,173570,152560,1600,via_1600x480
VSS,met3-met4,STRIPE,via,145997,152080,147597,152560,1600,via3_1600x480
VSS,met2-met3,STRIPE,via,145997,152080,147597,152560,1600,via2_1600x480
VSS,met1-met2,STRIPE,via,145997,152080,147597,152560,1600,via_1600x480
VSS,met3-met4,STRIPE,via,118010,152080,119610,152560,1600,via3_1600x480
VSS,met2-met3,STRIPE,via,118010,152080,119610,152560,1600,via2_1600x480
VSS,met1-met2,STRIPE,via,118010,152080,119610,152560,1600,via_1600x480
VSS,met3-met4,STRIPE,via,90964,152080,92564,152560,1600,via3_1600x480
VSS,met2-met3,STRIPE,via,90964,152080,92564,152560,1600,via2_1600x480
VSS,met1-met2,STRIPE,via,90964,152080,92564,152560,1600,via_1600x480
VSS,met3-met4,STRIPE,via,64799,152080,66399,152560,1600,via3_1600x480
VSS,met2-met3,STRIPE,via,64799,152080,66399,152560,1600,via2_1600x480
VSS,met1-met2,STRIPE,via,64799,152080,66399,152560,1600,via_1600x480
VSS,met3-met4,STRIPE,via,35941,152080,37541,152560,1600,via3_1600x480
VSS,met2-met3,STRIPE,via,35941,152080,37541,152560,1600,via2_1600x480
VSS,met1-met2,STRIPE,via,35941,152080,37541,152560,1600,via_1600x480
VSS,met3-met4,STRIPE,via,252682,146640,254282,147120,1600,via3_1600x480
VSS,met2-met3,STRIPE,via,252682,146640,254282,147120,1600,via2_1600x480
VSS,met1-met2,STRIPE,via,252682,146640,254282,147120,1600,via_1600x480
VSS,met3-met4,STRIPE,via,226698,146640,228298,147120,1600,via3_1600x480
VSS,met2-met3,STRIPE,via,226698,146640,228298,147120,1600,via2_1600x480
VSS,met1-met2,STRIPE,via,226698,146640,228298,147120,1600,via_1600x480
VSS,met3-met4,STRIPE,via,198662,146640,200262,147120,1600,via3_1600x480
VSS,met2-met3,STRIPE,via,198662,146640,200262,147120,1600,via2_1600x480
VSS,met1-met2,STRIPE,via,198662,146640,200262,147120,1600,via_1600x480
VSS,met3-met4,STRIPE,via,171970,146640,173570,147120,1600,via3_1600x480
VSS,met2-met3,STRIPE,via,171970,146640,173570,147120,1600,via2_1600x480
VSS,met1-met2,STRIPE,via,171970,146640,173570,147120,1600,via_1600x480
VSS,met3-met4,STRIPE,via,145997,146640,147597,147120,1600,via3_1600x480
VSS,met2-met3,STRIPE,via,145997,146640,147597,147120,1600,via2_1600x480
VSS,met1-met2,STRIPE,via,145997,146640,147597,147120,1600,via_1600x480
VSS,met3-met4,STRIPE,via,118010,146640,119610,147120,1600,via3_1600x480
VSS,met2-met3,STRIPE,via,118010,146640,119610,147120,1600,via2_1600x480
VSS,met1-met2,STRIPE,via,118010,146640,119610,147120,1600,via_1600x480
VSS,met3-met4,STRIPE,via,90964,146640,92564,147120,1600,via3_1600x480
VSS,met2-met3,STRIPE,via,90964,146640,92564,147120,1600,via2_1600x480
VSS,met1-met2,STRIPE,via,90964,146640,92564,147120,1600,via_1600x480
VSS,met3-met4,STRIPE,via,64799,146640,66399,147120,1600,via3_1600x480
VSS,met2-met3,STRIPE,via,64799,146640,66399,147120,1600,via2_1600x480
VSS,met1-met2,STRIPE,via,64799,146640,66399,147120,1600,via_1600x480
VSS,met3-met4,STRIPE,via,35941,146640,37541,147120,1600,via3_1600x480
VSS,met2-met3,STRIPE,via,35941,146640,37541,147120,1600,via2_1600x480
VSS,met1-met2,STRIPE,via,35941,146640,37541,147120,1600,via_1600x480
VSS,met3-met4,STRIPE,via,252682,141200,254282,141680,1600,via3_1600x480
VSS,met2-met3,STRIPE,via,252682,141200,254282,141680,1600,via2_1600x480
VSS,met1-met2,STRIPE,via,252682,141200,254282,141680,1600,via_1600x480
VSS,met3-met4,STRIPE,via,226698,141200,228298,141680,1600,via3_1600x480
VSS,met2-met3,STRIPE,via,226698,141200,228298,141680,1600,via2_1600x480
VSS,met1-met2,STRIPE,via,226698,141200,228298,141680,1600,via_1600x480
VSS,met3-met4,STRIPE,via,198662,141200,200262,141680,1600,via3_1600x480
VSS,met2-met3,STRIPE,via,198662,141200,200262,141680,1600,via2_1600x480
VSS,met1-met2,STRIPE,via,198662,141200,200262,141680,1600,via_1600x480
VSS,met3-met4,STRIPE,via,171970,141200,173570,141680,1600,via3_1600x480
VSS,met2-met3,STRIPE,via,171970,141200,173570,141680,1600,via2_1600x480
VSS,met1-met2,STRIPE,via,171970,141200,173570,141680,1600,via_1600x480
VSS,met3-met4,STRIPE,via,145997,141200,147597,141680,1600,via3_1600x480
VSS,met2-met3,STRIPE,via,145997,141200,147597,141680,1600,via2_1600x480
VSS,met1-met2,STRIPE,via,145997,141200,147597,141680,1600,via_1600x480
VSS,met3-met4,STRIPE,via,118010,141200,119610,141680,1600,via3_1600x480
VSS,met2-met3,STRIPE,via,118010,141200,119610,141680,1600,via2_1600x480
VSS,met1-met2,STRIPE,via,118010,141200,119610,141680,1600,via_1600x480
VSS,met3-met4,STRIPE,via,90964,141200,92564,141680,1600,via3_1600x480
VSS,met2-met3,STRIPE,via,90964,141200,92564,141680,1600,via2_1600x480
VSS,met1-met2,STRIPE,via,90964,141200,92564,141680,1600,via_1600x480
VSS,met3-met4,STRIPE,via,64799,141200,66399,141680,1600,via3_1600x480
VSS,met2-met3,STRIPE,via,64799,141200,66399,141680,1600,via2_1600x480
VSS,met1-met2,STRIPE,via,64799,141200,66399,141680,1600,via_1600x480
VSS,met3-met4,STRIPE,via,35941,141200,37541,141680,1600,via3_1600x480
VSS,met2-met3,STRIPE,via,35941,141200,37541,141680,1600,via2_1600x480
VSS,met1-met2,STRIPE,via,35941,141200,37541,141680,1600,via_1600x480
VSS,met3-met4,STRIPE,via,252682,135760,254282,136240,1600,via3_1600x480
VSS,met2-met3,STRIPE,via,252682,135760,254282,136240,1600,via2_1600x480
VSS,met1-met2,STRIPE,via,252682,135760,254282,136240,1600,via_1600x480
VSS,met3-met4,STRIPE,via,226698,135760,228298,136240,1600,via3_1600x480
VSS,met2-met3,STRIPE,via,226698,135760,228298,136240,1600,via2_1600x480
VSS,met1-met2,STRIPE,via,226698,135760,228298,136240,1600,via_1600x480
VSS,met3-met4,STRIPE,via,198662,135760,200262,136240,1600,via3_1600x480
VSS,met2-met3,STRIPE,via,198662,135760,200262,136240,1600,via2_1600x480
VSS,met1-met2,STRIPE,via,198662,135760,200262,136240,1600,via_1600x480
VSS,met3-met4,STRIPE,via,171970,135760,173570,136240,1600,via3_1600x480
VSS,met2-met3,STRIPE,via,171970,135760,173570,136240,1600,via2_1600x480
VSS,met1-met2,STRIPE,via,171970,135760,173570,136240,1600,via_1600x480
VSS,met3-met4,STRIPE,via,145997,135760,147597,136240,1600,via3_1600x480
VSS,met2-met3,STRIPE,via,145997,135760,147597,136240,1600,via2_1600x480
VSS,met1-met2,STRIPE,via,145997,135760,147597,136240,1600,via_1600x480
VSS,met3-met4,STRIPE,via,118010,135760,119610,136240,1600,via3_1600x480
VSS,met2-met3,STRIPE,via,118010,135760,119610,136240,1600,via2_1600x480
VSS,met1-met2,STRIPE,via,118010,135760,119610,136240,1600,via_1600x480
VSS,met3-met4,STRIPE,via,90964,135760,92564,136240,1600,via3_1600x480
VSS,met2-met3,STRIPE,via,90964,135760,92564,136240,1600,via2_1600x480
VSS,met1-met2,STRIPE,via,90964,135760,92564,136240,1600,via_1600x480
VSS,met3-met4,STRIPE,via,64799,135760,66399,136240,1600,via3_1600x480
VSS,met2-met3,STRIPE,via,64799,135760,66399,136240,1600,via2_1600x480
VSS,met1-met2,STRIPE,via,64799,135760,66399,136240,1600,via_1600x480
VSS,met3-met4,STRIPE,via,35941,135760,37541,136240,1600,via3_1600x480
VSS,met2-met3,STRIPE,via,35941,135760,37541,136240,1600,via2_1600x480
VSS,met1-met2,STRIPE,via,35941,135760,37541,136240,1600,via_1600x480
VSS,met3-met4,STRIPE,via,252682,130320,254282,130800,1600,via3_1600x480
VSS,met2-met3,STRIPE,via,252682,130320,254282,130800,1600,via2_1600x480
VSS,met1-met2,STRIPE,via,252682,130320,254282,130800,1600,via_1600x480
VSS,met3-met4,STRIPE,via,226698,130320,228298,130800,1600,via3_1600x480
VSS,met2-met3,STRIPE,via,226698,130320,228298,130800,1600,via2_1600x480
VSS,met1-met2,STRIPE,via,226698,130320,228298,130800,1600,via_1600x480
VSS,met3-met4,STRIPE,via,198662,130320,200262,130800,1600,via3_1600x480
VSS,met2-met3,STRIPE,via,198662,130320,200262,130800,1600,via2_1600x480
VSS,met1-met2,STRIPE,via,198662,130320,200262,130800,1600,via_1600x480
VSS,met3-met4,STRIPE,via,171970,130320,173570,130800,1600,via3_1600x480
VSS,met2-met3,STRIPE,via,171970,130320,173570,130800,1600,via2_1600x480
VSS,met1-met2,STRIPE,via,171970,130320,173570,130800,1600,via_1600x480
VSS,met3-met4,STRIPE,via,145997,130320,147597,130800,1600,via3_1600x480
VSS,met2-met3,STRIPE,via,145997,130320,147597,130800,1600,via2_1600x480
VSS,met1-met2,STRIPE,via,145997,130320,147597,130800,1600,via_1600x480
VSS,met3-met4,STRIPE,via,118010,130320,119610,130800,1600,via3_1600x480
VSS,met2-met3,STRIPE,via,118010,130320,119610,130800,1600,via2_1600x480
VSS,met1-met2,STRIPE,via,118010,130320,119610,130800,1600,via_1600x480
VSS,met3-met4,STRIPE,via,90964,130320,92564,130800,1600,via3_1600x480
VSS,met2-met3,STRIPE,via,90964,130320,92564,130800,1600,via2_1600x480
VSS,met1-met2,STRIPE,via,90964,130320,92564,130800,1600,via_1600x480
VSS,met3-met4,STRIPE,via,64799,130320,66399,130800,1600,via3_1600x480
VSS,met2-met3,STRIPE,via,64799,130320,66399,130800,1600,via2_1600x480
VSS,met1-met2,STRIPE,via,64799,130320,66399,130800,1600,via_1600x480
VSS,met3-met4,STRIPE,via,35941,130320,37541,130800,1600,via3_1600x480
VSS,met2-met3,STRIPE,via,35941,130320,37541,130800,1600,via2_1600x480
VSS,met1-met2,STRIPE,via,35941,130320,37541,130800,1600,via_1600x480
VSS,met3-met4,STRIPE,via,252682,124880,254282,125360,1600,via3_1600x480
VSS,met2-met3,STRIPE,via,252682,124880,254282,125360,1600,via2_1600x480
VSS,met1-met2,STRIPE,via,252682,124880,254282,125360,1600,via_1600x480
VSS,met3-met4,STRIPE,via,226698,124880,228298,125360,1600,via3_1600x480
VSS,met2-met3,STRIPE,via,226698,124880,228298,125360,1600,via2_1600x480
VSS,met1-met2,STRIPE,via,226698,124880,228298,125360,1600,via_1600x480
VSS,met3-met4,STRIPE,via,198662,124880,200262,125360,1600,via3_1600x480
VSS,met2-met3,STRIPE,via,198662,124880,200262,125360,1600,via2_1600x480
VSS,met1-met2,STRIPE,via,198662,124880,200262,125360,1600,via_1600x480
VSS,met3-met4,STRIPE,via,171970,124880,173570,125360,1600,via3_1600x480
VSS,met2-met3,STRIPE,via,171970,124880,173570,125360,1600,via2_1600x480
VSS,met1-met2,STRIPE,via,171970,124880,173570,125360,1600,via_1600x480
VSS,met3-met4,STRIPE,via,145997,124880,147597,125360,1600,via3_1600x480
VSS,met2-met3,STRIPE,via,145997,124880,147597,125360,1600,via2_1600x480
VSS,met1-met2,STRIPE,via,145997,124880,147597,125360,1600,via_1600x480
VSS,met3-met4,STRIPE,via,118010,124880,119610,125360,1600,via3_1600x480
VSS,met2-met3,STRIPE,via,118010,124880,119610,125360,1600,via2_1600x480
VSS,met1-met2,STRIPE,via,118010,124880,119610,125360,1600,via_1600x480
VSS,met3-met4,STRIPE,via,90964,124880,92564,125360,1600,via3_1600x480
VSS,met2-met3,STRIPE,via,90964,124880,92564,125360,1600,via2_1600x480
VSS,met1-met2,STRIPE,via,90964,124880,92564,125360,1600,via_1600x480
VSS,met3-met4,STRIPE,via,64799,124880,66399,125360,1600,via3_1600x480
VSS,met2-met3,STRIPE,via,64799,124880,66399,125360,1600,via2_1600x480
VSS,met1-met2,STRIPE,via,64799,124880,66399,125360,1600,via_1600x480
VSS,met3-met4,STRIPE,via,35941,124880,37541,125360,1600,via3_1600x480
VSS,met2-met3,STRIPE,via,35941,124880,37541,125360,1600,via2_1600x480
VSS,met1-met2,STRIPE,via,35941,124880,37541,125360,1600,via_1600x480
VSS,met3-met4,STRIPE,via,252682,119440,254282,119920,1600,via3_1600x480
VSS,met2-met3,STRIPE,via,252682,119440,254282,119920,1600,via2_1600x480
VSS,met1-met2,STRIPE,via,252682,119440,254282,119920,1600,via_1600x480
VSS,met3-met4,STRIPE,via,226698,119440,228298,119920,1600,via3_1600x480
VSS,met2-met3,STRIPE,via,226698,119440,228298,119920,1600,via2_1600x480
VSS,met1-met2,STRIPE,via,226698,119440,228298,119920,1600,via_1600x480
VSS,met3-met4,STRIPE,via,198662,119440,200262,119920,1600,via3_1600x480
VSS,met2-met3,STRIPE,via,198662,119440,200262,119920,1600,via2_1600x480
VSS,met1-met2,STRIPE,via,198662,119440,200262,119920,1600,via_1600x480
VSS,met3-met4,STRIPE,via,171970,119440,173570,119920,1600,via3_1600x480
VSS,met2-met3,STRIPE,via,171970,119440,173570,119920,1600,via2_1600x480
VSS,met1-met2,STRIPE,via,171970,119440,173570,119920,1600,via_1600x480
VSS,met3-met4,STRIPE,via,145997,119440,147597,119920,1600,via3_1600x480
VSS,met2-met3,STRIPE,via,145997,119440,147597,119920,1600,via2_1600x480
VSS,met1-met2,STRIPE,via,145997,119440,147597,119920,1600,via_1600x480
VSS,met3-met4,STRIPE,via,118010,119440,119610,119920,1600,via3_1600x480
VSS,met2-met3,STRIPE,via,118010,119440,119610,119920,1600,via2_1600x480
VSS,met1-met2,STRIPE,via,118010,119440,119610,119920,1600,via_1600x480
VSS,met3-met4,STRIPE,via,90964,119440,92564,119920,1600,via3_1600x480
VSS,met2-met3,STRIPE,via,90964,119440,92564,119920,1600,via2_1600x480
VSS,met1-met2,STRIPE,via,90964,119440,92564,119920,1600,via_1600x480
VSS,met3-met4,STRIPE,via,64799,119440,66399,119920,1600,via3_1600x480
VSS,met2-met3,STRIPE,via,64799,119440,66399,119920,1600,via2_1600x480
VSS,met1-met2,STRIPE,via,64799,119440,66399,119920,1600,via_1600x480
VSS,met3-met4,STRIPE,via,35941,119440,37541,119920,1600,via3_1600x480
VSS,met2-met3,STRIPE,via,35941,119440,37541,119920,1600,via2_1600x480
VSS,met1-met2,STRIPE,via,35941,119440,37541,119920,1600,via_1600x480
VSS,met3-met4,STRIPE,via,252682,114000,254282,114480,1600,via3_1600x480
VSS,met2-met3,STRIPE,via,252682,114000,254282,114480,1600,via2_1600x480
VSS,met1-met2,STRIPE,via,252682,114000,254282,114480,1600,via_1600x480
VSS,met3-met4,STRIPE,via,226698,114000,228298,114480,1600,via3_1600x480
VSS,met2-met3,STRIPE,via,226698,114000,228298,114480,1600,via2_1600x480
VSS,met1-met2,STRIPE,via,226698,114000,228298,114480,1600,via_1600x480
VSS,met3-met4,STRIPE,via,198662,114000,200262,114480,1600,via3_1600x480
VSS,met2-met3,STRIPE,via,198662,114000,200262,114480,1600,via2_1600x480
VSS,met1-met2,STRIPE,via,198662,114000,200262,114480,1600,via_1600x480
VSS,met3-met4,STRIPE,via,171970,114000,173570,114480,1600,via3_1600x480
VSS,met2-met3,STRIPE,via,171970,114000,173570,114480,1600,via2_1600x480
VSS,met1-met2,STRIPE,via,171970,114000,173570,114480,1600,via_1600x480
VSS,met3-met4,STRIPE,via,145997,114000,147597,114480,1600,via3_1600x480
VSS,met2-met3,STRIPE,via,145997,114000,147597,114480,1600,via2_1600x480
VSS,met1-met2,STRIPE,via,145997,114000,147597,114480,1600,via_1600x480
VSS,met3-met4,STRIPE,via,118010,114000,119610,114480,1600,via3_1600x480
VSS,met2-met3,STRIPE,via,118010,114000,119610,114480,1600,via2_1600x480
VSS,met1-met2,STRIPE,via,118010,114000,119610,114480,1600,via_1600x480
VSS,met3-met4,STRIPE,via,90964,114000,92564,114480,1600,via3_1600x480
VSS,met2-met3,STRIPE,via,90964,114000,92564,114480,1600,via2_1600x480
VSS,met1-met2,STRIPE,via,90964,114000,92564,114480,1600,via_1600x480
VSS,met3-met4,STRIPE,via,64799,114000,66399,114480,1600,via3_1600x480
VSS,met2-met3,STRIPE,via,64799,114000,66399,114480,1600,via2_1600x480
VSS,met1-met2,STRIPE,via,64799,114000,66399,114480,1600,via_1600x480
VSS,met3-met4,STRIPE,via,35941,114000,37541,114480,1600,via3_1600x480
VSS,met2-met3,STRIPE,via,35941,114000,37541,114480,1600,via2_1600x480
VSS,met1-met2,STRIPE,via,35941,114000,37541,114480,1600,via_1600x480
VSS,met3-met4,STRIPE,via,252682,108560,254282,109040,1600,via3_1600x480
VSS,met2-met3,STRIPE,via,252682,108560,254282,109040,1600,via2_1600x480
VSS,met1-met2,STRIPE,via,252682,108560,254282,109040,1600,via_1600x480
VSS,met3-met4,STRIPE,via,226698,108560,228298,109040,1600,via3_1600x480
VSS,met2-met3,STRIPE,via,226698,108560,228298,109040,1600,via2_1600x480
VSS,met1-met2,STRIPE,via,226698,108560,228298,109040,1600,via_1600x480
VSS,met3-met4,STRIPE,via,198662,108560,200262,109040,1600,via3_1600x480
VSS,met2-met3,STRIPE,via,198662,108560,200262,109040,1600,via2_1600x480
VSS,met1-met2,STRIPE,via,198662,108560,200262,109040,1600,via_1600x480
VSS,met3-met4,STRIPE,via,171970,108560,173570,109040,1600,via3_1600x480
VSS,met2-met3,STRIPE,via,171970,108560,173570,109040,1600,via2_1600x480
VSS,met1-met2,STRIPE,via,171970,108560,173570,109040,1600,via_1600x480
VSS,met3-met4,STRIPE,via,145997,108560,147597,109040,1600,via3_1600x480
VSS,met2-met3,STRIPE,via,145997,108560,147597,109040,1600,via2_1600x480
VSS,met1-met2,STRIPE,via,145997,108560,147597,109040,1600,via_1600x480
VSS,met3-met4,STRIPE,via,118010,108560,119610,109040,1600,via3_1600x480
VSS,met2-met3,STRIPE,via,118010,108560,119610,109040,1600,via2_1600x480
VSS,met1-met2,STRIPE,via,118010,108560,119610,109040,1600,via_1600x480
VSS,met3-met4,STRIPE,via,90964,108560,92564,109040,1600,via3_1600x480
VSS,met2-met3,STRIPE,via,90964,108560,92564,109040,1600,via2_1600x480
VSS,met1-met2,STRIPE,via,90964,108560,92564,109040,1600,via_1600x480
VSS,met3-met4,STRIPE,via,64799,108560,66399,109040,1600,via3_1600x480
VSS,met2-met3,STRIPE,via,64799,108560,66399,109040,1600,via2_1600x480
VSS,met1-met2,STRIPE,via,64799,108560,66399,109040,1600,via_1600x480
VSS,met3-met4,STRIPE,via,35941,108560,37541,109040,1600,via3_1600x480
VSS,met2-met3,STRIPE,via,35941,108560,37541,109040,1600,via2_1600x480
VSS,met1-met2,STRIPE,via,35941,108560,37541,109040,1600,via_1600x480
VSS,met3-met4,STRIPE,via,252682,103120,254282,103600,1600,via3_1600x480
VSS,met2-met3,STRIPE,via,252682,103120,254282,103600,1600,via2_1600x480
VSS,met1-met2,STRIPE,via,252682,103120,254282,103600,1600,via_1600x480
VSS,met3-met4,STRIPE,via,226698,103120,228298,103600,1600,via3_1600x480
VSS,met2-met3,STRIPE,via,226698,103120,228298,103600,1600,via2_1600x480
VSS,met1-met2,STRIPE,via,226698,103120,228298,103600,1600,via_1600x480
VSS,met3-met4,STRIPE,via,198662,103120,200262,103600,1600,via3_1600x480
VSS,met2-met3,STRIPE,via,198662,103120,200262,103600,1600,via2_1600x480
VSS,met1-met2,STRIPE,via,198662,103120,200262,103600,1600,via_1600x480
VSS,met3-met4,STRIPE,via,171970,103120,173570,103600,1600,via3_1600x480
VSS,met2-met3,STRIPE,via,171970,103120,173570,103600,1600,via2_1600x480
VSS,met1-met2,STRIPE,via,171970,103120,173570,103600,1600,via_1600x480
VSS,met3-met4,STRIPE,via,145997,103120,147597,103600,1600,via3_1600x480
VSS,met2-met3,STRIPE,via,145997,103120,147597,103600,1600,via2_1600x480
VSS,met1-met2,STRIPE,via,145997,103120,147597,103600,1600,via_1600x480
VSS,met3-met4,STRIPE,via,118010,103120,119610,103600,1600,via3_1600x480
VSS,met2-met3,STRIPE,via,118010,103120,119610,103600,1600,via2_1600x480
VSS,met1-met2,STRIPE,via,118010,103120,119610,103600,1600,via_1600x480
VSS,met3-met4,STRIPE,via,90964,103120,92564,103600,1600,via3_1600x480
VSS,met2-met3,STRIPE,via,90964,103120,92564,103600,1600,via2_1600x480
VSS,met1-met2,STRIPE,via,90964,103120,92564,103600,1600,via_1600x480
VSS,met3-met4,STRIPE,via,64799,103120,66399,103600,1600,via3_1600x480
VSS,met2-met3,STRIPE,via,64799,103120,66399,103600,1600,via2_1600x480
VSS,met1-met2,STRIPE,via,64799,103120,66399,103600,1600,via_1600x480
VSS,met3-met4,STRIPE,via,35941,103120,37541,103600,1600,via3_1600x480
VSS,met2-met3,STRIPE,via,35941,103120,37541,103600,1600,via2_1600x480
VSS,met1-met2,STRIPE,via,35941,103120,37541,103600,1600,via_1600x480
VSS,met3-met4,STRIPE,via,252682,97680,254282,98160,1600,via3_1600x480
VSS,met2-met3,STRIPE,via,252682,97680,254282,98160,1600,via2_1600x480
VSS,met1-met2,STRIPE,via,252682,97680,254282,98160,1600,via_1600x480
VSS,met3-met4,STRIPE,via,226698,97680,228298,98160,1600,via3_1600x480
VSS,met2-met3,STRIPE,via,226698,97680,228298,98160,1600,via2_1600x480
VSS,met1-met2,STRIPE,via,226698,97680,228298,98160,1600,via_1600x480
VSS,met3-met4,STRIPE,via,198662,97680,200262,98160,1600,via3_1600x480
VSS,met2-met3,STRIPE,via,198662,97680,200262,98160,1600,via2_1600x480
VSS,met1-met2,STRIPE,via,198662,97680,200262,98160,1600,via_1600x480
VSS,met3-met4,STRIPE,via,171970,97680,173570,98160,1600,via3_1600x480
VSS,met2-met3,STRIPE,via,171970,97680,173570,98160,1600,via2_1600x480
VSS,met1-met2,STRIPE,via,171970,97680,173570,98160,1600,via_1600x480
VSS,met3-met4,STRIPE,via,145997,97680,147597,98160,1600,via3_1600x480
VSS,met2-met3,STRIPE,via,145997,97680,147597,98160,1600,via2_1600x480
VSS,met1-met2,STRIPE,via,145997,97680,147597,98160,1600,via_1600x480
VSS,met3-met4,STRIPE,via,118010,97680,119610,98160,1600,via3_1600x480
VSS,met2-met3,STRIPE,via,118010,97680,119610,98160,1600,via2_1600x480
VSS,met1-met2,STRIPE,via,118010,97680,119610,98160,1600,via_1600x480
VSS,met3-met4,STRIPE,via,90964,97680,92564,98160,1600,via3_1600x480
VSS,met2-met3,STRIPE,via,90964,97680,92564,98160,1600,via2_1600x480
VSS,met1-met2,STRIPE,via,90964,97680,92564,98160,1600,via_1600x480
VSS,met3-met4,STRIPE,via,64799,97680,66399,98160,1600,via3_1600x480
VSS,met2-met3,STRIPE,via,64799,97680,66399,98160,1600,via2_1600x480
VSS,met1-met2,STRIPE,via,64799,97680,66399,98160,1600,via_1600x480
VSS,met3-met4,STRIPE,via,35941,97680,37541,98160,1600,via3_1600x480
VSS,met2-met3,STRIPE,via,35941,97680,37541,98160,1600,via2_1600x480
VSS,met1-met2,STRIPE,via,35941,97680,37541,98160,1600,via_1600x480
VSS,met3-met4,STRIPE,via,252682,92240,254282,92720,1600,via3_1600x480
VSS,met2-met3,STRIPE,via,252682,92240,254282,92720,1600,via2_1600x480
VSS,met1-met2,STRIPE,via,252682,92240,254282,92720,1600,via_1600x480
VSS,met3-met4,STRIPE,via,226698,92240,228298,92720,1600,via3_1600x480
VSS,met2-met3,STRIPE,via,226698,92240,228298,92720,1600,via2_1600x480
VSS,met1-met2,STRIPE,via,226698,92240,228298,92720,1600,via_1600x480
VSS,met3-met4,STRIPE,via,198662,92240,200262,92720,1600,via3_1600x480
VSS,met2-met3,STRIPE,via,198662,92240,200262,92720,1600,via2_1600x480
VSS,met1-met2,STRIPE,via,198662,92240,200262,92720,1600,via_1600x480
VSS,met3-met4,STRIPE,via,171970,92240,173570,92720,1600,via3_1600x480
VSS,met2-met3,STRIPE,via,171970,92240,173570,92720,1600,via2_1600x480
VSS,met1-met2,STRIPE,via,171970,92240,173570,92720,1600,via_1600x480
VSS,met3-met4,STRIPE,via,145997,92240,147597,92720,1600,via3_1600x480
VSS,met2-met3,STRIPE,via,145997,92240,147597,92720,1600,via2_1600x480
VSS,met1-met2,STRIPE,via,145997,92240,147597,92720,1600,via_1600x480
VSS,met3-met4,STRIPE,via,118010,92240,119610,92720,1600,via3_1600x480
VSS,met2-met3,STRIPE,via,118010,92240,119610,92720,1600,via2_1600x480
VSS,met1-met2,STRIPE,via,118010,92240,119610,92720,1600,via_1600x480
VSS,met3-met4,STRIPE,via,90964,92240,92564,92720,1600,via3_1600x480
VSS,met2-met3,STRIPE,via,90964,92240,92564,92720,1600,via2_1600x480
VSS,met1-met2,STRIPE,via,90964,92240,92564,92720,1600,via_1600x480
VSS,met3-met4,STRIPE,via,64799,92240,66399,92720,1600,via3_1600x480
VSS,met2-met3,STRIPE,via,64799,92240,66399,92720,1600,via2_1600x480
VSS,met1-met2,STRIPE,via,64799,92240,66399,92720,1600,via_1600x480
VSS,met3-met4,STRIPE,via,35941,92240,37541,92720,1600,via3_1600x480
VSS,met2-met3,STRIPE,via,35941,92240,37541,92720,1600,via2_1600x480
VSS,met1-met2,STRIPE,via,35941,92240,37541,92720,1600,via_1600x480
VSS,met3-met4,STRIPE,via,252682,86800,254282,87280,1600,via3_1600x480
VSS,met2-met3,STRIPE,via,252682,86800,254282,87280,1600,via2_1600x480
VSS,met1-met2,STRIPE,via,252682,86800,254282,87280,1600,via_1600x480
VSS,met3-met4,STRIPE,via,226698,86800,228298,87280,1600,via3_1600x480
VSS,met2-met3,STRIPE,via,226698,86800,228298,87280,1600,via2_1600x480
VSS,met1-met2,STRIPE,via,226698,86800,228298,87280,1600,via_1600x480
VSS,met3-met4,STRIPE,via,198662,86800,200262,87280,1600,via3_1600x480
VSS,met2-met3,STRIPE,via,198662,86800,200262,87280,1600,via2_1600x480
VSS,met1-met2,STRIPE,via,198662,86800,200262,87280,1600,via_1600x480
VSS,met3-met4,STRIPE,via,171970,86800,173570,87280,1600,via3_1600x480
VSS,met2-met3,STRIPE,via,171970,86800,173570,87280,1600,via2_1600x480
VSS,met1-met2,STRIPE,via,171970,86800,173570,87280,1600,via_1600x480
VSS,met3-met4,STRIPE,via,145997,86800,147597,87280,1600,via3_1600x480
VSS,met2-met3,STRIPE,via,145997,86800,147597,87280,1600,via2_1600x480
VSS,met1-met2,STRIPE,via,145997,86800,147597,87280,1600,via_1600x480
VSS,met3-met4,STRIPE,via,118010,86800,119610,87280,1600,via3_1600x480
VSS,met2-met3,STRIPE,via,118010,86800,119610,87280,1600,via2_1600x480
VSS,met1-met2,STRIPE,via,118010,86800,119610,87280,1600,via_1600x480
VSS,met3-met4,STRIPE,via,90964,86800,92564,87280,1600,via3_1600x480
VSS,met2-met3,STRIPE,via,90964,86800,92564,87280,1600,via2_1600x480
VSS,met1-met2,STRIPE,via,90964,86800,92564,87280,1600,via_1600x480
VSS,met3-met4,STRIPE,via,64799,86800,66399,87280,1600,via3_1600x480
VSS,met2-met3,STRIPE,via,64799,86800,66399,87280,1600,via2_1600x480
VSS,met1-met2,STRIPE,via,64799,86800,66399,87280,1600,via_1600x480
VSS,met3-met4,STRIPE,via,35941,86800,37541,87280,1600,via3_1600x480
VSS,met2-met3,STRIPE,via,35941,86800,37541,87280,1600,via2_1600x480
VSS,met1-met2,STRIPE,via,35941,86800,37541,87280,1600,via_1600x480
VSS,met3-met4,STRIPE,via,252682,81360,254282,81840,1600,via3_1600x480
VSS,met2-met3,STRIPE,via,252682,81360,254282,81840,1600,via2_1600x480
VSS,met1-met2,STRIPE,via,252682,81360,254282,81840,1600,via_1600x480
VSS,met3-met4,STRIPE,via,226698,81360,228298,81840,1600,via3_1600x480
VSS,met2-met3,STRIPE,via,226698,81360,228298,81840,1600,via2_1600x480
VSS,met1-met2,STRIPE,via,226698,81360,228298,81840,1600,via_1600x480
VSS,met3-met4,STRIPE,via,198662,81360,200262,81840,1600,via3_1600x480
VSS,met2-met3,STRIPE,via,198662,81360,200262,81840,1600,via2_1600x480
VSS,met1-met2,STRIPE,via,198662,81360,200262,81840,1600,via_1600x480
VSS,met3-met4,STRIPE,via,171970,81360,173570,81840,1600,via3_1600x480
VSS,met2-met3,STRIPE,via,171970,81360,173570,81840,1600,via2_1600x480
VSS,met1-met2,STRIPE,via,171970,81360,173570,81840,1600,via_1600x480
VSS,met3-met4,STRIPE,via,145997,81360,147597,81840,1600,via3_1600x480
VSS,met2-met3,STRIPE,via,145997,81360,147597,81840,1600,via2_1600x480
VSS,met1-met2,STRIPE,via,145997,81360,147597,81840,1600,via_1600x480
VSS,met3-met4,STRIPE,via,118010,81360,119610,81840,1600,via3_1600x480
VSS,met2-met3,STRIPE,via,118010,81360,119610,81840,1600,via2_1600x480
VSS,met1-met2,STRIPE,via,118010,81360,119610,81840,1600,via_1600x480
VSS,met3-met4,STRIPE,via,90964,81360,92564,81840,1600,via3_1600x480
VSS,met2-met3,STRIPE,via,90964,81360,92564,81840,1600,via2_1600x480
VSS,met1-met2,STRIPE,via,90964,81360,92564,81840,1600,via_1600x480
VSS,met3-met4,STRIPE,via,64799,81360,66399,81840,1600,via3_1600x480
VSS,met2-met3,STRIPE,via,64799,81360,66399,81840,1600,via2_1600x480
VSS,met1-met2,STRIPE,via,64799,81360,66399,81840,1600,via_1600x480
VSS,met3-met4,STRIPE,via,35941,81360,37541,81840,1600,via3_1600x480
VSS,met2-met3,STRIPE,via,35941,81360,37541,81840,1600,via2_1600x480
VSS,met1-met2,STRIPE,via,35941,81360,37541,81840,1600,via_1600x480
VSS,met3-met4,STRIPE,via,252682,75920,254282,76400,1600,via3_1600x480
VSS,met2-met3,STRIPE,via,252682,75920,254282,76400,1600,via2_1600x480
VSS,met1-met2,STRIPE,via,252682,75920,254282,76400,1600,via_1600x480
VSS,met3-met4,STRIPE,via,226698,75920,228298,76400,1600,via3_1600x480
VSS,met2-met3,STRIPE,via,226698,75920,228298,76400,1600,via2_1600x480
VSS,met1-met2,STRIPE,via,226698,75920,228298,76400,1600,via_1600x480
VSS,met3-met4,STRIPE,via,198662,75920,200262,76400,1600,via3_1600x480
VSS,met2-met3,STRIPE,via,198662,75920,200262,76400,1600,via2_1600x480
VSS,met1-met2,STRIPE,via,198662,75920,200262,76400,1600,via_1600x480
VSS,met3-met4,STRIPE,via,171970,75920,173570,76400,1600,via3_1600x480
VSS,met2-met3,STRIPE,via,171970,75920,173570,76400,1600,via2_1600x480
VSS,met1-met2,STRIPE,via,171970,75920,173570,76400,1600,via_1600x480
VSS,met3-met4,STRIPE,via,145997,75920,147597,76400,1600,via3_1600x480
VSS,met2-met3,STRIPE,via,145997,75920,147597,76400,1600,via2_1600x480
VSS,met1-met2,STRIPE,via,145997,75920,147597,76400,1600,via_1600x480
VSS,met3-met4,STRIPE,via,118010,75920,119610,76400,1600,via3_1600x480
VSS,met2-met3,STRIPE,via,118010,75920,119610,76400,1600,via2_1600x480
VSS,met1-met2,STRIPE,via,118010,75920,119610,76400,1600,via_1600x480
VSS,met3-met4,STRIPE,via,90964,75920,92564,76400,1600,via3_1600x480
VSS,met2-met3,STRIPE,via,90964,75920,92564,76400,1600,via2_1600x480
VSS,met1-met2,STRIPE,via,90964,75920,92564,76400,1600,via_1600x480
VSS,met3-met4,STRIPE,via,64799,75920,66399,76400,1600,via3_1600x480
VSS,met2-met3,STRIPE,via,64799,75920,66399,76400,1600,via2_1600x480
VSS,met1-met2,STRIPE,via,64799,75920,66399,76400,1600,via_1600x480
VSS,met3-met4,STRIPE,via,35941,75920,37541,76400,1600,via3_1600x480
VSS,met2-met3,STRIPE,via,35941,75920,37541,76400,1600,via2_1600x480
VSS,met1-met2,STRIPE,via,35941,75920,37541,76400,1600,via_1600x480
VSS,met3-met4,STRIPE,via,252682,70480,254282,70960,1600,via3_1600x480
VSS,met2-met3,STRIPE,via,252682,70480,254282,70960,1600,via2_1600x480
VSS,met1-met2,STRIPE,via,252682,70480,254282,70960,1600,via_1600x480
VSS,met3-met4,STRIPE,via,226698,70480,228298,70960,1600,via3_1600x480
VSS,met2-met3,STRIPE,via,226698,70480,228298,70960,1600,via2_1600x480
VSS,met1-met2,STRIPE,via,226698,70480,228298,70960,1600,via_1600x480
VSS,met3-met4,STRIPE,via,198662,70480,200262,70960,1600,via3_1600x480
VSS,met2-met3,STRIPE,via,198662,70480,200262,70960,1600,via2_1600x480
VSS,met1-met2,STRIPE,via,198662,70480,200262,70960,1600,via_1600x480
VSS,met3-met4,STRIPE,via,171970,70480,173570,70960,1600,via3_1600x480
VSS,met2-met3,STRIPE,via,171970,70480,173570,70960,1600,via2_1600x480
VSS,met1-met2,STRIPE,via,171970,70480,173570,70960,1600,via_1600x480
VSS,met3-met4,STRIPE,via,145997,70480,147597,70960,1600,via3_1600x480
VSS,met2-met3,STRIPE,via,145997,70480,147597,70960,1600,via2_1600x480
VSS,met1-met2,STRIPE,via,145997,70480,147597,70960,1600,via_1600x480
VSS,met3-met4,STRIPE,via,118010,70480,119610,70960,1600,via3_1600x480
VSS,met2-met3,STRIPE,via,118010,70480,119610,70960,1600,via2_1600x480
VSS,met1-met2,STRIPE,via,118010,70480,119610,70960,1600,via_1600x480
VSS,met3-met4,STRIPE,via,90964,70480,92564,70960,1600,via3_1600x480
VSS,met2-met3,STRIPE,via,90964,70480,92564,70960,1600,via2_1600x480
VSS,met1-met2,STRIPE,via,90964,70480,92564,70960,1600,via_1600x480
VSS,met3-met4,STRIPE,via,64799,70480,66399,70960,1600,via3_1600x480
VSS,met2-met3,STRIPE,via,64799,70480,66399,70960,1600,via2_1600x480
VSS,met1-met2,STRIPE,via,64799,70480,66399,70960,1600,via_1600x480
VSS,met3-met4,STRIPE,via,35941,70480,37541,70960,1600,via3_1600x480
VSS,met2-met3,STRIPE,via,35941,70480,37541,70960,1600,via2_1600x480
VSS,met1-met2,STRIPE,via,35941,70480,37541,70960,1600,via_1600x480
VSS,met3-met4,STRIPE,via,252682,65040,254282,65520,1600,via3_1600x480
VSS,met2-met3,STRIPE,via,252682,65040,254282,65520,1600,via2_1600x480
VSS,met1-met2,STRIPE,via,252682,65040,254282,65520,1600,via_1600x480
VSS,met3-met4,STRIPE,via,226698,65040,228298,65520,1600,via3_1600x480
VSS,met2-met3,STRIPE,via,226698,65040,228298,65520,1600,via2_1600x480
VSS,met1-met2,STRIPE,via,226698,65040,228298,65520,1600,via_1600x480
VSS,met3-met4,STRIPE,via,198662,65040,200262,65520,1600,via3_1600x480
VSS,met2-met3,STRIPE,via,198662,65040,200262,65520,1600,via2_1600x480
VSS,met1-met2,STRIPE,via,198662,65040,200262,65520,1600,via_1600x480
VSS,met3-met4,STRIPE,via,171970,65040,173570,65520,1600,via3_1600x480
VSS,met2-met3,STRIPE,via,171970,65040,173570,65520,1600,via2_1600x480
VSS,met1-met2,STRIPE,via,171970,65040,173570,65520,1600,via_1600x480
VSS,met3-met4,STRIPE,via,145997,65040,147597,65520,1600,via3_1600x480
VSS,met2-met3,STRIPE,via,145997,65040,147597,65520,1600,via2_1600x480
VSS,met1-met2,STRIPE,via,145997,65040,147597,65520,1600,via_1600x480
VSS,met3-met4,STRIPE,via,118010,65040,119610,65520,1600,via3_1600x480
VSS,met2-met3,STRIPE,via,118010,65040,119610,65520,1600,via2_1600x480
VSS,met1-met2,STRIPE,via,118010,65040,119610,65520,1600,via_1600x480
VSS,met3-met4,STRIPE,via,90964,65040,92564,65520,1600,via3_1600x480
VSS,met2-met3,STRIPE,via,90964,65040,92564,65520,1600,via2_1600x480
VSS,met1-met2,STRIPE,via,90964,65040,92564,65520,1600,via_1600x480
VSS,met3-met4,STRIPE,via,64799,65040,66399,65520,1600,via3_1600x480
VSS,met2-met3,STRIPE,via,64799,65040,66399,65520,1600,via2_1600x480
VSS,met1-met2,STRIPE,via,64799,65040,66399,65520,1600,via_1600x480
VSS,met3-met4,STRIPE,via,35941,65040,37541,65520,1600,via3_1600x480
VSS,met2-met3,STRIPE,via,35941,65040,37541,65520,1600,via2_1600x480
VSS,met1-met2,STRIPE,via,35941,65040,37541,65520,1600,via_1600x480
VSS,met3-met4,STRIPE,via,252682,59600,254282,60080,1600,via3_1600x480
VSS,met2-met3,STRIPE,via,252682,59600,254282,60080,1600,via2_1600x480
VSS,met1-met2,STRIPE,via,252682,59600,254282,60080,1600,via_1600x480
VSS,met3-met4,STRIPE,via,226698,59600,228298,60080,1600,via3_1600x480
VSS,met2-met3,STRIPE,via,226698,59600,228298,60080,1600,via2_1600x480
VSS,met1-met2,STRIPE,via,226698,59600,228298,60080,1600,via_1600x480
VSS,met3-met4,STRIPE,via,198662,59600,200262,60080,1600,via3_1600x480
VSS,met2-met3,STRIPE,via,198662,59600,200262,60080,1600,via2_1600x480
VSS,met1-met2,STRIPE,via,198662,59600,200262,60080,1600,via_1600x480
VSS,met3-met4,STRIPE,via,171970,59600,173570,60080,1600,via3_1600x480
VSS,met2-met3,STRIPE,via,171970,59600,173570,60080,1600,via2_1600x480
VSS,met1-met2,STRIPE,via,171970,59600,173570,60080,1600,via_1600x480
VSS,met3-met4,STRIPE,via,145997,59600,147597,60080,1600,via3_1600x480
VSS,met2-met3,STRIPE,via,145997,59600,147597,60080,1600,via2_1600x480
VSS,met1-met2,STRIPE,via,145997,59600,147597,60080,1600,via_1600x480
VSS,met3-met4,STRIPE,via,118010,59600,119610,60080,1600,via3_1600x480
VSS,met2-met3,STRIPE,via,118010,59600,119610,60080,1600,via2_1600x480
VSS,met1-met2,STRIPE,via,118010,59600,119610,60080,1600,via_1600x480
VSS,met3-met4,STRIPE,via,90964,59600,92564,60080,1600,via3_1600x480
VSS,met2-met3,STRIPE,via,90964,59600,92564,60080,1600,via2_1600x480
VSS,met1-met2,STRIPE,via,90964,59600,92564,60080,1600,via_1600x480
VSS,met3-met4,STRIPE,via,64799,59600,66399,60080,1600,via3_1600x480
VSS,met2-met3,STRIPE,via,64799,59600,66399,60080,1600,via2_1600x480
VSS,met1-met2,STRIPE,via,64799,59600,66399,60080,1600,via_1600x480
VSS,met3-met4,STRIPE,via,35941,59600,37541,60080,1600,via3_1600x480
VSS,met2-met3,STRIPE,via,35941,59600,37541,60080,1600,via2_1600x480
VSS,met1-met2,STRIPE,via,35941,59600,37541,60080,1600,via_1600x480
VSS,met3-met4,STRIPE,via,252682,54160,254282,54640,1600,via3_1600x480
VSS,met2-met3,STRIPE,via,252682,54160,254282,54640,1600,via2_1600x480
VSS,met1-met2,STRIPE,via,252682,54160,254282,54640,1600,via_1600x480
VSS,met3-met4,STRIPE,via,226698,54160,228298,54640,1600,via3_1600x480
VSS,met2-met3,STRIPE,via,226698,54160,228298,54640,1600,via2_1600x480
VSS,met1-met2,STRIPE,via,226698,54160,228298,54640,1600,via_1600x480
VSS,met3-met4,STRIPE,via,198662,54160,200262,54640,1600,via3_1600x480
VSS,met2-met3,STRIPE,via,198662,54160,200262,54640,1600,via2_1600x480
VSS,met1-met2,STRIPE,via,198662,54160,200262,54640,1600,via_1600x480
VSS,met3-met4,STRIPE,via,171970,54160,173570,54640,1600,via3_1600x480
VSS,met2-met3,STRIPE,via,171970,54160,173570,54640,1600,via2_1600x480
VSS,met1-met2,STRIPE,via,171970,54160,173570,54640,1600,via_1600x480
VSS,met3-met4,STRIPE,via,145997,54160,147597,54640,1600,via3_1600x480
VSS,met2-met3,STRIPE,via,145997,54160,147597,54640,1600,via2_1600x480
VSS,met1-met2,STRIPE,via,145997,54160,147597,54640,1600,via_1600x480
VSS,met3-met4,STRIPE,via,118010,54160,119610,54640,1600,via3_1600x480
VSS,met2-met3,STRIPE,via,118010,54160,119610,54640,1600,via2_1600x480
VSS,met1-met2,STRIPE,via,118010,54160,119610,54640,1600,via_1600x480
VSS,met3-met4,STRIPE,via,90964,54160,92564,54640,1600,via3_1600x480
VSS,met2-met3,STRIPE,via,90964,54160,92564,54640,1600,via2_1600x480
VSS,met1-met2,STRIPE,via,90964,54160,92564,54640,1600,via_1600x480
VSS,met3-met4,STRIPE,via,64799,54160,66399,54640,1600,via3_1600x480
VSS,met2-met3,STRIPE,via,64799,54160,66399,54640,1600,via2_1600x480
VSS,met1-met2,STRIPE,via,64799,54160,66399,54640,1600,via_1600x480
VSS,met3-met4,STRIPE,via,35941,54160,37541,54640,1600,via3_1600x480
VSS,met2-met3,STRIPE,via,35941,54160,37541,54640,1600,via2_1600x480
VSS,met1-met2,STRIPE,via,35941,54160,37541,54640,1600,via_1600x480
VSS,met3-met4,STRIPE,via,252682,48720,254282,49200,1600,via3_1600x480
VSS,met2-met3,STRIPE,via,252682,48720,254282,49200,1600,via2_1600x480
VSS,met1-met2,STRIPE,via,252682,48720,254282,49200,1600,via_1600x480
VSS,met3-met4,STRIPE,via,226698,48720,228298,49200,1600,via3_1600x480
VSS,met2-met3,STRIPE,via,226698,48720,228298,49200,1600,via2_1600x480
VSS,met1-met2,STRIPE,via,226698,48720,228298,49200,1600,via_1600x480
VSS,met3-met4,STRIPE,via,198662,48720,200262,49200,1600,via3_1600x480
VSS,met2-met3,STRIPE,via,198662,48720,200262,49200,1600,via2_1600x480
VSS,met1-met2,STRIPE,via,198662,48720,200262,49200,1600,via_1600x480
VSS,met3-met4,STRIPE,via,171970,48720,173570,49200,1600,via3_1600x480
VSS,met2-met3,STRIPE,via,171970,48720,173570,49200,1600,via2_1600x480
VSS,met1-met2,STRIPE,via,171970,48720,173570,49200,1600,via_1600x480
VSS,met3-met4,STRIPE,via,145997,48720,147597,49200,1600,via3_1600x480
VSS,met2-met3,STRIPE,via,145997,48720,147597,49200,1600,via2_1600x480
VSS,met1-met2,STRIPE,via,145997,48720,147597,49200,1600,via_1600x480
VSS,met3-met4,STRIPE,via,118010,48720,119610,49200,1600,via3_1600x480
VSS,met2-met3,STRIPE,via,118010,48720,119610,49200,1600,via2_1600x480
VSS,met1-met2,STRIPE,via,118010,48720,119610,49200,1600,via_1600x480
VSS,met3-met4,STRIPE,via,90964,48720,92564,49200,1600,via3_1600x480
VSS,met2-met3,STRIPE,via,90964,48720,92564,49200,1600,via2_1600x480
VSS,met1-met2,STRIPE,via,90964,48720,92564,49200,1600,via_1600x480
VSS,met3-met4,STRIPE,via,64799,48720,66399,49200,1600,via3_1600x480
VSS,met2-met3,STRIPE,via,64799,48720,66399,49200,1600,via2_1600x480
VSS,met1-met2,STRIPE,via,64799,48720,66399,49200,1600,via_1600x480
VSS,met3-met4,STRIPE,via,35941,48720,37541,49200,1600,via3_1600x480
VSS,met2-met3,STRIPE,via,35941,48720,37541,49200,1600,via2_1600x480
VSS,met1-met2,STRIPE,via,35941,48720,37541,49200,1600,via_1600x480
VSS,met3-met4,STRIPE,via,252682,43280,254282,43760,1600,via3_1600x480
VSS,met2-met3,STRIPE,via,252682,43280,254282,43760,1600,via2_1600x480
VSS,met1-met2,STRIPE,via,252682,43280,254282,43760,1600,via_1600x480
VSS,met3-met4,STRIPE,via,226698,43280,228298,43760,1600,via3_1600x480
VSS,met2-met3,STRIPE,via,226698,43280,228298,43760,1600,via2_1600x480
VSS,met1-met2,STRIPE,via,226698,43280,228298,43760,1600,via_1600x480
VSS,met3-met4,STRIPE,via,198662,43280,200262,43760,1600,via3_1600x480
VSS,met2-met3,STRIPE,via,198662,43280,200262,43760,1600,via2_1600x480
VSS,met1-met2,STRIPE,via,198662,43280,200262,43760,1600,via_1600x480
VSS,met3-met4,STRIPE,via,171970,43280,173570,43760,1600,via3_1600x480
VSS,met2-met3,STRIPE,via,171970,43280,173570,43760,1600,via2_1600x480
VSS,met1-met2,STRIPE,via,171970,43280,173570,43760,1600,via_1600x480
VSS,met3-met4,STRIPE,via,145997,43280,147597,43760,1600,via3_1600x480
VSS,met2-met3,STRIPE,via,145997,43280,147597,43760,1600,via2_1600x480
VSS,met1-met2,STRIPE,via,145997,43280,147597,43760,1600,via_1600x480
VSS,met3-met4,STRIPE,via,118010,43280,119610,43760,1600,via3_1600x480
VSS,met2-met3,STRIPE,via,118010,43280,119610,43760,1600,via2_1600x480
VSS,met1-met2,STRIPE,via,118010,43280,119610,43760,1600,via_1600x480
VSS,met3-met4,STRIPE,via,90964,43280,92564,43760,1600,via3_1600x480
VSS,met2-met3,STRIPE,via,90964,43280,92564,43760,1600,via2_1600x480
VSS,met1-met2,STRIPE,via,90964,43280,92564,43760,1600,via_1600x480
VSS,met3-met4,STRIPE,via,64799,43280,66399,43760,1600,via3_1600x480
VSS,met2-met3,STRIPE,via,64799,43280,66399,43760,1600,via2_1600x480
VSS,met1-met2,STRIPE,via,64799,43280,66399,43760,1600,via_1600x480
VSS,met3-met4,STRIPE,via,35941,43280,37541,43760,1600,via3_1600x480
VSS,met2-met3,STRIPE,via,35941,43280,37541,43760,1600,via2_1600x480
VSS,met1-met2,STRIPE,via,35941,43280,37541,43760,1600,via_1600x480
VSS,met3-met4,STRIPE,via,252682,37840,254282,38320,1600,via3_1600x480
VSS,met2-met3,STRIPE,via,252682,37840,254282,38320,1600,via2_1600x480
VSS,met1-met2,STRIPE,via,252682,37840,254282,38320,1600,via_1600x480
VSS,met3-met4,STRIPE,via,226698,37840,228298,38320,1600,via3_1600x480
VSS,met2-met3,STRIPE,via,226698,37840,228298,38320,1600,via2_1600x480
VSS,met1-met2,STRIPE,via,226698,37840,228298,38320,1600,via_1600x480
VSS,met3-met4,STRIPE,via,198662,37840,200262,38320,1600,via3_1600x480
VSS,met2-met3,STRIPE,via,198662,37840,200262,38320,1600,via2_1600x480
VSS,met1-met2,STRIPE,via,198662,37840,200262,38320,1600,via_1600x480
VSS,met3-met4,STRIPE,via,171970,37840,173570,38320,1600,via3_1600x480
VSS,met2-met3,STRIPE,via,171970,37840,173570,38320,1600,via2_1600x480
VSS,met1-met2,STRIPE,via,171970,37840,173570,38320,1600,via_1600x480
VSS,met3-met4,STRIPE,via,145997,37840,147597,38320,1600,via3_1600x480
VSS,met2-met3,STRIPE,via,145997,37840,147597,38320,1600,via2_1600x480
VSS,met1-met2,STRIPE,via,145997,37840,147597,38320,1600,via_1600x480
VSS,met3-met4,STRIPE,via,118010,37840,119610,38320,1600,via3_1600x480
VSS,met2-met3,STRIPE,via,118010,37840,119610,38320,1600,via2_1600x480
VSS,met1-met2,STRIPE,via,118010,37840,119610,38320,1600,via_1600x480
VSS,met3-met4,STRIPE,via,90964,37840,92564,38320,1600,via3_1600x480
VSS,met2-met3,STRIPE,via,90964,37840,92564,38320,1600,via2_1600x480
VSS,met1-met2,STRIPE,via,90964,37840,92564,38320,1600,via_1600x480
VSS,met3-met4,STRIPE,via,64799,37840,66399,38320,1600,via3_1600x480
VSS,met2-met3,STRIPE,via,64799,37840,66399,38320,1600,via2_1600x480
VSS,met1-met2,STRIPE,via,64799,37840,66399,38320,1600,via_1600x480
VSS,met3-met4,STRIPE,via,35941,37840,37541,38320,1600,via3_1600x480
VSS,met2-met3,STRIPE,via,35941,37840,37541,38320,1600,via2_1600x480
VSS,met1-met2,STRIPE,via,35941,37840,37541,38320,1600,via_1600x480
VSS,met3-met4,STRIPE,via,252682,32400,254282,32880,1600,via3_1600x480
VSS,met2-met3,STRIPE,via,252682,32400,254282,32880,1600,via2_1600x480
VSS,met1-met2,STRIPE,via,252682,32400,254282,32880,1600,via_1600x480
VSS,met3-met4,STRIPE,via,226698,32400,228298,32880,1600,via3_1600x480
VSS,met2-met3,STRIPE,via,226698,32400,228298,32880,1600,via2_1600x480
VSS,met1-met2,STRIPE,via,226698,32400,228298,32880,1600,via_1600x480
VSS,met3-met4,STRIPE,via,198662,32400,200262,32880,1600,via3_1600x480
VSS,met2-met3,STRIPE,via,198662,32400,200262,32880,1600,via2_1600x480
VSS,met1-met2,STRIPE,via,198662,32400,200262,32880,1600,via_1600x480
VSS,met3-met4,STRIPE,via,171970,32400,173570,32880,1600,via3_1600x480
VSS,met2-met3,STRIPE,via,171970,32400,173570,32880,1600,via2_1600x480
VSS,met1-met2,STRIPE,via,171970,32400,173570,32880,1600,via_1600x480
VSS,met3-met4,STRIPE,via,145997,32400,147597,32880,1600,via3_1600x480
VSS,met2-met3,STRIPE,via,145997,32400,147597,32880,1600,via2_1600x480
VSS,met1-met2,STRIPE,via,145997,32400,147597,32880,1600,via_1600x480
VSS,met3-met4,STRIPE,via,118010,32400,119610,32880,1600,via3_1600x480
VSS,met2-met3,STRIPE,via,118010,32400,119610,32880,1600,via2_1600x480
VSS,met1-met2,STRIPE,via,118010,32400,119610,32880,1600,via_1600x480
VSS,met3-met4,STRIPE,via,90964,32400,92564,32880,1600,via3_1600x480
VSS,met2-met3,STRIPE,via,90964,32400,92564,32880,1600,via2_1600x480
VSS,met1-met2,STRIPE,via,90964,32400,92564,32880,1600,via_1600x480
VSS,met3-met4,STRIPE,via,64799,32400,66399,32880,1600,via3_1600x480
VSS,met2-met3,STRIPE,via,64799,32400,66399,32880,1600,via2_1600x480
VSS,met1-met2,STRIPE,via,64799,32400,66399,32880,1600,via_1600x480
VSS,met3-met4,STRIPE,via,35941,32400,37541,32880,1600,via3_1600x480
VSS,met2-met3,STRIPE,via,35941,32400,37541,32880,1600,via2_1600x480
VSS,met1-met2,STRIPE,via,35941,32400,37541,32880,1600,via_1600x480
VSS,met3-met4,STRIPE,via,252682,26960,254282,27440,1600,via3_1600x480
VSS,met2-met3,STRIPE,via,252682,26960,254282,27440,1600,via2_1600x480
VSS,met1-met2,STRIPE,via,252682,26960,254282,27440,1600,via_1600x480
VSS,met3-met4,STRIPE,via,226698,26960,228298,27440,1600,via3_1600x480
VSS,met2-met3,STRIPE,via,226698,26960,228298,27440,1600,via2_1600x480
VSS,met1-met2,STRIPE,via,226698,26960,228298,27440,1600,via_1600x480
VSS,met3-met4,STRIPE,via,198662,26960,200262,27440,1600,via3_1600x480
VSS,met2-met3,STRIPE,via,198662,26960,200262,27440,1600,via2_1600x480
VSS,met1-met2,STRIPE,via,198662,26960,200262,27440,1600,via_1600x480
VSS,met3-met4,STRIPE,via,171970,26960,173570,27440,1600,via3_1600x480
VSS,met2-met3,STRIPE,via,171970,26960,173570,27440,1600,via2_1600x480
VSS,met1-met2,STRIPE,via,171970,26960,173570,27440,1600,via_1600x480
VSS,met3-met4,STRIPE,via,145997,26960,147597,27440,1600,via3_1600x480
VSS,met2-met3,STRIPE,via,145997,26960,147597,27440,1600,via2_1600x480
VSS,met1-met2,STRIPE,via,145997,26960,147597,27440,1600,via_1600x480
VSS,met3-met4,STRIPE,via,118010,26960,119610,27440,1600,via3_1600x480
VSS,met2-met3,STRIPE,via,118010,26960,119610,27440,1600,via2_1600x480
VSS,met1-met2,STRIPE,via,118010,26960,119610,27440,1600,via_1600x480
VSS,met3-met4,STRIPE,via,90964,26960,92564,27440,1600,via3_1600x480
VSS,met2-met3,STRIPE,via,90964,26960,92564,27440,1600,via2_1600x480
VSS,met1-met2,STRIPE,via,90964,26960,92564,27440,1600,via_1600x480
VSS,met3-met4,STRIPE,via,64799,26960,66399,27440,1600,via3_1600x480
VSS,met2-met3,STRIPE,via,64799,26960,66399,27440,1600,via2_1600x480
VSS,met1-met2,STRIPE,via,64799,26960,66399,27440,1600,via_1600x480
VSS,met3-met4,STRIPE,via,35941,26960,37541,27440,1600,via3_1600x480
VSS,met2-met3,STRIPE,via,35941,26960,37541,27440,1600,via2_1600x480
VSS,met1-met2,STRIPE,via,35941,26960,37541,27440,1600,via_1600x480
VSS,met3-met4,STRIPE,via,252682,21520,254282,22000,1600,via3_1600x480
VSS,met2-met3,STRIPE,via,252682,21520,254282,22000,1600,via2_1600x480
VSS,met1-met2,STRIPE,via,252682,21520,254282,22000,1600,via_1600x480
VSS,met3-met4,STRIPE,via,226698,21520,228298,22000,1600,via3_1600x480
VSS,met2-met3,STRIPE,via,226698,21520,228298,22000,1600,via2_1600x480
VSS,met1-met2,STRIPE,via,226698,21520,228298,22000,1600,via_1600x480
VSS,met3-met4,STRIPE,via,198662,21520,200262,22000,1600,via3_1600x480
VSS,met2-met3,STRIPE,via,198662,21520,200262,22000,1600,via2_1600x480
VSS,met1-met2,STRIPE,via,198662,21520,200262,22000,1600,via_1600x480
VSS,met3-met4,STRIPE,via,171970,21520,173570,22000,1600,via3_1600x480
VSS,met2-met3,STRIPE,via,171970,21520,173570,22000,1600,via2_1600x480
VSS,met1-met2,STRIPE,via,171970,21520,173570,22000,1600,via_1600x480
VSS,met3-met4,STRIPE,via,145997,21520,147597,22000,1600,via3_1600x480
VSS,met2-met3,STRIPE,via,145997,21520,147597,22000,1600,via2_1600x480
VSS,met1-met2,STRIPE,via,145997,21520,147597,22000,1600,via_1600x480
VSS,met3-met4,STRIPE,via,118010,21520,119610,22000,1600,via3_1600x480
VSS,met2-met3,STRIPE,via,118010,21520,119610,22000,1600,via2_1600x480
VSS,met1-met2,STRIPE,via,118010,21520,119610,22000,1600,via_1600x480
VSS,met3-met4,STRIPE,via,90964,21520,92564,22000,1600,via3_1600x480
VSS,met2-met3,STRIPE,via,90964,21520,92564,22000,1600,via2_1600x480
VSS,met1-met2,STRIPE,via,90964,21520,92564,22000,1600,via_1600x480
VSS,met3-met4,STRIPE,via,64799,21520,66399,22000,1600,via3_1600x480
VSS,met2-met3,STRIPE,via,64799,21520,66399,22000,1600,via2_1600x480
VSS,met1-met2,STRIPE,via,64799,21520,66399,22000,1600,via_1600x480
VSS,met3-met4,STRIPE,via,35941,21520,37541,22000,1600,via3_1600x480
VSS,met2-met3,STRIPE,via,35941,21520,37541,22000,1600,via2_1600x480
VSS,met1-met2,STRIPE,via,35941,21520,37541,22000,1600,via_1600x480
VSS,met3-met4,STRIPE,via,252682,16080,254282,16560,1600,via3_1600x480
VSS,met2-met3,STRIPE,via,252682,16080,254282,16560,1600,via2_1600x480
VSS,met1-met2,STRIPE,via,252682,16080,254282,16560,1600,via_1600x480
VSS,met3-met4,STRIPE,via,226698,16080,228298,16560,1600,via3_1600x480
VSS,met2-met3,STRIPE,via,226698,16080,228298,16560,1600,via2_1600x480
VSS,met1-met2,STRIPE,via,226698,16080,228298,16560,1600,via_1600x480
VSS,met3-met4,STRIPE,via,198662,16080,200262,16560,1600,via3_1600x480
VSS,met2-met3,STRIPE,via,198662,16080,200262,16560,1600,via2_1600x480
VSS,met1-met2,STRIPE,via,198662,16080,200262,16560,1600,via_1600x480
VSS,met3-met4,STRIPE,via,171970,16080,173570,16560,1600,via3_1600x480
VSS,met2-met3,STRIPE,via,171970,16080,173570,16560,1600,via2_1600x480
VSS,met1-met2,STRIPE,via,171970,16080,173570,16560,1600,via_1600x480
VSS,met3-met4,STRIPE,via,145997,16080,147597,16560,1600,via3_1600x480
VSS,met2-met3,STRIPE,via,145997,16080,147597,16560,1600,via2_1600x480
VSS,met1-met2,STRIPE,via,145997,16080,147597,16560,1600,via_1600x480
VSS,met3-met4,STRIPE,via,118010,16080,119610,16560,1600,via3_1600x480
VSS,met2-met3,STRIPE,via,118010,16080,119610,16560,1600,via2_1600x480
VSS,met1-met2,STRIPE,via,118010,16080,119610,16560,1600,via_1600x480
VSS,met3-met4,STRIPE,via,90964,16080,92564,16560,1600,via3_1600x480
VSS,met2-met3,STRIPE,via,90964,16080,92564,16560,1600,via2_1600x480
VSS,met1-met2,STRIPE,via,90964,16080,92564,16560,1600,via_1600x480
VSS,met3-met4,STRIPE,via,64799,16080,66399,16560,1600,via3_1600x480
VSS,met2-met3,STRIPE,via,64799,16080,66399,16560,1600,via2_1600x480
VSS,met1-met2,STRIPE,via,64799,16080,66399,16560,1600,via_1600x480
VSS,met3-met4,STRIPE,via,35941,16080,37541,16560,1600,via3_1600x480
VSS,met2-met3,STRIPE,via,35941,16080,37541,16560,1600,via2_1600x480
VSS,met1-met2,STRIPE,via,35941,16080,37541,16560,1600,via_1600x480
VSS,met3-met4,STRIPE,via,252682,10640,254282,11120,1600,via3_1600x480
VSS,met2-met3,STRIPE,via,252682,10640,254282,11120,1600,via2_1600x480
VSS,met1-met2,STRIPE,via,252682,10640,254282,11120,1600,via_1600x480
VSS,met3-met4,STRIPE,via,226698,10640,228298,11120,1600,via3_1600x480
VSS,met2-met3,STRIPE,via,226698,10640,228298,11120,1600,via2_1600x480
VSS,met1-met2,STRIPE,via,226698,10640,228298,11120,1600,via_1600x480
VSS,met3-met4,STRIPE,via,198662,10640,200262,11120,1600,via3_1600x480
VSS,met2-met3,STRIPE,via,198662,10640,200262,11120,1600,via2_1600x480
VSS,met1-met2,STRIPE,via,198662,10640,200262,11120,1600,via_1600x480
VSS,met3-met4,STRIPE,via,171970,10640,173570,11120,1600,via3_1600x480
VSS,met2-met3,STRIPE,via,171970,10640,173570,11120,1600,via2_1600x480
VSS,met1-met2,STRIPE,via,171970,10640,173570,11120,1600,via_1600x480
VSS,met3-met4,STRIPE,via,145997,10640,147597,11120,1600,via3_1600x480
VSS,met2-met3,STRIPE,via,145997,10640,147597,11120,1600,via2_1600x480
VSS,met1-met2,STRIPE,via,145997,10640,147597,11120,1600,via_1600x480
VSS,met3-met4,STRIPE,via,118010,10640,119610,11120,1600,via3_1600x480
VSS,met2-met3,STRIPE,via,118010,10640,119610,11120,1600,via2_1600x480
VSS,met1-met2,STRIPE,via,118010,10640,119610,11120,1600,via_1600x480
VSS,met3-met4,STRIPE,via,90964,10640,92564,11120,1600,via3_1600x480
VSS,met2-met3,STRIPE,via,90964,10640,92564,11120,1600,via2_1600x480
VSS,met1-met2,STRIPE,via,90964,10640,92564,11120,1600,via_1600x480
VSS,met3-met4,STRIPE,via,64799,10640,66399,11120,1600,via3_1600x480
VSS,met2-met3,STRIPE,via,64799,10640,66399,11120,1600,via2_1600x480
VSS,met1-met2,STRIPE,via,64799,10640,66399,11120,1600,via_1600x480
VSS,met3-met4,STRIPE,via,35941,10640,37541,11120,1600,via3_1600x480
VSS,met2-met3,STRIPE,via,35941,10640,37541,11120,1600,via2_1600x480
VSS,met1-met2,STRIPE,via,35941,10640,37541,11120,1600,via_1600x480
VSS,met5,STRIPE,wire,10120,254640,269560,256240,1600,
VSS,met5,STRIPE,wire,10120,227440,269560,229040,1600,
VSS,met5,STRIPE,wire,10120,200240,269560,201840,1600,
VSS,met5,STRIPE,wire,10120,173040,269560,174640,1600,
VSS,met5,STRIPE,wire,10120,145840,269560,147440,1600,
VSS,met5,STRIPE,wire,10120,118640,269560,120240,1600,
VSS,met5,STRIPE,wire,10120,91440,269560,93040,1600,
VSS,met5,STRIPE,wire,10120,64240,269560,65840,1600,
VSS,met5,STRIPE,wire,10120,37040,269560,38640,1600,
VSS,met4,STRIPE,wire,252682,10640,254282,269520,1600,
VSS,met4,STRIPE,wire,226698,10640,228298,269520,1600,
VSS,met4,STRIPE,wire,198662,10640,200262,269520,1600,
VSS,met4,STRIPE,wire,171970,10640,173570,269520,1600,
VSS,met4,STRIPE,wire,145997,10640,147597,269520,1600,
VSS,met4,STRIPE,wire,118010,10640,119610,269520,1600,
VSS,met4,STRIPE,wire,90964,10640,92564,269520,1600,
VSS,met4,STRIPE,wire,64799,10640,66399,269520,1600,
VSS,met4,STRIPE,wire,35941,10640,37541,269520,1600,
VSS,met1,FOLLOWPIN,wire,10120,266320,269560,266800,480,
VSS,met1,FOLLOWPIN,wire,10120,260880,269560,261360,480,
VSS,met1,FOLLOWPIN,wire,10120,255440,269560,255920,480,
VSS,met1,FOLLOWPIN,wire,10120,250000,269560,250480,480,
VSS,met1,FOLLOWPIN,wire,10120,244560,269560,245040,480,
VSS,met1,FOLLOWPIN,wire,10120,239120,269560,239600,480,
VSS,met1,FOLLOWPIN,wire,10120,233680,269560,234160,480,
VSS,met1,FOLLOWPIN,wire,10120,228240,269560,228720,480,
VSS,met1,FOLLOWPIN,wire,10120,222800,269560,223280,480,
VSS,met1,FOLLOWPIN,wire,10120,217360,269560,217840,480,
VSS,met1,FOLLOWPIN,wire,10120,211920,269560,212400,480,
VSS,met1,FOLLOWPIN,wire,10120,206480,269560,206960,480,
VSS,met1,FOLLOWPIN,wire,10120,201040,269560,201520,480,
VSS,met1,FOLLOWPIN,wire,10120,195600,269560,196080,480,
VSS,met1,FOLLOWPIN,wire,10120,190160,269560,190640,480,
VSS,met1,FOLLOWPIN,wire,10120,184720,269560,185200,480,
VSS,met1,FOLLOWPIN,wire,10120,179280,269560,179760,480,
VSS,met1,FOLLOWPIN,wire,10120,173840,269560,174320,480,
VSS,met1,FOLLOWPIN,wire,10120,168400,269560,168880,480,
VSS,met1,FOLLOWPIN,wire,10120,162960,269560,163440,480,
VSS,met1,FOLLOWPIN,wire,10120,157520,269560,158000,480,
VSS,met1,FOLLOWPIN,wire,10120,152080,269560,152560,480,
VSS,met1,FOLLOWPIN,wire,10120,146640,269560,147120,480,
VSS,met1,FOLLOWPIN,wire,10120,141200,269560,141680,480,
VSS,met1,FOLLOWPIN,wire,10120,135760,269560,136240,480,
VSS,met1,FOLLOWPIN,wire,10120,130320,269560,130800,480,
VSS,met1,FOLLOWPIN,wire,10120,124880,269560,125360,480,
VSS,met1,FOLLOWPIN,wire,10120,119440,269560,119920,480,
VSS,met1,FOLLOWPIN,wire,10120,114000,269560,114480,480,
VSS,met1,FOLLOWPIN,wire,10120,108560,269560,109040,480,
VSS,met1,FOLLOWPIN,wire,10120,103120,269560,103600,480,
VSS,met1,FOLLOWPIN,wire,10120,97680,269560,98160,480,
VSS,met1,FOLLOWPIN,wire,10120,92240,269560,92720,480,
VSS,met1,FOLLOWPIN,wire,10120,86800,269560,87280,480,
VSS,met1,FOLLOWPIN,wire,10120,81360,269560,81840,480,
VSS,met1,FOLLOWPIN,wire,10120,75920,269560,76400,480,
VSS,met1,FOLLOWPIN,wire,10120,70480,269560,70960,480,
VSS,met1,FOLLOWPIN,wire,10120,65040,269560,65520,480,
VSS,met1,FOLLOWPIN,wire,10120,59600,269560,60080,480,
VSS,met1,FOLLOWPIN,wire,10120,54160,269560,54640,480,
VSS,met1,FOLLOWPIN,wire,10120,48720,269560,49200,480,
VSS,met1,FOLLOWPIN,wire,10120,43280,269560,43760,480,
VSS,met1,FOLLOWPIN,wire,10120,37840,269560,38320,480,
VSS,met1,FOLLOWPIN,wire,10120,32400,269560,32880,480,
VSS,met1,FOLLOWPIN,wire,10120,26960,269560,27440,480,
VSS,met1,FOLLOWPIN,wire,10120,21520,269560,22000,480,
VSS,met1,FOLLOWPIN,wire,10120,16080,269560,16560,480,
VSS,met1,FOLLOWPIN,wire,10120,10640,269560,11120,480,
VDD,met4-met5,STRIPE,via,267663,241040,269263,242640,1600,via4_1600x1600
VDD,met4-met5,STRIPE,via,239920,241040,241520,242640,1600,via4_1600x1600
VDD,met4-met5,STRIPE,via,212065,241040,213665,242640,1600,via4_1600x1600
VDD,met4-met5,STRIPE,via,185569,241040,187169,242640,1600,via4_1600x1600
VDD,met4-met5,STRIPE,via,158612,241040,160212,242640,1600,via4_1600x1600
VDD,met4-met5,STRIPE,via,130596,241040,132196,242640,1600,via4_1600x1600
VDD,met4-met5,STRIPE,via,103955,241040,105555,242640,1600,via4_1600x1600
VDD,met4-met5,STRIPE,via,78420,241040,80020,242640,1600,via4_1600x1600
VDD,met4-met5,STRIPE,via,49102,241040,50702,242640,1600,via4_1600x1600
VDD,met4-met5,STRIPE,via,22607,241040,24207,242640,1600,via4_1600x1600
VDD,met4-met5,STRIPE,via,267663,213840,269263,215440,1600,via4_1600x1600
VDD,met4-met5,STRIPE,via,239920,213840,241520,215440,1600,via4_1600x1600
VDD,met4-met5,STRIPE,via,212065,213840,213665,215440,1600,via4_1600x1600
VDD,met4-met5,STRIPE,via,185569,213840,187169,215440,1600,via4_1600x1600
VDD,met4-met5,STRIPE,via,158612,213840,160212,215440,1600,via4_1600x1600
VDD,met4-met5,STRIPE,via,130596,213840,132196,215440,1600,via4_1600x1600
VDD,met4-met5,STRIPE,via,103955,213840,105555,215440,1600,via4_1600x1600
VDD,met4-met5,STRIPE,via,78420,213840,80020,215440,1600,via4_1600x1600
VDD,met4-met5,STRIPE,via,49102,213840,50702,215440,1600,via4_1600x1600
VDD,met4-met5,STRIPE,via,22607,213840,24207,215440,1600,via4_1600x1600
VDD,met4-met5,STRIPE,via,267663,186640,269263,188240,1600,via4_1600x1600
VDD,met4-met5,STRIPE,via,239920,186640,241520,188240,1600,via4_1600x1600
VDD,met4-met5,STRIPE,via,212065,186640,213665,188240,1600,via4_1600x1600
VDD,met4-met5,STRIPE,via,185569,186640,187169,188240,1600,via4_1600x1600
VDD,met4-met5,STRIPE,via,158612,186640,160212,188240,1600,via4_1600x1600
VDD,met4-met5,STRIPE,via,130596,186640,132196,188240,1600,via4_1600x1600
VDD,met4-met5,STRIPE,via,103955,186640,105555,188240,1600,via4_1600x1600
VDD,met4-met5,STRIPE,via,78420,186640,80020,188240,1600,via4_1600x1600
VDD,met4-met5,STRIPE,via,49102,186640,50702,188240,1600,via4_1600x1600
VDD,met4-met5,STRIPE,via,22607,186640,24207,188240,1600,via4_1600x1600
VDD,met4-met5,STRIPE,via,267663,159440,269263,161040,1600,via4_1600x1600
VDD,met4-met5,STRIPE,via,239920,159440,241520,161040,1600,via4_1600x1600
VDD,met4-met5,STRIPE,via,212065,159440,213665,161040,1600,via4_1600x1600
VDD,met4-met5,STRIPE,via,185569,159440,187169,161040,1600,via4_1600x1600
VDD,met4-met5,STRIPE,via,158612,159440,160212,161040,1600,via4_1600x1600
VDD,met4-met5,STRIPE,via,130596,159440,132196,161040,1600,via4_1600x1600
VDD,met4-met5,STRIPE,via,103955,159440,105555,161040,1600,via4_1600x1600
VDD,met4-met5,STRIPE,via,78420,159440,80020,161040,1600,via4_1600x1600
VDD,met4-met5,STRIPE,via,49102,159440,50702,161040,1600,via4_1600x1600
VDD,met4-met5,STRIPE,via,22607,159440,24207,161040,1600,via4_1600x1600
VDD,met4-met5,STRIPE,via,267663,132240,269263,133840,1600,via4_1600x1600
VDD,met4-met5,STRIPE,via,239920,132240,241520,133840,1600,via4_1600x1600
VDD,met4-met5,STRIPE,via,212065,132240,213665,133840,1600,via4_1600x1600
VDD,met4-met5,STRIPE,via,185569,132240,187169,133840,1600,via4_1600x1600
VDD,met4-met5,STRIPE,via,158612,132240,160212,133840,1600,via4_1600x1600
VDD,met4-met5,STRIPE,via,130596,132240,132196,133840,1600,via4_1600x1600
VDD,met4-met5,STRIPE,via,103955,132240,105555,133840,1600,via4_1600x1600
VDD,met4-met5,STRIPE,via,78420,132240,80020,133840,1600,via4_1600x1600
VDD,met4-met5,STRIPE,via,49102,132240,50702,133840,1600,via4_1600x1600
VDD,met4-met5,STRIPE,via,22607,132240,24207,133840,1600,via4_1600x1600
VDD,met4-met5,STRIPE,via,267663,105040,269263,106640,1600,via4_1600x1600
VDD,met4-met5,STRIPE,via,239920,105040,241520,106640,1600,via4_1600x1600
VDD,met4-met5,STRIPE,via,212065,105040,213665,106640,1600,via4_1600x1600
VDD,met4-met5,STRIPE,via,185569,105040,187169,106640,1600,via4_1600x1600
VDD,met4-met5,STRIPE,via,158612,105040,160212,106640,1600,via4_1600x1600
VDD,met4-met5,STRIPE,via,130596,105040,132196,106640,1600,via4_1600x1600
VDD,met4-met5,STRIPE,via,103955,105040,105555,106640,1600,via4_1600x1600
VDD,met4-met5,STRIPE,via,78420,105040,80020,106640,1600,via4_1600x1600
VDD,met4-met5,STRIPE,via,49102,105040,50702,106640,1600,via4_1600x1600
VDD,met4-met5,STRIPE,via,22607,105040,24207,106640,1600,via4_1600x1600
VDD,met4-met5,STRIPE,via,267663,77840,269263,79440,1600,via4_1600x1600
VDD,met4-met5,STRIPE,via,239920,77840,241520,79440,1600,via4_1600x1600
VDD,met4-met5,STRIPE,via,212065,77840,213665,79440,1600,via4_1600x1600
VDD,met4-met5,STRIPE,via,185569,77840,187169,79440,1600,via4_1600x1600
VDD,met4-met5,STRIPE,via,158612,77840,160212,79440,1600,via4_1600x1600
VDD,met4-met5,STRIPE,via,130596,77840,132196,79440,1600,via4_1600x1600
VDD,met4-met5,STRIPE,via,103955,77840,105555,79440,1600,via4_1600x1600
VDD,met4-met5,STRIPE,via,78420,77840,80020,79440,1600,via4_1600x1600
VDD,met4-met5,STRIPE,via,49102,77840,50702,79440,1600,via4_1600x1600
VDD,met4-met5,STRIPE,via,22607,77840,24207,79440,1600,via4_1600x1600
VDD,met4-met5,STRIPE,via,267663,50640,269263,52240,1600,via4_1600x1600
VDD,met4-met5,STRIPE,via,239920,50640,241520,52240,1600,via4_1600x1600
VDD,met4-met5,STRIPE,via,212065,50640,213665,52240,1600,via4_1600x1600
VDD,met4-met5,STRIPE,via,185569,50640,187169,52240,1600,via4_1600x1600
VDD,met4-met5,STRIPE,via,158612,50640,160212,52240,1600,via4_1600x1600
VDD,met4-met5,STRIPE,via,130596,50640,132196,52240,1600,via4_1600x1600
VDD,met4-met5,STRIPE,via,103955,50640,105555,52240,1600,via4_1600x1600
VDD,met4-met5,STRIPE,via,78420,50640,80020,52240,1600,via4_1600x1600
VDD,met4-met5,STRIPE,via,49102,50640,50702,52240,1600,via4_1600x1600
VDD,met4-met5,STRIPE,via,22607,50640,24207,52240,1600,via4_1600x1600
VDD,met4-met5,STRIPE,via,267663,23440,269263,25040,1600,via4_1600x1600
VDD,met4-met5,STRIPE,via,239920,23440,241520,25040,1600,via4_1600x1600
VDD,met4-met5,STRIPE,via,212065,23440,213665,25040,1600,via4_1600x1600
VDD,met4-met5,STRIPE,via,185569,23440,187169,25040,1600,via4_1600x1600
VDD,met4-met5,STRIPE,via,158612,23440,160212,25040,1600,via4_1600x1600
VDD,met4-met5,STRIPE,via,130596,23440,132196,25040,1600,via4_1600x1600
VDD,met4-met5,STRIPE,via,103955,23440,105555,25040,1600,via4_1600x1600
VDD,met4-met5,STRIPE,via,78420,23440,80020,25040,1600,via4_1600x1600
VDD,met4-met5,STRIPE,via,49102,23440,50702,25040,1600,via4_1600x1600
VDD,met4-met5,STRIPE,via,22607,23440,24207,25040,1600,via4_1600x1600
VDD,met3-met4,STRIPE,via,267663,269040,269263,269520,1600,via3_1600x480
VDD,met2-met3,STRIPE,via,267663,269040,269263,269520,1600,via2_1600x480
VDD,met1-met2,STRIPE,via,267663,269040,269263,269520,1600,via_1600x480
VDD,met3-met4,STRIPE,via,239920,269040,241520,269520,1600,via3_1600x480
VDD,met2-met3,STRIPE,via,239920,269040,241520,269520,1600,via2_1600x480
VDD,met1-met2,STRIPE,via,239920,269040,241520,269520,1600,via_1600x480
VDD,met3-met4,STRIPE,via,212065,269040,213665,269520,1600,via3_1600x480
VDD,met2-met3,STRIPE,via,212065,269040,213665,269520,1600,via2_1600x480
VDD,met1-met2,STRIPE,via,212065,269040,213665,269520,1600,via_1600x480
VDD,met3-met4,STRIPE,via,185569,269040,187169,269520,1600,via3_1600x480
VDD,met2-met3,STRIPE,via,185569,269040,187169,269520,1600,via2_1600x480
VDD,met1-met2,STRIPE,via,185569,269040,187169,269520,1600,via_1600x480
VDD,met3-met4,STRIPE,via,158612,269040,160212,269520,1600,via3_1600x480
VDD,met2-met3,STRIPE,via,158612,269040,160212,269520,1600,via2_1600x480
VDD,met1-met2,STRIPE,via,158612,269040,160212,269520,1600,via_1600x480
VDD,met3-met4,STRIPE,via,130596,269040,132196,269520,1600,via3_1600x480
VDD,met2-met3,STRIPE,via,130596,269040,132196,269520,1600,via2_1600x480
VDD,met1-met2,STRIPE,via,130596,269040,132196,269520,1600,via_1600x480
VDD,met3-met4,STRIPE,via,103955,269040,105555,269520,1600,via3_1600x480
VDD,met2-met3,STRIPE,via,103955,269040,105555,269520,1600,via2_1600x480
VDD,met1-met2,STRIPE,via,103955,269040,105555,269520,1600,via_1600x480
VDD,met3-met4,STRIPE,via,78420,269040,80020,269520,1600,via3_1600x480
VDD,met2-met3,STRIPE,via,78420,269040,80020,269520,1600,via2_1600x480
VDD,met1-met2,STRIPE,via,78420,269040,80020,269520,1600,via_1600x480
VDD,met3-met4,STRIPE,via,49102,269040,50702,269520,1600,via3_1600x480
VDD,met2-met3,STRIPE,via,49102,269040,50702,269520,1600,via2_1600x480
VDD,met1-met2,STRIPE,via,49102,269040,50702,269520,1600,via_1600x480
VDD,met3-met4,STRIPE,via,22607,269040,24207,269520,1600,via3_1600x480
VDD,met2-met3,STRIPE,via,22607,269040,24207,269520,1600,via2_1600x480
VDD,met1-met2,STRIPE,via,22607,269040,24207,269520,1600,via_1600x480
VDD,met3-met4,STRIPE,via,267663,263600,269263,264080,1600,via3_1600x480
VDD,met2-met3,STRIPE,via,267663,263600,269263,264080,1600,via2_1600x480
VDD,met1-met2,STRIPE,via,267663,263600,269263,264080,1600,via_1600x480
VDD,met3-met4,STRIPE,via,239920,263600,241520,264080,1600,via3_1600x480
VDD,met2-met3,STRIPE,via,239920,263600,241520,264080,1600,via2_1600x480
VDD,met1-met2,STRIPE,via,239920,263600,241520,264080,1600,via_1600x480
VDD,met3-met4,STRIPE,via,212065,263600,213665,264080,1600,via3_1600x480
VDD,met2-met3,STRIPE,via,212065,263600,213665,264080,1600,via2_1600x480
VDD,met1-met2,STRIPE,via,212065,263600,213665,264080,1600,via_1600x480
VDD,met3-met4,STRIPE,via,185569,263600,187169,264080,1600,via3_1600x480
VDD,met2-met3,STRIPE,via,185569,263600,187169,264080,1600,via2_1600x480
VDD,met1-met2,STRIPE,via,185569,263600,187169,264080,1600,via_1600x480
VDD,met3-met4,STRIPE,via,158612,263600,160212,264080,1600,via3_1600x480
VDD,met2-met3,STRIPE,via,158612,263600,160212,264080,1600,via2_1600x480
VDD,met1-met2,STRIPE,via,158612,263600,160212,264080,1600,via_1600x480
VDD,met3-met4,STRIPE,via,130596,263600,132196,264080,1600,via3_1600x480
VDD,met2-met3,STRIPE,via,130596,263600,132196,264080,1600,via2_1600x480
VDD,met1-met2,STRIPE,via,130596,263600,132196,264080,1600,via_1600x480
VDD,met3-met4,STRIPE,via,103955,263600,105555,264080,1600,via3_1600x480
VDD,met2-met3,STRIPE,via,103955,263600,105555,264080,1600,via2_1600x480
VDD,met1-met2,STRIPE,via,103955,263600,105555,264080,1600,via_1600x480
VDD,met3-met4,STRIPE,via,78420,263600,80020,264080,1600,via3_1600x480
VDD,met2-met3,STRIPE,via,78420,263600,80020,264080,1600,via2_1600x480
VDD,met1-met2,STRIPE,via,78420,263600,80020,264080,1600,via_1600x480
VDD,met3-met4,STRIPE,via,49102,263600,50702,264080,1600,via3_1600x480
VDD,met2-met3,STRIPE,via,49102,263600,50702,264080,1600,via2_1600x480
VDD,met1-met2,STRIPE,via,49102,263600,50702,264080,1600,via_1600x480
VDD,met3-met4,STRIPE,via,22607,263600,24207,264080,1600,via3_1600x480
VDD,met2-met3,STRIPE,via,22607,263600,24207,264080,1600,via2_1600x480
VDD,met1-met2,STRIPE,via,22607,263600,24207,264080,1600,via_1600x480
VDD,met3-met4,STRIPE,via,267663,258160,269263,258640,1600,via3_1600x480
VDD,met2-met3,STRIPE,via,267663,258160,269263,258640,1600,via2_1600x480
VDD,met1-met2,STRIPE,via,267663,258160,269263,258640,1600,via_1600x480
VDD,met3-met4,STRIPE,via,239920,258160,241520,258640,1600,via3_1600x480
VDD,met2-met3,STRIPE,via,239920,258160,241520,258640,1600,via2_1600x480
VDD,met1-met2,STRIPE,via,239920,258160,241520,258640,1600,via_1600x480
VDD,met3-met4,STRIPE,via,212065,258160,213665,258640,1600,via3_1600x480
VDD,met2-met3,STRIPE,via,212065,258160,213665,258640,1600,via2_1600x480
VDD,met1-met2,STRIPE,via,212065,258160,213665,258640,1600,via_1600x480
VDD,met3-met4,STRIPE,via,185569,258160,187169,258640,1600,via3_1600x480
VDD,met2-met3,STRIPE,via,185569,258160,187169,258640,1600,via2_1600x480
VDD,met1-met2,STRIPE,via,185569,258160,187169,258640,1600,via_1600x480
VDD,met3-met4,STRIPE,via,158612,258160,160212,258640,1600,via3_1600x480
VDD,met2-met3,STRIPE,via,158612,258160,160212,258640,1600,via2_1600x480
VDD,met1-met2,STRIPE,via,158612,258160,160212,258640,1600,via_1600x480
VDD,met3-met4,STRIPE,via,130596,258160,132196,258640,1600,via3_1600x480
VDD,met2-met3,STRIPE,via,130596,258160,132196,258640,1600,via2_1600x480
VDD,met1-met2,STRIPE,via,130596,258160,132196,258640,1600,via_1600x480
VDD,met3-met4,STRIPE,via,103955,258160,105555,258640,1600,via3_1600x480
VDD,met2-met3,STRIPE,via,103955,258160,105555,258640,1600,via2_1600x480
VDD,met1-met2,STRIPE,via,103955,258160,105555,258640,1600,via_1600x480
VDD,met3-met4,STRIPE,via,78420,258160,80020,258640,1600,via3_1600x480
VDD,met2-met3,STRIPE,via,78420,258160,80020,258640,1600,via2_1600x480
VDD,met1-met2,STRIPE,via,78420,258160,80020,258640,1600,via_1600x480
VDD,met3-met4,STRIPE,via,49102,258160,50702,258640,1600,via3_1600x480
VDD,met2-met3,STRIPE,via,49102,258160,50702,258640,1600,via2_1600x480
VDD,met1-met2,STRIPE,via,49102,258160,50702,258640,1600,via_1600x480
VDD,met3-met4,STRIPE,via,22607,258160,24207,258640,1600,via3_1600x480
VDD,met2-met3,STRIPE,via,22607,258160,24207,258640,1600,via2_1600x480
VDD,met1-met2,STRIPE,via,22607,258160,24207,258640,1600,via_1600x480
VDD,met3-met4,STRIPE,via,267663,252720,269263,253200,1600,via3_1600x480
VDD,met2-met3,STRIPE,via,267663,252720,269263,253200,1600,via2_1600x480
VDD,met1-met2,STRIPE,via,267663,252720,269263,253200,1600,via_1600x480
VDD,met3-met4,STRIPE,via,239920,252720,241520,253200,1600,via3_1600x480
VDD,met2-met3,STRIPE,via,239920,252720,241520,253200,1600,via2_1600x480
VDD,met1-met2,STRIPE,via,239920,252720,241520,253200,1600,via_1600x480
VDD,met3-met4,STRIPE,via,212065,252720,213665,253200,1600,via3_1600x480
VDD,met2-met3,STRIPE,via,212065,252720,213665,253200,1600,via2_1600x480
VDD,met1-met2,STRIPE,via,212065,252720,213665,253200,1600,via_1600x480
VDD,met3-met4,STRIPE,via,185569,252720,187169,253200,1600,via3_1600x480
VDD,met2-met3,STRIPE,via,185569,252720,187169,253200,1600,via2_1600x480
VDD,met1-met2,STRIPE,via,185569,252720,187169,253200,1600,via_1600x480
VDD,met3-met4,STRIPE,via,158612,252720,160212,253200,1600,via3_1600x480
VDD,met2-met3,STRIPE,via,158612,252720,160212,253200,1600,via2_1600x480
VDD,met1-met2,STRIPE,via,158612,252720,160212,253200,1600,via_1600x480
VDD,met3-met4,STRIPE,via,130596,252720,132196,253200,1600,via3_1600x480
VDD,met2-met3,STRIPE,via,130596,252720,132196,253200,1600,via2_1600x480
VDD,met1-met2,STRIPE,via,130596,252720,132196,253200,1600,via_1600x480
VDD,met3-met4,STRIPE,via,103955,252720,105555,253200,1600,via3_1600x480
VDD,met2-met3,STRIPE,via,103955,252720,105555,253200,1600,via2_1600x480
VDD,met1-met2,STRIPE,via,103955,252720,105555,253200,1600,via_1600x480
VDD,met3-met4,STRIPE,via,78420,252720,80020,253200,1600,via3_1600x480
VDD,met2-met3,STRIPE,via,78420,252720,80020,253200,1600,via2_1600x480
VDD,met1-met2,STRIPE,via,78420,252720,80020,253200,1600,via_1600x480
VDD,met3-met4,STRIPE,via,49102,252720,50702,253200,1600,via3_1600x480
VDD,met2-met3,STRIPE,via,49102,252720,50702,253200,1600,via2_1600x480
VDD,met1-met2,STRIPE,via,49102,252720,50702,253200,1600,via_1600x480
VDD,met3-met4,STRIPE,via,22607,252720,24207,253200,1600,via3_1600x480
VDD,met2-met3,STRIPE,via,22607,252720,24207,253200,1600,via2_1600x480
VDD,met1-met2,STRIPE,via,22607,252720,24207,253200,1600,via_1600x480
VDD,met3-met4,STRIPE,via,267663,247280,269263,247760,1600,via3_1600x480
VDD,met2-met3,STRIPE,via,267663,247280,269263,247760,1600,via2_1600x480
VDD,met1-met2,STRIPE,via,267663,247280,269263,247760,1600,via_1600x480
VDD,met3-met4,STRIPE,via,239920,247280,241520,247760,1600,via3_1600x480
VDD,met2-met3,STRIPE,via,239920,247280,241520,247760,1600,via2_1600x480
VDD,met1-met2,STRIPE,via,239920,247280,241520,247760,1600,via_1600x480
VDD,met3-met4,STRIPE,via,212065,247280,213665,247760,1600,via3_1600x480
VDD,met2-met3,STRIPE,via,212065,247280,213665,247760,1600,via2_1600x480
VDD,met1-met2,STRIPE,via,212065,247280,213665,247760,1600,via_1600x480
VDD,met3-met4,STRIPE,via,185569,247280,187169,247760,1600,via3_1600x480
VDD,met2-met3,STRIPE,via,185569,247280,187169,247760,1600,via2_1600x480
VDD,met1-met2,STRIPE,via,185569,247280,187169,247760,1600,via_1600x480
VDD,met3-met4,STRIPE,via,158612,247280,160212,247760,1600,via3_1600x480
VDD,met2-met3,STRIPE,via,158612,247280,160212,247760,1600,via2_1600x480
VDD,met1-met2,STRIPE,via,158612,247280,160212,247760,1600,via_1600x480
VDD,met3-met4,STRIPE,via,130596,247280,132196,247760,1600,via3_1600x480
VDD,met2-met3,STRIPE,via,130596,247280,132196,247760,1600,via2_1600x480
VDD,met1-met2,STRIPE,via,130596,247280,132196,247760,1600,via_1600x480
VDD,met3-met4,STRIPE,via,103955,247280,105555,247760,1600,via3_1600x480
VDD,met2-met3,STRIPE,via,103955,247280,105555,247760,1600,via2_1600x480
VDD,met1-met2,STRIPE,via,103955,247280,105555,247760,1600,via_1600x480
VDD,met3-met4,STRIPE,via,78420,247280,80020,247760,1600,via3_1600x480
VDD,met2-met3,STRIPE,via,78420,247280,80020,247760,1600,via2_1600x480
VDD,met1-met2,STRIPE,via,78420,247280,80020,247760,1600,via_1600x480
VDD,met3-met4,STRIPE,via,49102,247280,50702,247760,1600,via3_1600x480
VDD,met2-met3,STRIPE,via,49102,247280,50702,247760,1600,via2_1600x480
VDD,met1-met2,STRIPE,via,49102,247280,50702,247760,1600,via_1600x480
VDD,met3-met4,STRIPE,via,22607,247280,24207,247760,1600,via3_1600x480
VDD,met2-met3,STRIPE,via,22607,247280,24207,247760,1600,via2_1600x480
VDD,met1-met2,STRIPE,via,22607,247280,24207,247760,1600,via_1600x480
VDD,met3-met4,STRIPE,via,267663,241840,269263,242320,1600,via3_1600x480
VDD,met2-met3,STRIPE,via,267663,241840,269263,242320,1600,via2_1600x480
VDD,met1-met2,STRIPE,via,267663,241840,269263,242320,1600,via_1600x480
VDD,met3-met4,STRIPE,via,239920,241840,241520,242320,1600,via3_1600x480
VDD,met2-met3,STRIPE,via,239920,241840,241520,242320,1600,via2_1600x480
VDD,met1-met2,STRIPE,via,239920,241840,241520,242320,1600,via_1600x480
VDD,met3-met4,STRIPE,via,212065,241840,213665,242320,1600,via3_1600x480
VDD,met2-met3,STRIPE,via,212065,241840,213665,242320,1600,via2_1600x480
VDD,met1-met2,STRIPE,via,212065,241840,213665,242320,1600,via_1600x480
VDD,met3-met4,STRIPE,via,185569,241840,187169,242320,1600,via3_1600x480
VDD,met2-met3,STRIPE,via,185569,241840,187169,242320,1600,via2_1600x480
VDD,met1-met2,STRIPE,via,185569,241840,187169,242320,1600,via_1600x480
VDD,met3-met4,STRIPE,via,158612,241840,160212,242320,1600,via3_1600x480
VDD,met2-met3,STRIPE,via,158612,241840,160212,242320,1600,via2_1600x480
VDD,met1-met2,STRIPE,via,158612,241840,160212,242320,1600,via_1600x480
VDD,met3-met4,STRIPE,via,130596,241840,132196,242320,1600,via3_1600x480
VDD,met2-met3,STRIPE,via,130596,241840,132196,242320,1600,via2_1600x480
VDD,met1-met2,STRIPE,via,130596,241840,132196,242320,1600,via_1600x480
VDD,met3-met4,STRIPE,via,103955,241840,105555,242320,1600,via3_1600x480
VDD,met2-met3,STRIPE,via,103955,241840,105555,242320,1600,via2_1600x480
VDD,met1-met2,STRIPE,via,103955,241840,105555,242320,1600,via_1600x480
VDD,met3-met4,STRIPE,via,78420,241840,80020,242320,1600,via3_1600x480
VDD,met2-met3,STRIPE,via,78420,241840,80020,242320,1600,via2_1600x480
VDD,met1-met2,STRIPE,via,78420,241840,80020,242320,1600,via_1600x480
VDD,met3-met4,STRIPE,via,49102,241840,50702,242320,1600,via3_1600x480
VDD,met2-met3,STRIPE,via,49102,241840,50702,242320,1600,via2_1600x480
VDD,met1-met2,STRIPE,via,49102,241840,50702,242320,1600,via_1600x480
VDD,met3-met4,STRIPE,via,22607,241840,24207,242320,1600,via3_1600x480
VDD,met2-met3,STRIPE,via,22607,241840,24207,242320,1600,via2_1600x480
VDD,met1-met2,STRIPE,via,22607,241840,24207,242320,1600,via_1600x480
VDD,met3-met4,STRIPE,via,267663,236400,269263,236880,1600,via3_1600x480
VDD,met2-met3,STRIPE,via,267663,236400,269263,236880,1600,via2_1600x480
VDD,met1-met2,STRIPE,via,267663,236400,269263,236880,1600,via_1600x480
VDD,met3-met4,STRIPE,via,239920,236400,241520,236880,1600,via3_1600x480
VDD,met2-met3,STRIPE,via,239920,236400,241520,236880,1600,via2_1600x480
VDD,met1-met2,STRIPE,via,239920,236400,241520,236880,1600,via_1600x480
VDD,met3-met4,STRIPE,via,212065,236400,213665,236880,1600,via3_1600x480
VDD,met2-met3,STRIPE,via,212065,236400,213665,236880,1600,via2_1600x480
VDD,met1-met2,STRIPE,via,212065,236400,213665,236880,1600,via_1600x480
VDD,met3-met4,STRIPE,via,185569,236400,187169,236880,1600,via3_1600x480
VDD,met2-met3,STRIPE,via,185569,236400,187169,236880,1600,via2_1600x480
VDD,met1-met2,STRIPE,via,185569,236400,187169,236880,1600,via_1600x480
VDD,met3-met4,STRIPE,via,158612,236400,160212,236880,1600,via3_1600x480
VDD,met2-met3,STRIPE,via,158612,236400,160212,236880,1600,via2_1600x480
VDD,met1-met2,STRIPE,via,158612,236400,160212,236880,1600,via_1600x480
VDD,met3-met4,STRIPE,via,130596,236400,132196,236880,1600,via3_1600x480
VDD,met2-met3,STRIPE,via,130596,236400,132196,236880,1600,via2_1600x480
VDD,met1-met2,STRIPE,via,130596,236400,132196,236880,1600,via_1600x480
VDD,met3-met4,STRIPE,via,103955,236400,105555,236880,1600,via3_1600x480
VDD,met2-met3,STRIPE,via,103955,236400,105555,236880,1600,via2_1600x480
VDD,met1-met2,STRIPE,via,103955,236400,105555,236880,1600,via_1600x480
VDD,met3-met4,STRIPE,via,78420,236400,80020,236880,1600,via3_1600x480
VDD,met2-met3,STRIPE,via,78420,236400,80020,236880,1600,via2_1600x480
VDD,met1-met2,STRIPE,via,78420,236400,80020,236880,1600,via_1600x480
VDD,met3-met4,STRIPE,via,49102,236400,50702,236880,1600,via3_1600x480
VDD,met2-met3,STRIPE,via,49102,236400,50702,236880,1600,via2_1600x480
VDD,met1-met2,STRIPE,via,49102,236400,50702,236880,1600,via_1600x480
VDD,met3-met4,STRIPE,via,22607,236400,24207,236880,1600,via3_1600x480
VDD,met2-met3,STRIPE,via,22607,236400,24207,236880,1600,via2_1600x480
VDD,met1-met2,STRIPE,via,22607,236400,24207,236880,1600,via_1600x480
VDD,met3-met4,STRIPE,via,267663,230960,269263,231440,1600,via3_1600x480
VDD,met2-met3,STRIPE,via,267663,230960,269263,231440,1600,via2_1600x480
VDD,met1-met2,STRIPE,via,267663,230960,269263,231440,1600,via_1600x480
VDD,met3-met4,STRIPE,via,239920,230960,241520,231440,1600,via3_1600x480
VDD,met2-met3,STRIPE,via,239920,230960,241520,231440,1600,via2_1600x480
VDD,met1-met2,STRIPE,via,239920,230960,241520,231440,1600,via_1600x480
VDD,met3-met4,STRIPE,via,212065,230960,213665,231440,1600,via3_1600x480
VDD,met2-met3,STRIPE,via,212065,230960,213665,231440,1600,via2_1600x480
VDD,met1-met2,STRIPE,via,212065,230960,213665,231440,1600,via_1600x480
VDD,met3-met4,STRIPE,via,185569,230960,187169,231440,1600,via3_1600x480
VDD,met2-met3,STRIPE,via,185569,230960,187169,231440,1600,via2_1600x480
VDD,met1-met2,STRIPE,via,185569,230960,187169,231440,1600,via_1600x480
VDD,met3-met4,STRIPE,via,158612,230960,160212,231440,1600,via3_1600x480
VDD,met2-met3,STRIPE,via,158612,230960,160212,231440,1600,via2_1600x480
VDD,met1-met2,STRIPE,via,158612,230960,160212,231440,1600,via_1600x480
VDD,met3-met4,STRIPE,via,130596,230960,132196,231440,1600,via3_1600x480
VDD,met2-met3,STRIPE,via,130596,230960,132196,231440,1600,via2_1600x480
VDD,met1-met2,STRIPE,via,130596,230960,132196,231440,1600,via_1600x480
VDD,met3-met4,STRIPE,via,103955,230960,105555,231440,1600,via3_1600x480
VDD,met2-met3,STRIPE,via,103955,230960,105555,231440,1600,via2_1600x480
VDD,met1-met2,STRIPE,via,103955,230960,105555,231440,1600,via_1600x480
VDD,met3-met4,STRIPE,via,78420,230960,80020,231440,1600,via3_1600x480
VDD,met2-met3,STRIPE,via,78420,230960,80020,231440,1600,via2_1600x480
VDD,met1-met2,STRIPE,via,78420,230960,80020,231440,1600,via_1600x480
VDD,met3-met4,STRIPE,via,49102,230960,50702,231440,1600,via3_1600x480
VDD,met2-met3,STRIPE,via,49102,230960,50702,231440,1600,via2_1600x480
VDD,met1-met2,STRIPE,via,49102,230960,50702,231440,1600,via_1600x480
VDD,met3-met4,STRIPE,via,22607,230960,24207,231440,1600,via3_1600x480
VDD,met2-met3,STRIPE,via,22607,230960,24207,231440,1600,via2_1600x480
VDD,met1-met2,STRIPE,via,22607,230960,24207,231440,1600,via_1600x480
VDD,met3-met4,STRIPE,via,267663,225520,269263,226000,1600,via3_1600x480
VDD,met2-met3,STRIPE,via,267663,225520,269263,226000,1600,via2_1600x480
VDD,met1-met2,STRIPE,via,267663,225520,269263,226000,1600,via_1600x480
VDD,met3-met4,STRIPE,via,239920,225520,241520,226000,1600,via3_1600x480
VDD,met2-met3,STRIPE,via,239920,225520,241520,226000,1600,via2_1600x480
VDD,met1-met2,STRIPE,via,239920,225520,241520,226000,1600,via_1600x480
VDD,met3-met4,STRIPE,via,212065,225520,213665,226000,1600,via3_1600x480
VDD,met2-met3,STRIPE,via,212065,225520,213665,226000,1600,via2_1600x480
VDD,met1-met2,STRIPE,via,212065,225520,213665,226000,1600,via_1600x480
VDD,met3-met4,STRIPE,via,185569,225520,187169,226000,1600,via3_1600x480
VDD,met2-met3,STRIPE,via,185569,225520,187169,226000,1600,via2_1600x480
VDD,met1-met2,STRIPE,via,185569,225520,187169,226000,1600,via_1600x480
VDD,met3-met4,STRIPE,via,158612,225520,160212,226000,1600,via3_1600x480
VDD,met2-met3,STRIPE,via,158612,225520,160212,226000,1600,via2_1600x480
VDD,met1-met2,STRIPE,via,158612,225520,160212,226000,1600,via_1600x480
VDD,met3-met4,STRIPE,via,130596,225520,132196,226000,1600,via3_1600x480
VDD,met2-met3,STRIPE,via,130596,225520,132196,226000,1600,via2_1600x480
VDD,met1-met2,STRIPE,via,130596,225520,132196,226000,1600,via_1600x480
VDD,met3-met4,STRIPE,via,103955,225520,105555,226000,1600,via3_1600x480
VDD,met2-met3,STRIPE,via,103955,225520,105555,226000,1600,via2_1600x480
VDD,met1-met2,STRIPE,via,103955,225520,105555,226000,1600,via_1600x480
VDD,met3-met4,STRIPE,via,78420,225520,80020,226000,1600,via3_1600x480
VDD,met2-met3,STRIPE,via,78420,225520,80020,226000,1600,via2_1600x480
VDD,met1-met2,STRIPE,via,78420,225520,80020,226000,1600,via_1600x480
VDD,met3-met4,STRIPE,via,49102,225520,50702,226000,1600,via3_1600x480
VDD,met2-met3,STRIPE,via,49102,225520,50702,226000,1600,via2_1600x480
VDD,met1-met2,STRIPE,via,49102,225520,50702,226000,1600,via_1600x480
VDD,met3-met4,STRIPE,via,22607,225520,24207,226000,1600,via3_1600x480
VDD,met2-met3,STRIPE,via,22607,225520,24207,226000,1600,via2_1600x480
VDD,met1-met2,STRIPE,via,22607,225520,24207,226000,1600,via_1600x480
VDD,met3-met4,STRIPE,via,267663,220080,269263,220560,1600,via3_1600x480
VDD,met2-met3,STRIPE,via,267663,220080,269263,220560,1600,via2_1600x480
VDD,met1-met2,STRIPE,via,267663,220080,269263,220560,1600,via_1600x480
VDD,met3-met4,STRIPE,via,239920,220080,241520,220560,1600,via3_1600x480
VDD,met2-met3,STRIPE,via,239920,220080,241520,220560,1600,via2_1600x480
VDD,met1-met2,STRIPE,via,239920,220080,241520,220560,1600,via_1600x480
VDD,met3-met4,STRIPE,via,212065,220080,213665,220560,1600,via3_1600x480
VDD,met2-met3,STRIPE,via,212065,220080,213665,220560,1600,via2_1600x480
VDD,met1-met2,STRIPE,via,212065,220080,213665,220560,1600,via_1600x480
VDD,met3-met4,STRIPE,via,185569,220080,187169,220560,1600,via3_1600x480
VDD,met2-met3,STRIPE,via,185569,220080,187169,220560,1600,via2_1600x480
VDD,met1-met2,STRIPE,via,185569,220080,187169,220560,1600,via_1600x480
VDD,met3-met4,STRIPE,via,158612,220080,160212,220560,1600,via3_1600x480
VDD,met2-met3,STRIPE,via,158612,220080,160212,220560,1600,via2_1600x480
VDD,met1-met2,STRIPE,via,158612,220080,160212,220560,1600,via_1600x480
VDD,met3-met4,STRIPE,via,130596,220080,132196,220560,1600,via3_1600x480
VDD,met2-met3,STRIPE,via,130596,220080,132196,220560,1600,via2_1600x480
VDD,met1-met2,STRIPE,via,130596,220080,132196,220560,1600,via_1600x480
VDD,met3-met4,STRIPE,via,103955,220080,105555,220560,1600,via3_1600x480
VDD,met2-met3,STRIPE,via,103955,220080,105555,220560,1600,via2_1600x480
VDD,met1-met2,STRIPE,via,103955,220080,105555,220560,1600,via_1600x480
VDD,met3-met4,STRIPE,via,78420,220080,80020,220560,1600,via3_1600x480
VDD,met2-met3,STRIPE,via,78420,220080,80020,220560,1600,via2_1600x480
VDD,met1-met2,STRIPE,via,78420,220080,80020,220560,1600,via_1600x480
VDD,met3-met4,STRIPE,via,49102,220080,50702,220560,1600,via3_1600x480
VDD,met2-met3,STRIPE,via,49102,220080,50702,220560,1600,via2_1600x480
VDD,met1-met2,STRIPE,via,49102,220080,50702,220560,1600,via_1600x480
VDD,met3-met4,STRIPE,via,22607,220080,24207,220560,1600,via3_1600x480
VDD,met2-met3,STRIPE,via,22607,220080,24207,220560,1600,via2_1600x480
VDD,met1-met2,STRIPE,via,22607,220080,24207,220560,1600,via_1600x480
VDD,met3-met4,STRIPE,via,267663,214640,269263,215120,1600,via3_1600x480
VDD,met2-met3,STRIPE,via,267663,214640,269263,215120,1600,via2_1600x480
VDD,met1-met2,STRIPE,via,267663,214640,269263,215120,1600,via_1600x480
VDD,met3-met4,STRIPE,via,239920,214640,241520,215120,1600,via3_1600x480
VDD,met2-met3,STRIPE,via,239920,214640,241520,215120,1600,via2_1600x480
VDD,met1-met2,STRIPE,via,239920,214640,241520,215120,1600,via_1600x480
VDD,met3-met4,STRIPE,via,212065,214640,213665,215120,1600,via3_1600x480
VDD,met2-met3,STRIPE,via,212065,214640,213665,215120,1600,via2_1600x480
VDD,met1-met2,STRIPE,via,212065,214640,213665,215120,1600,via_1600x480
VDD,met3-met4,STRIPE,via,185569,214640,187169,215120,1600,via3_1600x480
VDD,met2-met3,STRIPE,via,185569,214640,187169,215120,1600,via2_1600x480
VDD,met1-met2,STRIPE,via,185569,214640,187169,215120,1600,via_1600x480
VDD,met3-met4,STRIPE,via,158612,214640,160212,215120,1600,via3_1600x480
VDD,met2-met3,STRIPE,via,158612,214640,160212,215120,1600,via2_1600x480
VDD,met1-met2,STRIPE,via,158612,214640,160212,215120,1600,via_1600x480
VDD,met3-met4,STRIPE,via,130596,214640,132196,215120,1600,via3_1600x480
VDD,met2-met3,STRIPE,via,130596,214640,132196,215120,1600,via2_1600x480
VDD,met1-met2,STRIPE,via,130596,214640,132196,215120,1600,via_1600x480
VDD,met3-met4,STRIPE,via,103955,214640,105555,215120,1600,via3_1600x480
VDD,met2-met3,STRIPE,via,103955,214640,105555,215120,1600,via2_1600x480
VDD,met1-met2,STRIPE,via,103955,214640,105555,215120,1600,via_1600x480
VDD,met3-met4,STRIPE,via,78420,214640,80020,215120,1600,via3_1600x480
VDD,met2-met3,STRIPE,via,78420,214640,80020,215120,1600,via2_1600x480
VDD,met1-met2,STRIPE,via,78420,214640,80020,215120,1600,via_1600x480
VDD,met3-met4,STRIPE,via,49102,214640,50702,215120,1600,via3_1600x480
VDD,met2-met3,STRIPE,via,49102,214640,50702,215120,1600,via2_1600x480
VDD,met1-met2,STRIPE,via,49102,214640,50702,215120,1600,via_1600x480
VDD,met3-met4,STRIPE,via,22607,214640,24207,215120,1600,via3_1600x480
VDD,met2-met3,STRIPE,via,22607,214640,24207,215120,1600,via2_1600x480
VDD,met1-met2,STRIPE,via,22607,214640,24207,215120,1600,via_1600x480
VDD,met3-met4,STRIPE,via,267663,209200,269263,209680,1600,via3_1600x480
VDD,met2-met3,STRIPE,via,267663,209200,269263,209680,1600,via2_1600x480
VDD,met1-met2,STRIPE,via,267663,209200,269263,209680,1600,via_1600x480
VDD,met3-met4,STRIPE,via,239920,209200,241520,209680,1600,via3_1600x480
VDD,met2-met3,STRIPE,via,239920,209200,241520,209680,1600,via2_1600x480
VDD,met1-met2,STRIPE,via,239920,209200,241520,209680,1600,via_1600x480
VDD,met3-met4,STRIPE,via,212065,209200,213665,209680,1600,via3_1600x480
VDD,met2-met3,STRIPE,via,212065,209200,213665,209680,1600,via2_1600x480
VDD,met1-met2,STRIPE,via,212065,209200,213665,209680,1600,via_1600x480
VDD,met3-met4,STRIPE,via,185569,209200,187169,209680,1600,via3_1600x480
VDD,met2-met3,STRIPE,via,185569,209200,187169,209680,1600,via2_1600x480
VDD,met1-met2,STRIPE,via,185569,209200,187169,209680,1600,via_1600x480
VDD,met3-met4,STRIPE,via,158612,209200,160212,209680,1600,via3_1600x480
VDD,met2-met3,STRIPE,via,158612,209200,160212,209680,1600,via2_1600x480
VDD,met1-met2,STRIPE,via,158612,209200,160212,209680,1600,via_1600x480
VDD,met3-met4,STRIPE,via,130596,209200,132196,209680,1600,via3_1600x480
VDD,met2-met3,STRIPE,via,130596,209200,132196,209680,1600,via2_1600x480
VDD,met1-met2,STRIPE,via,130596,209200,132196,209680,1600,via_1600x480
VDD,met3-met4,STRIPE,via,103955,209200,105555,209680,1600,via3_1600x480
VDD,met2-met3,STRIPE,via,103955,209200,105555,209680,1600,via2_1600x480
VDD,met1-met2,STRIPE,via,103955,209200,105555,209680,1600,via_1600x480
VDD,met3-met4,STRIPE,via,78420,209200,80020,209680,1600,via3_1600x480
VDD,met2-met3,STRIPE,via,78420,209200,80020,209680,1600,via2_1600x480
VDD,met1-met2,STRIPE,via,78420,209200,80020,209680,1600,via_1600x480
VDD,met3-met4,STRIPE,via,49102,209200,50702,209680,1600,via3_1600x480
VDD,met2-met3,STRIPE,via,49102,209200,50702,209680,1600,via2_1600x480
VDD,met1-met2,STRIPE,via,49102,209200,50702,209680,1600,via_1600x480
VDD,met3-met4,STRIPE,via,22607,209200,24207,209680,1600,via3_1600x480
VDD,met2-met3,STRIPE,via,22607,209200,24207,209680,1600,via2_1600x480
VDD,met1-met2,STRIPE,via,22607,209200,24207,209680,1600,via_1600x480
VDD,met3-met4,STRIPE,via,267663,203760,269263,204240,1600,via3_1600x480
VDD,met2-met3,STRIPE,via,267663,203760,269263,204240,1600,via2_1600x480
VDD,met1-met2,STRIPE,via,267663,203760,269263,204240,1600,via_1600x480
VDD,met3-met4,STRIPE,via,239920,203760,241520,204240,1600,via3_1600x480
VDD,met2-met3,STRIPE,via,239920,203760,241520,204240,1600,via2_1600x480
VDD,met1-met2,STRIPE,via,239920,203760,241520,204240,1600,via_1600x480
VDD,met3-met4,STRIPE,via,212065,203760,213665,204240,1600,via3_1600x480
VDD,met2-met3,STRIPE,via,212065,203760,213665,204240,1600,via2_1600x480
VDD,met1-met2,STRIPE,via,212065,203760,213665,204240,1600,via_1600x480
VDD,met3-met4,STRIPE,via,185569,203760,187169,204240,1600,via3_1600x480
VDD,met2-met3,STRIPE,via,185569,203760,187169,204240,1600,via2_1600x480
VDD,met1-met2,STRIPE,via,185569,203760,187169,204240,1600,via_1600x480
VDD,met3-met4,STRIPE,via,158612,203760,160212,204240,1600,via3_1600x480
VDD,met2-met3,STRIPE,via,158612,203760,160212,204240,1600,via2_1600x480
VDD,met1-met2,STRIPE,via,158612,203760,160212,204240,1600,via_1600x480
VDD,met3-met4,STRIPE,via,130596,203760,132196,204240,1600,via3_1600x480
VDD,met2-met3,STRIPE,via,130596,203760,132196,204240,1600,via2_1600x480
VDD,met1-met2,STRIPE,via,130596,203760,132196,204240,1600,via_1600x480
VDD,met3-met4,STRIPE,via,103955,203760,105555,204240,1600,via3_1600x480
VDD,met2-met3,STRIPE,via,103955,203760,105555,204240,1600,via2_1600x480
VDD,met1-met2,STRIPE,via,103955,203760,105555,204240,1600,via_1600x480
VDD,met3-met4,STRIPE,via,78420,203760,80020,204240,1600,via3_1600x480
VDD,met2-met3,STRIPE,via,78420,203760,80020,204240,1600,via2_1600x480
VDD,met1-met2,STRIPE,via,78420,203760,80020,204240,1600,via_1600x480
VDD,met3-met4,STRIPE,via,49102,203760,50702,204240,1600,via3_1600x480
VDD,met2-met3,STRIPE,via,49102,203760,50702,204240,1600,via2_1600x480
VDD,met1-met2,STRIPE,via,49102,203760,50702,204240,1600,via_1600x480
VDD,met3-met4,STRIPE,via,22607,203760,24207,204240,1600,via3_1600x480
VDD,met2-met3,STRIPE,via,22607,203760,24207,204240,1600,via2_1600x480
VDD,met1-met2,STRIPE,via,22607,203760,24207,204240,1600,via_1600x480
VDD,met3-met4,STRIPE,via,267663,198320,269263,198800,1600,via3_1600x480
VDD,met2-met3,STRIPE,via,267663,198320,269263,198800,1600,via2_1600x480
VDD,met1-met2,STRIPE,via,267663,198320,269263,198800,1600,via_1600x480
VDD,met3-met4,STRIPE,via,239920,198320,241520,198800,1600,via3_1600x480
VDD,met2-met3,STRIPE,via,239920,198320,241520,198800,1600,via2_1600x480
VDD,met1-met2,STRIPE,via,239920,198320,241520,198800,1600,via_1600x480
VDD,met3-met4,STRIPE,via,212065,198320,213665,198800,1600,via3_1600x480
VDD,met2-met3,STRIPE,via,212065,198320,213665,198800,1600,via2_1600x480
VDD,met1-met2,STRIPE,via,212065,198320,213665,198800,1600,via_1600x480
VDD,met3-met4,STRIPE,via,185569,198320,187169,198800,1600,via3_1600x480
VDD,met2-met3,STRIPE,via,185569,198320,187169,198800,1600,via2_1600x480
VDD,met1-met2,STRIPE,via,185569,198320,187169,198800,1600,via_1600x480
VDD,met3-met4,STRIPE,via,158612,198320,160212,198800,1600,via3_1600x480
VDD,met2-met3,STRIPE,via,158612,198320,160212,198800,1600,via2_1600x480
VDD,met1-met2,STRIPE,via,158612,198320,160212,198800,1600,via_1600x480
VDD,met3-met4,STRIPE,via,130596,198320,132196,198800,1600,via3_1600x480
VDD,met2-met3,STRIPE,via,130596,198320,132196,198800,1600,via2_1600x480
VDD,met1-met2,STRIPE,via,130596,198320,132196,198800,1600,via_1600x480
VDD,met3-met4,STRIPE,via,103955,198320,105555,198800,1600,via3_1600x480
VDD,met2-met3,STRIPE,via,103955,198320,105555,198800,1600,via2_1600x480
VDD,met1-met2,STRIPE,via,103955,198320,105555,198800,1600,via_1600x480
VDD,met3-met4,STRIPE,via,78420,198320,80020,198800,1600,via3_1600x480
VDD,met2-met3,STRIPE,via,78420,198320,80020,198800,1600,via2_1600x480
VDD,met1-met2,STRIPE,via,78420,198320,80020,198800,1600,via_1600x480
VDD,met3-met4,STRIPE,via,49102,198320,50702,198800,1600,via3_1600x480
VDD,met2-met3,STRIPE,via,49102,198320,50702,198800,1600,via2_1600x480
VDD,met1-met2,STRIPE,via,49102,198320,50702,198800,1600,via_1600x480
VDD,met3-met4,STRIPE,via,22607,198320,24207,198800,1600,via3_1600x480
VDD,met2-met3,STRIPE,via,22607,198320,24207,198800,1600,via2_1600x480
VDD,met1-met2,STRIPE,via,22607,198320,24207,198800,1600,via_1600x480
VDD,met3-met4,STRIPE,via,267663,192880,269263,193360,1600,via3_1600x480
VDD,met2-met3,STRIPE,via,267663,192880,269263,193360,1600,via2_1600x480
VDD,met1-met2,STRIPE,via,267663,192880,269263,193360,1600,via_1600x480
VDD,met3-met4,STRIPE,via,239920,192880,241520,193360,1600,via3_1600x480
VDD,met2-met3,STRIPE,via,239920,192880,241520,193360,1600,via2_1600x480
VDD,met1-met2,STRIPE,via,239920,192880,241520,193360,1600,via_1600x480
VDD,met3-met4,STRIPE,via,212065,192880,213665,193360,1600,via3_1600x480
VDD,met2-met3,STRIPE,via,212065,192880,213665,193360,1600,via2_1600x480
VDD,met1-met2,STRIPE,via,212065,192880,213665,193360,1600,via_1600x480
VDD,met3-met4,STRIPE,via,185569,192880,187169,193360,1600,via3_1600x480
VDD,met2-met3,STRIPE,via,185569,192880,187169,193360,1600,via2_1600x480
VDD,met1-met2,STRIPE,via,185569,192880,187169,193360,1600,via_1600x480
VDD,met3-met4,STRIPE,via,158612,192880,160212,193360,1600,via3_1600x480
VDD,met2-met3,STRIPE,via,158612,192880,160212,193360,1600,via2_1600x480
VDD,met1-met2,STRIPE,via,158612,192880,160212,193360,1600,via_1600x480
VDD,met3-met4,STRIPE,via,130596,192880,132196,193360,1600,via3_1600x480
VDD,met2-met3,STRIPE,via,130596,192880,132196,193360,1600,via2_1600x480
VDD,met1-met2,STRIPE,via,130596,192880,132196,193360,1600,via_1600x480
VDD,met3-met4,STRIPE,via,103955,192880,105555,193360,1600,via3_1600x480
VDD,met2-met3,STRIPE,via,103955,192880,105555,193360,1600,via2_1600x480
VDD,met1-met2,STRIPE,via,103955,192880,105555,193360,1600,via_1600x480
VDD,met3-met4,STRIPE,via,78420,192880,80020,193360,1600,via3_1600x480
VDD,met2-met3,STRIPE,via,78420,192880,80020,193360,1600,via2_1600x480
VDD,met1-met2,STRIPE,via,78420,192880,80020,193360,1600,via_1600x480
VDD,met3-met4,STRIPE,via,49102,192880,50702,193360,1600,via3_1600x480
VDD,met2-met3,STRIPE,via,49102,192880,50702,193360,1600,via2_1600x480
VDD,met1-met2,STRIPE,via,49102,192880,50702,193360,1600,via_1600x480
VDD,met3-met4,STRIPE,via,22607,192880,24207,193360,1600,via3_1600x480
VDD,met2-met3,STRIPE,via,22607,192880,24207,193360,1600,via2_1600x480
VDD,met1-met2,STRIPE,via,22607,192880,24207,193360,1600,via_1600x480
VDD,met3-met4,STRIPE,via,267663,187440,269263,187920,1600,via3_1600x480
VDD,met2-met3,STRIPE,via,267663,187440,269263,187920,1600,via2_1600x480
VDD,met1-met2,STRIPE,via,267663,187440,269263,187920,1600,via_1600x480
VDD,met3-met4,STRIPE,via,239920,187440,241520,187920,1600,via3_1600x480
VDD,met2-met3,STRIPE,via,239920,187440,241520,187920,1600,via2_1600x480
VDD,met1-met2,STRIPE,via,239920,187440,241520,187920,1600,via_1600x480
VDD,met3-met4,STRIPE,via,212065,187440,213665,187920,1600,via3_1600x480
VDD,met2-met3,STRIPE,via,212065,187440,213665,187920,1600,via2_1600x480
VDD,met1-met2,STRIPE,via,212065,187440,213665,187920,1600,via_1600x480
VDD,met3-met4,STRIPE,via,185569,187440,187169,187920,1600,via3_1600x480
VDD,met2-met3,STRIPE,via,185569,187440,187169,187920,1600,via2_1600x480
VDD,met1-met2,STRIPE,via,185569,187440,187169,187920,1600,via_1600x480
VDD,met3-met4,STRIPE,via,158612,187440,160212,187920,1600,via3_1600x480
VDD,met2-met3,STRIPE,via,158612,187440,160212,187920,1600,via2_1600x480
VDD,met1-met2,STRIPE,via,158612,187440,160212,187920,1600,via_1600x480
VDD,met3-met4,STRIPE,via,130596,187440,132196,187920,1600,via3_1600x480
VDD,met2-met3,STRIPE,via,130596,187440,132196,187920,1600,via2_1600x480
VDD,met1-met2,STRIPE,via,130596,187440,132196,187920,1600,via_1600x480
VDD,met3-met4,STRIPE,via,103955,187440,105555,187920,1600,via3_1600x480
VDD,met2-met3,STRIPE,via,103955,187440,105555,187920,1600,via2_1600x480
VDD,met1-met2,STRIPE,via,103955,187440,105555,187920,1600,via_1600x480
VDD,met3-met4,STRIPE,via,78420,187440,80020,187920,1600,via3_1600x480
VDD,met2-met3,STRIPE,via,78420,187440,80020,187920,1600,via2_1600x480
VDD,met1-met2,STRIPE,via,78420,187440,80020,187920,1600,via_1600x480
VDD,met3-met4,STRIPE,via,49102,187440,50702,187920,1600,via3_1600x480
VDD,met2-met3,STRIPE,via,49102,187440,50702,187920,1600,via2_1600x480
VDD,met1-met2,STRIPE,via,49102,187440,50702,187920,1600,via_1600x480
VDD,met3-met4,STRIPE,via,22607,187440,24207,187920,1600,via3_1600x480
VDD,met2-met3,STRIPE,via,22607,187440,24207,187920,1600,via2_1600x480
VDD,met1-met2,STRIPE,via,22607,187440,24207,187920,1600,via_1600x480
VDD,met3-met4,STRIPE,via,267663,182000,269263,182480,1600,via3_1600x480
VDD,met2-met3,STRIPE,via,267663,182000,269263,182480,1600,via2_1600x480
VDD,met1-met2,STRIPE,via,267663,182000,269263,182480,1600,via_1600x480
VDD,met3-met4,STRIPE,via,239920,182000,241520,182480,1600,via3_1600x480
VDD,met2-met3,STRIPE,via,239920,182000,241520,182480,1600,via2_1600x480
VDD,met1-met2,STRIPE,via,239920,182000,241520,182480,1600,via_1600x480
VDD,met3-met4,STRIPE,via,212065,182000,213665,182480,1600,via3_1600x480
VDD,met2-met3,STRIPE,via,212065,182000,213665,182480,1600,via2_1600x480
VDD,met1-met2,STRIPE,via,212065,182000,213665,182480,1600,via_1600x480
VDD,met3-met4,STRIPE,via,185569,182000,187169,182480,1600,via3_1600x480
VDD,met2-met3,STRIPE,via,185569,182000,187169,182480,1600,via2_1600x480
VDD,met1-met2,STRIPE,via,185569,182000,187169,182480,1600,via_1600x480
VDD,met3-met4,STRIPE,via,158612,182000,160212,182480,1600,via3_1600x480
VDD,met2-met3,STRIPE,via,158612,182000,160212,182480,1600,via2_1600x480
VDD,met1-met2,STRIPE,via,158612,182000,160212,182480,1600,via_1600x480
VDD,met3-met4,STRIPE,via,130596,182000,132196,182480,1600,via3_1600x480
VDD,met2-met3,STRIPE,via,130596,182000,132196,182480,1600,via2_1600x480
VDD,met1-met2,STRIPE,via,130596,182000,132196,182480,1600,via_1600x480
VDD,met3-met4,STRIPE,via,103955,182000,105555,182480,1600,via3_1600x480
VDD,met2-met3,STRIPE,via,103955,182000,105555,182480,1600,via2_1600x480
VDD,met1-met2,STRIPE,via,103955,182000,105555,182480,1600,via_1600x480
VDD,met3-met4,STRIPE,via,78420,182000,80020,182480,1600,via3_1600x480
VDD,met2-met3,STRIPE,via,78420,182000,80020,182480,1600,via2_1600x480
VDD,met1-met2,STRIPE,via,78420,182000,80020,182480,1600,via_1600x480
VDD,met3-met4,STRIPE,via,49102,182000,50702,182480,1600,via3_1600x480
VDD,met2-met3,STRIPE,via,49102,182000,50702,182480,1600,via2_1600x480
VDD,met1-met2,STRIPE,via,49102,182000,50702,182480,1600,via_1600x480
VDD,met3-met4,STRIPE,via,22607,182000,24207,182480,1600,via3_1600x480
VDD,met2-met3,STRIPE,via,22607,182000,24207,182480,1600,via2_1600x480
VDD,met1-met2,STRIPE,via,22607,182000,24207,182480,1600,via_1600x480
VDD,met3-met4,STRIPE,via,267663,176560,269263,177040,1600,via3_1600x480
VDD,met2-met3,STRIPE,via,267663,176560,269263,177040,1600,via2_1600x480
VDD,met1-met2,STRIPE,via,267663,176560,269263,177040,1600,via_1600x480
VDD,met3-met4,STRIPE,via,239920,176560,241520,177040,1600,via3_1600x480
VDD,met2-met3,STRIPE,via,239920,176560,241520,177040,1600,via2_1600x480
VDD,met1-met2,STRIPE,via,239920,176560,241520,177040,1600,via_1600x480
VDD,met3-met4,STRIPE,via,212065,176560,213665,177040,1600,via3_1600x480
VDD,met2-met3,STRIPE,via,212065,176560,213665,177040,1600,via2_1600x480
VDD,met1-met2,STRIPE,via,212065,176560,213665,177040,1600,via_1600x480
VDD,met3-met4,STRIPE,via,185569,176560,187169,177040,1600,via3_1600x480
VDD,met2-met3,STRIPE,via,185569,176560,187169,177040,1600,via2_1600x480
VDD,met1-met2,STRIPE,via,185569,176560,187169,177040,1600,via_1600x480
VDD,met3-met4,STRIPE,via,158612,176560,160212,177040,1600,via3_1600x480
VDD,met2-met3,STRIPE,via,158612,176560,160212,177040,1600,via2_1600x480
VDD,met1-met2,STRIPE,via,158612,176560,160212,177040,1600,via_1600x480
VDD,met3-met4,STRIPE,via,130596,176560,132196,177040,1600,via3_1600x480
VDD,met2-met3,STRIPE,via,130596,176560,132196,177040,1600,via2_1600x480
VDD,met1-met2,STRIPE,via,130596,176560,132196,177040,1600,via_1600x480
VDD,met3-met4,STRIPE,via,103955,176560,105555,177040,1600,via3_1600x480
VDD,met2-met3,STRIPE,via,103955,176560,105555,177040,1600,via2_1600x480
VDD,met1-met2,STRIPE,via,103955,176560,105555,177040,1600,via_1600x480
VDD,met3-met4,STRIPE,via,78420,176560,80020,177040,1600,via3_1600x480
VDD,met2-met3,STRIPE,via,78420,176560,80020,177040,1600,via2_1600x480
VDD,met1-met2,STRIPE,via,78420,176560,80020,177040,1600,via_1600x480
VDD,met3-met4,STRIPE,via,49102,176560,50702,177040,1600,via3_1600x480
VDD,met2-met3,STRIPE,via,49102,176560,50702,177040,1600,via2_1600x480
VDD,met1-met2,STRIPE,via,49102,176560,50702,177040,1600,via_1600x480
VDD,met3-met4,STRIPE,via,22607,176560,24207,177040,1600,via3_1600x480
VDD,met2-met3,STRIPE,via,22607,176560,24207,177040,1600,via2_1600x480
VDD,met1-met2,STRIPE,via,22607,176560,24207,177040,1600,via_1600x480
VDD,met3-met4,STRIPE,via,267663,171120,269263,171600,1600,via3_1600x480
VDD,met2-met3,STRIPE,via,267663,171120,269263,171600,1600,via2_1600x480
VDD,met1-met2,STRIPE,via,267663,171120,269263,171600,1600,via_1600x480
VDD,met3-met4,STRIPE,via,239920,171120,241520,171600,1600,via3_1600x480
VDD,met2-met3,STRIPE,via,239920,171120,241520,171600,1600,via2_1600x480
VDD,met1-met2,STRIPE,via,239920,171120,241520,171600,1600,via_1600x480
VDD,met3-met4,STRIPE,via,212065,171120,213665,171600,1600,via3_1600x480
VDD,met2-met3,STRIPE,via,212065,171120,213665,171600,1600,via2_1600x480
VDD,met1-met2,STRIPE,via,212065,171120,213665,171600,1600,via_1600x480
VDD,met3-met4,STRIPE,via,185569,171120,187169,171600,1600,via3_1600x480
VDD,met2-met3,STRIPE,via,185569,171120,187169,171600,1600,via2_1600x480
VDD,met1-met2,STRIPE,via,185569,171120,187169,171600,1600,via_1600x480
VDD,met3-met4,STRIPE,via,158612,171120,160212,171600,1600,via3_1600x480
VDD,met2-met3,STRIPE,via,158612,171120,160212,171600,1600,via2_1600x480
VDD,met1-met2,STRIPE,via,158612,171120,160212,171600,1600,via_1600x480
VDD,met3-met4,STRIPE,via,130596,171120,132196,171600,1600,via3_1600x480
VDD,met2-met3,STRIPE,via,130596,171120,132196,171600,1600,via2_1600x480
VDD,met1-met2,STRIPE,via,130596,171120,132196,171600,1600,via_1600x480
VDD,met3-met4,STRIPE,via,103955,171120,105555,171600,1600,via3_1600x480
VDD,met2-met3,STRIPE,via,103955,171120,105555,171600,1600,via2_1600x480
VDD,met1-met2,STRIPE,via,103955,171120,105555,171600,1600,via_1600x480
VDD,met3-met4,STRIPE,via,78420,171120,80020,171600,1600,via3_1600x480
VDD,met2-met3,STRIPE,via,78420,171120,80020,171600,1600,via2_1600x480
VDD,met1-met2,STRIPE,via,78420,171120,80020,171600,1600,via_1600x480
VDD,met3-met4,STRIPE,via,49102,171120,50702,171600,1600,via3_1600x480
VDD,met2-met3,STRIPE,via,49102,171120,50702,171600,1600,via2_1600x480
VDD,met1-met2,STRIPE,via,49102,171120,50702,171600,1600,via_1600x480
VDD,met3-met4,STRIPE,via,22607,171120,24207,171600,1600,via3_1600x480
VDD,met2-met3,STRIPE,via,22607,171120,24207,171600,1600,via2_1600x480
VDD,met1-met2,STRIPE,via,22607,171120,24207,171600,1600,via_1600x480
VDD,met3-met4,STRIPE,via,267663,165680,269263,166160,1600,via3_1600x480
VDD,met2-met3,STRIPE,via,267663,165680,269263,166160,1600,via2_1600x480
VDD,met1-met2,STRIPE,via,267663,165680,269263,166160,1600,via_1600x480
VDD,met3-met4,STRIPE,via,239920,165680,241520,166160,1600,via3_1600x480
VDD,met2-met3,STRIPE,via,239920,165680,241520,166160,1600,via2_1600x480
VDD,met1-met2,STRIPE,via,239920,165680,241520,166160,1600,via_1600x480
VDD,met3-met4,STRIPE,via,212065,165680,213665,166160,1600,via3_1600x480
VDD,met2-met3,STRIPE,via,212065,165680,213665,166160,1600,via2_1600x480
VDD,met1-met2,STRIPE,via,212065,165680,213665,166160,1600,via_1600x480
VDD,met3-met4,STRIPE,via,185569,165680,187169,166160,1600,via3_1600x480
VDD,met2-met3,STRIPE,via,185569,165680,187169,166160,1600,via2_1600x480
VDD,met1-met2,STRIPE,via,185569,165680,187169,166160,1600,via_1600x480
VDD,met3-met4,STRIPE,via,158612,165680,160212,166160,1600,via3_1600x480
VDD,met2-met3,STRIPE,via,158612,165680,160212,166160,1600,via2_1600x480
VDD,met1-met2,STRIPE,via,158612,165680,160212,166160,1600,via_1600x480
VDD,met3-met4,STRIPE,via,130596,165680,132196,166160,1600,via3_1600x480
VDD,met2-met3,STRIPE,via,130596,165680,132196,166160,1600,via2_1600x480
VDD,met1-met2,STRIPE,via,130596,165680,132196,166160,1600,via_1600x480
VDD,met3-met4,STRIPE,via,103955,165680,105555,166160,1600,via3_1600x480
VDD,met2-met3,STRIPE,via,103955,165680,105555,166160,1600,via2_1600x480
VDD,met1-met2,STRIPE,via,103955,165680,105555,166160,1600,via_1600x480
VDD,met3-met4,STRIPE,via,78420,165680,80020,166160,1600,via3_1600x480
VDD,met2-met3,STRIPE,via,78420,165680,80020,166160,1600,via2_1600x480
VDD,met1-met2,STRIPE,via,78420,165680,80020,166160,1600,via_1600x480
VDD,met3-met4,STRIPE,via,49102,165680,50702,166160,1600,via3_1600x480
VDD,met2-met3,STRIPE,via,49102,165680,50702,166160,1600,via2_1600x480
VDD,met1-met2,STRIPE,via,49102,165680,50702,166160,1600,via_1600x480
VDD,met3-met4,STRIPE,via,22607,165680,24207,166160,1600,via3_1600x480
VDD,met2-met3,STRIPE,via,22607,165680,24207,166160,1600,via2_1600x480
VDD,met1-met2,STRIPE,via,22607,165680,24207,166160,1600,via_1600x480
VDD,met3-met4,STRIPE,via,267663,160240,269263,160720,1600,via3_1600x480
VDD,met2-met3,STRIPE,via,267663,160240,269263,160720,1600,via2_1600x480
VDD,met1-met2,STRIPE,via,267663,160240,269263,160720,1600,via_1600x480
VDD,met3-met4,STRIPE,via,239920,160240,241520,160720,1600,via3_1600x480
VDD,met2-met3,STRIPE,via,239920,160240,241520,160720,1600,via2_1600x480
VDD,met1-met2,STRIPE,via,239920,160240,241520,160720,1600,via_1600x480
VDD,met3-met4,STRIPE,via,212065,160240,213665,160720,1600,via3_1600x480
VDD,met2-met3,STRIPE,via,212065,160240,213665,160720,1600,via2_1600x480
VDD,met1-met2,STRIPE,via,212065,160240,213665,160720,1600,via_1600x480
VDD,met3-met4,STRIPE,via,185569,160240,187169,160720,1600,via3_1600x480
VDD,met2-met3,STRIPE,via,185569,160240,187169,160720,1600,via2_1600x480
VDD,met1-met2,STRIPE,via,185569,160240,187169,160720,1600,via_1600x480
VDD,met3-met4,STRIPE,via,158612,160240,160212,160720,1600,via3_1600x480
VDD,met2-met3,STRIPE,via,158612,160240,160212,160720,1600,via2_1600x480
VDD,met1-met2,STRIPE,via,158612,160240,160212,160720,1600,via_1600x480
VDD,met3-met4,STRIPE,via,130596,160240,132196,160720,1600,via3_1600x480
VDD,met2-met3,STRIPE,via,130596,160240,132196,160720,1600,via2_1600x480
VDD,met1-met2,STRIPE,via,130596,160240,132196,160720,1600,via_1600x480
VDD,met3-met4,STRIPE,via,103955,160240,105555,160720,1600,via3_1600x480
VDD,met2-met3,STRIPE,via,103955,160240,105555,160720,1600,via2_1600x480
VDD,met1-met2,STRIPE,via,103955,160240,105555,160720,1600,via_1600x480
VDD,met3-met4,STRIPE,via,78420,160240,80020,160720,1600,via3_1600x480
VDD,met2-met3,STRIPE,via,78420,160240,80020,160720,1600,via2_1600x480
VDD,met1-met2,STRIPE,via,78420,160240,80020,160720,1600,via_1600x480
VDD,met3-met4,STRIPE,via,49102,160240,50702,160720,1600,via3_1600x480
VDD,met2-met3,STRIPE,via,49102,160240,50702,160720,1600,via2_1600x480
VDD,met1-met2,STRIPE,via,49102,160240,50702,160720,1600,via_1600x480
VDD,met3-met4,STRIPE,via,22607,160240,24207,160720,1600,via3_1600x480
VDD,met2-met3,STRIPE,via,22607,160240,24207,160720,1600,via2_1600x480
VDD,met1-met2,STRIPE,via,22607,160240,24207,160720,1600,via_1600x480
VDD,met3-met4,STRIPE,via,267663,154800,269263,155280,1600,via3_1600x480
VDD,met2-met3,STRIPE,via,267663,154800,269263,155280,1600,via2_1600x480
VDD,met1-met2,STRIPE,via,267663,154800,269263,155280,1600,via_1600x480
VDD,met3-met4,STRIPE,via,239920,154800,241520,155280,1600,via3_1600x480
VDD,met2-met3,STRIPE,via,239920,154800,241520,155280,1600,via2_1600x480
VDD,met1-met2,STRIPE,via,239920,154800,241520,155280,1600,via_1600x480
VDD,met3-met4,STRIPE,via,212065,154800,213665,155280,1600,via3_1600x480
VDD,met2-met3,STRIPE,via,212065,154800,213665,155280,1600,via2_1600x480
VDD,met1-met2,STRIPE,via,212065,154800,213665,155280,1600,via_1600x480
VDD,met3-met4,STRIPE,via,185569,154800,187169,155280,1600,via3_1600x480
VDD,met2-met3,STRIPE,via,185569,154800,187169,155280,1600,via2_1600x480
VDD,met1-met2,STRIPE,via,185569,154800,187169,155280,1600,via_1600x480
VDD,met3-met4,STRIPE,via,158612,154800,160212,155280,1600,via3_1600x480
VDD,met2-met3,STRIPE,via,158612,154800,160212,155280,1600,via2_1600x480
VDD,met1-met2,STRIPE,via,158612,154800,160212,155280,1600,via_1600x480
VDD,met3-met4,STRIPE,via,130596,154800,132196,155280,1600,via3_1600x480
VDD,met2-met3,STRIPE,via,130596,154800,132196,155280,1600,via2_1600x480
VDD,met1-met2,STRIPE,via,130596,154800,132196,155280,1600,via_1600x480
VDD,met3-met4,STRIPE,via,103955,154800,105555,155280,1600,via3_1600x480
VDD,met2-met3,STRIPE,via,103955,154800,105555,155280,1600,via2_1600x480
VDD,met1-met2,STRIPE,via,103955,154800,105555,155280,1600,via_1600x480
VDD,met3-met4,STRIPE,via,78420,154800,80020,155280,1600,via3_1600x480
VDD,met2-met3,STRIPE,via,78420,154800,80020,155280,1600,via2_1600x480
VDD,met1-met2,STRIPE,via,78420,154800,80020,155280,1600,via_1600x480
VDD,met3-met4,STRIPE,via,49102,154800,50702,155280,1600,via3_1600x480
VDD,met2-met3,STRIPE,via,49102,154800,50702,155280,1600,via2_1600x480
VDD,met1-met2,STRIPE,via,49102,154800,50702,155280,1600,via_1600x480
VDD,met3-met4,STRIPE,via,22607,154800,24207,155280,1600,via3_1600x480
VDD,met2-met3,STRIPE,via,22607,154800,24207,155280,1600,via2_1600x480
VDD,met1-met2,STRIPE,via,22607,154800,24207,155280,1600,via_1600x480
VDD,met3-met4,STRIPE,via,267663,149360,269263,149840,1600,via3_1600x480
VDD,met2-met3,STRIPE,via,267663,149360,269263,149840,1600,via2_1600x480
VDD,met1-met2,STRIPE,via,267663,149360,269263,149840,1600,via_1600x480
VDD,met3-met4,STRIPE,via,239920,149360,241520,149840,1600,via3_1600x480
VDD,met2-met3,STRIPE,via,239920,149360,241520,149840,1600,via2_1600x480
VDD,met1-met2,STRIPE,via,239920,149360,241520,149840,1600,via_1600x480
VDD,met3-met4,STRIPE,via,212065,149360,213665,149840,1600,via3_1600x480
VDD,met2-met3,STRIPE,via,212065,149360,213665,149840,1600,via2_1600x480
VDD,met1-met2,STRIPE,via,212065,149360,213665,149840,1600,via_1600x480
VDD,met3-met4,STRIPE,via,185569,149360,187169,149840,1600,via3_1600x480
VDD,met2-met3,STRIPE,via,185569,149360,187169,149840,1600,via2_1600x480
VDD,met1-met2,STRIPE,via,185569,149360,187169,149840,1600,via_1600x480
VDD,met3-met4,STRIPE,via,158612,149360,160212,149840,1600,via3_1600x480
VDD,met2-met3,STRIPE,via,158612,149360,160212,149840,1600,via2_1600x480
VDD,met1-met2,STRIPE,via,158612,149360,160212,149840,1600,via_1600x480
VDD,met3-met4,STRIPE,via,130596,149360,132196,149840,1600,via3_1600x480
VDD,met2-met3,STRIPE,via,130596,149360,132196,149840,1600,via2_1600x480
VDD,met1-met2,STRIPE,via,130596,149360,132196,149840,1600,via_1600x480
VDD,met3-met4,STRIPE,via,103955,149360,105555,149840,1600,via3_1600x480
VDD,met2-met3,STRIPE,via,103955,149360,105555,149840,1600,via2_1600x480
VDD,met1-met2,STRIPE,via,103955,149360,105555,149840,1600,via_1600x480
VDD,met3-met4,STRIPE,via,78420,149360,80020,149840,1600,via3_1600x480
VDD,met2-met3,STRIPE,via,78420,149360,80020,149840,1600,via2_1600x480
VDD,met1-met2,STRIPE,via,78420,149360,80020,149840,1600,via_1600x480
VDD,met3-met4,STRIPE,via,49102,149360,50702,149840,1600,via3_1600x480
VDD,met2-met3,STRIPE,via,49102,149360,50702,149840,1600,via2_1600x480
VDD,met1-met2,STRIPE,via,49102,149360,50702,149840,1600,via_1600x480
VDD,met3-met4,STRIPE,via,22607,149360,24207,149840,1600,via3_1600x480
VDD,met2-met3,STRIPE,via,22607,149360,24207,149840,1600,via2_1600x480
VDD,met1-met2,STRIPE,via,22607,149360,24207,149840,1600,via_1600x480
VDD,met3-met4,STRIPE,via,267663,143920,269263,144400,1600,via3_1600x480
VDD,met2-met3,STRIPE,via,267663,143920,269263,144400,1600,via2_1600x480
VDD,met1-met2,STRIPE,via,267663,143920,269263,144400,1600,via_1600x480
VDD,met3-met4,STRIPE,via,239920,143920,241520,144400,1600,via3_1600x480
VDD,met2-met3,STRIPE,via,239920,143920,241520,144400,1600,via2_1600x480
VDD,met1-met2,STRIPE,via,239920,143920,241520,144400,1600,via_1600x480
VDD,met3-met4,STRIPE,via,212065,143920,213665,144400,1600,via3_1600x480
VDD,met2-met3,STRIPE,via,212065,143920,213665,144400,1600,via2_1600x480
VDD,met1-met2,STRIPE,via,212065,143920,213665,144400,1600,via_1600x480
VDD,met3-met4,STRIPE,via,185569,143920,187169,144400,1600,via3_1600x480
VDD,met2-met3,STRIPE,via,185569,143920,187169,144400,1600,via2_1600x480
VDD,met1-met2,STRIPE,via,185569,143920,187169,144400,1600,via_1600x480
VDD,met3-met4,STRIPE,via,158612,143920,160212,144400,1600,via3_1600x480
VDD,met2-met3,STRIPE,via,158612,143920,160212,144400,1600,via2_1600x480
VDD,met1-met2,STRIPE,via,158612,143920,160212,144400,1600,via_1600x480
VDD,met3-met4,STRIPE,via,130596,143920,132196,144400,1600,via3_1600x480
VDD,met2-met3,STRIPE,via,130596,143920,132196,144400,1600,via2_1600x480
VDD,met1-met2,STRIPE,via,130596,143920,132196,144400,1600,via_1600x480
VDD,met3-met4,STRIPE,via,103955,143920,105555,144400,1600,via3_1600x480
VDD,met2-met3,STRIPE,via,103955,143920,105555,144400,1600,via2_1600x480
VDD,met1-met2,STRIPE,via,103955,143920,105555,144400,1600,via_1600x480
VDD,met3-met4,STRIPE,via,78420,143920,80020,144400,1600,via3_1600x480
VDD,met2-met3,STRIPE,via,78420,143920,80020,144400,1600,via2_1600x480
VDD,met1-met2,STRIPE,via,78420,143920,80020,144400,1600,via_1600x480
VDD,met3-met4,STRIPE,via,49102,143920,50702,144400,1600,via3_1600x480
VDD,met2-met3,STRIPE,via,49102,143920,50702,144400,1600,via2_1600x480
VDD,met1-met2,STRIPE,via,49102,143920,50702,144400,1600,via_1600x480
VDD,met3-met4,STRIPE,via,22607,143920,24207,144400,1600,via3_1600x480
VDD,met2-met3,STRIPE,via,22607,143920,24207,144400,1600,via2_1600x480
VDD,met1-met2,STRIPE,via,22607,143920,24207,144400,1600,via_1600x480
VDD,met3-met4,STRIPE,via,267663,138480,269263,138960,1600,via3_1600x480
VDD,met2-met3,STRIPE,via,267663,138480,269263,138960,1600,via2_1600x480
VDD,met1-met2,STRIPE,via,267663,138480,269263,138960,1600,via_1600x480
VDD,met3-met4,STRIPE,via,239920,138480,241520,138960,1600,via3_1600x480
VDD,met2-met3,STRIPE,via,239920,138480,241520,138960,1600,via2_1600x480
VDD,met1-met2,STRIPE,via,239920,138480,241520,138960,1600,via_1600x480
VDD,met3-met4,STRIPE,via,212065,138480,213665,138960,1600,via3_1600x480
VDD,met2-met3,STRIPE,via,212065,138480,213665,138960,1600,via2_1600x480
VDD,met1-met2,STRIPE,via,212065,138480,213665,138960,1600,via_1600x480
VDD,met3-met4,STRIPE,via,185569,138480,187169,138960,1600,via3_1600x480
VDD,met2-met3,STRIPE,via,185569,138480,187169,138960,1600,via2_1600x480
VDD,met1-met2,STRIPE,via,185569,138480,187169,138960,1600,via_1600x480
VDD,met3-met4,STRIPE,via,158612,138480,160212,138960,1600,via3_1600x480
VDD,met2-met3,STRIPE,via,158612,138480,160212,138960,1600,via2_1600x480
VDD,met1-met2,STRIPE,via,158612,138480,160212,138960,1600,via_1600x480
VDD,met3-met4,STRIPE,via,130596,138480,132196,138960,1600,via3_1600x480
VDD,met2-met3,STRIPE,via,130596,138480,132196,138960,1600,via2_1600x480
VDD,met1-met2,STRIPE,via,130596,138480,132196,138960,1600,via_1600x480
VDD,met3-met4,STRIPE,via,103955,138480,105555,138960,1600,via3_1600x480
VDD,met2-met3,STRIPE,via,103955,138480,105555,138960,1600,via2_1600x480
VDD,met1-met2,STRIPE,via,103955,138480,105555,138960,1600,via_1600x480
VDD,met3-met4,STRIPE,via,78420,138480,80020,138960,1600,via3_1600x480
VDD,met2-met3,STRIPE,via,78420,138480,80020,138960,1600,via2_1600x480
VDD,met1-met2,STRIPE,via,78420,138480,80020,138960,1600,via_1600x480
VDD,met3-met4,STRIPE,via,49102,138480,50702,138960,1600,via3_1600x480
VDD,met2-met3,STRIPE,via,49102,138480,50702,138960,1600,via2_1600x480
VDD,met1-met2,STRIPE,via,49102,138480,50702,138960,1600,via_1600x480
VDD,met3-met4,STRIPE,via,22607,138480,24207,138960,1600,via3_1600x480
VDD,met2-met3,STRIPE,via,22607,138480,24207,138960,1600,via2_1600x480
VDD,met1-met2,STRIPE,via,22607,138480,24207,138960,1600,via_1600x480
VDD,met3-met4,STRIPE,via,267663,133040,269263,133520,1600,via3_1600x480
VDD,met2-met3,STRIPE,via,267663,133040,269263,133520,1600,via2_1600x480
VDD,met1-met2,STRIPE,via,267663,133040,269263,133520,1600,via_1600x480
VDD,met3-met4,STRIPE,via,239920,133040,241520,133520,1600,via3_1600x480
VDD,met2-met3,STRIPE,via,239920,133040,241520,133520,1600,via2_1600x480
VDD,met1-met2,STRIPE,via,239920,133040,241520,133520,1600,via_1600x480
VDD,met3-met4,STRIPE,via,212065,133040,213665,133520,1600,via3_1600x480
VDD,met2-met3,STRIPE,via,212065,133040,213665,133520,1600,via2_1600x480
VDD,met1-met2,STRIPE,via,212065,133040,213665,133520,1600,via_1600x480
VDD,met3-met4,STRIPE,via,185569,133040,187169,133520,1600,via3_1600x480
VDD,met2-met3,STRIPE,via,185569,133040,187169,133520,1600,via2_1600x480
VDD,met1-met2,STRIPE,via,185569,133040,187169,133520,1600,via_1600x480
VDD,met3-met4,STRIPE,via,158612,133040,160212,133520,1600,via3_1600x480
VDD,met2-met3,STRIPE,via,158612,133040,160212,133520,1600,via2_1600x480
VDD,met1-met2,STRIPE,via,158612,133040,160212,133520,1600,via_1600x480
VDD,met3-met4,STRIPE,via,130596,133040,132196,133520,1600,via3_1600x480
VDD,met2-met3,STRIPE,via,130596,133040,132196,133520,1600,via2_1600x480
VDD,met1-met2,STRIPE,via,130596,133040,132196,133520,1600,via_1600x480
VDD,met3-met4,STRIPE,via,103955,133040,105555,133520,1600,via3_1600x480
VDD,met2-met3,STRIPE,via,103955,133040,105555,133520,1600,via2_1600x480
VDD,met1-met2,STRIPE,via,103955,133040,105555,133520,1600,via_1600x480
VDD,met3-met4,STRIPE,via,78420,133040,80020,133520,1600,via3_1600x480
VDD,met2-met3,STRIPE,via,78420,133040,80020,133520,1600,via2_1600x480
VDD,met1-met2,STRIPE,via,78420,133040,80020,133520,1600,via_1600x480
VDD,met3-met4,STRIPE,via,49102,133040,50702,133520,1600,via3_1600x480
VDD,met2-met3,STRIPE,via,49102,133040,50702,133520,1600,via2_1600x480
VDD,met1-met2,STRIPE,via,49102,133040,50702,133520,1600,via_1600x480
VDD,met3-met4,STRIPE,via,22607,133040,24207,133520,1600,via3_1600x480
VDD,met2-met3,STRIPE,via,22607,133040,24207,133520,1600,via2_1600x480
VDD,met1-met2,STRIPE,via,22607,133040,24207,133520,1600,via_1600x480
VDD,met3-met4,STRIPE,via,267663,127600,269263,128080,1600,via3_1600x480
VDD,met2-met3,STRIPE,via,267663,127600,269263,128080,1600,via2_1600x480
VDD,met1-met2,STRIPE,via,267663,127600,269263,128080,1600,via_1600x480
VDD,met3-met4,STRIPE,via,239920,127600,241520,128080,1600,via3_1600x480
VDD,met2-met3,STRIPE,via,239920,127600,241520,128080,1600,via2_1600x480
VDD,met1-met2,STRIPE,via,239920,127600,241520,128080,1600,via_1600x480
VDD,met3-met4,STRIPE,via,212065,127600,213665,128080,1600,via3_1600x480
VDD,met2-met3,STRIPE,via,212065,127600,213665,128080,1600,via2_1600x480
VDD,met1-met2,STRIPE,via,212065,127600,213665,128080,1600,via_1600x480
VDD,met3-met4,STRIPE,via,185569,127600,187169,128080,1600,via3_1600x480
VDD,met2-met3,STRIPE,via,185569,127600,187169,128080,1600,via2_1600x480
VDD,met1-met2,STRIPE,via,185569,127600,187169,128080,1600,via_1600x480
VDD,met3-met4,STRIPE,via,158612,127600,160212,128080,1600,via3_1600x480
VDD,met2-met3,STRIPE,via,158612,127600,160212,128080,1600,via2_1600x480
VDD,met1-met2,STRIPE,via,158612,127600,160212,128080,1600,via_1600x480
VDD,met3-met4,STRIPE,via,130596,127600,132196,128080,1600,via3_1600x480
VDD,met2-met3,STRIPE,via,130596,127600,132196,128080,1600,via2_1600x480
VDD,met1-met2,STRIPE,via,130596,127600,132196,128080,1600,via_1600x480
VDD,met3-met4,STRIPE,via,103955,127600,105555,128080,1600,via3_1600x480
VDD,met2-met3,STRIPE,via,103955,127600,105555,128080,1600,via2_1600x480
VDD,met1-met2,STRIPE,via,103955,127600,105555,128080,1600,via_1600x480
VDD,met3-met4,STRIPE,via,78420,127600,80020,128080,1600,via3_1600x480
VDD,met2-met3,STRIPE,via,78420,127600,80020,128080,1600,via2_1600x480
VDD,met1-met2,STRIPE,via,78420,127600,80020,128080,1600,via_1600x480
VDD,met3-met4,STRIPE,via,49102,127600,50702,128080,1600,via3_1600x480
VDD,met2-met3,STRIPE,via,49102,127600,50702,128080,1600,via2_1600x480
VDD,met1-met2,STRIPE,via,49102,127600,50702,128080,1600,via_1600x480
VDD,met3-met4,STRIPE,via,22607,127600,24207,128080,1600,via3_1600x480
VDD,met2-met3,STRIPE,via,22607,127600,24207,128080,1600,via2_1600x480
VDD,met1-met2,STRIPE,via,22607,127600,24207,128080,1600,via_1600x480
VDD,met3-met4,STRIPE,via,267663,122160,269263,122640,1600,via3_1600x480
VDD,met2-met3,STRIPE,via,267663,122160,269263,122640,1600,via2_1600x480
VDD,met1-met2,STRIPE,via,267663,122160,269263,122640,1600,via_1600x480
VDD,met3-met4,STRIPE,via,239920,122160,241520,122640,1600,via3_1600x480
VDD,met2-met3,STRIPE,via,239920,122160,241520,122640,1600,via2_1600x480
VDD,met1-met2,STRIPE,via,239920,122160,241520,122640,1600,via_1600x480
VDD,met3-met4,STRIPE,via,212065,122160,213665,122640,1600,via3_1600x480
VDD,met2-met3,STRIPE,via,212065,122160,213665,122640,1600,via2_1600x480
VDD,met1-met2,STRIPE,via,212065,122160,213665,122640,1600,via_1600x480
VDD,met3-met4,STRIPE,via,185569,122160,187169,122640,1600,via3_1600x480
VDD,met2-met3,STRIPE,via,185569,122160,187169,122640,1600,via2_1600x480
VDD,met1-met2,STRIPE,via,185569,122160,187169,122640,1600,via_1600x480
VDD,met3-met4,STRIPE,via,158612,122160,160212,122640,1600,via3_1600x480
VDD,met2-met3,STRIPE,via,158612,122160,160212,122640,1600,via2_1600x480
VDD,met1-met2,STRIPE,via,158612,122160,160212,122640,1600,via_1600x480
VDD,met3-met4,STRIPE,via,130596,122160,132196,122640,1600,via3_1600x480
VDD,met2-met3,STRIPE,via,130596,122160,132196,122640,1600,via2_1600x480
VDD,met1-met2,STRIPE,via,130596,122160,132196,122640,1600,via_1600x480
VDD,met3-met4,STRIPE,via,103955,122160,105555,122640,1600,via3_1600x480
VDD,met2-met3,STRIPE,via,103955,122160,105555,122640,1600,via2_1600x480
VDD,met1-met2,STRIPE,via,103955,122160,105555,122640,1600,via_1600x480
VDD,met3-met4,STRIPE,via,78420,122160,80020,122640,1600,via3_1600x480
VDD,met2-met3,STRIPE,via,78420,122160,80020,122640,1600,via2_1600x480
VDD,met1-met2,STRIPE,via,78420,122160,80020,122640,1600,via_1600x480
VDD,met3-met4,STRIPE,via,49102,122160,50702,122640,1600,via3_1600x480
VDD,met2-met3,STRIPE,via,49102,122160,50702,122640,1600,via2_1600x480
VDD,met1-met2,STRIPE,via,49102,122160,50702,122640,1600,via_1600x480
VDD,met3-met4,STRIPE,via,22607,122160,24207,122640,1600,via3_1600x480
VDD,met2-met3,STRIPE,via,22607,122160,24207,122640,1600,via2_1600x480
VDD,met1-met2,STRIPE,via,22607,122160,24207,122640,1600,via_1600x480
VDD,met3-met4,STRIPE,via,267663,116720,269263,117200,1600,via3_1600x480
VDD,met2-met3,STRIPE,via,267663,116720,269263,117200,1600,via2_1600x480
VDD,met1-met2,STRIPE,via,267663,116720,269263,117200,1600,via_1600x480
VDD,met3-met4,STRIPE,via,239920,116720,241520,117200,1600,via3_1600x480
VDD,met2-met3,STRIPE,via,239920,116720,241520,117200,1600,via2_1600x480
VDD,met1-met2,STRIPE,via,239920,116720,241520,117200,1600,via_1600x480
VDD,met3-met4,STRIPE,via,212065,116720,213665,117200,1600,via3_1600x480
VDD,met2-met3,STRIPE,via,212065,116720,213665,117200,1600,via2_1600x480
VDD,met1-met2,STRIPE,via,212065,116720,213665,117200,1600,via_1600x480
VDD,met3-met4,STRIPE,via,185569,116720,187169,117200,1600,via3_1600x480
VDD,met2-met3,STRIPE,via,185569,116720,187169,117200,1600,via2_1600x480
VDD,met1-met2,STRIPE,via,185569,116720,187169,117200,1600,via_1600x480
VDD,met3-met4,STRIPE,via,158612,116720,160212,117200,1600,via3_1600x480
VDD,met2-met3,STRIPE,via,158612,116720,160212,117200,1600,via2_1600x480
VDD,met1-met2,STRIPE,via,158612,116720,160212,117200,1600,via_1600x480
VDD,met3-met4,STRIPE,via,130596,116720,132196,117200,1600,via3_1600x480
VDD,met2-met3,STRIPE,via,130596,116720,132196,117200,1600,via2_1600x480
VDD,met1-met2,STRIPE,via,130596,116720,132196,117200,1600,via_1600x480
VDD,met3-met4,STRIPE,via,103955,116720,105555,117200,1600,via3_1600x480
VDD,met2-met3,STRIPE,via,103955,116720,105555,117200,1600,via2_1600x480
VDD,met1-met2,STRIPE,via,103955,116720,105555,117200,1600,via_1600x480
VDD,met3-met4,STRIPE,via,78420,116720,80020,117200,1600,via3_1600x480
VDD,met2-met3,STRIPE,via,78420,116720,80020,117200,1600,via2_1600x480
VDD,met1-met2,STRIPE,via,78420,116720,80020,117200,1600,via_1600x480
VDD,met3-met4,STRIPE,via,49102,116720,50702,117200,1600,via3_1600x480
VDD,met2-met3,STRIPE,via,49102,116720,50702,117200,1600,via2_1600x480
VDD,met1-met2,STRIPE,via,49102,116720,50702,117200,1600,via_1600x480
VDD,met3-met4,STRIPE,via,22607,116720,24207,117200,1600,via3_1600x480
VDD,met2-met3,STRIPE,via,22607,116720,24207,117200,1600,via2_1600x480
VDD,met1-met2,STRIPE,via,22607,116720,24207,117200,1600,via_1600x480
VDD,met3-met4,STRIPE,via,267663,111280,269263,111760,1600,via3_1600x480
VDD,met2-met3,STRIPE,via,267663,111280,269263,111760,1600,via2_1600x480
VDD,met1-met2,STRIPE,via,267663,111280,269263,111760,1600,via_1600x480
VDD,met3-met4,STRIPE,via,239920,111280,241520,111760,1600,via3_1600x480
VDD,met2-met3,STRIPE,via,239920,111280,241520,111760,1600,via2_1600x480
VDD,met1-met2,STRIPE,via,239920,111280,241520,111760,1600,via_1600x480
VDD,met3-met4,STRIPE,via,212065,111280,213665,111760,1600,via3_1600x480
VDD,met2-met3,STRIPE,via,212065,111280,213665,111760,1600,via2_1600x480
VDD,met1-met2,STRIPE,via,212065,111280,213665,111760,1600,via_1600x480
VDD,met3-met4,STRIPE,via,185569,111280,187169,111760,1600,via3_1600x480
VDD,met2-met3,STRIPE,via,185569,111280,187169,111760,1600,via2_1600x480
VDD,met1-met2,STRIPE,via,185569,111280,187169,111760,1600,via_1600x480
VDD,met3-met4,STRIPE,via,158612,111280,160212,111760,1600,via3_1600x480
VDD,met2-met3,STRIPE,via,158612,111280,160212,111760,1600,via2_1600x480
VDD,met1-met2,STRIPE,via,158612,111280,160212,111760,1600,via_1600x480
VDD,met3-met4,STRIPE,via,130596,111280,132196,111760,1600,via3_1600x480
VDD,met2-met3,STRIPE,via,130596,111280,132196,111760,1600,via2_1600x480
VDD,met1-met2,STRIPE,via,130596,111280,132196,111760,1600,via_1600x480
VDD,met3-met4,STRIPE,via,103955,111280,105555,111760,1600,via3_1600x480
VDD,met2-met3,STRIPE,via,103955,111280,105555,111760,1600,via2_1600x480
VDD,met1-met2,STRIPE,via,103955,111280,105555,111760,1600,via_1600x480
VDD,met3-met4,STRIPE,via,78420,111280,80020,111760,1600,via3_1600x480
VDD,met2-met3,STRIPE,via,78420,111280,80020,111760,1600,via2_1600x480
VDD,met1-met2,STRIPE,via,78420,111280,80020,111760,1600,via_1600x480
VDD,met3-met4,STRIPE,via,49102,111280,50702,111760,1600,via3_1600x480
VDD,met2-met3,STRIPE,via,49102,111280,50702,111760,1600,via2_1600x480
VDD,met1-met2,STRIPE,via,49102,111280,50702,111760,1600,via_1600x480
VDD,met3-met4,STRIPE,via,22607,111280,24207,111760,1600,via3_1600x480
VDD,met2-met3,STRIPE,via,22607,111280,24207,111760,1600,via2_1600x480
VDD,met1-met2,STRIPE,via,22607,111280,24207,111760,1600,via_1600x480
VDD,met3-met4,STRIPE,via,267663,105840,269263,106320,1600,via3_1600x480
VDD,met2-met3,STRIPE,via,267663,105840,269263,106320,1600,via2_1600x480
VDD,met1-met2,STRIPE,via,267663,105840,269263,106320,1600,via_1600x480
VDD,met3-met4,STRIPE,via,239920,105840,241520,106320,1600,via3_1600x480
VDD,met2-met3,STRIPE,via,239920,105840,241520,106320,1600,via2_1600x480
VDD,met1-met2,STRIPE,via,239920,105840,241520,106320,1600,via_1600x480
VDD,met3-met4,STRIPE,via,212065,105840,213665,106320,1600,via3_1600x480
VDD,met2-met3,STRIPE,via,212065,105840,213665,106320,1600,via2_1600x480
VDD,met1-met2,STRIPE,via,212065,105840,213665,106320,1600,via_1600x480
VDD,met3-met4,STRIPE,via,185569,105840,187169,106320,1600,via3_1600x480
VDD,met2-met3,STRIPE,via,185569,105840,187169,106320,1600,via2_1600x480
VDD,met1-met2,STRIPE,via,185569,105840,187169,106320,1600,via_1600x480
VDD,met3-met4,STRIPE,via,158612,105840,160212,106320,1600,via3_1600x480
VDD,met2-met3,STRIPE,via,158612,105840,160212,106320,1600,via2_1600x480
VDD,met1-met2,STRIPE,via,158612,105840,160212,106320,1600,via_1600x480
VDD,met3-met4,STRIPE,via,130596,105840,132196,106320,1600,via3_1600x480
VDD,met2-met3,STRIPE,via,130596,105840,132196,106320,1600,via2_1600x480
VDD,met1-met2,STRIPE,via,130596,105840,132196,106320,1600,via_1600x480
VDD,met3-met4,STRIPE,via,103955,105840,105555,106320,1600,via3_1600x480
VDD,met2-met3,STRIPE,via,103955,105840,105555,106320,1600,via2_1600x480
VDD,met1-met2,STRIPE,via,103955,105840,105555,106320,1600,via_1600x480
VDD,met3-met4,STRIPE,via,78420,105840,80020,106320,1600,via3_1600x480
VDD,met2-met3,STRIPE,via,78420,105840,80020,106320,1600,via2_1600x480
VDD,met1-met2,STRIPE,via,78420,105840,80020,106320,1600,via_1600x480
VDD,met3-met4,STRIPE,via,49102,105840,50702,106320,1600,via3_1600x480
VDD,met2-met3,STRIPE,via,49102,105840,50702,106320,1600,via2_1600x480
VDD,met1-met2,STRIPE,via,49102,105840,50702,106320,1600,via_1600x480
VDD,met3-met4,STRIPE,via,22607,105840,24207,106320,1600,via3_1600x480
VDD,met2-met3,STRIPE,via,22607,105840,24207,106320,1600,via2_1600x480
VDD,met1-met2,STRIPE,via,22607,105840,24207,106320,1600,via_1600x480
VDD,met3-met4,STRIPE,via,267663,100400,269263,100880,1600,via3_1600x480
VDD,met2-met3,STRIPE,via,267663,100400,269263,100880,1600,via2_1600x480
VDD,met1-met2,STRIPE,via,267663,100400,269263,100880,1600,via_1600x480
VDD,met3-met4,STRIPE,via,239920,100400,241520,100880,1600,via3_1600x480
VDD,met2-met3,STRIPE,via,239920,100400,241520,100880,1600,via2_1600x480
VDD,met1-met2,STRIPE,via,239920,100400,241520,100880,1600,via_1600x480
VDD,met3-met4,STRIPE,via,212065,100400,213665,100880,1600,via3_1600x480
VDD,met2-met3,STRIPE,via,212065,100400,213665,100880,1600,via2_1600x480
VDD,met1-met2,STRIPE,via,212065,100400,213665,100880,1600,via_1600x480
VDD,met3-met4,STRIPE,via,185569,100400,187169,100880,1600,via3_1600x480
VDD,met2-met3,STRIPE,via,185569,100400,187169,100880,1600,via2_1600x480
VDD,met1-met2,STRIPE,via,185569,100400,187169,100880,1600,via_1600x480
VDD,met3-met4,STRIPE,via,158612,100400,160212,100880,1600,via3_1600x480
VDD,met2-met3,STRIPE,via,158612,100400,160212,100880,1600,via2_1600x480
VDD,met1-met2,STRIPE,via,158612,100400,160212,100880,1600,via_1600x480
VDD,met3-met4,STRIPE,via,130596,100400,132196,100880,1600,via3_1600x480
VDD,met2-met3,STRIPE,via,130596,100400,132196,100880,1600,via2_1600x480
VDD,met1-met2,STRIPE,via,130596,100400,132196,100880,1600,via_1600x480
VDD,met3-met4,STRIPE,via,103955,100400,105555,100880,1600,via3_1600x480
VDD,met2-met3,STRIPE,via,103955,100400,105555,100880,1600,via2_1600x480
VDD,met1-met2,STRIPE,via,103955,100400,105555,100880,1600,via_1600x480
VDD,met3-met4,STRIPE,via,78420,100400,80020,100880,1600,via3_1600x480
VDD,met2-met3,STRIPE,via,78420,100400,80020,100880,1600,via2_1600x480
VDD,met1-met2,STRIPE,via,78420,100400,80020,100880,1600,via_1600x480
VDD,met3-met4,STRIPE,via,49102,100400,50702,100880,1600,via3_1600x480
VDD,met2-met3,STRIPE,via,49102,100400,50702,100880,1600,via2_1600x480
VDD,met1-met2,STRIPE,via,49102,100400,50702,100880,1600,via_1600x480
VDD,met3-met4,STRIPE,via,22607,100400,24207,100880,1600,via3_1600x480
VDD,met2-met3,STRIPE,via,22607,100400,24207,100880,1600,via2_1600x480
VDD,met1-met2,STRIPE,via,22607,100400,24207,100880,1600,via_1600x480
VDD,met3-met4,STRIPE,via,267663,94960,269263,95440,1600,via3_1600x480
VDD,met2-met3,STRIPE,via,267663,94960,269263,95440,1600,via2_1600x480
VDD,met1-met2,STRIPE,via,267663,94960,269263,95440,1600,via_1600x480
VDD,met3-met4,STRIPE,via,239920,94960,241520,95440,1600,via3_1600x480
VDD,met2-met3,STRIPE,via,239920,94960,241520,95440,1600,via2_1600x480
VDD,met1-met2,STRIPE,via,239920,94960,241520,95440,1600,via_1600x480
VDD,met3-met4,STRIPE,via,212065,94960,213665,95440,1600,via3_1600x480
VDD,met2-met3,STRIPE,via,212065,94960,213665,95440,1600,via2_1600x480
VDD,met1-met2,STRIPE,via,212065,94960,213665,95440,1600,via_1600x480
VDD,met3-met4,STRIPE,via,185569,94960,187169,95440,1600,via3_1600x480
VDD,met2-met3,STRIPE,via,185569,94960,187169,95440,1600,via2_1600x480
VDD,met1-met2,STRIPE,via,185569,94960,187169,95440,1600,via_1600x480
VDD,met3-met4,STRIPE,via,158612,94960,160212,95440,1600,via3_1600x480
VDD,met2-met3,STRIPE,via,158612,94960,160212,95440,1600,via2_1600x480
VDD,met1-met2,STRIPE,via,158612,94960,160212,95440,1600,via_1600x480
VDD,met3-met4,STRIPE,via,130596,94960,132196,95440,1600,via3_1600x480
VDD,met2-met3,STRIPE,via,130596,94960,132196,95440,1600,via2_1600x480
VDD,met1-met2,STRIPE,via,130596,94960,132196,95440,1600,via_1600x480
VDD,met3-met4,STRIPE,via,103955,94960,105555,95440,1600,via3_1600x480
VDD,met2-met3,STRIPE,via,103955,94960,105555,95440,1600,via2_1600x480
VDD,met1-met2,STRIPE,via,103955,94960,105555,95440,1600,via_1600x480
VDD,met3-met4,STRIPE,via,78420,94960,80020,95440,1600,via3_1600x480
VDD,met2-met3,STRIPE,via,78420,94960,80020,95440,1600,via2_1600x480
VDD,met1-met2,STRIPE,via,78420,94960,80020,95440,1600,via_1600x480
VDD,met3-met4,STRIPE,via,49102,94960,50702,95440,1600,via3_1600x480
VDD,met2-met3,STRIPE,via,49102,94960,50702,95440,1600,via2_1600x480
VDD,met1-met2,STRIPE,via,49102,94960,50702,95440,1600,via_1600x480
VDD,met3-met4,STRIPE,via,22607,94960,24207,95440,1600,via3_1600x480
VDD,met2-met3,STRIPE,via,22607,94960,24207,95440,1600,via2_1600x480
VDD,met1-met2,STRIPE,via,22607,94960,24207,95440,1600,via_1600x480
VDD,met3-met4,STRIPE,via,267663,89520,269263,90000,1600,via3_1600x480
VDD,met2-met3,STRIPE,via,267663,89520,269263,90000,1600,via2_1600x480
VDD,met1-met2,STRIPE,via,267663,89520,269263,90000,1600,via_1600x480
VDD,met3-met4,STRIPE,via,239920,89520,241520,90000,1600,via3_1600x480
VDD,met2-met3,STRIPE,via,239920,89520,241520,90000,1600,via2_1600x480
VDD,met1-met2,STRIPE,via,239920,89520,241520,90000,1600,via_1600x480
VDD,met3-met4,STRIPE,via,212065,89520,213665,90000,1600,via3_1600x480
VDD,met2-met3,STRIPE,via,212065,89520,213665,90000,1600,via2_1600x480
VDD,met1-met2,STRIPE,via,212065,89520,213665,90000,1600,via_1600x480
VDD,met3-met4,STRIPE,via,185569,89520,187169,90000,1600,via3_1600x480
VDD,met2-met3,STRIPE,via,185569,89520,187169,90000,1600,via2_1600x480
VDD,met1-met2,STRIPE,via,185569,89520,187169,90000,1600,via_1600x480
VDD,met3-met4,STRIPE,via,158612,89520,160212,90000,1600,via3_1600x480
VDD,met2-met3,STRIPE,via,158612,89520,160212,90000,1600,via2_1600x480
VDD,met1-met2,STRIPE,via,158612,89520,160212,90000,1600,via_1600x480
VDD,met3-met4,STRIPE,via,130596,89520,132196,90000,1600,via3_1600x480
VDD,met2-met3,STRIPE,via,130596,89520,132196,90000,1600,via2_1600x480
VDD,met1-met2,STRIPE,via,130596,89520,132196,90000,1600,via_1600x480
VDD,met3-met4,STRIPE,via,103955,89520,105555,90000,1600,via3_1600x480
VDD,met2-met3,STRIPE,via,103955,89520,105555,90000,1600,via2_1600x480
VDD,met1-met2,STRIPE,via,103955,89520,105555,90000,1600,via_1600x480
VDD,met3-met4,STRIPE,via,78420,89520,80020,90000,1600,via3_1600x480
VDD,met2-met3,STRIPE,via,78420,89520,80020,90000,1600,via2_1600x480
VDD,met1-met2,STRIPE,via,78420,89520,80020,90000,1600,via_1600x480
VDD,met3-met4,STRIPE,via,49102,89520,50702,90000,1600,via3_1600x480
VDD,met2-met3,STRIPE,via,49102,89520,50702,90000,1600,via2_1600x480
VDD,met1-met2,STRIPE,via,49102,89520,50702,90000,1600,via_1600x480
VDD,met3-met4,STRIPE,via,22607,89520,24207,90000,1600,via3_1600x480
VDD,met2-met3,STRIPE,via,22607,89520,24207,90000,1600,via2_1600x480
VDD,met1-met2,STRIPE,via,22607,89520,24207,90000,1600,via_1600x480
VDD,met3-met4,STRIPE,via,267663,84080,269263,84560,1600,via3_1600x480
VDD,met2-met3,STRIPE,via,267663,84080,269263,84560,1600,via2_1600x480
VDD,met1-met2,STRIPE,via,267663,84080,269263,84560,1600,via_1600x480
VDD,met3-met4,STRIPE,via,239920,84080,241520,84560,1600,via3_1600x480
VDD,met2-met3,STRIPE,via,239920,84080,241520,84560,1600,via2_1600x480
VDD,met1-met2,STRIPE,via,239920,84080,241520,84560,1600,via_1600x480
VDD,met3-met4,STRIPE,via,212065,84080,213665,84560,1600,via3_1600x480
VDD,met2-met3,STRIPE,via,212065,84080,213665,84560,1600,via2_1600x480
VDD,met1-met2,STRIPE,via,212065,84080,213665,84560,1600,via_1600x480
VDD,met3-met4,STRIPE,via,185569,84080,187169,84560,1600,via3_1600x480
VDD,met2-met3,STRIPE,via,185569,84080,187169,84560,1600,via2_1600x480
VDD,met1-met2,STRIPE,via,185569,84080,187169,84560,1600,via_1600x480
VDD,met3-met4,STRIPE,via,158612,84080,160212,84560,1600,via3_1600x480
VDD,met2-met3,STRIPE,via,158612,84080,160212,84560,1600,via2_1600x480
VDD,met1-met2,STRIPE,via,158612,84080,160212,84560,1600,via_1600x480
VDD,met3-met4,STRIPE,via,130596,84080,132196,84560,1600,via3_1600x480
VDD,met2-met3,STRIPE,via,130596,84080,132196,84560,1600,via2_1600x480
VDD,met1-met2,STRIPE,via,130596,84080,132196,84560,1600,via_1600x480
VDD,met3-met4,STRIPE,via,103955,84080,105555,84560,1600,via3_1600x480
VDD,met2-met3,STRIPE,via,103955,84080,105555,84560,1600,via2_1600x480
VDD,met1-met2,STRIPE,via,103955,84080,105555,84560,1600,via_1600x480
VDD,met3-met4,STRIPE,via,78420,84080,80020,84560,1600,via3_1600x480
VDD,met2-met3,STRIPE,via,78420,84080,80020,84560,1600,via2_1600x480
VDD,met1-met2,STRIPE,via,78420,84080,80020,84560,1600,via_1600x480
VDD,met3-met4,STRIPE,via,49102,84080,50702,84560,1600,via3_1600x480
VDD,met2-met3,STRIPE,via,49102,84080,50702,84560,1600,via2_1600x480
VDD,met1-met2,STRIPE,via,49102,84080,50702,84560,1600,via_1600x480
VDD,met3-met4,STRIPE,via,22607,84080,24207,84560,1600,via3_1600x480
VDD,met2-met3,STRIPE,via,22607,84080,24207,84560,1600,via2_1600x480
VDD,met1-met2,STRIPE,via,22607,84080,24207,84560,1600,via_1600x480
VDD,met3-met4,STRIPE,via,267663,78640,269263,79120,1600,via3_1600x480
VDD,met2-met3,STRIPE,via,267663,78640,269263,79120,1600,via2_1600x480
VDD,met1-met2,STRIPE,via,267663,78640,269263,79120,1600,via_1600x480
VDD,met3-met4,STRIPE,via,239920,78640,241520,79120,1600,via3_1600x480
VDD,met2-met3,STRIPE,via,239920,78640,241520,79120,1600,via2_1600x480
VDD,met1-met2,STRIPE,via,239920,78640,241520,79120,1600,via_1600x480
VDD,met3-met4,STRIPE,via,212065,78640,213665,79120,1600,via3_1600x480
VDD,met2-met3,STRIPE,via,212065,78640,213665,79120,1600,via2_1600x480
VDD,met1-met2,STRIPE,via,212065,78640,213665,79120,1600,via_1600x480
VDD,met3-met4,STRIPE,via,185569,78640,187169,79120,1600,via3_1600x480
VDD,met2-met3,STRIPE,via,185569,78640,187169,79120,1600,via2_1600x480
VDD,met1-met2,STRIPE,via,185569,78640,187169,79120,1600,via_1600x480
VDD,met3-met4,STRIPE,via,158612,78640,160212,79120,1600,via3_1600x480
VDD,met2-met3,STRIPE,via,158612,78640,160212,79120,1600,via2_1600x480
VDD,met1-met2,STRIPE,via,158612,78640,160212,79120,1600,via_1600x480
VDD,met3-met4,STRIPE,via,130596,78640,132196,79120,1600,via3_1600x480
VDD,met2-met3,STRIPE,via,130596,78640,132196,79120,1600,via2_1600x480
VDD,met1-met2,STRIPE,via,130596,78640,132196,79120,1600,via_1600x480
VDD,met3-met4,STRIPE,via,103955,78640,105555,79120,1600,via3_1600x480
VDD,met2-met3,STRIPE,via,103955,78640,105555,79120,1600,via2_1600x480
VDD,met1-met2,STRIPE,via,103955,78640,105555,79120,1600,via_1600x480
VDD,met3-met4,STRIPE,via,78420,78640,80020,79120,1600,via3_1600x480
VDD,met2-met3,STRIPE,via,78420,78640,80020,79120,1600,via2_1600x480
VDD,met1-met2,STRIPE,via,78420,78640,80020,79120,1600,via_1600x480
VDD,met3-met4,STRIPE,via,49102,78640,50702,79120,1600,via3_1600x480
VDD,met2-met3,STRIPE,via,49102,78640,50702,79120,1600,via2_1600x480
VDD,met1-met2,STRIPE,via,49102,78640,50702,79120,1600,via_1600x480
VDD,met3-met4,STRIPE,via,22607,78640,24207,79120,1600,via3_1600x480
VDD,met2-met3,STRIPE,via,22607,78640,24207,79120,1600,via2_1600x480
VDD,met1-met2,STRIPE,via,22607,78640,24207,79120,1600,via_1600x480
VDD,met3-met4,STRIPE,via,267663,73200,269263,73680,1600,via3_1600x480
VDD,met2-met3,STRIPE,via,267663,73200,269263,73680,1600,via2_1600x480
VDD,met1-met2,STRIPE,via,267663,73200,269263,73680,1600,via_1600x480
VDD,met3-met4,STRIPE,via,239920,73200,241520,73680,1600,via3_1600x480
VDD,met2-met3,STRIPE,via,239920,73200,241520,73680,1600,via2_1600x480
VDD,met1-met2,STRIPE,via,239920,73200,241520,73680,1600,via_1600x480
VDD,met3-met4,STRIPE,via,212065,73200,213665,73680,1600,via3_1600x480
VDD,met2-met3,STRIPE,via,212065,73200,213665,73680,1600,via2_1600x480
VDD,met1-met2,STRIPE,via,212065,73200,213665,73680,1600,via_1600x480
VDD,met3-met4,STRIPE,via,185569,73200,187169,73680,1600,via3_1600x480
VDD,met2-met3,STRIPE,via,185569,73200,187169,73680,1600,via2_1600x480
VDD,met1-met2,STRIPE,via,185569,73200,187169,73680,1600,via_1600x480
VDD,met3-met4,STRIPE,via,158612,73200,160212,73680,1600,via3_1600x480
VDD,met2-met3,STRIPE,via,158612,73200,160212,73680,1600,via2_1600x480
VDD,met1-met2,STRIPE,via,158612,73200,160212,73680,1600,via_1600x480
VDD,met3-met4,STRIPE,via,130596,73200,132196,73680,1600,via3_1600x480
VDD,met2-met3,STRIPE,via,130596,73200,132196,73680,1600,via2_1600x480
VDD,met1-met2,STRIPE,via,130596,73200,132196,73680,1600,via_1600x480
VDD,met3-met4,STRIPE,via,103955,73200,105555,73680,1600,via3_1600x480
VDD,met2-met3,STRIPE,via,103955,73200,105555,73680,1600,via2_1600x480
VDD,met1-met2,STRIPE,via,103955,73200,105555,73680,1600,via_1600x480
VDD,met3-met4,STRIPE,via,78420,73200,80020,73680,1600,via3_1600x480
VDD,met2-met3,STRIPE,via,78420,73200,80020,73680,1600,via2_1600x480
VDD,met1-met2,STRIPE,via,78420,73200,80020,73680,1600,via_1600x480
VDD,met3-met4,STRIPE,via,49102,73200,50702,73680,1600,via3_1600x480
VDD,met2-met3,STRIPE,via,49102,73200,50702,73680,1600,via2_1600x480
VDD,met1-met2,STRIPE,via,49102,73200,50702,73680,1600,via_1600x480
VDD,met3-met4,STRIPE,via,22607,73200,24207,73680,1600,via3_1600x480
VDD,met2-met3,STRIPE,via,22607,73200,24207,73680,1600,via2_1600x480
VDD,met1-met2,STRIPE,via,22607,73200,24207,73680,1600,via_1600x480
VDD,met3-met4,STRIPE,via,267663,67760,269263,68240,1600,via3_1600x480
VDD,met2-met3,STRIPE,via,267663,67760,269263,68240,1600,via2_1600x480
VDD,met1-met2,STRIPE,via,267663,67760,269263,68240,1600,via_1600x480
VDD,met3-met4,STRIPE,via,239920,67760,241520,68240,1600,via3_1600x480
VDD,met2-met3,STRIPE,via,239920,67760,241520,68240,1600,via2_1600x480
VDD,met1-met2,STRIPE,via,239920,67760,241520,68240,1600,via_1600x480
VDD,met3-met4,STRIPE,via,212065,67760,213665,68240,1600,via3_1600x480
VDD,met2-met3,STRIPE,via,212065,67760,213665,68240,1600,via2_1600x480
VDD,met1-met2,STRIPE,via,212065,67760,213665,68240,1600,via_1600x480
VDD,met3-met4,STRIPE,via,185569,67760,187169,68240,1600,via3_1600x480
VDD,met2-met3,STRIPE,via,185569,67760,187169,68240,1600,via2_1600x480
VDD,met1-met2,STRIPE,via,185569,67760,187169,68240,1600,via_1600x480
VDD,met3-met4,STRIPE,via,158612,67760,160212,68240,1600,via3_1600x480
VDD,met2-met3,STRIPE,via,158612,67760,160212,68240,1600,via2_1600x480
VDD,met1-met2,STRIPE,via,158612,67760,160212,68240,1600,via_1600x480
VDD,met3-met4,STRIPE,via,130596,67760,132196,68240,1600,via3_1600x480
VDD,met2-met3,STRIPE,via,130596,67760,132196,68240,1600,via2_1600x480
VDD,met1-met2,STRIPE,via,130596,67760,132196,68240,1600,via_1600x480
VDD,met3-met4,STRIPE,via,103955,67760,105555,68240,1600,via3_1600x480
VDD,met2-met3,STRIPE,via,103955,67760,105555,68240,1600,via2_1600x480
VDD,met1-met2,STRIPE,via,103955,67760,105555,68240,1600,via_1600x480
VDD,met3-met4,STRIPE,via,78420,67760,80020,68240,1600,via3_1600x480
VDD,met2-met3,STRIPE,via,78420,67760,80020,68240,1600,via2_1600x480
VDD,met1-met2,STRIPE,via,78420,67760,80020,68240,1600,via_1600x480
VDD,met3-met4,STRIPE,via,49102,67760,50702,68240,1600,via3_1600x480
VDD,met2-met3,STRIPE,via,49102,67760,50702,68240,1600,via2_1600x480
VDD,met1-met2,STRIPE,via,49102,67760,50702,68240,1600,via_1600x480
VDD,met3-met4,STRIPE,via,22607,67760,24207,68240,1600,via3_1600x480
VDD,met2-met3,STRIPE,via,22607,67760,24207,68240,1600,via2_1600x480
VDD,met1-met2,STRIPE,via,22607,67760,24207,68240,1600,via_1600x480
VDD,met3-met4,STRIPE,via,267663,62320,269263,62800,1600,via3_1600x480
VDD,met2-met3,STRIPE,via,267663,62320,269263,62800,1600,via2_1600x480
VDD,met1-met2,STRIPE,via,267663,62320,269263,62800,1600,via_1600x480
VDD,met3-met4,STRIPE,via,239920,62320,241520,62800,1600,via3_1600x480
VDD,met2-met3,STRIPE,via,239920,62320,241520,62800,1600,via2_1600x480
VDD,met1-met2,STRIPE,via,239920,62320,241520,62800,1600,via_1600x480
VDD,met3-met4,STRIPE,via,212065,62320,213665,62800,1600,via3_1600x480
VDD,met2-met3,STRIPE,via,212065,62320,213665,62800,1600,via2_1600x480
VDD,met1-met2,STRIPE,via,212065,62320,213665,62800,1600,via_1600x480
VDD,met3-met4,STRIPE,via,185569,62320,187169,62800,1600,via3_1600x480
VDD,met2-met3,STRIPE,via,185569,62320,187169,62800,1600,via2_1600x480
VDD,met1-met2,STRIPE,via,185569,62320,187169,62800,1600,via_1600x480
VDD,met3-met4,STRIPE,via,158612,62320,160212,62800,1600,via3_1600x480
VDD,met2-met3,STRIPE,via,158612,62320,160212,62800,1600,via2_1600x480
VDD,met1-met2,STRIPE,via,158612,62320,160212,62800,1600,via_1600x480
VDD,met3-met4,STRIPE,via,130596,62320,132196,62800,1600,via3_1600x480
VDD,met2-met3,STRIPE,via,130596,62320,132196,62800,1600,via2_1600x480
VDD,met1-met2,STRIPE,via,130596,62320,132196,62800,1600,via_1600x480
VDD,met3-met4,STRIPE,via,103955,62320,105555,62800,1600,via3_1600x480
VDD,met2-met3,STRIPE,via,103955,62320,105555,62800,1600,via2_1600x480
VDD,met1-met2,STRIPE,via,103955,62320,105555,62800,1600,via_1600x480
VDD,met3-met4,STRIPE,via,78420,62320,80020,62800,1600,via3_1600x480
VDD,met2-met3,STRIPE,via,78420,62320,80020,62800,1600,via2_1600x480
VDD,met1-met2,STRIPE,via,78420,62320,80020,62800,1600,via_1600x480
VDD,met3-met4,STRIPE,via,49102,62320,50702,62800,1600,via3_1600x480
VDD,met2-met3,STRIPE,via,49102,62320,50702,62800,1600,via2_1600x480
VDD,met1-met2,STRIPE,via,49102,62320,50702,62800,1600,via_1600x480
VDD,met3-met4,STRIPE,via,22607,62320,24207,62800,1600,via3_1600x480
VDD,met2-met3,STRIPE,via,22607,62320,24207,62800,1600,via2_1600x480
VDD,met1-met2,STRIPE,via,22607,62320,24207,62800,1600,via_1600x480
VDD,met3-met4,STRIPE,via,267663,56880,269263,57360,1600,via3_1600x480
VDD,met2-met3,STRIPE,via,267663,56880,269263,57360,1600,via2_1600x480
VDD,met1-met2,STRIPE,via,267663,56880,269263,57360,1600,via_1600x480
VDD,met3-met4,STRIPE,via,239920,56880,241520,57360,1600,via3_1600x480
VDD,met2-met3,STRIPE,via,239920,56880,241520,57360,1600,via2_1600x480
VDD,met1-met2,STRIPE,via,239920,56880,241520,57360,1600,via_1600x480
VDD,met3-met4,STRIPE,via,212065,56880,213665,57360,1600,via3_1600x480
VDD,met2-met3,STRIPE,via,212065,56880,213665,57360,1600,via2_1600x480
VDD,met1-met2,STRIPE,via,212065,56880,213665,57360,1600,via_1600x480
VDD,met3-met4,STRIPE,via,185569,56880,187169,57360,1600,via3_1600x480
VDD,met2-met3,STRIPE,via,185569,56880,187169,57360,1600,via2_1600x480
VDD,met1-met2,STRIPE,via,185569,56880,187169,57360,1600,via_1600x480
VDD,met3-met4,STRIPE,via,158612,56880,160212,57360,1600,via3_1600x480
VDD,met2-met3,STRIPE,via,158612,56880,160212,57360,1600,via2_1600x480
VDD,met1-met2,STRIPE,via,158612,56880,160212,57360,1600,via_1600x480
VDD,met3-met4,STRIPE,via,130596,56880,132196,57360,1600,via3_1600x480
VDD,met2-met3,STRIPE,via,130596,56880,132196,57360,1600,via2_1600x480
VDD,met1-met2,STRIPE,via,130596,56880,132196,57360,1600,via_1600x480
VDD,met3-met4,STRIPE,via,103955,56880,105555,57360,1600,via3_1600x480
VDD,met2-met3,STRIPE,via,103955,56880,105555,57360,1600,via2_1600x480
VDD,met1-met2,STRIPE,via,103955,56880,105555,57360,1600,via_1600x480
VDD,met3-met4,STRIPE,via,78420,56880,80020,57360,1600,via3_1600x480
VDD,met2-met3,STRIPE,via,78420,56880,80020,57360,1600,via2_1600x480
VDD,met1-met2,STRIPE,via,78420,56880,80020,57360,1600,via_1600x480
VDD,met3-met4,STRIPE,via,49102,56880,50702,57360,1600,via3_1600x480
VDD,met2-met3,STRIPE,via,49102,56880,50702,57360,1600,via2_1600x480
VDD,met1-met2,STRIPE,via,49102,56880,50702,57360,1600,via_1600x480
VDD,met3-met4,STRIPE,via,22607,56880,24207,57360,1600,via3_1600x480
VDD,met2-met3,STRIPE,via,22607,56880,24207,57360,1600,via2_1600x480
VDD,met1-met2,STRIPE,via,22607,56880,24207,57360,1600,via_1600x480
VDD,met3-met4,STRIPE,via,267663,51440,269263,51920,1600,via3_1600x480
VDD,met2-met3,STRIPE,via,267663,51440,269263,51920,1600,via2_1600x480
VDD,met1-met2,STRIPE,via,267663,51440,269263,51920,1600,via_1600x480
VDD,met3-met4,STRIPE,via,239920,51440,241520,51920,1600,via3_1600x480
VDD,met2-met3,STRIPE,via,239920,51440,241520,51920,1600,via2_1600x480
VDD,met1-met2,STRIPE,via,239920,51440,241520,51920,1600,via_1600x480
VDD,met3-met4,STRIPE,via,212065,51440,213665,51920,1600,via3_1600x480
VDD,met2-met3,STRIPE,via,212065,51440,213665,51920,1600,via2_1600x480
VDD,met1-met2,STRIPE,via,212065,51440,213665,51920,1600,via_1600x480
VDD,met3-met4,STRIPE,via,185569,51440,187169,51920,1600,via3_1600x480
VDD,met2-met3,STRIPE,via,185569,51440,187169,51920,1600,via2_1600x480
VDD,met1-met2,STRIPE,via,185569,51440,187169,51920,1600,via_1600x480
VDD,met3-met4,STRIPE,via,158612,51440,160212,51920,1600,via3_1600x480
VDD,met2-met3,STRIPE,via,158612,51440,160212,51920,1600,via2_1600x480
VDD,met1-met2,STRIPE,via,158612,51440,160212,51920,1600,via_1600x480
VDD,met3-met4,STRIPE,via,130596,51440,132196,51920,1600,via3_1600x480
VDD,met2-met3,STRIPE,via,130596,51440,132196,51920,1600,via2_1600x480
VDD,met1-met2,STRIPE,via,130596,51440,132196,51920,1600,via_1600x480
VDD,met3-met4,STRIPE,via,103955,51440,105555,51920,1600,via3_1600x480
VDD,met2-met3,STRIPE,via,103955,51440,105555,51920,1600,via2_1600x480
VDD,met1-met2,STRIPE,via,103955,51440,105555,51920,1600,via_1600x480
VDD,met3-met4,STRIPE,via,78420,51440,80020,51920,1600,via3_1600x480
VDD,met2-met3,STRIPE,via,78420,51440,80020,51920,1600,via2_1600x480
VDD,met1-met2,STRIPE,via,78420,51440,80020,51920,1600,via_1600x480
VDD,met3-met4,STRIPE,via,49102,51440,50702,51920,1600,via3_1600x480
VDD,met2-met3,STRIPE,via,49102,51440,50702,51920,1600,via2_1600x480
VDD,met1-met2,STRIPE,via,49102,51440,50702,51920,1600,via_1600x480
VDD,met3-met4,STRIPE,via,22607,51440,24207,51920,1600,via3_1600x480
VDD,met2-met3,STRIPE,via,22607,51440,24207,51920,1600,via2_1600x480
VDD,met1-met2,STRIPE,via,22607,51440,24207,51920,1600,via_1600x480
VDD,met3-met4,STRIPE,via,267663,46000,269263,46480,1600,via3_1600x480
VDD,met2-met3,STRIPE,via,267663,46000,269263,46480,1600,via2_1600x480
VDD,met1-met2,STRIPE,via,267663,46000,269263,46480,1600,via_1600x480
VDD,met3-met4,STRIPE,via,239920,46000,241520,46480,1600,via3_1600x480
VDD,met2-met3,STRIPE,via,239920,46000,241520,46480,1600,via2_1600x480
VDD,met1-met2,STRIPE,via,239920,46000,241520,46480,1600,via_1600x480
VDD,met3-met4,STRIPE,via,212065,46000,213665,46480,1600,via3_1600x480
VDD,met2-met3,STRIPE,via,212065,46000,213665,46480,1600,via2_1600x480
VDD,met1-met2,STRIPE,via,212065,46000,213665,46480,1600,via_1600x480
VDD,met3-met4,STRIPE,via,185569,46000,187169,46480,1600,via3_1600x480
VDD,met2-met3,STRIPE,via,185569,46000,187169,46480,1600,via2_1600x480
VDD,met1-met2,STRIPE,via,185569,46000,187169,46480,1600,via_1600x480
VDD,met3-met4,STRIPE,via,158612,46000,160212,46480,1600,via3_1600x480
VDD,met2-met3,STRIPE,via,158612,46000,160212,46480,1600,via2_1600x480
VDD,met1-met2,STRIPE,via,158612,46000,160212,46480,1600,via_1600x480
VDD,met3-met4,STRIPE,via,130596,46000,132196,46480,1600,via3_1600x480
VDD,met2-met3,STRIPE,via,130596,46000,132196,46480,1600,via2_1600x480
VDD,met1-met2,STRIPE,via,130596,46000,132196,46480,1600,via_1600x480
VDD,met3-met4,STRIPE,via,103955,46000,105555,46480,1600,via3_1600x480
VDD,met2-met3,STRIPE,via,103955,46000,105555,46480,1600,via2_1600x480
VDD,met1-met2,STRIPE,via,103955,46000,105555,46480,1600,via_1600x480
VDD,met3-met4,STRIPE,via,78420,46000,80020,46480,1600,via3_1600x480
VDD,met2-met3,STRIPE,via,78420,46000,80020,46480,1600,via2_1600x480
VDD,met1-met2,STRIPE,via,78420,46000,80020,46480,1600,via_1600x480
VDD,met3-met4,STRIPE,via,49102,46000,50702,46480,1600,via3_1600x480
VDD,met2-met3,STRIPE,via,49102,46000,50702,46480,1600,via2_1600x480
VDD,met1-met2,STRIPE,via,49102,46000,50702,46480,1600,via_1600x480
VDD,met3-met4,STRIPE,via,22607,46000,24207,46480,1600,via3_1600x480
VDD,met2-met3,STRIPE,via,22607,46000,24207,46480,1600,via2_1600x480
VDD,met1-met2,STRIPE,via,22607,46000,24207,46480,1600,via_1600x480
VDD,met3-met4,STRIPE,via,267663,40560,269263,41040,1600,via3_1600x480
VDD,met2-met3,STRIPE,via,267663,40560,269263,41040,1600,via2_1600x480
VDD,met1-met2,STRIPE,via,267663,40560,269263,41040,1600,via_1600x480
VDD,met3-met4,STRIPE,via,239920,40560,241520,41040,1600,via3_1600x480
VDD,met2-met3,STRIPE,via,239920,40560,241520,41040,1600,via2_1600x480
VDD,met1-met2,STRIPE,via,239920,40560,241520,41040,1600,via_1600x480
VDD,met3-met4,STRIPE,via,212065,40560,213665,41040,1600,via3_1600x480
VDD,met2-met3,STRIPE,via,212065,40560,213665,41040,1600,via2_1600x480
VDD,met1-met2,STRIPE,via,212065,40560,213665,41040,1600,via_1600x480
VDD,met3-met4,STRIPE,via,185569,40560,187169,41040,1600,via3_1600x480
VDD,met2-met3,STRIPE,via,185569,40560,187169,41040,1600,via2_1600x480
VDD,met1-met2,STRIPE,via,185569,40560,187169,41040,1600,via_1600x480
VDD,met3-met4,STRIPE,via,158612,40560,160212,41040,1600,via3_1600x480
VDD,met2-met3,STRIPE,via,158612,40560,160212,41040,1600,via2_1600x480
VDD,met1-met2,STRIPE,via,158612,40560,160212,41040,1600,via_1600x480
VDD,met3-met4,STRIPE,via,130596,40560,132196,41040,1600,via3_1600x480
VDD,met2-met3,STRIPE,via,130596,40560,132196,41040,1600,via2_1600x480
VDD,met1-met2,STRIPE,via,130596,40560,132196,41040,1600,via_1600x480
VDD,met3-met4,STRIPE,via,103955,40560,105555,41040,1600,via3_1600x480
VDD,met2-met3,STRIPE,via,103955,40560,105555,41040,1600,via2_1600x480
VDD,met1-met2,STRIPE,via,103955,40560,105555,41040,1600,via_1600x480
VDD,met3-met4,STRIPE,via,78420,40560,80020,41040,1600,via3_1600x480
VDD,met2-met3,STRIPE,via,78420,40560,80020,41040,1600,via2_1600x480
VDD,met1-met2,STRIPE,via,78420,40560,80020,41040,1600,via_1600x480
VDD,met3-met4,STRIPE,via,49102,40560,50702,41040,1600,via3_1600x480
VDD,met2-met3,STRIPE,via,49102,40560,50702,41040,1600,via2_1600x480
VDD,met1-met2,STRIPE,via,49102,40560,50702,41040,1600,via_1600x480
VDD,met3-met4,STRIPE,via,22607,40560,24207,41040,1600,via3_1600x480
VDD,met2-met3,STRIPE,via,22607,40560,24207,41040,1600,via2_1600x480
VDD,met1-met2,STRIPE,via,22607,40560,24207,41040,1600,via_1600x480
VDD,met3-met4,STRIPE,via,267663,35120,269263,35600,1600,via3_1600x480
VDD,met2-met3,STRIPE,via,267663,35120,269263,35600,1600,via2_1600x480
VDD,met1-met2,STRIPE,via,267663,35120,269263,35600,1600,via_1600x480
VDD,met3-met4,STRIPE,via,239920,35120,241520,35600,1600,via3_1600x480
VDD,met2-met3,STRIPE,via,239920,35120,241520,35600,1600,via2_1600x480
VDD,met1-met2,STRIPE,via,239920,35120,241520,35600,1600,via_1600x480
VDD,met3-met4,STRIPE,via,212065,35120,213665,35600,1600,via3_1600x480
VDD,met2-met3,STRIPE,via,212065,35120,213665,35600,1600,via2_1600x480
VDD,met1-met2,STRIPE,via,212065,35120,213665,35600,1600,via_1600x480
VDD,met3-met4,STRIPE,via,185569,35120,187169,35600,1600,via3_1600x480
VDD,met2-met3,STRIPE,via,185569,35120,187169,35600,1600,via2_1600x480
VDD,met1-met2,STRIPE,via,185569,35120,187169,35600,1600,via_1600x480
VDD,met3-met4,STRIPE,via,158612,35120,160212,35600,1600,via3_1600x480
VDD,met2-met3,STRIPE,via,158612,35120,160212,35600,1600,via2_1600x480
VDD,met1-met2,STRIPE,via,158612,35120,160212,35600,1600,via_1600x480
VDD,met3-met4,STRIPE,via,130596,35120,132196,35600,1600,via3_1600x480
VDD,met2-met3,STRIPE,via,130596,35120,132196,35600,1600,via2_1600x480
VDD,met1-met2,STRIPE,via,130596,35120,132196,35600,1600,via_1600x480
VDD,met3-met4,STRIPE,via,103955,35120,105555,35600,1600,via3_1600x480
VDD,met2-met3,STRIPE,via,103955,35120,105555,35600,1600,via2_1600x480
VDD,met1-met2,STRIPE,via,103955,35120,105555,35600,1600,via_1600x480
VDD,met3-met4,STRIPE,via,78420,35120,80020,35600,1600,via3_1600x480
VDD,met2-met3,STRIPE,via,78420,35120,80020,35600,1600,via2_1600x480
VDD,met1-met2,STRIPE,via,78420,35120,80020,35600,1600,via_1600x480
VDD,met3-met4,STRIPE,via,49102,35120,50702,35600,1600,via3_1600x480
VDD,met2-met3,STRIPE,via,49102,35120,50702,35600,1600,via2_1600x480
VDD,met1-met2,STRIPE,via,49102,35120,50702,35600,1600,via_1600x480
VDD,met3-met4,STRIPE,via,22607,35120,24207,35600,1600,via3_1600x480
VDD,met2-met3,STRIPE,via,22607,35120,24207,35600,1600,via2_1600x480
VDD,met1-met2,STRIPE,via,22607,35120,24207,35600,1600,via_1600x480
VDD,met3-met4,STRIPE,via,267663,29680,269263,30160,1600,via3_1600x480
VDD,met2-met3,STRIPE,via,267663,29680,269263,30160,1600,via2_1600x480
VDD,met1-met2,STRIPE,via,267663,29680,269263,30160,1600,via_1600x480
VDD,met3-met4,STRIPE,via,239920,29680,241520,30160,1600,via3_1600x480
VDD,met2-met3,STRIPE,via,239920,29680,241520,30160,1600,via2_1600x480
VDD,met1-met2,STRIPE,via,239920,29680,241520,30160,1600,via_1600x480
VDD,met3-met4,STRIPE,via,212065,29680,213665,30160,1600,via3_1600x480
VDD,met2-met3,STRIPE,via,212065,29680,213665,30160,1600,via2_1600x480
VDD,met1-met2,STRIPE,via,212065,29680,213665,30160,1600,via_1600x480
VDD,met3-met4,STRIPE,via,185569,29680,187169,30160,1600,via3_1600x480
VDD,met2-met3,STRIPE,via,185569,29680,187169,30160,1600,via2_1600x480
VDD,met1-met2,STRIPE,via,185569,29680,187169,30160,1600,via_1600x480
VDD,met3-met4,STRIPE,via,158612,29680,160212,30160,1600,via3_1600x480
VDD,met2-met3,STRIPE,via,158612,29680,160212,30160,1600,via2_1600x480
VDD,met1-met2,STRIPE,via,158612,29680,160212,30160,1600,via_1600x480
VDD,met3-met4,STRIPE,via,130596,29680,132196,30160,1600,via3_1600x480
VDD,met2-met3,STRIPE,via,130596,29680,132196,30160,1600,via2_1600x480
VDD,met1-met2,STRIPE,via,130596,29680,132196,30160,1600,via_1600x480
VDD,met3-met4,STRIPE,via,103955,29680,105555,30160,1600,via3_1600x480
VDD,met2-met3,STRIPE,via,103955,29680,105555,30160,1600,via2_1600x480
VDD,met1-met2,STRIPE,via,103955,29680,105555,30160,1600,via_1600x480
VDD,met3-met4,STRIPE,via,78420,29680,80020,30160,1600,via3_1600x480
VDD,met2-met3,STRIPE,via,78420,29680,80020,30160,1600,via2_1600x480
VDD,met1-met2,STRIPE,via,78420,29680,80020,30160,1600,via_1600x480
VDD,met3-met4,STRIPE,via,49102,29680,50702,30160,1600,via3_1600x480
VDD,met2-met3,STRIPE,via,49102,29680,50702,30160,1600,via2_1600x480
VDD,met1-met2,STRIPE,via,49102,29680,50702,30160,1600,via_1600x480
VDD,met3-met4,STRIPE,via,22607,29680,24207,30160,1600,via3_1600x480
VDD,met2-met3,STRIPE,via,22607,29680,24207,30160,1600,via2_1600x480
VDD,met1-met2,STRIPE,via,22607,29680,24207,30160,1600,via_1600x480
VDD,met3-met4,STRIPE,via,267663,24240,269263,24720,1600,via3_1600x480
VDD,met2-met3,STRIPE,via,267663,24240,269263,24720,1600,via2_1600x480
VDD,met1-met2,STRIPE,via,267663,24240,269263,24720,1600,via_1600x480
VDD,met3-met4,STRIPE,via,239920,24240,241520,24720,1600,via3_1600x480
VDD,met2-met3,STRIPE,via,239920,24240,241520,24720,1600,via2_1600x480
VDD,met1-met2,STRIPE,via,239920,24240,241520,24720,1600,via_1600x480
VDD,met3-met4,STRIPE,via,212065,24240,213665,24720,1600,via3_1600x480
VDD,met2-met3,STRIPE,via,212065,24240,213665,24720,1600,via2_1600x480
VDD,met1-met2,STRIPE,via,212065,24240,213665,24720,1600,via_1600x480
VDD,met3-met4,STRIPE,via,185569,24240,187169,24720,1600,via3_1600x480
VDD,met2-met3,STRIPE,via,185569,24240,187169,24720,1600,via2_1600x480
VDD,met1-met2,STRIPE,via,185569,24240,187169,24720,1600,via_1600x480
VDD,met3-met4,STRIPE,via,158612,24240,160212,24720,1600,via3_1600x480
VDD,met2-met3,STRIPE,via,158612,24240,160212,24720,1600,via2_1600x480
VDD,met1-met2,STRIPE,via,158612,24240,160212,24720,1600,via_1600x480
VDD,met3-met4,STRIPE,via,130596,24240,132196,24720,1600,via3_1600x480
VDD,met2-met3,STRIPE,via,130596,24240,132196,24720,1600,via2_1600x480
VDD,met1-met2,STRIPE,via,130596,24240,132196,24720,1600,via_1600x480
VDD,met3-met4,STRIPE,via,103955,24240,105555,24720,1600,via3_1600x480
VDD,met2-met3,STRIPE,via,103955,24240,105555,24720,1600,via2_1600x480
VDD,met1-met2,STRIPE,via,103955,24240,105555,24720,1600,via_1600x480
VDD,met3-met4,STRIPE,via,78420,24240,80020,24720,1600,via3_1600x480
VDD,met2-met3,STRIPE,via,78420,24240,80020,24720,1600,via2_1600x480
VDD,met1-met2,STRIPE,via,78420,24240,80020,24720,1600,via_1600x480
VDD,met3-met4,STRIPE,via,49102,24240,50702,24720,1600,via3_1600x480
VDD,met2-met3,STRIPE,via,49102,24240,50702,24720,1600,via2_1600x480
VDD,met1-met2,STRIPE,via,49102,24240,50702,24720,1600,via_1600x480
VDD,met3-met4,STRIPE,via,22607,24240,24207,24720,1600,via3_1600x480
VDD,met2-met3,STRIPE,via,22607,24240,24207,24720,1600,via2_1600x480
VDD,met1-met2,STRIPE,via,22607,24240,24207,24720,1600,via_1600x480
VDD,met3-met4,STRIPE,via,267663,18800,269263,19280,1600,via3_1600x480
VDD,met2-met3,STRIPE,via,267663,18800,269263,19280,1600,via2_1600x480
VDD,met1-met2,STRIPE,via,267663,18800,269263,19280,1600,via_1600x480
VDD,met3-met4,STRIPE,via,239920,18800,241520,19280,1600,via3_1600x480
VDD,met2-met3,STRIPE,via,239920,18800,241520,19280,1600,via2_1600x480
VDD,met1-met2,STRIPE,via,239920,18800,241520,19280,1600,via_1600x480
VDD,met3-met4,STRIPE,via,212065,18800,213665,19280,1600,via3_1600x480
VDD,met2-met3,STRIPE,via,212065,18800,213665,19280,1600,via2_1600x480
VDD,met1-met2,STRIPE,via,212065,18800,213665,19280,1600,via_1600x480
VDD,met3-met4,STRIPE,via,185569,18800,187169,19280,1600,via3_1600x480
VDD,met2-met3,STRIPE,via,185569,18800,187169,19280,1600,via2_1600x480
VDD,met1-met2,STRIPE,via,185569,18800,187169,19280,1600,via_1600x480
VDD,met3-met4,STRIPE,via,158612,18800,160212,19280,1600,via3_1600x480
VDD,met2-met3,STRIPE,via,158612,18800,160212,19280,1600,via2_1600x480
VDD,met1-met2,STRIPE,via,158612,18800,160212,19280,1600,via_1600x480
VDD,met3-met4,STRIPE,via,130596,18800,132196,19280,1600,via3_1600x480
VDD,met2-met3,STRIPE,via,130596,18800,132196,19280,1600,via2_1600x480
VDD,met1-met2,STRIPE,via,130596,18800,132196,19280,1600,via_1600x480
VDD,met3-met4,STRIPE,via,103955,18800,105555,19280,1600,via3_1600x480
VDD,met2-met3,STRIPE,via,103955,18800,105555,19280,1600,via2_1600x480
VDD,met1-met2,STRIPE,via,103955,18800,105555,19280,1600,via_1600x480
VDD,met3-met4,STRIPE,via,78420,18800,80020,19280,1600,via3_1600x480
VDD,met2-met3,STRIPE,via,78420,18800,80020,19280,1600,via2_1600x480
VDD,met1-met2,STRIPE,via,78420,18800,80020,19280,1600,via_1600x480
VDD,met3-met4,STRIPE,via,49102,18800,50702,19280,1600,via3_1600x480
VDD,met2-met3,STRIPE,via,49102,18800,50702,19280,1600,via2_1600x480
VDD,met1-met2,STRIPE,via,49102,18800,50702,19280,1600,via_1600x480
VDD,met3-met4,STRIPE,via,22607,18800,24207,19280,1600,via3_1600x480
VDD,met2-met3,STRIPE,via,22607,18800,24207,19280,1600,via2_1600x480
VDD,met1-met2,STRIPE,via,22607,18800,24207,19280,1600,via_1600x480
VDD,met3-met4,STRIPE,via,267663,13360,269263,13840,1600,via3_1600x480
VDD,met2-met3,STRIPE,via,267663,13360,269263,13840,1600,via2_1600x480
VDD,met1-met2,STRIPE,via,267663,13360,269263,13840,1600,via_1600x480
VDD,met3-met4,STRIPE,via,239920,13360,241520,13840,1600,via3_1600x480
VDD,met2-met3,STRIPE,via,239920,13360,241520,13840,1600,via2_1600x480
VDD,met1-met2,STRIPE,via,239920,13360,241520,13840,1600,via_1600x480
VDD,met3-met4,STRIPE,via,212065,13360,213665,13840,1600,via3_1600x480
VDD,met2-met3,STRIPE,via,212065,13360,213665,13840,1600,via2_1600x480
VDD,met1-met2,STRIPE,via,212065,13360,213665,13840,1600,via_1600x480
VDD,met3-met4,STRIPE,via,185569,13360,187169,13840,1600,via3_1600x480
VDD,met2-met3,STRIPE,via,185569,13360,187169,13840,1600,via2_1600x480
VDD,met1-met2,STRIPE,via,185569,13360,187169,13840,1600,via_1600x480
VDD,met3-met4,STRIPE,via,158612,13360,160212,13840,1600,via3_1600x480
VDD,met2-met3,STRIPE,via,158612,13360,160212,13840,1600,via2_1600x480
VDD,met1-met2,STRIPE,via,158612,13360,160212,13840,1600,via_1600x480
VDD,met3-met4,STRIPE,via,130596,13360,132196,13840,1600,via3_1600x480
VDD,met2-met3,STRIPE,via,130596,13360,132196,13840,1600,via2_1600x480
VDD,met1-met2,STRIPE,via,130596,13360,132196,13840,1600,via_1600x480
VDD,met3-met4,STRIPE,via,103955,13360,105555,13840,1600,via3_1600x480
VDD,met2-met3,STRIPE,via,103955,13360,105555,13840,1600,via2_1600x480
VDD,met1-met2,STRIPE,via,103955,13360,105555,13840,1600,via_1600x480
VDD,met3-met4,STRIPE,via,78420,13360,80020,13840,1600,via3_1600x480
VDD,met2-met3,STRIPE,via,78420,13360,80020,13840,1600,via2_1600x480
VDD,met1-met2,STRIPE,via,78420,13360,80020,13840,1600,via_1600x480
VDD,met3-met4,STRIPE,via,49102,13360,50702,13840,1600,via3_1600x480
VDD,met2-met3,STRIPE,via,49102,13360,50702,13840,1600,via2_1600x480
VDD,met1-met2,STRIPE,via,49102,13360,50702,13840,1600,via_1600x480
VDD,met3-met4,STRIPE,via,22607,13360,24207,13840,1600,via3_1600x480
VDD,met2-met3,STRIPE,via,22607,13360,24207,13840,1600,via2_1600x480
VDD,met1-met2,STRIPE,via,22607,13360,24207,13840,1600,via_1600x480
VDD,met5,STRIPE,wire,10120,241040,269560,242640,1600,
VDD,met5,STRIPE,wire,10120,213840,269560,215440,1600,
VDD,met5,STRIPE,wire,10120,186640,269560,188240,1600,
VDD,met5,STRIPE,wire,10120,159440,269560,161040,1600,
VDD,met5,STRIPE,wire,10120,132240,269560,133840,1600,
VDD,met5,STRIPE,wire,10120,105040,269560,106640,1600,
VDD,met5,STRIPE,wire,10120,77840,269560,79440,1600,
VDD,met5,STRIPE,wire,10120,50640,269560,52240,1600,
VDD,met5,STRIPE,wire,10120,23440,269560,25040,1600,
VDD,met4,STRIPE,wire,267663,10640,269263,269520,1600,
VDD,met4,STRIPE,wire,239920,10640,241520,269520,1600,
VDD,met4,STRIPE,wire,212065,10640,213665,269520,1600,
VDD,met4,STRIPE,wire,185569,10640,187169,269520,1600,
VDD,met4,STRIPE,wire,158612,10640,160212,269520,1600,
VDD,met4,STRIPE,wire,130596,10640,132196,269520,1600,
VDD,met4,STRIPE,wire,103955,10640,105555,269520,1600,
VDD,met4,STRIPE,wire,78420,10640,80020,269520,1600,
VDD,met4,STRIPE,wire,49102,10640,50702,269520,1600,
VDD,met4,STRIPE,wire,22607,10640,24207,269520,1600,
VDD,met1,FOLLOWPIN,wire,10120,269040,269560,269520,480,
VDD,met1,FOLLOWPIN,wire,10120,263600,269560,264080,480,
VDD,met1,FOLLOWPIN,wire,10120,258160,269560,258640,480,
VDD,met1,FOLLOWPIN,wire,10120,252720,269560,253200,480,
VDD,met1,FOLLOWPIN,wire,10120,247280,269560,247760,480,
VDD,met1,FOLLOWPIN,wire,10120,241840,269560,242320,480,
VDD,met1,FOLLOWPIN,wire,10120,236400,269560,236880,480,
VDD,met1,FOLLOWPIN,wire,10120,230960,269560,231440,480,
VDD,met1,FOLLOWPIN,wire,10120,225520,269560,226000,480,
VDD,met1,FOLLOWPIN,wire,10120,220080,269560,220560,480,
VDD,met1,FOLLOWPIN,wire,10120,214640,269560,215120,480,
VDD,met1,FOLLOWPIN,wire,10120,209200,269560,209680,480,
VDD,met1,FOLLOWPIN,wire,10120,203760,269560,204240,480,
VDD,met1,FOLLOWPIN,wire,10120,198320,269560,198800,480,
VDD,met1,FOLLOWPIN,wire,10120,192880,269560,193360,480,
VDD,met1,FOLLOWPIN,wire,10120,187440,269560,187920,480,
VDD,met1,FOLLOWPIN,wire,10120,182000,269560,182480,480,
VDD,met1,FOLLOWPIN,wire,10120,176560,269560,177040,480,
VDD,met1,FOLLOWPIN,wire,10120,171120,269560,171600,480,
VDD,met1,FOLLOWPIN,wire,10120,165680,269560,166160,480,
VDD,met1,FOLLOWPIN,wire,10120,160240,269560,160720,480,
VDD,met1,FOLLOWPIN,wire,10120,154800,269560,155280,480,
VDD,met1,FOLLOWPIN,wire,10120,149360,269560,149840,480,
VDD,met1,FOLLOWPIN,wire,10120,143920,269560,144400,480,
VDD,met1,FOLLOWPIN,wire,10120,138480,269560,138960,480,
VDD,met1,FOLLOWPIN,wire,10120,133040,269560,133520,480,
VDD,met1,FOLLOWPIN,wire,10120,127600,269560,128080,480,
VDD,met1,FOLLOWPIN,wire,10120,122160,269560,122640,480,
VDD,met1,FOLLOWPIN,wire,10120,116720,269560,117200,480,
VDD,met1,FOLLOWPIN,wire,10120,111280,269560,111760,480,
VDD,met1,FOLLOWPIN,wire,10120,105840,269560,106320,480,
VDD,met1,FOLLOWPIN,wire,10120,100400,269560,100880,480,
VDD,met1,FOLLOWPIN,wire,10120,94960,269560,95440,480,
VDD,met1,FOLLOWPIN,wire,10120,89520,269560,90000,480,
VDD,met1,FOLLOWPIN,wire,10120,84080,269560,84560,480,
VDD,met1,FOLLOWPIN,wire,10120,78640,269560,79120,480,
VDD,met1,FOLLOWPIN,wire,10120,73200,269560,73680,480,
VDD,met1,FOLLOWPIN,wire,10120,67760,269560,68240,480,
VDD,met1,FOLLOWPIN,wire,10120,62320,269560,62800,480,
VDD,met1,FOLLOWPIN,wire,10120,56880,269560,57360,480,
VDD,met1,FOLLOWPIN,wire,10120,51440,269560,51920,480,
VDD,met1,FOLLOWPIN,wire,10120,46000,269560,46480,480,
VDD,met1,FOLLOWPIN,wire,10120,40560,269560,41040,480,
VDD,met1,FOLLOWPIN,wire,10120,35120,269560,35600,480,
VDD,met1,FOLLOWPIN,wire,10120,29680,269560,30160,480,
VDD,met1,FOLLOWPIN,wire,10120,24240,269560,24720,480,
VDD,met1,FOLLOWPIN,wire,10120,18800,269560,19280,480,
VDD,met1,FOLLOWPIN,wire,10120,13360,269560,13840,480,
