net,layer,shape,kind,x1,y1,x2,y2,width,via_name
VSS,met4-met5,STRIPE,via,253375,254640,254975,256240,1600,via4_1600x1600
VSS,met4-met5,STRIPE,via,226408,254640,228008,256240,1600,via4_1600x1600
VSS,met4-met5,STRIPE,via,199712,254640,201312,256240,1600,via4_1600x1600
VSS,met4-met5,STRIPE,via,172555,254640,174155,256240,1600,via4_1600x1600
VSS,met4-met5,STRIPE,via,145471,254640,147071,256240,1600,via4_1600x1600
VSS,met4-met5,STRIPE,via,117404,254640,119004,256240,1600,via4_1600x1600
VSS,met4-met5,STRIPE,via,90531,254640,92131,256240,1600,via4_1600x1600
VSS,met4-met5,STRIPE,via,64107,254640,65707,256240,1600,via4_1600x1600
VSS,met4-met5,STRIPE,via,36304,254640,37904,256240,1600,via4_1600x1600
VSS,met4-met5,STRIPE,via,253375,227440,254975,229040,1600,via4_1600x1600
VSS,met4-met5,STRIPE,via,226408,227440,228008,229040,1600,via4_1600x1600
VSS,met4-met5,STRIPE,via,199712,227440,201312,229040,1600,via4_1600x1600
VSS,met4-met5,STRIPE,via,172555,227440,174155,229040,1600,via4_1600x1600
VSS,met4-met5,STRIPE,via,145471,227440,147071,229040,1600,via4_1600x1600
VSS,met4-met5,STRIPE,via,117404,227440,119004,229040,1600,via4_1600x1600
VSS,met4-met5,STRIPE,via,90531,227440,92131,229040,1600,via4_1600x1600
VSS,met4-met5,STRIPE,via,64107,227440,65707,229040,1600,via4_1600x1600
VSS,met4-met5,STRIPE,via,36304,227440,37904,229040,1600,via4_1600x1600
VSS,met4-met5,STRIPE,via,253375,200240,254975,201840,1600,via4_1600x1600
VSS,met4-met5,STRIPE,via,226408,200240,228008,201840,1600,via4_1600x1600
VSS,met4-met5,STRIPE,via,199712,200240,201312,201840,1600,via4_1600x1600
VSS,met4-met5,STRIPE,via,172555,200240,174155,201840,1600,via4_1600x1600
VSS,met4-met5,STRIPE,via,145471,200240,147071,201840,1600,via4_1600x1600
VSS,met4-met5,STRIPE,via,117404,200240,119004,201840,1600,via4_1600x1600
VSS,met4-met5,STRIPE,via,90531,200240,92131,201840,1600,via4_1600x1600
VSS,met4-met5,STRIPE,via,64107,200240,65707,201840,1600,via4_1600x1600
VSS,met4-met5,STRIPE,via,36304,200240,37904,201840,1600,via4_1600x1600
VSS,met4-met5,STRIPE,via,253375,173040,254975,174640,1600,via4_1600x1600
VSS,met4-met5,STRIPE,via,226408,173040,228008,174640,1600,via4_1600x1600
VSS,met4-met5,STRIPE,via,199712,173040,201312,174640,1600,via4_1600x1600
VSS,met4-met5,STRIPE,via,172555,173040,174155,174640,1600,via4_1600x1600
VSS,met4-met5,STRIPE,via,145471,173040,147071,174640,1600,via4_1600x1600
VSS,met4-met5,STRIPE,via,117404,173040,119004,174640,1600,via4_1600x1600
VSS,met4-met5,STRIPE,via,90531,173040,92131,174640,1600,via4_1600x1600
VSS,met4-met5,STRIPE,via,64107,173040,65707,174640,1600,via4_1600x1600
VSS,met4-met5,STRIPE,via,36304,173040,37904,174640,1600,via4_1600x1600
VSS,met4-met5,STRIPE,via,253375,145840,254975,147440,1600,via4_1600x1600
VSS,met4-met5,STRIPE,via,226408,145840,228008,147440,1600,via4_1600x1600
VSS,met4-met5,STRIPE,via,199712,145840,201312,147440,1600,via4_1600x1600
VSS,met4-met5,STRIPE,via,172555,145840,174155,147440,1600,via4_1600x1600
VSS,met4-met5,STRIPE,via,145471,145840,147071,147440,1600,via4_1600x1600
VSS,met4-met5,STRIPE,via,117404,145840,119004,147440,1600,via4_1600x1600
VSS,met4-met5,STRIPE,via,90531,145840,92131,147440,1600,via4_1600x1600
VSS,met4-met5,STRIPE,via,64107,145840,65707,147440,1600,via4_1600x1600
VSS,met4-met5,STRIPE,via,36304,145840,37904,147440,1600,via4_1600x1600
VSS,met4-met5,STRIPE,via,253375,118640,254975,120240,1600,via4_1600x1600
VSS,met4-met5,STRIPE,via,226408,118640,228008,120240,1600,via4_1600x1600
VSS,met4-met5,STRIPE,via,199712,118640,201312,120240,1600,via4_1600x1600
VSS,met4-met5,STRIPE,via,172555,118640,174155,120240,1600,via4_1600x1600
VSS,met4-met5,STRIPE,via,145471,118640,147071,120240,1600,via4_1600x1600
VSS,met4-met5,STRIPE,via,117404,118640,119004,120240,1600,via4_1600x1600
VSS,met4-met5,STRIPE,via,90531,118640,92131,120240,1600,via4_1600x1600
VSS,met4-met5,STRIPE,via,64107,118640,65707,120240,1600,via4_1600x1600
VSS,met4-met5,STRIPE,via,36304,118640,37904,120240,1600,via4_1600x1600
VSS,met4-met5,STRIPE,via,253375,91440,254975,93040,1600,via4_1600x1600
VSS,met4-met5,STRIPE,via,226408,91440,228008,93040,1600,via4_1600x1600
VSS,met4-met5,STRIPE,via,199712,91440,201312,93040,1600,via4_1600x1600
VSS,met4-met5,STRIPE,via,172555,91440,174155,93040,1600,via4_1600x1600
VSS,met4-met5,STRIPE,via,145471,91440,147071,93040,1600,via4_1600x1600
VSS,met4-met5,STRIPE,via,117404,91440,119004,93040,1600,via4_1600x1600
VSS,met4-met5,STRIPE,via,90531,91440,92131,93040,1600,via4_1600x1600
VSS,met4-met5,STRIPE,via,64107,91440,65707,93040,1600,via4_1600x1600
VSS,met4-met5,STRIPE,via,36304,91440,37904,93040,1600,via4_1600x1600
VSS,met4-met5,STRIPE,via,253375,64240,254975,65840,1600,via4_1600x1600
VSS,met4-met5,STRIPE,via,226408,64240,228008,65840,1600,via4_1600x1600
VSS,met4-met5,STRIPE,via,199712,64240,201312,65840,1600,via4_1600x1600
VSS,met4-met5,STRIPE,via,172555,64240,174155,65840,1600,via4_1600x1600
VSS,met4-met5,STRIPE,via,145471,64240,147071,65840,1600,via4_1600x1600
VSS,met4-met5,STRIPE,via,117404,64240,119004,65840,1600,via4_1600x1600
VSS,met4-met5,STRIPE,via,90531,64240,92131,65840,1600,via4_1600x1600
VSS,met4-met5,STRIPE,via,64107,64240,65707,65840,1600,via4_1600x1600
VSS,met4-met5,STRIPE,via,36304,64240,37904,65840,1600,via4_1600x1600
VSS,met4-met5,STRIPE,via,253375,37040,254975,38640,1600,via4_1600x1600
VSS,met4-met5,STRIPE,via,226408,37040,228008,38640,1600,via4_1600x1600
VSS,met4-met5,STRIPE,via,199712,37040,201312,38640,1600,via4_1600x1600
VSS,met4-met5,STRIPE,via,172555,37040,174155,38640,1600,via4_1600x1600
VSS,met4-met5,STRIPE,via,145471,37040,147071,38640,1600,via4_1600x1600
VSS,met4-met5,STRIPE,via,117404,37040,119004,38640,1600,via4_1600x1600
VSS,met4-met5,STRIPE,via,90531,37040,92131,38640,1600,via4_1600x1600
VSS,met4-met5,STRIPE,via,64107,37040,65707,38640,1600,via4_1600x1600
VSS,met4-met5,STRIPE,via,36304,37040,37904,38640,1600,via4_1600x1600
VSS,met3-met4,STRIPE,via,253375,266320,254975,266800,1600,via3_1600x480
VSS,met2-met3,STRIPE,via,253375,266320,254975,266800,1600,via2_1600x480
VSS,met1-met2,STRIPE,via,253375,266320,254975,266800,1600,via_1600x480
VSS,met3-met4,STRIPE,via,226408,266320,228008,266800,1600,via3_1600x480
VSS,met2-met3,STRIPE,via,226408,266320,228008,266800,1600,via2_1600x480
VSS,met1-met2,STRIPE,via,226408,266320,228008,266800,1600,via_1600x480
VSS,met3-met4,STRIPE,via,199712,266320,201312,266800,1600,via3_1600x480
VSS,met2-met3,STRIPE,via,199712,266320,201312,266800,1600,via2_1600x480
VSS,met1-met2,STRIPE,via,199712,266320,201312,266800,1600,via_1600x480
VSS,met3-met4,STRIPE,via,172555,266320,174155,266800,1600,via3_1600x480
VSS,met2-met3,STRIPE,via,172555,266320,174155,266800,1600,via2_1600x480
VSS,met1-met2,STRIPE,via,172555,266320,174155,266800,1600,via_1600x480
VSS,met3-met4,STRIPE,via,145471,266320,147071,266800,1600,via3_1600x480
VSS,met2-met3,STRIPE,via,145471,266320,147071,266800,1600,via2_1600x480
VSS,met1-met2,STRIPE,via,145471,266320,147071,266800,1600,via_1600x480
VSS,met3-met4,STRIPE,via,117404,266320,119004,266800,1600,via3_1600x480
VSS,met2-met3,STRIPE,via,117404,266320,119004,266800,1600,via2_1600x480
VSS,met1-met2,STRIPE,via,117404,266320,119004,266800,1600,via_1600x480
VSS,met3-met4,STRIPE,via,90531,266320,92131,266800,1600,via3_1600x480
VSS,met2-met3,STRIPE,via,90531,266320,92131,266800,1600,via2_1600x480
VSS,met1-met2,STRIPE,via,90531,266320,92131,266800,1600,via_1600x480
VSS,met3-met4,STRIPE,via,64107,266320,65707,266800,1600,via3_1600x480
VSS,met2-met3,STRIPE,via,64107,266320,65707,266800,1600,via2_1600x480
VSS,met1-met2,STRIPE,via,64107,266320,65707,266800,1600,via_1600x480
VSS,met3-met4,STRIPE,via,36304,266320,37904,266800,1600,via3_1600x480
VSS,met2-met3,STRIPE,via,36304,266320,37904,266800,1600,via2_1600x480
VSS,met1-met2,STRIPE,via,36304,266320,37904,266800,1600,via_1600x480
VSS,met3-met4,STRIPE,via,253375,260880,254975,261360,1600,via3_1600x480
VSS,met2-met3,STRIPE,via,253375,260880,254975,261360,1600,via2_1600x480
VSS,met1-met2,STRIPE,via,253375,260880,254975,261360,1600,via_1600x480
VSS,met3-met4,STRIPE,via,226408,260880,228008,261360,1600,via3_1600x480
VSS,met2-met3,STRIPE,via,226408,260880,228008,261360,1600,via2_1600x480
VSS,met1-met2,STRIPE,via,226408,260880,228008,261360,1600,via_1600x480
VSS,met3-met4,STRIPE,via,199712,260880,201312,261360,1600,via3_1600x480
VSS,met2-met3,STRIPE,via,199712,260880,201312,261360,1600,via2_1600x480
VSS,met1-met2,STRIPE,via,199712,260880,201312,261360,1600,via_1600x480
VSS,met3-met4,STRIPE,via,172555,260880,174155,261360,1600,via3_1600x480
VSS,met2-met3,STRIPE,via,172555,260880,174155,261360,1600,via2_1600x480
VSS,met1-met2,STRIPE,via,172555,260880,174155,261360,1600,via_1600x480
VSS,met3-met4,STRIPE,via,145471,260880,147071,261360,1600,via3_1600x480
VSS,met2-met3,STRIPE,via,145471,260880,147071,261360,1600,via2_1600x480
VSS,met1-met2,STRIPE,via,145471,260880,147071,261360,1600,via_1600x480
VSS,met3-met4,STRIPE,via,117404,260880,119004,261360,1600,via3_1600x480
VSS,met2-met3,STRIPE,via,117404,260880,119004,261360,1600,via2_1600x480
VSS,met1-met2,STRIPE,via,117404,260880,119004,261360,1600,via_1600x480
VSS,met3-met4,STRIPE,via,90531,260880,92131,261360,1600,via3_1600x480
VSS,met2-met3,STRIPE,via,90531,260880,92131,261360,1600,via2_1600x480
VSS,met1-met2,STRIPE,via,90531,260880,92131,261360,1600,via_1600x480
VSS,met3-met4,STRIPE,via,64107,260880,65707,261360,1600,via3_1600x480
VSS,met2-met3,STRIPE,via,64107,260880,65707,261360,1600,via2_1600x480
VSS,met1-met2,STRIPE,via,64107,260880,65707,261360,1600,via_1600x480
VSS,met3-met4,STRIPE,via,36304,260880,37904,261360,1600,via3_1600x480
VSS,met2-met3,STRIPE,via,36304,260880,37904,261360,1600,via2_1600x480
VSS,met1-met2,STRIPE,via,36304,260880,37904,261360,1600,via_1600x480
VSS,met3-met4,STRIPE,via,253375,255440,254975,255920,1600,via3_1600x480
VSS,met2-met3,STRIPE,via,253375,255440,254975,255920,1600,via2_1600x480
VSS,met1-met2,STRIPE,via,253375,255440,254975,255920,1600,via_1600x480
VSS,met3-met4,STRIPE,via,226408,255440,228008,255920,1600,via3_1600x480
VSS,met2-met3,STRIPE,via,226408,255440,228008,255920,1600,via2_1600x480
VSS,met1-met2,STRIPE,via,226408,255440,228008,255920,1600,via_1600x480
VSS,met3-met4,STRIPE,via,199712,255440,201312,255920,1600,via3_1600x480
VSS,met2-met3,STRIPE,via,199712,255440,201312,255920,1600,via2_1600x480
VSS,met1-met2,STRIPE,via,199712,255440,201312,255920,1600,via_1600x480
VSS,met3-met4,STRIPE,via,172555,255440,174155,255920,1600,via3_1600x480
VSS,met2-met3,STRIPE,via,172555,255440,174155,255920,1600,via2_1600x480
VSS,met1-met2,STRIPE,via,172555,255440,174155,255920,1600,via_1600x480
VSS,met3-met4,STRIPE,via,145471,255440,147071,255920,1600,via3_1600x480
VSS,met2-met3,STRIPE,via,145471,255440,147071,255920,1600,via2_1600x480
VSS,met1-met2,STRIPE,via,145471,255440,147071,255920,1600,via_1600x480
VSS,met3-met4,STRIPE,via,117404,255440,119004,255920,1600,via3_1600x480
VSS,met2-met3,STRIPE,via,117404,255440,119004,255920,1600,via2_1600x480
VSS,met1-met2,STRIPE,via,117404,255440,119004,255920,1600,via_1600x480
VSS,met3-met4,STRIPE,via,90531,255440,92131,255920,1600,via3_1600x480
VSS,met2-met3,STRIPE,via,90531,255440,92131,255920,1600,via2_1600x480
VSS,met1-met2,STRIPE,via,90531,255440,92131,255920,1600,via_1600x480
VSS,met3-met4,STRIPE,via,64107,255440,65707,255920,1600,via3_1600x480
VSS,met2-met3,STRIPE,via,64107,255440,65707,255920,1600,via2_1600x480
VSS,met1-met2,STRIPE,via,64107,255440,65707,255920,1600,via_1600x480
VSS,met3-met4,STRIPE,via,36304,255440,37904,255920,1600,via3_1600x480
VSS,met2-met3,STRIPE,via,36304,255440,37904,255920,1600,via2_1600x480
VSS,met1-met2,STRIPE,via,36304,255440,37904,255920,1600,via_1600x480
VSS,met3-met4,STRIPE,via,253375,250000,254975,250480,1600,via3_1600x480
VSS,met2-met3,STRIPE,via,253375,250000,254975,250480,1600,via2_1600x480
VSS,met1-met2,STRIPE,via,253375,250000,254975,250480,1600,via_1600x480
VSS,met3-met4,STRIPE,via,226408,250000,228008,250480,1600,via3_1600x480
VSS,met2-met3,STRIPE,via,226408,250000,228008,250480,1600,via2_1600x480
VSS,met1-met2,STRIPE,via,226408,250000,228008,250480,1600,via_1600x480
VSS,met3-met4,STRIPE,via,199712,250000,201312,250480,1600,via3_1600x480
VSS,met2-met3,STRIPE,via,199712,250000,201312,250480,1600,via2_1600x480
VSS,met1-met2,STRIPE,via,199712,250000,201312,250480,1600,via_1600x480
VSS,met3-met4,STRIPE,via,172555,250000,174155,250480,1600,via3_1600x480
VSS,met2-met3,STRIPE,via,172555,250000,174155,250480,1600,via2_1600x480
VSS,met1-met2,STRIPE,via,172555,250000,174155,250480,1600,via_1600x480
VSS,met3-met4,STRIPE,via,145471,250000,147071,250480,1600,via3_1600x480
VSS,met2-met3,STRIPE,via,145471,250000,147071,250480,1600,via2_1600x480
VSS,met1-met2,STRIPE,via,145471,250000,147071,250480,1600,via_1600x480
VSS,met3-met4,STRIPE,via,117404,250000,119004,250480,1600,via3_1600x480
VSS,met2-met3,STRIPE,via,117404,250000,119004,250480,1600,via2_1600x480
VSS,met1-met2,STRIPE,via,117404,250000,119004,250480,1600,via_1600x480
VSS,met3-met4,STRIPE,via,90531,250000,92131,250480,1600,via3_1600x480
VSS,met2-met3,STRIPE,via,90531,250000,92131,250480,1600,via2_1600x480
VSS,met1-met2,STRIPE,via,90531,250000,92131,250480,1600,via_1600x480
VSS,met3-met4,STRIPE,via,64107,250000,65707,250480,1600,via3_1600x480
VSS,met2-met3,STRIPE,via,64107,250000,65707,250480,1600,via2_1600x480
VSS,met1-met2,STRIPE,via,64107,250000,65707,250480,1600,via_1600x480
VSS,met3-met4,STRIPE,via,36304,250000,37904,250480,1600,via3_1600x480
VSS,met2-met3,STRIPE,via,36304,250000,37904,250480,1600,via2_1600x480
VSS,met1-met2,STRIPE,via,36304,250000,37904,250480,1600,via_1600x480
VSS,met3-met4,STRIPE,via,253375,244560,254975,245040,1600,via3_1600x480
VSS,met2-met3,STRIPE,via,253375,244560,254975,245040,1600,via2_1600x480
VSS,met1-met2,STRIPE,via,253375,244560,254975,245040,1600,via_1600x480
VSS,met3-met4,STRIPE,via,226408,244560,228008,245040,1600,via3_1600x480
VSS,met2-met3,STRIPE,via,226408,244560,228008,245040,1600,via2_1600x480
VSS,met1-met2,STRIPE,via,226408,244560,228008,245040,1600,via_1600x480
VSS,met3-met4,STRIPE,via,199712,244560,201312,245040,1600,via3_1600x480
VSS,met2-met3,STRIPE,via,199712,244560,201312,245040,1600,via2_1600x480
VSS,met1-met2,STRIPE,via,199712,244560,201312,245040,1600,via_1600x480
VSS,met3-met4,STRIPE,via,172555,244560,174155,245040,1600,via3_1600x480
VSS,met2-met3,STRIPE,via,172555,244560,174155,245040,1600,via2_1600x480
VSS,met1-met2,STRIPE,via,172555,244560,174155,245040,1600,via_1600x480
VSS,met3-met4,STRIPE,via,145471,244560,147071,245040,1600,via3_1600x480
VSS,met2-met3,STRIPE,via,145471,244560,147071,245040,1600,via2_1600x480
VSS,met1-met2,STRIPE,via,145471,244560,147071,245040,1600,via_1600x480
VSS,met3-met4,STRIPE,via,117404,244560,119004,245040,1600,via3_1600x480
VSS,met2-met3,STRIPE,via,117404,244560,119004,245040,1600,via2_1600x480
VSS,met1-met2,STRIPE,via,117404,244560,119004,245040,1600,via_1600x480
VSS,met3-met4,STRIPE,via,90531,244560,92131,245040,1600,via3_1600x480
VSS,met2-met3,STRIPE,via,90531,244560,92131,245040,1600,via2_1600x480
VSS,met1-met2,STRIPE,via,90531,244560,92131,245040,1600,via_1600x480
VSS,met3-met4,STRIPE,via,64107,244560,65707,245040,1600,via3_1600x480
VSS,met2-met3,STRIPE,via,64107,244560,65707,245040,1600,via2_1600x480
VSS,met1-met2,STRIPE,via,64107,244560,65707,245040,1600,via_1600x480
VSS,met3-met4,STRIPE,via,36304,244560,37904,245040,1600,via3_1600x480
VSS,met2-met3,STRIPE,via,36304,244560,37904,245040,1600,via2_1600x480
VSS,met1-met2,STRIPE,via,36304,244560,37904,245040,1600,via_1600x480
VSS,met3-met4,STRIPE,via,253375,239120,254975,239600,1600,via3_1600x480
VSS,met2-met3,STRIPE,via,253375,239120,254975,239600,1600,via2_1600x480
VSS,met1-met2,STRIPE,via,253375,239120,254975,239600,1600,via_1600x480
VSS,met3-met4,STRIPE,via,226408,239120,228008,239600,1600,via3_1600x480
VSS,met2-met3,STRIPE,via,226408,239120,228008,239600,1600,via2_1600x480
VSS,met1-met2,STRIPE,via,226408,239120,228008,239600,1600,via_1600x480
VSS,met3-met4,STRIPE,via,199712,239120,201312,239600,1600,via3_1600x480
VSS,met2-met3,STRIPE,via,199712,239120,201312,239600,1600,via2_1600x480
VSS,met1-met2,STRIPE,via,199712,239120,201312,239600,1600,via_1600x480
VSS,met3-met4,STRIPE,via,172555,239120,174155,239600,1600,via3_1600x480
VSS,met2-met3,STRIPE,via,172555,239120,174155,239600,1600,via2_1600x480
VSS,met1-met2,STRIPE,via,172555,239120,174155,239600,1600,via_1600x480
VSS,met3-met4,STRIPE,via,145471,239120,147071,239600,1600,via3_1600x480
VSS,met2-met3,STRIPE,via,145471,239120,147071,239600,1600,via2_1600x480
VSS,met1-met2,STRIPE,via,145471,239120,147071,239600,1600,via_1600x480
VSS,met3-met4,STRIPE,via,117404,239120,119004,239600,1600,via3_1600x480
VSS,met2-met3,STRIPE,via,117404,239120,119004,239600,1600,via2_1600x480
VSS,met1-met2,STRIPE,via,117404,239120,119004,239600,1600,via_1600x480
VSS,met3-met4,STRIPE,via,90531,239120,92131,239600,1600,via3_1600x480
VSS,met2-met3,STRIPE,via,90531,239120,92131,239600,1600,via2_1600x480
VSS,met1-met2,STRIPE,via,90531,239120,92131,239600,1600,via_1600x480
VSS,met3-met4,STRIPE,via,64107,239120,65707,239600,1600,via3_1600x480
VSS,met2-met3,STRIPE,via,64107,239120,65707,239600,1600,via2_1600x480
VSS,met1-met2,STRIPE,via,64107,239120,65707,239600,1600,via_1600x480
VSS,met3-met4,STRIPE,via,36304,239120,37904,239600,1600,via3_1600x480
VSS,met2-met3,STRIPE,via,36304,239120,37904,239600,1600,via2_1600x480
VSS,met1-met2,STRIPE,via,36304,239120,37904,239600,1600,via_1600x480
VSS,met3-met4,STRIPE,via,253375,233680,254975,234160,1600,via3_1600x480
VSS,met2-met3,STRIPE,via,253375,233680,254975,234160,1600,via2_1600x480
VSS,met1-met2,STRIPE,via,253375,233680,254975,234160,1600,via_1600x480
VSS,met3-met4,STRIPE,via,226408,233680,228008,234160,1600,via3_1600x480
VSS,met2-met3,STRIPE,via,226408,233680,228008,234160,1600,via2_1600x480
VSS,met1-met2,STRIPE,via,226408,233680,228008,234160,1600,via_1600x480
VSS,met3-met4,STRIPE,via,199712,233680,201312,234160,1600,via3_1600x480
VSS,met2-met3,STRIPE,via,199712,233680,201312,234160,1600,via2_1600x480
VSS,met1-met2,STRIPE,via,199712,233680,201312,234160,1600,via_1600x480
VSS,met3-met4,STRIPE,via,172555,233680,174155,234160,1600,via3_1600x480
VSS,met2-met3,STRIPE,via,172555,233680,174155,234160,1600,via2_1600x480
VSS,met1-met2,STRIPE,via,172555,233680,174155,234160,1600,via_1600x480
VSS,met3-met4,STRIPE,via,145471,233680,147071,234160,1600,via3_1600x480
VSS,met2-met3,STRIPE,via,145471,233680,147071,234160,1600,via2_1600x480
VSS,met1-met2,STRIPE,via,145471,233680,147071,234160,1600,via_1600x480
VSS,met3-met4,STRIPE,via,117404,233680,119004,234160,1600,via3_1600x480
VSS,met2-met3,STRIPE,via,117404,233680,119004,234160,1600,via2_1600x480
VSS,met1-met2,STRIPE,via,117404,233680,119004,234160,1600,via_1600x480
VSS,met3-met4,STRIPE,via,90531,233680,92131,234160,1600,via3_1600x480
VSS,met2-met3,STRIPE,via,90531,233680,92131,234160,1600,via2_1600x480
VSS,met1-met2,STRIPE,via,90531,233680,92131,234160,1600,via_1600x480
VSS,met3-met4,STRIPE,via,64107,233680,65707,234160,1600,via3_1600x480
VSS,met2-met3,STRIPE,via,64107,233680,65707,234160,1600,via2_1600x480
VSS,met1-met2,STRIPE,via,64107,233680,65707,234160,1600,via_1600x480
VSS,met3-met4,STRIPE,via,36304,233680,37904,234160,1600,via3_1600x480
VSS,met2-met3,STRIPE,via,36304,233680,37904,234160,1600,via2_1600x480
VSS,met1-met2,STRIPE,via,36304,233680,37904,234160,1600,via_1600x480
VSS,met3-met4,STRIPE,via,253375,228240,254975,228720,1600,via3_1600x480
VSS,met2-met3,STRIPE,via,253375,228240,254975,228720,1600,via2_1600x480
VSS,met1-met2,STRIPE,via,253375,228240,254975,228720,1600,via_1600x480
VSS,met3-met4,STRIPE,via,226408,228240,228008,228720,1600,via3_1600x480
VSS,met2-met3,STRIPE,via,226408,228240,228008,228720,1600,via2_1600x480
VSS,met1-met2,STRIPE,via,226408,228240,228008,228720,1600,via_1600x480
VSS,met3-met4,STRIPE,via,199712,228240,201312,228720,1600,via3_1600x480
VSS,met2-met3,STRIPE,via,199712,228240,201312,228720,1600,via2_1600x480
VSS,met1-met2,STRIPE,via,199712,228240,201312,228720,1600,via_1600x480
VSS,met3-met4,STRIPE,via,172555,228240,174155,228720,1600,via3_1600x480
VSS,met2-met3,STRIPE,via,172555,228240,174155,228720,1600,via2_1600x480
VSS,met1-met2,STRIPE,via,172555,228240,174155,228720,1600,via_1600x480
VSS,met3-met4,STRIPE,via,145471,228240,147071,228720,1600,via3_1600x480
VSS,met2-met3,STRIPE,via,145471,228240,147071,228720,1600,via2_1600x480
VSS,met1-met2,STRIPE,via,145471,228240,147071,228720,1600,via_1600x480
VSS,met3-met4,STRIPE,via,117404,228240,119004,228720,1600,via3_1600x480
VSS,met2-met3,STRIPE,via,117404,228240,119004,228720,1600,via2_1600x480
VSS,met1-met2,STRIPE,via,117404,228240,119004,228720,1600,via_1600x480
VSS,met3-met4,STRIPE,via,90531,228240,92131,228720,1600,via3_1600x480
VSS,met2-met3,STRIPE,via,90531,228240,92131,228720,1600,via2_1600x480
VSS,met1-met2,STRIPE,via,90531,228240,92131,228720,1600,via_1600x480
VSS,met3-met4,STRIPE,via,64107,228240,65707,228720,1600,via3_1600x480
VSS,met2-met3,STRIPE,via,64107,228240,65707,228720,1600,via2_1600x480
VSS,met1-met2,STRIPE,via,64107,228240,65707,228720,1600,via_1600x480
VSS,met3-met4,STRIPE,via,36304,228240,37904,228720,1600,via3_1600x480
VSS,met2-met3,STRIPE,via,36304,228240,37904,228720,1600,via2_1600x480
VSS,met1-met2,STRIPE,via,36304,228240,37904,228720,1600,via_1600x480
VSS,met3-met4,STRIPE,via,253375,222800,254975,223280,1600,via3_1600x480
VSS,met2-met3,STRIPE,via,253375,222800,254975,223280,1600,via2_1600x480
VSS,met1-met2,STRIPE,via,253375,222800,254975,223280,1600,via_1600x480
VSS,met3-met4,STRIPE,via,226408,222800,228008,223280,1600,via3_1600x480
VSS,met2-met3,STRIPE,via,226408,222800,228008,223280,1600,via2_1600x480
VSS,met1-met2,STRIPE,via,226408,222800,228008,223280,1600,via_1600x480
VSS,met3-met4,STRIPE,via,199712,222800,201312,223280,1600,via3_1600x480
VSS,met2-met3,STRIPE,via,199712,222800,201312,223280,1600,via2_1600x480
VSS,met1-met2,STRIPE,via,199712,222800,201312,223280,1600,via_1600x480
VSS,met3-met4,STRIPE,via,172555,222800,174155,223280,1600,via3_1600x480
VSS,met2-met3,STRIPE,via,172555,222800,174155,223280,1600,via2_1600x480
VSS,met1-met2,STRIPE,via,172555,222800,174155,223280,1600,via_1600x480
VSS,met3-met4,STRIPE,via,145471,222800,147071,223280,1600,via3_1600x480
VSS,met2-met3,STRIPE,via,145471,222800,147071,223280,1600,via2_1600x480
VSS,met1-met2,STRIPE,via,145471,222800,147071,223280,1600,via_1600x480
VSS,met3-met4,STRIPE,via,117404,222800,119004,223280,1600,via3_1600x480
VSS,met2-met3,STRIPE,via,117404,222800,119004,223280,1600,via2_1600x480
VSS,met1-met2,STRIPE,via,117404,222800,119004,223280,1600,via_1600x480
VSS,met3-met4,STRIPE,via,90531,222800,92131,223280,1600,via3_1600x480
VSS,met2-met3,STRIPE,via,90531,222800,92131,223280,1600,via2_1600x480
VSS,met1-met2,STRIPE,via,90531,222800,92131,223280,1600,via_1600x480
VSS,met3-met4,STRIPE,via,64107,222800,65707,223280,1600,via3_1600x480
VSS,met2-met3,STRIPE,via,64107,222800,65707,223280,1600,via2_1600x480
VSS,met1-met2,STRIPE,via,64107,222800,65707,223280,1600,via_1600x480
VSS,met3-met4,STRIPE,via,36304,222800,37904,223280,1600,via3_1600x480
VSS,met2-met3,STRIPE,via,36304,222800,37904,223280,1600,via2_1600x480
VSS,met1-met2,STRIPE,via,36304,222800,37904,223280,1600,via_1600x480
VSS,met3-met4,STRIPE,via,253375,217360,254975,217840,1600,via3_1600x480
VSS,met2-met3,STRIPE,via,253375,217360,254975,217840,1600,via2_1600x480
VSS,met1-met2,STRIPE,via,253375,217360,254975,217840,1600,via_1600x480
VSS,met3-met4,STRIPE,via,226408,217360,228008,217840,1600,via3_1600x480
VSS,met2-met3,STRIPE,via,226408,217360,228008,217840,1600,via2_1600x480
VSS,met1-met2,STRIPE,via,226408,217360,228008,217840,1600,via_1600x480
VSS,met3-met4,STRIPE,via,199712,217360,201312,217840,1600,via3_1600x480
VSS,met2-met3,STRIPE,via,199712,217360,201312,217840,1600,via2_1600x480
VSS,met1-met2,STRIPE,via,199712,217360,201312,217840,1600,via_1600x480
VSS,met3-met4,STRIPE,via,172555,217360,174155,217840,1600,via3_1600x480
VSS,met2-met3,STRIPE,via,172555,217360,174155,217840,1600,via2_1600x480
VSS,met1-met2,STRIPE,via,172555,217360,174155,217840,1600,via_1600x480
VSS,met3-met4,STRIPE,via,145471,217360,147071,217840,1600,via3_1600x480
VSS,met2-met3,STRIPE,via,145471,217360,147071,217840,1600,via2_1600x480
VSS,met1-met2,STRIPE,via,145471,217360,147071,217840,1600,via_1600x480
VSS,met3-met4,STRIPE,via,117404,217360,119004,217840,1600,via3_1600x480
VSS,met2-met3,STRIPE,via,117404,217360,119004,217840,1600,via2_1600x480
VSS,met1-met2,STRIPE,via,117404,217360,119004,217840,1600,via_1600x480
VSS,met3-met4,STRIPE,via,90531,217360,92131,217840,1600,via3_1600x480
VSS,met2-met3,STRIPE,via,90531,217360,92131,217840,1600,via2_1600x480
VSS,met1-met2,STRIPE,via,90531,217360,92131,217840,1600,via_1600x480
VSS,met3-met4,STRIPE,via,64107,217360,65707,217840,1600,via3_1600x480
VSS,met2-met3,STRIPE,via,64107,217360,65707,217840,1600,via2_1600x480
VSS,met1-met2,STRIPE,via,64107,217360,65707,217840,1600,via_1600x480
VSS,met3-met4,STRIPE,via,36304,217360,37904,217840,1600,via3_1600x480
VSS,met2-met3,STRIPE,via,36304,217360,37904,217840,1600,via2_1600x480
VSS,met1-met2,STRIPE,via,36304,217360,37904,217840,1600,via_1600x480
VSS,met3-met4,STRIPE,via,253375,211920,254975,212400,1600,via3_1600x480
VSS,met2-met3,STRIPE,via,253375,211920,254975,212400,1600,via2_1600x480
VSS,met1-met2,STRIPE,via,253375,211920,254975,212400,1600,via_1600x480
VSS,met3-met4,STRIPE,via,226408,211920,228008,212400,1600,via3_1600x480
VSS,met2-met3,STRIPE,via,226408,211920,228008,212400,1600,via2_1600x480
VSS,met1-met2,STRIPE,via,226408,211920,228008,212400,1600,via_1600x480
VSS,met3-met4,STRIPE,via,199712,211920,201312,212400,1600,via3_1600x480
VSS,met2-met3,STRIPE,via,199712,211920,201312,212400,1600,via2_1600x480
VSS,met1-met2,STRIPE,via,199712,211920,201312,212400,1600,via_1600x480
VSS,met3-met4,STRIPE,via,172555,211920,174155,212400,1600,via3_1600x480
VSS,met2-met3,STRIPE,via,172555,211920,174155,212400,1600,via2_1600x480
VSS,met1-met2,STRIPE,via,172555,211920,174155,212400,1600,via_1600x480
VSS,met3-met4,STRIPE,via,145471,211920,147071,212400,1600,via3_1600x480
VSS,met2-met3,STRIPE,via,145471,211920,147071,212400,1600,via2_1600x480
VSS,met1-met2,STRIPE,via,145471,211920,147071,212400,1600,via_1600x480
VSS,met3-met4,STRIPE,via,117404,211920,119004,212400,1600,via3_1600x480
VSS,met2-met3,STRIPE,via,117404,211920,119004,212400,1600,via2_1600x480
VSS,met1-met2,STRIPE,via,117404,211920,119004,212400,1600,via_1600x480
VSS,met3-met4,STRIPE,via,90531,211920,92131,212400,1600,via3_1600x480
VSS,met2-met3,STRIPE,via,90531,211920,92131,212400,1600,via2_1600x480
VSS,met1-met2,STRIPE,via,90531,211920,92131,212400,1600,via_1600x480
VSS,met3-met4,STRIPE,via,64107,211920,65707,212400,1600,via3_1600x480
VSS,met2-met3,STRIPE,via,64107,211920,65707,212400,1600,via2_1600x480
VSS,met1-met2,STRIPE,via,64107,211920,65707,212400,1600,via_1600x480
VSS,met3-met4,STRIPE,via,36304,211920,37904,212400,1600,via3_1600x480
VSS,met2-met3,STRIPE,via,36304,211920,37904,212400,1600,via2_1600x480
VSS,met1-met2,STRIPE,via,36304,211920,37904,212400,1600,via_1600x480
VSS,met3-met4,STRIPE,via,253375,206480,254975,206960,1600,via3_1600x480
VSS,met2-met3,STRIPE,via,253375,206480,254975,206960,1600,via2_1600x480
VSS,met1-met2,STRIPE,via,253375,206480,254975,206960,1600,via_1600x480
VSS,met3-met4,STRIPE,via,226408,206480,228008,206960,1600,via3_1600x480
VSS,met2-met3,STRIPE,via,226408,206480,228008,206960,1600,via2_1600x480
VSS,met1-met2,STRIPE,via,226408,206480,228008,206960,1600,via_1600x480
VSS,met3-met4,STRIPE,via,199712,206480,201312,206960,1600,via3_1600x480
VSS,met2-met3,STRIPE,via,199712,206480,201312,206960,1600,via2_1600x480
VSS,met1-met2,STRIPE,via,199712,206480,201312,206960,1600,via_1600x480
VSS,met3-met4,STRIPE,via,172555,206480,174155,206960,1600,via3_1600x480
VSS,met2-met3,STRIPE,via,172555,206480,174155,206960,1600,via2_1600x480
VSS,met1-met2,STRIPE,via,172555,206480,174155,206960,1600,via_1600x480
VSS,met3-met4,STRIPE,via,145471,206480,147071,206960,1600,via3_1600x480
VSS,met2-met3,STRIPE,via,145471,206480,147071,206960,1600,via2_1600x480
VSS,met1-met2,STRIPE,via,145471,206480,147071,206960,1600,via_1600x480
VSS,met3-met4,STRIPE,via,117404,206480,119004,206960,1600,via3_1600x480
VSS,met2-met3,STRIPE,via,117404,206480,119004,206960,1600,via2_1600x480
VSS,met1-met2,STRIPE,via,117404,206480,119004,206960,1600,via_1600x480
VSS,met3-met4,STRIPE,via,90531,206480,92131,206960,1600,via3_1600x480
VSS,met2-met3,STRIPE,via,90531,206480,92131,206960,1600,via2_1600x480
VSS,met1-met2,STRIPE,via,90531,206480,92131,206960,1600,via_1600x480
VSS,met3-met4,STRIPE,via,64107,206480,65707,206960,1600,via3_1600x480
VSS,met2-met3,STRIPE,via,64107,206480,65707,206960,1600,via2_1600x480
VSS,met1-met2,STRIPE,via,64107,206480,65707,206960,1600,via_1600x480
VSS,met3-met4,STRIPE,via,36304,206480,37904,206960,1600,via3_1600x480
VSS,met2-met3,STRIPE,via,36304,206480,37904,206960,1600,via2_1600x480
VSS,met1-met2,STRIPE,via,36304,206480,37904,206960,1600,via_1600x480
VSS,met3-met4,STRIPE,via,253375,201040,254975,201520,1600,via3_1600x480
VSS,met2-met3,STRIPE,via,253375,201040,254975,201520,1600,via2_1600x480
VSS,met1-met2,STRIPE,via,253375,201040,254975,201520,1600,via_1600x480
VSS,met3-met4,STRIPE,via,226408,201040,228008,201520,1600,via3_1600x480
VSS,met2-met3,STRIPE,via,226408,201040,228008,201520,1600,via2_1600x480
VSS,met1-met2,STRIPE,via,226408,201040,228008,201520,1600,via_1600x480
VSS,met3-met4,STRIPE,via,199712,201040,201312,201520,1600,via3_1600x480
VSS,met2-met3,STRIPE,via,199712,201040,201312,201520,1600,via2_1600x480
VSS,met1-met2,STRIPE,via,199712,201040,201312,201520,1600,via_1600x480
VSS,met3-met4,STRIPE,via,172555,201040,174155,201520,1600,via3_1600x480
VSS,met2-met3,STRIPE,via,172555,201040,174155,201520,1600,via2_1600x480
VSS,met1-met2,STRIPE,via,172555,201040,174155,201520,1600,via_1600x480
VSS,met3-met4,STRIPE,via,145471,201040,147071,201520,1600,via3_1600x480
VSS,met2-met3,STRIPE,via,145471,201040,147071,201520,1600,via2_1600x480
VSS,met1-met2,STRIPE,via,145471,201040,147071,201520,1600,via_1600x480
VSS,met3-met4,STRIPE,via,117404,201040,119004,201520,1600,via3_1600x480
VSS,met2-met3,STRIPE,via,117404,201040,119004,201520,1600,via2_1600x480
VSS,met1-met2,STRIPE,via,117404,201040,119004,201520,1600,via_1600x480
VSS,met3-met4,STRIPE,via,90531,201040,92131,201520,1600,via3_1600x480
VSS,met2-met3,STRIPE,via,90531,201040,92131,201520,1600,via2_1600x480
VSS,met1-met2,STRIPE,via,90531,201040,92131,201520,1600,via_1600x480
VSS,met3-met4,STRIPE,via,64107,201040,65707,201520,1600,via3_1600x480
VSS,met2-met3,STRIPE,via,64107,201040,65707,201520,1600,via2_1600x480
VSS,met1-met2,STRIPE,via,64107,201040,65707,201520,1600,via_1600x480
VSS,met3-met4,STRIPE,via,36304,201040,37904,201520,1600,via3_1600x480
VSS,met2-met3,STRIPE,via,36304,201040,37904,201520,1600,via2_1600x480
VSS,met1-met2,STRIPE,via,36304,201040,37904,201520,1600,via_1600x480
VSS,met3-met4,STRIPE,via,253375,195600,254975,196080,1600,via3_1600x480
VSS,met2-met3,STRIPE,via,253375,195600,254975,196080,1600,via2_1600x480
VSS,met1-met2,STRIPE,via,253375,195600,254975,196080,1600,via_1600x480
VSS,met3-met4,STRIPE,via,226408,195600,228008,196080,1600,via3_1600x480
VSS,met2-met3,STRIPE,via,226408,195600,228008,196080,1600,via2_1600x480
VSS,met1-met2,STRIPE,via,226408,195600,228008,196080,1600,via_1600x480
VSS,met3-met4,STRIPE,via,199712,195600,201312,196080,1600,via3_1600x480
VSS,met2-met3,STRIPE,via,199712,195600,201312,196080,1600,via2_1600x480
VSS,met1-met2,STRIPE,via,199712,195600,201312,196080,1600,via_1600x480
VSS,met3-met4,STRIPE,via,172555,195600,174155,196080,1600,via3_1600x480
VSS,met2-met3,STRIPE,via,172555,195600,174155,196080,1600,via2_1600x480
VSS,met1-met2,STRIPE,via,172555,195600,174155,196080,1600,via_1600x480
VSS,met3-met4,STRIPE,via,145471,195600,147071,196080,1600,via3_1600x480
VSS,met2-met3,STRIPE,via,145471,195600,147071,196080,1600,via2_1600x480
VSS,met1-met2,STRIPE,via,145471,195600,147071,196080,1600,via_1600x480
VSS,met3-met4,STRIPE,via,117404,195600,119004,196080,1600,via3_1600x480
VSS,met2-met3,STRIPE,via,117404,195600,119004,196080,1600,via2_1600x480
VSS,met1-met2,STRIPE,via,117404,195600,119004,196080,1600,via_1600x480
VSS,met3-met4,STRIPE,via,90531,195600,92131,196080,1600,via3_1600x480
VSS,met2-met3,STRIPE,via,90531,195600,92131,196080,1600,via2_1600x480
VSS,met1-met2,STRIPE,via,90531,195600,92131,196080,1600,via_1600x480
VSS,met3-met4,STRIPE,via,64107,195600,65707,196080,1600,via3_1600x480
VSS,met2-met3,STRIPE,via,64107,195600,65707,196080,1600,via2_1600x480
VSS,met1-met2,STRIPE,via,64107,195600,65707,196080,1600,via_1600x480
VSS,met3-met4,STRIPE,via,36304,195600,37904,196080,1600,via3_1600x480
VSS,met2-met3,STRIPE,via,36304,195600,37904,196080,1600,via2_1600x480
VSS,met1-met2,STRIPE,via,36304,195600,37904,196080,1600,via_1600x480
VSS,met3-met4,STRIPE,via,253375,190160,254975,190640,1600,via3_1600x480
VSS,met2-met3,STRIPE,via,253375,190160,254975,190640,1600,via2_1600x480
VSS,met1-met2,STRIPE,via,253375,190160,254975,190640,1600,via_1600x480
VSS,met3-met4,STRIPE,via,226408,190160,228008,190640,1600,via3_1600x480
VSS,met2-met3,STRIPE,via,226408,190160,228008,190640,1600,via2_1600x480
VSS,met1-met2,STRIPE,via,226408,190160,228008,190640,1600,via_1600x480
VSS,met3-met4,STRIPE,via,199712,190160,201312,190640,1600,via3_1600x480
VSS,met2-met3,STRIPE,via,199712,190160,201312,190640,1600,via2_1600x480
VSS,met1-met2,STRIPE,via,199712,190160,201312,190640,1600,via_1600x480
VSS,met3-met4,STRIPE,via,172555,190160,174155,190640,1600,via3_1600x480
VSS,met2-met3,STRIPE,via,172555,190160,174155,190640,1600,via2_1600x480
VSS,met1-met2,STRIPE,via,172555,190160,174155,190640,1600,via_1600x480
VSS,met3-met4,STRIPE,via,145471,190160,147071,190640,1600,via3_1600x480
VSS,met2-met3,STRIPE,via,145471,190160,147071,190640,1600,via2_1600x480
VSS,met1-met2,STRIPE,via,145471,190160,147071,190640,1600,via_1600x480
VSS,met3-met4,STRIPE,via,117404,190160,119004,190640,1600,via3_1600x480
VSS,met2-met3,STRIPE,via,117404,190160,119004,190640,1600,via2_1600x480
VSS,met1-met2,STRIPE,via,117404,190160,119004,190640,1600,via_1600x480
VSS,met3-met4,STRIPE,via,90531,190160,92131,190640,1600,via3_1600x480
VSS,met2-met3,STRIPE,via,90531,190160,92131,190640,1600,via2_1600x480
VSS,met1-met2,STRIPE,via,90531,190160,92131,190640,1600,via_1600x480
VSS,met3-met4,STRIPE,via,64107,190160,65707,190640,1600,via3_1600x480
VSS,met2-met3,STRIPE,via,64107,190160,65707,190640,1600,via2_1600x480
VSS,met1-met2,STRIPE,via,64107,190160,65707,190640,1600,via_1600x480
VSS,met3-met4,STRIPE,via,36304,190160,37904,190640,1600,via3_1600x480
VSS,met2-met3,STRIPE,via,36304,190160,37904,190640,1600,via2_1600x480
VSS,met1-met2,STRIPE,via,36304,190160,37904,190640,1600,via_1600x480
VSS,met3-met4,STRIPE,via,253375,184720,254975,185200,1600,via3_1600x480
VSS,met2-met3,STRIPE,via,253375,184720,254975,185200,1600,via2_1600x480
VSS,met1-met2,STRIPE,via,253375,184720,254975,185200,1600,via_1600x480
VSS,met3-met4,STRIPE,via,226408,184720,228008,185200,1600,via3_1600x480
VSS,met2-met3,STRIPE,via,226408,184720,228008,185200,1600,via2_1600x480
VSS,met1-met2,STRIPE,via,226408,184720,228008,185200,1600,via_1600x480
VSS,met3-met4,STRIPE,via,199712,184720,201312,185200,1600,via3_1600x480
VSS,met2-met3,STRIPE,via,199712,184720,201312,185200,1600,via2_1600x480
VSS,met1-met2,STRIPE,via,199712,184720,201312,185200,1600,via_1600x480
VSS,met3-met4,STRIPE,via,172555,184720,174155,185200,1600,via3_1600x480
VSS,met2-met3,STRIPE,via,172555,184720,174155,185200,1600,via2_1600x480
VSS,met1-met2,STRIPE,via,172555,184720,174155,185200,1600,via_1600x480
VSS,met3-met4,STRIPE,via,145471,184720,147071,185200,1600,via3_1600x480
VSS,met2-met3,STRIPE,via,145471,184720,147071,185200,1600,via2_1600x480
VSS,met1-met2,STRIPE,via,145471,184720,147071,185200,1600,via_1600x480
VSS,met3-met4,STRIPE,via,117404,184720,119004,185200,1600,via3_1600x480
VSS,met2-met3,STRIPE,via,117404,184720,119004,185200,1600,via2_1600x480
VSS,met1-met2,STRIPE,via,117404,184720,119004,185200,1600,via_1600x480
VSS,met3-met4,STRIPE,via,90531,184720,92131,185200,1600,via3_1600x480
VSS,met2-met3,STRIPE,via,90531,184720,92131,185200,1600,via2_1600x480
VSS,met1-met2,STRIPE,via,90531,184720,92131,185200,1600,via_1600x480
VSS,met3-met4,STRIPE,via,64107,184720,65707,185200,1600,via3_1600x480
VSS,met2-met3,STRIPE,via,64107,184720,65707,185200,1600,via2_1600x480
VSS,met1-met2,STRIPE,via,64107,184720,65707,185200,1600,via_1600x480
VSS,met3-met4,STRIPE,via,36304,184720,37904,185200,1600,via3_1600x480
VSS,met2-met3,STRIPE,via,36304,184720,37904,185200,1600,via2_1600x480
VSS,met1-met2,STRIPE,via,36304,184720,37904,185200,1600,via_1600x480
VSS,met3-met4,STRIPE,via,253375,179280,254975,179760,1600,via3_1600x480
VSS,met2-met3,STRIPE,via,253375,179280,254975,179760,1600,via2_1600x480
VSS,met1-met2,STRIPE,via,253375,179280,254975,179760,1600,via_1600x480
VSS,met3-met4,STRIPE,via,226408,179280,228008,179760,1600,via3_1600x480
VSS,met2-met3,STRIPE,via,226408,179280,228008,179760,1600,via2_1600x480
VSS,met1-met2,STRIPE,via,226408,179280,228008,179760,1600,via_1600x480
VSS,met3-met4,STRIPE,via,199712,179280,201312,179760,1600,via3_1600x480
VSS,met2-met3,STRIPE,via,199712,179280,201312,179760,1600,via2_1600x480
VSS,met1-met2,STRIPE,via,199712,179280,201312,179760,1600,via_1600x480
VSS,met3-met4,STRIPE,via,172555,179280,174155,179760,1600,via3_1600x480
VSS,met2-met3,STRIPE,via,172555,179280,174155,179760,1600,via2_1600x480
VSS,met1-met2,STRIPE,via,172555,179280,174155,179760,1600,via_1600x480
VSS,met3-met4,STRIPE,via,145471,179280,147071,179760,1600,via3_1600x480
VSS,met2-met3,STRIPE,via,145471,179280,147071,179760,1600,via2_1600x480
VSS,met1-met2,STRIPE,via,145471,179280,147071,179760,1600,via_1600x480
VSS,met3-met4,STRIPE,via,117404,179280,119004,179760,1600,via3_1600x480
VSS,met2-met3,STRIPE,via,117404,179280,119004,179760,1600,via2_1600x480
VSS,met1-met2,STRIPE,via,117404,179280,119004,179760,1600,via_1600x480
VSS,met3-met4,STRIPE,via,90531,179280,92131,179760,1600,via3_1600x480
VSS,met2-met3,STRIPE,via,90531,179280,92131,179760,1600,via2_1600x480
VSS,met1-met2,STRIPE,via,90531,179280,92131,179760,1600,via_1600x480
VSS,met3-met4,STRIPE,via,64107,179280,65707,179760,1600,via3_1600x480
VSS,met2-met3,STRIPE,via,64107,179280,65707,179760,1600,via2_1600x480
VSS,met1-met2,STRIPE,via,64107,179280,65707,179760,1600,via_1600x480
VSS,met3-met4,STRIPE,via,36304,179280,37904,179760,1600,via3_1600x480
VSS,met2-met3,STRIPE,via,36304,179280,37904,179760,1600,via2_1600x480
VSS,met1-met2,STRIPE,via,36304,179280,37904,179760,1600,via_1600x480
VSS,met3-met4,STRIPE,via,253375,173840,254975,174320,1600,via3_1600x480
VSS,met2-met3,STRIPE,via,253375,173840,254975,174320,1600,via2_1600x480
VSS,met1-met2,STRIPE,via,253375,173840,254975,174320,1600,via_1600x480
VSS,met3-met4,STRIPE,via,226408,173840,228008,174320,1600,via3_1600x480
VSS,met2-met3,STRIPE,via,226408,173840,228008,174320,1600,via2_1600x480
VSS,met1-met2,STRIPE,via,226408,173840,228008,174320,1600,via_1600x480
VSS,met3-met4,STRIPE,via,199712,173840,201312,174320,1600,via3_1600x480
VSS,met2-met3,STRIPE,via,199712,173840,201312,174320,1600,via2_1600x480
VSS,met1-met2,STRIPE,via,199712,173840,201312,174320,1600,via_1600x480
VSS,met3-met4,STRIPE,via,172555,173840,174155,174320,1600,via3_1600x480
VSS,met2-met3,STRIPE,via,172555,173840,174155,174320,1600,via2_1600x480
VSS,met1-met2,STRIPE,via,172555,173840,174155,174320,1600,via_1600x480
VSS,met3-met4,STRIPE,via,145471,173840,147071,174320,1600,via3_1600x480
VSS,met2-met3,STRIPE,via,145471,173840,147071,174320,1600,via2_1600x480
VSS,met1-met2,STRIPE,via,145471,173840,147071,174320,1600,via_1600x480
VSS,met3-met4,STRIPE,via,117404,173840,119004,174320,1600,via3_1600x480
VSS,met2-met3,STRIPE,via,117404,173840,119004,174320,1600,via2_1600x480
VSS,met1-met2,STRIPE,via,117404,173840,119004,174320,1600,via_1600x480
VSS,met3-met4,STRIPE,via,90531,173840,92131,174320,1600,via3_1600x480
VSS,met2-met3,STRIPE,via,90531,173840,92131,174320,1600,via2_1600x480
VSS,met1-met2,STRIPE,via,90531,173840,92131,174320,1600,via_1600x480
VSS,met3-met4,STRIPE,via,64107,173840,65707,174320,1600,via3_1600x480
VSS,met2-met3,STRIPE,via,64107,173840,65707,174320,1600,via2_1600x480
VSS,met1-met2,STRIPE,via,64107,173840,65707,174320,1600,via_1600x480
VSS,met3-met4,STRIPE,via,36304,173840,37904,174320,1600,via3_1600x480
VSS,met2-met3,STRIPE,via,36304,173840,37904,174320,1600,via2_1600x480
VSS,met1-met2,STRIPE,via,36304,173840,37904,174320,1600,via_1600x480
VSS,met3-met4,STRIPE,via,253375,168400,254975,168880,1600,via3_1600x480
VSS,met2-met3,STRIPE,via,253375,168400,254975,168880,1600,via2_1600x480
VSS,met1-met2,STRIPE,via,253375,168400,254975,168880,1600,via_1600x480
VSS,met3-met4,STRIPE,via,226408,168400,228008,168880,1600,via3_1600x480
VSS,met2-met3,STRIPE,via,226408,168400,228008,168880,1600,via2_1600x480
VSS,met1-met2,STRIPE,via,226408,168400,228008,168880,1600,via_1600x480
VSS,met3-met4,STRIPE,via,199712,168400,201312,168880,1600,via3_1600x480
VSS,met2-met3,STRIPE,via,199712,168400,201312,168880,1600,via2_1600x480
VSS,met1-met2,STRIPE,via,199712,168400,201312,168880,1600,via_1600x480
VSS,met3-met4,STRIPE,via,172555,168400,174155,168880,1600,via3_1600x480
VSS,met2-met3,STRIPE,via,172555,168400,174155,168880,1600,via2_1600x480
VSS,met1-met2,STRIPE,via,172555,168400,174155,168880,1600,via_1600x480
VSS,met3-met4,STRIPE,via,145471,168400,147071,168880,1600,via3_1600x480
VSS,met2-met3,STRIPE,via,145471,168400,147071,168880,1600,via2_1600x480
VSS,met1-met2,STRIPE,via,145471,168400,147071,168880,1600,via_1600x480
VSS,met3-met4,STRIPE,via,117404,168400,119004,168880,1600,via3_1600x480
VSS,met2-met3,STRIPE,via,117404,168400,119004,168880,1600,via2_1600x480
VSS,met1-met2,STRIPE,via,117404,168400,119004,168880,1600,via_1600x480
VSS,met3-met4,STRIPE,via,90531,168400,92131,168880,1600,via3_1600x480
VSS,met2-met3,STRIPE,via,90531,168400,92131,168880,1600,via2_1600x480
VSS,met1-met2,STRIPE,via,90531,168400,92131,168880,1600,via_1600x480
VSS,met3-met4,STRIPE,via,64107,168400,65707,168880,1600,via3_1600x480
VSS,met2-met3,STRIPE,via,64107,168400,65707,168880,1600,via2_1600x480
VSS,met1-met2,STRIPE,via,64107,168400,65707,168880,1600,via_1600x480
VSS,met3-met4,STRIPE,via,36304,168400,37904,168880,1600,via3_1600x480
VSS,met2-met3,STRIPE,via,36304,168400,37904,168880,1600,via2_1600x480
VSS,met1-met2,STRIPE,via,36304,168400,37904,168880,1600,via_1600x480
VSS,met3-met4,STRIPE,via,253375,162960,254975,163440,1600,via3_1600x480
VSS,met2-met3,STRIPE,via,253375,162960,254975,163440,1600,via2_1600x480
VSS,met1-met2,STRIPE,via,253375,162960,254975,163440,1600,via_1600x480
VSS,met3-met4,STRIPE,via,226408,162960,228008,163440,1600,via3_1600x480
VSS,met2-met3,STRIPE,via,226408,162960,228008,163440,1600,via2_1600x480
VSS,met1-met2,STRIPE,via,226408,162960,228008,163440,1600,via_1600x480
VSS,met3-met4,STRIPE,via,199712,162960,201312,163440,1600,via3_1600x480
VSS,met2-met3,STRIPE,via,199712,162960,201312,163440,1600,via2_1600x480
VSS,met1-met2,STRIPE,via,199712,162960,201312,163440,1600,via_1600x480
VSS,met3-met4,STRIPE,via,172555,162960,174155,163440,1600,via3_1600x480
VSS,met2-met3,STRIPE,via,172555,162960,174155,163440,1600,via2_1600x480
VSS,met1-met2,STRIPE,via,172555,162960,174155,163440,1600,via_1600x480
VSS,met3-met4,STRIPE,via,145471,162960,147071,163440,1600,via3_1600x480
VSS,met2-met3,STRIPE,via,145471,162960,147071,163440,1600,via2_1600x480
VSS,met1-met2,STRIPE,via,145471,162960,147071,163440,1600,via_1600x480
VSS,met3-met4,STRIPE,via,117404,162960,119004,163440,1600,via3_1600x480
VSS,met2-met3,STRIPE,via,117404,162960,119004,163440,1600,via2_1600x480
VSS,met1-met2,STRIPE,via,117404,162960,119004,163440,1600,via_1600x480
VSS,met3-met4,STRIPE,via,90531,162960,92131,163440,1600,via3_1600x480
VSS,met2-met3,STRIPE,via,90531,162960,92131,163440,1600,via2_1600x480
VSS,met1-met2,STRIPE,via,90531,162960,92131,163440,1600,via_1600x480
VSS,met3-met4,STRIPE,via,64107,162960,65707,163440,1600,via3_1600x480
VSS,met2-met3,STRIPE,via,64107,162960,65707,163440,1600,via2_1600x480
VSS,met1-met2,STRIPE,via,64107,162960,65707,163440,1600,via_1600x480
VSS,met3-met4,STRIPE,via,36304,162960,37904,163440,1600,via3_1600x480
VSS,met2-met3,STRIPE,via,36304,162960,37904,163440,1600,via2_1600x480
VSS,met1-met2,STRIPE,via,36304,162960,37904,163440,1600,via_1600x480
VSS,met3-met4,STRIPE,via,253375,157520,254975,158000,1600,via3_1600x480
VSS,met2-met3,STRIPE,via,253375,157520,254975,158000,1600,via2_1600x480
VSS,met1-met2,STRIPE,via,253375,157520,254975,158000,1600,via_1600x480
VSS,met3-met4,STRIPE,via,226408,157520,228008,158000,1600,via3_1600x480
VSS,met2-met3,STRIPE,via,226408,157520,228008,158000,1600,via2_1600x480
VSS,met1-met2,STRIPE,via,226408,157520,228008,158000,1600,via_1600x480
VSS,met3-met4,STRIPE,via,199712,157520,201312,158000,1600,via3_1600x480
VSS,met2-met3,STRIPE,via,199712,157520,201312,158000,1600,via2_1600x480
VSS,met1-met2,STRIPE,via,199712,157520,201312,158000,1600,via_1600x480
VSS,met3-met4,STRIPE,via,172555,157520,174155,158000,1600,via3_1600x480
VSS,met2-met3,STRIPE,via,172555,157520,174155,158000,1600,via2_1600x480
VSS,met1-met2,STRIPE,via,172555,157520,174155,158000,1600,via_1600x480
VSS,met3-met4,STRIPE,via,145471,157520,147071,158000,1600,via3_1600x480
VSS,met2-met3,STRIPE,via,145471,157520,147071,158000,1600,via2_1600x480
VSS,met1-met2,STRIPE,via,145471,157520,147071,158000,1600,via_1600x480
VSS,met3-met4,STRIPE,via,117404,157520,119004,158000,1600,via3_1600x480
VSS,met2-met3,STRIPE,via,117404,157520,119004,158000,1600,via2_1600x480
VSS,met1-met2,STRIPE,via,117404,157520,119004,158000,1600,via_1600x480
VSS,met3-met4,STRIPE,via,90531,157520,92131,158000,1600,via3_1600x480
VSS,met2-met3,STRIPE,via,90531,157520,92131,158000,1600,via2_1600x480
VSS,met1-met2,STRIPE,via,90531,157520,92131,158000,1600,via_1600x480
VSS,met3-met4,STRIPE,via,64107,157520,65707,158000,1600,via3_1600x480
VSS,met2-met3,STRIPE,via,64107,157520,65707,158000,1600,via2_1600x480
VSS,met1-met2,STRIPE,via,64107,157520,65707,158000,1600,via_1600x480
VSS,met3-met4,STRIPE,via,36304,157520,37904,158000,1600,via3_1600x480
VSS,met2-met3,STRIPE,via,36304,157520,37904,158000,1600,via2_1600x480
VSS,met1-met2,STRIPE,via,36304,157520,37904,158000,1600,via_1600x480
VSS,met3-met4,STRIPE,via,253375,152080,254975,152560,1600,via3_1600x480
VSS,met2-met3,STRIPE,via,253375,152080,254975,152560,1600,via2_1600x480
VSS,met1-met2,STRIPE,via,253375,152080,254975,152560,1600,via_1600x480
VSS,met3-met4,STRIPE,via,226408,152080,228008,152560,1600,via3_1600x480
VSS,met2-met3,STRIPE,via,226408,152080,228008,152560,1600,via2_1600x480
VSS,met1-met2,STRIPE,via,226408,152080,228008,152560,1600,via_1600x480
VSS,met3-met4,STRIPE,via,199712,152080,201312,152560,1600,via3_1600x480
VSS,met2-met3,STRIPE,via,199712,152080,201312,152560,1600,via2_1600x480
VSS,met1-met2,STRIPE,via,199712,152080,201312,152560,1600,via_1600x480
VSS,met3-met4,STRIPE,via,172555,152080,174155,152560,1600,via3_1600x480
VSS,met2-met3,STRIPE,via,172555,152080,174155,152560,1600,via2_1600x480
VSS,met1-met2,STRIPE,via,172555,152080,174155,152560,1600,via_1600x480
VSS,met3-met4,STRIPE,via,145471,152080,147071,152560,1600,via3_1600x480
VSS,met2-met3,STRIPE,via,145471,152080,147071,152560,1600,via2_1600x480
VSS,met1-met2,STRIPE,via,145471,152080,147071,152560,1600,via_1600x480
VSS,met3-met4,STRIPE,via,117404,152080,119004,152560,1600,via3_1600x480
VSS,met2-met3,STRIPE,via,117404,152080,119004,152560,1600,via2_1600x480
VSS,met1-met2,STRIPE,via,117404,152080,119004,152560,1600,via_1600x480
VSS,met3-met4,STRIPE,via,90531,152080,92131,152560,1600,via3_1600x480
VSS,met2-met3,STRIPE,via,90531,152080,92131,152560,1600,via2_1600x480
VSS,met1-met2,STRIPE,via,90531,152080,92131,152560,1600,via_1600x480
VSS,met3-met4,STRIPE,via,64107,152080,65707,152560,1600,via3_1600x480
VSS,met2-met3,STRIPE,via,64107,152080,65707,152560,1600,via2_1600x480
VSS,met1-met2,STRIPE,via,64107,152080,65707,152560,1600,via_1600x480
VSS,met3-met4,STRIPE,via,36304,152080,37904,152560,1600,via3_1600x480
VSS,met2-met3,STRIPE,via,36304,152080,37904,152560,1600,via2_1600x480
VSS,met1-met2,STRIPE,via,36304,152080,37904,152560,1600,via_1600x480
VSS,met3-met4,STRIPE,via,253375,146640,254975,147120,1600,via3_1600x480
VSS,met2-met3,STRIPE,via,253375,146640,254975,147120,1600,via2_1600x480
VSS,met1-met2,STRIPE,via,253375,146640,254975,147120,1600,via_1600x480
VSS,met3-met4,STRIPE,via,226408,146640,228008,147120,1600,via3_1600x480
VSS,met2-met3,STRIPE,via,226408,146640,228008,147120,1600,via2_1600x480
VSS,met1-met2,STRIPE,via,226408,146640,228008,147120,1600,via_1600x480
VSS,met3-met4,STRIPE,via,199712,146640,201312,147120,1600,via3_1600x480
VSS,met2-met3,STRIPE,via,199712,146640,201312,147120,1600,via2_1600x480
VSS,met1-met2,STRIPE,via,199712,146640,201312,147120,1600,via_1600x480
VSS,met3-met4,STRIPE,via,172555,146640,174155,147120,1600,via3_1600x480
VSS,met2-met3,STRIPE,via,172555,146640,174155,147120,1600,via2_1600x480
VSS,met1-met2,STRIPE,via,172555,146640,174155,147120,1600,via_1600x480
VSS,met3-met4,STRIPE,via,145471,146640,147071,147120,1600,via3_1600x480
VSS,met2-met3,STRIPE,via,145471,146640,147071,147120,1600,via2_1600x480
VSS,met1-met2,STRIPE,via,145471,146640,147071,147120,1600,via_1600x480
VSS,met3-met4,STRIPE,via,117404,146640,119004,147120,1600,via3_1600x480
VSS,met2-met3,STRIPE,via,117404,146640,119004,147120,1600,via2_1600x480
VSS,met1-met2,STRIPE,via,117404,146640,119004,147120,1600,via_1600x480
VSS,met3-met4,STRIPE,via,90531,146640,92131,147120,1600,via3_1600x480
VSS,met2-met3,STRIPE,via,90531,146640,92131,147120,1600,via2_1600x480
VSS,met1-met2,STRIPE,via,90531,146640,92131,147120,1600,via_1600x480
VSS,met3-met4,STRIPE,via,64107,146640,65707,147120,1600,via3_1600x480
VSS,met2-met3,STRIPE,via,64107,146640,65707,147120,1600,via2_1600x480
VSS,met1-met2,STRIPE,via,64107,146640,65707,147120,1600,via_1600x480
VSS,met3-met4,STRIPE,via,36304,146640,37904,147120,1600,via3_1600x480
VSS,met2-met3,STRIPE,via,36304,146640,37904,147120,1600,via2_1600x480
VSS,met1-met2,STRIPE,via,36304,146640,37904,147120,1600,via_1600x480
VSS,met3-met4,STRIPE,via,253375,141200,254975,141680,1600,via3_1600x480
VSS,met2-met3,STRIPE,via,253375,141200,254975,141680,1600,via2_1600x480
VSS,met1-met2,STRIPE,via,253375,141200,254975,141680,1600,via_1600x480
VSS,met3-met4,STRIPE,via,226408,141200,228008,141680,1600,via3_1600x480
VSS,met2-met3,STRIPE,via,226408,141200,228008,141680,1600,via2_1600x480
VSS,met1-met2,STRIPE,via,226408,141200,228008,141680,1600,via_1600x480
VSS,met3-met4,STRIPE,via,199712,141200,201312,141680,1600,via3_1600x480
VSS,met2-met3,STRIPE,via,199712,141200,201312,141680,1600,via2_1600x480
VSS,met1-met2,STRIPE,via,199712,141200,201312,141680,1600,via_1600x480
VSS,met3-met4,STRIPE,via,172555,141200,174155,141680,1600,via3_1600x480
VSS,met2-met3,STRIPE,via,172555,141200,174155,141680,1600,via2_1600x480
VSS,met1-met2,STRIPE,via,172555,141200,174155,141680,1600,via_1600x480
VSS,met3-met4,STRIPE,via,145471,141200,147071,141680,1600,via3_1600x480
VSS,met2-met3,STRIPE,via,145471,141200,147071,141680,1600,via2_1600x480
VSS,met1-met2,STRIPE,via,145471,141200,147071,141680,1600,via_1600x480
VSS,met3-met4,STRIPE,via,117404,141200,119004,141680,1600,via3_1600x480
VSS,met2-met3,STRIPE,via,117404,141200,119004,141680,1600,via2_1600x480
VSS,met1-met2,STRIPE,via,117404,141200,119004,141680,1600,via_1600x480
VSS,met3-met4,STRIPE,via,90531,141200,92131,141680,1600,via3_1600x480
VSS,met2-met3,STRIPE,via,90531,141200,92131,141680,1600,via2_1600x480
VSS,met1-met2,STRIPE,via,90531,141200,92131,141680,1600,via_1600x480
VSS,met3-met4,STRIPE,via,64107,141200,65707,141680,1600,via3_1600x480
VSS,met2-met3,STRIPE,via,64107,141200,65707,141680,1600,via2_1600x480
VSS,met1-met2,STRIPE,via,64107,141200,65707,141680,1600,via_1600x480
VSS,met3-met4,STRIPE,via,36304,141200,37904,141680,1600,via3_1600x480
VSS,met2-met3,STRIPE,via,36304,141200,37904,141680,1600,via2_1600x480
VSS,met1-met2,STRIPE,via,36304,141200,37904,141680,1600,via_1600x480
VSS,met3-met4,STRIPE,via,253375,135760,254975,136240,1600,via3_1600x480
VSS,met2-met3,STRIPE,via,253375,135760,254975,136240,1600,via2_1600x480
VSS,met1-met2,STRIPE,via,253375,135760,254975,136240,1600,via_1600x480
VSS,met3-met4,STRIPE,via,226408,135760,228008,136240,1600,via3_1600x480
VSS,met2-met3,STRIPE,via,226408,135760,228008,136240,1600,via2_1600x480
VSS,met1-met2,STRIPE,via,226408,135760,228008,136240,1600,via_1600x480
VSS,met3-met4,STRIPE,via,199712,135760,201312,136240,1600,via3_1600x480
VSS,met2-met3,STRIPE,via,199712,135760,201312,136240,1600,via2_1600x480
VSS,met1-met2,STRIPE,via,199712,135760,201312,136240,1600,via_1600x480
VSS,met3-met4,STRIPE,via,172555,135760,174155,136240,1600,via3_1600x480
VSS,met2-met3,STRIPE,via,172555,135760,174155,136240,1600,via2_1600x480
VSS,met1-met2,STRIPE,via,172555,135760,174155,136240,1600,via_1600x480
VSS,met3-met4,STRIPE,via,145471,135760,147071,136240,1600,via3_1600x480
VSS,met2-met3,STRIPE,via,145471,135760,147071,136240,1600,via2_1600x480
VSS,met1-met2,STRIPE,via,145471,135760,147071,136240,1600,via_1600x480
VSS,met3-met4,STRIPE,via,117404,135760,119004,136240,1600,via3_1600x480
VSS,met2-met3,STRIPE,via,117404,135760,119004,136240,1600,via2_1600x480
VSS,met1-met2,STRIPE,via,117404,135760,119004,136240,1600,via_1600x480
VSS,met3-met4,STRIPE,via,90531,135760,92131,136240,1600,via3_1600x480
VSS,met2-met3,STRIPE,via,90531,135760,92131,136240,1600,via2_1600x480
VSS,met1-met2,STRIPE,via,90531,135760,92131,136240,1600,via_1600x480
VSS,met3-met4,STRIPE,via,64107,135760,65707,136240,1600,via3_1600x480
VSS,met2-met3,STRIPE,via,64107,135760,65707,136240,1600,via2_1600x480
VSS,met1-met2,STRIPE,via,64107,135760,65707,136240,1600,via_1600x480
VSS,met3-met4,STRIPE,via,36304,135760,37904,136240,1600,via3_1600x480
VSS,met2-met3,STRIPE,via,36304,135760,37904,136240,1600,via2_1600x480
VSS,met1-met2,STRIPE,via,36304,135760,37904,136240,1600,via_1600x480
VSS,met3-met4,STRIPE,via,253375,130320,254975,130800,1600,via3_1600x480
VSS,met2-met3,STRIPE,via,253375,130320,254975,130800,1600,via2_1600x480
VSS,met1-met2,STRIPE,via,253375,130320,254975,130800,1600,via_1600x480
VSS,met3-met4,STRIPE,via,226408,130320,228008,130800,1600,via3_1600x480
VSS,met2-met3,STRIPE,via,226408,130320,228008,130800,1600,via2_1600x480
VSS,met1-met2,STRIPE,via,226408,130320,228008,130800,1600,via_1600x480
VSS,met3-met4,STRIPE,via,199712,130320,201312,130800,1600,via3_1600x480
VSS,met2-met3,STRIPE,via,199712,130320,201312,130800,1600,via2_1600x480
VSS,met1-met2,STRIPE,via,199712,130320,201312,130800,1600,via_1600x480
VSS,met3-met4,STRIPE,via,172555,130320,174155,130800,1600,via3_1600x480
VSS,met2-met3,STRIPE,via,172555,130320,174155,130800,1600,via2_1600x480
VSS,met1-met2,STRIPE,via,172555,130320,174155,130800,1600,via_1600x480
VSS,met3-met4,STRIPE,via,145471,130320,147071,130800,1600,via3_1600x480
VSS,met2-met3,STRIPE,via,145471,130320,147071,130800,1600,via2_1600x480
VSS,met1-met2,STRIPE,via,145471,130320,147071,130800,1600,via_1600x480
VSS,met3-met4,STRIPE,via,117404,130320,119004,130800,1600,via3_1600x480
VSS,met2-met3,STRIPE,via,117404,130320,119004,130800,1600,via2_1600x480
VSS,met1-met2,STRIPE,via,117404,130320,119004,130800,1600,via_1600x480
VSS,met3-met4,STRIPE,via,90531,130320,92131,130800,1600,via3_1600x480
VSS,met2-met3,STRIPE,via,90531,130320,92131,130800,1600,via2_1600x480
VSS,met1-met2,STRIPE,via,90531,130320,92131,130800,1600,via_1600x480
VSS,met3-met4,STRIPE,via,64107,130320,65707,130800,1600,via3_1600x480
VSS,met2-met3,STRIPE,via,64107,130320,65707,130800,1600,via2_1600x480
VSS,met1-met2,STRIPE,via,64107,130320,65707,130800,1600,via_1600x480
VSS,met3-met4,STRIPE,via,36304,130320,37904,130800,1600,via3_1600x480
VSS,met2-met3,STRIPE,via,36304,130320,37904,130800,1600,via2_1600x480
VSS,met1-met2,STRIPE,via,36304,130320,37904,130800,1600,via_1600x480
VSS,met3-met4,STRIPE,via,253375,124880,254975,125360,1600,via3_1600x480
VSS,met2-met3,STRIPE,via,253375,124880,254975,125360,1600,via2_1600x480
VSS,met1-met2,STRIPE,via,253375,124880,254975,125360,1600,via_1600x480
VSS,met3-met4,STRIPE,via,226408,124880,228008,125360,1600,via3_1600x480
VSS,met2-met3,STRIPE,via,226408,124880,228008,125360,1600,via2_1600x480
VSS,met1-met2,STRIPE,via,226408,124880,228008,125360,1600,via_1600x480
VSS,met3-met4,STRIPE,via,199712,124880,201312,125360,1600,via3_1600x480
VSS,met2-met3,STRIPE,via,199712,124880,201312,125360,1600,via2_1600x480
VSS,met1-met2,STRIPE,via,199712,124880,201312,125360,1600,via_1600x480
VSS,met3-met4,STRIPE,via,172555,124880,174155,125360,1600,via3_1600x480
VSS,met2-met3,STRIPE,via,172555,124880,174155,125360,1600,via2_1600x480
VSS,met1-met2,STRIPE,via,172555,124880,174155,125360,1600,via_1600x480
VSS,met3-met4,STRIPE,via,145471,124880,147071,125360,1600,via3_1600x480
VSS,met2-met3,STRIPE,via,145471,124880,147071,125360,1600,via2_1600x480
VSS,met1-met2,STRIPE,via,145471,124880,147071,125360,1600,via_1600x480
VSS,met3-met4,STRIPE,via,117404,124880,119004,125360,1600,via3_1600x480
VSS,met2-met3,STRIPE,via,117404,124880,119004,125360,1600,via2_1600x480
VSS,met1-met2,STRIPE,via,117404,124880,119004,125360,1600,via_1600x480
VSS,met3-met4,STRIPE,via,90531,124880,92131,125360,1600,via3_1600x480
VSS,met2-met3,STRIPE,via,90531,124880,92131,125360,1600,via2_1600x480
VSS,met1-met2,STRIPE,via,90531,124880,92131,125360,1600,via_1600x480
VSS,met3-met4,STRIPE,via,64107,124880,65707,125360,1600,via3_1600x480
VSS,met2-met3,STRIPE,via,64107,124880,65707,125360,1600,via2_1600x480
VSS,met1-met2,STRIPE,via,64107,124880,65707,125360,1600,via_1600x480
VSS,met3-met4,STRIPE,via,36304,124880,37904,125360,1600,via3_1600x480
VSS,met2-met3,STRIPE,via,36304,124880,37904,125360,1600,via2_1600x480
VSS,met1-met2,STRIPE,via,36304,124880,37904,125360,1600,via_1600x480
VSS,met3-met4,STRIPE,via,253375,119440,254975,119920,1600,via3_1600x480
VSS,met2-met3,STRIPE,via,253375,119440,254975,119920,1600,via2_1600x480
VSS,met1-met2,STRIPE,via,253375,119440,254975,119920,1600,via_1600x480
VSS,met3-met4,STRIPE,via,226408,119440,228008,119920,1600,via3_1600x480
VSS,met2-met3,STRIPE,via,226408,119440,228008,119920,1600,via2_1600x480
VSS,met1-met2,STRIPE,via,226408,119440,228008,119920,1600,via_1600x480
VSS,met3-met4,STRIPE,via,199712,119440,201312,119920,1600,via3_1600x480
VSS,met2-met3,STRIPE,via,199712,119440,201312,119920,1600,via2_1600x480
VSS,met1-met2,STRIPE,via,199712,119440,201312,119920,1600,via_1600x480
VSS,met3-met4,STRIPE,via,172555,119440,174155,119920,1600,via3_1600x480
VSS,met2-met3,STRIPE,via,172555,119440,174155,119920,1600,via2_1600x480
VSS,met1-met2,STRIPE,via,172555,119440,174155,119920,1600,via_1600x480
VSS,met3-met4,STRIPE,via,145471,119440,147071,119920,1600,via3_1600x480
VSS,met2-met3,STRIPE,via,145471,119440,147071,119920,1600,via2_1600x480
VSS,met1-met2,STRIPE,via,145471,119440,147071,119920,1600,via_1600x480
VSS,met3-met4,STRIPE,via,117404,119440,119004,119920,1600,via3_1600x480
VSS,met2-met3,STRIPE,via,117404,119440,119004,119920,1600,via2_1600x480
VSS,met1-met2,STRIPE,via,117404,119440,119004,119920,1600,via_1600x480
VSS,met3-met4,STRIPE,via,90531,119440,92131,119920,1600,via3_1600x480
VSS,met2-met3,STRIPE,via,90531,119440,92131,119920,1600,via2_1600x480
VSS,met1-met2,STRIPE,via,90531,119440,92131,119920,1600,via_1600x480
VSS,met3-met4,STRIPE,via,64107,119440,65707,119920,1600,via3_1600x480
VSS,met2-met3,STRIPE,via,64107,119440,65707,119920,1600,via2_1600x480
VSS,met1-met2,STRIPE,via,64107,119440,65707,119920,1600,via_1600x480
VSS,met3-met4,STRIPE,via,36304,119440,37904,119920,1600,via3_1600x480
VSS,met2-met3,STRIPE,via,36304,119440,37904,119920,1600,via2_1600x480
VSS,met1-met2,STRIPE,via,36304,119440,37904,119920,1600,via_1600x480
VSS,met3-met4,STRIPE,via,253375,114000,254975,114480,1600,via3_1600x480
VSS,met2-met3,STRIPE,via,253375,114000,254975,114480,1600,via2_1600x480
VSS,met1-met2,STRIPE,via,253375,114000,254975,114480,1600,via_1600x480
VSS,met3-met4,STRIPE,via,226408,114000,228008,114480,1600,via3_1600x480
VSS,met2-met3,STRIPE,via,226408,114000,228008,114480,1600,via2_1600x480
VSS,met1-met2,STRIPE,via,226408,114000,228008,114480,1600,via_1600x480
VSS,met3-met4,STRIPE,via,199712,114000,201312,114480,1600,via3_1600x480
VSS,met2-met3,STRIPE,via,199712,114000,201312,114480,1600,via2_1600x480
VSS,met1-met2,STRIPE,via,199712,114000,201312,114480,1600,via_1600x480
VSS,met3-met4,STRIPE,via,172555,114000,174155,114480,1600,via3_1600x480
VSS,met2-met3,STRIPE,via,172555,114000,174155,114480,1600,via2_1600x480
VSS,met1-met2,STRIPE,via,172555,114000,174155,114480,1600,via_1600x480
VSS,met3-met4,STRIPE,via,145471,114000,147071,114480,1600,via3_1600x480
VSS,met2-met3,STRIPE,via,145471,114000,147071,114480,1600,via2_1600x480
VSS,met1-met2,STRIPE,via,145471,114000,147071,114480,1600,via_1600x480
VSS,met3-met4,STRIPE,via,117404,114000,119004,114480,1600,via3_1600x480
VSS,met2-met3,STRIPE,via,117404,114000,119004,114480,1600,via2_1600x480
VSS,met1-met2,STRIPE,via,117404,114000,119004,114480,1600,via_1600x480
VSS,met3-met4,STRIPE,via,90531,114000,92131,114480,1600,via3_1600x480
VSS,met2-met3,STRIPE,via,90531,114000,92131,114480,1600,via2_1600x480
VSS,met1-met2,STRIPE,via,90531,114000,92131,114480,1600,via_1600x480
VSS,met3-met4,STRIPE,via,64107,114000,65707,114480,1600,via3_1600x480
VSS,met2-met3,STRIPE,via,64107,114000,65707,114480,1600,via2_1600x480
VSS,met1-met2,STRIPE,via,64107,114000,65707,114480,1600,via_1600x480
VSS,met3-met4,STRIPE,via,36304,114000,37904,114480,1600,via3_1600x480
VSS,met2-met3,STRIPE,via,36304,114000,37904,114480,1600,via2_1600x480
VSS,met1-met2,STRIPE,via,36304,114000,37904,114480,1600,via_1600x480
VSS,met3-met4,STRIPE,via,253375,108560,254975,109040,1600,via3_1600x480
VSS,met2-met3,STRIPE,via,253375,108560,254975,109040,1600,via2_1600x480
VSS,met1-met2,STRIPE,via,253375,108560,254975,109040,1600,via_1600x480
VSS,met3-met4,STRIPE,via,226408,108560,228008,109040,1600,via3_1600x480
VSS,met2-met3,STRIPE,via,226408,108560,228008,109040,1600,via2_1600x480
VSS,met1-met2,STRIPE,via,226408,108560,228008,109040,1600,via_1600x480
VSS,met3-met4,STRIPE,via,199712,108560,201312,109040,1600,via3_1600x480
VSS,met2-met3,STRIPE,via,199712,108560,201312,109040,1600,via2_1600x480
VSS,met1-met2,STRIPE,via,199712,108560,201312,109040,1600,via_1600x480
VSS,met3-met4,STRIPE,via,172555,108560,174155,109040,1600,via3_1600x480
VSS,met2-met3,STRIPE,via,172555,108560,174155,109040,1600,via2_1600x480
VSS,met1-met2,STRIPE,via,172555,108560,174155,109040,1600,via_1600x480
VSS,met3-met4,STRIPE,via,145471,108560,147071,109040,1600,via3_1600x480
VSS,met2-met3,STRIPE,via,145471,108560,147071,109040,1600,via2_1600x480
VSS,met1-met2,STRIPE,via,145471,108560,147071,109040,1600,via_1600x480
VSS,met3-met4,STRIPE,via,117404,108560,119004,109040,1600,via3_1600x480
VSS,met2-met3,STRIPE,via,117404,108560,119004,109040,1600,via2_1600x480
VSS,met1-met2,STRIPE,via,117404,108560,119004,109040,1600,via_1600x480
VSS,met3-met4,STRIPE,via,90531,108560,92131,109040,1600,via3_1600x480
VSS,met2-met3,STRIPE,via,90531,108560,92131,109040,1600,via2_1600x480
VSS,met1-met2,STRIPE,via,90531,108560,92131,109040,1600,via_1600x480
VSS,met3-met4,STRIPE,via,64107,108560,65707,109040,1600,via3_1600x480
VSS,met2-met3,STRIPE,via,64107,108560,65707,109040,1600,via2_1600x480
VSS,met1-met2,STRIPE,via,64107,108560,65707,109040,1600,via_1600x480
VSS,met3-met4,STRIPE,via,36304,108560,37904,109040,1600,via3_1600x480
VSS,met2-met3,STRIPE,via,36304,108560,37904,109040,1600,via2_1600x480
VSS,met1-met2,STRIPE,via,36304,108560,37904,109040,1600,via_1600x480
VSS,met3-met4,STRIPE,via,253375,103120,254975,103600,1600,via3_1600x480
VSS,met2-met3,STRIPE,via,253375,103120,254975,103600,1600,via2_1600x480
VSS,met1-met2,STRIPE,via,253375,103120,254975,103600,1600,via_1600x480
VSS,met3-met4,STRIPE,via,226408,103120,228008,103600,1600,via3_1600x480
VSS,met2-met3,STRIPE,via,226408,103120,228008,103600,1600,via2_1600x480
VSS,met1-met2,STRIPE,via,226408,103120,228008,103600,1600,via_1600x480
VSS,met3-met4,STRIPE,via,199712,103120,201312,103600,1600,via3_1600x480
VSS,met2-met3,STRIPE,via,199712,103120,201312,103600,1600,via2_1600x480
VSS,met1-met2,STRIPE,via,199712,103120,201312,103600,1600,via_1600x480
VSS,met3-met4,STRIPE,via,172555,103120,174155,103600,1600,via3_1600x480
VSS,met2-met3,STRIPE,via,172555,103120,174155,103600,1600,via2_1600x480
VSS,met1-met2,STRIPE,via,172555,103120,174155,103600,1600,via_1600x480
VSS,met3-met4,STRIPE,via,145471,103120,147071,103600,1600,via3_1600x480
VSS,met2-met3,STRIPE,via,145471,103120,147071,103600,1600,via2_1600x480
VSS,met1-met2,STRIPE,via,145471,103120,147071,103600,1600,via_1600x480
VSS,met3-met4,STRIPE,via,117404,103120,119004,103600,1600,via3_1600x480
VSS,met2-met3,STRIPE,via,117404,103120,119004,103600,1600,via2_1600x480
VSS,met1-met2,STRIPE,via,117404,103120,119004,103600,1600,via_1600x480
VSS,met3-met4,STRIPE,via,90531,103120,92131,103600,1600,via3_1600x480
VSS,met2-met3,STRIPE,via,90531,103120,92131,103600,1600,via2_1600x480
VSS,met1-met2,STRIPE,via,90531,103120,92131,103600,1600,via_1600x480
VSS,met3-met4,STRIPE,via,64107,103120,65707,103600,1600,via3_1600x480
VSS,met2-met3,STRIPE,via,64107,103120,65707,103600,1600,via2_1600x480
VSS,met1-met2,STRIPE,via,64107,103120,65707,103600,1600,via_1600x480
VSS,met3-met4,STRIPE,via,36304,103120,37904,103600,1600,via3_1600x480
VSS,met2-met3,STRIPE,via,36304,103120,37904,103600,1600,via2_1600x480
VSS,met1-met2,STRIPE,via,36304,103120,37904,103600,1600,via_1600x480
VSS,met3-met4,STRIPE,via,253375,97680,254975,98160,1600,via3_1600x480
VSS,met2-met3,STRIPE,via,253375,97680,254975,98160,1600,via2_1600x480
VSS,met1-met2,STRIPE,via,253375,97680,254975,98160,1600,via_1600x480
VSS,met3-met4,STRIPE,via,226408,97680,228008,98160,1600,via3_1600x480
VSS,met2-met3,STRIPE,via,226408,97680,228008,98160,1600,via2_1600x480
VSS,met1-met2,STRIPE,via,226408,97680,228008,98160,1600,via_1600x480
VSS,met3-met4,STRIPE,via,199712,97680,201312,98160,1600,via3_1600x480
VSS,met2-met3,STRIPE,via,199712,97680,201312,98160,1600,via2_1600x480
VSS,met1-met2,STRIPE,via,199712,97680,201312,98160,1600,via_1600x480
VSS,met3-met4,STRIPE,via,172555,97680,174155,98160,1600,via3_1600x480
VSS,met2-met3,STRIPE,via,172555,97680,174155,98160,1600,via2_1600x480
VSS,met1-met2,STRIPE,via,172555,97680,174155,98160,1600,via_1600x480
VSS,met3-met4,STRIPE,via,145471,97680,147071,98160,1600,via3_1600x480
VSS,met2-met3,STRIPE,via,145471,97680,147071,98160,1600,via2_1600x480
VSS,met1-met2,STRIPE,via,145471,97680,147071,98160,1600,via_1600x480
VSS,met3-met4,STRIPE,via,117404,97680,119004,98160,1600,via3_1600x480
VSS,met2-met3,STRIPE,via,117404,97680,119004,98160,1600,via2_1600x480
VSS,met1-met2,STRIPE,via,117404,97680,119004,98160,1600,via_1600x480
VSS,met3-met4,STRIPE,via,90531,97680,92131,98160,1600,via3_1600x480
VSS,met2-met3,STRIPE,via,90531,97680,92131,98160,1600,via2_1600x480
VSS,met1-met2,STRIPE,via,90531,97680,92131,98160,1600,via_1600x480
VSS,met3-met4,STRIPE,via,64107,97680,65707,98160,1600,via3_1600x480
VSS,met2-met3,STRIPE,via,64107,97680,65707,98160,1600,via2_1600x480
VSS,met1-met2,STRIPE,via,64107,97680,65707,98160,1600,via_1600x480
VSS,met3-met4,STRIPE,via,36304,97680,37904,98160,1600,via3_1600x480
VSS,met2-met3,STRIPE,via,36304,97680,37904,98160,1600,via2_1600x480
VSS,met1-met2,STRIPE,via,36304,97680,37904,98160,1600,via_1600x480
VSS,met3-met4,STRIPE,via,253375,92240,254975,92720,1600,via3_1600x480
VSS,met2-met3,STRIPE,via,253375,92240,254975,92720,1600,via2_1600x480
VSS,met1-met2,STRIPE,via,253375,92240,254975,92720,1600,via_1600x480
VSS,met3-met4,STRIPE,via,226408,92240,228008,92720,1600,via3_1600x480
VSS,met2-met3,STRIPE,via,226408,92240,228008,92720,1600,via2_1600x480
VSS,met1-met2,STRIPE,via,226408,92240,228008,92720,1600,via_1600x480
VSS,met3-met4,STRIPE,via,199712,92240,201312,92720,1600,via3_1600x480
VSS,met2-met3,STRIPE,via,199712,92240,201312,92720,1600,via2_1600x480
VSS,met1-met2,STRIPE,via,199712,92240,201312,92720,1600,via_1600x480
VSS,met3-met4,STRIPE,via,172555,92240,174155,92720,1600,via3_1600x480
VSS,met2-met3,STRIPE,via,172555,92240,174155,92720,1600,via2_1600x480
VSS,met1-met2,STRIPE,via,172555,92240,174155,92720,1600,via_1600x480
VSS,met3-met4,STRIPE,via,145471,92240,147071,92720,1600,via3_1600x480
VSS,met2-met3,STRIPE,via,145471,92240,147071,92720,1600,via2_1600x480
VSS,met1-met2,STRIPE,via,145471,92240,147071,92720,1600,via_1600x480
VSS,met3-met4,STRIPE,via,117404,92240,119004,92720,1600,via3_1600x480
VSS,met2-met3,STRIPE,via,117404,92240,119004,92720,1600,via2_1600x480
VSS,met1-met2,STRIPE,via,117404,92240,119004,92720,1600,via_1600x480
VSS,met3-met4,STRIPE,via,90531,92240,92131,92720,1600,via3_1600x480
VSS,met2-met3,STRIPE,via,90531,92240,92131,92720,1600,via2_1600x480
VSS,met1-met2,STRIPE,via,90531,92240,92131,92720,1600,via_1600x480
VSS,met3-met4,STRIPE,via,64107,92240,65707,92720,1600,via3_1600x480
VSS,met2-met3,STRIPE,via,64107,92240,65707,92720,1600,via2_1600x480
VSS,met1-met2,STRIPE,via,64107,92240,65707,92720,1600,via_1600x480
VSS,met3-met4,STRIPE,via,36304,92240,37904,92720,1600,via3_1600x480
VSS,met2-met3,STRIPE,via,36304,92240,37904,92720,1600,via2_1600x480
VSS,met1-met2,STRIPE,via,36304,92240,37904,92720,1600,via_1600x480
VSS,met3-met4,STRIPE,via,253375,86800,254975,87280,1600,via3_1600x480
VSS,met2-met3,STRIPE,via,253375,86800,254975,87280,1600,via2_1600x480
VSS,met1-met2,STRIPE,via,253375,86800,254975,87280,1600,via_1600x480
VSS,met3-met4,STRIPE,via,226408,86800,228008,87280,1600,via3_1600x480
VSS,met2-met3,STRIPE,via,226408,86800,228008,87280,1600,via2_1600x480
VSS,met1-met2,STRIPE,via,226408,86800,228008,87280,1600,via_1600x480
VSS,met3-met4,STRIPE,via,199712,86800,201312,87280,1600,via3_1600x480
VSS,met2-met3,STRIPE,via,199712,86800,201312,87280,1600,via2_1600x480
VSS,met1-met2,STRIPE,via,199712,86800,201312,87280,1600,via_1600x480
VSS,met3-met4,STRIPE,via,172555,86800,174155,87280,1600,via3_1600x480
VSS,met2-met3,STRIPE,via,172555,86800,174155,87280,1600,via2_1600x480
VSS,met1-met2,STRIPE,via,172555,86800,174155,87280,1600,via_1600x480
VSS,met3-met4,STRIPE,via,145471,86800,147071,87280,1600,via3_1600x480
VSS,met2-met3,STRIPE,via,145471,86800,147071,87280,1600,via2_1600x480
VSS,met1-met2,STRIPE,via,145471,86800,147071,87280,1600,via_1600x480
VSS,met3-met4,STRIPE,via,117404,86800,119004,87280,1600,via3_1600x480
VSS,met2-met3,STRIPE,via,117404,86800,119004,87280,1600,via2_1600x480
VSS,met1-met2,STRIPE,via,117404,86800,119004,87280,1600,via_1600x480
VSS,met3-met4,STRIPE,via,90531,86800,92131,87280,1600,via3_1600x480
VSS,met2-met3,STRIPE,via,90531,86800,92131,87280,1600,via2_1600x480
VSS,met1-met2,STRIPE,via,90531,86800,92131,87280,1600,via_1600x480
VSS,met3-met4,STRIPE,via,64107,86800,65707,87280,1600,via3_1600x480
VSS,met2-met3,STRIPE,via,64107,86800,65707,87280,1600,via2_1600x480
VSS,met1-met2,STRIPE,via,64107,86800,65707,87280,1600,via_1600x480
VSS,met3-met4,STRIPE,via,36304,86800,37904,87280,1600,via3_1600x480
VSS,met2-met3,STRIPE,via,36304,86800,37904,87280,1600,via2_1600x480
VSS,met1-met2,STRIPE,via,36304,86800,37904,87280,1600,via_1600x480
VSS,met3-met4,STRIPE,via,253375,81360,254975,81840,1600,via3_1600x480
VSS,met2-met3,STRIPE,via,253375,81360,254975,81840,1600,via2_1600x480
VSS,met1-met2,STRIPE,via,253375,81360,254975,81840,1600,via_1600x480
VSS,met3-met4,STRIPE,via,226408,81360,228008,81840,1600,via3_1600x480
VSS,met2-met3,STRIPE,via,226408,81360,228008,81840,1600,via2_1600x480
VSS,met1-met2,STRIPE,via,226408,81360,228008,81840,1600,via_1600x480
VSS,met3-met4,STRIPE,via,199712,81360,201312,81840,1600,via3_1600x480
VSS,met2-met3,STRIPE,via,199712,81360,201312,81840,1600,via2_1600x480
VSS,met1-met2,STRIPE,via,199712,81360,201312,81840,1600,via_1600x480
VSS,met3-met4,STRIPE,via,172555,81360,174155,81840,1600,via3_1600x480
VSS,met2-met3,STRIPE,via,172555,81360,174155,81840,1600,via2_1600x480
VSS,met1-met2,STRIPE,via,172555,81360,174155,81840,1600,via_1600x480
VSS,met3-met4,STRIPE,via,145471,81360,147071,81840,1600,via3_1600x480
VSS,met2-met3,STRIPE,via,145471,81360,147071,81840,1600,via2_1600x480
VSS,met1-met2,STRIPE,via,145471,81360,147071,81840,1600,via_1600x480
VSS,met3-met4,STRIPE,via,117404,81360,119004,81840,1600,via3_1600x480
VSS,met2-met3,STRIPE,via,117404,81360,119004,81840,1600,via2_1600x480
VSS,met1-met2,STRIPE,via,117404,81360,119004,81840,1600,via_1600x480
VSS,met3-met4,STRIPE,via,90531,81360,92131,81840,1600,via3_1600x480
VSS,met2-met3,STRIPE,via,90531,81360,92131,81840,1600,via2_1600x480
VSS,met1-met2,STRIPE,via,90531,81360,92131,81840,1600,via_1600x480
VSS,met3-met4,STRIPE,via,64107,81360,65707,81840,1600,via3_1600x480
VSS,met2-met3,STRIPE,via,64107,81360,65707,81840,1600,via2_1600x480
VSS,met1-met2,STRIPE,via,64107,81360,65707,81840,1600,via_1600x480
VSS,met3-met4,STRIPE,via,36304,81360,37904,81840,1600,via3_1600x480
VSS,met2-met3,STRIPE,via,36304,81360,37904,81840,1600,via2_1600x480
VSS,met1-met2,STRIPE,via,36304,81360,37904,81840,1600,via_1600x480
VSS,met3-met4,STRIPE,via,253375,75920,254975,76400,1600,via3_1600x480
VSS,met2-met3,STRIPE,via,253375,75920,254975,76400,1600,via2_1600x480
VSS,met1-met2,STRIPE,via,253375,75920,254975,76400,1600,via_1600x480
VSS,met3-met4,STRIPE,via,226408,75920,228008,76400,1600,via3_1600x480
VSS,met2-met3,STRIPE,via,226408,75920,228008,76400,1600,via2_1600x480
VSS,met1-met2,STRIPE,via,226408,75920,228008,76400,1600,via_1600x480
VSS,met3-met4,STRIPE,via,199712,75920,201312,76400,1600,via3_1600x480
VSS,met2-met3,STRIPE,via,199712,75920,201312,76400,1600,via2_1600x480
VSS,met1-met2,STRIPE,via,199712,75920,201312,76400,1600,via_1600x480
VSS,met3-met4,STRIPE,via,172555,75920,174155,76400,1600,via3_1600x480
VSS,met2-met3,STRIPE,via,172555,75920,174155,76400,1600,via2_1600x480
VSS,met1-met2,STRIPE,via,172555,75920,174155,76400,1600,via_1600x480
VSS,met3-met4,STRIPE,via,145471,75920,147071,76400,1600,via3_1600x480
VSS,met2-met3,STRIPE,via,145471,75920,147071,76400,1600,via2_1600x480
VSS,met1-met2,STRIPE,via,145471,75920,147071,76400,1600,via_1600x480
VSS,met3-met4,STRIPE,via,117404,75920,119004,76400,1600,via3_1600x480
VSS,met2-met3,STRIPE,via,117404,75920,119004,76400,1600,via2_1600x480
VSS,met1-met2,STRIPE,via,117404,75920,119004,76400,1600,via_1600x480
VSS,met3-met4,STRIPE,via,90531,75920,92131,76400,1600,via3_1600x480
VSS,met2-met3,STRIPE,via,90531,75920,92131,76400,1600,via2_1600x480
VSS,met1-met2,STRIPE,via,90531,75920,92131,76400,1600,via_1600x480
VSS,met3-met4,STRIPE,via,64107,75920,65707,76400,1600,via3_1600x480
VSS,met2-met3,STRIPE,via,64107,75920,65707,76400,1600,via2_1600x480
VSS,met1-met2,STRIPE,via,64107,75920,65707,76400,1600,via_1600x480
VSS,met3-met4,STRIPE,via,36304,75920,37904,76400,1600,via3_1600x480
VSS,met2-met3,STRIPE,via,36304,75920,37904,76400,1600,via2_1600x480
VSS,met1-met2,STRIPE,via,36304,75920,37904,76400,1600,via_1600x480
VSS,met3-met4,STRIPE,via,253375,70480,254975,70960,1600,via3_1600x480
VSS,met2-met3,STRIPE,via,253375,70480,254975,70960,1600,via2_1600x480
VSS,met1-met2,STRIPE,via,253375,70480,254975,70960,1600,via_1600x480
VSS,met3-met4,STRIPE,via,226408,70480,228008,70960,1600,via3_1600x480
VSS,met2-met3,STRIPE,via,226408,70480,228008,70960,1600,via2_1600x480
VSS,met1-met2,STRIPE,via,226408,70480,228008,70960,1600,via_1600x480
VSS,met3-met4,STRIPE,via,199712,70480,201312,70960,1600,via3_1600x480
VSS,met2-met3,STRIPE,via,199712,70480,201312,70960,1600,via2_1600x480
VSS,met1-met2,STRIPE,via,199712,70480,201312,70960,1600,via_1600x480
VSS,met3-met4,STRIPE,via,172555,70480,174155,70960,1600,via3_1600x480
VSS,met2-met3,STRIPE,via,172555,70480,174155,70960,1600,via2_1600x480
VSS,met1-met2,STRIPE,via,172555,70480,174155,70960,1600,via_1600x480
VSS,met3-met4,STRIPE,via,145471,70480,147071,70960,1600,via3_1600x480
VSS,met2-met3,STRIPE,via,145471,70480,147071,70960,1600,via2_1600x480
VSS,met1-met2,STRIPE,via,145471,70480,147071,70960,1600,via_1600x480
VSS,met3-met4,STRIPE,via,117404,70480,119004,70960,1600,via3_1600x480
VSS,met2-met3,STRIPE,via,117404,70480,119004,70960,1600,via2_1600x480
VSS,met1-met2,STRIPE,via,117404,70480,119004,70960,1600,via_1600x480
VSS,met3-met4,STRIPE,via,90531,70480,92131,70960,1600,via3_1600x480
VSS,met2-met3,STRIPE,via,90531,70480,92131,70960,1600,via2_1600x480
VSS,met1-met2,STRIPE,via,90531,70480,92131,70960,1600,via_1600x480
VSS,met3-met4,STRIPE,via,64107,70480,65707,70960,1600,via3_1600x480
VSS,met2-met3,STRIPE,via,64107,70480,65707,70960,1600,via2_1600x480
VSS,met1-met2,STRIPE,via,64107,70480,65707,70960,1600,via_1600x480
VSS,met3-met4,STRIPE,via,36304,70480,37904,70960,1600,via3_1600x480
VSS,met2-met3,STRIPE,via,36304,70480,37904,70960,1600,via2_1600x480
VSS,met1-met2,STRIPE,via,36304,70480,37904,70960,1600,via_1600x480
VSS,met3-met4,STRIPE,via,253375,65040,254975,65520,1600,via3_1600x480
VSS,met2-met3,STRIPE,via,253375,65040,254975,65520,1600,via2_1600x480
VSS,met1-met2,STRIPE,via,253375,65040,254975,65520,1600,via_1600x480
VSS,met3-met4,STRIPE,via,226408,65040,228008,65520,1600,via3_1600x480
VSS,met2-met3,STRIPE,via,226408,65040,228008,65520,1600,via2_1600x480
VSS,met1-met2,STRIPE,via,226408,65040,228008,65520,1600,via_1600x480
VSS,met3-met4,STRIPE,via,199712,65040,201312,65520,1600,via3_1600x480
VSS,met2-met3,STRIPE,via,199712,65040,201312,65520,1600,via2_1600x480
VSS,met1-met2,STRIPE,via,199712,65040,201312,65520,1600,via_1600x480
VSS,met3-met4,STRIPE,via,172555,65040,174155,65520,1600,via3_1600x480
VSS,met2-met3,STRIPE,via,172555,65040,174155,65520,1600,via2_1600x480
VSS,met1-met2,STRIPE,via,172555,65040,174155,65520,1600,via_1600x480
VSS,met3-met4,STRIPE,via,145471,65040,147071,65520,1600,via3_1600x480
VSS,met2-met3,STRIPE,via,145471,65040,147071,65520,1600,via2_1600x480
VSS,met1-met2,STRIPE,via,145471,65040,147071,65520,1600,via_1600x480
VSS,met3-met4,STRIPE,via,117404,65040,119004,65520,1600,via3_1600x480
VSS,met2-met3,STRIPE,via,117404,65040,119004,65520,1600,via2_1600x480
VSS,met1-met2,STRIPE,via,117404,65040,119004,65520,1600,via_1600x480
VSS,met3-met4,STRIPE,via,90531,65040,92131,65520,1600,via3_1600x480
VSS,met2-met3,STRIPE,via,90531,65040,92131,65520,1600,via2_1600x480
VSS,met1-met2,STRIPE,via,90531,65040,92131,65520,1600,via_1600x480
VSS,met3-met4,STRIPE,via,64107,65040,65707,65520,1600,via3_1600x480
VSS,met2-met3,STRIPE,via,64107,65040,65707,65520,1600,via2_1600x480
VSS,met1-met2,STRIPE,via,64107,65040,65707,65520,1600,via_1600x480
VSS,met3-met4,STRIPE,via,36304,65040,37904,65520,1600,via3_1600x480
VSS,met2-met3,STRIPE,via,36304,65040,37904,65520,1600,via2_1600x480
VSS,met1-met2,STRIPE,via,36304,65040,37904,65520,1600,via_1600x480
VSS,met3-met4,STRIPE,via,253375,59600,254975,60080,1600,via3_1600x480
VSS,met2-met3,STRIPE,via,253375,59600,254975,60080,1600,via2_1600x480
VSS,met1-met2,STRIPE,via,253375,59600,254975,60080,1600,via_1600x480
VSS,met3-met4,STRIPE,via,226408,59600,228008,60080,1600,via3_1600x480
VSS,met2-met3,STRIPE,via,226408,59600,228008,60080,1600,via2_1600x480
VSS,met1-met2,STRIPE,via,226408,59600,228008,60080,1600,via_1600x480
VSS,met3-met4,STRIPE,via,199712,59600,201312,60080,1600,via3_1600x480
VSS,met2-met3,STRIPE,via,199712,59600,201312,60080,1600,via2_1600x480
VSS,met1-met2,STRIPE,via,199712,59600,201312,60080,1600,via_1600x480
VSS,met3-met4,STRIPE,via,172555,59600,174155,60080,1600,via3_1600x480
VSS,met2-met3,STRIPE,via,172555,59600,174155,60080,1600,via2_1600x480
VSS,met1-met2,STRIPE,via,172555,59600,174155,60080,1600,via_1600x480
VSS,met3-met4,STRIPE,via,145471,59600,147071,60080,1600,via3_1600x480
VSS,met2-met3,STRIPE,via,145471,59600,147071,60080,1600,via2_1600x480
VSS,met1-met2,STRIPE,via,145471,59600,147071,60080,1600,via_1600x480
VSS,met3-met4,STRIPE,via,117404,59600,119004,60080,1600,via3_1600x480
VSS,met2-met3,STRIPE,via,117404,59600,119004,60080,1600,via2_1600x480
VSS,met1-met2,STRIPE,via,117404,59600,119004,60080,1600,via_1600x480
VSS,met3-met4,STRIPE,via,90531,59600,92131,60080,1600,via3_1600x480
VSS,met2-met3,STRIPE,via,90531,59600,92131,60080,1600,via2_1600x480
VSS,met1-met2,STRIPE,via,90531,59600,92131,60080,1600,via_1600x480
VSS,met3-met4,STRIPE,via,64107,59600,65707,60080,1600,via3_1600x480
VSS,met2-met3,STRIPE,via,64107,59600,65707,60080,1600,via2_1600x480
VSS,met1-met2,STRIPE,via,64107,59600,65707,60080,1600,via_1600x480
VSS,met3-met4,STRIPE,via,36304,59600,37904,60080,1600,via3_1600x480
VSS,met2-met3,STRIPE,via,36304,59600,37904,60080,1600,via2_1600x480
VSS,met1-met2,STRIPE,via,36304,59600,37904,60080,1600,via_1600x480
VSS,met3-met4,STRIPE,via,253375,54160,254975,54640,1600,via3_1600x480
VSS,met2-met3,STRIPE,via,253375,54160,254975,54640,1600,via2_1600x480
VSS,met1-met2,STRIPE,via,253375,54160,254975,54640,1600,via_1600x480
VSS,met3-met4,STRIPE,via,226408,54160,228008,54640,1600,via3_1600x480
VSS,met2-met3,STRIPE,via,226408,54160,228008,54640,1600,via2_1600x480
VSS,met1-met2,STRIPE,via,226408,54160,228008,54640,1600,via_1600x480
VSS,met3-met4,STRIPE,via,199712,54160,201312,54640,1600,via3_1600x480
VSS,met2-met3,STRIPE,via,199712,54160,201312,54640,1600,via2_1600x480
VSS,met1-met2,STRIPE,via,199712,54160,201312,54640,1600,via_1600x480
VSS,met3-met4,STRIPE,via,172555,54160,174155,54640,1600,via3_1600x480
VSS,met2-met3,STRIPE,via,172555,54160,174155,54640,1600,via2_1600x480
VSS,met1-met2,STRIPE,via,172555,54160,174155,54640,1600,via_1600x480
VSS,met3-met4,STRIPE,via,145471,54160,147071,54640,1600,via3_1600x480
VSS,met2-met3,STRIPE,via,145471,54160,147071,54640,1600,via2_1600x480
VSS,met1-met2,STRIPE,via,145471,54160,147071,54640,1600,via_1600x480
VSS,met3-met4,STRIPE,via,117404,54160,119004,54640,1600,via3_1600x480
VSS,met2-met3,STRIPE,via,117404,54160,119004,54640,1600,via2_1600x480
VSS,met1-met2,STRIPE,via,117404,54160,119004,54640,1600,via_1600x480
VSS,met3-met4,STRIPE,via,90531,54160,92131,54640,1600,via3_1600x480
VSS,met2-met3,STRIPE,via,90531,54160,92131,54640,1600,via2_1600x480
VSS,met1-met2,STRIPE,via,90531,54160,92131,54640,1600,via_1600x480
VSS,met3-met4,STRIPE,via,64107,54160,65707,54640,1600,via3_1600x480
VSS,met2-met3,STRIPE,via,64107,54160,65707,54640,1600,via2_1600x480
VSS,met1-met2,STRIPE,via,64107,54160,65707,54640,1600,via_1600x480
VSS,met3-met4,STRIPE,via,36304,54160,37904,54640,1600,via3_1600x480
VSS,met2-met3,STRIPE,via,36304,54160,37904,54640,1600,via2_1600x480
VSS,met1-met2,STRIPE,via,36304,54160,37904,54640,1600,via_1600x480
VSS,met3-met4,STRIPE,via,253375,48720,254975,49200,1600,via3_1600x480
VSS,met2-met3,STRIPE,via,253375,48720,254975,49200,1600,via2_1600x480
VSS,met1-met2,STRIPE,via,253375,48720,254975,49200,1600,via_1600x480
VSS,met3-met4,STRIPE,via,226408,48720,228008,49200,1600,via3_1600x480
VSS,met2-met3,STRIPE,via,226408,48720,228008,49200,1600,via2_1600x480
VSS,met1-met2,STRIPE,via,226408,48720,228008,49200,1600,via_1600x480
VSS,met3-met4,STRIPE,via,199712,48720,201312,49200,1600,via3_1600x480
VSS,met2-met3,STRIPE,via,199712,48720,201312,49200,1600,via2_1600x480
VSS,met1-met2,STRIPE,via,199712,48720,201312,49200,1600,via_1600x480
VSS,met3-met4,STRIPE,via,172555,48720,174155,49200,1600,via3_1600x480
VSS,met2-met3,STRIPE,via,172555,48720,174155,49200,1600,via2_1600x480
VSS,met1-met2,STRIPE,via,172555,48720,174155,49200,1600,via_1600x480
VSS,met3-met4,STRIPE,via,145471,48720,147071,49200,1600,via3_1600x480
VSS,met2-met3,STRIPE,via,145471,48720,147071,49200,1600,via2_1600x480
VSS,met1-met2,STRIPE,via,145471,48720,147071,49200,1600,via_1600x480
VSS,met3-met4,STRIPE,via,117404,48720,119004,49200,1600,via3_1600x480
VSS,met2-met3,STRIPE,via,117404,48720,119004,49200,1600,via2_1600x480
VSS,met1-met2,STRIPE,via,117404,48720,119004,49200,1600,via_1600x480
VSS,met3-met4,STRIPE,via,90531,48720,92131,49200,1600,via3_1600x480
VSS,met2-met3,STRIPE,via,90531,48720,92131,49200,1600,via2_1600x480
VSS,met1-met2,STRIPE,via,90531,48720,92131,49200,1600,via_1600x480
VSS,met3-met4,STRIPE,via,64107,48720,65707,49200,1600,via3_1600x480
VSS,met2-met3,STRIPE,via,64107,48720,65707,49200,1600,via2_1600x480
VSS,met1-met2,STRIPE,via,64107,48720,65707,49200,1600,via_1600x480
VSS,met3-met4,STRIPE,via,36304,48720,37904,49200,1600,via3_1600x480
VSS,met2-met3,STRIPE,via,36304,48720,37904,49200,1600,via2_1600x480
VSS,met1-met2,STRIPE,via,36304,48720,37904,49200,1600,via_1600x480
VSS,met3-met4,STRIPE,via,253375,43280,254975,43760,1600,via3_1600x480
VSS,met2-met3,STRIPE,via,253375,43280,254975,43760,1600,via2_1600x480
VSS,met1-met2,STRIPE,via,253375,43280,254975,43760,1600,via_1600x480
VSS,met3-met4,STRIPE,via,226408,43280,228008,43760,1600,via3_1600x480
VSS,met2-met3,STRIPE,via,226408,43280,228008,43760,1600,via2_1600x480
VSS,met1-met2,STRIPE,via,226408,43280,228008,43760,1600,via_1600x480
VSS,met3-met4,STRIPE,via,199712,43280,201312,43760,1600,via3_1600x480
VSS,met2-met3,STRIPE,via,199712,43280,201312,43760,1600,via2_1600x480
VSS,met1-met2,STRIPE,via,199712,43280,201312,43760,1600,via_1600x480
VSS,met3-met4,STRIPE,via,172555,43280,174155,43760,1600,via3_1600x480
VSS,met2-met3,STRIPE,via,172555,43280,174155,43760,1600,via2_1600x480
VSS,met1-met2,STRIPE,via,172555,43280,174155,43760,1600,via_1600x480
VSS,met3-met4,STRIPE,via,145471,43280,147071,43760,1600,via3_1600x480
VSS,met2-met3,STRIPE,via,145471,43280,147071,43760,1600,via2_1600x480
VSS,met1-met2,STRIPE,via,145471,43280,147071,43760,1600,via_1600x480
VSS,met3-met4,STRIPE,via,117404,43280,119004,43760,1600,via3_1600x480
VSS,met2-met3,STRIPE,via,117404,43280,119004,43760,1600,via2_1600x480
VSS,met1-met2,STRIPE,via,117404,43280,119004,43760,1600,via_1600x480
VSS,met3-met4,STRIPE,via,90531,43280,92131,43760,1600,via3_1600x480
VSS,met2-met3,STRIPE,via,90531,43280,92131,43760,1600,via2_1600x480
VSS,met1-met2,STRIPE,via,90531,43280,92131,43760,1600,via_1600x480
VSS,met3-met4,STRIPE,via,64107,43280,65707,43760,1600,via3_1600x480
VSS,met2-met3,STRIPE,via,64107,43280,65707,43760,1600,via2_1600x480
VSS,met1-met2,STRIPE,via,64107,43280,65707,43760,1600,via_1600x480
VSS,met3-met4,STRIPE,via,36304,43280,37904,43760,1600,via3_1600x480
VSS,met2-met3,STRIPE,via,36304,43280,37904,43760,1600,via2_1600x480
VSS,met1-met2,STRIPE,via,36304,43280,37904,43760,1600,via_1600x480
VSS,met3-met4,STRIPE,via,253375,37840,254975,38320,1600,via3_1600x480
VSS,met2-met3,STRIPE,via,253375,37840,254975,38320,1600,via2_1600x480
VSS,met1-met2,STRIPE,via,253375,37840,254975,38320,1600,via_1600x480
VSS,met3-met4,STRIPE,via,226408,37840,228008,38320,1600,via3_1600x480
VSS,met2-met3,STRIPE,via,226408,37840,228008,38320,1600,via2_1600x480
VSS,met1-met2,STRIPE,via,226408,37840,228008,38320,1600,via_1600x480
VSS,met3-met4,STRIPE,via,199712,37840,201312,38320,1600,via3_1600x480
VSS,met2-met3,STRIPE,via,199712,37840,201312,38320,1600,via2_1600x480
VSS,met1-met2,STRIPE,via,199712,37840,201312,38320,1600,via_1600x480
VSS,met3-met4,STRIPE,via,172555,37840,174155,38320,1600,via3_1600x480
VSS,met2-met3,STRIPE,via,172555,37840,174155,38320,1600,via2_1600x480
VSS,met1-met2,STRIPE,via,172555,37840,174155,38320,1600,via_1600x480
VSS,met3-met4,STRIPE,via,145471,37840,147071,38320,1600,via3_1600x480
VSS,met2-met3,STRIPE,via,145471,37840,147071,38320,1600,via2_1600x480
VSS,met1-met2,STRIPE,via,145471,37840,147071,38320,1600,via_1600x480
VSS,met3-met4,STRIPE,via,117404,37840,119004,38320,1600,via3_1600x480
VSS,met2-met3,STRIPE,via,117404,37840,119004,38320,1600,via2_1600x480
VSS,met1-met2,STRIPE,via,117404,37840,119004,38320,1600,via_1600x480
VSS,met3-met4,STRIPE,via,90531,37840,92131,38320,1600,via3_1600x480
VSS,met2-met3,STRIPE,via,90531,37840,92131,38320,1600,via2_1600x480
VSS,met1-met2,STRIPE,via,90531,37840,92131,38320,1600,via_1600x480
VSS,met3-met4,STRIPE,via,64107,37840,65707,38320,1600,via3_1600x480
VSS,met2-met3,STRIPE,via,64107,37840,65707,38320,1600,via2_1600x480
VSS,met1-met2,STRIPE,via,64107,37840,65707,38320,1600,via_1600x480
VSS,met3-met4,STRIPE,via,36304,37840,37904,38320,1600,via3_1600x480
VSS,met2-met3,STRIPE,via,36304,37840,37904,38320,1600,via2_1600x480
VSS,met1-met2,STRIPE,via,36304,37840,37904,38320,1600,via_1600x480
VSS,met3-met4,STRIPE,via,253375,32400,254975,32880,1600,via3_1600x480
VSS,met2-met3,STRIPE,via,253375,32400,254975,32880,1600,via2_1600x480
VSS,met1-met2,STRIPE,via,253375,32400,254975,32880,1600,via_1600x480
VSS,met3-met4,STRIPE,via,226408,32400,228008,32880,1600,via3_1600x480
VSS,met2-met3,STRIPE,via,226408,32400,228008,32880,1600,via2_1600x480
VSS,met1-met2,STRIPE,via,226408,32400,228008,32880,1600,via_1600x480
VSS,met3-met4,STRIPE,via,199712,32400,201312,32880,1600,via3_1600x480
VSS,met2-met3,STRIPE,via,199712,32400,201312,32880,1600,via2_1600x480
VSS,met1-met2,STRIPE,via,199712,32400,201312,32880,1600,via_1600x480
VSS,met3-met4,STRIPE,via,172555,32400,174155,32880,1600,via3_1600x480
VSS,met2-met3,STRIPE,via,172555,32400,174155,32880,1600,via2_1600x480
VSS,met1-met2,STRIPE,via,172555,32400,174155,32880,1600,via_1600x480
VSS,met3-met4,STRIPE,via,145471,32400,147071,32880,1600,via3_1600x480
VSS,met2-met3,STRIPE,via,145471,32400,147071,32880,1600,via2_1600x480
VSS,met1-met2,STRIPE,via,145471,32400,147071,32880,1600,via_1600x480
VSS,met3-met4,STRIPE,via,117404,32400,119004,32880,1600,via3_1600x480
VSS,met2-met3,STRIPE,via,117404,32400,119004,32880,1600,via2_1600x480
VSS,met1-met2,STRIPE,via,117404,32400,119004,32880,1600,via_1600x480
VSS,met3-met4,STRIPE,via,90531,32400,92131,32880,1600,via3_1600x480
VSS,met2-met3,STRIPE,via,90531,32400,92131,32880,1600,via2_1600x480
VSS,met1-met2,STRIPE,via,90531,32400,92131,32880,1600,via_1600x480
VSS,met3-met4,STRIPE,via,64107,32400,65707,32880,1600,via3_1600x480
VSS,met2-met3,STRIPE,via,64107,32400,65707,32880,1600,via2_1600x480
VSS,met1-met2,STRIPE,via,64107,32400,65707,32880,1600,via_1600x480
VSS,met3-met4,STRIPE,via,36304,32400,37904,32880,1600,via3_1600x480
VSS,met2-met3,STRIPE,via,36304,32400,37904,32880,1600,via2_1600x480
VSS,met1-met2,STRIPE,via,36304,32400,37904,32880,1600,via_1600x480
VSS,met3-met4,STRIPE,via,253375,26960,254975,27440,1600,via3_1600x480
VSS,met2-met3,STRIPE,via,253375,26960,254975,27440,1600,via2_1600x480
VSS,met1-met2,STRIPE,via,253375,26960,254975,27440,1600,via_1600x480
VSS,met3-met4,STRIPE,via,226408,26960,228008,27440,1600,via3_1600x480
VSS,met2-met3,STRIPE,via,226408,26960,228008,27440,1600,via2_1600x480
VSS,met1-met2,STRIPE,via,226408,26960,228008,27440,1600,via_1600x480
VSS,met3-met4,STRIPE,via,199712,26960,201312,27440,1600,via3_1600x480
VSS,met2-met3,STRIPE,via,199712,26960,201312,27440,1600,via2_1600x480
VSS,met1-met2,STRIPE,via,199712,26960,201312,27440,1600,via_1600x480
VSS,met3-met4,STRIPE,via,172555,26960,174155,27440,1600,via3_1600x480
VSS,met2-met3,STRIPE,via,172555,26960,174155,27440,1600,via2_1600x480
VSS,met1-met2,STRIPE,via,172555,26960,174155,27440,1600,via_1600x480
VSS,met3-met4,STRIPE,via,145471,26960,147071,27440,1600,via3_1600x480
VSS,met2-met3,STRIPE,via,145471,26960,147071,27440,1600,via2_1600x480
VSS,met1-met2,STRIPE,via,145471,26960,147071,27440,1600,via_1600x480
VSS,met3-met4,STRIPE,via,117404,26960,119004,27440,1600,via3_1600x480
VSS,met2-met3,STRIPE,via,117404,26960,119004,27440,1600,via2_1600x480
VSS,met1-met2,STRIPE,via,117404,26960,119004,27440,1600,via_1600x480
VSS,met3-met4,STRIPE,via,90531,26960,92131,27440,1600,via3_1600x480
VSS,met2-met3,STRIPE,via,90531,26960,92131,27440,1600,via2_1600x480
VSS,met1-met2,STRIPE,via,90531,26960,92131,27440,1600,via_1600x480
VSS,met3-met4,STRIPE,via,64107,26960,65707,27440,1600,via3_1600x480
VSS,met2-met3,STRIPE,via,64107,26960,65707,27440,1600,via2_1600x480
VSS,met1-met2,STRIPE,via,64107,26960,65707,27440,1600,via_1600x480
VSS,met3-met4,STRIPE,via,36304,26960,37904,27440,1600,via3_1600x480
VSS,met2-met3,STRIPE,via,36304,26960,37904,27440,1600,via2_1600x480
VSS,met1-met2,STRIPE,via,36304,26960,37904,27440,1600,via_1600x480
VSS,met3-met4,STRIPE,via,253375,21520,254975,22000,1600,via3_1600x480
VSS,met2-met3,STRIPE,via,253375,21520,254975,22000,1600,via2_1600x480
VSS,met1-met2,STRIPE,via,253375,21520,254975,22000,1600,via_1600x480
VSS,met3-met4,STRIPE,via,226408,21520,228008,22000,1600,via3_1600x480
VSS,met2-met3,STRIPE,via,226408,21520,228008,22000,1600,via2_1600x480
VSS,met1-met2,STRIPE,via,226408,21520,228008,22000,1600,via_1600x480
VSS,met3-met4,STRIPE,via,199712,21520,201312,22000,1600,via3_1600x480
VSS,met2-met3,STRIPE,via,199712,21520,201312,22000,1600,via2_1600x480
VSS,met1-met2,STRIPE,via,199712,21520,201312,22000,1600,via_1600x480
VSS,met3-met4,STRIPE,via,172555,21520,174155,22000,1600,via3_1600x480
VSS,met2-met3,STRIPE,via,172555,21520,174155,22000,1600,via2_1600x480
VSS,met1-met2,STRIPE,via,172555,21520,174155,22000,1600,via_1600x480
VSS,met3-met4,STRIPE,via,145471,21520,147071,22000,1600,via3_1600x480
VSS,met2-met3,STRIPE,via,145471,21520,147071,22000,1600,via2_1600x480
VSS,met1-met2,STRIPE,via,145471,21520,147071,22000,1600,via_1600x480
VSS,met3-met4,STRIPE,via,117404,21520,119004,22000,1600,via3_1600x480
VSS,met2-met3,STRIPE,via,117404,21520,119004,22000,1600,via2_1600x480
VSS,met1-met2,STRIPE,via,117404,21520,119004,22000,1600,via_1600x480
VSS,met3-met4,STRIPE,via,90531,21520,92131,22000,1600,via3_1600x480
VSS,met2-met3,STRIPE,via,90531,21520,92131,22000,1600,via2_1600x480
VSS,met1-met2,STRIPE,via,90531,21520,92131,22000,1600,via_1600x480
VSS,met3-met4,STRIPE,via,64107,21520,65707,22000,1600,via3_1600x480
VSS,met2-met3,STRIPE,via,64107,21520,65707,22000,1600,via2_1600x480
VSS,met1-met2,STRIPE,via,64107,21520,65707,22000,1600,via_1600x480
VSS,met3-met4,STRIPE,via,36304,21520,37904,22000,1600,via3_1600x480
VSS,met2-met3,STRIPE,via,36304,21520,37904,22000,1600,via2_1600x480
VSS,met1-met2,STRIPE,via,36304,21520,37904,22000,1600,via_1600x480
VSS,met3-met4,STRIPE,via,253375,16080,254975,16560,1600,via3_1600x480
VSS,met2-met3,STRIPE,via,253375,16080,254975,16560,1600,via2_1600x480
VSS,met1-met2,STRIPE,via,253375,16080,254975,16560,1600,via_1600x480
VSS,met3-met4,STRIPE,via,226408,16080,228008,16560,1600,via3_1600x480
VSS,met2-met3,STRIPE,via,226408,16080,228008,16560,1600,via2_1600x480
VSS,met1-met2,STRIPE,via,226408,16080,228008,16560,1600,via_1600x480
VSS,met3-met4,STRIPE,via,199712,16080,201312,16560,1600,via3_1600x480
VSS,met2-met3,STRIPE,via,199712,16080,201312,16560,1600,via2_1600x480
VSS,met1-met2,STRIPE,via,199712,16080,201312,16560,1600,via_1600x480
VSS,met3-met4,STRIPE,via,172555,16080,174155,16560,1600,via3_1600x480
VSS,met2-met3,STRIPE,via,172555,16080,174155,16560,1600,via2_1600x480
VSS,met1-met2,STRIPE,via,172555,16080,174155,16560,1600,via_1600x480
VSS,met3-met4,STRIPE,via,145471,16080,147071,16560,1600,via3_1600x480
VSS,met2-met3,STRIPE,via,145471,16080,147071,16560,1600,via2_1600x480
VSS,met1-met2,STRIPE,via,145471,16080,147071,16560,1600,via_1600x480
VSS,met3-met4,STRIPE,via,117404,16080,119004,16560,1600,via3_1600x480
VSS,met2-met3,STRIPE,via,117404,16080,119004,16560,1600,via2_1600x480
VSS,met1-met2,STRIPE,via,117404,16080,119004,16560,1600,via_1600x480
VSS,met3-met4,STRIPE,via,90531,16080,92131,16560,1600,via3_1600x480
VSS,met2-met3,STRIPE,via,90531,16080,92131,16560,1600,via2_1600x480
VSS,met1-met2,STRIPE,via,90531,16080,92131,16560,1600,via_1600x480
VSS,met3-met4,STRIPE,via,64107,16080,65707,16560,1600,via3_1600x480
VSS,met2-met3,STRIPE,via,64107,16080,65707,16560,1600,via2_1600x480
VSS,met1-met2,STRIPE,via,64107,16080,65707,16560,1600,via_1600x480
VSS,met3-met4,STRIPE,via,36304,16080,37904,16560,1600,via3_1600x480
VSS,met2-met3,STRIPE,via,36304,16080,37904,16560,1600,via2_1600x480
VSS,met1-met2,STRIPE,via,36304,16080,37904,16560,1600,via_1600x480
VSS,met3-met4,STRIPE,via,253375,10640,254975,11120,1600,via3_1600x480
VSS,met2-met3,STRIPE,via,253375,10640,254975,11120,1600,via2_1600x480
VSS,met1-met2,STRIPE,via,253375,10640,254975,11120,1600,via_1600x480
VSS,met3-met4,STRIPE,via,226408,10640,228008,11120,1600,via3_1600x480
VSS,met2-met3,STRIPE,via,226408,10640,228008,11120,1600,via2_1600x480
VSS,met1-met2,STRIPE,via,226408,10640,228008,11120,1600,via_1600x480
VSS,met3-met4,STRIPE,via,199712,10640,201312,11120,1600,via3_1600x480
VSS,met2-met3,STRIPE,via,199712,10640,201312,11120,1600,via2_1600x480
VSS,met1-met2,STRIPE,via,199712,10640,201312,11120,1600,via_1600x480
VSS,met3-met4,STRIPE,via,172555,10640,174155,11120,1600,via3_1600x480
VSS,met2-met3,STRIPE,via,172555,10640,174155,11120,1600,via2_1600x480
VSS,met1-met2,STRIPE,via,172555,10640,174155,11120,1600,via_1600x480
VSS,met3-met4,STRIPE,via,145471,10640,147071,11120,1600,via3_1600x480
VSS,met2-met3,STRIPE,via,145471,10640,147071,11120,1600,via2_1600x480
VSS,met1-met2,STRIPE,via,145471,10640,147071,11120,1600,via_1600x480
VSS,met3-met4,STRIPE,via,117404,10640,119004,11120,1600,via3_1600x480
VSS,met2-met3,STRIPE,via,117404,10640,119004,11120,1600,via2_1600x480
VSS,met1-met2,STRIPE,via,117404,10640,119004,11120,1600,via_1600x480
VSS,met3-met4,STRIPE,via,90531,10640,92131,11120,1600,via3_1600x480
VSS,met2-met3,STRIPE,via,90531,10640,92131,11120,1600,via2_1600x480
VSS,met1-met2,STRIPE,via,90531,10640,92131,11120,1600,via_1600x480
VSS,met3-met4,STRIPE,via,64107,10640,65707,11120,1600,via3_1600x480
VSS,met2-met3,STRIPE,via,64107,10640,65707,11120,1600,via2_1600x480
VSS,met1-met2,STRIPE,via,64107,10640,65707,11120,1600,via_1600x480
VSS,met3-met4,STRIPE,via,36304,10640,37904,11120,1600,via3_1600x480
VSS,met2-met3,STRIPE,via,36304,10640,37904,11120,1600,via2_1600x480
VSS,met1-met2,STRIPE,via,36304,10640,37904,11120,1600,via_1600x480
VSS,met5,STRIPE,wire,10120,254640,269560,256240,1600,
VSS,met5,STRIPE,wire,10120,227440,269560,229040,1600,
VSS,met5,STRIPE,wire,10120,200240,269560,201840,1600,
VSS,met5,STRIPE,wire,10120,173040,269560,174640,1600,
VSS,met5,STRIPE,wire,10120,145840,269560,147440,1600,
VSS,met5,STRIPE,wire,10120,118640,269560,120240,1600,
VSS,met5,STRIPE,wire,10120,91440,269560,93040,1600,
VSS,met5,STRIPE,wire,10120,64240,269560,65840,1600,
VSS,met5,STRIPE,wire,10120,37040,269560,38640,1600,
VSS,met4,STRIPE,wire,253375,10640,254975,269520,1600,
VSS,met4,STRIPE,wire,226408,10640,228008,269520,1600,
VSS,met4,STRIPE,wire,199712,10640,201312,269520,1600,
VSS,met4,STRIPE,wire,172555,10640,174155,269520,1600,
VSS,met4,STRIPE,wire,145471,10640,147071,269520,1600,
VSS,met4,STRIPE,wire,117404,10640,119004,269520,1600,
VSS,met4,STRIPE,wire,90531,10640,92131,269520,1600,
VSS,met4,STRIPE,wire,64107,10640,65707,269520,1600,
VSS,met4,STRIPE,wire,36304,10640,37904,269520,1600,
VSS,met1,FOLLOWPIN,wire,10120,266320,269560,266800,480,
VSS,met1,FOLLOWPIN,wire,10120,260880,269560,261360,480,
VSS,met1,FOLLOWPIN,wire,10120,255440,269560,255920,480,
VSS,met1,FOLLOWPIN,wire,10120,250000,269560,250480,480,
VSS,met1,FOLLOWPIN,wire,10120,244560,269560,245040,480,
VSS,met1,FOLLOWPIN,wire,10120,239120,269560,239600,480,
VSS,met1,FOLLOWPIN,wire,10120,233680,269560,234160,480,
VSS,met1,FOLLOWPIN,wire,10120,228240,269560,228720,480,
VSS,met1,FOLLOWPIN,wire,10120,222800,269560,223280,480,
VSS,met1,FOLLOWPIN,wire,10120,217360,269560,217840,480,
VSS,met1,FOLLOWPIN,wire,10120,211920,269560,212400,480,
VSS,met1,FOLLOWPIN,wire,10120,206480,269560,206960,480,
VSS,met1,FOLLOWPIN,wire,10120,201040,269560,201520,480,
VSS,met1,FOLLOWPIN,wire,10120,195600,269560,196080,480,
VSS,met1,FOLLOWPIN,wire,10120,190160,269560,190640,480,
VSS,met1,FOLLOWPIN,wire,10120,184720,269560,185200,480,
VSS,met1,FOLLOWPIN,wire,10120,179280,269560,179760,480,
VSS,met1,FOLLOWPIN,wire,10120,173840,269560,174320,480,
VSS,met1,FOLLOWPIN,wire,10120,168400,269560,168880,480,
VSS,met1,FOLLOWPIN,wire,10120,162960,269560,163440,480,
VSS,met1,FOLLOWPIN,wire,10120,157520,269560,158000,480,
VSS,met1,FOLLOWPIN,wire,10120,152080,269560,152560,480,
VSS,met1,FOLLOWPIN,wire,10120,146640,269560,147120,480,
VSS,met1,FOLLOWPIN,wire,10120,141200,269560,141680,480,
VSS,met1,FOLLOWPIN,wire,10120,135760,269560,136240,480,
VSS,met1,FOLLOWPIN,wire,10120,130320,269560,130800,480,
VSS,met1,FOLLOWPIN,wire,10120,124880,269560,125360,480,
VSS,met1,FOLLOWPIN,wire,10120,119440,269560,119920,480,
VSS,met1,FOLLOWPIN,wire,10120,114000,269560,114480,480,
VSS,met1,FOLLOWPIN,wire,10120,108560,269560,109040,480,
VSS,met1,FOLLOWPIN,wire,10120,103120,269560,103600,480,
VSS,met1,FOLLOWPIN,wire,10120,97680,269560,98160,480,
VSS,met1,FOLLOWPIN,wire,10120,92240,269560,92720,480,
VSS,met1,FOLLOWPIN,wire,10120,86800,269560,87280,480,
VSS,met1,FOLLOWPIN,wire,10120,81360,269560,81840,480,
VSS,met1,FOLLOWPIN,wire,10120,75920,269560,76400,480,
VSS,met1,FOLLOWPIN,wire,10120,70480,269560,70960,480,
VSS,met1,FOLLOWPIN,wire,10120,65040,269560,65520,480,
VSS,met1,FOLLOWPIN,wire,10120,59600,269560,60080,480,
VSS,met1,FOLLOWPIN,wire,10120,54160,269560,54640,480,
VSS,met1,FOLLOWPIN,wire,10120,48720,269560,49200,480,
VSS,met1,FOLLOWPIN,wire,10120,43280,269560,43760,480,
VSS,met1,FOLLOWPIN,wire,10120,37840,269560,38320,480,
VSS,met1,FOLLOWPIN,wire,10120,32400,269560,32880,480,
VSS,met1,FOLLOWPIN,wire,10120,26960,269560,27440,480,
VSS,met1,FOLLOWPIN,wire,10120,21520,269560,22000,480,
VSS,met1,FOLLOWPIN,wire,10120,16080,269560,16560,480,
VSS,met1,FOLLOWPIN,wire,10120,10640,269560,11120,480,
VDD,met4-met5,STRIPE,via,267363,241040,268963,242640,1600,via4_1600x1600
VDD,met4-met5,STRIPE,via,239644,241040,241244,242640,1600,via4_1600x1600
VDD,met4-met5,STRIPE,via,212805,241040,214405,242640,1600,via4_1600x1600
VDD,met4-met5,STRIPE,via,186033,241040,187633,242640,1600,via4_1600x1600
VDD,met4-met5,STRIPE,via,158611,241040,160211,242640,1600,via4_1600x1600
VDD,met4-met5,STRIPE,via,131821,241040,133421,242640,1600,via4_1600x1600
VDD,met4-met5,STRIPE,via,103923,241040,105523,242640,1600,via4_1600x1600
VDD,met4-met5,STRIPE,via,76966,241040,78566,242640,1600,via4_1600x1600
VDD,met4-met5,STRIPE,via,49564,241040,51164,242640,1600,via4_1600x1600
VDD,met4-met5,STRIPE,via,22521,241040,24121,242640,1600,via4_1600x1600
VDD,met4-met5,STRIPE,via,267363,213840,268963,215440,1600,via4_1600x1600
VDD,met4-met5,STRIPE,via,239644,213840,241244,215440,1600,via4_1600x1600
VDD,met4-met5,STRIPE,via,212805,213840,214405,215440,1600,via4_1600x1600
VDD,met4-met5,STRIPE,via,186033,213840,187633,215440,1600,via4_1600x1600
VDD,met4-met5,STRIPE,via,158611,213840,160211,215440,1600,via4_1600x1600
VDD,met4-met5,STRIPE,via,131821,213840,133421,215440,1600,via4_1600x1600
VDD,met4-met5,STRIPE,via,103923,213840,105523,215440,1600,via4_1600x1600
VDD,met4-met5,STRIPE,via,76966,213840,78566,215440,1600,via4_1600x1600
VDD,met4-met5,STRIPE,via,49564,213840,51164,215440,1600,via4_1600x1600
VDD,met4-met5,STRIPE,via,22521,213840,24121,215440,1600,via4_1600x1600
VDD,met4-met5,STRIPE,via,267363,186640,268963,188240,1600,via4_1600x1600
VDD,met4-met5,STRIPE,via,239644,186640,241244,188240,1600,via4_1600x1600
VDD,met4-met5,STRIPE,via,212805,186640,214405,188240,1600,via4_1600x1600
VDD,met4-met5,STRIPE,via,186033,186640,187633,188240,1600,via4_1600x1600
VDD,met4-met5,STRIPE,via,158611,186640,160211,188240,1600,via4_1600x1600
VDD,met4-met5,STRIPE,via,131821,186640,133421,188240,1600,via4_1600x1600
VDD,met4-met5,STRIPE,via,103923,186640,105523,188240,1600,via4_1600x1600
VDD,met4-met5,STRIPE,via,76966,186640,78566,188240,1600,via4_1600x1600
VDD,met4-met5,STRIPE,via,49564,186640,51164,188240,1600,via4_1600x1600
VDD,met4-met5,STRIPE,via,22521,186640,24121,188240,1600,via4_1600x1600
VDD,met4-met5,STRIPE,via,267363,159440,268963,161040,1600,via4_1600x1600
VDD,met4-met5,STRIPE,via,239644,159440,241244,161040,1600,via4_1600x1600
VDD,met4-met5,STRIPE,via,212805,159440,214405,161040,1600,via4_1600x1600
VDD,met4-met5,STRIPE,via,186033,159440,187633,161040,1600,via4_1600x1600
VDD,met4-met5,STRIPE,via,158611,159440,160211,161040,1600,via4_1600x1600
VDD,met4-met5,STRIPE,via,131821,159440,133421,161040,1600,via4_1600x1600
VDD,met4-met5,STRIPE,via,103923,159440,105523,161040,1600,via4_1600x1600
VDD,met4-met5,STRIPE,via,76966,159440,78566,161040,1600,via4_1600x1600
VDD,met4-met5,STRIPE,via,49564,159440,51164,161040,1600,via4_1600x1600
VDD,met4-met5,STRIPE,via,22521,159440,24121,161040,1600,via4_1600x1600
VDD,met4-met5,STRIPE,via,267363,132240,268963,133840,1600,via4_1600x1600
VDD,met4-met5,STRIPE,via,239644,132240,241244,133840,1600,via4_1600x1600
VDD,met4-met5,STRIPE,via,212805,132240,214405,133840,1600,via4_1600x1600
VDD,met4-met5,STRIPE,via,186033,132240,187633,133840,1600,via4_1600x1600
VDD,met4-met5,STRIPE,via,158611,132240,160211,133840,1600,via4_1600x1600
VDD,met4-met5,STRIPE,via,131821,132240,133421,133840,1600,via4_1600x1600
VDD,met4-met5,STRIPE,via,103923,132240,105523,133840,1600,via4_1600x1600
VDD,met4-met5,STRIPE,via,76966,132240,78566,133840,1600,via4_1600x1600
VDD,met4-met5,STRIPE,via,49564,132240,51164,133840,1600,via4_1600x1600
VDD,met4-met5,STRIPE,via,22521,132240,24121,133840,1600,via4_1600x1600
VDD,met4-met5,STRIPE,via,267363,105040,268963,106640,1600,via4_1600x1600
VDD,met4-met5,STRIPE,via,239644,105040,241244,106640,1600,via4_1600x1600
VDD,met4-met5,STRIPE,via,212805,105040,214405,106640,1600,via4_1600x1600
VDD,met4-met5,STRIPE,via,186033,105040,187633,106640,1600,via4_1600x1600
VDD,met4-met5,STRIPE,via,158611,105040,160211,106640,1600,via4_1600x1600
VDD,met4-met5,STRIPE,via,131821,105040,133421,106640,1600,via4_1600x1600
VDD,met4-met5,STRIPE,via,103923,105040,105523,106640,1600,via4_1600x1600
VDD,met4-met5,STRIPE,via,76966,105040,78566,106640,1600,via4_1600x1600
VDD,met4-met5,STRIPE,via,49564,105040,51164,106640,1600,via4_1600x1600
VDD,met4-met5,STRIPE,via,22521,105040,24121,106640,1600,via4_1600x1600
VDD,met4-met5,STRIPE,via,267363,77840,268963,79440,1600,via4_1600x1600
VDD,met4-met5,STRIPE,via,239644,77840,241244,79440,1600,via4_1600x1600
VDD,met4-met5,STRIPE,via,212805,77840,214405,79440,1600,via4_1600x1600
VDD,met4-met5,STRIPE,via,186033,77840,187633,79440,1600,via4_1600x1600
VDD,met4-met5,STRIPE,via,158611,77840,160211,79440,1600,via4_1600x1600
VDD,met4-met5,STRIPE,via,131821,77840,133421,79440,1600,via4_1600x1600
VDD,met4-met5,STRIPE,via,103923,77840,105523,79440,1600,via4_1600x1600
VDD,met4-met5,STRIPE,via,76966,77840,78566,79440,1600,via4_1600x1600
VDD,met4-met5,STRIPE,via,49564,77840,51164,79440,1600,via4_1600x1600
VDD,met4-met5,STRIPE,via,22521,77840,24121,79440,1600,via4_1600x1600
VDD,met4-met5,STRIPE,via,267363,50640,268963,52240,1600,via4_1600x1600
VDD,met4-met5,STRIPE,via,239644,50640,241244,52240,1600,via4_1600x1600
VDD,met4-met5,STRIPE,via,212805,50640,214405,52240,1600,via4_1600x1600
VDD,met4-met5,STRIPE,via,186033,50640,187633,52240,1600,via4_1600x1600
VDD,met4-met5,STRIPE,via,158611,50640,160211,52240,1600,via4_1600x1600
VDD,met4-met5,STRIPE,via,131821,50640,133421,52240,1600,via4_1600x1600
VDD,met4-met5,STRIPE,via,103923,50640,105523,52240,1600,via4_1600x1600
VDD,met4-met5,STRIPE,via,76966,50640,78566,52240,1600,via4_1600x1600
VDD,met4-met5,STRIPE,via,49564,50640,51164,52240,1600,via4_1600x1600
VDD,met4-met5,STRIPE,via,22521,50640,24121,52240,1600,via4_1600x1600
VDD,met4-met5,STRIPE,via,267363,23440,268963,25040,1600,via4_1600x1600
VDD,met4-met5,STRIPE,via,239644,23440,241244,25040,1600,via4_1600x1600
VDD,met4-met5,STRIPE,via,212805,23440,214405,25040,1600,via4_1600x1600
VDD,met4-met5,STRIPE,via,186033,23440,187633,25040,1600,via4_1600x1600
VDD,met4-met5,STRIPE,via,158611,23440,160211,25040,1600,via4_1600x1600
VDD,met4-met5,STRIPE,via,131821,23440,133421,25040,1600,via4_1600x1600
VDD,met4-met5,STRIPE,via,103923,23440,105523,25040,1600,via4_1600x1600
VDD,met4-met5,STRIPE,via,76966,23440,78566,25040,1600,via4_1600x1600
VDD,met4-met5,STRIPE,via,49564,23440,51164,25040,1600,via4_1600x1600
VDD,met4-met5,STRIPE,via,22521,23440,24121,25040,1600,via4_1600x1600
VDD,met3-met4,STRIPE,via,267363,269040,268963,269520,1600,via3_1600x480
VDD,met2-met3,STRIPE,via,267363,269040,268963,269520,1600,via2_1600x480
VDD,met1-met2,STRIPE,via,267363,269040,268963,269520,1600,via_1600x480
VDD,met3-met4,STRIPE,via,239644,269040,241244,269520,1600,via3_1600x480
VDD,met2-met3,STRIPE,via,239644,269040,241244,269520,1600,via2_1600x480
VDD,met1-met2,STRIPE,via,239644,269040,241244,269520,1600,via_1600x480
VDD,met3-met4,STRIPE,via,212805,269040,214405,269520,1600,via3_1600x480
VDD,met2-met3,STRIPE,via,212805,269040,214405,269520,1600,via2_1600x480
VDD,met1-met2,STRIPE,via,212805,269040,214405,269520,1600,via_1600x480
VDD,met3-met4,STRIPE,via,186033,269040,187633,269520,1600,via3_1600x480
VDD,met2-met3,STRIPE,via,186033,269040,187633,269520,1600,via2_1600x480
VDD,met1-met2,STRIPE,via,186033,269040,187633,269520,1600,via_1600x480
VDD,met3-met4,STRIPE,via,158611,269040,160211,269520,1600,via3_1600x480
VDD,met2-met3,STRIPE,via,158611,269040,160211,269520,1600,via2_1600x480
VDD,met1-met2,STRIPE,via,158611,269040,160211,269520,1600,via_1600x480
VDD,met3-met4,STRIPE,via,131821,269040,133421,269520,1600,via3_1600x480
VDD,met2-met3,STRIPE,via,131821,269040,133421,269520,1600,via2_1600x480
VDD,met1-met2,STRIPE,via,131821,269040,133421,269520,1600,via_1600x480
VDD,met3-met4,STRIPE,via,103923,269040,105523,269520,1600,via3_1600x480
VDD,met2-met3,STRIPE,via,103923,269040,105523,269520,1600,via2_1600x480
VDD,met1-met2,STRIPE,via,103923,269040,105523,269520,1600,via_1600x480
VDD,met3-met4,STRIPE,via,76966,269040,78566,269520,1600,via3_1600x480
VDD,met2-met3,STRIPE,via,76966,269040,78566,269520,1600,via2_1600x480
VDD,met1-met2,STRIPE,via,76966,269040,78566,269520,1600,via_1600x480
VDD,met3-met4,STRIPE,via,49564,269040,51164,269520,1600,via3_1600x480
VDD,met2-met3,STRIPE,via,49564,269040,51164,269520,1600,via2_1600x480
VDD,met1-met2,STRIPE,via,49564,269040,51164,269520,1600,via_1600x480
VDD,met3-met4,STRIPE,via,22521,269040,24121,269520,1600,via3_1600x480
VDD,met2-met3,STRIPE,via,22521,269040,24121,269520,1600,via2_1600x480
VDD,met1-met2,STRIPE,via,22521,269040,24121,269520,1600,via_1600x480
VDD,met3-met4,STRIPE,via,267363,263600,268963,264080,1600,via3_1600x480
VDD,met2-met3,STRIPE,via,267363,263600,268963,264080,1600,via2_1600x480
VDD,met1-met2,STRIPE,via,267363,263600,268963,264080,1600,via_1600x480
VDD,met3-met4,STRIPE,via,239644,263600,241244,264080,1600,via3_1600x480
VDD,met2-met3,STRIPE,via,239644,263600,241244,264080,1600,via2_1600x480
VDD,met1-met2,STRIPE,via,239644,263600,241244,264080,1600,via_1600x480
VDD,met3-met4,STRIPE,via,212805,263600,214405,264080,1600,via3_1600x480
VDD,met2-met3,STRIPE,via,212805,263600,214405,264080,1600,via2_1600x480
VDD,met1-met2,STRIPE,via,212805,263600,214405,264080,1600,via_1600x480
VDD,met3-met4,STRIPE,via,186033,263600,187633,264080,1600,via3_1600x480
VDD,met2-met3,STRIPE,via,186033,263600,187633,264080,1600,via2_1600x480
VDD,met1-met2,STRIPE,via,186033,263600,187633,264080,1600,via_1600x480
VDD,met3-met4,STRIPE,via,158611,263600,160211,264080,1600,via3_1600x480
VDD,met2-met3,STRIPE,via,158611,263600,160211,264080,1600,via2_1600x480
VDD,met1-met2,STRIPE,via,158611,263600,160211,264080,1600,via_1600x480
VDD,met3-met4,STRIPE,via,131821,263600,133421,264080,1600,via3_1600x480
VDD,met2-met3,STRIPE,via,131821,263600,133421,264080,1600,via2_1600x480
VDD,met1-met2,STRIPE,via,131821,263600,133421,264080,1600,via_1600x480
VDD,met3-met4,STRIPE,via,103923,263600,105523,264080,1600,via3_1600x480
VDD,met2-met3,STRIPE,via,103923,263600,105523,264080,1600,via2_1600x480
VDD,met1-met2,STRIPE,via,103923,263600,105523,264080,1600,via_1600x480
VDD,met3-met4,STRIPE,via,76966,263600,78566,264080,1600,via3_1600x480
VDD,met2-met3,STRIPE,via,76966,263600,78566,264080,1600,via2_1600x480
VDD,met1-met2,STRIPE,via,76966,263600,78566,264080,1600,via_1600x480
VDD,met3-met4,STRIPE,via,49564,263600,51164,264080,1600,via3_1600x480
VDD,met2-met3,STRIPE,via,49564,263600,51164,264080,1600,via2_1600x480
VDD,met1-met2,STRIPE,via,49564,263600,51164,264080,1600,via_1600x480
VDD,met3-met4,STRIPE,via,22521,263600,24121,264080,1600,via3_1600x480
VDD,met2-met3,STRIPE,via,22521,263600,24121,264080,1600,via2_1600x480
VDD,met1-met2,STRIPE,via,22521,263600,24121,264080,1600,via_1600x480
VDD,met3-met4,STRIPE,via,267363,258160,268963,258640,1600,via3_1600x480
VDD,met2-met3,STRIPE,via,267363,258160,268963,258640,1600,via2_1600x480
VDD,met1-met2,STRIPE,via,267363,258160,268963,258640,1600,via_1600x480
VDD,met3-met4,STRIPE,via,239644,258160,241244,258640,1600,via3_1600x480
VDD,met2-met3,STRIPE,via,239644,258160,241244,258640,1600,via2_1600x480
VDD,met1-met2,STRIPE,via,239644,258160,241244,258640,1600,via_1600x480
VDD,met3-met4,STRIPE,via,212805,258160,214405,258640,1600,via3_1600x480
VDD,met2-met3,STRIPE,via,212805,258160,214405,258640,1600,via2_1600x480
VDD,met1-met2,STRIPE,via,212805,258160,214405,258640,1600,via_1600x480
VDD,met3-met4,STRIPE,via,186033,258160,187633,258640,1600,via3_1600x480
VDD,met2-met3,STRIPE,via,186033,258160,187633,258640,1600,via2_1600x480
VDD,met1-met2,STRIPE,via,186033,258160,187633,258640,1600,via_1600x480
VDD,met3-met4,STRIPE,via,158611,258160,160211,258640,1600,via3_1600x480
VDD,met2-met3,STRIPE,via,158611,258160,160211,258640,1600,via2_1600x480
VDD,met1-met2,STRIPE,via,158611,258160,160211,258640,1600,via_1600x480
VDD,met3-met4,STRIPE,via,131821,258160,133421,258640,1600,via3_1600x480
VDD,met2-met3,STRIPE,via,131821,258160,133421,258640,1600,via2_1600x480
VDD,met1-met2,STRIPE,via,131821,258160,133421,258640,1600,via_1600x480
VDD,met3-met4,STRIPE,via,103923,258160,105523,258640,1600,via3_1600x480
VDD,met2-met3,STRIPE,via,103923,258160,105523,258640,1600,via2_1600x480
VDD,met1-met2,STRIPE,via,103923,258160,105523,258640,1600,via_1600x480
VDD,met3-met4,STRIPE,via,76966,258160,78566,258640,1600,via3_1600x480
VDD,met2-met3,STRIPE,via,76966,258160,78566,258640,1600,via2_1600x480
VDD,met1-met2,STRIPE,via,76966,258160,78566,258640,1600,via_1600x480
VDD,met3-met4,STRIPE,via,49564,258160,51164,258640,1600,via3_1600x480
VDD,met2-met3,STRIPE,via,49564,258160,51164,258640,1600,via2_1600x480
VDD,met1-met2,STRIPE,via,49564,258160,51164,258640,1600,via_1600x480
VDD,met3-met4,STRIPE,via,22521,258160,24121,258640,1600,via3_1600x480
VDD,met2-met3,STRIPE,via,22521,258160,24121,258640,1600,via2_1600x480
VDD,met1-met2,STRIPE,via,22521,258160,24121,258640,1600,via_1600x480
VDD,met3-met4,STRIPE,via,267363,252720,268963,253200,1600,via3_1600x480
VDD,met2-met3,STRIPE,via,267363,252720,268963,253200,1600,via2_1600x480
VDD,met1-met2,STRIPE,via,267363,252720,268963,253200,1600,via_1600x480
VDD,met3-met4,STRIPE,via,239644,252720,241244,253200,1600,via3_1600x480
VDD,met2-met3,STRIPE,via,239644,252720,241244,253200,1600,via2_1600x480
VDD,met1-met2,STRIPE,via,239644,252720,241244,253200,1600,via_1600x480
VDD,met3-met4,STRIPE,via,212805,252720,214405,253200,1600,via3_1600x480
VDD,met2-met3,STRIPE,via,212805,252720,214405,253200,1600,via2_1600x480
VDD,met1-met2,STRIPE,via,212805,252720,214405,253200,1600,via_1600x480
VDD,met3-met4,STRIPE,via,186033,252720,187633,253200,1600,via3_1600x480
VDD,met2-met3,STRIPE,via,186033,252720,187633,253200,1600,via2_1600x480
VDD,met1-met2,STRIPE,via,186033,252720,187633,253200,1600,via_1600x480
VDD,met3-met4,STRIPE,via,158611,252720,160211,253200,1600,via3_1600x480
VDD,met2-met3,STRIPE,via,158611,252720,160211,253200,1600,via2_1600x480
VDD,met1-met2,STRIPE,via,158611,252720,160211,253200,1600,via_1600x480
VDD,met3-met4,STRIPE,via,131821,252720,133421,253200,1600,via3_1600x480
VDD,met2-met3,STRIPE,via,131821,252720,133421,253200,1600,via2_1600x480
VDD,met1-met2,STRIPE,via,131821,252720,133421,253200,1600,via_1600x480
VDD,met3-met4,STRIPE,via,103923,252720,105523,253200,1600,via3_1600x480
VDD,met2-met3,STRIPE,via,103923,252720,105523,253200,1600,via2_1600x480
VDD,met1-met2,STRIPE,via,103923,252720,105523,253200,1600,via_1600x480
VDD,met3-met4,STRIPE,via,76966,252720,78566,253200,1600,via3_1600x480
VDD,met2-met3,STRIPE,via,76966,252720,78566,253200,1600,via2_1600x480
VDD,met1-met2,STRIPE,via,76966,252720,78566,253200,1600,via_1600x480
VDD,met3-met4,STRIPE,via,49564,252720,51164,253200,1600,via3_1600x480
VDD,met2-met3,STRIPE,via,49564,252720,51164,253200,1600,via2_1600x480
VDD,met1-met2,STRIPE,via,49564,252720,51164,253200,1600,via_1600x480
VDD,met3-met4,STRIPE,via,22521,252720,24121,253200,1600,via3_1600x480
VDD,met2-met3,STRIPE,via,22521,252720,24121,253200,1600,via2_1600x480
VDD,met1-met2,STRIPE,via,22521,252720,24121,253200,1600,via_1600x480
VDD,met3-met4,STRIPE,via,267363,247280,268963,247760,1600,via3_1600x480
VDD,met2-met3,STRIPE,via,267363,247280,268963,247760,1600,via2_1600x480
VDD,met1-met2,STRIPE,via,267363,247280,268963,247760,1600,via_1600x480
VDD,met3-met4,STRIPE,via,239644,247280,241244,247760,1600,via3_1600x480
VDD,met2-met3,STRIPE,via,239644,247280,241244,247760,1600,via2_1600x480
VDD,met1-met2,STRIPE,via,239644,247280,241244,247760,1600,via_1600x480
VDD,met3-met4,STRIPE,via,212805,247280,214405,247760,1600,via3_1600x480
VDD,met2-met3,STRIPE,via,212805,247280,214405,247760,1600,via2_1600x480
VDD,met1-met2,STRIPE,via,212805,247280,214405,247760,1600,via_1600x480
VDD,met3-met4,STRIPE,via,186033,247280,187633,247760,1600,via3_1600x480
VDD,met2-met3,STRIPE,via,186033,247280,187633,247760,1600,via2_1600x480
VDD,met1-met2,STRIPE,via,186033,247280,187633,247760,1600,via_1600x480
VDD,met3-met4,STRIPE,via,158611,247280,160211,247760,1600,via3_1600x480
VDD,met2-met3,STRIPE,via,158611,247280,160211,247760,1600,via2_1600x480
VDD,met1-met2,STRIPE,via,158611,247280,160211,247760,1600,via_1600x480
VDD,met3-met4,STRIPE,via,131821,247280,133421,247760,1600,via3_1600x480
VDD,met2-met3,STRIPE,via,131821,247280,133421,247760,1600,via2_1600x480
VDD,met1-met2,STRIPE,via,131821,247280,133421,247760,1600,via_1600x480
VDD,met3-met4,STRIPE,via,103923,247280,105523,247760,1600,via3_1600x480
VDD,met2-met3,STRIPE,via,103923,247280,105523,247760,1600,via2_1600x480
VDD,met1-met2,STRIPE,via,103923,247280,105523,247760,1600,via_1600x480
VDD,met3-met4,STRIPE,via,76966,247280,78566,247760,1600,via3_1600x480
VDD,met2-met3,STRIPE,via,76966,247280,78566,247760,1600,via2_1600x480
VDD,met1-met2,STRIPE,via,76966,247280,78566,247760,1600,via_1600x480
VDD,met3-met4,STRIPE,via,49564,247280,51164,247760,1600,via3_1600x480
VDD,met2-met3,STRIPE,via,49564,247280,51164,247760,1600,via2_1600x480
VDD,met1-met2,STRIPE,via,49564,247280,51164,247760,1600,via_1600x480
VDD,met3-met4,STRIPE,via,22521,247280,24121,247760,1600,via3_1600x480
VDD,met2-met3,STRIPE,via,22521,247280,24121,247760,1600,via2_1600x480
VDD,met1-met2,STRIPE,via,22521,247280,24121,247760,1600,via_1600x480
VDD,met3-met4,STRIPE,via,267363,241840,268963,242320,1600,via3_1600x480
VDD,met2-met3,STRIPE,via,267363,241840,268963,242320,1600,via2_1600x480
VDD,met1-met2,STRIPE,via,267363,241840,268963,242320,1600,via_1600x480
VDD,met3-met4,STRIPE,via,239644,241840,241244,242320,1600,via3_1600x480
VDD,met2-met3,STRIPE,via,239644,241840,241244,242320,1600,via2_1600x480
VDD,met1-met2,STRIPE,via,239644,241840,241244,242320,1600,via_1600x480
VDD,met3-met4,STRIPE,via,212805,241840,214405,242320,1600,via3_1600x480
VDD,met2-met3,STRIPE,via,212805,241840,214405,242320,1600,via2_1600x480
VDD,met1-met2,STRIPE,via,212805,241840,214405,242320,1600,via_1600x480
VDD,met3-met4,STRIPE,via,186033,241840,187633,242320,1600,via3_1600x480
VDD,met2-met3,STRIPE,via,186033,241840,187633,242320,1600,via2_1600x480
VDD,met1-met2,STRIPE,via,186033,241840,187633,242320,1600,via_1600x480
VDD,met3-met4,STRIPE,via,158611,241840,160211,242320,1600,via3_1600x480
VDD,met2-met3,STRIPE,via,158611,241840,160211,242320,1600,via2_1600x480
VDD,met1-met2,STRIPE,via,158611,241840,160211,242320,1600,via_1600x480
VDD,met3-met4,STRIPE,via,131821,241840,133421,242320,1600,via3_1600x480
VDD,met2-met3,STRIPE,via,131821,241840,133421,242320,1600,via2_1600x480
VDD,met1-met2,STRIPE,via,131821,241840,133421,242320,1600,via_1600x480
VDD,met3-met4,STRIPE,via,103923,241840,105523,242320,1600,via3_1600x480
VDD,met2-met3,STRIPE,via,103923,241840,105523,242320,1600,via2_1600x480
VDD,met1-met2,STRIPE,via,103923,241840,105523,242320,1600,via_1600x480
VDD,met3-met4,STRIPE,via,76966,241840,78566,242320,1600,via3_1600x480
VDD,met2-met3,STRIPE,via,76966,241840,78566,242320,1600,via2_1600x480
VDD,met1-met2,STRIPE,via,76966,241840,78566,242320,1600,via_1600x480
VDD,met3-met4,STRIPE,via,49564,241840,51164,242320,1600,via3_1600x480
VDD,met2-met3,STRIPE,via,49564,241840,51164,242320,1600,via2_1600x480
VDD,met1-met2,STRIPE,via,49564,241840,51164,242320,1600,via_1600x480
VDD,met3-met4,STRIPE,via,22521,241840,24121,242320,1600,via3_1600x480
VDD,met2-met3,STRIPE,via,22521,241840,24121,242320,1600,via2_1600x480
VDD,met1-met2,STRIPE,via,22521,241840,24121,242320,1600,via_1600x480
VDD,met3-met4,STRIPE,via,267363,236400,268963,236880,1600,via3_1600x480
VDD,met2-met3,STRIPE,via,267363,236400,268963,236880,1600,via2_1600x480
VDD,met1-met2,STRIPE,via,267363,236400,268963,236880,1600,via_1600x480
VDD,met3-met4,STRIPE,via,239644,236400,241244,236880,1600,via3_1600x480
VDD,met2-met3,STRIPE,via,239644,236400,241244,236880,1600,via2_1600x480
VDD,met1-met2,STRIPE,via,239644,236400,241244,236880,1600,via_1600x480
VDD,met3-met4,STRIPE,via,212805,236400,214405,236880,1600,via3_1600x480
VDD,met2-met3,STRIPE,via,212805,236400,214405,236880,1600,via2_1600x480
VDD,met1-met2,STRIPE,via,212805,236400,214405,236880,1600,via_1600x480
VDD,met3-met4,STRIPE,via,186033,236400,187633,236880,1600,via3_1600x480
VDD,met2-met3,STRIPE,via,186033,236400,187633,236880,1600,via2_1600x480
VDD,met1-met2,STRIPE,via,186033,236400,187633,236880,1600,via_1600x480
VDD,met3-met4,STRIPE,via,158611,236400,160211,236880,1600,via3_1600x480
VDD,met2-met3,STRIPE,via,158611,236400,160211,236880,1600,via2_1600x480
VDD,met1-met2,STRIPE,via,158611,236400,160211,236880,1600,via_1600x480
VDD,met3-met4,STRIPE,via,131821,236400,133421,236880,1600,via3_1600x480
VDD,met2-met3,STRIPE,via,131821,236400,133421,236880,1600,via2_1600x480
VDD,met1-met2,STRIPE,via,131821,236400,133421,236880,1600,via_1600x480
VDD,met3-met4,STRIPE,via,103923,236400,105523,236880,1600,via3_1600x480
VDD,met2-met3,STRIPE,via,103923,236400,105523,236880,1600,via2_1600x480
VDD,met1-met2,STRIPE,via,103923,236400,105523,236880,1600,via_1600x480
VDD,met3-met4,STRIPE,via,76966,236400,78566,236880,1600,via3_1600x480
VDD,met2-met3,STRIPE,via,76966,236400,78566,236880,1600,via2_1600x480
VDD,met1-met2,STRIPE,via,76966,236400,78566,236880,1600,via_1600x480
VDD,met3-met4,STRIPE,via,49564,236400,51164,236880,1600,via3_1600x480
VDD,met2-met3,STRIPE,via,49564,236400,51164,236880,1600,via2_1600x480
VDD,met1-met2,STRIPE,via,49564,236400,51164,236880,1600,via_1600x480
VDD,met3-met4,STRIPE,via,22521,236400,24121,236880,1600,via3_1600x480
VDD,met2-met3,STRIPE,via,22521,236400,24121,236880,1600,via2_1600x480
VDD,met1-met2,STRIPE,via,22521,236400,24121,236880,1600,via_1600x480
VDD,met3-met4,STRIPE,via,267363,230960,268963,231440,1600,via3_1600x480
VDD,met2-met3,STRIPE,via,267363,230960,268963,231440,1600,via2_1600x480
VDD,met1-met2,STRIPE,via,267363,230960,268963,231440,1600,via_1600x480
VDD,met3-met4,STRIPE,via,239644,230960,241244,231440,1600,via3_1600x480
VDD,met2-met3,STRIPE,via,239644,230960,241244,231440,1600,via2_1600x480
VDD,met1-met2,STRIPE,via,239644,230960,241244,231440,1600,via_1600x480
VDD,met3-met4,STRIPE,via,212805,230960,214405,231440,1600,via3_1600x480
VDD,met2-met3,STRIPE,via,212805,230960,214405,231440,1600,via2_1600x480
VDD,met1-met2,STRIPE,via,212805,230960,214405,231440,1600,via_1600x480
VDD,met3-met4,STRIPE,via,186033,230960,187633,231440,1600,via3_1600x480
VDD,met2-met3,STRIPE,via,186033,230960,187633,231440,1600,via2_1600x480
VDD,met1-met2,STRIPE,via,186033,230960,187633,231440,1600,via_1600x480
VDD,met3-met4,STRIPE,via,158611,230960,160211,231440,1600,via3_1600x480
VDD,met2-met3,STRIPE,via,158611,230960,160211,231440,1600,via2_1600x480
VDD,met1-met2,STRIPE,via,158611,230960,160211,231440,1600,via_1600x480
VDD,met3-met4,STRIPE,via,131821,230960,133421,231440,1600,via3_1600x480
VDD,met2-met3,STRIPE,via,131821,230960,133421,231440,1600,via2_1600x480
VDD,met1-met2,STRIPE,via,131821,230960,133421,231440,1600,via_1600x480
VDD,met3-met4,STRIPE,via,103923,230960,105523,231440,1600,via3_1600x480
VDD,met2-met3,STRIPE,via,103923,230960,105523,231440,1600,via2_1600x480
VDD,met1-met2,STRIPE,via,103923,230960,105523,231440,1600,via_1600x480
VDD,met3-met4,STRIPE,via,76966,230960,78566,231440,1600,via3_1600x480
VDD,met2-met3,STRIPE,via,76966,230960,78566,231440,1600,via2_1600x480
VDD,met1-met2,STRIPE,via,76966,230960,78566,231440,1600,via_1600x480
VDD,met3-met4,STRIPE,via,49564,230960,51164,231440,1600,via3_1600x480
VDD,met2-met3,STRIPE,via,49564,230960,51164,231440,1600,via2_1600x480
VDD,met1-met2,STRIPE,via,49564,230960,51164,231440,1600,via_1600x480
VDD,met3-met4,STRIPE,via,22521,230960,24121,231440,1600,via3_1600x480
VDD,met2-met3,STRIPE,via,22521,230960,24121,231440,1600,via2_1600x480
VDD,met1-met2,STRIPE,via,22521,230960,24121,231440,1600,via_1600x480
VDD,met3-met4,STRIPE,via,267363,225520,268963,226000,1600,via3_1600x480
VDD,met2-met3,STRIPE,via,267363,225520,268963,226000,1600,via2_1600x480
VDD,met1-met2,STRIPE,via,267363,225520,268963,226000,1600,via_1600x480
VDD,met3-met4,STRIPE,via,239644,225520,241244,226000,1600,via3_1600x480
VDD,met2-met3,STRIPE,via,239644,225520,241244,226000,1600,via2_1600x480
VDD,met1-met2,STRIPE,via,239644,225520,241244,226000,1600,via_1600x480
VDD,met3-met4,STRIPE,via,212805,225520,214405,226000,1600,via3_1600x480
VDD,met2-met3,STRIPE,via,212805,225520,214405,226000,1600,via2_1600x480
VDD,met1-met2,STRIPE,via,212805,225520,214405,226000,1600,via_1600x480
VDD,met3-met4,STRIPE,via,186033,225520,187633,226000,1600,via3_1600x480
VDD,met2-met3,STRIPE,via,186033,225520,187633,226000,1600,via2_1600x480
VDD,met1-met2,STRIPE,via,186033,225520,187633,226000,1600,via_1600x480
VDD,met3-met4,STRIPE,via,158611,225520,160211,226000,1600,via3_1600x480
VDD,met2-met3,STRIPE,via,158611,225520,160211,226000,1600,via2_1600x480
VDD,met1-met2,STRIPE,via,158611,225520,160211,226000,1600,via_1600x480
VDD,met3-met4,STRIPE,via,131821,225520,133421,226000,1600,via3_1600x480
VDD,met2-met3,STRIPE,via,131821,225520,133421,226000,1600,via2_1600x480
VDD,met1-met2,STRIPE,via,131821,225520,133421,226000,1600,via_1600x480
VDD,met3-met4,STRIPE,via,103923,225520,105523,226000,1600,via3_1600x480
VDD,met2-met3,STRIPE,via,103923,225520,105523,226000,1600,via2_1600x480
VDD,met1-met2,STRIPE,via,103923,225520,105523,226000,1600,via_1600x480
VDD,met3-met4,STRIPE,via,76966,225520,78566,226000,1600,via3_1600x480
VDD,met2-met3,STRIPE,via,76966,225520,78566,226000,1600,via2_1600x480
VDD,met1-met2,STRIPE,via,76966,225520,78566,226000,1600,via_1600x480
VDD,met3-met4,STRIPE,via,49564,225520,51164,226000,1600,via3_1600x480
VDD,met2-met3,STRIPE,via,49564,225520,51164,226000,1600,via2_1600x480
VDD,met1-met2,STRIPE,via,49564,225520,51164,226000,1600,via_1600x480
VDD,met3-met4,STRIPE,via,22521,225520,24121,226000,1600,via3_1600x480
VDD,met2-met3,STRIPE,via,22521,225520,24121,226000,1600,via2_1600x480
VDD,met1-met2,STRIPE,via,22521,225520,24121,226000,1600,via_1600x480
VDD,met3-met4,STRIPE,via,267363,220080,268963,220560,1600,via3_1600x480
VDD,met2-met3,STRIPE,via,267363,220080,268963,220560,1600,via2_1600x480
VDD,met1-met2,STRIPE,via,267363,220080,268963,220560,1600,via_1600x480
VDD,met3-met4,STRIPE,via,239644,220080,241244,220560,1600,via3_1600x480
VDD,met2-met3,STRIPE,via,239644,220080,241244,220560,1600,via2_1600x480
VDD,met1-met2,STRIPE,via,239644,220080,241244,220560,1600,via_1600x480
VDD,met3-met4,STRIPE,via,212805,220080,214405,220560,1600,via3_1600x480
VDD,met2-met3,STRIPE,via,212805,220080,214405,220560,1600,via2_1600x480
VDD,met1-met2,STRIPE,via,212805,220080,214405,220560,1600,via_1600x480
VDD,met3-met4,STRIPE,via,186033,220080,187633,220560,1600,via3_1600x480
VDD,met2-met3,STRIPE,via,186033,220080,187633,220560,1600,via2_1600x480
VDD,met1-met2,STRIPE,via,186033,220080,187633,220560,1600,via_1600x480
VDD,met3-met4,STRIPE,via,158611,220080,160211,220560,1600,via3_1600x480
VDD,met2-met3,STRIPE,via,158611,220080,160211,220560,1600,via2_1600x480
VDD,met1-met2,STRIPE,via,158611,220080,160211,220560,1600,via_1600x480
VDD,met3-met4,STRIPE,via,131821,220080,133421,220560,1600,via3_1600x480
VDD,met2-met3,STRIPE,via,131821,220080,133421,220560,1600,via2_1600x480
VDD,met1-met2,STRIPE,via,131821,220080,133421,220560,1600,via_1600x480
VDD,met3-met4,STRIPE,via,103923,220080,105523,220560,1600,via3_1600x480
VDD,met2-met3,STRIPE,via,103923,220080,105523,220560,1600,via2_1600x480
VDD,met1-met2,STRIPE,via,103923,220080,105523,220560,1600,via_1600x480
VDD,met3-met4,STRIPE,via,76966,220080,78566,220560,1600,via3_1600x480
VDD,met2-met3,STRIPE,via,76966,220080,78566,220560,1600,via2_1600x480
VDD,met1-met2,STRIPE,via,76966,220080,78566,220560,1600,via_1600x480
VDD,met3-met4,STRIPE,via,49564,220080,51164,220560,1600,via3_1600x480
VDD,met2-met3,STRIPE,via,49564,220080,51164,220560,1600,via2_1600x480
VDD,met1-met2,STRIPE,via,49564,220080,51164,220560,1600,via_1600x480
VDD,met3-met4,STRIPE,via,22521,220080,24121,220560,1600,via3_1600x480
VDD,met2-met3,STRIPE,via,22521,220080,24121,220560,1600,via2_1600x480
VDD,met1-met2,STRIPE,via,22521,220080,24121,220560,1600,via_1600x480
VDD,met3-met4,STRIPE,via,267363,214640,268963,215120,1600,via3_1600x480
VDD,met2-met3,STRIPE,via,267363,214640,268963,215120,1600,via2_1600x480
VDD,met1-met2,STRIPE,via,267363,214640,268963,215120,1600,via_1600x480
VDD,met3-met4,STRIPE,via,239644,214640,241244,215120,1600,via3_1600x480
VDD,met2-met3,STRIPE,via,239644,214640,241244,215120,1600,via2_1600x480
VDD,met1-met2,STRIPE,via,239644,214640,241244,215120,1600,via_1600x480
VDD,met3-met4,STRIPE,via,212805,214640,214405,215120,1600,via3_1600x480
VDD,met2-met3,STRIPE,via,212805,214640,214405,215120,1600,via2_1600x480
VDD,met1-met2,STRIPE,via,212805,214640,214405,215120,1600,via_1600x480
VDD,met3-met4,STRIPE,via,186033,214640,187633,215120,1600,via3_1600x480
VDD,met2-met3,STRIPE,via,186033,214640,187633,215120,1600,via2_1600x480
VDD,met1-met2,STRIPE,via,186033,214640,187633,215120,1600,via_1600x480
VDD,met3-met4,STRIPE,via,158611,214640,160211,215120,1600,via3_1600x480
VDD,met2-met3,STRIPE,via,158611,214640,160211,215120,1600,via2_1600x480
VDD,met1-met2,STRIPE,via,158611,214640,160211,215120,1600,via_1600x480
VDD,met3-met4,STRIPE,via,131821,214640,133421,215120,1600,via3_1600x480
VDD,met2-met3,STRIPE,via,131821,214640,133421,215120,1600,via2_1600x480
VDD,met1-met2,STRIPE,via,131821,214640,133421,215120,1600,via_1600x480
VDD,met3-met4,STRIPE,via,103923,214640,105523,215120,1600,via3_1600x480
VDD,met2-met3,STRIPE,via,103923,214640,105523,215120,1600,via2_1600x480
VDD,met1-met2,STRIPE,via,103923,214640,105523,215120,1600,via_1600x480
VDD,met3-met4,STRIPE,via,76966,214640,78566,215120,1600,via3_1600x480
VDD,met2-met3,STRIPE,via,76966,214640,78566,215120,1600,via2_1600x480
VDD,met1-met2,STRIPE,via,76966,214640,78566,215120,1600,via_1600x480
VDD,met3-met4,STRIPE,via,49564,214640,51164,215120,1600,via3_1600x480
VDD,met2-met3,STRIPE,via,49564,214640,51164,215120,1600,via2_1600x480
VDD,met1-met2,STRIPE,via,49564,214640,51164,215120,1600,via_1600x480
VDD,met3-met4,STRIPE,via,22521,214640,24121,215120,1600,via3_1600x480
VDD,met2-met3,STRIPE,via,22521,214640,24121,215120,1600,via2_1600x480
VDD,met1-met2,STRIPE,via,22521,214640,24121,215120,1600,via_1600x480
VDD,met3-met4,STRIPE,via,267363,209200,268963,209680,1600,via3_1600x480
VDD,met2-met3,STRIPE,via,267363,209200,268963,209680,1600,via2_1600x480
VDD,met1-met2,STRIPE,via,267363,209200,268963,209680,1600,via_1600x480
VDD,met3-met4,STRIPE,via,239644,209200,241244,209680,1600,via3_1600x480
VDD,met2-met3,STRIPE,via,239644,209200,241244,209680,1600,via2_1600x480
VDD,met1-met2,STRIPE,via,239644,209200,241244,209680,1600,via_1600x480
VDD,met3-met4,STRIPE,via,212805,209200,214405,209680,1600,via3_1600x480
VDD,met2-met3,STRIPE,via,212805,209200,214405,209680,1600,via2_1600x480
VDD,met1-met2,STRIPE,via,212805,209200,214405,209680,1600,via_1600x480
VDD,met3-met4,STRIPE,via,186033,209200,187633,209680,1600,via3_1600x480
VDD,met2-met3,STRIPE,via,186033,209200,187633,209680,1600,via2_1600x480
VDD,met1-met2,STRIPE,via,186033,209200,187633,209680,1600,via_1600x480
VDD,met3-met4,STRIPE,via,158611,209200,160211,209680,1600,via3_1600x480
VDD,met2-met3,STRIPE,via,158611,209200,160211,209680,1600,via2_1600x480
VDD,met1-met2,STRIPE,via,158611,209200,160211,209680,1600,via_1600x480
VDD,met3-met4,STRIPE,via,131821,209200,133421,209680,1600,via3_1600x480
VDD,met2-met3,STRIPE,via,131821,209200,133421,209680,1600,via2_1600x480
VDD,met1-met2,STRIPE,via,131821,209200,133421,209680,1600,via_1600x480
VDD,met3-met4,STRIPE,via,103923,209200,105523,209680,1600,via3_1600x480
VDD,met2-met3,STRIPE,via,103923,209200,105523,209680,1600,via2_1600x480
VDD,met1-met2,STRIPE,via,103923,209200,105523,209680,1600,via_1600x480
VDD,met3-met4,STRIPE,via,76966,209200,78566,209680,1600,via3_1600x480
VDD,met2-met3,STRIPE,via,76966,209200,78566,209680,1600,via2_1600x480
VDD,met1-met2,STRIPE,via,76966,209200,78566,209680,1600,via_1600x480
VDD,met3-met4,STRIPE,via,49564,209200,51164,209680,1600,via3_1600x480
VDD,met2-met3,STRIPE,via,49564,209200,51164,209680,1600,via2_1600x480
VDD,met1-met2,STRIPE,via,49564,209200,51164,209680,1600,via_1600x480
VDD,met3-met4,STRIPE,via,22521,209200,24121,209680,1600,via3_1600x480
VDD,met2-met3,STRIPE,via,22521,209200,24121,209680,1600,via2_1600x480
VDD,met1-met2,STRIPE,via,22521,209200,24121,209680,1600,via_1600x480
VDD,met3-met4,STRIPE,via,267363,203760,268963,204240,1600,via3_1600x480
VDD,met2-met3,STRIPE,via,267363,203760,268963,204240,1600,via2_1600x480
VDD,met1-met2,STRIPE,via,267363,203760,268963,204240,1600,via_1600x480
VDD,met3-met4,STRIPE,via,239644,203760,241244,204240,1600,via3_1600x480
VDD,met2-met3,STRIPE,via,239644,203760,241244,204240,1600,via2_1600x480
VDD,met1-met2,STRIPE,via,239644,203760,241244,204240,1600,via_1600x480
VDD,met3-met4,STRIPE,via,212805,203760,214405,204240,1600,via3_1600x480
VDD,met2-met3,STRIPE,via,212805,203760,214405,204240,1600,via2_1600x480
VDD,met1-met2,STRIPE,via,212805,203760,214405,204240,1600,via_1600x480
VDD,met3-met4,STRIPE,via,186033,203760,187633,204240,1600,via3_1600x480
VDD,met2-met3,STRIPE,via,186033,203760,187633,204240,1600,via2_1600x480
VDD,met1-met2,STRIPE,via,186033,203760,187633,204240,1600,via_1600x480
VDD,met3-met4,STRIPE,via,158611,203760,160211,204240,1600,via3_1600x480
VDD,met2-met3,STRIPE,via,158611,203760,160211,204240,1600,via2_1600x480
VDD,met1-met2,STRIPE,via,158611,203760,160211,204240,1600,via_1600x480
VDD,met3-met4,STRIPE,via,131821,203760,133421,204240,1600,via3_1600x480
VDD,met2-met3,STRIPE,via,131821,203760,133421,204240,1600,via2_1600x480
VDD,met1-met2,STRIPE,via,131821,203760,133421,204240,1600,via_1600x480
VDD,met3-met4,STRIPE,via,103923,203760,105523,204240,1600,via3_1600x480
VDD,met2-met3,STRIPE,via,103923,203760,105523,204240,1600,via2_1600x480
VDD,met1-met2,STRIPE,via,103923,203760,105523,204240,1600,via_1600x480
VDD,met3-met4,STRIPE,via,76966,203760,78566,204240,1600,via3_1600x480
VDD,met2-met3,STRIPE,via,76966,203760,78566,204240,1600,via2_1600x480
VDD,met1-met2,STRIPE,via,76966,203760,78566,204240,1600,via_1600x480
VDD,met3-met4,STRIPE,via,49564,203760,51164,204240,1600,via3_1600x480
VDD,met2-met3,STRIPE,via,49564,203760,51164,204240,1600,via2_1600x480
VDD,met1-met2,STRIPE,via,49564,203760,51164,204240,1600,via_1600x480
VDD,met3-met4,STRIPE,via,22521,203760,24121,204240,1600,via3_1600x480
VDD,met2-met3,STRIPE,via,22521,203760,24121,204240,1600,via2_1600x480
VDD,met1-met2,STRIPE,via,22521,203760,24121,204240,1600,via_1600x480
VDD,met3-met4,STRIPE,via,267363,198320,268963,198800,1600,via3_1600x480
VDD,met2-met3,STRIPE,via,267363,198320,268963,198800,1600,via2_1600x480
VDD,met1-met2,STRIPE,via,267363,198320,268963,198800,1600,via_1600x480
VDD,met3-met4,STRIPE,via,239644,198320,241244,198800,1600,via3_1600x480
VDD,met2-met3,STRIPE,via,239644,198320,241244,198800,1600,via2_1600x480
VDD,met1-met2,STRIPE,via,239644,198320,241244,198800,1600,via_1600x480
VDD,met3-met4,STRIPE,via,212805,198320,214405,198800,1600,via3_1600x480
VDD,met2-met3,STRIPE,via,212805,198320,214405,198800,1600,via2_1600x480
VDD,met1-met2,STRIPE,via,212805,198320,214405,198800,1600,via_1600x480
VDD,met3-met4,STRIPE,via,186033,198320,187633,198800,1600,via3_1600x480
VDD,met2-met3,STRIPE,via,186033,198320,187633,198800,1600,via2_1600x480
VDD,met1-met2,STRIPE,via,186033,198320,187633,198800,1600,via_1600x480
VDD,met3-met4,STRIPE,via,158611,198320,160211,198800,1600,via3_1600x480
VDD,met2-met3,STRIPE,via,158611,198320,160211,198800,1600,via2_1600x480
VDD,met1-met2,STRIPE,via,158611,198320,160211,198800,1600,via_1600x480
VDD,met3-met4,STRIPE,via,131821,198320,133421,198800,1600,via3_1600x480
VDD,met2-met3,STRIPE,via,131821,198320,133421,198800,1600,via2_1600x480
VDD,met1-met2,STRIPE,via,131821,198320,133421,198800,1600,via_1600x480
VDD,met3-met4,STRIPE,via,103923,198320,105523,198800,1600,via3_1600x480
VDD,met2-met3,STRIPE,via,103923,198320,105523,198800,1600,via2_1600x480
VDD,met1-met2,STRIPE,via,103923,198320,105523,198800,1600,via_1600x480
VDD,met3-met4,STRIPE,via,76966,198320,78566,198800,1600,via3_1600x480
VDD,met2-met3,STRIPE,via,76966,198320,78566,198800,1600,via2_1600x480
VDD,met1-met2,STRIPE,via,76966,198320,78566,198800,1600,via_1600x480
VDD,met3-met4,STRIPE,via,49564,198320,51164,198800,1600,via3_1600x480
VDD,met2-met3,STRIPE,via,49564,198320,51164,198800,1600,via2_1600x480
VDD,met1-met2,STRIPE,via,49564,198320,51164,198800,1600,via_1600x480
VDD,met3-met4,STRIPE,via,22521,198320,24121,198800,1600,via3_1600x480
VDD,met2-met3,STRIPE,via,22521,198320,24121,198800,1600,via2_1600x480
VDD,met1-met2,STRIPE,via,22521,198320,24121,198800,1600,via_1600x480
VDD,met3-met4,STRIPE,via,267363,192880,268963,193360,1600,via3_1600x480
VDD,met2-met3,STRIPE,via,267363,192880,268963,193360,1600,via2_1600x480
VDD,met1-met2,STRIPE,via,267363,192880,268963,193360,1600,via_1600x480
VDD,met3-met4,STRIPE,via,239644,192880,241244,193360,1600,via3_1600x480
VDD,met2-met3,STRIPE,via,239644,192880,241244,193360,1600,via2_1600x480
VDD,met1-met2,STRIPE,via,239644,192880,241244,193360,1600,via_1600x480
VDD,met3-met4,STRIPE,via,212805,192880,214405,193360,1600,via3_1600x480
VDD,met2-met3,STRIPE,via,212805,192880,214405,193360,1600,via2_1600x480
VDD,met1-met2,STRIPE,via,212805,192880,214405,193360,1600,via_1600x480
VDD,met3-met4,STRIPE,via,186033,192880,187633,193360,1600,via3_1600x480
VDD,met2-met3,STRIPE,via,186033,192880,187633,193360,1600,via2_1600x480
VDD,met1-met2,STRIPE,via,186033,192880,187633,193360,1600,via_1600x480
VDD,met3-met4,STRIPE,via,158611,192880,160211,193360,1600,via3_1600x480
VDD,met2-met3,STRIPE,via,158611,192880,160211,193360,1600,via2_1600x480
VDD,met1-met2,STRIPE,via,158611,192880,160211,193360,1600,via_1600x480
VDD,met3-met4,STRIPE,via,131821,192880,133421,193360,1600,via3_1600x480
VDD,met2-met3,STRIPE,via,131821,192880,133421,193360,1600,via2_1600x480
VDD,met1-met2,STRIPE,via,131821,192880,133421,193360,1600,via_1600x480
VDD,met3-met4,STRIPE,via,103923,192880,105523,193360,1600,via3_1600x480
VDD,met2-met3,STRIPE,via,103923,192880,105523,193360,1600,via2_1600x480
VDD,met1-met2,STRIPE,via,103923,192880,105523,193360,1600,via_1600x480
VDD,met3-met4,STRIPE,via,76966,192880,78566,193360,1600,via3_1600x480
VDD,met2-met3,STRIPE,via,76966,192880,78566,193360,1600,via2_1600x480
VDD,met1-met2,STRIPE,via,76966,192880,78566,193360,1600,via_1600x480
VDD,met3-met4,STRIPE,via,49564,192880,51164,193360,1600,via3_1600x480
VDD,met2-met3,STRIPE,via,49564,192880,51164,193360,1600,via2_1600x480
VDD,met1-met2,STRIPE,via,49564,192880,51164,193360,1600,via_1600x480
VDD,met3-met4,STRIPE,via,22521,192880,24121,193360,1600,via3_1600x480
VDD,met2-met3,STRIPE,via,22521,192880,24121,193360,1600,via2_1600x480
VDD,met1-met2,STRIPE,via,22521,192880,24121,193360,1600,via_1600x480
VDD,met3-met4,STRIPE,via,267363,187440,268963,187920,1600,via3_1600x480
VDD,met2-met3,STRIPE,via,267363,187440,268963,187920,1600,via2_1600x480
VDD,met1-met2,STRIPE,via,267363,187440,268963,187920,1600,via_1600x480
VDD,met3-met4,STRIPE,via,239644,187440,241244,187920,1600,via3_1600x480
VDD,met2-met3,STRIPE,via,239644,187440,241244,187920,1600,via2_1600x480
VDD,met1-met2,STRIPE,via,239644,187440,241244,187920,1600,via_1600x480
VDD,met3-met4,STRIPE,via,212805,187440,214405,187920,1600,via3_1600x480
VDD,met2-met3,STRIPE,via,212805,187440,214405,187920,1600,via2_1600x480
VDD,met1-met2,STRIPE,via,212805,187440,214405,187920,1600,via_1600x480
VDD,met3-met4,STRIPE,via,186033,187440,187633,187920,1600,via3_1600x480
VDD,met2-met3,STRIPE,via,186033,187440,187633,187920,1600,via2_1600x480
VDD,met1-met2,STRIPE,via,186033,187440,187633,187920,1600,via_1600x480
VDD,met3-met4,STRIPE,via,158611,187440,160211,187920,1600,via3_1600x480
VDD,met2-met3,STRIPE,via,158611,187440,160211,187920,1600,via2_1600x480
VDD,met1-met2,STRIPE,via,158611,187440,160211,187920,1600,via_1600x480
VDD,met3-met4,STRIPE,via,131821,187440,133421,187920,1600,via3_1600x480
VDD,met2-met3,STRIPE,via,131821,187440,133421,187920,1600,via2_1600x480
VDD,met1-met2,STRIPE,via,131821,187440,133421,187920,1600,via_1600x480
VDD,met3-met4,STRIPE,via,103923,187440,105523,187920,1600,via3_1600x480
VDD,met2-met3,STRIPE,via,103923,187440,105523,187920,1600,via2_1600x480
VDD,met1-met2,STRIPE,via,103923,187440,105523,187920,1600,via_1600x480
VDD,met3-met4,STRIPE,via,76966,187440,78566,187920,1600,via3_1600x480
VDD,met2-met3,STRIPE,via,76966,187440,78566,187920,1600,via2_1600x480
VDD,met1-met2,STRIPE,via,76966,187440,78566,187920,1600,via_1600x480
VDD,met3-met4,STRIPE,via,49564,187440,51164,187920,1600,via3_1600x480
VDD,met2-met3,STRIPE,via,49564,187440,51164,187920,1600,via2_1600x480
VDD,met1-met2,STRIPE,via,49564,187440,51164,187920,1600,via_1600x480
VDD,met3-met4,STRIPE,via,22521,187440,24121,187920,1600,via3_1600x480
VDD,met2-met3,STRIPE,via,22521,187440,24121,187920,1600,via2_1600x480
VDD,met1-met2,STRIPE,via,22521,187440,24121,187920,1600,via_1600x480
VDD,met3-met4,STRIPE,via,267363,182000,268963,182480,1600,via3_1600x480
VDD,met2-met3,STRIPE,via,267363,182000,268963,182480,1600,via2_1600x480
VDD,met1-met2,STRIPE,via,267363,182000,268963,182480,1600,via_1600x480
VDD,met3-met4,STRIPE,via,239644,182000,241244,182480,1600,via3_1600x480
VDD,met2-met3,STRIPE,via,239644,182000,241244,182480,1600,via2_1600x480
VDD,met1-met2,STRIPE,via,239644,182000,241244,182480,1600,via_1600x480
VDD,met3-met4,STRIPE,via,212805,182000,214405,182480,1600,via3_1600x480
VDD,met2-met3,STRIPE,via,212805,182000,214405,182480,1600,via2_1600x480
VDD,met1-met2,STRIPE,via,212805,182000,214405,182480,1600,via_1600x480
VDD,met3-met4,STRIPE,via,186033,182000,187633,182480,1600,via3_1600x480
VDD,met2-met3,STRIPE,via,186033,182000,187633,182480,1600,via2_1600x480
VDD,met1-met2,STRIPE,via,186033,182000,187633,182480,1600,via_1600x480
VDD,met3-met4,STRIPE,via,158611,182000,160211,182480,1600,via3_1600x480
VDD,met2-met3,STRIPE,via,158611,182000,160211,182480,1600,via2_1600x480
VDD,met1-met2,STRIPE,via,158611,182000,160211,182480,1600,via_1600x480
VDD,met3-met4,STRIPE,via,131821,182000,133421,182480,1600,via3_1600x480
VDD,met2-met3,STRIPE,via,131821,182000,133421,182480,1600,via2_1600x480
VDD,met1-met2,STRIPE,via,131821,182000,133421,182480,1600,via_1600x480
VDD,met3-met4,STRIPE,via,103923,182000,105523,182480,1600,via3_1600x480
VDD,met2-met3,STRIPE,via,103923,182000,105523,182480,1600,via2_1600x480
VDD,met1-met2,STRIPE,via,103923,182000,105523,182480,1600,via_1600x480
VDD,met3-met4,STRIPE,via,76966,182000,78566,182480,1600,via3_1600x480
VDD,met2-met3,STRIPE,via,76966,182000,78566,182480,1600,via2_1600x480
VDD,met1-met2,STRIPE,via,76966,182000,78566,182480,1600,via_1600x480
VDD,met3-met4,STRIPE,via,49564,182000,51164,182480,1600,via3_1600x480
VDD,met2-met3,STRIPE,via,49564,182000,51164,182480,1600,via2_1600x480
VDD,met1-met2,STRIPE,via,49564,182000,51164,182480,1600,via_1600x480
VDD,met3-met4,STRIPE,via,22521,182000,24121,182480,1600,via3_1600x480
VDD,met2-met3,STRIPE,via,22521,182000,24121,182480,1600,via2_1600x480
VDD,met1-met2,STRIPE,via,22521,182000,24121,182480,1600,via_1600x480
VDD,met3-met4,STRIPE,via,267363,176560,268963,177040,1600,via3_1600x480
VDD,met2-met3,STRIPE,via,267363,176560,268963,177040,1600,via2_1600x480
VDD,met1-met2,STRIPE,via,267363,176560,268963,177040,1600,via_1600x480
VDD,met3-met4,STRIPE,via,239644,176560,241244,177040,1600,via3_1600x480
VDD,met2-met3,STRIPE,via,239644,176560,241244,177040,1600,via2_1600x480
VDD,met1-met2,STRIPE,via,239644,176560,241244,177040,1600,via_1600x480
VDD,met3-met4,STRIPE,via,212805,176560,214405,177040,1600,via3_1600x480
VDD,met2-met3,STRIPE,via,212805,176560,214405,177040,1600,via2_1600x480
VDD,met1-met2,STRIPE,via,212805,176560,214405,177040,1600,via_1600x480
VDD,met3-met4,STRIPE,via,186033,176560,187633,177040,1600,via3_1600x480
VDD,met2-met3,STRIPE,via,186033,176560,187633,177040,1600,via2_1600x480
VDD,met1-met2,STRIPE,via,186033,176560,187633,177040,1600,via_1600x480
VDD,met3-met4,STRIPE,via,158611,176560,160211,177040,1600,via3_1600x480
VDD,met2-met3,STRIPE,via,158611,176560,160211,177040,1600,via2_1600x480
VDD,met1-met2,STRIPE,via,158611,176560,160211,177040,1600,via_1600x480
VDD,met3-met4,STRIPE,via,131821,176560,133421,177040,1600,via3_1600x480
VDD,met2-met3,STRIPE,via,131821,176560,133421,177040,1600,via2_1600x480
VDD,met1-met2,STRIPE,via,131821,176560,133421,177040,1600,via_1600x480
VDD,met3-met4,STRIPE,via,103923,176560,105523,177040,1600,via3_1600x480
VDD,met2-met3,STRIPE,via,103923,176560,105523,177040,1600,via2_1600x480
VDD,met1-met2,STRIPE,via,103923,176560,105523,177040,1600,via_1600x480
VDD,met3-met4,STRIPE,via,76966,176560,78566,177040,1600,via3_1600x480
VDD,met2-met3,STRIPE,via,76966,176560,78566,177040,1600,via2_1600x480
VDD,met1-met2,STRIPE,via,76966,176560,78566,177040,1600,via_1600x480
VDD,met3-met4,STRIPE,via,49564,176560,51164,177040,1600,via3_1600x480
VDD,met2-met3,STRIPE,via,49564,176560,51164,177040,1600,via2_1600x480
VDD,met1-met2,STRIPE,via,49564,176560,51164,177040,1600,via_1600x480
VDD,met3-met4,STRIPE,via,22521,176560,24121,177040,1600,via3_1600x480
VDD,met2-met3,STRIPE,via,22521,176560,24121,177040,1600,via2_1600x480
VDD,met1-met2,STRIPE,via,22521,176560,24121,177040,1600,via_1600x480
VDD,met3-met4,STRIPE,via,267363,171120,268963,171600,1600,via3_1600x480
VDD,met2-met3,STRIPE,via,267363,171120,268963,171600,1600,via2_1600x480
VDD,met1-met2,STRIPE,via,267363,171120,268963,171600,1600,via_1600x480
VDD,met3-met4,STRIPE,via,239644,171120,241244,171600,1600,via3_1600x480
VDD,met2-met3,STRIPE,via,239644,171120,241244,171600,1600,via2_1600x480
VDD,met1-met2,STRIPE,via,239644,171120,241244,171600,1600,via_1600x480
VDD,met3-met4,STRIPE,via,212805,171120,214405,171600,1600,via3_1600x480
VDD,met2-met3,STRIPE,via,212805,171120,214405,171600,1600,via2_1600x480
VDD,met1-met2,STRIPE,via,212805,171120,214405,171600,1600,via_1600x480
VDD,met3-met4,STRIPE,via,186033,171120,187633,171600,1600,via3_1600x480
VDD,met2-met3,STRIPE,via,186033,171120,187633,171600,1600,via2_1600x480
VDD,met1-met2,STRIPE,via,186033,171120,187633,171600,1600,via_1600x480
VDD,met3-met4,STRIPE,via,158611,171120,160211,171600,1600,via3_1600x480
VDD,met2-met3,STRIPE,via,158611,171120,160211,171600,1600,via2_1600x480
VDD,met1-met2,STRIPE,via,158611,171120,160211,171600,1600,via_1600x480
VDD,met3-met4,STRIPE,via,131821,171120,133421,171600,1600,via3_1600x480
VDD,met2-met3,STRIPE,via,131821,171120,133421,171600,1600,via2_1600x480
VDD,met1-met2,STRIPE,via,131821,171120,133421,171600,1600,via_1600x480
VDD,met3-met4,STRIPE,via,103923,171120,105523,171600,1600,via3_1600x480
VDD,met2-met3,STRIPE,via,103923,171120,105523,171600,1600,via2_1600x480
VDD,met1-met2,STRIPE,via,103923,171120,105523,171600,1600,via_1600x480
VDD,met3-met4,STRIPE,via,76966,171120,78566,171600,1600,via3_1600x480
VDD,met2-met3,STRIPE,via,76966,171120,78566,171600,1600,via2_1600x480
VDD,met1-met2,STRIPE,via,76966,171120,78566,171600,1600,via_1600x480
VDD,met3-met4,STRIPE,via,49564,171120,51164,171600,1600,via3_1600x480
VDD,met2-met3,STRIPE,via,49564,171120,51164,171600,1600,via2_1600x480
VDD,met1-met2,STRIPE,via,49564,171120,51164,171600,1600,via_1600x480
VDD,met3-met4,STRIPE,via,22521,171120,24121,171600,1600,via3_1600x480
VDD,met2-met3,STRIPE,via,22521,171120,24121,171600,1600,via2_1600x480
VDD,met1-met2,STRIPE,via,22521,171120,24121,171600,1600,via_1600x480
VDD,met3-met4,STRIPE,via,267363,165680,268963,166160,1600,via3_1600x480
VDD,met2-met3,STRIPE,via,267363,165680,268963,166160,1600,via2_1600x480
VDD,met1-met2,STRIPE,via,267363,165680,268963,166160,1600,via_1600x480
VDD,met3-met4,STRIPE,via,239644,165680,241244,166160,1600,via3_1600x480
VDD,met2-met3,STRIPE,via,239644,165680,241244,166160,1600,via2_1600x480
VDD,met1-met2,STRIPE,via,239644,165680,241244,166160,1600,via_1600x480
VDD,met3-met4,STRIPE,via,212805,165680,214405,166160,1600,via3_1600x480
VDD,met2-met3,STRIPE,via,212805,165680,214405,166160,1600,via2_1600x480
VDD,met1-met2,STRIPE,via,212805,165680,214405,166160,1600,via_1600x480
VDD,met3-met4,STRIPE,via,186033,165680,187633,166160,1600,via3_1600x480
VDD,met2-met3,STRIPE,via,186033,165680,187633,166160,1600,via2_1600x480
VDD,met1-met2,STRIPE,via,186033,165680,187633,166160,1600,via_1600x480
VDD,met3-met4,STRIPE,via,158611,165680,160211,166160,1600,via3_1600x480
VDD,met2-met3,STRIPE,via,158611,165680,160211,166160,1600,via2_1600x480
VDD,met1-met2,STRIPE,via,158611,165680,160211,166160,1600,via_1600x480
VDD,met3-met4,STRIPE,via,131821,165680,133421,166160,1600,via3_1600x480
VDD,met2-met3,STRIPE,via,131821,165680,133421,166160,1600,via2_1600x480
VDD,met1-met2,STRIPE,via,131821,165680,133421,166160,1600,via_1600x480
VDD,met3-met4,STRIPE,via,103923,165680,105523,166160,1600,via3_1600x480
VDD,met2-met3,STRIPE,via,103923,165680,105523,166160,1600,via2_1600x480
VDD,met1-met2,STRIPE,via,103923,165680,105523,166160,1600,via_1600x480
VDD,met3-met4,STRIPE,via,76966,165680,78566,166160,1600,via3_1600x480
VDD,met2-met3,STRIPE,via,76966,165680,78566,166160,1600,via2_1600x480
VDD,met1-met2,STRIPE,via,76966,165680,78566,166160,1600,via_1600x480
VDD,met3-met4,STRIPE,via,49564,165680,51164,166160,1600,via3_1600x480
VDD,met2-met3,STRIPE,via,49564,165680,51164,166160,1600,via2_1600x480
VDD,met1-met2,STRIPE,via,49564,165680,51164,166160,1600,via_1600x480
VDD,met3-met4,STRIPE,via,22521,165680,24121,166160,1600,via3_1600x480
VDD,met2-met3,STRIPE,via,22521,165680,24121,166160,1600,via2_1600x480
VDD,met1-met2,STRIPE,via,22521,165680,24121,166160,1600,via_1600x480
VDD,met3-met4,STRIPE,via,267363,160240,268963,160720,1600,via3_1600x480
VDD,met2-met3,STRIPE,via,267363,160240,268963,160720,1600,via2_1600x480
VDD,met1-met2,STRIPE,via,267363,160240,268963,160720,1600,via_1600x480
VDD,met3-met4,STRIPE,via,239644,160240,241244,160720,1600,via3_1600x480
VDD,met2-met3,STRIPE,via,239644,160240,241244,160720,1600,via2_1600x480
VDD,met1-met2,STRIPE,via,239644,160240,241244,160720,1600,via_1600x480
VDD,met3-met4,STRIPE,via,212805,160240,214405,160720,1600,via3_1600x480
VDD,met2-met3,STRIPE,via,212805,160240,214405,160720,1600,via2_1600x480
VDD,met1-met2,STRIPE,via,212805,160240,214405,160720,1600,via_1600x480
VDD,met3-met4,STRIPE,via,186033,160240,187633,160720,1600,via3_1600x480
VDD,met2-met3,STRIPE,via,186033,160240,187633,160720,1600,via2_1600x480
VDD,met1-met2,STRIPE,via,186033,160240,187633,160720,1600,via_1600x480
VDD,met3-met4,STRIPE,via,158611,160240,160211,160720,1600,via3_1600x480
VDD,met2-met3,STRIPE,via,158611,160240,160211,160720,1600,via2_1600x480
VDD,met1-met2,STRIPE,via,158611,160240,160211,160720,1600,via_1600x480
VDD,met3-met4,STRIPE,via,131821,160240,133421,160720,1600,via3_1600x480
VDD,met2-met3,STRIPE,via,131821,160240,133421,160720,1600,via2_1600x480
VDD,met1-met2,STRIPE,via,131821,160240,133421,160720,1600,via_1600x480
VDD,met3-met4,STRIPE,via,103923,160240,105523,160720,1600,via3_1600x480
VDD,met2-met3,STRIPE,via,103923,160240,105523,160720,1600,via2_1600x480
VDD,met1-met2,STRIPE,via,103923,160240,105523,160720,1600,via_1600x480
VDD,met3-met4,STRIPE,via,76966,160240,78566,160720,1600,via3_1600x480
VDD,met2-met3,STRIPE,via,76966,160240,78566,160720,1600,via2_1600x480
VDD,met1-met2,STRIPE,via,76966,160240,78566,160720,1600,via_1600x480
VDD,met3-met4,STRIPE,via,49564,160240,51164,160720,1600,via3_1600x480
VDD,met2-met3,STRIPE,via,49564,160240,51164,160720,1600,via2_1600x480
VDD,met1-met2,STRIPE,via,49564,160240,51164,160720,1600,via_1600x480
VDD,met3-met4,STRIPE,via,22521,160240,24121,160720,1600,via3_1600x480
VDD,met2-met3,STRIPE,via,22521,160240,24121,160720,1600,via2_1600x480
VDD,met1-met2,STRIPE,via,22521,160240,24121,160720,1600,via_1600x480
VDD,met3-met4,STRIPE,via,267363,154800,268963,155280,1600,via3_1600x480
VDD,met2-met3,STRIPE,via,267363,154800,268963,155280,1600,via2_1600x480
VDD,met1-met2,STRIPE,via,267363,154800,268963,155280,1600,via_1600x480
VDD,met3-met4,STRIPE,via,239644,154800,241244,155280,1600,via3_1600x480
VDD,met2-met3,STRIPE,via,239644,154800,241244,155280,1600,via2_1600x480
VDD,met1-met2,STRIPE,via,239644,154800,241244,155280,1600,via_1600x480
VDD,met3-met4,STRIPE,via,212805,154800,214405,155280,1600,via3_1600x480
VDD,met2-met3,STRIPE,via,212805,154800,214405,155280,1600,via2_1600x480
VDD,met1-met2,STRIPE,via,212805,154800,214405,155280,1600,via_1600x480
VDD,met3-met4,STRIPE,via,186033,154800,187633,155280,1600,via3_1600x480
VDD,met2-met3,STRIPE,via,186033,154800,187633,155280,1600,via2_1600x480
VDD,met1-met2,STRIPE,via,186033,154800,187633,155280,1600,via_1600x480
VDD,met3-met4,STRIPE,via,158611,154800,160211,155280,1600,via3_1600x480
VDD,met2-met3,STRIPE,via,158611,154800,160211,155280,1600,via2_1600x480
VDD,met1-met2,STRIPE,via,158611,154800,160211,155280,1600,via_1600x480
VDD,met3-met4,STRIPE,via,131821,154800,133421,155280,1600,via3_1600x480
VDD,met2-met3,STRIPE,via,131821,154800,133421,155280,1600,via2_1600x480
VDD,met1-met2,STRIPE,via,131821,154800,133421,155280,1600,via_1600x480
VDD,met3-met4,STRIPE,via,103923,154800,105523,155280,1600,via3_1600x480
VDD,met2-met3,STRIPE,via,103923,154800,105523,155280,1600,via2_1600x480
VDD,met1-met2,STRIPE,via,103923,154800,105523,155280,1600,via_1600x480
VDD,met3-met4,STRIPE,via,76966,154800,78566,155280,1600,via3_1600x480
VDD,met2-met3,STRIPE,via,76966,154800,78566,155280,1600,via2_1600x480
VDD,met1-met2,STRIPE,via,76966,154800,78566,155280,1600,via_1600x480
VDD,met3-met4,STRIPE,via,49564,154800,51164,155280,1600,via3_1600x480
VDD,met2-met3,STRIPE,via,49564,154800,51164,155280,1600,via2_1600x480
VDD,met1-met2,STRIPE,via,49564,154800,51164,155280,1600,via_1600x480
VDD,met3-met4,STRIPE,via,22521,154800,24121,155280,1600,via3_1600x480
VDD,met2-met3,STRIPE,via,22521,154800,24121,155280,1600,via2_1600x480
VDD,met1-met2,STRIPE,via,22521,154800,24121,155280,1600,via_1600x480
VDD,met3-met4,STRIPE,via,267363,149360,268963,149840,1600,via3_1600x480
VDD,met2-met3,STRIPE,via,267363,149360,268963,149840,1600,via2_1600x480
VDD,met1-met2,STRIPE,via,267363,149360,268963,149840,1600,via_1600x480
VDD,met3-met4,STRIPE,via,239644,149360,241244,149840,1600,via3_1600x480
VDD,met2-met3,STRIPE,via,239644,149360,241244,149840,1600,via2_1600x480
VDD,met1-met2,STRIPE,via,239644,149360,241244,149840,1600,via_1600x480
VDD,met3-met4,STRIPE,via,212805,149360,214405,149840,1600,via3_1600x480
VDD,met2-met3,STRIPE,via,212805,149360,214405,149840,1600,via2_1600x480
VDD,met1-met2,STRIPE,via,212805,149360,214405,149840,1600,via_1600x480
VDD,met3-met4,STRIPE,via,186033,149360,187633,149840,1600,via3_1600x480
VDD,met2-met3,STRIPE,via,186033,149360,187633,149840,1600,via2_1600x480
VDD,met1-met2,STRIPE,via,186033,149360,187633,149840,1600,via_1600x480
VDD,met3-met4,STRIPE,via,158611,149360,160211,149840,1600,via3_1600x480
VDD,met2-met3,STRIPE,via,158611,149360,160211,149840,1600,via2_1600x480
VDD,met1-met2,STRIPE,via,158611,149360,160211,149840,1600,via_1600x480
VDD,met3-met4,STRIPE,via,131821,149360,133421,149840,1600,via3_1600x480
VDD,met2-met3,STRIPE,via,131821,149360,133421,149840,1600,via2_1600x480
VDD,met1-met2,STRIPE,via,131821,149360,133421,149840,1600,via_1600x480
VDD,met3-met4,STRIPE,via,103923,149360,105523,149840,1600,via3_1600x480
VDD,met2-met3,STRIPE,via,103923,149360,105523,149840,1600,via2_1600x480
VDD,met1-met2,STRIPE,via,103923,149360,105523,149840,1600,via_1600x480
VDD,met3-met4,STRIPE,via,76966,149360,78566,149840,1600,via3_1600x480
VDD,met2-met3,STRIPE,via,76966,149360,78566,149840,1600,via2_1600x480
VDD,met1-met2,STRIPE,via,76966,149360,78566,149840,1600,via_1600x480
VDD,met3-met4,STRIPE,via,49564,149360,51164,149840,1600,via3_1600x480
VDD,met2-met3,STRIPE,via,49564,149360,51164,149840,1600,via2_1600x480
VDD,met1-met2,STRIPE,via,49564,149360,51164,149840,1600,via_1600x480
VDD,met3-met4,STRIPE,via,22521,149360,24121,149840,1600,via3_1600x480
VDD,met2-met3,STRIPE,via,22521,149360,24121,149840,1600,via2_1600x480
VDD,met1-met2,STRIPE,via,22521,149360,24121,149840,1600,via_1600x480
VDD,met3-met4,STRIPE,via,267363,143920,268963,144400,1600,via3_1600x480
VDD,met2-met3,STRIPE,via,267363,143920,268963,144400,1600,via2_1600x480
VDD,met1-met2,STRIPE,via,267363,143920,268963,144400,1600,via_1600x480
VDD,met3-met4,STRIPE,via,239644,143920,241244,144400,1600,via3_1600x480
VDD,met2-met3,STRIPE,via,239644,143920,241244,144400,1600,via2_1600x480
VDD,met1-met2,STRIPE,via,239644,143920,241244,144400,1600,via_1600x480
VDD,met3-met4,STRIPE,via,212805,143920,214405,144400,1600,via3_1600x480
VDD,met2-met3,STRIPE,via,212805,143920,214405,144400,1600,via2_1600x480
VDD,met1-met2,STRIPE,via,212805,143920,214405,144400,1600,via_1600x480
VDD,met3-met4,STRIPE,via,186033,143920,187633,144400,1600,via3_1600x480
VDD,met2-met3,STRIPE,via,186033,143920,187633,144400,1600,via2_1600x480
VDD,met1-met2,STRIPE,via,186033,143920,187633,144400,1600,via_1600x480
VDD,met3-met4,STRIPE,via,158611,143920,160211,144400,1600,via3_1600x480
VDD,met2-met3,STRIPE,via,158611,143920,160211,144400,1600,via2_1600x480
VDD,met1-met2,STRIPE,via,158611,143920,160211,144400,1600,via_1600x480
VDD,met3-met4,STRIPE,via,131821,143920,133421,144400,1600,via3_1600x480
VDD,met2-met3,STRIPE,via,131821,143920,133421,144400,1600,via2_1600x480
VDD,met1-met2,STRIPE,via,131821,143920,133421,144400,1600,via_1600x480
VDD,met3-met4,STRIPE,via,103923,143920,105523,144400,1600,via3_1600x480
VDD,met2-met3,STRIPE,via,103923,143920,105523,144400,1600,via2_1600x480
VDD,met1-met2,STRIPE,via,103923,143920,105523,144400,1600,via_1600x480
VDD,met3-met4,STRIPE,via,76966,143920,78566,144400,1600,via3_1600x480
VDD,met2-met3,STRIPE,via,76966,143920,78566,144400,1600,via2_1600x480
VDD,met1-met2,STRIPE,via,76966,143920,78566,144400,1600,via_1600x480
VDD,met3-met4,STRIPE,via,49564,143920,51164,144400,1600,via3_1600x480
VDD,met2-met3,STRIPE,via,49564,143920,51164,144400,1600,via2_1600x480
VDD,met1-met2,STRIPE,via,49564,143920,51164,144400,1600,via_1600x480
VDD,met3-met4,STRIPE,via,22521,143920,24121,144400,1600,via3_1600x480
VDD,met2-met3,STRIPE,via,22521,143920,24121,144400,1600,via2_1600x480
VDD,met1-met2,STRIPE,via,22521,143920,24121,144400,1600,via_1600x480
VDD,met3-met4,STRIPE,via,267363,138480,268963,138960,1600,via3_1600x480
VDD,met2-met3,STRIPE,via,267363,138480,268963,138960,1600,via2_1600x480
VDD,met1-met2,STRIPE,via,267363,138480,268963,138960,1600,via_1600x480
VDD,met3-met4,STRIPE,via,239644,138480,241244,138960,1600,via3_1600x480
VDD,met2-met3,STRIPE,via,239644,138480,241244,138960,1600,via2_1600x480
VDD,met1-met2,STRIPE,via,239644,138480,241244,138960,1600,via_1600x480
VDD,met3-met4,STRIPE,via,212805,138480,214405,138960,1600,via3_1600x480
VDD,met2-met3,STRIPE,via,212805,138480,214405,138960,1600,via2_1600x480
VDD,met1-met2,STRIPE,via,212805,138480,214405,138960,1600,via_1600x480
VDD,met3-met4,STRIPE,via,186033,138480,187633,138960,1600,via3_1600x480
VDD,met2-met3,STRIPE,via,186033,138480,187633,138960,1600,via2_1600x480
VDD,met1-met2,STRIPE,via,186033,138480,187633,138960,1600,via_1600x480
VDD,met3-met4,STRIPE,via,158611,138480,160211,138960,1600,via3_1600x480
VDD,met2-met3,STRIPE,via,158611,138480,160211,138960,1600,via2_1600x480
VDD,met1-met2,STRIPE,via,158611,138480,160211,138960,1600,via_1600x480
VDD,met3-met4,STRIPE,via,131821,138480,133421,138960,1600,via3_1600x480
VDD,met2-met3,STRIPE,via,131821,138480,133421,138960,1600,via2_1600x480
VDD,met1-met2,STRIPE,via,131821,138480,133421,138960,1600,via_1600x480
VDD,met3-met4,STRIPE,via,103923,138480,105523,138960,1600,via3_1600x480
VDD,met2-met3,STRIPE,via,103923,138480,105523,138960,1600,via2_1600x480
VDD,met1-met2,STRIPE,via,103923,138480,105523,138960,1600,via_1600x480
VDD,met3-met4,STRIPE,via,76966,138480,78566,138960,1600,via3_1600x480
VDD,met2-met3,STRIPE,via,76966,138480,78566,138960,1600,via2_1600x480
VDD,met1-met2,STRIPE,via,76966,138480,78566,138960,1600,via_1600x480
VDD,met3-met4,STRIPE,via,49564,138480,51164,138960,1600,via3_1600x480
VDD,met2-met3,STRIPE,via,49564,138480,51164,138960,1600,via2_1600x480
VDD,met1-met2,STRIPE,via,49564,138480,51164,138960,1600,via_1600x480
VDD,met3-met4,STRIPE,via,22521,138480,24121,138960,1600,via3_1600x480
VDD,met2-met3,STRIPE,via,22521,138480,24121,138960,1600,via2_1600x480
VDD,met1-met2,STRIPE,via,22521,138480,24121,138960,1600,via_1600x480
VDD,met3-met4,STRIPE,via,267363,133040,268963,133520,1600,via3_1600x480
VDD,met2-met3,STRIPE,via,267363,133040,268963,133520,1600,via2_1600x480
VDD,met1-met2,STRIPE,via,267363,133040,268963,133520,1600,via_1600x480
VDD,met3-met4,STRIPE,via,239644,133040,241244,133520,1600,via3_1600x480
VDD,met2-met3,STRIPE,via,239644,133040,241244,133520,1600,via2_1600x480
VDD,met1-met2,STRIPE,via,239644,133040,241244,133520,1600,via_1600x480
VDD,met3-met4,STRIPE,via,212805,133040,214405,133520,1600,via3_1600x480
VDD,met2-met3,STRIPE,via,212805,133040,214405,133520,1600,via2_1600x480
VDD,met1-met2,STRIPE,via,212805,133040,214405,133520,1600,via_1600x480
VDD,met3-met4,STRIPE,via,186033,133040,187633,133520,1600,via3_1600x480
VDD,met2-met3,STRIPE,via,186033,133040,187633,133520,1600,via2_1600x480
VDD,met1-met2,STRIPE,via,186033,133040,187633,133520,1600,via_1600x480
VDD,met3-met4,STRIPE,via,158611,133040,160211,133520,1600,via3_1600x480
VDD,met2-met3,STRIPE,via,158611,133040,160211,133520,1600,via2_1600x480
VDD,met1-met2,STRIPE,via,158611,133040,160211,133520,1600,via_1600x480
VDD,met3-met4,STRIPE,via,131821,133040,133421,133520,1600,via3_1600x480
VDD,met2-met3,STRIPE,via,131821,133040,133421,133520,1600,via2_1600x480
VDD,met1-met2,STRIPE,via,131821,133040,133421,133520,1600,via_1600x480
VDD,met3-met4,STRIPE,via,103923,133040,105523,133520,1600,via3_1600x480
VDD,met2-met3,STRIPE,via,103923,133040,105523,133520,1600,via2_1600x480
VDD,met1-met2,STRIPE,via,103923,133040,105523,133520,1600,via_1600x480
VDD,met3-met4,STRIPE,via,76966,133040,78566,133520,1600,via3_1600x480
VDD,met2-met3,STRIPE,via,76966,133040,78566,133520,1600,via2_1600x480
VDD,met1-met2,STRIPE,via,76966,133040,78566,133520,1600,via_1600x480
VDD,met3-met4,STRIPE,via,49564,133040,51164,133520,1600,via3_1600x480
VDD,met2-met3,STRIPE,via,49564,133040,51164,133520,1600,via2_1600x480
VDD,met1-met2,STRIPE,via,49564,133040,51164,133520,1600,via_1600x480
VDD,met3-met4,STRIPE,via,22521,133040,24121,133520,1600,via3_1600x480
VDD,met2-met3,STRIPE,via,22521,133040,24121,133520,1600,via2_1600x480
VDD,met1-met2,STRIPE,via,22521,133040,24121,133520,1600,via_1600x480
VDD,met3-met4,STRIPE,via,267363,127600,268963,128080,1600,via3_1600x480
VDD,met2-met3,STRIPE,via,267363,127600,268963,128080,1600,via2_1600x480
VDD,met1-met2,STRIPE,via,267363,127600,268963,128080,1600,via_1600x480
VDD,met3-met4,STRIPE,via,239644,127600,241244,128080,1600,via3_1600x480
VDD,met2-met3,STRIPE,via,239644,127600,241244,128080,1600,via2_1600x480
VDD,met1-met2,STRIPE,via,239644,127600,241244,128080,1600,via_1600x480
VDD,met3-met4,STRIPE,via,212805,127600,214405,128080,1600,via3_1600x480
VDD,met2-met3,STRIPE,via,212805,127600,214405,128080,1600,via2_1600x480
VDD,met1-met2,STRIPE,via,212805,127600,214405,128080,1600,via_1600x480
VDD,met3-met4,STRIPE,via,186033,127600,187633,128080,1600,via3_1600x480
VDD,met2-met3,STRIPE,via,186033,127600,187633,128080,1600,via2_1600x480
VDD,met1-met2,STRIPE,via,186033,127600,187633,128080,1600,via_1600x480
VDD,met3-met4,STRIPE,via,158611,127600,160211,128080,1600,via3_1600x480
VDD,met2-met3,STRIPE,via,158611,127600,160211,128080,1600,via2_1600x480
VDD,met1-met2,STRIPE,via,158611,127600,160211,128080,1600,via_1600x480
VDD,met3-met4,STRIPE,via,131821,127600,133421,128080,1600,via3_1600x480
VDD,met2-met3,STRIPE,via,131821,127600,133421,128080,1600,via2_1600x480
VDD,met1-met2,STRIPE,via,131821,127600,133421,128080,1600,via_1600x480
VDD,met3-met4,STRIPE,via,103923,127600,105523,128080,1600,via3_1600x480
VDD,met2-met3,STRIPE,via,103923,127600,105523,128080,1600,via2_1600x480
VDD,met1-met2,STRIPE,via,103923,127600,105523,128080,1600,via_1600x480
VDD,met3-met4,STRIPE,via,76966,127600,78566,128080,1600,via3_1600x480
VDD,met2-met3,STRIPE,via,76966,127600,78566,128080,1600,via2_1600x480
VDD,met1-met2,STRIPE,via,76966,127600,78566,128080,1600,via_1600x480
VDD,met3-met4,STRIPE,via,49564,127600,51164,128080,1600,via3_1600x480
VDD,met2-met3,STRIPE,via,49564,127600,51164,128080,1600,via2_1600x480
VDD,met1-met2,STRIPE,via,49564,127600,51164,128080,1600,via_1600x480
VDD,met3-met4,STRIPE,via,22521,127600,24121,128080,1600,via3_1600x480
VDD,met2-met3,STRIPE,via,22521,127600,24121,128080,1600,via2_1600x480
VDD,met1-met2,STRIPE,via,22521,127600,24121,128080,1600,via_1600x480
VDD,met3-met4,STRIPE,via,267363,122160,268963,122640,1600,via3_1600x480
VDD,met2-met3,STRIPE,via,267363,122160,268963,122640,1600,via2_1600x480
VDD,met1-met2,STRIPE,via,267363,122160,268963,122640,1600,via_1600x480
VDD,met3-met4,STRIPE,via,239644,122160,241244,122640,1600,via3_1600x480
VDD,met2-met3,STRIPE,via,239644,122160,241244,122640,1600,via2_1600x480
VDD,met1-met2,STRIPE,via,239644,122160,241244,122640,1600,via_1600x480
VDD,met3-met4,STRIPE,via,212805,122160,214405,122640,1600,via3_1600x480
VDD,met2-met3,STRIPE,via,212805,122160,214405,122640,1600,via2_1600x480
VDD,met1-met2,STRIPE,via,212805,122160,214405,122640,1600,via_1600x480
VDD,met3-met4,STRIPE,via,186033,122160,187633,122640,1600,via3_1600x480
VDD,met2-met3,STRIPE,via,186033,122160,187633,122640,1600,via2_1600x480
VDD,met1-met2,STRIPE,via,186033,122160,187633,122640,1600,via_1600x480
VDD,met3-met4,STRIPE,via,158611,122160,160211,122640,1600,via3_1600x480
VDD,met2-met3,STRIPE,via,158611,122160,160211,122640,1600,via2_1600x480
VDD,met1-met2,STRIPE,via,158611,122160,160211,122640,1600,via_1600x480
VDD,met3-met4,STRIPE,via,131821,122160,133421,122640,1600,via3_1600x480
VDD,met2-met3,STRIPE,via,131821,122160,133421,122640,1600,via2_1600x480
VDD,met1-met2,STRIPE,via,131821,122160,133421,122640,1600,via_1600x480
VDD,met3-met4,STRIPE,via,103923,122160,105523,122640,1600,via3_1600x480
VDD,met2-met3,STRIPE,via,103923,122160,105523,122640,1600,via2_1600x480
VDD,met1-met2,STRIPE,via,103923,122160,105523,122640,1600,via_1600x480
VDD,met3-met4,STRIPE,via,76966,122160,78566,122640,1600,via3_1600x480
VDD,met2-met3,STRIPE,via,76966,122160,78566,122640,1600,via2_1600x480
VDD,met1-met2,STRIPE,via,76966,122160,78566,122640,1600,via_1600x480
VDD,met3-met4,STRIPE,via,49564,122160,51164,122640,1600,via3_1600x480
VDD,met2-met3,STRIPE,via,49564,122160,51164,122640,1600,via2_1600x480
VDD,met1-met2,STRIPE,via,49564,122160,51164,122640,1600,via_1600x480
VDD,met3-met4,STRIPE,via,22521,122160,24121,122640,1600,via3_1600x480
VDD,met2-met3,STRIPE,via,22521,122160,24121,122640,1600,via2_1600x480
VDD,met1-met2,STRIPE,via,22521,122160,24121,122640,1600,via_1600x480
VDD,met3-met4,STRIPE,via,267363,116720,268963,117200,1600,via3_1600x480
VDD,met2-met3,STRIPE,via,267363,116720,268963,117200,1600,via2_1600x480
VDD,met1-met2,STRIPE,via,267363,116720,268963,117200,1600,via_1600x480
VDD,met3-met4,STRIPE,via,239644,116720,241244,117200,1600,via3_1600x480
VDD,met2-met3,STRIPE,via,239644,116720,241244,117200,1600,via2_1600x480
VDD,met1-met2,STRIPE,via,239644,116720,241244,117200,1600,via_1600x480
VDD,met3-met4,STRIPE,via,212805,116720,214405,117200,1600,via3_1600x480
VDD,met2-met3,STRIPE,via,212805,116720,214405,117200,1600,via2_1600x480
VDD,met1-met2,STRIPE,via,212805,116720,214405,117200,1600,via_1600x480
VDD,met3-met4,STRIPE,via,186033,116720,187633,117200,1600,via3_1600x480
VDD,met2-met3,STRIPE,via,186033,116720,187633,117200,1600,via2_1600x480
VDD,met1-met2,STRIPE,via,186033,116720,187633,117200,1600,via_1600x480
VDD,met3-met4,STRIPE,via,158611,116720,160211,117200,1600,via3_1600x480
VDD,met2-met3,STRIPE,via,158611,116720,160211,117200,1600,via2_1600x480
VDD,met1-met2,STRIPE,via,158611,116720,160211,117200,1600,via_1600x480
VDD,met3-met4,STRIPE,via,131821,116720,133421,117200,1600,via3_1600x480
VDD,met2-met3,STRIPE,via,131821,116720,133421,117200,1600,via2_1600x480
VDD,met1-met2,STRIPE,via,131821,116720,133421,117200,1600,via_1600x480
VDD,met3-met4,STRIPE,via,103923,116720,105523,117200,1600,via3_1600x480
VDD,met2-met3,STRIPE,via,103923,116720,105523,117200,1600,via2_1600x480
VDD,met1-met2,STRIPE,via,103923,116720,105523,117200,1600,via_1600x480
VDD,met3-met4,STRIPE,via,76966,116720,78566,117200,1600,via3_1600x480
VDD,met2-met3,STRIPE,via,76966,116720,78566,117200,1600,via2_1600x480
VDD,met1-met2,STRIPE,via,76966,116720,78566,117200,1600,via_1600x480
VDD,met3-met4,STRIPE,via,49564,116720,51164,117200,1600,via3_1600x480
VDD,met2-met3,STRIPE,via,49564,116720,51164,117200,1600,via2_1600x480
VDD,met1-met2,STRIPE,via,49564,116720,51164,117200,1600,via_1600x480
VDD,met3-met4,STRIPE,via,22521,116720,24121,117200,1600,via3_1600x480
VDD,met2-met3,STRIPE,via,22521,116720,24121,117200,1600,via2_1600x480
VDD,met1-met2,STRIPE,via,22521,116720,24121,117200,1600,via_1600x480
VDD,met3-met4,STRIPE,via,267363,111280,268963,111760,1600,via3_1600x480
VDD,met2-met3,STRIPE,via,267363,111280,268963,111760,1600,via2_1600x480
VDD,met1-met2,STRIPE,via,267363,111280,268963,111760,1600,via_1600x480
VDD,met3-met4,STRIPE,via,239644,111280,241244,111760,1600,via3_1600x480
VDD,met2-met3,STRIPE,via,239644,111280,241244,111760,1600,via2_1600x480
VDD,met1-met2,STRIPE,via,239644,111280,241244,111760,1600,via_1600x480
VDD,met3-met4,STRIPE,via,212805,111280,214405,111760,1600,via3_1600x480
VDD,met2-met3,STRIPE,via,212805,111280,214405,111760,1600,via2_1600x480
VDD,met1-met2,STRIPE,via,212805,111280,214405,111760,1600,via_1600x480
VDD,met3-met4,STRIPE,via,186033,111280,187633,111760,1600,via3_1600x480
VDD,met2-met3,STRIPE,via,186033,111280,187633,111760,1600,via2_1600x480
VDD,met1-met2,STRIPE,via,186033,111280,187633,111760,1600,via_1600x480
VDD,met3-met4,STRIPE,via,158611,111280,160211,111760,1600,via3_1600x480
VDD,met2-met3,STRIPE,via,158611,111280,160211,111760,1600,via2_1600x480
VDD,met1-met2,STRIPE,via,158611,111280,160211,111760,1600,via_1600x480
VDD,met3-met4,STRIPE,via,131821,111280,133421,111760,1600,via3_1600x480
VDD,met2-met3,STRIPE,via,131821,111280,133421,111760,1600,via2_1600x480
VDD,met1-met2,STRIPE,via,131821,111280,133421,111760,1600,via_1600x480
VDD,met3-met4,STRIPE,via,103923,111280,105523,111760,1600,via3_1600x480
VDD,met2-met3,STRIPE,via,103923,111280,105523,111760,1600,via2_1600x480
VDD,met1-met2,STRIPE,via,103923,111280,105523,111760,1600,via_1600x480
VDD,met3-met4,STRIPE,via,76966,111280,78566,111760,1600,via3_1600x480
VDD,met2-met3,STRIPE,via,76966,111280,78566,111760,1600,via2_1600x480
VDD,met1-met2,STRIPE,via,76966,111280,78566,111760,1600,via_1600x480
VDD,met3-met4,STRIPE,via,49564,111280,51164,111760,1600,via3_1600x480
VDD,met2-met3,STRIPE,via,49564,111280,51164,111760,1600,via2_1600x480
VDD,met1-met2,STRIPE,via,49564,111280,51164,111760,1600,via_1600x480
VDD,met3-met4,STRIPE,via,22521,111280,24121,111760,1600,via3_1600x480
VDD,met2-met3,STRIPE,via,22521,111280,24121,111760,1600,via2_1600x480
VDD,met1-met2,STRIPE,via,22521,111280,24121,111760,1600,via_1600x480
VDD,met3-met4,STRIPE,via,267363,105840,268963,106320,1600,via3_1600x480
VDD,met2-met3,STRIPE,via,267363,105840,268963,106320,1600,via2_1600x480
VDD,met1-met2,STRIPE,via,267363,105840,268963,106320,1600,via_1600x480
VDD,met3-met4,STRIPE,via,239644,105840,241244,106320,1600,via3_1600x480
VDD,met2-met3,STRIPE,via,239644,105840,241244,106320,1600,via2_1600x480
VDD,met1-met2,STRIPE,via,239644,105840,241244,106320,1600,via_1600x480
VDD,met3-met4,STRIPE,via,212805,105840,214405,106320,1600,via3_1600x480
VDD,met2-met3,STRIPE,via,212805,105840,214405,106320,1600,via2_1600x480
VDD,met1-met2,STRIPE,via,212805,105840,214405,106320,1600,via_1600x480
VDD,met3-met4,STRIPE,via,186033,105840,187633,106320,1600,via3_1600x480
VDD,met2-met3,STRIPE,via,186033,105840,187633,106320,1600,via2_1600x480
VDD,met1-met2,STRIPE,via,186033,105840,187633,106320,1600,via_1600x480
VDD,met3-met4,STRIPE,via,158611,105840,160211,106320,1600,via3_1600x480
VDD,met2-met3,STRIPE,via,158611,105840,160211,106320,1600,via2_1600x480
VDD,met1-met2,STRIPE,via,158611,105840,160211,106320,1600,via_1600x480
VDD,met3-met4,STRIPE,via,131821,105840,133421,106320,1600,via3_1600x480
VDD,met2-met3,STRIPE,via,131821,105840,133421,106320,1600,via2_1600x480
VDD,met1-met2,STRIPE,via,131821,105840,133421,106320,1600,via_1600x480
VDD,met3-met4,STRIPE,via,103923,105840,105523,106320,1600,via3_1600x480
VDD,met2-met3,STRIPE,via,103923,105840,105523,106320,1600,via2_1600x480
VDD,met1-met2,STRIPE,via,103923,105840,105523,106320,1600,via_1600x480
VDD,met3-met4,STRIPE,via,76966,105840,78566,106320,1600,via3_1600x480
VDD,met2-met3,STRIPE,via,76966,105840,78566,106320,1600,via2_1600x480
VDD,met1-met2,STRIPE,via,76966,105840,78566,106320,1600,via_1600x480
VDD,met3-met4,STRIPE,via,49564,105840,51164,106320,1600,via3_1600x480
VDD,met2-met3,STRIPE,via,49564,105840,51164,106320,1600,via2_1600x480
VDD,met1-met2,STRIPE,via,49564,105840,51164,106320,1600,via_1600x480
VDD,met3-met4,STRIPE,via,22521,105840,24121,106320,1600,via3_1600x480
VDD,met2-met3,STRIPE,via,22521,105840,24121,106320,1600,via2_1600x480
VDD,met1-met2,STRIPE,via,22521,105840,24121,106320,1600,via_1600x480
VDD,met3-met4,STRIPE,via,267363,100400,268963,100880,1600,via3_1600x480
VDD,met2-met3,STRIPE,via,267363,100400,268963,100880,1600,via2_1600x480
VDD,met1-met2,STRIPE,via,267363,100400,268963,100880,1600,via_1600x480
VDD,met3-met4,STRIPE,via,239644,100400,241244,100880,1600,via3_1600x480
VDD,met2-met3,STRIPE,via,239644,100400,241244,100880,1600,via2_1600x480
VDD,met1-met2,STRIPE,via,239644,100400,241244,100880,1600,via_1600x480
VDD,met3-met4,STRIPE,via,212805,100400,214405,100880,1600,via3_1600x480
VDD,met2-met3,STRIPE,via,212805,100400,214405,100880,1600,via2_1600x480
VDD,met1-met2,STRIPE,via,212805,100400,214405,100880,1600,via_1600x480
VDD,met3-met4,STRIPE,via,186033,100400,187633,100880,1600,via3_1600x480
VDD,met2-met3,STRIPE,via,186033,100400,187633,100880,1600,via2_1600x480
VDD,met1-met2,STRIPE,via,186033,100400,187633,100880,1600,via_1600x480
VDD,met3-met4,STRIPE,via,158611,100400,160211,100880,1600,via3_1600x480
VDD,met2-met3,STRIPE,via,158611,100400,160211,100880,1600,via2_1600x480
VDD,met1-met2,STRIPE,via,158611,100400,160211,100880,1600,via_1600x480
VDD,met3-met4,STRIPE,via,131821,100400,133421,100880,1600,via3_1600x480
VDD,met2-met3,STRIPE,via,131821,100400,133421,100880,1600,via2_1600x480
VDD,met1-met2,STRIPE,via,131821,100400,133421,100880,1600,via_1600x480
VDD,met3-met4,STRIPE,via,103923,100400,105523,100880,1600,via3_1600x480
VDD,met2-met3,STRIPE,via,103923,100400,105523,100880,1600,via2_1600x480
VDD,met1-met2,STRIPE,via,103923,100400,105523,100880,1600,via_1600x480
VDD,met3-met4,STRIPE,via,76966,100400,78566,100880,1600,via3_1600x480
VDD,met2-met3,STRIPE,via,76966,100400,78566,100880,1600,via2_1600x480
VDD,met1-met2,STRIPE,via,76966,100400,78566,100880,1600,via_1600x480
VDD,met3-met4,STRIPE,via,49564,100400,51164,100880,1600,via3_1600x480
VDD,met2-met3,STRIPE,via,49564,100400,51164,100880,1600,via2_1600x480
VDD,met1-met2,STRIPE,via,49564,100400,51164,100880,1600,via_1600x480
VDD,met3-met4,STRIPE,via,22521,100400,24121,100880,1600,via3_1600x480
VDD,met2-met3,STRIPE,via,22521,100400,24121,100880,1600,via2_1600x480
VDD,met1-met2,STRIPE,via,22521,100400,24121,100880,1600,via_1600x480
VDD,met3-met4,STRIPE,via,267363,94960,268963,95440,1600,via3_1600x480
VDD,met2-met3,STRIPE,via,267363,94960,268963,95440,1600,via2_1600x480
VDD,met1-met2,STRIPE,via,267363,94960,268963,95440,1600,via_1600x480
VDD,met3-met4,STRIPE,via,239644,94960,241244,95440,1600,via3_1600x480
VDD,met2-met3,STRIPE,via,239644,94960,241244,95440,1600,via2_1600x480
VDD,met1-met2,STRIPE,via,239644,94960,241244,95440,1600,via_1600x480
VDD,met3-met4,STRIPE,via,212805,94960,214405,95440,1600,via3_1600x480
VDD,met2-met3,STRIPE,via,212805,94960,214405,95440,1600,via2_1600x480
VDD,met1-met2,STRIPE,via,212805,94960,214405,95440,1600,via_1600x480
VDD,met3-met4,STRIPE,via,186033,94960,187633,95440,1600,via3_1600x480
VDD,met2-met3,STRIPE,via,186033,94960,187633,95440,1600,via2_1600x480
VDD,met1-met2,STRIPE,via,186033,94960,187633,95440,1600,via_1600x480
VDD,met3-met4,STRIPE,via,158611,94960,160211,95440,1600,via3_1600x480
VDD,met2-met3,STRIPE,via,158611,94960,160211,95440,1600,via2_1600x480
VDD,met1-met2,STRIPE,via,158611,94960,160211,95440,1600,via_1600x480
VDD,met3-met4,STRIPE,via,131821,94960,133421,95440,1600,via3_1600x480
VDD,met2-met3,STRIPE,via,131821,94960,133421,95440,1600,via2_1600x480
VDD,met1-met2,STRIPE,via,131821,94960,133421,95440,1600,via_1600x480
VDD,met3-met4,STRIPE,via,103923,94960,105523,95440,1600,via3_1600x480
VDD,met2-met3,STRIPE,via,103923,94960,105523,95440,1600,via2_1600x480
VDD,met1-met2,STRIPE,via,103923,94960,105523,95440,1600,via_1600x480
VDD,met3-met4,STRIPE,via,76966,94960,78566,95440,1600,via3_1600x480
VDD,met2-met3,STRIPE,via,76966,94960,78566,95440,1600,via2_1600x480
VDD,met1-met2,STRIPE,via,76966,94960,78566,95440,1600,via_1600x480
VDD,met3-met4,STRIPE,via,49564,94960,51164,95440,1600,via3_1600x480
VDD,met2-met3,STRIPE,via,49564,94960,51164,95440,1600,via2_1600x480
VDD,met1-met2,STRIPE,via,49564,94960,51164,95440,1600,via_1600x480
VDD,met3-met4,STRIPE,via,22521,94960,24121,95440,1600,via3_1600x480
VDD,met2-met3,STRIPE,via,22521,94960,24121,95440,1600,via2_1600x480
VDD,met1-met2,STRIPE,via,22521,94960,24121,95440,1600,via_1600x480
VDD,met3-met4,STRIPE,via,267363,89520,268963,90000,1600,via3_1600x480
VDD,met2-met3,STRIPE,via,267363,89520,268963,90000,1600,via2_1600x480
VDD,met1-met2,STRIPE,via,267363,89520,268963,90000,1600,via_1600x480
VDD,met3-met4,STRIPE,via,239644,89520,241244,90000,1600,via3_1600x480
VDD,met2-met3,STRIPE,via,239644,89520,241244,90000,1600,via2_1600x480
VDD,met1-met2,STRIPE,via,239644,89520,241244,90000,1600,via_1600x480
VDD,met3-met4,STRIPE,via,212805,89520,214405,90000,1600,via3_1600x480
VDD,met2-met3,STRIPE,via,212805,89520,214405,90000,1600,via2_1600x480
VDD,met1-met2,STRIPE,via,212805,89520,214405,90000,1600,via_1600x480
VDD,met3-met4,STRIPE,via,186033,89520,187633,90000,1600,via3_1600x480
VDD,met2-met3,STRIPE,via,186033,89520,187633,90000,1600,via2_1600x480
VDD,met1-met2,STRIPE,via,186033,89520,187633,90000,1600,via_1600x480
VDD,met3-met4,STRIPE,via,158611,89520,160211,90000,1600,via3_1600x480
VDD,met2-met3,STRIPE,via,158611,89520,160211,90000,1600,via2_1600x480
VDD,met1-met2,STRIPE,via,158611,89520,160211,90000,1600,via_1600x480
VDD,met3-met4,STRIPE,via,131821,89520,133421,90000,1600,via3_1600x480
VDD,met2-met3,STRIPE,via,131821,89520,133421,90000,1600,via2_1600x480
VDD,met1-met2,STRIPE,via,131821,89520,133421,90000,1600,via_1600x480
VDD,met3-met4,STRIPE,via,103923,89520,105523,90000,1600,via3_1600x480
VDD,met2-met3,STRIPE,via,103923,89520,105523,90000,1600,via2_1600x480
VDD,met1-met2,STRIPE,via,103923,89520,105523,90000,1600,via_1600x480
VDD,met3-met4,STRIPE,via,76966,89520,78566,90000,1600,via3_1600x480
VDD,met2-met3,STRIPE,via,76966,89520,78566,90000,1600,via2_1600x480
VDD,met1-met2,STRIPE,via,76966,89520,78566,90000,1600,via_1600x480
VDD,met3-met4,STRIPE,via,49564,89520,51164,90000,1600,via3_1600x480
VDD,met2-met3,STRIPE,via,49564,89520,51164,90000,1600,via2_1600x480
VDD,met1-met2,STRIPE,via,49564,89520,51164,90000,1600,via_1600x480
VDD,met3-met4,STRIPE,via,22521,89520,24121,90000,1600,via3_1600x480
VDD,met2-met3,STRIPE,via,22521,89520,24121,90000,1600,via2_1600x480
VDD,met1-met2,STRIPE,via,22521,89520,24121,90000,1600,via_1600x480
VDD,met3-met4,STRIPE,via,267363,84080,268963,84560,1600,via3_1600x480
VDD,met2-met3,STRIPE,via,267363,84080,268963,84560,1600,via2_1600x480
VDD,met1-met2,STRIPE,via,267363,84080,268963,84560,1600,via_1600x480
VDD,met3-met4,STRIPE,via,239644,84080,241244,84560,1600,via3_1600x480
VDD,met2-met3,STRIPE,via,239644,84080,241244,84560,1600,via2_1600x480
VDD,met1-met2,STRIPE,via,239644,84080,241244,84560,1600,via_1600x480
VDD,met3-met4,STRIPE,via,212805,84080,214405,84560,1600,via3_1600x480
VDD,met2-met3,STRIPE,via,212805,84080,214405,84560,1600,via2_1600x480
VDD,met1-met2,STRIPE,via,212805,84080,214405,84560,1600,via_1600x480
VDD,met3-met4,STRIPE,via,186033,84080,187633,84560,1600,via3_1600x480
VDD,met2-met3,STRIPE,via,186033,84080,187633,84560,1600,via2_1600x480
VDD,met1-met2,STRIPE,via,186033,84080,187633,84560,1600,via_1600x480
VDD,met3-met4,STRIPE,via,158611,84080,160211,84560,1600,via3_1600x480
VDD,met2-met3,STRIPE,via,158611,84080,160211,84560,1600,via2_1600x480
VDD,met1-met2,STRIPE,via,158611,84080,160211,84560,1600,via_1600x480
VDD,met3-met4,STRIPE,via,131821,84080,133421,84560,1600,via3_1600x480
VDD,met2-met3,STRIPE,via,131821,84080,133421,84560,1600,via2_1600x480
VDD,met1-met2,STRIPE,via,131821,84080,133421,84560,1600,via_1600x480
VDD,met3-met4,STRIPE,via,103923,84080,105523,84560,1600,via3_1600x480
VDD,met2-met3,STRIPE,via,103923,84080,105523,84560,1600,via2_1600x480
VDD,met1-met2,STRIPE,via,103923,84080,105523,84560,1600,via_1600x480
VDD,met3-met4,STRIPE,via,76966,84080,78566,84560,1600,via3_1600x480
VDD,met2-met3,STRIPE,via,76966,84080,78566,84560,1600,via2_1600x480
VDD,met1-met2,STRIPE,via,76966,84080,78566,84560,1600,via_1600x480
VDD,met3-met4,STRIPE,via,49564,84080,51164,84560,1600,via3_1600x480
VDD,met2-met3,STRIPE,via,49564,84080,51164,84560,1600,via2_1600x480
VDD,met1-met2,STRIPE,via,49564,84080,51164,84560,1600,via_1600x480
VDD,met3-met4,STRIPE,via,22521,84080,24121,84560,1600,via3_1600x480
VDD,met2-met3,STRIPE,via,22521,84080,24121,84560,1600,via2_1600x480
VDD,met1-met2,STRIPE,via,22521,84080,24121,84560,1600,via_1600x480
VDD,met3-met4,STRIPE,via,267363,78640,268963,79120,1600,via3_1600x480
VDD,met2-met3,STRIPE,via,267363,78640,268963,79120,1600,via2_1600x480
VDD,met1-met2,STRIPE,via,267363,78640,268963,79120,1600,via_1600x480
VDD,met3-met4,STRIPE,via,239644,78640,241244,79120,1600,via3_1600x480
VDD,met2-met3,STRIPE,via,239644,78640,241244,79120,1600,via2_1600x480
VDD,met1-met2,STRIPE,via,239644,78640,241244,79120,1600,via_1600x480
VDD,met3-met4,STRIPE,via,212805,78640,214405,79120,1600,via3_1600x480
VDD,met2-met3,STRIPE,via,212805,78640,214405,79120,1600,via2_1600x480
VDD,met1-met2,STRIPE,via,212805,78640,214405,79120,1600,via_1600x480
VDD,met3-met4,STRIPE,via,186033,78640,187633,79120,1600,via3_1600x480
VDD,met2-met3,STRIPE,via,186033,78640,187633,79120,1600,via2_1600x480
VDD,met1-met2,STRIPE,via,186033,78640,187633,79120,1600,via_1600x480
VDD,met3-met4,STRIPE,via,158611,78640,160211,79120,1600,via3_1600x480
VDD,met2-met3,STRIPE,via,158611,78640,160211,79120,1600,via2_1600x480
VDD,met1-met2,STRIPE,via,158611,78640,160211,79120,1600,via_1600x480
VDD,met3-met4,STRIPE,via,131821,78640,133421,79120,1600,via3_1600x480
VDD,met2-met3,STRIPE,via,131821,78640,133421,79120,1600,via2_1600x480
VDD,met1-met2,STRIPE,via,131821,78640,133421,79120,1600,via_1600x480
VDD,met3-met4,STRIPE,via,103923,78640,105523,79120,1600,via3_1600x480
VDD,met2-met3,STRIPE,via,103923,78640,105523,79120,1600,via2_1600x480
VDD,met1-met2,STRIPE,via,103923,78640,105523,79120,1600,via_1600x480
VDD,met3-met4,STRIPE,via,76966,78640,78566,79120,1600,via3_1600x480
VDD,met2-met3,STRIPE,via,76966,78640,78566,79120,1600,via2_1600x480
VDD,met1-met2,STRIPE,via,76966,78640,78566,79120,1600,via_1600x480
VDD,met3-met4,STRIPE,via,49564,78640,51164,79120,1600,via3_1600x480
VDD,met2-met3,STRIPE,via,49564,78640,51164,79120,1600,via2_1600x480
VDD,met1-met2,STRIPE,via,49564,78640,51164,79120,1600,via_1600x480
VDD,met3-met4,STRIPE,via,22521,78640,24121,79120,1600,via3_1600x480
VDD,met2-met3,STRIPE,via,22521,78640,24121,79120,1600,via2_1600x480
VDD,met1-met2,STRIPE,via,22521,78640,24121,79120,1600,via_1600x480
VDD,met3-met4,STRIPE,via,267363,73200,268963,73680,1600,via3_1600x480
VDD,met2-met3,STRIPE,via,267363,73200,268963,73680,1600,via2_1600x480
VDD,met1-met2,STRIPE,via,267363,73200,268963,73680,1600,via_1600x480
VDD,met3-met4,STRIPE,via,239644,73200,241244,73680,1600,via3_1600x480
VDD,met2-met3,STRIPE,via,239644,73200,241244,73680,1600,via2_1600x480
VDD,met1-met2,STRIPE,via,239644,73200,241244,73680,1600,via_1600x480
VDD,met3-met4,STRIPE,via,212805,73200,214405,73680,1600,via3_1600x480
VDD,met2-met3,STRIPE,via,212805,73200,214405,73680,1600,via2_1600x480
VDD,met1-met2,STRIPE,via,212805,73200,214405,73680,1600,via_1600x480
VDD,met3-met4,STRIPE,via,186033,73200,187633,73680,1600,via3_1600x480
VDD,met2-met3,STRIPE,via,186033,73200,187633,73680,1600,via2_1600x480
VDD,met1-met2,STRIPE,via,186033,73200,187633,73680,1600,via_1600x480
VDD,met3-met4,STRIPE,via,158611,73200,160211,73680,1600,via3_1600x480
VDD,met2-met3,STRIPE,via,158611,73200,160211,73680,1600,via2_1600x480
VDD,met1-met2,STRIPE,via,158611,73200,160211,73680,1600,via_1600x480
VDD,met3-met4,STRIPE,via,131821,73200,133421,73680,1600,via3_1600x480
VDD,met2-met3,STRIPE,via,131821,73200,133421,73680,1600,via2_1600x480
VDD,met1-met2,STRIPE,via,131821,73200,133421,73680,1600,via_1600x480
VDD,met3-met4,STRIPE,via,103923,73200,105523,73680,1600,via3_1600x480
VDD,met2-met3,STRIPE,via,103923,73200,105523,73680,1600,via2_1600x480
VDD,met1-met2,STRIPE,via,103923,73200,105523,73680,1600,via_1600x480
VDD,met3-met4,STRIPE,via,76966,73200,78566,73680,1600,via3_1600x480
VDD,met2-met3,STRIPE,via,76966,73200,78566,73680,1600,via2_1600x480
VDD,met1-met2,STRIPE,via,76966,73200,78566,73680,1600,via_1600x480
VDD,met3-met4,STRIPE,via,49564,73200,51164,73680,1600,via3_1600x480
VDD,met2-met3,STRIPE,via,49564,73200,51164,73680,1600,via2_1600x480
VDD,met1-met2,STRIPE,via,49564,73200,51164,73680,1600,via_1600x480
VDD,met3-met4,STRIPE,via,22521,73200,24121,73680,1600,via3_1600x480
VDD,met2-met3,STRIPE,via,22521,73200,24121,73680,1600,via2_1600x480
VDD,met1-met2,STRIPE,via,22521,73200,24121,73680,1600,via_1600x480
VDD,met3-met4,STRIPE,via,267363,67760,268963,68240,1600,via3_1600x480
VDD,met2-met3,STRIPE,via,267363,67760,268963,68240,1600,via2_1600x480
VDD,met1-met2,STRIPE,via,267363,67760,268963,68240,1600,via_1600x480
VDD,met3-met4,STRIPE,via,239644,67760,241244,68240,1600,via3_1600x480
VDD,met2-met3,STRIPE,via,239644,67760,241244,68240,1600,via2_1600x480
VDD,met1-met2,STRIPE,via,239644,67760,241244,68240,1600,via_1600x480
VDD,met3-met4,STRIPE,via,212805,67760,214405,68240,1600,via3_1600x480
VDD,met2-met3,STRIPE,via,212805,67760,214405,68240,1600,via2_1600x480
VDD,met1-met2,STRIPE,via,212805,67760,214405,68240,1600,via_1600x480
VDD,met3-met4,STRIPE,via,186033,67760,187633,68240,1600,via3_1600x480
VDD,met2-met3,STRIPE,via,186033,67760,187633,68240,1600,via2_1600x480
VDD,met1-met2,STRIPE,via,186033,67760,187633,68240,1600,via_1600x480
VDD,met3-met4,STRIPE,via,158611,67760,160211,68240,1600,via3_1600x480
VDD,met2-met3,STRIPE,via,158611,67760,160211,68240,1600,via2_1600x480
VDD,met1-met2,STRIPE,via,158611,67760,160211,68240,1600,via_1600x480
VDD,met3-met4,STRIPE,via,131821,67760,133421,68240,1600,via3_1600x480
VDD,met2-met3,STRIPE,via,131821,67760,133421,68240,1600,via2_1600x480
VDD,met1-met2,STRIPE,via,131821,67760,133421,68240,1600,via_1600x480
VDD,met3-met4,STRIPE,via,103923,67760,105523,68240,1600,via3_1600x480
VDD,met2-met3,STRIPE,via,103923,67760,105523,68240,1600,via2_1600x480
VDD,met1-met2,STRIPE,via,103923,67760,105523,68240,1600,via_1600x480
VDD,met3-met4,STRIPE,via,76966,67760,78566,68240,1600,via3_1600x480
VDD,met2-met3,STRIPE,via,76966,67760,78566,68240,1600,via2_1600x480
VDD,met1-met2,STRIPE,via,76966,67760,78566,68240,1600,via_1600x480
VDD,met3-met4,STRIPE,via,49564,67760,51164,68240,1600,via3_1600x480
VDD,met2-met3,STRIPE,via,49564,67760,51164,68240,1600,via2_1600x480
VDD,met1-met2,STRIPE,via,49564,67760,51164,68240,1600,via_1600x480
VDD,met3-met4,STRIPE,via,22521,67760,24121,68240,1600,via3_1600x480
VDD,met2-met3,STRIPE,via,22521,67760,24121,68240,1600,via2_1600x480
VDD,met1-met2,STRIPE,via,22521,67760,24121,68240,1600,via_1600x480
VDD,met3-met4,STRIPE,via,267363,62320,268963,62800,1600,via3_1600x480
VDD,met2-met3,STRIPE,via,267363,62320,268963,62800,1600,via2_1600x480
VDD,met1-met2,STRIPE,via,267363,62320,268963,62800,1600,via_1600x480
VDD,met3-met4,STRIPE,via,239644,62320,241244,62800,1600,via3_1600x480
VDD,met2-met3,STRIPE,via,239644,62320,241244,62800,1600,via2_1600x480
VDD,met1-met2,STRIPE,via,239644,62320,241244,62800,1600,via_1600x480
VDD,met3-met4,STRIPE,via,212805,62320,214405,62800,1600,via3_1600x480
VDD,met2-met3,STRIPE,via,212805,62320,214405,62800,1600,via2_1600x480
VDD,met1-met2,STRIPE,via,212805,62320,214405,62800,1600,via_1600x480
VDD,met3-met4,STRIPE,via,186033,62320,187633,62800,1600,via3_1600x480
VDD,met2-met3,STRIPE,via,186033,62320,187633,62800,1600,via2_1600x480
VDD,met1-met2,STRIPE,via,186033,62320,187633,62800,1600,via_1600x480
VDD,met3-met4,STRIPE,via,158611,62320,160211,62800,1600,via3_1600x480
VDD,met2-met3,STRIPE,via,158611,62320,160211,62800,1600,via2_1600x480
VDD,met1-met2,STRIPE,via,158611,62320,160211,62800,1600,via_1600x480
VDD,met3-met4,STRIPE,via,131821,62320,133421,62800,1600,via3_1600x480
VDD,met2-met3,STRIPE,via,131821,62320,133421,62800,1600,via2_1600x480
VDD,met1-met2,STRIPE,via,131821,62320,133421,62800,1600,via_1600x480
VDD,met3-met4,STRIPE,via,103923,62320,105523,62800,1600,via3_1600x480
VDD,met2-met3,STRIPE,via,103923,62320,105523,62800,1600,via2_1600x480
VDD,met1-met2,STRIPE,via,103923,62320,105523,62800,1600,via_1600x480
VDD,met3-met4,STRIPE,via,76966,62320,78566,62800,1600,via3_1600x480
VDD,met2-met3,STRIPE,via,76966,62320,78566,62800,1600,via2_1600x480
VDD,met1-met2,STRIPE,via,76966,62320,78566,62800,1600,via_1600x480
VDD,met3-met4,STRIPE,via,49564,62320,51164,62800,1600,via3_1600x480
VDD,met2-met3,STRIPE,via,49564,62320,51164,62800,1600,via2_1600x480
VDD,met1-met2,STRIPE,via,49564,62320,51164,62800,1600,via_1600x480
VDD,met3-met4,STRIPE,via,22521,62320,24121,62800,1600,via3_1600x480
VDD,met2-met3,STRIPE,via,22521,62320,24121,62800,1600,via2_1600x480
VDD,met1-met2,STRIPE,via,22521,62320,24121,62800,1600,via_1600x480
VDD,met3-met4,STRIPE,via,267363,56880,268963,57360,1600,via3_1600x480
VDD,met2-met3,STRIPE,via,267363,56880,268963,57360,1600,via2_1600x480
VDD,met1-met2,STRIPE,via,267363,56880,268963,57360,1600,via_1600x480
VDD,met3-met4,STRIPE,via,239644,56880,241244,57360,1600,via3_1600x480
VDD,met2-met3,STRIPE,via,239644,56880,241244,57360,1600,via2_1600x480
VDD,met1-met2,STRIPE,via,239644,56880,241244,57360,1600,via_1600x480
VDD,met3-met4,STRIPE,via,212805,56880,214405,57360,1600,via3_1600x480
VDD,met2-met3,STRIPE,via,212805,56880,214405,57360,1600,via2_1600x480
VDD,met1-met2,STRIPE,via,212805,56880,214405,57360,1600,via_1600x480
VDD,met3-met4,STRIPE,via,186033,56880,187633,57360,1600,via3_1600x480
VDD,met2-met3,STRIPE,via,186033,56880,187633,57360,1600,via2_1600x480
VDD,met1-met2,STRIPE,via,186033,56880,187633,57360,1600,via_1600x480
VDD,met3-met4,STRIPE,via,158611,56880,160211,57360,1600,via3_1600x480
VDD,met2-met3,STRIPE,via,158611,56880,160211,57360,1600,via2_1600x480
VDD,met1-met2,STRIPE,via,158611,56880,160211,57360,1600,via_1600x480
VDD,met3-met4,STRIPE,via,131821,56880,133421,57360,1600,via3_1600x480
VDD,met2-met3,STRIPE,via,131821,56880,133421,57360,1600,via2_1600x480
VDD,met1-met2,STRIPE,via,131821,56880,133421,57360,1600,via_1600x480
VDD,met3-met4,STRIPE,via,103923,56880,105523,57360,1600,via3_1600x480
VDD,met2-met3,STRIPE,via,103923,56880,105523,57360,1600,via2_1600x480
VDD,met1-met2,STRIPE,via,103923,56880,105523,57360,1600,via_1600x480
VDD,met3-met4,STRIPE,via,76966,56880,78566,57360,1600,via3_1600x480
VDD,met2-met3,STRIPE,via,76966,56880,78566,57360,1600,via2_1600x480
VDD,met1-met2,STRIPE,via,76966,56880,78566,57360,1600,via_1600x480
VDD,met3-met4,STRIPE,via,49564,56880,51164,57360,1600,via3_1600x480
VDD,met2-met3,STRIPE,via,49564,56880,51164,57360,1600,via2_1600x480
VDD,met1-met2,STRIPE,via,49564,56880,51164,57360,1600,via_1600x480
VDD,met3-met4,STRIPE,via,22521,56880,24121,57360,1600,via3_1600x480
VDD,met2-met3,STRIPE,via,22521,56880,24121,57360,1600,via2_1600x480
VDD,met1-met2,STRIPE,via,22521,56880,24121,57360,1600,via_1600x480
VDD,met3-met4,STRIPE,via,267363,51440,268963,51920,1600,via3_1600x480
VDD,met2-met3,STRIPE,via,267363,51440,268963,51920,1600,via2_1600x480
VDD,met1-met2,STRIPE,via,267363,51440,268963,51920,1600,via_1600x480
VDD,met3-met4,STRIPE,via,239644,51440,241244,51920,1600,via3_1600x480
VDD,met2-met3,STRIPE,via,239644,51440,241244,51920,1600,via2_1600x480
VDD,met1-met2,STRIPE,via,239644,51440,241244,51920,1600,via_1600x480
VDD,met3-met4,STRIPE,via,212805,51440,214405,51920,1600,via3_1600x480
VDD,met2-met3,STRIPE,via,212805,51440,214405,51920,1600,via2_1600x480
VDD,met1-met2,STRIPE,via,212805,51440,214405,51920,1600,via_1600x480
VDD,met3-met4,STRIPE,via,186033,51440,187633,51920,1600,via3_1600x480
VDD,met2-met3,STRIPE,via,186033,51440,187633,51920,1600,via2_1600x480
VDD,met1-met2,STRIPE,via,186033,51440,187633,51920,1600,via_1600x480
VDD,met3-met4,STRIPE,via,158611,51440,160211,51920,1600,via3_1600x480
VDD,met2-met3,STRIPE,via,158611,51440,160211,51920,1600,via2_1600x480
VDD,met1-met2,STRIPE,via,158611,51440,160211,51920,1600,via_1600x480
VDD,met3-met4,STRIPE,via,131821,51440,133421,51920,1600,via3_1600x480
VDD,met2-met3,STRIPE,via,131821,51440,133421,51920,1600,via2_1600x480
VDD,met1-met2,STRIPE,via,131821,51440,133421,51920,1600,via_1600x480
VDD,met3-met4,STRIPE,via,103923,51440,105523,51920,1600,via3_1600x480
VDD,met2-met3,STRIPE,via,103923,51440,105523,51920,1600,via2_1600x480
VDD,met1-met2,STRIPE,via,103923,51440,105523,51920,1600,via_1600x480
VDD,met3-met4,STRIPE,via,76966,51440,78566,51920,1600,via3_1600x480
VDD,met2-met3,STRIPE,via,76966,51440,78566,51920,1600,via2_1600x480
VDD,met1-met2,STRIPE,via,76966,51440,78566,51920,1600,via_1600x480
VDD,met3-met4,STRIPE,via,49564,51440,51164,51920,1600,via3_1600x480
VDD,met2-met3,STRIPE,via,49564,51440,51164,51920,1600,via2_1600x480
VDD,met1-met2,STRIPE,via,49564,51440,51164,51920,1600,via_1600x480
VDD,met3-met4,STRIPE,via,22521,51440,24121,51920,1600,via3_1600x480
VDD,met2-met3,STRIPE,via,22521,51440,24121,51920,1600,via2_1600x480
VDD,met1-met2,STRIPE,via,22521,51440,24121,51920,1600,via_1600x480
VDD,met3-met4,STRIPE,via,267363,46000,268963,46480,1600,via3_1600x480
VDD,met2-met3,STRIPE,via,267363,46000,268963,46480,1600,via2_1600x480
VDD,met1-met2,STRIPE,via,267363,46000,268963,46480,1600,via_1600x480
VDD,met3-met4,STRIPE,via,239644,46000,241244,46480,1600,via3_1600x480
VDD,met2-met3,STRIPE,via,239644,46000,241244,46480,1600,via2_1600x480
VDD,met1-met2,STRIPE,via,239644,46000,241244,46480,1600,via_1600x480
VDD,met3-met4,STRIPE,via,212805,46000,214405,46480,1600,via3_1600x480
VDD,met2-met3,STRIPE,via,212805,46000,214405,46480,1600,via2_1600x480
VDD,met1-met2,STRIPE,via,212805,46000,214405,46480,1600,via_1600x480
VDD,met3-met4,STRIPE,via,186033,46000,187633,46480,1600,via3_1600x480
VDD,met2-met3,STRIPE,via,186033,46000,187633,46480,1600,via2_1600x480
VDD,met1-met2,STRIPE,via,186033,46000,187633,46480,1600,via_1600x480
VDD,met3-met4,STRIPE,via,158611,46000,160211,46480,1600,via3_1600x480
VDD,met2-met3,STRIPE,via,158611,46000,160211,46480,1600,via2_1600x480
VDD,met1-met2,STRIPE,via,158611,46000,160211,46480,1600,via_1600x480
VDD,met3-met4,STRIPE,via,131821,46000,133421,46480,1600,via3_1600x480
VDD,met2-met3,STRIPE,via,131821,46000,133421,46480,1600,via2_1600x480
VDD,met1-met2,STRIPE,via,131821,46000,133421,46480,1600,via_1600x480
VDD,met3-met4,STRIPE,via,103923,46000,105523,46480,1600,via3_1600x480
VDD,met2-met3,STRIPE,via,103923,46000,105523,46480,1600,via2_1600x480
VDD,met1-met2,STRIPE,via,103923,46000,105523,46480,1600,via_1600x480
VDD,met3-met4,STRIPE,via,76966,46000,78566,46480,1600,via3_1600x480
VDD,met2-met3,STRIPE,via,76966,46000,78566,46480,1600,via2_1600x480
VDD,met1-met2,STRIPE,via,76966,46000,78566,46480,1600,via_1600x480
VDD,met3-met4,STRIPE,via,49564,46000,51164,46480,1600,via3_1600x480
VDD,met2-met3,STRIPE,via,49564,46000,51164,46480,1600,via2_1600x480
VDD,met1-met2,STRIPE,via,49564,46000,51164,46480,1600,via_1600x480
VDD,met3-met4,STRIPE,via,22521,46000,24121,46480,1600,via3_1600x480
VDD,met2-met3,STRIPE,via,22521,46000,24121,46480,1600,via2_1600x480
VDD,met1-met2,STRIPE,via,22521,46000,24121,46480,1600,via_1600x480
VDD,met3-met4,STRIPE,via,267363,40560,268963,41040,1600,via3_1600x480
VDD,met2-met3,STRIPE,via,267363,40560,268963,41040,1600,via2_1600x480
VDD,met1-met2,STRIPE,via,267363,40560,268963,41040,1600,via_1600x480
VDD,met3-met4,STRIPE,via,239644,40560,241244,41040,1600,via3_1600x480
VDD,met2-met3,STRIPE,via,239644,40560,241244,41040,1600,via2_1600x480
VDD,met1-met2,STRIPE,via,239644,40560,241244,41040,1600,via_1600x480
VDD,met3-met4,STRIPE,via,212805,40560,214405,41040,1600,via3_1600x480
VDD,met2-met3,STRIPE,via,212805,40560,214405,41040,1600,via2_1600x480
VDD,met1-met2,STRIPE,via,212805,40560,214405,41040,1600,via_1600x480
VDD,met3-met4,STRIPE,via,186033,40560,187633,41040,1600,via3_1600x480
VDD,met2-met3,STRIPE,via,186033,40560,187633,41040,1600,via2_1600x480
VDD,met1-met2,STRIPE,via,186033,40560,187633,41040,1600,via_1600x480
VDD,met3-met4,STRIPE,via,158611,40560,160211,41040,1600,via3_1600x480
VDD,met2-met3,STRIPE,via,158611,40560,160211,41040,1600,via2_1600x480
VDD,met1-met2,STRIPE,via,158611,40560,160211,41040,1600,via_1600x480
VDD,met3-met4,STRIPE,via,131821,40560,133421,41040,1600,via3_1600x480
VDD,met2-met3,STRIPE,via,131821,40560,133421,41040,1600,via2_1600x480
VDD,met1-met2,STRIPE,via,131821,40560,133421,41040,1600,via_1600x480
VDD,met3-met4,STRIPE,via,103923,40560,105523,41040,1600,via3_1600x480
VDD,met2-met3,STRIPE,via,103923,40560,105523,41040,1600,via2_1600x480
VDD,met1-met2,STRIPE,via,103923,40560,105523,41040,1600,via_1600x480
VDD,met3-met4,STRIPE,via,76966,40560,78566,41040,1600,via3_1600x480
VDD,met2-met3,STRIPE,via,76966,40560,78566,41040,1600,via2_1600x480
VDD,met1-met2,STRIPE,via,76966,40560,78566,41040,1600,via_1600x480
VDD,met3-met4,STRIPE,via,49564,40560,51164,41040,1600,via3_1600x480
VDD,met2-met3,STRIPE,via,49564,40560,51164,41040,1600,via2_1600x480
VDD,met1-met2,STRIPE,via,49564,40560,51164,41040,1600,via_1600x480
VDD,met3-met4,STRIPE,via,22521,40560,24121,41040,1600,via3_1600x480
VDD,met2-met3,STRIPE,via,22521,40560,24121,41040,1600,via2_1600x480
VDD,met1-met2,STRIPE,via,22521,40560,24121,41040,1600,via_1600x480
VDD,met3-met4,STRIPE,via,267363,35120,268963,35600,1600,via3_1600x480
VDD,met2-met3,STRIPE,via,267363,35120,268963,35600,1600,via2_1600x480
VDD,met1-met2,STRIPE,via,267363,35120,268963,35600,1600,via_1600x480
VDD,met3-met4,STRIPE,via,239644,35120,241244,35600,1600,via3_1600x480
VDD,met2-met3,STRIPE,via,239644,35120,241244,35600,1600,via2_1600x480
VDD,met1-met2,STRIPE,via,239644,35120,241244,35600,1600,via_1600x480
VDD,met3-met4,STRIPE,via,212805,35120,214405,35600,1600,via3_1600x480
VDD,met2-met3,STRIPE,via,212805,35120,214405,35600,1600,via2_1600x480
VDD,met1-met2,STRIPE,via,212805,35120,214405,35600,1600,via_1600x480
VDD,met3-met4,STRIPE,via,186033,35120,187633,35600,1600,via3_1600x480
VDD,met2-met3,STRIPE,via,186033,35120,187633,35600,1600,via2_1600x480
VDD,met1-met2,STRIPE,via,186033,35120,187633,35600,1600,via_1600x480
VDD,met3-met4,STRIPE,via,158611,35120,160211,35600,1600,via3_1600x480
VDD,met2-met3,STRIPE,via,158611,35120,160211,35600,1600,via2_1600x480
VDD,met1-met2,STRIPE,via,158611,35120,160211,35600,1600,via_1600x480
VDD,met3-met4,STRIPE,via,131821,35120,133421,35600,1600,via3_1600x480
VDD,met2-met3,STRIPE,via,131821,35120,133421,35600,1600,via2_1600x480
VDD,met1-met2,STRIPE,via,131821,35120,133421,35600,1600,via_1600x480
VDD,met3-met4,STRIPE,via,103923,35120,105523,35600,1600,via3_1600x480
VDD,met2-met3,STRIPE,via,103923,35120,105523,35600,1600,via2_1600x480
VDD,met1-met2,STRIPE,via,103923,35120,105523,35600,1600,via_1600x480
VDD,met3-met4,STRIPE,via,76966,35120,78566,35600,1600,via3_1600x480
VDD,met2-met3,STRIPE,via,76966,35120,78566,35600,1600,via2_1600x480
VDD,met1-met2,STRIPE,via,76966,35120,78566,35600,1600,via_1600x480
VDD,met3-met4,STRIPE,via,49564,35120,51164,35600,1600,via3_1600x480
VDD,met2-met3,STRIPE,via,49564,35120,51164,35600,1600,via2_1600x480
VDD,met1-met2,STRIPE,via,49564,35120,51164,35600,1600,via_1600x480
VDD,met3-met4,STRIPE,via,22521,35120,24121,35600,1600,via3_1600x480
VDD,met2-met3,STRIPE,via,22521,35120,24121,35600,1600,via2_1600x480
VDD,met1-met2,STRIPE,via,22521,35120,24121,35600,1600,via_1600x480
VDD,met3-met4,STRIPE,via,267363,29680,268963,30160,1600,via3_1600x480
VDD,met2-met3,STRIPE,via,267363,29680,268963,30160,1600,via2_1600x480
VDD,met1-met2,STRIPE,via,267363,29680,268963,30160,1600,via_1600x480
VDD,met3-met4,STRIPE,via,239644,29680,241244,30160,1600,via3_1600x480
VDD,met2-met3,STRIPE,via,239644,29680,241244,30160,1600,via2_1600x480
VDD,met1-met2,STRIPE,via,239644,29680,241244,30160,1600,via_1600x480
VDD,met3-met4,STRIPE,via,212805,29680,214405,30160,1600,via3_1600x480
VDD,met2-met3,STRIPE,via,212805,29680,214405,30160,1600,via2_1600x480
VDD,met1-met2,STRIPE,via,212805,29680,214405,30160,1600,via_1600x480
VDD,met3-met4,STRIPE,via,186033,29680,187633,30160,1600,via3_1600x480
VDD,met2-met3,STRIPE,via,186033,29680,187633,30160,1600,via2_1600x480
VDD,met1-met2,STRIPE,via,186033,29680,187633,30160,1600,via_1600x480
VDD,met3-met4,STRIPE,via,158611,29680,160211,30160,1600,via3_1600x480
VDD,met2-met3,STRIPE,via,158611,29680,160211,30160,1600,via2_1600x480
VDD,met1-met2,STRIPE,via,158611,29680,160211,30160,1600,via_1600x480
VDD,met3-met4,STRIPE,via,131821,29680,133421,30160,1600,via3_1600x480
VDD,met2-met3,STRIPE,via,131821,29680,133421,30160,1600,via2_1600x480
VDD,met1-met2,STRIPE,via,131821,29680,133421,30160,1600,via_1600x480
VDD,met3-met4,STRIPE,via,103923,29680,105523,30160,1600,via3_1600x480
VDD,met2-met3,STRIPE,via,103923,29680,105523,30160,1600,via2_1600x480
VDD,met1-met2,STRIPE,via,103923,29680,105523,30160,1600,via_1600x480
VDD,met3-met4,STRIPE,via,76966,29680,78566,30160,1600,via3_1600x480
VDD,met2-met3,STRIPE,via,76966,29680,78566,30160,1600,via2_1600x480
VDD,met1-met2,STRIPE,via,76966,29680,78566,30160,1600,via_1600x480
VDD,met3-met4,STRIPE,via,49564,29680,51164,30160,1600,via3_1600x480
VDD,met2-met3,STRIPE,via,49564,29680,51164,30160,1600,via2_1600x480
VDD,met1-met2,STRIPE,via,49564,29680,51164,30160,1600,via_1600x480
VDD,met3-met4,STRIPE,via,22521,29680,24121,30160,1600,via3_1600x480
VDD,met2-met3,STRIPE,via,22521,29680,24121,30160,1600,via2_1600x480
VDD,met1-met2,STRIPE,via,22521,29680,24121,30160,1600,via_1600x480
VDD,met3-met4,STRIPE,via,267363,24240,268963,24720,1600,via3_1600x480
VDD,met2-met3,STRIPE,via,267363,24240,268963,24720,1600,via2_1600x480
VDD,met1-met2,STRIPE,via,267363,24240,268963,24720,1600,via_1600x480
VDD,met3-met4,STRIPE,via,239644,24240,241244,24720,1600,via3_1600x480
VDD,met2-met3,STRIPE,via,239644,24240,241244,24720,1600,via2_1600x480
VDD,met1-met2,STRIPE,via,239644,24240,241244,24720,1600,via_1600x480
VDD,met3-met4,STRIPE,via,212805,24240,214405,24720,1600,via3_1600x480
VDD,met2-met3,STRIPE,via,212805,24240,214405,24720,1600,via2_1600x480
VDD,met1-met2,STRIPE,via,212805,24240,214405,24720,1600,via_1600x480
VDD,met3-met4,STRIPE,via,186033,24240,187633,24720,1600,via3_1600x480
VDD,met2-met3,STRIPE,via,186033,24240,187633,24720,1600,via2_1600x480
VDD,met1-met2,STRIPE,via,186033,24240,187633,24720,1600,via_1600x480
VDD,met3-met4,STRIPE,via,158611,24240,160211,24720,1600,via3_1600x480
VDD,met2-met3,STRIPE,via,158611,24240,160211,24720,1600,via2_1600x480
VDD,met1-met2,STRIPE,via,158611,24240,160211,24720,1600,via_1600x480
VDD,met3-met4,STRIPE,via,131821,24240,133421,24720,1600,via3_1600x480
VDD,met2-met3,STRIPE,via,131821,24240,133421,24720,1600,via2_1600x480
VDD,met1-met2,STRIPE,via,131821,24240,133421,24720,1600,via_1600x480
VDD,met3-met4,STRIPE,via,103923,24240,105523,24720,1600,via3_1600x480
VDD,met2-met3,STRIPE,via,103923,24240,105523,24720,1600,via2_1600x480
VDD,met1-met2,STRIPE,via,103923,24240,105523,24720,1600,via_1600x480
VDD,met3-met4,STRIPE,via,76966,24240,78566,24720,1600,via3_1600x480
VDD,met2-met3,STRIPE,via,76966,24240,78566,24720,1600,via2_1600x480
VDD,met1-met2,STRIPE,via,76966,24240,78566,24720,1600,via_1600x480
VDD,met3-met4,STRIPE,via,49564,24240,51164,24720,1600,via3_1600x480
VDD,met2-met3,STRIPE,via,49564,24240,51164,24720,1600,via2_1600x480
VDD,met1-met2,STRIPE,via,49564,24240,51164,24720,1600,via_1600x480
VDD,met3-met4,STRIPE,via,22521,24240,24121,24720,1600,via3_1600x480
VDD,met2-met3,STRIPE,via,22521,24240,24121,24720,1600,via2_1600x480
VDD,met1-met2,STRIPE,via,22521,24240,24121,24720,1600,via_1600x480
VDD,met3-met4,STRIPE,via,267363,18800,268963,19280,1600,via3_1600x480
VDD,met2-met3,STRIPE,via,267363,18800,268963,19280,1600,via2_1600x480
VDD,met1-met2,STRIPE,via,267363,18800,268963,19280,1600,via_1600x480
VDD,met3-met4,STRIPE,via,239644,18800,241244,19280,1600,via3_1600x480
VDD,met2-met3,STRIPE,via,239644,18800,241244,19280,1600,via2_1600x480
VDD,met1-met2,STRIPE,via,239644,18800,241244,19280,1600,via_1600x480
VDD,met3-met4,STRIPE,via,212805,18800,214405,19280,1600,via3_1600x480
VDD,met2-met3,STRIPE,via,212805,18800,214405,19280,1600,via2_1600x480
VDD,met1-met2,STRIPE,via,212805,18800,214405,19280,1600,via_1600x480
VDD,met3-met4,STRIPE,via,186033,18800,187633,19280,1600,via3_1600x480
VDD,met2-met3,STRIPE,via,186033,18800,187633,19280,1600,via2_1600x480
VDD,met1-met2,STRIPE,via,186033,18800,187633,19280,1600,via_1600x480
VDD,met3-met4,STRIPE,via,158611,18800,160211,19280,1600,via3_1600x480
VDD,met2-met3,STRIPE,via,158611,18800,160211,19280,1600,via2_1600x480
VDD,met1-met2,STRIPE,via,158611,18800,160211,19280,1600,via_1600x480
VDD,met3-met4,STRIPE,via,131821,18800,133421,19280,1600,via3_1600x480
VDD,met2-met3,STRIPE,via,131821,18800,133421,19280,1600,via2_1600x480
VDD,met1-met2,STRIPE,via,131821,18800,133421,19280,1600,via_1600x480
VDD,met3-met4,STRIPE,via,103923,18800,105523,19280,1600,via3_1600x480
VDD,met2-met3,STRIPE,via,103923,18800,105523,19280,1600,via2_1600x480
VDD,met1-met2,STRIPE,via,103923,18800,105523,19280,1600,via_1600x480
VDD,met3-met4,STRIPE,via,76966,18800,78566,19280,1600,via3_1600x480
VDD,met2-met3,STRIPE,via,76966,18800,78566,19280,1600,via2_1600x480
VDD,met1-met2,STRIPE,via,76966,18800,78566,19280,1600,via_1600x480
VDD,met3-met4,STRIPE,via,49564,18800,51164,19280,1600,via3_1600x480
VDD,met2-met3,STRIPE,via,49564,18800,51164,19280,1600,via2_1600x480
VDD,met1-met2,STRIPE,via,49564,18800,51164,19280,1600,via_1600x480
VDD,met3-met4,STRIPE,via,22521,18800,24121,19280,1600,via3_1600x480
VDD,met2-met3,STRIPE,via,22521,18800,24121,19280,1600,via2_1600x480
VDD,met1-met2,STRIPE,via,22521,18800,24121,19280,1600,via_1600x480
VDD,met3-met4,STRIPE,via,267363,13360,268963,13840,1600,via3_1600x480
VDD,met2-met3,STRIPE,via,267363,13360,268963,13840,1600,via2_1600x480
VDD,met1-met2,STRIPE,via,267363,13360,268963,13840,1600,via_1600x480
VDD,met3-met4,STRIPE,via,239644,13360,241244,13840,1600,via3_1600x480
VDD,met2-met3,STRIPE,via,239644,13360,241244,13840,1600,via2_1600x480
VDD,met1-met2,STRIPE,via,239644,13360,241244,13840,1600,via_1600x480
VDD,met3-met4,STRIPE,via,212805,13360,214405,13840,1600,via3_1600x480
VDD,met2-met3,STRIPE,via,212805,13360,214405,13840,1600,via2_1600x480
VDD,met1-met2,STRIPE,via,212805,13360,214405,13840,1600,via_1600x480
VDD,met3-met4,STRIPE,via,186033,13360,187633,13840,1600,via3_1600x480
VDD,met2-met3,STRIPE,via,186033,13360,187633,13840,1600,via2_1600x480
VDD,met1-met2,STRIPE,via,186033,13360,187633,13840,1600,via_1600x480
VDD,met3-met4,STRIPE,via,158611,13360,160211,13840,1600,via3_1600x480
VDD,met2-met3,STRIPE,via,158611,13360,160211,13840,1600,via2_1600x480
VDD,met1-met2,STRIPE,via,158611,13360,160211,13840,1600,via_1600x480
VDD,met3-met4,STRIPE,via,131821,13360,133421,13840,1600,via3_1600x480
VDD,met2-met3,STRIPE,via,131821,13360,133421,13840,1600,via2_1600x480
VDD,met1-met2,STRIPE,via,131821,13360,133421,13840,1600,via_1600x480
VDD,met3-met4,STRIPE,via,103923,13360,105523,13840,1600,via3_1600x480
VDD,met2-met3,STRIPE,via,103923,13360,105523,13840,1600,via2_1600x480
VDD,met1-met2,STRIPE,via,103923,13360,105523,13840,1600,via_1600x480
VDD,met3-met4,STRIPE,via,76966,13360,78566,13840,1600,via3_1600x480
VDD,met2-met3,STRIPE,via,76966,13360,78566,13840,1600,via2_1600x480
VDD,met1-met2,STRIPE,via,76966,13360,78566,13840,1600,via_1600x480
VDD,met3-met4,STRIPE,via,49564,13360,51164,13840,1600,via3_1600x480
VDD,met2-met3,STRIPE,via,49564,13360,51164,13840,1600,via2_1600x480
VDD,met1-met2,STRIPE,via,49564,13360,51164,13840,1600,via_1600x480
VDD,met3-met4,STRIPE,via,22521,13360,24121,13840,1600,via3_1600x480
VDD,met2-met3,STRIPE,via,22521,13360,24121,13840,1600,via2_1600x480
VDD,met1-met2,STRIPE,via,22521,13360,24121,13840,1600,via_1600x480
VDD,met5,STRIPE,wire,10120,241040,269560,242640,1600,
VDD,met5,STRIPE,wire,10120,213840,269560,215440,1600,
VDD,met5,STRIPE,wire,10120,186640,269560,188240,1600,
VDD,met5,STRIPE,wire,10120,159440,269560,161040,1600,
VDD,met5,STRIPE,wire,10120,132240,269560,133840,1600,
VDD,met5,STRIPE,wire,10120,105040,269560,106640,1600,
VDD,met5,STRIPE,wire,10120,77840,269560,79440,1600,
VDD,met5,STRIPE,wire,10120,50640,269560,52240,1600,
VDD,met5,STRIPE,wire,10120,23440,269560,25040,1600,
VDD,met4,STRIPE,wire,267363,10640,268963,269520,1600,
VDD,met4,STRIPE,wire,239644,10640,241244,269520,1600,
VDD,met4,STRIPE,wire,212805,10640,214405,269520,1600,
VDD,met4,STRIPE,wire,186033,10640,187633,269520,1600,
VDD,met4,STRIPE,wire,158611,10640,160211,269520,1600,
VDD,met4,STRIPE,wire,131821,10640,133421,269520,1600,
VDD,met4,STRIPE,wire,103923,10640,105523,269520,1600,
VDD,met4,STRIPE,wire,76966,10640,78566,269520,1600,
VDD,met4,STRIPE,wire,49564,10640,51164,269520,1600,
VDD,met4,STRIPE,wire,22521,10640,24121,269520,1600,
VDD,met1,FOLLOWPIN,wire,10120,269040,269560,269520,480,
VDD,met1,FOLLOWPIN,wire,10120,263600,269560,264080,480,
VDD,met1,FOLLOWPIN,wire,10120,258160,269560,258640,480,
VDD,met1,FOLLOWPIN,wire,10120,252720,269560,253200,480,
VDD,met1,FOLLOWPIN,wire,10120,247280,269560,247760,480,
VDD,met1,FOLLOWPIN,wire,10120,241840,269560,242320,480,
VDD,met1,FOLLOWPIN,wire,10120,236400,269560,236880,480,
VDD,met1,FOLLOWPIN,wire,10120,230960,269560,231440,480,
VDD,met1,FOLLOWPIN,wire,10120,225520,269560,226000,480,
VDD,met1,FOLLOWPIN,wire,10120,220080,269560,220560,480,
VDD,met1,FOLLOWPIN,wire,10120,214640,269560,215120,480,
VDD,met1,FOLLOWPIN,wire,10120,209200,269560,209680,480,
VDD,met1,FOLLOWPIN,wire,10120,203760,269560,204240,480,
VDD,met1,FOLLOWPIN,wire,10120,198320,269560,198800,480,
VDD,met1,FOLLOWPIN,wire,10120,192880,269560,193360,480,
VDD,met1,FOLLOWPIN,wire,10120,187440,269560,187920,480,
VDD,met1,FOLLOWPIN,wire,10120,182000,269560,182480,480,
VDD,met1,FOLLOWPIN,wire,10120,176560,269560,177040,480,
VDD,met1,FOLLOWPIN,wire,10120,171120,269560,171600,480,
VDD,met1,FOLLOWPIN,wire,10120,165680,269560,166160,480,
VDD,met1,FOLLOWPIN,wire,10120,160240,269560,160720,480,
VDD,met1,FOLLOWPIN,wire,10120,154800,269560,155280,480,
VDD,met1,FOLLOWPIN,wire,10120,149360,269560,149840,480,
VDD,met1,FOLLOWPIN,wire,10120,143920,269560,144400,480,
VDD,met1,FOLLOWPIN,wire,10120,138480,269560,138960,480,
VDD,met1,FOLLOWPIN,wire,10120,133040,269560,133520,480,
VDD,met1,FOLLOWPIN,wire,10120,127600,269560,128080,480,
VDD,met1,FOLLOWPIN,wire,10120,122160,269560,122640,480,
VDD,met1,FOLLOWPIN,wire,10120,116720,269560,117200,480,
VDD,met1,FOLLOWPIN,wire,10120,111280,269560,111760,480,
VDD,met1,FOLLOWPIN,wire,10120,105840,269560,106320,480,
VDD,met1,FOLLOWPIN,wire,10120,100400,269560,100880,480,
VDD,met1,FOLLOWPIN,wire,10120,94960,269560,95440,480,
VDD,met1,FOLLOWPIN,wire,10120,89520,269560,90000,480,
VDD,met1,FOLLOWPIN,wire,10120,84080,269560,84560,480,
VDD,met1,FOLLOWPIN,wire,10120,78640,269560,79120,480,
VDD,met1,FOLLOWPIN,wire,10120,73200,269560,73680,480,
VDD,met1,FOLLOWPIN,wire,10120,67760,269560,68240,480,
VDD,met1,FOLLOWPIN,wire,10120,62320,269560,62800,480,
VDD,met1,FOLLOWPIN,wire,10120,56880,269560,57360,480,
VDD,met1,FOLLOWPIN,wire,10120,51440,269560,51920,480,
VDD,met1,FOLLOWPIN,wire,10120,46000,269560,46480,480,
VDD,met1,FOLLOWPIN,wire,10120,40560,269560,41040,480,
VDD,met1,FOLLOWPIN,wire,10120,35120,269560,35600,480,
VDD,met1,FOLLOWPIN,wire,10120,29680,269560,30160,480,
VDD,met1,FOLLOWPIN,wire,10120,24240,269560,24720,480,
VDD,met1,FOLLOWPIN,wire,10120,18800,269560,19280,480,
VDD,met1,FOLLOWPIN,wire,10120,13360,269560,13840,480,
