net,layer,shape,kind,x1,y1,x2,y2,width,via_name
VSS,met4-met5,STRIPE,via,253248,254640,254848,256240,1600,via4_1600x1600
VSS,met4-met5,STRIPE,via,226296,254640,227896,256240,1600,via4_1600x1600
VSS,met4-met5,STRIPE,via,199179,254640,200779,256240,1600,via4_1600x1600
VSS,met4-met5,STRIPE,via,171663,254640,173263,256240,1600,via4_1600x1600
VSS,met4-met5,STRIPE,via,145490,254640,147090,256240,1600,via4_1600x1600
VSS,met4-met5,STRIPE,via,117461,254640,119061,256240,1600,via4_1600x1600
VSS,met4-met5,STRIPE,via,91252,254640,92852,256240,1600,via4_1600x1600
VSS,met4-met5,STRIPE,via,63269,254640,64869,256240,1600,via4_1600x1600
VSS,met4-met5,STRIPE,via,36862,254640,38462,256240,1600,via4_1600x1600
VSS,met4-met5,STRIPE,via,253248,227440,254848,229040,1600,via4_1600x1600
VSS,met4-met5,STRIPE,via,226296,227440,227896,229040,1600,via4_1600x1600
VSS,met4-met5,STRIPE,via,199179,227440,200779,229040,1600,via4_1600x1600
VSS,met4-met5,STRIPE,via,171663,227440,173263,229040,1600,via4_1600x1600
VSS,met4-met5,STRIPE,via,145490,227440,147090,229040,1600,via4_1600x1600
VSS,met4-met5,STRIPE,via,117461,227440,119061,229040,1600,via4_1600x1600
VSS,met4-met5,STRIPE,via,91252,227440,92852,229040,1600,via4_1600x1600
VSS,met4-met5,STRIPE,via,63269,227440,64869,229040,1600,via4_1600x1600
VSS,met4-met5,STRIPE,via,36862,227440,38462,229040,1600,via4_1600x1600
VSS,met4-met5,STRIPE,via,253248,200240,254848,201840,1600,via4_1600x1600
VSS,met4-met5,STRIPE,via,226296,200240,227896,201840,1600,via4_1600x1600
VSS,met4-met5,STRIPE,via,199179,200240,200779,201840,1600,via4_1600x1600
VSS,met4-met5,STRIPE,via,171663,200240,173263,201840,1600,via4_1600x1600
VSS,met4-met5,STRIPE,via,145490,200240,147090,201840,1600,via4_1600x1600
VSS,met4-met5,STRIPE,via,117461,200240,119061,201840,1600,via4_1600x1600
VSS,met4-met5,STRIPE,via,91252,200240,92852,201840,1600,via4_1600x1600
VSS,met4-met5,STRIPE,via,63269,200240,64869,201840,1600,via4_1600x1600
VSS,met4-met5,STRIPE,via,36862,200240,38462,201840,1600,via4_1600x1600
VSS,met4-met5,STRIPE,via,253248,173040,254848,174640,1600,via4_1600x1600
VSS,met4-met5,STRIPE,via,226296,173040,227896,174640,1600,via4_1600x1600
VSS,met4-met5,STRIPE,via,199179,173040,200779,174640,1600,via4_1600x1600
VSS,met4-met5,STRIPE,via,171663,173040,173263,174640,1600,via4_1600x1600
VSS,met4-met5,STRIPE,via,145490,173040,147090,174640,1600,via4_1600x1600
VSS,met4-met5,STRIPE,via,117461,173040,119061,174640,1600,via4_1600x1600
VSS,met4-met5,STRIPE,via,91252,173040,92852,174640,1600,via4_1600x1600
VSS,met4-met5,STRIPE,via,63269,173040,64869,174640,1600,via4_1600x1600
VSS,met4-met5,STRIPE,via,36862,173040,38462,174640,1600,via4_1600x1600
VSS,met4-met5,STRIPE,via,253248,145840,254848,147440,1600,via4_1600x1600
VSS,met4-met5,STRIPE,via,226296,145840,227896,147440,1600,via4_1600x1600
VSS,met4-met5,STRIPE,via,199179,145840,200779,147440,1600,via4_1600x1600
VSS,met4-met5,STRIPE,via,171663,145840,173263,147440,1600,via4_1600x1600
VSS,met4-met5,STRIPE,via,145490,145840,147090,147440,1600,via4_1600x1600
VSS,met4-met5,STRIPE,via,117461,145840,119061,147440,1600,via4_1600x1600
VSS,met4-met5,STRIPE,via,91252,145840,92852,147440,1600,via4_1600x1600
VSS,met4-met5,STRIPE,via,63269,145840,64869,147440,1600,via4_1600x1600
VSS,met4-met5,STRIPE,via,36862,145840,38462,147440,1600,via4_1600x1600
VSS,met4-met5,STRIPE,via,253248,118640,254848,120240,1600,via4_1600x1600
VSS,met4-met5,STRIPE,via,226296,118640,227896,120240,1600,via4_1600x1600
VSS,met4-met5,STRIPE,via,199179,118640,200779,120240,1600,via4_1600x1600
VSS,met4-met5,STRIPE,via,171663,118640,173263,120240,1600,via4_1600x1600
VSS,met4-met5,STRIPE,via,145490,118640,147090,120240,1600,via4_1600x1600
VSS,met4-met5,STRIPE,via,117461,118640,119061,120240,1600,via4_1600x1600
VSS,met4-met5,STRIPE,via,91252,118640,92852,120240,1600,via4_1600x1600
VSS,met4-met5,STRIPE,via,63269,118640,64869,120240,1600,via4_1600x1600
VSS,met4-met5,STRIPE,via,36862,118640,38462,120240,1600,via4_1600x1600
VSS,met4-met5,STRIPE,via,253248,91440,254848,93040,1600,via4_1600x1600
VSS,met4-met5,STRIPE,via,226296,91440,227896,93040,1600,via4_1600x1600
VSS,met4-met5,STRIPE,via,199179,91440,200779,93040,1600,via4_1600x1600
VSS,met4-met5,STRIPE,via,171663,91440,173263,93040,1600,via4_1600x1600
VSS,met4-met5,STRIPE,via,145490,91440,147090,93040,1600,via4_1600x1600
VSS,met4-met5,STRIPE,via,117461,91440,119061,93040,1600,via4_1600x1600
VSS,met4-met5,STRIPE,via,91252,91440,92852,93040,1600,via4_1600x1600
VSS,met4-met5,STRIPE,via,63269,91440,64869,93040,1600,via4_1600x1600
VSS,met4-met5,STRIPE,via,36862,91440,38462,93040,1600,via4_1600x1600
VSS,met4-met5,STRIPE,via,253248,64240,254848,65840,1600,via4_1600x1600
VSS,met4-met5,STRIPE,via,226296,64240,227896,65840,1600,via4_1600x1600
VSS,met4-met5,STRIPE,via,199179,64240,200779,65840,1600,via4_1600x1600
VSS,met4-met5,STRIPE,via,171663,64240,173263,65840,1600,via4_1600x1600
VSS,met4-met5,STRIPE,via,145490,64240,147090,65840,1600,via4_1600x1600
VSS,met4-met5,STRIPE,via,117461,64240,119061,65840,1600,via4_1600x1600
VSS,met4-met5,STRIPE,via,91252,64240,92852,65840,1600,via4_1600x1600
VSS,met4-met5,STRIPE,via,63269,64240,64869,65840,1600,via4_1600x1600
VSS,met4-met5,STRIPE,via,36862,64240,38462,65840,1600,via4_1600x1600
VSS,met4-met5,STRIPE,via,253248,37040,254848,38640,1600,via4_1600x1600
VSS,met4-met5,STRIPE,via,226296,37040,227896,38640,1600,via4_1600x1600
VSS,met4-met5,STRIPE,via,199179,37040,200779,38640,1600,via4_1600x1600
VSS,met4-met5,STRIPE,via,171663,37040,173263,38640,1600,via4_1600x1600
VSS,met4-met5,STRIPE,via,145490,37040,147090,38640,1600,via4_1600x1600
VSS,met4-met5,STRIPE,via,117461,37040,119061,38640,1600,via4_1600x1600
VSS,met4-met5,STRIPE,via,91252,37040,92852,38640,1600,via4_1600x1600
VSS,met4-met5,STRIPE,via,63269,37040,64869,38640,1600,via4_1600x1600
VSS,met4-met5,STRIPE,via,36862,37040,38462,38640,1600,via4_1600x1600
VSS,met3-met4,STRIPE,via,253248,266320,254848,266800,1600,via3_1600x480
VSS,met2-met3,STRIPE,via,253248,266320,254848,266800,1600,via2_1600x480
VSS,met1-met2,STRIPE,via,253248,266320,254848,266800,1600,via_1600x480
VSS,met3-met4,STRIPE,via,226296,266320,227896,266800,1600,via3_1600x480
VSS,met2-met3,STRIPE,via,226296,266320,227896,266800,1600,via2_1600x480
VSS,met1-met2,STRIPE,via,226296,266320,227896,266800,1600,via_1600x480
VSS,met3-met4,STRIPE,via,199179,266320,200779,266800,1600,via3_1600x480
VSS,met2-met3,STRIPE,via,199179,266320,200779,266800,1600,via2_1600x480
VSS,met1-met2,STRIPE,via,199179,266320,200779,266800,1600,via_1600x480
VSS,met3-met4,STRIPE,via,171663,266320,173263,266800,1600,via3_1600x480
VSS,met2-met3,STRIPE,via,171663,266320,173263,266800,1600,via2_1600x480
VSS,met1-met2,STRIPE,via,171663,266320,173263,266800,1600,via_1600x480
VSS,met3-met4,STRIPE,via,145490,266320,147090,266800,1600,via3_1600x480
VSS,met2-met3,STRIPE,via,145490,266320,147090,266800,1600,via2_1600x480
VSS,met1-met2,STRIPE,via,145490,266320,147090,266800,1600,via_1600x480
VSS,met3-met4,STRIPE,via,117461,266320,119061,266800,1600,via3_1600x480
VSS,met2-met3,STRIPE,via,117461,266320,119061,266800,1600,via2_1600x480
VSS,met1-met2,STRIPE,via,117461,266320,119061,266800,1600,via_1600x480
VSS,met3-met4,STRIPE,via,91252,266320,92852,266800,1600,via3_1600x480
VSS,met2-met3,STRIPE,via,91252,266320,92852,266800,1600,via2_1600x480
VSS,met1-met2,STRIPE,via,91252,266320,92852,266800,1600,via_1600x480
VSS,met3-met4,STRIPE,via,63269,266320,64869,266800,1600,via3_1600x480
VSS,met2-met3,STRIPE,via,63269,266320,64869,266800,1600,via2_1600x480
VSS,met1-met2,STRIPE,via,63269,266320,64869,266800,1600,via_1600x480
VSS,met3-met4,STRIPE,via,36862,266320,38462,266800,1600,via3_1600x480
VSS,met2-met3,STRIPE,via,36862,266320,38462,266800,1600,via2_1600x480
VSS,met1-met2,STRIPE,via,36862,266320,38462,266800,1600,via_1600x480
VSS,met3-met4,STRIPE,via,253248,260880,254848,261360,1600,via3_1600x480
VSS,met2-met3,STRIPE,via,253248,260880,254848,261360,1600,via2_1600x480
VSS,met1-met2,STRIPE,via,253248,260880,254848,261360,1600,via_1600x480
VSS,met3-met4,STRIPE,via,226296,260880,227896,261360,1600,via3_1600x480
VSS,met2-met3,STRIPE,via,226296,260880,227896,261360,1600,via2_1600x480
VSS,met1-met2,STRIPE,via,226296,260880,227896,261360,1600,via_1600x480
VSS,met3-met4,STRIPE,via,199179,260880,200779,261360,1600,via3_1600x480
VSS,met2-met3,STRIPE,via,199179,260880,200779,261360,1600,via2_1600x480
VSS,met1-met2,STRIPE,via,199179,260880,200779,261360,1600,via_1600x480
VSS,met3-met4,STRIPE,via,171663,260880,173263,261360,1600,via3_1600x480
VSS,met2-met3,STRIPE,via,171663,260880,173263,261360,1600,via2_1600x480
VSS,met1-met2,STRIPE,via,171663,260880,173263,261360,1600,via_1600x480
VSS,met3-met4,STRIPE,via,145490,260880,147090,261360,1600,via3_1600x480
VSS,met2-met3,STRIPE,via,145490,260880,147090,261360,1600,via2_1600x480
VSS,met1-met2,STRIPE,via,145490,260880,147090,261360,1600,via_1600x480
VSS,met3-met4,STRIPE,via,117461,260880,119061,261360,1600,via3_1600x480
VSS,met2-met3,STRIPE,via,117461,260880,119061,261360,1600,via2_1600x480
VSS,met1-met2,STRIPE,via,117461,260880,119061,261360,1600,via_1600x480
VSS,met3-met4,STRIPE,via,91252,260880,92852,261360,1600,via3_1600x480
VSS,met2-met3,STRIPE,via,91252,260880,92852,261360,1600,via2_1600x480
VSS,met1-met2,STRIPE,via,91252,260880,92852,261360,1600,via_1600x480
VSS,met3-met4,STRIPE,via,63269,260880,64869,261360,1600,via3_1600x480
VSS,met2-met3,STRIPE,via,63269,260880,64869,261360,1600,via2_1600x480
VSS,met1-met2,STRIPE,via,63269,260880,64869,261360,1600,via_1600x480
VSS,met3-met4,STRIPE,via,36862,260880,38462,261360,1600,via3_1600x480
VSS,met2-met3,STRIPE,via,36862,260880,38462,261360,1600,via2_1600x480
VSS,met1-met2,STRIPE,via,36862,260880,38462,261360,1600,via_1600x480
VSS,met3-met4,STRIPE,via,253248,255440,254848,255920,1600,via3_1600x480
VSS,met2-met3,STRIPE,via,253248,255440,254848,255920,1600,via2_1600x480
VSS,met1-met2,STRIPE,via,253248,255440,254848,255920,1600,via_1600x480
VSS,met3-met4,STRIPE,via,226296,255440,227896,255920,1600,via3_1600x480
VSS,met2-met3,STRIPE,via,226296,255440,227896,255920,1600,via2_1600x480
VSS,met1-met2,STRIPE,via,226296,255440,227896,255920,1600,via_1600x480
VSS,met3-met4,STRIPE,via,199179,255440,200779,255920,1600,via3_1600x480
VSS,met2-met3,STRIPE,via,199179,255440,200779,255920,1600,via2_1600x480
VSS,met1-met2,STRIPE,via,199179,255440,200779,255920,1600,via_1600x480
VSS,met3-met4,STRIPE,via,171663,255440,173263,255920,1600,via3_1600x480
VSS,met2-met3,STRIPE,via,171663,255440,173263,255920,1600,via2_1600x480
VSS,met1-met2,STRIPE,via,171663,255440,173263,255920,1600,via_1600x480
VSS,met3-met4,STRIPE,via,145490,255440,147090,255920,1600,via3_1600x480
VSS,met2-met3,STRIPE,via,145490,255440,147090,255920,1600,via2_1600x480
VSS,met1-met2,STRIPE,via,145490,255440,147090,255920,1600,via_1600x480
VSS,met3-met4,STRIPE,via,117461,255440,119061,255920,1600,via3_1600x480
VSS,met2-met3,STRIPE,via,117461,255440,119061,255920,1600,via2_1600x480
VSS,met1-met2,STRIPE,via,117461,255440,119061,255920,1600,via_1600x480
VSS,met3-met4,STRIPE,via,91252,255440,92852,255920,1600,via3_1600x480
VSS,met2-met3,STRIPE,via,91252,255440,92852,255920,1600,via2_1600x480
VSS,met1-met2,STRIPE,via,91252,255440,92852,255920,1600,via_1600x480
VSS,met3-met4,STRIPE,via,63269,255440,64869,255920,1600,via3_1600x480
VSS,met2-met3,STRIPE,via,63269,255440,64869,255920,1600,via2_1600x480
VSS,met1-met2,STRIPE,via,63269,255440,64869,255920,1600,via_1600x480
VSS,met3-met4,STRIPE,via,36862,255440,38462,255920,1600,via3_1600x480
VSS,met2-met3,STRIPE,via,36862,255440,38462,255920,1600,via2_1600x480
VSS,met1-met2,STRIPE,via,36862,255440,38462,255920,1600,via_1600x480
VSS,met3-met4,STRIPE,via,253248,250000,254848,250480,1600,via3_1600x480
VSS,met2-met3,STRIPE,via,253248,250000,254848,250480,1600,via2_1600x480
VSS,met1-met2,STRIPE,via,253248,250000,254848,250480,1600,via_1600x480
VSS,met3-met4,STRIPE,via,226296,250000,227896,250480,1600,via3_1600x480
VSS,met2-met3,STRIPE,via,226296,250000,227896,250480,1600,via2_1600x480
VSS,met1-met2,STRIPE,via,226296,250000,227896,250480,1600,via_1600x480
VSS,met3-met4,STRIPE,via,199179,250000,200779,250480,1600,via3_1600x480
VSS,met2-met3,STRIPE,via,199179,250000,200779,250480,1600,via2_1600x480
VSS,met1-met2,STRIPE,via,199179,250000,200779,250480,1600,via_1600x480
VSS,met3-met4,STRIPE,via,171663,250000,173263,250480,1600,via3_1600x480
VSS,met2-met3,STRIPE,via,171663,250000,173263,250480,1600,via2_1600x480
VSS,met1-met2,STRIPE,via,171663,250000,173263,250480,1600,via_1600x480
VSS,met3-met4,STRIPE,via,145490,250000,147090,250480,1600,via3_1600x480
VSS,met2-met3,STRIPE,via,145490,250000,147090,250480,1600,via2_1600x480
VSS,met1-met2,STRIPE,via,145490,250000,147090,250480,1600,via_1600x480
VSS,met3-met4,STRIPE,via,117461,250000,119061,250480,1600,via3_1600x480
VSS,met2-met3,STRIPE,via,117461,250000,119061,250480,1600,via2_1600x480
VSS,met1-met2,STRIPE,via,117461,250000,119061,250480,1600,via_1600x480
VSS,met3-met4,STRIPE,via,91252,250000,92852,250480,1600,via3_1600x480
VSS,met2-met3,STRIPE,via,91252,250000,92852,250480,1600,via2_1600x480
VSS,met1-met2,STRIPE,via,91252,250000,92852,250480,1600,via_1600x480
VSS,met3-met4,STRIPE,via,63269,250000,64869,250480,1600,via3_1600x480
VSS,met2-met3,STRIPE,via,63269,250000,64869,250480,1600,via2_1600x480
VSS,met1-met2,STRIPE,via,63269,250000,64869,250480,1600,via_1600x480
VSS,met3-met4,STRIPE,via,36862,250000,38462,250480,1600,via3_1600x480
VSS,met2-met3,STRIPE,via,36862,250000,38462,250480,1600,via2_1600x480
VSS,met1-met2,STRIPE,via,36862,250000,38462,250480,1600,via_1600x480
VSS,met3-met4,STRIPE,via,253248,244560,254848,245040,1600,via3_1600x480
VSS,met2-met3,STRIPE,via,253248,244560,254848,245040,1600,via2_1600x480
VSS,met1-met2,STRIPE,via,253248,244560,254848,245040,1600,via_1600x480
VSS,met3-met4,STRIPE,via,226296,244560,227896,245040,1600,via3_1600x480
VSS,met2-met3,STRIPE,via,226296,244560,227896,245040,1600,via2_1600x480
VSS,met1-met2,STRIPE,via,226296,244560,227896,245040,1600,via_1600x480
VSS,met3-met4,STRIPE,via,199179,244560,200779,245040,1600,via3_1600x480
VSS,met2-met3,STRIPE,via,199179,244560,200779,245040,1600,via2_1600x480
VSS,met1-met2,STRIPE,via,199179,244560,200779,245040,1600,via_1600x480
VSS,met3-met4,STRIPE,via,171663,244560,173263,245040,1600,via3_1600x480
VSS,met2-met3,STRIPE,via,171663,244560,173263,245040,1600,via2_1600x480
VSS,met1-met2,STRIPE,via,171663,244560,173263,245040,1600,via_1600x480
VSS,met3-met4,STRIPE,via,145490,244560,147090,245040,1600,via3_1600x480
VSS,met2-met3,STRIPE,via,145490,244560,147090,245040,1600,via2_1600x480
VSS,met1-met2,STRIPE,via,145490,244560,147090,245040,1600,via_1600x480
VSS,met3-met4,STRIPE,via,117461,244560,119061,245040,1600,via3_1600x480
VSS,met2-met3,STRIPE,via,117461,244560,119061,245040,1600,via2_1600x480
VSS,met1-met2,STRIPE,via,117461,244560,119061,245040,1600,via_1600x480
VSS,met3-met4,STRIPE,via,91252,244560,92852,245040,1600,via3_1600x480
VSS,met2-met3,STRIPE,via,91252,244560,92852,245040,1600,via2_1600x480
VSS,met1-met2,STRIPE,via,91252,244560,92852,245040,1600,via_1600x480
VSS,met3-met4,STRIPE,via,63269,244560,64869,245040,1600,via3_1600x480
VSS,met2-met3,STRIPE,via,63269,244560,64869,245040,1600,via2_1600x480
VSS,met1-met2,STRIPE,via,63269,244560,64869,245040,1600,via_1600x480
VSS,met3-met4,STRIPE,via,36862,244560,38462,245040,1600,via3_1600x480
VSS,met2-met3,STRIPE,via,36862,244560,38462,245040,1600,via2_1600x480
VSS,met1-met2,STRIPE,via,36862,244560,38462,245040,1600,via_1600x480
VSS,met3-met4,STRIPE,via,253248,239120,254848,239600,1600,via3_1600x480
VSS,met2-met3,STRIPE,via,253248,239120,254848,239600,1600,via2_1600x480
VSS,met1-met2,STRIPE,via,253248,239120,254848,239600,1600,via_1600x480
VSS,met3-met4,STRIPE,via,226296,239120,227896,239600,1600,via3_1600x480
VSS,met2-met3,STRIPE,via,226296,239120,227896,239600,1600,via2_1600x480
VSS,met1-met2,STRIPE,via,226296,239120,227896,239600,1600,via_1600x480
VSS,met3-met4,STRIPE,via,199179,239120,200779,239600,1600,via3_1600x480
VSS,met2-met3,STRIPE,via,199179,239120,200779,239600,1600,via2_1600x480
VSS,met1-met2,STRIPE,via,199179,239120,200779,239600,1600,via_1600x480
VSS,met3-met4,STRIPE,via,171663,239120,173263,239600,1600,via3_1600x480
VSS,met2-met3,STRIPE,via,171663,239120,173263,239600,1600,via2_1600x480
VSS,met1-met2,STRIPE,via,171663,239120,173263,239600,1600,via_1600x480
VSS,met3-met4,STRIPE,via,145490,239120,147090,239600,1600,via3_1600x480
VSS,met2-met3,STRIPE,via,145490,239120,147090,239600,1600,via2_1600x480
VSS,met1-met2,STRIPE,via,145490,239120,147090,239600,1600,via_1600x480
VSS,met3-met4,STRIPE,via,117461,239120,119061,239600,1600,via3_1600x480
VSS,met2-met3,STRIPE,via,117461,239120,119061,239600,1600,via2_1600x480
VSS,met1-met2,STRIPE,via,117461,239120,119061,239600,1600,via_1600x480
VSS,met3-met4,STRIPE,via,91252,239120,92852,239600,1600,via3_1600x480
VSS,met2-met3,STRIPE,via,91252,239120,92852,239600,1600,via2_1600x480
VSS,met1-met2,STRIPE,via,91252,239120,92852,239600,1600,via_1600x480
VSS,met3-met4,STRIPE,via,63269,239120,64869,239600,1600,via3_1600x480
VSS,met2-met3,STRIPE,via,63269,239120,64869,239600,1600,via2_1600x480
VSS,met1-met2,STRIPE,via,63269,239120,64869,239600,1600,via_1600x480
VSS,met3-met4,STRIPE,via,36862,239120,38462,239600,1600,via3_1600x480
VSS,met2-met3,STRIPE,via,36862,239120,38462,239600,1600,via2_1600x480
VSS,met1-met2,STRIPE,via,36862,239120,38462,239600,1600,via_1600x480
VSS,met3-met4,STRIPE,via,253248,233680,254848,234160,1600,via3_1600x480
VSS,met2-met3,STRIPE,via,253248,233680,254848,234160,1600,via2_1600x480
VSS,met1-met2,STRIPE,via,253248,233680,254848,234160,1600,via_1600x480
VSS,met3-met4,STRIPE,via,226296,233680,227896,234160,1600,via3_1600x480
VSS,met2-met3,STRIPE,via,226296,233680,227896,234160,1600,via2_1600x480
VSS,met1-met2,STRIPE,via,226296,233680,227896,234160,1600,via_1600x480
VSS,met3-met4,STRIPE,via,199179,233680,200779,234160,1600,via3_1600x480
VSS,met2-met3,STRIPE,via,199179,233680,200779,234160,1600,via2_1600x480
VSS,met1-met2,STRIPE,via,199179,233680,200779,234160,1600,via_1600x480
VSS,met3-met4,STRIPE,via,171663,233680,173263,234160,1600,via3_1600x480
VSS,met2-met3,STRIPE,via,171663,233680,173263,234160,1600,via2_1600x480
VSS,met1-met2,STRIPE,via,171663,233680,173263,234160,1600,via_1600x480
VSS,met3-met4,STRIPE,via,145490,233680,147090,234160,1600,via3_1600x480
VSS,met2-met3,STRIPE,via,145490,233680,147090,234160,1600,via2_1600x480
VSS,met1-met2,STRIPE,via,145490,233680,147090,234160,1600,via_1600x480
VSS,met3-met4,STRIPE,via,117461,233680,119061,234160,1600,via3_1600x480
VSS,met2-met3,STRIPE,via,117461,233680,119061,234160,1600,via2_1600x480
VSS,met1-met2,STRIPE,via,117461,233680,119061,234160,1600,via_1600x480
VSS,met3-met4,STRIPE,via,91252,233680,92852,234160,1600,via3_1600x480
VSS,met2-met3,STRIPE,via,91252,233680,92852,234160,1600,via2_1600x480
VSS,met1-met2,STRIPE,via,91252,233680,92852,234160,1600,via_1600x480
VSS,met3-met4,STRIPE,via,63269,233680,64869,234160,1600,via3_1600x480
VSS,met2-met3,STRIPE,via,63269,233680,64869,234160,1600,via2_1600x480
VSS,met1-met2,STRIPE,via,63269,233680,64869,234160,1600,via_1600x480
VSS,met3-met4,STRIPE,via,36862,233680,38462,234160,1600,via3_1600x480
VSS,met2-met3,STRIPE,via,36862,233680,38462,234160,1600,via2_1600x480
VSS,met1-met2,STRIPE,via,36862,233680,38462,234160,1600,via_1600x480
VSS,met3-met4,STRIPE,via,253248,228240,254848,228720,1600,via3_1600x480
VSS,met2-met3,STRIPE,via,253248,228240,254848,228720,1600,via2_1600x480
VSS,met1-met2,STRIPE,via,253248,228240,254848,228720,1600,via_1600x480
VSS,met3-met4,STRIPE,via,226296,228240,227896,228720,1600,via3_1600x480
VSS,met2-met3,STRIPE,via,226296,228240,227896,228720,1600,via2_1600x480
VSS,met1-met2,STRIPE,via,226296,228240,227896,228720,1600,via_1600x480
VSS,met3-met4,STRIPE,via,199179,228240,200779,228720,1600,via3_1600x480
VSS,met2-met3,STRIPE,via,199179,228240,200779,228720,1600,via2_1600x480
VSS,met1-met2,STRIPE,via,199179,228240,200779,228720,1600,via_1600x480
VSS,met3-met4,STRIPE,via,171663,228240,173263,228720,1600,via3_1600x480
VSS,met2-met3,STRIPE,via,171663,228240,173263,228720,1600,via2_1600x480
VSS,met1-met2,STRIPE,via,171663,228240,173263,228720,1600,via_1600x480
VSS,met3-met4,STRIPE,via,145490,228240,147090,228720,1600,via3_1600x480
VSS,met2-met3,STRIPE,via,145490,228240,147090,228720,1600,via2_1600x480
VSS,met1-met2,STRIPE,via,145490,228240,147090,228720,1600,via_1600x480
VSS,met3-met4,STRIPE,via,117461,228240,119061,228720,1600,via3_1600x480
VSS,met2-met3,STRIPE,via,117461,228240,119061,228720,1600,via2_1600x480
VSS,met1-met2,STRIPE,via,117461,228240,119061,228720,1600,via_1600x480
VSS,met3-met4,STRIPE,via,91252,228240,92852,228720,1600,via3_1600x480
VSS,met2-met3,STRIPE,via,91252,228240,92852,228720,1600,via2_1600x480
VSS,met1-met2,STRIPE,via,91252,228240,92852,228720,1600,via_1600x480
VSS,met3-met4,STRIPE,via,63269,228240,64869,228720,1600,via3_1600x480
VSS,met2-met3,STRIPE,via,63269,228240,64869,228720,1600,via2_1600x480
VSS,met1-met2,STRIPE,via,63269,228240,64869,228720,1600,via_1600x480
VSS,met3-met4,STRIPE,via,36862,228240,38462,228720,1600,via3_1600x480
VSS,met2-met3,STRIPE,via,36862,228240,38462,228720,1600,via2_1600x480
VSS,met1-met2,STRIPE,via,36862,228240,38462,228720,1600,via_1600x480
VSS,met3-met4,STRIPE,via,253248,222800,254848,223280,1600,via3_1600x480
VSS,met2-met3,STRIPE,via,253248,222800,254848,223280,1600,via2_1600x480
VSS,met1-met2,STRIPE,via,253248,222800,254848,223280,1600,via_1600x480
VSS,met3-met4,STRIPE,via,226296,222800,227896,223280,1600,via3_1600x480
VSS,met2-met3,STRIPE,via,226296,222800,227896,223280,1600,via2_1600x480
VSS,met1-met2,STRIPE,via,226296,222800,227896,223280,1600,via_1600x480
VSS,met3-met4,STRIPE,via,199179,222800,200779,223280,1600,via3_1600x480
VSS,met2-met3,STRIPE,via,199179,222800,200779,223280,1600,via2_1600x480
VSS,met1-met2,STRIPE,via,199179,222800,200779,223280,1600,via_1600x480
VSS,met3-met4,STRIPE,via,171663,222800,173263,223280,1600,via3_1600x480
VSS,met2-met3,STRIPE,via,171663,222800,173263,223280,1600,via2_1600x480
VSS,met1-met2,STRIPE,via,171663,222800,173263,223280,1600,via_1600x480
VSS,met3-met4,STRIPE,via,145490,222800,147090,223280,1600,via3_1600x480
VSS,met2-met3,STRIPE,via,145490,222800,147090,223280,1600,via2_1600x480
VSS,met1-met2,STRIPE,via,145490,222800,147090,223280,1600,via_1600x480
VSS,met3-met4,STRIPE,via,117461,222800,119061,223280,1600,via3_1600x480
VSS,met2-met3,STRIPE,via,117461,222800,119061,223280,1600,via2_1600x480
VSS,met1-met2,STRIPE,via,117461,222800,119061,223280,1600,via_1600x480
VSS,met3-met4,STRIPE,via,91252,222800,92852,223280,1600,via3_1600x480
VSS,met2-met3,STRIPE,via,91252,222800,92852,223280,1600,via2_1600x480
VSS,met1-met2,STRIPE,via,91252,222800,92852,223280,1600,via_1600x480
VSS,met3-met4,STRIPE,via,63269,222800,64869,223280,1600,via3_1600x480
VSS,met2-met3,STRIPE,via,63269,222800,64869,223280,1600,via2_1600x480
VSS,met1-met2,STRIPE,via,63269,222800,64869,223280,1600,via_1600x480
VSS,met3-met4,STRIPE,via,36862,222800,38462,223280,1600,via3_1600x480
VSS,met2-met3,STRIPE,via,36862,222800,38462,223280,1600,via2_1600x480
VSS,met1-met2,STRIPE,via,36862,222800,38462,223280,1600,via_1600x480
VSS,met3-met4,STRIPE,via,253248,217360,254848,217840,1600,via3_1600x480
VSS,met2-met3,STRIPE,via,253248,217360,254848,217840,1600,via2_1600x480
VSS,met1-met2,STRIPE,via,253248,217360,254848,217840,1600,via_1600x480
VSS,met3-met4,STRIPE,via,226296,217360,227896,217840,1600,via3_1600x480
VSS,met2-met3,STRIPE,via,226296,217360,227896,217840,1600,via2_1600x480
VSS,met1-met2,STRIPE,via,226296,217360,227896,217840,1600,via_1600x480
VSS,met3-met4,STRIPE,via,199179,217360,200779,217840,1600,via3_1600x480
VSS,met2-met3,STRIPE,via,199179,217360,200779,217840,1600,via2_1600x480
VSS,met1-met2,STRIPE,via,199179,217360,200779,217840,1600,via_1600x480
VSS,met3-met4,STRIPE,via,171663,217360,173263,217840,1600,via3_1600x480
VSS,met2-met3,STRIPE,via,171663,217360,173263,217840,1600,via2_1600x480
VSS,met1-met2,STRIPE,via,171663,217360,173263,217840,1600,via_1600x480
VSS,met3-met4,STRIPE,via,145490,217360,147090,217840,1600,via3_1600x480
VSS,met2-met3,STRIPE,via,145490,217360,147090,217840,1600,via2_1600x480
VSS,met1-met2,STRIPE,via,145490,217360,147090,217840,1600,via_1600x480
VSS,met3-met4,STRIPE,via,117461,217360,119061,217840,1600,via3_1600x480
VSS,met2-met3,STRIPE,via,117461,217360,119061,217840,1600,via2_1600x480
VSS,met1-met2,STRIPE,via,117461,217360,119061,217840,1600,via_1600x480
VSS,met3-met4,STRIPE,via,91252,217360,92852,217840,1600,via3_1600x480
VSS,met2-met3,STRIPE,via,91252,217360,92852,217840,1600,via2_1600x480
VSS,met1-met2,STRIPE,via,91252,217360,92852,217840,1600,via_1600x480
VSS,met3-met4,STRIPE,via,63269,217360,64869,217840,1600,via3_1600x480
VSS,met2-met3,STRIPE,via,63269,217360,64869,217840,1600,via2_1600x480
VSS,met1-met2,STRIPE,via,63269,217360,64869,217840,1600,via_1600x480
VSS,met3-met4,STRIPE,via,36862,217360,38462,217840,1600,via3_1600x480
VSS,met2-met3,STRIPE,via,36862,217360,38462,217840,1600,via2_1600x480
VSS,met1-met2,STRIPE,via,36862,217360,38462,217840,1600,via_1600x480
VSS,met3-met4,STRIPE,via,253248,211920,254848,212400,1600,via3_1600x480
VSS,met2-met3,STRIPE,via,253248,211920,254848,212400,1600,via2_1600x480
VSS,met1-met2,STRIPE,via,253248,211920,254848,212400,1600,via_1600x480
VSS,met3-met4,STRIPE,via,226296,211920,227896,212400,1600,via3_1600x480
VSS,met2-met3,STRIPE,via,226296,211920,227896,212400,1600,via2_1600x480
VSS,met1-met2,STRIPE,via,226296,211920,227896,212400,1600,via_1600x480
VSS,met3-met4,STRIPE,via,199179,211920,200779,212400,1600,via3_1600x480
VSS,met2-met3,STRIPE,via,199179,211920,200779,212400,1600,via2_1600x480
VSS,met1-met2,STRIPE,via,199179,211920,200779,212400,1600,via_1600x480
VSS,met3-met4,STRIPE,via,171663,211920,173263,212400,1600,via3_1600x480
VSS,met2-met3,STRIPE,via,171663,211920,173263,212400,1600,via2_1600x480
VSS,met1-met2,STRIPE,via,171663,211920,173263,212400,1600,via_1600x480
VSS,met3-met4,STRIPE,via,145490,211920,147090,212400,1600,via3_1600x480
VSS,met2-met3,STRIPE,via,145490,211920,147090,212400,1600,via2_1600x480
VSS,met1-met2,STRIPE,via,145490,211920,147090,212400,1600,via_1600x480
VSS,met3-met4,STRIPE,via,117461,211920,119061,212400,1600,via3_1600x480
VSS,met2-met3,STRIPE,via,117461,211920,119061,212400,1600,via2_1600x480
VSS,met1-met2,STRIPE,via,117461,211920,119061,212400,1600,via_1600x480
VSS,met3-met4,STRIPE,via,91252,211920,92852,212400,1600,via3_1600x480
VSS,met2-met3,STRIPE,via,91252,211920,92852,212400,1600,via2_1600x480
VSS,met1-met2,STRIPE,via,91252,211920,92852,212400,1600,via_1600x480
VSS,met3-met4,STRIPE,via,63269,211920,64869,212400,1600,via3_1600x480
VSS,met2-met3,STRIPE,via,63269,211920,64869,212400,1600,via2_1600x480
VSS,met1-met2,STRIPE,via,63269,211920,64869,212400,1600,via_1600x480
VSS,met3-met4,STRIPE,via,36862,211920,38462,212400,1600,via3_1600x480
VSS,met2-met3,STRIPE,via,36862,211920,38462,212400,1600,via2_1600x480
VSS,met1-met2,STRIPE,via,36862,211920,38462,212400,1600,via_1600x480
VSS,met3-met4,STRIPE,via,253248,206480,254848,206960,1600,via3_1600x480
VSS,met2-met3,STRIPE,via,253248,206480,254848,206960,1600,via2_1600x480
VSS,met1-met2,STRIPE,via,253248,206480,254848,206960,1600,via_1600x480
VSS,met3-met4,STRIPE,via,226296,206480,227896,206960,1600,via3_1600x480
VSS,met2-met3,STRIPE,via,226296,206480,227896,206960,1600,via2_1600x480
VSS,met1-met2,STRIPE,via,226296,206480,227896,206960,1600,via_1600x480
VSS,met3-met4,STRIPE,via,199179,206480,200779,206960,1600,via3_1600x480
VSS,met2-met3,STRIPE,via,199179,206480,200779,206960,1600,via2_1600x480
VSS,met1-met2,STRIPE,via,199179,206480,200779,206960,1600,via_1600x480
VSS,met3-met4,STRIPE,via,171663,206480,173263,206960,1600,via3_1600x480
VSS,met2-met3,STRIPE,via,171663,206480,173263,206960,1600,via2_1600x480
VSS,met1-met2,STRIPE,via,171663,206480,173263,206960,1600,via_1600x480
VSS,met3-met4,STRIPE,via,145490,206480,147090,206960,1600,via3_1600x480
VSS,met2-met3,STRIPE,via,145490,206480,147090,206960,1600,via2_1600x480
VSS,met1-met2,STRIPE,via,145490,206480,147090,206960,1600,via_1600x480
VSS,met3-met4,STRIPE,via,117461,206480,119061,206960,1600,via3_1600x480
VSS,met2-met3,STRIPE,via,117461,206480,119061,206960,1600,via2_1600x480
VSS,met1-met2,STRIPE,via,117461,206480,119061,206960,1600,via_1600x480
VSS,met3-met4,STRIPE,via,91252,206480,92852,206960,1600,via3_1600x480
VSS,met2-met3,STRIPE,via,91252,206480,92852,206960,1600,via2_1600x480
VSS,met1-met2,STRIPE,via,91252,206480,92852,206960,1600,via_1600x480
VSS,met3-met4,STRIPE,via,63269,206480,64869,206960,1600,via3_1600x480
VSS,met2-met3,STRIPE,via,63269,206480,64869,206960,1600,via2_1600x480
VSS,met1-met2,STRIPE,via,63269,206480,64869,206960,1600,via_1600x480
VSS,met3-met4,STRIPE,via,36862,206480,38462,206960,1600,via3_1600x480
VSS,met2-met3,STRIPE,via,36862,206480,38462,206960,1600,via2_1600x480
VSS,met1-met2,STRIPE,via,36862,206480,38462,206960,1600,via_1600x480
VSS,met3-met4,STRIPE,via,253248,201040,254848,201520,1600,via3_1600x480
VSS,met2-met3,STRIPE,via,253248,201040,254848,201520,1600,via2_1600x480
VSS,met1-met2,STRIPE,via,253248,201040,254848,201520,1600,via_1600x480
VSS,met3-met4,STRIPE,via,226296,201040,227896,201520,1600,via3_1600x480
VSS,met2-met3,STRIPE,via,226296,201040,227896,201520,1600,via2_1600x480
VSS,met1-met2,STRIPE,via,226296,201040,227896,201520,1600,via_1600x480
VSS,met3-met4,STRIPE,via,199179,201040,200779,201520,1600,via3_1600x480
VSS,met2-met3,STRIPE,via,199179,201040,200779,201520,1600,via2_1600x480
VSS,met1-met2,STRIPE,via,199179,201040,200779,201520,1600,via_1600x480
VSS,met3-met4,STRIPE,via,171663,201040,173263,201520,1600,via3_1600x480
VSS,met2-met3,STRIPE,via,171663,201040,173263,201520,1600,via2_1600x480
VSS,met1-met2,STRIPE,via,171663,201040,173263,201520,1600,via_1600x480
VSS,met3-met4,STRIPE,via,145490,201040,147090,201520,1600,via3_1600x480
VSS,met2-met3,STRIPE,via,145490,201040,147090,201520,1600,via2_1600x480
VSS,met1-met2,STRIPE,via,145490,201040,147090,201520,1600,via_1600x480
VSS,met3-met4,STRIPE,via,117461,201040,119061,201520,1600,via3_1600x480
VSS,met2-met3,STRIPE,via,117461,201040,119061,201520,1600,via2_1600x480
VSS,met1-met2,STRIPE,via,117461,201040,119061,201520,1600,via_1600x480
VSS,met3-met4,STRIPE,via,91252,201040,92852,201520,1600,via3_1600x480
VSS,met2-met3,STRIPE,via,91252,201040,92852,201520,1600,via2_1600x480
VSS,met1-met2,STRIPE,via,91252,201040,92852,201520,1600,via_1600x480
VSS,met3-met4,STRIPE,via,63269,201040,64869,201520,1600,via3_1600x480
VSS,met2-met3,STRIPE,via,63269,201040,64869,201520,1600,via2_1600x480
VSS,met1-met2,STRIPE,via,63269,201040,64869,201520,1600,via_1600x480
VSS,met3-met4,STRIPE,via,36862,201040,38462,201520,1600,via3_1600x480
VSS,met2-met3,STRIPE,via,36862,201040,38462,201520,1600,via2_1600x480
VSS,met1-met2,STRIPE,via,36862,201040,38462,201520,1600,via_1600x480
VSS,met3-met4,STRIPE,via,253248,195600,254848,196080,1600,via3_1600x480
VSS,met2-met3,STRIPE,via,253248,195600,254848,196080,1600,via2_1600x480
VSS,met1-met2,STRIPE,via,253248,195600,254848,196080,1600,via_1600x480
VSS,met3-met4,STRIPE,via,226296,195600,227896,196080,1600,via3_1600x480
VSS,met2-met3,STRIPE,via,226296,195600,227896,196080,1600,via2_1600x480
VSS,met1-met2,STRIPE,via,226296,195600,227896,196080,1600,via_1600x480
VSS,met3-met4,STRIPE,via,199179,195600,200779,196080,1600,via3_1600x480
VSS,met2-met3,STRIPE,via,199179,195600,200779,196080,1600,via2_1600x480
VSS,met1-met2,STRIPE,via,199179,195600,200779,196080,1600,via_1600x480
VSS,met3-met4,STRIPE,via,171663,195600,173263,196080,1600,via3_1600x480
VSS,met2-met3,STRIPE,via,171663,195600,173263,196080,1600,via2_1600x480
VSS,met1-met2,STRIPE,via,171663,195600,173263,196080,1600,via_1600x480
VSS,met3-met4,STRIPE,via,145490,195600,147090,196080,1600,via3_1600x480
VSS,met2-met3,STRIPE,via,145490,195600,147090,196080,1600,via2_1600x480
VSS,met1-met2,STRIPE,via,145490,195600,147090,196080,1600,via_1600x480
VSS,met3-met4,STRIPE,via,117461,195600,119061,196080,1600,via3_1600x480
VSS,met2-met3,STRIPE,via,117461,195600,119061,196080,1600,via2_1600x480
VSS,met1-met2,STRIPE,via,117461,195600,119061,196080,1600,via_1600x480
VSS,met3-met4,STRIPE,via,91252,195600,92852,196080,1600,via3_1600x480
VSS,met2-met3,STRIPE,via,91252,195600,92852,196080,1600,via2_1600x480
VSS,met1-met2,STRIPE,via,91252,195600,92852,196080,1600,via_1600x480
VSS,met3-met4,STRIPE,via,63269,195600,64869,196080,1600,via3_1600x480
VSS,met2-met3,STRIPE,via,63269,195600,64869,196080,1600,via2_1600x480
VSS,met1-met2,STRIPE,via,63269,195600,64869,196080,1600,via_1600x480
VSS,met3-met4,STRIPE,via,36862,195600,38462,196080,1600,via3_1600x480
VSS,met2-met3,STRIPE,via,36862,195600,38462,196080,1600,via2_1600x480
VSS,met1-met2,STRIPE,via,36862,195600,38462,196080,1600,via_1600x480
VSS,met3-met4,STRIPE,via,253248,190160,254848,190640,1600,via3_1600x480
VSS,met2-met3,STRIPE,via,253248,190160,254848,190640,1600,via2_1600x480
VSS,met1-met2,STRIPE,via,253248,190160,254848,190640,1600,via_1600x480
VSS,met3-met4,STRIPE,via,226296,190160,227896,190640,1600,via3_1600x480
VSS,met2-met3,STRIPE,via,226296,190160,227896,190640,1600,via2_1600x480
VSS,met1-met2,STRIPE,via,226296,190160,227896,190640,1600,via_1600x480
VSS,met3-met4,STRIPE,via,199179,190160,200779,190640,1600,via3_1600x480
VSS,met2-met3,STRIPE,via,199179,190160,200779,190640,1600,via2_1600x480
VSS,met1-met2,STRIPE,via,199179,190160,200779,190640,1600,via_1600x480
VSS,met3-met4,STRIPE,via,171663,190160,173263,190640,1600,via3_1600x480
VSS,met2-met3,STRIPE,via,171663,190160,173263,190640,1600,via2_1600x480
VSS,met1-met2,STRIPE,via,171663,190160,173263,190640,1600,via_1600x480
VSS,met3-met4,STRIPE,via,145490,190160,147090,190640,1600,via3_1600x480
VSS,met2-met3,STRIPE,via,145490,190160,147090,190640,1600,via2_1600x480
VSS,met1-met2,STRIPE,via,145490,190160,147090,190640,1600,via_1600x480
VSS,met3-met4,STRIPE,via,117461,190160,119061,190640,1600,via3_1600x480
VSS,met2-met3,STRIPE,via,117461,190160,119061,190640,1600,via2_1600x480
VSS,met1-met2,STRIPE,via,117461,190160,119061,190640,1600,via_1600x480
VSS,met3-met4,STRIPE,via,91252,190160,92852,190640,1600,via3_1600x480
VSS,met2-met3,STRIPE,via,91252,190160,92852,190640,1600,via2_1600x480
VSS,met1-met2,STRIPE,via,91252,190160,92852,190640,1600,via_1600x480
VSS,met3-met4,STRIPE,via,63269,190160,64869,190640,1600,via3_1600x480
VSS,met2-met3,STRIPE,via,63269,190160,64869,190640,1600,via2_1600x480
VSS,met1-met2,STRIPE,via,63269,190160,64869,190640,1600,via_1600x480
VSS,met3-met4,STRIPE,via,36862,190160,38462,190640,1600,via3_1600x480
VSS,met2-met3,STRIPE,via,36862,190160,38462,190640,1600,via2_1600x480
VSS,met1-met2,STRIPE,via,36862,190160,38462,190640,1600,via_1600x480
VSS,met3-met4,STRIPE,via,253248,184720,254848,185200,1600,via3_1600x480
VSS,met2-met3,STRIPE,via,253248,184720,254848,185200,1600,via2_1600x480
VSS,met1-met2,STRIPE,via,253248,184720,254848,185200,1600,via_1600x480
VSS,met3-met4,STRIPE,via,226296,184720,227896,185200,1600,via3_1600x480
VSS,met2-met3,STRIPE,via,226296,184720,227896,185200,1600,via2_1600x480
VSS,met1-met2,STRIPE,via,226296,184720,227896,185200,1600,via_1600x480
VSS,met3-met4,STRIPE,via,199179,184720,200779,185200,1600,via3_1600x480
VSS,met2-met3,STRIPE,via,199179,184720,200779,185200,1600,via2_1600x480
VSS,met1-met2,STRIPE,via,199179,184720,200779,185200,1600,via_1600x480
VSS,met3-met4,STRIPE,via,171663,184720,173263,185200,1600,via3_1600x480
VSS,met2-met3,STRIPE,via,171663,184720,173263,185200,1600,via2_1600x480
VSS,met1-met2,STRIPE,via,171663,184720,173263,185200,1600,via_1600x480
VSS,met3-met4,STRIPE,via,145490,184720,147090,185200,1600,via3_1600x480
VSS,met2-met3,STRIPE,via,145490,184720,147090,185200,1600,via2_1600x480
VSS,met1-met2,STRIPE,via,145490,184720,147090,185200,1600,via_1600x480
VSS,met3-met4,STRIPE,via,117461,184720,119061,185200,1600,via3_1600x480
VSS,met2-met3,STRIPE,via,117461,184720,119061,185200,1600,via2_1600x480
VSS,met1-met2,STRIPE,via,117461,184720,119061,185200,1600,via_1600x480
VSS,met3-met4,STRIPE,via,91252,184720,92852,185200,1600,via3_1600x480
VSS,met2-met3,STRIPE,via,91252,184720,92852,185200,1600,via2_1600x480
VSS,met1-met2,STRIPE,via,91252,184720,92852,185200,1600,via_1600x480
VSS,met3-met4,STRIPE,via,63269,184720,64869,185200,1600,via3_1600x480
VSS,met2-met3,STRIPE,via,63269,184720,64869,185200,1600,via2_1600x480
VSS,met1-met2,STRIPE,via,63269,184720,64869,185200,1600,via_1600x480
VSS,met3-met4,STRIPE,via,36862,184720,38462,185200,1600,via3_1600x480
VSS,met2-met3,STRIPE,via,36862,184720,38462,185200,1600,via2_1600x480
VSS,met1-met2,STRIPE,via,36862,184720,38462,185200,1600,via_1600x480
VSS,met3-met4,STRIPE,via,253248,179280,254848,179760,1600,via3_1600x480
VSS,met2-met3,STRIPE,via,253248,179280,254848,179760,1600,via2_1600x480
VSS,met1-met2,STRIPE,via,253248,179280,254848,179760,1600,via_1600x480
VSS,met3-met4,STRIPE,via,226296,179280,227896,179760,1600,via3_1600x480
VSS,met2-met3,STRIPE,via,226296,179280,227896,179760,1600,via2_1600x480
VSS,met1-met2,STRIPE,via,226296,179280,227896,179760,1600,via_1600x480
VSS,met3-met4,STRIPE,via,199179,179280,200779,179760,1600,via3_1600x480
VSS,met2-met3,STRIPE,via,199179,179280,200779,179760,1600,via2_1600x480
VSS,met1-met2,STRIPE,via,199179,179280,200779,179760,1600,via_1600x480
VSS,met3-met4,STRIPE,via,171663,179280,173263,179760,1600,via3_1600x480
VSS,met2-met3,STRIPE,via,171663,179280,173263,179760,1600,via2_1600x480
VSS,met1-met2,STRIPE,via,171663,179280,173263,179760,1600,via_1600x480
VSS,met3-met4,STRIPE,via,145490,179280,147090,179760,1600,via3_1600x480
VSS,met2-met3,STRIPE,via,145490,179280,147090,179760,1600,via2_1600x480
VSS,met1-met2,STRIPE,via,145490,179280,147090,179760,1600,via_1600x480
VSS,met3-met4,STRIPE,via,117461,179280,119061,179760,1600,via3_1600x480
VSS,met2-met3,STRIPE,via,117461,179280,119061,179760,1600,via2_1600x480
VSS,met1-met2,STRIPE,via,117461,179280,119061,179760,1600,via_1600x480
VSS,met3-met4,STRIPE,via,91252,179280,92852,179760,1600,via3_1600x480
VSS,met2-met3,STRIPE,via,91252,179280,92852,179760,1600,via2_1600x480
VSS,met1-met2,STRIPE,via,91252,179280,92852,179760,1600,via_1600x480
VSS,met3-met4,STRIPE,via,63269,179280,64869,179760,1600,via3_1600x480
VSS,met2-met3,STRIPE,via,63269,179280,64869,179760,1600,via2_1600x480
VSS,met1-met2,STRIPE,via,63269,179280,64869,179760,1600,via_1600x480
VSS,met3-met4,STRIPE,via,36862,179280,38462,179760,1600,via3_1600x480
VSS,met2-met3,STRIPE,via,36862,179280,38462,179760,1600,via2_1600x480
VSS,met1-met2,STRIPE,via,36862,179280,38462,179760,1600,via_1600x480
VSS,met3-met4,STRIPE,via,253248,173840,254848,174320,1600,via3_1600x480
VSS,met2-met3,STRIPE,via,253248,173840,254848,174320,1600,via2_1600x480
VSS,met1-met2,STRIPE,via,253248,173840,254848,174320,1600,via_1600x480
VSS,met3-met4,STRIPE,via,226296,173840,227896,174320,1600,via3_1600x480
VSS,met2-met3,STRIPE,via,226296,173840,227896,174320,1600,via2_1600x480
VSS,met1-met2,STRIPE,via,226296,173840,227896,174320,1600,via_1600x480
VSS,met3-met4,STRIPE,via,199179,173840,200779,174320,1600,via3_1600x480
VSS,met2-met3,STRIPE,via,199179,173840,200779,174320,1600,via2_1600x480
VSS,met1-met2,STRIPE,via,199179,173840,200779,174320,1600,via_1600x480
VSS,met3-met4,STRIPE,via,171663,173840,173263,174320,1600,via3_1600x480
VSS,met2-met3,STRIPE,via,171663,173840,173263,174320,1600,via2_1600x480
VSS,met1-met2,STRIPE,via,171663,173840,173263,174320,1600,via_1600x480
VSS,met3-met4,STRIPE,via,145490,173840,147090,174320,1600,via3_1600x480
VSS,met2-met3,STRIPE,via,145490,173840,147090,174320,1600,via2_1600x480
VSS,met1-met2,STRIPE,via,145490,173840,147090,174320,1600,via_1600x480
VSS,met3-met4,STRIPE,via,117461,173840,119061,174320,1600,via3_1600x480
VSS,met2-met3,STRIPE,via,117461,173840,119061,174320,1600,via2_1600x480
VSS,met1-met2,STRIPE,via,117461,173840,119061,174320,1600,via_1600x480
VSS,met3-met4,STRIPE,via,91252,173840,92852,174320,1600,via3_1600x480
VSS,met2-met3,STRIPE,via,91252,173840,92852,174320,1600,via2_1600x480
VSS,met1-met2,STRIPE,via,91252,173840,92852,174320,1600,via_1600x480
VSS,met3-met4,STRIPE,via,63269,173840,64869,174320,1600,via3_1600x480
VSS,met2-met3,STRIPE,via,63269,173840,64869,174320,1600,via2_1600x480
VSS,met1-met2,STRIPE,via,63269,173840,64869,174320,1600,via_1600x480
VSS,met3-met4,STRIPE,via,36862,173840,38462,174320,1600,via3_1600x480
VSS,met2-met3,STRIPE,via,36862,173840,38462,174320,1600,via2_1600x480
VSS,met1-met2,STRIPE,via,36862,173840,38462,174320,1600,via_1600x480
VSS,met3-met4,STRIPE,via,253248,168400,254848,168880,1600,via3_1600x480
VSS,met2-met3,STRIPE,via,253248,168400,254848,168880,1600,via2_1600x480
VSS,met1-met2,STRIPE,via,253248,168400,254848,168880,1600,via_1600x480
VSS,met3-met4,STRIPE,via,226296,168400,227896,168880,1600,via3_1600x480
VSS,met2-met3,STRIPE,via,226296,168400,227896,168880,1600,via2_1600x480
VSS,met1-met2,STRIPE,via,226296,168400,227896,168880,1600,via_1600x480
VSS,met3-met4,STRIPE,via,199179,168400,200779,168880,1600,via3_1600x480
VSS,met2-met3,STRIPE,via,199179,168400,200779,168880,1600,via2_1600x480
VSS,met1-met2,STRIPE,via,199179,168400,200779,168880,1600,via_1600x480
VSS,met3-met4,STRIPE,via,171663,168400,173263,168880,1600,via3_1600x480
VSS,met2-met3,STRIPE,via,171663,168400,173263,168880,1600,via2_1600x480
VSS,met1-met2,STRIPE,via,171663,168400,173263,168880,1600,via_1600x480
VSS,met3-met4,STRIPE,via,145490,168400,147090,168880,1600,via3_1600x480
VSS,met2-met3,STRIPE,via,145490,168400,147090,168880,1600,via2_1600x480
VSS,met1-met2,STRIPE,via,145490,168400,147090,168880,1600,via_1600x480
VSS,met3-met4,STRIPE,via,117461,168400,119061,168880,1600,via3_1600x480
VSS,met2-met3,STRIPE,via,117461,168400,119061,168880,1600,via2_1600x480
VSS,met1-met2,STRIPE,via,117461,168400,119061,168880,1600,via_1600x480
VSS,met3-met4,STRIPE,via,91252,168400,92852,168880,1600,via3_1600x480
VSS,met2-met3,STRIPE,via,91252,168400,92852,168880,1600,via2_1600x480
VSS,met1-met2,STRIPE,via,91252,168400,92852,168880,1600,via_1600x480
VSS,met3-met4,STRIPE,via,63269,168400,64869,168880,1600,via3_1600x480
VSS,met2-met3,STRIPE,via,63269,168400,64869,168880,1600,via2_1600x480
VSS,met1-met2,STRIPE,via,63269,168400,64869,168880,1600,via_1600x480
VSS,met3-met4,STRIPE,via,36862,168400,38462,168880,1600,via3_1600x480
VSS,met2-met3,STRIPE,via,36862,168400,38462,168880,1600,via2_1600x480
VSS,met1-met2,STRIPE,via,36862,168400,38462,168880,1600,via_1600x480
VSS,met3-met4,STRIPE,via,253248,162960,254848,163440,1600,via3_1600x480
VSS,met2-met3,STRIPE,via,253248,162960,254848,163440,1600,via2_1600x480
VSS,met1-met2,STRIPE,via,253248,162960,254848,163440,1600,via_1600x480
VSS,met3-met4,STRIPE,via,226296,162960,227896,163440,1600,via3_1600x480
VSS,met2-met3,STRIPE,via,226296,162960,227896,163440,1600,via2_1600x480
VSS,met1-met2,STRIPE,via,226296,162960,227896,163440,1600,via_1600x480
VSS,met3-met4,STRIPE,via,199179,162960,200779,163440,1600,via3_1600x480
VSS,met2-met3,STRIPE,via,199179,162960,200779,163440,1600,via2_1600x480
VSS,met1-met2,STRIPE,via,199179,162960,200779,163440,1600,via_1600x480
VSS,met3-met4,STRIPE,via,171663,162960,173263,163440,1600,via3_1600x480
VSS,met2-met3,STRIPE,via,171663,162960,173263,163440,1600,via2_1600x480
VSS,met1-met2,STRIPE,via,171663,162960,173263,163440,1600,via_1600x480
VSS,met3-met4,STRIPE,via,145490,162960,147090,163440,1600,via3_1600x480
VSS,met2-met3,STRIPE,via,145490,162960,147090,163440,1600,via2_1600x480
VSS,met1-met2,STRIPE,via,145490,162960,147090,163440,1600,via_1600x480
VSS,met3-met4,STRIPE,via,117461,162960,119061,163440,1600,via3_1600x480
VSS,met2-met3,STRIPE,via,117461,162960,119061,163440,1600,via2_1600x480
VSS,met1-met2,STRIPE,via,117461,162960,119061,163440,1600,via_1600x480
VSS,met3-met4,STRIPE,via,91252,162960,92852,163440,1600,via3_1600x480
VSS,met2-met3,STRIPE,via,91252,162960,92852,163440,1600,via2_1600x480
VSS,met1-met2,STRIPE,via,91252,162960,92852,163440,1600,via_1600x480
VSS,met3-met4,STRIPE,via,63269,162960,64869,163440,1600,via3_1600x480
VSS,met2-met3,STRIPE,via,63269,162960,64869,163440,1600,via2_1600x480
VSS,met1-met2,STRIPE,via,63269,162960,64869,163440,1600,via_1600x480
VSS,met3-met4,STRIPE,via,36862,162960,38462,163440,1600,via3_1600x480
VSS,met2-met3,STRIPE,via,36862,162960,38462,163440,1600,via2_1600x480
VSS,met1-met2,STRIPE,via,36862,162960,38462,163440,1600,via_1600x480
VSS,met3-met4,STRIPE,via,253248,157520,254848,158000,1600,via3_1600x480
VSS,met2-met3,STRIPE,via,253248,157520,254848,158000,1600,via2_1600x480
VSS,met1-met2,STRIPE,via,253248,157520,254848,158000,1600,via_1600x480
VSS,met3-met4,STRIPE,via,226296,157520,227896,158000,1600,via3_1600x480
VSS,met2-met3,STRIPE,via,226296,157520,227896,158000,1600,via2_1600x480
VSS,met1-met2,STRIPE,via,226296,157520,227896,158000,1600,via_1600x480
VSS,met3-met4,STRIPE,via,199179,157520,200779,158000,1600,via3_1600x480
VSS,met2-met3,STRIPE,via,199179,157520,200779,158000,1600,via2_1600x480
VSS,met1-met2,STRIPE,via,199179,157520,200779,158000,1600,via_1600x480
VSS,met3-met4,STRIPE,via,171663,157520,173263,158000,1600,via3_1600x480
VSS,met2-met3,STRIPE,via,171663,157520,173263,158000,1600,via2_1600x480
VSS,met1-met2,STRIPE,via,171663,157520,173263,158000,1600,via_1600x480
VSS,met3-met4,STRIPE,via,145490,157520,147090,158000,1600,via3_1600x480
VSS,met2-met3,STRIPE,via,145490,157520,147090,158000,1600,via2_1600x480
VSS,met1-met2,STRIPE,via,145490,157520,147090,158000,1600,via_1600x480
VSS,met3-met4,STRIPE,via,117461,157520,119061,158000,1600,via3_1600x480
VSS,met2-met3,STRIPE,via,117461,157520,119061,158000,1600,via2_1600x480
VSS,met1-met2,STRIPE,via,117461,157520,119061,158000,1600,via_1600x480
VSS,met3-met4,STRIPE,via,91252,157520,92852,158000,1600,via3_1600x480
VSS,met2-met3,STRIPE,via,91252,157520,92852,158000,1600,via2_1600x480
VSS,met1-met2,STRIPE,via,91252,157520,92852,158000,1600,via_1600x480
VSS,met3-met4,STRIPE,via,63269,157520,64869,158000,1600,via3_1600x480
VSS,met2-met3,STRIPE,via,63269,157520,64869,158000,1600,via2_1600x480
VSS,met1-met2,STRIPE,via,63269,157520,64869,158000,1600,via_1600x480
VSS,met3-met4,STRIPE,via,36862,157520,38462,158000,1600,via3_1600x480
VSS,met2-met3,STRIPE,via,36862,157520,38462,158000,1600,via2_1600x480
VSS,met1-met2,STRIPE,via,36862,157520,38462,158000,1600,via_1600x480
VSS,met3-met4,STRIPE,via,253248,152080,254848,152560,1600,via3_1600x480
VSS,met2-met3,STRIPE,via,253248,152080,254848,152560,1600,via2_1600x480
VSS,met1-met2,STRIPE,via,253248,152080,254848,152560,1600,via_1600x480
VSS,met3-met4,STRIPE,via,226296,152080,227896,152560,1600,via3_1600x480
VSS,met2-met3,STRIPE,via,226296,152080,227896,152560,1600,via2_1600x480
VSS,met1-met2,STRIPE,via,226296,152080,227896,152560,1600,via_1600x480
VSS,met3-met4,STRIPE,via,199179,152080,200779,152560,1600,via3_1600x480
VSS,met2-met3,STRIPE,via,199179,152080,200779,152560,1600,via2_1600x480
VSS,met1-met2,STRIPE,via,199179,152080,200779,152560,1600,via_1600x480
VSS,met3-met4,STRIPE,via,171663,152080,173263,152560,1600,via3_1600x480
VSS,met2-met3,STRIPE,via,171663,152080,173263,152560,1600,via2_1600x480
VSS,met1-met2,STRIPE,via,171663,152080,173263,152560,1600,via_1600x480
VSS,met3-met4,STRIPE,via,145490,152080,147090,152560,1600,via3_1600x480
VSS,met2-met3,STRIPE,via,145490,152080,147090,152560,1600,via2_1600x480
VSS,met1-met2,STRIPE,via,145490,152080,147090,152560,1600,via_1600x480
VSS,met3-met4,STRIPE,via,117461,152080,119061,152560,1600,via3_1600x480
VSS,met2-met3,STRIPE,via,117461,152080,119061,152560,1600,via2_1600x480
VSS,met1-met2,STRIPE,via,117461,152080,119061,152560,1600,via_1600x480
VSS,met3-met4,STRIPE,via,91252,152080,92852,152560,1600,via3_1600x480
VSS,met2-met3,STRIPE,via,91252,152080,92852,152560,1600,via2_1600x480
VSS,met1-met2,STRIPE,via,91252,152080,92852,152560,1600,via_1600x480
VSS,met3-met4,STRIPE,via,63269,152080,64869,152560,1600,via3_1600x480
VSS,met2-met3,STRIPE,via,63269,152080,64869,152560,1600,via2_1600x480
VSS,met1-met2,STRIPE,via,63269,152080,64869,152560,1600,via_1600x480
VSS,met3-met4,STRIPE,via,36862,152080,38462,152560,1600,via3_1600x480
VSS,met2-met3,STRIPE,via,36862,152080,38462,152560,1600,via2_1600x480
VSS,met1-met2,STRIPE,via,36862,152080,38462,152560,1600,via_1600x480
VSS,met3-met4,STRIPE,via,253248,146640,254848,147120,1600,via3_1600x480
VSS,met2-met3,STRIPE,via,253248,146640,254848,147120,1600,via2_1600x480
VSS,met1-met2,STRIPE,via,253248,146640,254848,147120,1600,via_1600x480
VSS,met3-met4,STRIPE,via,226296,146640,227896,147120,1600,via3_1600x480
VSS,met2-met3,STRIPE,via,226296,146640,227896,147120,1600,via2_1600x480
VSS,met1-met2,STRIPE,via,226296,146640,227896,147120,1600,via_1600x480
VSS,met3-met4,STRIPE,via,199179,146640,200779,147120,1600,via3_1600x480
VSS,met2-met3,STRIPE,via,199179,146640,200779,147120,1600,via2_1600x480
VSS,met1-met2,STRIPE,via,199179,146640,200779,147120,1600,via_1600x480
VSS,met3-met4,STRIPE,via,171663,146640,173263,147120,1600,via3_1600x480
VSS,met2-met3,STRIPE,via,171663,146640,173263,147120,1600,via2_1600x480
VSS,met1-met2,STRIPE,via,171663,146640,173263,147120,1600,via_1600x480
VSS,met3-met4,STRIPE,via,145490,146640,147090,147120,1600,via3_1600x480
VSS,met2-met3,STRIPE,via,145490,146640,147090,147120,1600,via2_1600x480
VSS,met1-met2,STRIPE,via,145490,146640,147090,147120,1600,via_1600x480
VSS,met3-met4,STRIPE,via,117461,146640,119061,147120,1600,via3_1600x480
VSS,met2-met3,STRIPE,via,117461,146640,119061,147120,1600,via2_1600x480
VSS,met1-met2,STRIPE,via,117461,146640,119061,147120,1600,via_1600x480
VSS,met3-met4,STRIPE,via,91252,146640,92852,147120,1600,via3_1600x480
VSS,met2-met3,STRIPE,via,91252,146640,92852,147120,1600,via2_1600x480
VSS,met1-met2,STRIPE,via,91252,146640,92852,147120,1600,via_1600x480
VSS,met3-met4,STRIPE,via,63269,146640,64869,147120,1600,via3_1600x480
VSS,met2-met3,STRIPE,via,63269,146640,64869,147120,1600,via2_1600x480
VSS,met1-met2,STRIPE,via,63269,146640,64869,147120,1600,via_1600x480
VSS,met3-met4,STRIPE,via,36862,146640,38462,147120,1600,via3_1600x480
VSS,met2-met3,STRIPE,via,36862,146640,38462,147120,1600,via2_1600x480
VSS,met1-met2,STRIPE,via,36862,146640,38462,147120,1600,via_1600x480
VSS,met3-met4,STRIPE,via,253248,141200,254848,141680,1600,via3_1600x480
VSS,met2-met3,STRIPE,via,253248,141200,254848,141680,1600,via2_1600x480
VSS,met1-met2,STRIPE,via,253248,141200,254848,141680,1600,via_1600x480
VSS,met3-met4,STRIPE,via,226296,141200,227896,141680,1600,via3_1600x480
VSS,met2-met3,STRIPE,via,226296,141200,227896,141680,1600,via2_1600x480
VSS,met1-met2,STRIPE,via,226296,141200,227896,141680,1600,via_1600x480
VSS,met3-met4,STRIPE,via,199179,141200,200779,141680,1600,via3_1600x480
VSS,met2-met3,STRIPE,via,199179,141200,200779,141680,1600,via2_1600x480
VSS,met1-met2,STRIPE,via,199179,141200,200779,141680,1600,via_1600x480
VSS,met3-met4,STRIPE,via,171663,141200,173263,141680,1600,via3_1600x480
VSS,met2-met3,STRIPE,via,171663,141200,173263,141680,1600,via2_1600x480
VSS,met1-met2,STRIPE,via,171663,141200,173263,141680,1600,via_1600x480
VSS,met3-met4,STRIPE,via,145490,141200,147090,141680,1600,via3_1600x480
VSS,met2-met3,STRIPE,via,145490,141200,147090,141680,1600,via2_1600x480
VSS,met1-met2,STRIPE,via,145490,141200,147090,141680,1600,via_1600x480
VSS,met3-met4,STRIPE,via,117461,141200,119061,141680,1600,via3_1600x480
VSS,met2-met3,STRIPE,via,117461,141200,119061,141680,1600,via2_1600x480
VSS,met1-met2,STRIPE,via,117461,141200,119061,141680,1600,via_1600x480
VSS,met3-met4,STRIPE,via,91252,141200,92852,141680,1600,via3_1600x480
VSS,met2-met3,STRIPE,via,91252,141200,92852,141680,1600,via2_1600x480
VSS,met1-met2,STRIPE,via,91252,141200,92852,141680,1600,via_1600x480
VSS,met3-met4,STRIPE,via,63269,141200,64869,141680,1600,via3_1600x480
VSS,met2-met3,STRIPE,via,63269,141200,64869,141680,1600,via2_1600x480
VSS,met1-met2,STRIPE,via,63269,141200,64869,141680,1600,via_1600x480
VSS,met3-met4,STRIPE,via,36862,141200,38462,141680,1600,via3_1600x480
VSS,met2-met3,STRIPE,via,36862,141200,38462,141680,1600,via2_1600x480
VSS,met1-met2,STRIPE,via,36862,141200,38462,141680,1600,via_1600x480
VSS,met3-met4,STRIPE,via,253248,135760,254848,136240,1600,via3_1600x480
VSS,met2-met3,STRIPE,via,253248,135760,254848,136240,1600,via2_1600x480
VSS,met1-met2,STRIPE,via,253248,135760,254848,136240,1600,via_1600x480
VSS,met3-met4,STRIPE,via,226296,135760,227896,136240,1600,via3_1600x480
VSS,met2-met3,STRIPE,via,226296,135760,227896,136240,1600,via2_1600x480
VSS,met1-met2,STRIPE,via,226296,135760,227896,136240,1600,via_1600x480
VSS,met3-met4,STRIPE,via,199179,135760,200779,136240,1600,via3_1600x480
VSS,met2-met3,STRIPE,via,199179,135760,200779,136240,1600,via2_1600x480
VSS,met1-met2,STRIPE,via,199179,135760,200779,136240,1600,via_1600x480
VSS,met3-met4,STRIPE,via,171663,135760,173263,136240,1600,via3_1600x480
VSS,met2-met3,STRIPE,via,171663,135760,173263,136240,1600,via2_1600x480
VSS,met1-met2,STRIPE,via,171663,135760,173263,136240,1600,via_1600x480
VSS,met3-met4,STRIPE,via,145490,135760,147090,136240,1600,via3_1600x480
VSS,met2-met3,STRIPE,via,145490,135760,147090,136240,1600,via2_1600x480
VSS,met1-met2,STRIPE,via,145490,135760,147090,136240,1600,via_1600x480
VSS,met3-met4,STRIPE,via,117461,135760,119061,136240,1600,via3_1600x480
VSS,met2-met3,STRIPE,via,117461,135760,119061,136240,1600,via2_1600x480
VSS,met1-met2,STRIPE,via,117461,135760,119061,136240,1600,via_1600x480
VSS,met3-met4,STRIPE,via,91252,135760,92852,136240,1600,via3_1600x480
VSS,met2-met3,STRIPE,via,91252,135760,92852,136240,1600,via2_1600x480
VSS,met1-met2,STRIPE,via,91252,135760,92852,136240,1600,via_1600x480
VSS,met3-met4,STRIPE,via,63269,135760,64869,136240,1600,via3_1600x480
VSS,met2-met3,STRIPE,via,63269,135760,64869,136240,1600,via2_1600x480
VSS,met1-met2,STRIPE,via,63269,135760,64869,136240,1600,via_1600x480
VSS,met3-met4,STRIPE,via,36862,135760,38462,136240,1600,via3_1600x480
VSS,met2-met3,STRIPE,via,36862,135760,38462,136240,1600,via2_1600x480
VSS,met1-met2,STRIPE,via,36862,135760,38462,136240,1600,via_1600x480
VSS,met3-met4,STRIPE,via,253248,130320,254848,130800,1600,via3_1600x480
VSS,met2-met3,STRIPE,via,253248,130320,254848,130800,1600,via2_1600x480
VSS,met1-met2,STRIPE,via,253248,130320,254848,130800,1600,via_1600x480
VSS,met3-met4,STRIPE,via,226296,130320,227896,130800,1600,via3_1600x480
VSS,met2-met3,STRIPE,via,226296,130320,227896,130800,1600,via2_1600x480
VSS,met1-met2,STRIPE,via,226296,130320,227896,130800,1600,via_1600x480
VSS,met3-met4,STRIPE,via,199179,130320,200779,130800,1600,via3_1600x480
VSS,met2-met3,STRIPE,via,199179,130320,200779,130800,1600,via2_1600x480
VSS,met1-met2,STRIPE,via,199179,130320,200779,130800,1600,via_1600x480
VSS,met3-met4,STRIPE,via,171663,130320,173263,130800,1600,via3_1600x480
VSS,met2-met3,STRIPE,via,171663,130320,173263,130800,1600,via2_1600x480
VSS,met1-met2,STRIPE,via,171663,130320,173263,130800,1600,via_1600x480
VSS,met3-met4,STRIPE,via,145490,130320,147090,130800,1600,via3_1600x480
VSS,met2-met3,STRIPE,via,145490,130320,147090,130800,1600,via2_1600x480
VSS,met1-met2,STRIPE,via,145490,130320,147090,130800,1600,via_1600x480
VSS,met3-met4,STRIPE,via,117461,130320,119061,130800,1600,via3_1600x480
VSS,met2-met3,STRIPE,via,117461,130320,119061,130800,1600,via2_1600x480
VSS,met1-met2,STRIPE,via,117461,130320,119061,130800,1600,via_1600x480
VSS,met3-met4,STRIPE,via,91252,130320,92852,130800,1600,via3_1600x480
VSS,met2-met3,STRIPE,via,91252,130320,92852,130800,1600,via2_1600x480
VSS,met1-met2,STRIPE,via,91252,130320,92852,130800,1600,via_1600x480
VSS,met3-met4,STRIPE,via,63269,130320,64869,130800,1600,via3_1600x480
VSS,met2-met3,STRIPE,via,63269,130320,64869,130800,1600,via2_1600x480
VSS,met1-met2,STRIPE,via,63269,130320,64869,130800,1600,via_1600x480
VSS,met3-met4,STRIPE,via,36862,130320,38462,130800,1600,via3_1600x480
VSS,met2-met3,STRIPE,via,36862,130320,38462,130800,1600,via2_1600x480
VSS,met1-met2,STRIPE,via,36862,130320,38462,130800,1600,via_1600x480
VSS,met3-met4,STRIPE,via,253248,124880,254848,125360,1600,via3_1600x480
VSS,met2-met3,STRIPE,via,253248,124880,254848,125360,1600,via2_1600x480
VSS,met1-met2,STRIPE,via,253248,124880,254848,125360,1600,via_1600x480
VSS,met3-met4,STRIPE,via,226296,124880,227896,125360,1600,via3_1600x480
VSS,met2-met3,STRIPE,via,226296,124880,227896,125360,1600,via2_1600x480
VSS,met1-met2,STRIPE,via,226296,124880,227896,125360,1600,via_1600x480
VSS,met3-met4,STRIPE,via,199179,124880,200779,125360,1600,via3_1600x480
VSS,met2-met3,STRIPE,via,199179,124880,200779,125360,1600,via2_1600x480
VSS,met1-met2,STRIPE,via,199179,124880,200779,125360,1600,via_1600x480
VSS,met3-met4,STRIPE,via,171663,124880,173263,125360,1600,via3_1600x480
VSS,met2-met3,STRIPE,via,171663,124880,173263,125360,1600,via2_1600x480
VSS,met1-met2,STRIPE,via,171663,124880,173263,125360,1600,via_1600x480
VSS,met3-met4,STRIPE,via,145490,124880,147090,125360,1600,via3_1600x480
VSS,met2-met3,STRIPE,via,145490,124880,147090,125360,1600,via2_1600x480
VSS,met1-met2,STRIPE,via,145490,124880,147090,125360,1600,via_1600x480
VSS,met3-met4,STRIPE,via,117461,124880,119061,125360,1600,via3_1600x480
VSS,met2-met3,STRIPE,via,117461,124880,119061,125360,1600,via2_1600x480
VSS,met1-met2,STRIPE,via,117461,124880,119061,125360,1600,via_1600x480
VSS,met3-met4,STRIPE,via,91252,124880,92852,125360,1600,via3_1600x480
VSS,met2-met3,STRIPE,via,91252,124880,92852,125360,1600,via2_1600x480
VSS,met1-met2,STRIPE,via,91252,124880,92852,125360,1600,via_1600x480
VSS,met3-met4,STRIPE,via,63269,124880,64869,125360,1600,via3_1600x480
VSS,met2-met3,STRIPE,via,63269,124880,64869,125360,1600,via2_1600x480
VSS,met1-met2,STRIPE,via,63269,124880,64869,125360,1600,via_1600x480
VSS,met3-met4,STRIPE,via,36862,124880,38462,125360,1600,via3_1600x480
VSS,met2-met3,STRIPE,via,36862,124880,38462,125360,1600,via2_1600x480
VSS,met1-met2,STRIPE,via,36862,124880,38462,125360,1600,via_1600x480
VSS,met3-met4,STRIPE,via,253248,119440,254848,119920,1600,via3_1600x480
VSS,met2-met3,STRIPE,via,253248,119440,254848,119920,1600,via2_1600x480
VSS,met1-met2,STRIPE,via,253248,119440,254848,119920,1600,via_1600x480
VSS,met3-met4,STRIPE,via,226296,119440,227896,119920,1600,via3_1600x480
VSS,met2-met3,STRIPE,via,226296,119440,227896,119920,1600,via2_1600x480
VSS,met1-met2,STRIPE,via,226296,119440,227896,119920,1600,via_1600x480
VSS,met3-met4,STRIPE,via,199179,119440,200779,119920,1600,via3_1600x480
VSS,met2-met3,STRIPE,via,199179,119440,200779,119920,1600,via2_1600x480
VSS,met1-met2,STRIPE,via,199179,119440,200779,119920,1600,via_1600x480
VSS,met3-met4,STRIPE,via,171663,119440,173263,119920,1600,via3_1600x480
VSS,met2-met3,STRIPE,via,171663,119440,173263,119920,1600,via2_1600x480
VSS,met1-met2,STRIPE,via,171663,119440,173263,119920,1600,via_1600x480
VSS,met3-met4,STRIPE,via,145490,119440,147090,119920,1600,via3_1600x480
VSS,met2-met3,STRIPE,via,145490,119440,147090,119920,1600,via2_1600x480
VSS,met1-met2,STRIPE,via,145490,119440,147090,119920,1600,via_1600x480
VSS,met3-met4,STRIPE,via,117461,119440,119061,119920,1600,via3_1600x480
VSS,met2-met3,STRIPE,via,117461,119440,119061,119920,1600,via2_1600x480
VSS,met1-met2,STRIPE,via,117461,119440,119061,119920,1600,via_1600x480
VSS,met3-met4,STRIPE,via,91252,119440,92852,119920,1600,via3_1600x480
VSS,met2-met3,STRIPE,via,91252,119440,92852,119920,1600,via2_1600x480
VSS,met1-met2,STRIPE,via,91252,119440,92852,119920,1600,via_1600x480
VSS,met3-met4,STRIPE,via,63269,119440,64869,119920,1600,via3_1600x480
VSS,met2-met3,STRIPE,via,63269,119440,64869,119920,1600,via2_1600x480
VSS,met1-met2,STRIPE,via,63269,119440,64869,119920,1600,via_1600x480
VSS,met3-met4,STRIPE,via,36862,119440,38462,119920,1600,via3_1600x480
VSS,met2-met3,STRIPE,via,36862,119440,38462,119920,1600,via2_1600x480
VSS,met1-met2,STRIPE,via,36862,119440,38462,119920,1600,via_1600x480
VSS,met3-met4,STRIPE,via,253248,114000,254848,114480,1600,via3_1600x480
VSS,met2-met3,STRIPE,via,253248,114000,254848,114480,1600,via2_1600x480
VSS,met1-met2,STRIPE,via,253248,114000,254848,114480,1600,via_1600x480
VSS,met3-met4,STRIPE,via,226296,114000,227896,114480,1600,via3_1600x480
VSS,met2-met3,STRIPE,via,226296,114000,227896,114480,1600,via2_1600x480
VSS,met1-met2,STRIPE,via,226296,114000,227896,114480,1600,via_1600x480
VSS,met3-met4,STRIPE,via,199179,114000,200779,114480,1600,via3_1600x480
VSS,met2-met3,STRIPE,via,199179,114000,200779,114480,1600,via2_1600x480
VSS,met1-met2,STRIPE,via,199179,114000,200779,114480,1600,via_1600x480
VSS,met3-met4,STRIPE,via,171663,114000,173263,114480,1600,via3_1600x480
VSS,met2-met3,STRIPE,via,171663,114000,173263,114480,1600,via2_1600x480
VSS,met1-met2,STRIPE,via,171663,114000,173263,114480,1600,via_1600x480
VSS,met3-met4,STRIPE,via,145490,114000,147090,114480,1600,via3_1600x480
VSS,met2-met3,STRIPE,via,145490,114000,147090,114480,1600,via2_1600x480
VSS,met1-met2,STRIPE,via,145490,114000,147090,114480,1600,via_1600x480
VSS,met3-met4,STRIPE,via,117461,114000,119061,114480,1600,via3_1600x480
VSS,met2-met3,STRIPE,via,117461,114000,119061,114480,1600,via2_1600x480
VSS,met1-met2,STRIPE,via,117461,114000,119061,114480,1600,via_1600x480
VSS,met3-met4,STRIPE,via,91252,114000,92852,114480,1600,via3_1600x480
VSS,met2-met3,STRIPE,via,91252,114000,92852,114480,1600,via2_1600x480
VSS,met1-met2,STRIPE,via,91252,114000,92852,114480,1600,via_1600x480
VSS,met3-met4,STRIPE,via,63269,114000,64869,114480,1600,via3_1600x480
VSS,met2-met3,STRIPE,via,63269,114000,64869,114480,1600,via2_1600x480
VSS,met1-met2,STRIPE,via,63269,114000,64869,114480,1600,via_1600x480
VSS,met3-met4,STRIPE,via,36862,114000,38462,114480,1600,via3_1600x480
VSS,met2-met3,STRIPE,via,36862,114000,38462,114480,1600,via2_1600x480
VSS,met1-met2,STRIPE,via,36862,114000,38462,114480,1600,via_1600x480
VSS,met3-met4,STRIPE,via,253248,108560,254848,109040,1600,via3_1600x480
VSS,met2-met3,STRIPE,via,253248,108560,254848,109040,1600,via2_1600x480
VSS,met1-met2,STRIPE,via,253248,108560,254848,109040,1600,via_1600x480
VSS,met3-met4,STRIPE,via,226296,108560,227896,109040,1600,via3_1600x480
VSS,met2-met3,STRIPE,via,226296,108560,227896,109040,1600,via2_1600x480
VSS,met1-met2,STRIPE,via,226296,108560,227896,109040,1600,via_1600x480
VSS,met3-met4,STRIPE,via,199179,108560,200779,109040,1600,via3_1600x480
VSS,met2-met3,STRIPE,via,199179,108560,200779,109040,1600,via2_1600x480
VSS,met1-met2,STRIPE,via,199179,108560,200779,109040,1600,via_1600x480
VSS,met3-met4,STRIPE,via,171663,108560,173263,109040,1600,via3_1600x480
VSS,met2-met3,STRIPE,via,171663,108560,173263,109040,1600,via2_1600x480
VSS,met1-met2,STRIPE,via,171663,108560,173263,109040,1600,via_1600x480
VSS,met3-met4,STRIPE,via,145490,108560,147090,109040,1600,via3_1600x480
VSS,met2-met3,STRIPE,via,145490,108560,147090,109040,1600,via2_1600x480
VSS,met1-met2,STRIPE,via,145490,108560,147090,109040,1600,via_1600x480
VSS,met3-met4,STRIPE,via,117461,108560,119061,109040,1600,via3_1600x480
VSS,met2-met3,STRIPE,via,117461,108560,119061,109040,1600,via2_1600x480
VSS,met1-met2,STRIPE,via,117461,108560,119061,109040,1600,via_1600x480
VSS,met3-met4,STRIPE,via,91252,108560,92852,109040,1600,via3_1600x480
VSS,met2-met3,STRIPE,via,91252,108560,92852,109040,1600,via2_1600x480
VSS,met1-met2,STRIPE,via,91252,108560,92852,109040,1600,via_1600x480
VSS,met3-met4,STRIPE,via,63269,108560,64869,109040,1600,via3_1600x480
VSS,met2-met3,STRIPE,via,63269,108560,64869,109040,1600,via2_1600x480
VSS,met1-met2,STRIPE,via,63269,108560,64869,109040,1600,via_1600x480
VSS,met3-met4,STRIPE,via,36862,108560,38462,109040,1600,via3_1600x480
VSS,met2-met3,STRIPE,via,36862,108560,38462,109040,1600,via2_1600x480
VSS,met1-met2,STRIPE,via,36862,108560,38462,109040,1600,via_1600x480
VSS,met3-met4,STRIPE,via,253248,103120,254848,103600,1600,via3_1600x480
VSS,met2-met3,STRIPE,via,253248,103120,254848,103600,1600,via2_1600x480
VSS,met1-met2,STRIPE,via,253248,103120,254848,103600,1600,via_1600x480
VSS,met3-met4,STRIPE,via,226296,103120,227896,103600,1600,via3_1600x480
VSS,met2-met3,STRIPE,via,226296,103120,227896,103600,1600,via2_1600x480
VSS,met1-met2,STRIPE,via,226296,103120,227896,103600,1600,via_1600x480
VSS,met3-met4,STRIPE,via,199179,103120,200779,103600,1600,via3_1600x480
VSS,met2-met3,STRIPE,via,199179,103120,200779,103600,1600,via2_1600x480
VSS,met1-met2,STRIPE,via,199179,103120,200779,103600,1600,via_1600x480
VSS,met3-met4,STRIPE,via,171663,103120,173263,103600,1600,via3_1600x480
VSS,met2-met3,STRIPE,via,171663,103120,173263,103600,1600,via2_1600x480
VSS,met1-met2,STRIPE,via,171663,103120,173263,103600,1600,via_1600x480
VSS,met3-met4,STRIPE,via,145490,103120,147090,103600,1600,via3_1600x480
VSS,met2-met3,STRIPE,via,145490,103120,147090,103600,1600,via2_1600x480
VSS,met1-met2,STRIPE,via,145490,103120,147090,103600,1600,via_1600x480
VSS,met3-met4,STRIPE,via,117461,103120,119061,103600,1600,via3_1600x480
VSS,met2-met3,STRIPE,via,117461,103120,119061,103600,1600,via2_1600x480
VSS,met1-met2,STRIPE,via,117461,103120,119061,103600,1600,via_1600x480
VSS,met3-met4,STRIPE,via,91252,103120,92852,103600,1600,via3_1600x480
VSS,met2-met3,STRIPE,via,91252,103120,92852,103600,1600,via2_1600x480
VSS,met1-met2,STRIPE,via,91252,103120,92852,103600,1600,via_1600x480
VSS,met3-met4,STRIPE,via,63269,103120,64869,103600,1600,via3_1600x480
VSS,met2-met3,STRIPE,via,63269,103120,64869,103600,1600,via2_1600x480
VSS,met1-met2,STRIPE,via,63269,103120,64869,103600,1600,via_1600x480
VSS,met3-met4,STRIPE,via,36862,103120,38462,103600,1600,via3_1600x480
VSS,met2-met3,STRIPE,via,36862,103120,38462,103600,1600,via2_1600x480
VSS,met1-met2,STRIPE,via,36862,103120,38462,103600,1600,via_1600x480
VSS,met3-met4,STRIPE,via,253248,97680,254848,98160,1600,via3_1600x480
VSS,met2-met3,STRIPE,via,253248,97680,254848,98160,1600,via2_1600x480
VSS,met1-met2,STRIPE,via,253248,97680,254848,98160,1600,via_1600x480
VSS,met3-met4,STRIPE,via,226296,97680,227896,98160,1600,via3_1600x480
VSS,met2-met3,STRIPE,via,226296,97680,227896,98160,1600,via2_1600x480
VSS,met1-met2,STRIPE,via,226296,97680,227896,98160,1600,via_1600x480
VSS,met3-met4,STRIPE,via,199179,97680,200779,98160,1600,via3_1600x480
VSS,met2-met3,STRIPE,via,199179,97680,200779,98160,1600,via2_1600x480
VSS,met1-met2,STRIPE,via,199179,97680,200779,98160,1600,via_1600x480
VSS,met3-met4,STRIPE,via,171663,97680,173263,98160,1600,via3_1600x480
VSS,met2-met3,STRIPE,via,171663,97680,173263,98160,1600,via2_1600x480
VSS,met1-met2,STRIPE,via,171663,97680,173263,98160,1600,via_1600x480
VSS,met3-met4,STRIPE,via,145490,97680,147090,98160,1600,via3_1600x480
VSS,met2-met3,STRIPE,via,145490,97680,147090,98160,1600,via2_1600x480
VSS,met1-met2,STRIPE,via,145490,97680,147090,98160,1600,via_1600x480
VSS,met3-met4,STRIPE,via,117461,97680,119061,98160,1600,via3_1600x480
VSS,met2-met3,STRIPE,via,117461,97680,119061,98160,1600,via2_1600x480
VSS,met1-met2,STRIPE,via,117461,97680,119061,98160,1600,via_1600x480
VSS,met3-met4,STRIPE,via,91252,97680,92852,98160,1600,via3_1600x480
VSS,met2-met3,STRIPE,via,91252,97680,92852,98160,1600,via2_1600x480
VSS,met1-met2,STRIPE,via,91252,97680,92852,98160,1600,via_1600x480
VSS,met3-met4,STRIPE,via,63269,97680,64869,98160,1600,via3_1600x480
VSS,met2-met3,STRIPE,via,63269,97680,64869,98160,1600,via2_1600x480
VSS,met1-met2,STRIPE,via,63269,97680,64869,98160,1600,via_1600x480
VSS,met3-met4,STRIPE,via,36862,97680,38462,98160,1600,via3_1600x480
VSS,met2-met3,STRIPE,via,36862,97680,38462,98160,1600,via2_1600x480
VSS,met1-met2,STRIPE,via,36862,97680,38462,98160,1600,via_1600x480
VSS,met3-met4,STRIPE,via,253248,92240,254848,92720,1600,via3_1600x480
VSS,met2-met3,STRIPE,via,253248,92240,254848,92720,1600,via2_1600x480
VSS,met1-met2,STRIPE,via,253248,92240,254848,92720,1600,via_1600x480
VSS,met3-met4,STRIPE,via,226296,92240,227896,92720,1600,via3_1600x480
VSS,met2-met3,STRIPE,via,226296,92240,227896,92720,1600,via2_1600x480
VSS,met1-met2,STRIPE,via,226296,92240,227896,92720,1600,via_1600x480
VSS,met3-met4,STRIPE,via,199179,92240,200779,92720,1600,via3_1600x480
VSS,met2-met3,STRIPE,via,199179,92240,200779,92720,1600,via2_1600x480
VSS,met1-met2,STRIPE,via,199179,92240,200779,92720,1600,via_1600x480
VSS,met3-met4,STRIPE,via,171663,92240,173263,92720,1600,via3_1600x480
VSS,met2-met3,STRIPE,via,171663,92240,173263,92720,1600,via2_1600x480
VSS,met1-met2,STRIPE,via,171663,92240,173263,92720,1600,via_1600x480
VSS,met3-met4,STRIPE,via,145490,92240,147090,92720,1600,via3_1600x480
VSS,met2-met3,STRIPE,via,145490,92240,147090,92720,1600,via2_1600x480
VSS,met1-met2,STRIPE,via,145490,92240,147090,92720,1600,via_1600x480
VSS,met3-met4,STRIPE,via,117461,92240,119061,92720,1600,via3_1600x480
VSS,met2-met3,STRIPE,via,117461,92240,119061,92720,1600,via2_1600x480
VSS,met1-met2,STRIPE,via,117461,92240,119061,92720,1600,via_1600x480
VSS,met3-met4,STRIPE,via,91252,92240,92852,92720,1600,via3_1600x480
VSS,met2-met3,STRIPE,via,91252,92240,92852,92720,1600,via2_1600x480
VSS,met1-met2,STRIPE,via,91252,92240,92852,92720,1600,via_1600x480
VSS,met3-met4,STRIPE,via,63269,92240,64869,92720,1600,via3_1600x480
VSS,met2-met3,STRIPE,via,63269,92240,64869,92720,1600,via2_1600x480
VSS,met1-met2,STRIPE,via,63269,92240,64869,92720,1600,via_1600x480
VSS,met3-met4,STRIPE,via,36862,92240,38462,92720,1600,via3_1600x480
VSS,met2-met3,STRIPE,via,36862,92240,38462,92720,1600,via2_1600x480
VSS,met1-met2,STRIPE,via,36862,92240,38462,92720,1600,via_1600x480
VSS,met3-met4,STRIPE,via,253248,86800,254848,87280,1600,via3_1600x480
VSS,met2-met3,STRIPE,via,253248,86800,254848,87280,1600,via2_1600x480
VSS,met1-met2,STRIPE,via,253248,86800,254848,87280,1600,via_1600x480
VSS,met3-met4,STRIPE,via,226296,86800,227896,87280,1600,via3_1600x480
VSS,met2-met3,STRIPE,via,226296,86800,227896,87280,1600,via2_1600x480
VSS,met1-met2,STRIPE,via,226296,86800,227896,87280,1600,via_1600x480
VSS,met3-met4,STRIPE,via,199179,86800,200779,87280,1600,via3_1600x480
VSS,met2-met3,STRIPE,via,199179,86800,200779,87280,1600,via2_1600x480
VSS,met1-met2,STRIPE,via,199179,86800,200779,87280,1600,via_1600x480
VSS,met3-met4,STRIPE,via,171663,86800,173263,87280,1600,via3_1600x480
VSS,met2-met3,STRIPE,via,171663,86800,173263,87280,1600,via2_1600x480
VSS,met1-met2,STRIPE,via,171663,86800,173263,87280,1600,via_1600x480
VSS,met3-met4,STRIPE,via,145490,86800,147090,87280,1600,via3_1600x480
VSS,met2-met3,STRIPE,via,145490,86800,147090,87280,1600,via2_1600x480
VSS,met1-met2,STRIPE,via,145490,86800,147090,87280,1600,via_1600x480
VSS,met3-met4,STRIPE,via,117461,86800,119061,87280,1600,via3_1600x480
VSS,met2-met3,STRIPE,via,117461,86800,119061,87280,1600,via2_1600x480
VSS,met1-met2,STRIPE,via,117461,86800,119061,87280,1600,via_1600x480
VSS,met3-met4,STRIPE,via,91252,86800,92852,87280,1600,via3_1600x480
VSS,met2-met3,STRIPE,via,91252,86800,92852,87280,1600,via2_1600x480
VSS,met1-met2,STRIPE,via,91252,86800,92852,87280,1600,via_1600x480
VSS,met3-met4,STRIPE,via,63269,86800,64869,87280,1600,via3_1600x480
VSS,met2-met3,STRIPE,via,63269,86800,64869,87280,1600,via2_1600x480
VSS,met1-met2,STRIPE,via,63269,86800,64869,87280,1600,via_1600x480
VSS,met3-met4,STRIPE,via,36862,86800,38462,87280,1600,via3_1600x480
VSS,met2-met3,STRIPE,via,36862,86800,38462,87280,1600,via2_1600x480
VSS,met1-met2,STRIPE,via,36862,86800,38462,87280,1600,via_1600x480
VSS,met3-met4,STRIPE,via,253248,81360,254848,81840,1600,via3_1600x480
VSS,met2-met3,STRIPE,via,253248,81360,254848,81840,1600,via2_1600x480
VSS,met1-met2,STRIPE,via,253248,81360,254848,81840,1600,via_1600x480
VSS,met3-met4,STRIPE,via,226296,81360,227896,81840,1600,via3_1600x480
VSS,met2-met3,STRIPE,via,226296,81360,227896,81840,1600,via2_1600x480
VSS,met1-met2,STRIPE,via,226296,81360,227896,81840,1600,via_1600x480
VSS,met3-met4,STRIPE,via,199179,81360,200779,81840,1600,via3_1600x480
VSS,met2-met3,STRIPE,via,199179,81360,200779,81840,1600,via2_1600x480
VSS,met1-met2,STRIPE,via,199179,81360,200779,81840,1600,via_1600x480
VSS,met3-met4,STRIPE,via,171663,81360,173263,81840,1600,via3_1600x480
VSS,met2-met3,STRIPE,via,171663,81360,173263,81840,1600,via2_1600x480
VSS,met1-met2,STRIPE,via,171663,81360,173263,81840,1600,via_1600x480
VSS,met3-met4,STRIPE,via,145490,81360,147090,81840,1600,via3_1600x480
VSS,met2-met3,STRIPE,via,145490,81360,147090,81840,1600,via2_1600x480
VSS,met1-met2,STRIPE,via,145490,81360,147090,81840,1600,via_1600x480
VSS,met3-met4,STRIPE,via,117461,81360,119061,81840,1600,via3_1600x480
VSS,met2-met3,STRIPE,via,117461,81360,119061,81840,1600,via2_1600x480
VSS,met1-met2,STRIPE,via,117461,81360,119061,81840,1600,via_1600x480
VSS,met3-met4,STRIPE,via,91252,81360,92852,81840,1600,via3_1600x480
VSS,met2-met3,STRIPE,via,91252,81360,92852,81840,1600,via2_1600x480
VSS,met1-met2,STRIPE,via,91252,81360,92852,81840,1600,via_1600x480
VSS,met3-met4,STRIPE,via,63269,81360,64869,81840,1600,via3_1600x480
VSS,met2-met3,STRIPE,via,63269,81360,64869,81840,1600,via2_1600x480
VSS,met1-met2,STRIPE,via,63269,81360,64869,81840,1600,via_1600x480
VSS,met3-met4,STRIPE,via,36862,81360,38462,81840,1600,via3_1600x480
VSS,met2-met3,STRIPE,via,36862,81360,38462,81840,1600,via2_1600x480
VSS,met1-met2,STRIPE,via,36862,81360,38462,81840,1600,via_1600x480
VSS,met3-met4,STRIPE,via,253248,75920,254848,76400,1600,via3_1600x480
VSS,met2-met3,STRIPE,via,253248,75920,254848,76400,1600,via2_1600x480
VSS,met1-met2,STRIPE,via,253248,75920,254848,76400,1600,via_1600x480
VSS,met3-met4,STRIPE,via,226296,75920,227896,76400,1600,via3_1600x480
VSS,met2-met3,STRIPE,via,226296,75920,227896,76400,1600,via2_1600x480
VSS,met1-met2,STRIPE,via,226296,75920,227896,76400,1600,via_1600x480
VSS,met3-met4,STRIPE,via,199179,75920,200779,76400,1600,via3_1600x480
VSS,met2-met3,STRIPE,via,199179,75920,200779,76400,1600,via2_1600x480
VSS,met1-met2,STRIPE,via,199179,75920,200779,76400,1600,via_1600x480
VSS,met3-met4,STRIPE,via,171663,75920,173263,76400,1600,via3_1600x480
VSS,met2-met3,STRIPE,via,171663,75920,173263,76400,1600,via2_1600x480
VSS,met1-met2,STRIPE,via,171663,75920,173263,76400,1600,via_1600x480
VSS,met3-met4,STRIPE,via,145490,75920,147090,76400,1600,via3_1600x480
VSS,met2-met3,STRIPE,via,145490,75920,147090,76400,1600,via2_1600x480
VSS,met1-met2,STRIPE,via,145490,75920,147090,76400,1600,via_1600x480
VSS,met3-met4,STRIPE,via,117461,75920,119061,76400,1600,via3_1600x480
VSS,met2-met3,STRIPE,via,117461,75920,119061,76400,1600,via2_1600x480
VSS,met1-met2,STRIPE,via,117461,75920,119061,76400,1600,via_1600x480
VSS,met3-met4,STRIPE,via,91252,75920,92852,76400,1600,via3_1600x480
VSS,met2-met3,STRIPE,via,91252,75920,92852,76400,1600,via2_1600x480
VSS,met1-met2,STRIPE,via,91252,75920,92852,76400,1600,via_1600x480
VSS,met3-met4,STRIPE,via,63269,75920,64869,76400,1600,via3_1600x480
VSS,met2-met3,STRIPE,via,63269,75920,64869,76400,1600,via2_1600x480
VSS,met1-met2,STRIPE,via,63269,75920,64869,76400,1600,via_1600x480
VSS,met3-met4,STRIPE,via,36862,75920,38462,76400,1600,via3_1600x480
VSS,met2-met3,STRIPE,via,36862,75920,38462,76400,1600,via2_1600x480
VSS,met1-met2,STRIPE,via,36862,75920,38462,76400,1600,via_1600x480
VSS,met3-met4,STRIPE,via,253248,70480,254848,70960,1600,via3_1600x480
VSS,met2-met3,STRIPE,via,253248,70480,254848,70960,1600,via2_1600x480
VSS,met1-met2,STRIPE,via,253248,70480,254848,70960,1600,via_1600x480
VSS,met3-met4,STRIPE,via,226296,70480,227896,70960,1600,via3_1600x480
VSS,met2-met3,STRIPE,via,226296,70480,227896,70960,1600,via2_1600x480
VSS,met1-met2,STRIPE,via,226296,70480,227896,70960,1600,via_1600x480
VSS,met3-met4,STRIPE,via,199179,70480,200779,70960,1600,via3_1600x480
VSS,met2-met3,STRIPE,via,199179,70480,200779,70960,1600,via2_1600x480
VSS,met1-met2,STRIPE,via,199179,70480,200779,70960,1600,via_1600x480
VSS,met3-met4,STRIPE,via,171663,70480,173263,70960,1600,via3_1600x480
VSS,met2-met3,STRIPE,via,171663,70480,173263,70960,1600,via2_1600x480
VSS,met1-met2,STRIPE,via,171663,70480,173263,70960,1600,via_1600x480
VSS,met3-met4,STRIPE,via,145490,70480,147090,70960,1600,via3_1600x480
VSS,met2-met3,STRIPE,via,145490,70480,147090,70960,1600,via2_1600x480
VSS,met1-met2,STRIPE,via,145490,70480,147090,70960,1600,via_1600x480
VSS,met3-met4,STRIPE,via,117461,70480,119061,70960,1600,via3_1600x480
VSS,met2-met3,STRIPE,via,117461,70480,119061,70960,1600,via2_1600x480
VSS,met1-met2,STRIPE,via,117461,70480,119061,70960,1600,via_1600x480
VSS,met3-met4,STRIPE,via,91252,70480,92852,70960,1600,via3_1600x480
VSS,met2-met3,STRIPE,via,91252,70480,92852,70960,1600,via2_1600x480
VSS,met1-met2,STRIPE,via,91252,70480,92852,70960,1600,via_1600x480
VSS,met3-met4,STRIPE,via,63269,70480,64869,70960,1600,via3_1600x480
VSS,met2-met3,STRIPE,via,63269,70480,64869,70960,1600,via2_1600x480
VSS,met1-met2,STRIPE,via,63269,70480,64869,70960,1600,via_1600x480
VSS,met3-met4,STRIPE,via,36862,70480,38462,70960,1600,via3_1600x480
VSS,met2-met3,STRIPE,via,36862,70480,38462,70960,1600,via2_1600x480
VSS,met1-met2,STRIPE,via,36862,70480,38462,70960,1600,via_1600x480
VSS,met3-met4,STRIPE,via,253248,65040,254848,65520,1600,via3_1600x480
VSS,met2-met3,STRIPE,via,253248,65040,254848,65520,1600,via2_1600x480
VSS,met1-met2,STRIPE,via,253248,65040,254848,65520,1600,via_1600x480
VSS,met3-met4,STRIPE,via,226296,65040,227896,65520,1600,via3_1600x480
VSS,met2-met3,STRIPE,via,226296,65040,227896,65520,1600,via2_1600x480
VSS,met1-met2,STRIPE,via,226296,65040,227896,65520,1600,via_1600x480
VSS,met3-met4,STRIPE,via,199179,65040,200779,65520,1600,via3_1600x480
VSS,met2-met3,STRIPE,via,199179,65040,200779,65520,1600,via2_1600x480
VSS,met1-met2,STRIPE,via,199179,65040,200779,65520,1600,via_1600x480
VSS,met3-met4,STRIPE,via,171663,65040,173263,65520,1600,via3_1600x480
VSS,met2-met3,STRIPE,via,171663,65040,173263,65520,1600,via2_1600x480
VSS,met1-met2,STRIPE,via,171663,65040,173263,65520,1600,via_1600x480
VSS,met3-met4,STRIPE,via,145490,65040,147090,65520,1600,via3_1600x480
VSS,met2-met3,STRIPE,via,145490,65040,147090,65520,1600,via2_1600x480
VSS,met1-met2,STRIPE,via,145490,65040,147090,65520,1600,via_1600x480
VSS,met3-met4,STRIPE,via,117461,65040,119061,65520,1600,via3_1600x480
VSS,met2-met3,STRIPE,via,117461,65040,119061,65520,1600,via2_1600x480
VSS,met1-met2,STRIPE,via,117461,65040,119061,65520,1600,via_1600x480
VSS,met3-met4,STRIPE,via,91252,65040,92852,65520,1600,via3_1600x480
VSS,met2-met3,STRIPE,via,91252,65040,92852,65520,1600,via2_1600x480
VSS,met1-met2,STRIPE,via,91252,65040,92852,65520,1600,via_1600x480
VSS,met3-met4,STRIPE,via,63269,65040,64869,65520,1600,via3_1600x480
VSS,met2-met3,STRIPE,via,63269,65040,64869,65520,1600,via2_1600x480
VSS,met1-met2,STRIPE,via,63269,65040,64869,65520,1600,via_1600x480
VSS,met3-met4,STRIPE,via,36862,65040,38462,65520,1600,via3_1600x480
VSS,met2-met3,STRIPE,via,36862,65040,38462,65520,1600,via2_1600x480
VSS,met1-met2,STRIPE,via,36862,65040,38462,65520,1600,via_1600x480
VSS,met3-met4,STRIPE,via,253248,59600,254848,60080,1600,via3_1600x480
VSS,met2-met3,STRIPE,via,253248,59600,254848,60080,1600,via2_1600x480
VSS,met1-met2,STRIPE,via,253248,59600,254848,60080,1600,via_1600x480
VSS,met3-met4,STRIPE,via,226296,59600,227896,60080,1600,via3_1600x480
VSS,met2-met3,STRIPE,via,226296,59600,227896,60080,1600,via2_1600x480
VSS,met1-met2,STRIPE,via,226296,59600,227896,60080,1600,via_1600x480
VSS,met3-met4,STRIPE,via,199179,59600,200779,60080,1600,via3_1600x480
VSS,met2-met3,STRIPE,via,199179,59600,200779,60080,1600,via2_1600x480
VSS,met1-met2,STRIPE,via,199179,59600,200779,60080,1600,via_1600x480
VSS,met3-met4,STRIPE,via,171663,59600,173263,60080,1600,via3_1600x480
VSS,met2-met3,STRIPE,via,171663,59600,173263,60080,1600,via2_1600x480
VSS,met1-met2,STRIPE,via,171663,59600,173263,60080,1600,via_1600x480
VSS,met3-met4,STRIPE,via,145490,59600,147090,60080,1600,via3_1600x480
VSS,met2-met3,STRIPE,via,145490,59600,147090,60080,1600,via2_1600x480
VSS,met1-met2,STRIPE,via,145490,59600,147090,60080,1600,via_1600x480
VSS,met3-met4,STRIPE,via,117461,59600,119061,60080,1600,via3_1600x480
VSS,met2-met3,STRIPE,via,117461,59600,119061,60080,1600,via2_1600x480
VSS,met1-met2,STRIPE,via,117461,59600,119061,60080,1600,via_1600x480
VSS,met3-met4,STRIPE,via,91252,59600,92852,60080,1600,via3_1600x480
VSS,met2-met3,STRIPE,via,91252,59600,92852,60080,1600,via2_1600x480
VSS,met1-met2,STRIPE,via,91252,59600,92852,60080,1600,via_1600x480
VSS,met3-met4,STRIPE,via,63269,59600,64869,60080,1600,via3_1600x480
VSS,met2-met3,STRIPE,via,63269,59600,64869,60080,1600,via2_1600x480
VSS,met1-met2,STRIPE,via,63269,59600,64869,60080,1600,via_1600x480
VSS,met3-met4,STRIPE,via,36862,59600,38462,60080,1600,via3_1600x480
VSS,met2-met3,STRIPE,via,36862,59600,38462,60080,1600,via2_1600x480
VSS,met1-met2,STRIPE,via,36862,59600,38462,60080,1600,via_1600x480
VSS,met3-met4,STRIPE,via,253248,54160,254848,54640,1600,via3_1600x480
VSS,met2-met3,STRIPE,via,253248,54160,254848,54640,1600,via2_1600x480
VSS,met1-met2,STRIPE,via,253248,54160,254848,54640,1600,via_1600x480
VSS,met3-met4,STRIPE,via,226296,54160,227896,54640,1600,via3_1600x480
VSS,met2-met3,STRIPE,via,226296,54160,227896,54640,1600,via2_1600x480
VSS,met1-met2,STRIPE,via,226296,54160,227896,54640,1600,via_1600x480
VSS,met3-met4,STRIPE,via,199179,54160,200779,54640,1600,via3_1600x480
VSS,met2-met3,STRIPE,via,199179,54160,200779,54640,1600,via2_1600x480
VSS,met1-met2,STRIPE,via,199179,54160,200779,54640,1600,via_1600x480
VSS,met3-met4,STRIPE,via,171663,54160,173263,54640,1600,via3_1600x480
VSS,met2-met3,STRIPE,via,171663,54160,173263,54640,1600,via2_1600x480
VSS,met1-met2,STRIPE,via,171663,54160,173263,54640,1600,via_1600x480
VSS,met3-met4,STRIPE,via,145490,54160,147090,54640,1600,via3_1600x480
VSS,met2-met3,STRIPE,via,145490,54160,147090,54640,1600,via2_1600x480
VSS,met1-met2,STRIPE,via,145490,54160,147090,54640,1600,via_1600x480
VSS,met3-met4,STRIPE,via,117461,54160,119061,54640,1600,via3_1600x480
VSS,met2-met3,STRIPE,via,117461,54160,119061,54640,1600,via2_1600x480
VSS,met1-met2,STRIPE,via,117461,54160,119061,54640,1600,via_1600x480
VSS,met3-met4,STRIPE,via,91252,54160,92852,54640,1600,via3_1600x480
VSS,met2-met3,STRIPE,via,91252,54160,92852,54640,1600,via2_1600x480
VSS,met1-met2,STRIPE,via,91252,54160,92852,54640,1600,via_1600x480
VSS,met3-met4,STRIPE,via,63269,54160,64869,54640,1600,via3_1600x480
VSS,met2-met3,STRIPE,via,63269,54160,64869,54640,1600,via2_1600x480
VSS,met1-met2,STRIPE,via,63269,54160,64869,54640,1600,via_1600x480
VSS,met3-met4,STRIPE,via,36862,54160,38462,54640,1600,via3_1600x480
VSS,met2-met3,STRIPE,via,36862,54160,38462,54640,1600,via2_1600x480
VSS,met1-met2,STRIPE,via,36862,54160,38462,54640,1600,via_1600x480
VSS,met3-met4,STRIPE,via,253248,48720,254848,49200,1600,via3_1600x480
VSS,met2-met3,STRIPE,via,253248,48720,254848,49200,1600,via2_1600x480
VSS,met1-met2,STRIPE,via,253248,48720,254848,49200,1600,via_1600x480
VSS,met3-met4,STRIPE,via,226296,48720,227896,49200,1600,via3_1600x480
VSS,met2-met3,STRIPE,via,226296,48720,227896,49200,1600,via2_1600x480
VSS,met1-met2,STRIPE,via,226296,48720,227896,49200,1600,via_1600x480
VSS,met3-met4,STRIPE,via,199179,48720,200779,49200,1600,via3_1600x480
VSS,met2-met3,STRIPE,via,199179,48720,200779,49200,1600,via2_1600x480
VSS,met1-met2,STRIPE,via,199179,48720,200779,49200,1600,via_1600x480
VSS,met3-met4,STRIPE,via,171663,48720,173263,49200,1600,via3_1600x480
VSS,met2-met3,STRIPE,via,171663,48720,173263,49200,1600,via2_1600x480
VSS,met1-met2,STRIPE,via,171663,48720,173263,49200,1600,via_1600x480
VSS,met3-met4,STRIPE,via,145490,48720,147090,49200,1600,via3_1600x480
VSS,met2-met3,STRIPE,via,145490,48720,147090,49200,1600,via2_1600x480
VSS,met1-met2,STRIPE,via,145490,48720,147090,49200,1600,via_1600x480
VSS,met3-met4,STRIPE,via,117461,48720,119061,49200,1600,via3_1600x480
VSS,met2-met3,STRIPE,via,117461,48720,119061,49200,1600,via2_1600x480
VSS,met1-met2,STRIPE,via,117461,48720,119061,49200,1600,via_1600x480
VSS,met3-met4,STRIPE,via,91252,48720,92852,49200,1600,via3_1600x480
VSS,met2-met3,STRIPE,via,91252,48720,92852,49200,1600,via2_1600x480
VSS,met1-met2,STRIPE,via,91252,48720,92852,49200,1600,via_1600x480
VSS,met3-met4,STRIPE,via,63269,48720,64869,49200,1600,via3_1600x480
VSS,met2-met3,STRIPE,via,63269,48720,64869,49200,1600,via2_1600x480
VSS,met1-met2,STRIPE,via,63269,48720,64869,49200,1600,via_1600x480
VSS,met3-met4,STRIPE,via,36862,48720,38462,49200,1600,via3_1600x480
VSS,met2-met3,STRIPE,via,36862,48720,38462,49200,1600,via2_1600x480
VSS,met1-met2,STRIPE,via,36862,48720,38462,49200,1600,via_1600x480
VSS,met3-met4,STRIPE,via,253248,43280,254848,43760,1600,via3_1600x480
VSS,met2-met3,STRIPE,via,253248,43280,254848,43760,1600,via2_1600x480
VSS,met1-met2,STRIPE,via,253248,43280,254848,43760,1600,via_1600x480
VSS,met3-met4,STRIPE,via,226296,43280,227896,43760,1600,via3_1600x480
VSS,met2-met3,STRIPE,via,226296,43280,227896,43760,1600,via2_1600x480
VSS,met1-met2,STRIPE,via,226296,43280,227896,43760,1600,via_1600x480
VSS,met3-met4,STRIPE,via,199179,43280,200779,43760,1600,via3_1600x480
VSS,met2-met3,STRIPE,via,199179,43280,200779,43760,1600,via2_1600x480
VSS,met1-met2,STRIPE,via,199179,43280,200779,43760,1600,via_1600x480
VSS,met3-met4,STRIPE,via,171663,43280,173263,43760,1600,via3_1600x480
VSS,met2-met3,STRIPE,via,171663,43280,173263,43760,1600,via2_1600x480
VSS,met1-met2,STRIPE,via,171663,43280,173263,43760,1600,via_1600x480
VSS,met3-met4,STRIPE,via,145490,43280,147090,43760,1600,via3_1600x480
VSS,met2-met3,STRIPE,via,145490,43280,147090,43760,1600,via2_1600x480
VSS,met1-met2,STRIPE,via,145490,43280,147090,43760,1600,via_1600x480
VSS,met3-met4,STRIPE,via,117461,43280,119061,43760,1600,via3_1600x480
VSS,met2-met3,STRIPE,via,117461,43280,119061,43760,1600,via2_1600x480
VSS,met1-met2,STRIPE,via,117461,43280,119061,43760,1600,via_1600x480
VSS,met3-met4,STRIPE,via,91252,43280,92852,43760,1600,via3_1600x480
VSS,met2-met3,STRIPE,via,91252,43280,92852,43760,1600,via2_1600x480
VSS,met1-met2,STRIPE,via,91252,43280,92852,43760,1600,via_1600x480
VSS,met3-met4,STRIPE,via,63269,43280,64869,43760,1600,via3_1600x480
VSS,met2-met3,STRIPE,via,63269,43280,64869,43760,1600,via2_1600x480
VSS,met1-met2,STRIPE,via,63269,43280,64869,43760,1600,via_1600x480
VSS,met3-met4,STRIPE,via,36862,43280,38462,43760,1600,via3_1600x480
VSS,met2-met3,STRIPE,via,36862,43280,38462,43760,1600,via2_1600x480
VSS,met1-met2,STRIPE,via,36862,43280,38462,43760,1600,via_1600x480
VSS,met3-met4,STRIPE,via,253248,37840,254848,38320,1600,via3_1600x480
VSS,met2-met3,STRIPE,via,253248,37840,254848,38320,1600,via2_1600x480
VSS,met1-met2,STRIPE,via,253248,37840,254848,38320,1600,via_1600x480
VSS,met3-met4,STRIPE,via,226296,37840,227896,38320,1600,via3_1600x480
VSS,met2-met3,STRIPE,via,226296,37840,227896,38320,1600,via2_1600x480
VSS,met1-met2,STRIPE,via,226296,37840,227896,38320,1600,via_1600x480
VSS,met3-met4,STRIPE,via,199179,37840,200779,38320,1600,via3_1600x480
VSS,met2-met3,STRIPE,via,199179,37840,200779,38320,1600,via2_1600x480
VSS,met1-met2,STRIPE,via,199179,37840,200779,38320,1600,via_1600x480
VSS,met3-met4,STRIPE,via,171663,37840,173263,38320,1600,via3_1600x480
VSS,met2-met3,STRIPE,via,171663,37840,173263,38320,1600,via2_1600x480
VSS,met1-met2,STRIPE,via,171663,37840,173263,38320,1600,via_1600x480
VSS,met3-met4,STRIPE,via,145490,37840,147090,38320,1600,via3_1600x480
VSS,met2-met3,STRIPE,via,145490,37840,147090,38320,1600,via2_1600x480
VSS,met1-met2,STRIPE,via,145490,37840,147090,38320,1600,via_1600x480
VSS,met3-met4,STRIPE,via,117461,37840,119061,38320,1600,via3_1600x480
VSS,met2-met3,STRIPE,via,117461,37840,119061,38320,1600,via2_1600x480
VSS,met1-met2,STRIPE,via,117461,37840,119061,38320,1600,via_1600x480
VSS,met3-met4,STRIPE,via,91252,37840,92852,38320,1600,via3_1600x480
VSS,met2-met3,STRIPE,via,91252,37840,92852,38320,1600,via2_1600x480
VSS,met1-met2,STRIPE,via,91252,37840,92852,38320,1600,via_1600x480
VSS,met3-met4,STRIPE,via,63269,37840,64869,38320,1600,via3_1600x480
VSS,met2-met3,STRIPE,via,63269,37840,64869,38320,1600,via2_1600x480
VSS,met1-met2,STRIPE,via,63269,37840,64869,38320,1600,via_1600x480
VSS,met3-met4,STRIPE,via,36862,37840,38462,38320,1600,via3_1600x480
VSS,met2-met3,STRIPE,via,36862,37840,38462,38320,1600,via2_1600x480
VSS,met1-met2,STRIPE,via,36862,37840,38462,38320,1600,via_1600x480
VSS,met3-met4,STRIPE,via,253248,32400,254848,32880,1600,via3_1600x480
VSS,met2-met3,STRIPE,via,253248,32400,254848,32880,1600,via2_1600x480
VSS,met1-met2,STRIPE,via,253248,32400,254848,32880,1600,via_1600x480
VSS,met3-met4,STRIPE,via,226296,32400,227896,32880,1600,via3_1600x480
VSS,met2-met3,STRIPE,via,226296,32400,227896,32880,1600,via2_1600x480
VSS,met1-met2,STRIPE,via,226296,32400,227896,32880,1600,via_1600x480
VSS,met3-met4,STRIPE,via,199179,32400,200779,32880,1600,via3_1600x480
VSS,met2-met3,STRIPE,via,199179,32400,200779,32880,1600,via2_1600x480
VSS,met1-met2,STRIPE,via,199179,32400,200779,32880,1600,via_1600x480
VSS,met3-met4,STRIPE,via,171663,32400,173263,32880,1600,via3_1600x480
VSS,met2-met3,STRIPE,via,171663,32400,173263,32880,1600,via2_1600x480
VSS,met1-met2,STRIPE,via,171663,32400,173263,32880,1600,via_1600x480
VSS,met3-met4,STRIPE,via,145490,32400,147090,32880,1600,via3_1600x480
VSS,met2-met3,STRIPE,via,145490,32400,147090,32880,1600,via2_1600x480
VSS,met1-met2,STRIPE,via,145490,32400,147090,32880,1600,via_1600x480
VSS,met3-met4,STRIPE,via,117461,32400,119061,32880,1600,via3_1600x480
VSS,met2-met3,STRIPE,via,117461,32400,119061,32880,1600,via2_1600x480
VSS,met1-met2,STRIPE,via,117461,32400,119061,32880,1600,via_1600x480
VSS,met3-met4,STRIPE,via,91252,32400,92852,32880,1600,via3_1600x480
VSS,met2-met3,STRIPE,via,91252,32400,92852,32880,1600,via2_1600x480
VSS,met1-met2,STRIPE,via,91252,32400,92852,32880,1600,via_1600x480
VSS,met3-met4,STRIPE,via,63269,32400,64869,32880,1600,via3_1600x480
VSS,met2-met3,STRIPE,via,63269,32400,64869,32880,1600,via2_1600x480
VSS,met1-met2,STRIPE,via,63269,32400,64869,32880,1600,via_1600x480
VSS,met3-met4,STRIPE,via,36862,32400,38462,32880,1600,via3_1600x480
VSS,met2-met3,STRIPE,via,36862,32400,38462,32880,1600,via2_1600x480
VSS,met1-met2,STRIPE,via,36862,32400,38462,32880,1600,via_1600x480
VSS,met3-met4,STRIPE,via,253248,26960,254848,27440,1600,via3_1600x480
VSS,met2-met3,STRIPE,via,253248,26960,254848,27440,1600,via2_1600x480
VSS,met1-met2,STRIPE,via,253248,26960,254848,27440,1600,via_1600x480
VSS,met3-met4,STRIPE,via,226296,26960,227896,27440,1600,via3_1600x480
VSS,met2-met3,STRIPE,via,226296,26960,227896,27440,1600,via2_1600x480
VSS,met1-met2,STRIPE,via,226296,26960,227896,27440,1600,via_1600x480
VSS,met3-met4,STRIPE,via,199179,26960,200779,27440,1600,via3_1600x480
VSS,met2-met3,STRIPE,via,199179,26960,200779,27440,1600,via2_1600x480
VSS,met1-met2,STRIPE,via,199179,26960,200779,27440,1600,via_1600x480
VSS,met3-met4,STRIPE,via,171663,26960,173263,27440,1600,via3_1600x480
VSS,met2-met3,STRIPE,via,171663,26960,173263,27440,1600,via2_1600x480
VSS,met1-met2,STRIPE,via,171663,26960,173263,27440,1600,via_1600x480
VSS,met3-met4,STRIPE,via,145490,26960,147090,27440,1600,via3_1600x480
VSS,met2-met3,STRIPE,via,145490,26960,147090,27440,1600,via2_1600x480
VSS,met1-met2,STRIPE,via,145490,26960,147090,27440,1600,via_1600x480
VSS,met3-met4,STRIPE,via,117461,26960,119061,27440,1600,via3_1600x480
VSS,met2-met3,STRIPE,via,117461,26960,119061,27440,1600,via2_1600x480
VSS,met1-met2,STRIPE,via,117461,26960,119061,27440,1600,via_1600x480
VSS,met3-met4,STRIPE,via,91252,26960,92852,27440,1600,via3_1600x480
VSS,met2-met3,STRIPE,via,91252,26960,92852,27440,1600,via2_1600x480
VSS,met1-met2,STRIPE,via,91252,26960,92852,27440,1600,via_1600x480
VSS,met3-met4,STRIPE,via,63269,26960,64869,27440,1600,via3_1600x480
VSS,met2-met3,STRIPE,via,63269,26960,64869,27440,1600,via2_1600x480
VSS,met1-met2,STRIPE,via,63269,26960,64869,27440,1600,via_1600x480
VSS,met3-met4,STRIPE,via,36862,26960,38462,27440,1600,via3_1600x480
VSS,met2-met3,STRIPE,via,36862,26960,38462,27440,1600,via2_1600x480
VSS,met1-met2,STRIPE,via,36862,26960,38462,27440,1600,via_1600x480
VSS,met3-met4,STRIPE,via,253248,21520,254848,22000,1600,via3_1600x480
VSS,met2-met3,STRIPE,via,253248,21520,254848,22000,1600,via2_1600x480
VSS,met1-met2,STRIPE,via,253248,21520,254848,22000,1600,via_1600x480
VSS,met3-met4,STRIPE,via,226296,21520,227896,22000,1600,via3_1600x480
VSS,met2-met3,STRIPE,via,226296,21520,227896,22000,1600,via2_1600x480
VSS,met1-met2,STRIPE,via,226296,21520,227896,22000,1600,via_1600x480
VSS,met3-met4,STRIPE,via,199179,21520,200779,22000,1600,via3_1600x480
VSS,met2-met3,STRIPE,via,199179,21520,200779,22000,1600,via2_1600x480
VSS,met1-met2,STRIPE,via,199179,21520,200779,22000,1600,via_1600x480
VSS,met3-met4,STRIPE,via,171663,21520,173263,22000,1600,via3_1600x480
VSS,met2-met3,STRIPE,via,171663,21520,173263,22000,1600,via2_1600x480
VSS,met1-met2,STRIPE,via,171663,21520,173263,22000,1600,via_1600x480
VSS,met3-met4,STRIPE,via,145490,21520,147090,22000,1600,via3_1600x480
VSS,met2-met3,STRIPE,via,145490,21520,147090,22000,1600,via2_1600x480
VSS,met1-met2,STRIPE,via,145490,21520,147090,22000,1600,via_1600x480
VSS,met3-met4,STRIPE,via,117461,21520,119061,22000,1600,via3_1600x480
VSS,met2-met3,STRIPE,via,117461,21520,119061,22000,1600,via2_1600x480
VSS,met1-met2,STRIPE,via,117461,21520,119061,22000,1600,via_1600x480
VSS,met3-met4,STRIPE,via,91252,21520,92852,22000,1600,via3_1600x480
VSS,met2-met3,STRIPE,via,91252,21520,92852,22000,1600,via2_1600x480
VSS,met1-met2,STRIPE,via,91252,21520,92852,22000,1600,via_1600x480
VSS,met3-met4,STRIPE,via,63269,21520,64869,22000,1600,via3_1600x480
VSS,met2-met3,STRIPE,via,63269,21520,64869,22000,1600,via2_1600x480
VSS,met1-met2,STRIPE,via,63269,21520,64869,22000,1600,via_1600x480
VSS,met3-met4,STRIPE,via,36862,21520,38462,22000,1600,via3_1600x480
VSS,met2-met3,STRIPE,via,36862,21520,38462,22000,1600,via2_1600x480
VSS,met1-met2,STRIPE,via,36862,21520,38462,22000,1600,via_1600x480
VSS,met3-met4,STRIPE,via,253248,16080,254848,16560,1600,via3_1600x480
VSS,met2-met3,STRIPE,via,253248,16080,254848,16560,1600,via2_1600x480
VSS,met1-met2,STRIPE,via,253248,16080,254848,16560,1600,via_1600x480
VSS,met3-met4,STRIPE,via,226296,16080,227896,16560,1600,via3_1600x480
VSS,met2-met3,STRIPE,via,226296,16080,227896,16560,1600,via2_1600x480
VSS,met1-met2,STRIPE,via,226296,16080,227896,16560,1600,via_1600x480
VSS,met3-met4,STRIPE,via,199179,16080,200779,16560,1600,via3_1600x480
VSS,met2-met3,STRIPE,via,199179,16080,200779,16560,1600,via2_1600x480
VSS,met1-met2,STRIPE,via,199179,16080,200779,16560,1600,via_1600x480
VSS,met3-met4,STRIPE,via,171663,16080,173263,16560,1600,via3_1600x480
VSS,met2-met3,STRIPE,via,171663,16080,173263,16560,1600,via2_1600x480
VSS,met1-met2,STRIPE,via,171663,16080,173263,16560,1600,via_1600x480
VSS,met3-met4,STRIPE,via,145490,16080,147090,16560,1600,via3_1600x480
VSS,met2-met3,STRIPE,via,145490,16080,147090,16560,1600,via2_1600x480
VSS,met1-met2,STRIPE,via,145490,16080,147090,16560,1600,via_1600x480
VSS,met3-met4,STRIPE,via,117461,16080,119061,16560,1600,via3_1600x480
VSS,met2-met3,STRIPE,via,117461,16080,119061,16560,1600,via2_1600x480
VSS,met1-met2,STRIPE,via,117461,16080,119061,16560,1600,via_1600x480
VSS,met3-met4,STRIPE,via,91252,16080,92852,16560,1600,via3_1600x480
VSS,met2-met3,STRIPE,via,91252,16080,92852,16560,1600,via2_1600x480
VSS,met1-met2,STRIPE,via,91252,16080,92852,16560,1600,via_1600x480
VSS,met3-met4,STRIPE,via,63269,16080,64869,16560,1600,via3_1600x480
VSS,met2-met3,STRIPE,via,63269,16080,64869,16560,1600,via2_1600x480
VSS,met1-met2,STRIPE,via,63269,16080,64869,16560,1600,via_1600x480
VSS,met3-met4,STRIPE,via,36862,16080,38462,16560,1600,via3_1600x480
VSS,met2-met3,STRIPE,via,36862,16080,38462,16560,1600,via2_1600x480
VSS,met1-met2,STRIPE,via,36862,16080,38462,16560,1600,via_1600x480
VSS,met3-met4,STRIPE,via,253248,10640,254848,11120,1600,via3_1600x480
VSS,met2-met3,STRIPE,via,253248,10640,254848,11120,1600,via2_1600x480
VSS,met1-met2,STRIPE,via,253248,10640,254848,11120,1600,via_1600x480
VSS,met3-met4,STRIPE,via,226296,10640,227896,11120,1600,via3_1600x480
VSS,met2-met3,STRIPE,via,226296,10640,227896,11120,1600,via2_1600x480
VSS,met1-met2,STRIPE,via,226296,10640,227896,11120,1600,via_1600x480
VSS,met3-met4,STRIPE,via,199179,10640,200779,11120,1600,via3_1600x480
VSS,met2-met3,STRIPE,via,199179,10640,200779,11120,1600,via2_1600x480
VSS,met1-met2,STRIPE,via,199179,10640,200779,11120,1600,via_1600x480
VSS,met3-met4,STRIPE,via,171663,10640,173263,11120,1600,via3_1600x480
VSS,met2-met3,STRIPE,via,171663,10640,173263,11120,1600,via2_1600x480
VSS,met1-met2,STRIPE,via,171663,10640,173263,11120,1600,via_1600x480
VSS,met3-met4,STRIPE,via,145490,10640,147090,11120,1600,via3_1600x480
VSS,met2-met3,STRIPE,via,145490,10640,147090,11120,1600,via2_1600x480
VSS,met1-met2,STRIPE,via,145490,10640,147090,11120,1600,via_1600x480
VSS,met3-met4,STRIPE,via,117461,10640,119061,11120,1600,via3_1600x480
VSS,met2-met3,STRIPE,via,117461,10640,119061,11120,1600,via2_1600x480
VSS,met1-met2,STRIPE,via,117461,10640,119061,11120,1600,via_1600x480
VSS,met3-met4,STRIPE,via,91252,10640,92852,11120,1600,via3_1600x480
VSS,met2-met3,STRIPE,via,91252,10640,92852,11120,1600,via2_1600x480
VSS,met1-met2,STRIPE,via,91252,10640,92852,11120,1600,via_1600x480
VSS,met3-met4,STRIPE,via,63269,10640,64869,11120,1600,via3_1600x480
VSS,met2-met3,STRIPE,via,63269,10640,64869,11120,1600,via2_1600x480
VSS,met1-met2,STRIPE,via,63269,10640,64869,11120,1600,via_1600x480
VSS,met3-met4,STRIPE,via,36862,10640,38462,11120,1600,via3_1600x480
VSS,met2-met3,STRIPE,via,36862,10640,38462,11120,1600,via2_1600x480
VSS,met1-met2,STRIPE,via,36862,10640,38462,11120,1600,via_1600x480
VSS,met5,STRIPE,wire,10120,254640,269560,256240,1600,
VSS,met5,STRIPE,wire,10120,227440,269560,229040,1600,
VSS,met5,STRIPE,wire,10120,200240,269560,201840,1600,
VSS,met5,STRIPE,wire,10120,173040,269560,174640,1600,
VSS,met5,STRIPE,wire,10120,145840,269560,147440,1600,
VSS,met5,STRIPE,wire,10120,118640,269560,120240,1600,
VSS,met5,STRIPE,wire,10120,91440,269560,93040,1600,
VSS,met5,STRIPE,wire,10120,64240,269560,65840,1600,
VSS,met5,STRIPE,wire,10120,37040,269560,38640,1600,
VSS,met4,STRIPE,wire,253248,10640,254848,269520,1600,
VSS,met4,STRIPE,wire,226296,10640,227896,269520,1600,
VSS,met4,STRIPE,wire,199179,10640,200779,269520,1600,
VSS,met4,STRIPE,wire,171663,10640,173263,269520,1600,
VSS,met4,STRIPE,wire,145490,10640,147090,269520,1600,
VSS,met4,STRIPE,wire,117461,10640,119061,269520,1600,
VSS,met4,STRIPE,wire,91252,10640,92852,269520,1600,
VSS,met4,STRIPE,wire,63269,10640,64869,269520,1600,
VSS,met4,STRIPE,wire,36862,10640,38462,269520,1600,
VSS,met1,FOLLOWPIN,wire,10120,266320,269560,266800,480,
VSS,met1,FOLLOWPIN,wire,10120,260880,269560,261360,480,
VSS,met1,FOLLOWPIN,wire,10120,255440,269560,255920,480,
VSS,met1,FOLLOWPIN,wire,10120,250000,269560,250480,480,
VSS,met1,FOLLOWPIN,wire,10120,244560,269560,245040,480,
VSS,met1,FOLLOWPIN,wire,10120,239120,269560,239600,480,
VSS,met1,FOLLOWPIN,wire,10120,233680,269560,234160,480,
VSS,met1,FOLLOWPIN,wire,10120,228240,269560,228720,480,
VSS,met1,FOLLOWPIN,wire,10120,222800,269560,223280,480,
VSS,met1,FOLLOWPIN,wire,10120,217360,269560,217840,480,
VSS,met1,FOLLOWPIN,wire,10120,211920,269560,212400,480,
VSS,met1,FOLLOWPIN,wire,10120,206480,269560,206960,480,
VSS,met1,FOLLOWPIN,wire,10120,201040,269560,201520,480,
VSS,met1,FOLLOWPIN,wire,10120,195600,269560,196080,480,
VSS,met1,FOLLOWPIN,wire,10120,190160,269560,190640,480,
VSS,met1,FOLLOWPIN,wire,10120,184720,269560,185200,480,
VSS,met1,FOLLOWPIN,wire,10120,179280,269560,179760,480,
VSS,met1,FOLLOWPIN,wire,10120,173840,269560,174320,480,
VSS,met1,FOLLOWPIN,wire,10120,168400,269560,168880,480,
VSS,met1,FOLLOWPIN,wire,10120,162960,269560,163440,480,
VSS,met1,FOLLOWPIN,wire,10120,157520,269560,158000,480,
VSS,met1,FOLLOWPIN,wire,10120,152080,269560,152560,480,
VSS,met1,FOLLOWPIN,wire,10120,146640,269560,147120,480,
VSS,met1,FOLLOWPIN,wire,10120,141200,269560,141680,480,
VSS,met1,FOLLOWPIN,wire,10120,135760,269560,136240,480,
VSS,met1,FOLLOWPIN,wire,10120,130320,269560,130800,480,
VSS,met1,FOLLOWPIN,wire,10120,124880,269560,125360,480,
VSS,met1,FOLLOWPIN,wire,10120,119440,269560,119920,480,
VSS,met1,FOLLOWPIN,wire,10120,114000,269560,114480,480,
VSS,met1,FOLLOWPIN,wire,10120,108560,269560,109040,480,
VSS,met1,FOLLOWPIN,wire,10120,103120,269560,103600,480,
VSS,met1,FOLLOWPIN,wire,10120,97680,269560,98160,480,
VSS,met1,FOLLOWPIN,wire,10120,92240,269560,92720,480,
VSS,met1,FOLLOWPIN,wire,10120,86800,269560,87280,480,
VSS,met1,FOLLOWPIN,wire,10120,81360,269560,81840,480,
VSS,met1,FOLLOWPIN,wire,10120,75920,269560,76400,480,
VSS,met1,FOLLOWPIN,wire,10120,70480,269560,70960,480,
VSS,met1,FOLLOWPIN,wire,10120,65040,269560,65520,480,
VSS,met1,FOLLOWPIN,wire,10120,59600,269560,60080,480,
VSS,met1,FOLLOWPIN,wire,10120,54160,269560,54640,480,
VSS,met1,FOLLOWPIN,wire,10120,48720,269560,49200,480,
VSS,met1,FOLLOWPIN,wire,10120,43280,269560,43760,480,
VSS,met1,FOLLOWPIN,wire,10120,37840,269560,38320,480,
VSS,met1,FOLLOWPIN,wire,10120,32400,269560,32880,480,
VSS,met1,FOLLOWPIN,wire,10120,26960,269560,27440,480,
VSS,met1,FOLLOWPIN,wire,10120,21520,269560,22000,480,
VSS,met1,FOLLOWPIN,wire,10120,16080,269560,16560,480,
VSS,met1,FOLLOWPIN,wire,10120,10640,269560,11120,480,
VDD,met4-met5,STRIPE,via,267383,241040,268983,242640,1600,via4_1600x1600
VDD,met4-met5,STRIPE,via,240119,241040,241719,242640,1600,via4_1600x1600
VDD,met4-met5,STRIPE,via,212508,241040,214108,242640,1600,via4_1600x1600
VDD,met4-met5,STRIPE,via,185545,241040,187145,242640,1600,via4_1600x1600
VDD,met4-met5,STRIPE,via,158974,241040,160574,242640,1600,via4_1600x1600
VDD,met4-met5,STRIPE,via,131405,241040,133005,242640,1600,via4_1600x1600
VDD,met4-met5,STRIPE,via,104411,241040,106011,242640,1600,via4_1600x1600
VDD,met4-met5,STRIPE,via,77699,241040,79299,242640,1600,via4_1600x1600
VDD,met4-met5,STRIPE,via,49770,241040,51370,242640,1600,via4_1600x1600
VDD,met4-met5,STRIPE,via,22982,241040,24582,242640,1600,via4_1600x1600
VDD,met4-met5,STRIPE,via,267383,213840,268983,215440,1600,via4_1600x1600
VDD,met4-met5,STRIPE,via,240119,213840,241719,215440,1600,via4_1600x1600
VDD,met4-met5,STRIPE,via,212508,213840,214108,215440,1600,via4_1600x1600
VDD,met4-met5,STRIPE,via,185545,213840,187145,215440,1600,via4_1600x1600
VDD,met4-met5,STRIPE,via,158974,213840,160574,215440,1600,via4_1600x1600
VDD,met4-met5,STRIPE,via,131405,213840,133005,215440,1600,via4_1600x1600
VDD,met4-met5,STRIPE,via,104411,213840,106011,215440,1600,via4_1600x1600
VDD,met4-met5,STRIPE,via,77699,213840,79299,215440,1600,via4_1600x1600
VDD,met4-met5,STRIPE,via,49770,213840,51370,215440,1600,via4_1600x1600
VDD,met4-met5,STRIPE,via,22982,213840,24582,215440,1600,via4_1600x1600
VDD,met4-met5,STRIPE,via,267383,186640,268983,188240,1600,via4_1600x1600
VDD,met4-met5,STRIPE,via,240119,186640,241719,188240,1600,via4_1600x1600
VDD,met4-met5,STRIPE,via,212508,186640,214108,188240,1600,via4_1600x1600
VDD,met4-met5,STRIPE,via,185545,186640,187145,188240,1600,via4_1600x1600
VDD,met4-met5,STRIPE,via,158974,186640,160574,188240,1600,via4_1600x1600
VDD,met4-met5,STRIPE,via,131405,186640,133005,188240,1600,via4_1600x1600
VDD,met4-met5,STRIPE,via,104411,186640,106011,188240,1600,via4_1600x1600
VDD,met4-met5,STRIPE,via,77699,186640,79299,188240,1600,via4_1600x1600
VDD,met4-met5,STRIPE,via,49770,186640,51370,188240,1600,via4_1600x1600
VDD,met4-met5,STRIPE,via,22982,186640,24582,188240,1600,via4_1600x1600
VDD,met4-met5,STRIPE,via,267383,159440,268983,161040,1600,via4_1600x1600
VDD,met4-met5,STRIPE,via,240119,159440,241719,161040,1600,via4_1600x1600
VDD,met4-met5,STRIPE,via,212508,159440,214108,161040,1600,via4_1600x1600
VDD,met4-met5,STRIPE,via,185545,159440,187145,161040,1600,via4_1600x1600
VDD,met4-met5,STRIPE,via,158974,159440,160574,161040,1600,via4_1600x1600
VDD,met4-met5,STRIPE,via,131405,159440,133005,161040,1600,via4_1600x1600
VDD,met4-met5,STRIPE,via,104411,159440,106011,161040,1600,via4_1600x1600
VDD,met4-met5,STRIPE,via,77699,159440,79299,161040,1600,via4_1600x1600
VDD,met4-met5,STRIPE,via,49770,159440,51370,161040,1600,via4_1600x1600
VDD,met4-met5,STRIPE,via,22982,159440,24582,161040,1600,via4_1600x1600
VDD,met4-met5,STRIPE,via,267383,132240,268983,133840,1600,via4_1600x1600
VDD,met4-met5,STRIPE,via,240119,132240,241719,133840,1600,via4_1600x1600
VDD,met4-met5,STRIPE,via,212508,132240,214108,133840,1600,via4_1600x1600
VDD,met4-met5,STRIPE,via,185545,132240,187145,133840,1600,via4_1600x1600
VDD,met4-met5,STRIPE,via,158974,132240,160574,133840,1600,via4_1600x1600
VDD,met4-met5,STRIPE,via,131405,132240,133005,133840,1600,via4_1600x1600
VDD,met4-met5,STRIPE,via,104411,132240,106011,133840,1600,via4_1600x1600
VDD,met4-met5,STRIPE,via,77699,132240,79299,133840,1600,via4_1600x1600
VDD,met4-met5,STRIPE,via,49770,132240,51370,133840,1600,via4_1600x1600
VDD,met4-met5,STRIPE,via,22982,132240,24582,133840,1600,via4_1600x1600
VDD,met4-met5,STRIPE,via,267383,105040,268983,106640,1600,via4_1600x1600
VDD,met4-met5,STRIPE,via,240119,105040,241719,106640,1600,via4_1600x1600
VDD,met4-met5,STRIPE,via,212508,105040,214108,106640,1600,via4_1600x1600
VDD,met4-met5,STRIPE,via,185545,105040,187145,106640,1600,via4_1600x1600
VDD,met4-met5,STRIPE,via,158974,105040,160574,106640,1600,via4_1600x1600
VDD,met4-met5,STRIPE,via,131405,105040,133005,106640,1600,via4_1600x1600
VDD,met4-met5,STRIPE,via,104411,105040,106011,106640,1600,via4_1600x1600
VDD,met4-met5,STRIPE,via,77699,105040,79299,106640,1600,via4_1600x1600
VDD,met4-met5,STRIPE,via,49770,105040,51370,106640,1600,via4_1600x1600
VDD,met4-met5,STRIPE,via,22982,105040,24582,106640,1600,via4_1600x1600
VDD,met4-met5,STRIPE,via,267383,77840,268983,79440,1600,via4_1600x1600
VDD,met4-met5,STRIPE,via,240119,77840,241719,79440,1600,via4_1600x1600
VDD,met4-met5,STRIPE,via,212508,77840,214108,79440,1600,via4_1600x1600
VDD,met4-met5,STRIPE,via,185545,77840,187145,79440,1600,via4_1600x1600
VDD,met4-met5,STRIPE,via,158974,77840,160574,79440,1600,via4_1600x1600
VDD,met4-met5,STRIPE,via,131405,77840,133005,79440,1600,via4_1600x1600
VDD,met4-met5,STRIPE,via,104411,77840,106011,79440,1600,via4_1600x1600
VDD,met4-met5,STRIPE,via,77699,77840,79299,79440,1600,via4_1600x1600
VDD,met4-met5,STRIPE,via,49770,77840,51370,79440,1600,via4_1600x1600
VDD,met4-met5,STRIPE,via,22982,77840,24582,79440,1600,via4_1600x1600
VDD,met4-met5,STRIPE,via,267383,50640,268983,52240,1600,via4_1600x1600
VDD,met4-met5,STRIPE,via,240119,50640,241719,52240,1600,via4_1600x1600
VDD,met4-met5,STRIPE,via,212508,50640,214108,52240,1600,via4_1600x1600
VDD,met4-met5,STRIPE,via,185545,50640,187145,52240,1600,via4_1600x1600
VDD,met4-met5,STRIPE,via,158974,50640,160574,52240,1600,via4_1600x1600
VDD,met4-met5,STRIPE,via,131405,50640,133005,52240,1600,via4_1600x1600
VDD,met4-met5,STRIPE,via,104411,50640,106011,52240,1600,via4_1600x1600
VDD,met4-met5,STRIPE,via,77699,50640,79299,52240,1600,via4_1600x1600
VDD,met4-met5,STRIPE,via,49770,50640,51370,52240,1600,via4_1600x1600
VDD,met4-met5,STRIPE,via,22982,50640,24582,52240,1600,via4_1600x1600
VDD,met4-met5,STRIPE,via,267383,23440,268983,25040,1600,via4_1600x1600
VDD,met4-met5,STRIPE,via,240119,23440,241719,25040,1600,via4_1600x1600
VDD,met4-met5,STRIPE,via,212508,23440,214108,25040,1600,via4_1600x1600
VDD,met4-met5,STRIPE,via,185545,23440,187145,25040,1600,via4_1600x1600
VDD,met4-met5,STRIPE,via,158974,23440,160574,25040,1600,via4_1600x1600
VDD,met4-met5,STRIPE,via,131405,23440,133005,25040,1600,via4_1600x1600
VDD,met4-met5,STRIPE,via,104411,23440,106011,25040,1600,via4_1600x1600
VDD,met4-met5,STRIPE,via,77699,23440,79299,25040,1600,via4_1600x1600
VDD,met4-met5,STRIPE,via,49770,23440,51370,25040,1600,via4_1600x1600
VDD,met4-met5,STRIPE,via,22982,23440,24582,25040,1600,via4_1600x1600
VDD,met3-met4,STRIPE,via,267383,269040,268983,269520,1600,via3_1600x480
VDD,met2-met3,STRIPE,via,267383,269040,268983,269520,1600,via2_1600x480
VDD,met1-met2,STRIPE,via,267383,269040,268983,269520,1600,via_1600x480
VDD,met3-met4,STRIPE,via,240119,269040,241719,269520,1600,via3_1600x480
VDD,met2-met3,STRIPE,via,240119,269040,241719,269520,1600,via2_1600x480
VDD,met1-met2,STRIPE,via,240119,269040,241719,269520,1600,via_1600x480
VDD,met3-met4,STRIPE,via,212508,269040,214108,269520,1600,via3_1600x480
VDD,met2-met3,STRIPE,via,212508,269040,214108,269520,1600,via2_1600x480
VDD,met1-met2,STRIPE,via,212508,269040,214108,269520,1600,via_1600x480
VDD,met3-met4,STRIPE,via,185545,269040,187145,269520,1600,via3_1600x480
VDD,met2-met3,STRIPE,via,185545,269040,187145,269520,1600,via2_1600x480
VDD,met1-met2,STRIPE,via,185545,269040,187145,269520,1600,via_1600x480
VDD,met3-met4,STRIPE,via,158974,269040,160574,269520,1600,via3_1600x480
VDD,met2-met3,STRIPE,via,158974,269040,160574,269520,1600,via2_1600x480
VDD,met1-met2,STRIPE,via,158974,269040,160574,269520,1600,via_1600x480
VDD,met3-met4,STRIPE,via,131405,269040,133005,269520,1600,via3_1600x480
VDD,met2-met3,STRIPE,via,131405,269040,133005,269520,1600,via2_1600x480
VDD,met1-met2,STRIPE,via,131405,269040,133005,269520,1600,via_1600x480
VDD,met3-met4,STRIPE,via,104411,269040,106011,269520,1600,via3_1600x480
VDD,met2-met3,STRIPE,via,104411,269040,106011,269520,1600,via2_1600x480
VDD,met1-met2,STRIPE,via,104411,269040,106011,269520,1600,via_1600x480
VDD,met3-met4,STRIPE,via,77699,269040,79299,269520,1600,via3_1600x480
VDD,met2-met3,STRIPE,via,77699,269040,79299,269520,1600,via2_1600x480
VDD,met1-met2,STRIPE,via,77699,269040,79299,269520,1600,via_1600x480
VDD,met3-met4,STRIPE,via,49770,269040,51370,269520,1600,via3_1600x480
VDD,met2-met3,STRIPE,via,49770,269040,51370,269520,1600,via2_1600x480
VDD,met1-met2,STRIPE,via,49770,269040,51370,269520,1600,via_1600x480
VDD,met3-met4,STRIPE,via,22982,269040,24582,269520,1600,via3_1600x480
VDD,met2-met3,STRIPE,via,22982,269040,24582,269520,1600,via2_1600x480
VDD,met1-met2,STRIPE,via,22982,269040,24582,269520,1600,via_1600x480
VDD,met3-met4,STRIPE,via,267383,263600,268983,264080,1600,via3_1600x480
VDD,met2-met3,STRIPE,via,267383,263600,268983,264080,1600,via2_1600x480
VDD,met1-met2,STRIPE,via,267383,263600,268983,264080,1600,via_1600x480
VDD,met3-met4,STRIPE,via,240119,263600,241719,264080,1600,via3_1600x480
VDD,met2-met3,STRIPE,via,240119,263600,241719,264080,1600,via2_1600x480
VDD,met1-met2,STRIPE,via,240119,263600,241719,264080,1600,via_1600x480
VDD,met3-met4,STRIPE,via,212508,263600,214108,264080,1600,via3_1600x480
VDD,met2-met3,STRIPE,via,212508,263600,214108,264080,1600,via2_1600x480
VDD,met1-met2,STRIPE,via,212508,263600,214108,264080,1600,via_1600x480
VDD,met3-met4,STRIPE,via,185545,263600,187145,264080,1600,via3_1600x480
VDD,met2-met3,STRIPE,via,185545,263600,187145,264080,1600,via2_1600x480
VDD,met1-met2,STRIPE,via,185545,263600,187145,264080,1600,via_1600x480
VDD,met3-met4,STRIPE,via,158974,263600,160574,264080,1600,via3_1600x480
VDD,met2-met3,STRIPE,via,158974,263600,160574,264080,1600,via2_1600x480
VDD,met1-met2,STRIPE,via,158974,263600,160574,264080,1600,via_1600x480
VDD,met3-met4,STRIPE,via,131405,263600,133005,264080,1600,via3_1600x480
VDD,met2-met3,STRIPE,via,131405,263600,133005,264080,1600,via2_1600x480
VDD,met1-met2,STRIPE,via,131405,263600,133005,264080,1600,via_1600x480
VDD,met3-met4,STRIPE,via,104411,263600,106011,264080,1600,via3_1600x480
VDD,met2-met3,STRIPE,via,104411,263600,106011,264080,1600,via2_1600x480
VDD,met1-met2,STRIPE,via,104411,263600,106011,264080,1600,via_1600x480
VDD,met3-met4,STRIPE,via,77699,263600,79299,264080,1600,via3_1600x480
VDD,met2-met3,STRIPE,via,77699,263600,79299,264080,1600,via2_1600x480
VDD,met1-met2,STRIPE,via,77699,263600,79299,264080,1600,via_1600x480
VDD,met3-met4,STRIPE,via,49770,263600,51370,264080,1600,via3_1600x480
VDD,met2-met3,STRIPE,via,49770,263600,51370,264080,1600,via2_1600x480
VDD,met1-met2,STRIPE,via,49770,263600,51370,264080,1600,via_1600x480
VDD,met3-met4,STRIPE,via,22982,263600,24582,264080,1600,via3_1600x480
VDD,met2-met3,STRIPE,via,22982,263600,24582,264080,1600,via2_1600x480
VDD,met1-met2,STRIPE,via,22982,263600,24582,264080,1600,via_1600x480
VDD,met3-met4,STRIPE,via,267383,258160,268983,258640,1600,via3_1600x480
VDD,met2-met3,STRIPE,via,267383,258160,268983,258640,1600,via2_1600x480
VDD,met1-met2,STRIPE,via,267383,258160,268983,258640,1600,via_1600x480
VDD,met3-met4,STRIPE,via,240119,258160,241719,258640,1600,via3_1600x480
VDD,met2-met3,STRIPE,via,240119,258160,241719,258640,1600,via2_1600x480
VDD,met1-met2,STRIPE,via,240119,258160,241719,258640,1600,via_1600x480
VDD,met3-met4,STRIPE,via,212508,258160,214108,258640,1600,via3_1600x480
VDD,met2-met3,STRIPE,via,212508,258160,214108,258640,1600,via2_1600x480
VDD,met1-met2,STRIPE,via,212508,258160,214108,258640,1600,via_1600x480
VDD,met3-met4,STRIPE,via,185545,258160,187145,258640,1600,via3_1600x480
VDD,met2-met3,STRIPE,via,185545,258160,187145,258640,1600,via2_1600x480
VDD,met1-met2,STRIPE,via,185545,258160,187145,258640,1600,via_1600x480
VDD,met3-met4,STRIPE,via,158974,258160,160574,258640,1600,via3_1600x480
VDD,met2-met3,STRIPE,via,158974,258160,160574,258640,1600,via2_1600x480
VDD,met1-met2,STRIPE,via,158974,258160,160574,258640,1600,via_1600x480
VDD,met3-met4,STRIPE,via,131405,258160,133005,258640,1600,via3_1600x480
VDD,met2-met3,STRIPE,via,131405,258160,133005,258640,1600,via2_1600x480
VDD,met1-met2,STRIPE,via,131405,258160,133005,258640,1600,via_1600x480
VDD,met3-met4,STRIPE,via,104411,258160,106011,258640,1600,via3_1600x480
VDD,met2-met3,STRIPE,via,104411,258160,106011,258640,1600,via2_1600x480
VDD,met1-met2,STRIPE,via,104411,258160,106011,258640,1600,via_1600x480
VDD,met3-met4,STRIPE,via,77699,258160,79299,258640,1600,via3_1600x480
VDD,met2-met3,STRIPE,via,77699,258160,79299,258640,1600,via2_1600x480
VDD,met1-met2,STRIPE,via,77699,258160,79299,258640,1600,via_1600x480
VDD,met3-met4,STRIPE,via,49770,258160,51370,258640,1600,via3_1600x480
VDD,met2-met3,STRIPE,via,49770,258160,51370,258640,1600,via2_1600x480
VDD,met1-met2,STRIPE,via,49770,258160,51370,258640,1600,via_1600x480
VDD,met3-met4,STRIPE,via,22982,258160,24582,258640,1600,via3_1600x480
VDD,met2-met3,STRIPE,via,22982,258160,24582,258640,1600,via2_1600x480
VDD,met1-met2,STRIPE,via,22982,258160,24582,258640,1600,via_1600x480
VDD,met3-met4,STRIPE,via,267383,252720,268983,253200,1600,via3_1600x480
VDD,met2-met3,STRIPE,via,267383,252720,268983,253200,1600,via2_1600x480
VDD,met1-met2,STRIPE,via,267383,252720,268983,253200,1600,via_1600x480
VDD,met3-met4,STRIPE,via,240119,252720,241719,253200,1600,via3_1600x480
VDD,met2-met3,STRIPE,via,240119,252720,241719,253200,1600,via2_1600x480
VDD,met1-met2,STRIPE,via,240119,252720,241719,253200,1600,via_1600x480
VDD,met3-met4,STRIPE,via,212508,252720,214108,253200,1600,via3_1600x480
VDD,met2-met3,STRIPE,via,212508,252720,214108,253200,1600,via2_1600x480
VDD,met1-met2,STRIPE,via,212508,252720,214108,253200,1600,via_1600x480
VDD,met3-met4,STRIPE,via,185545,252720,187145,253200,1600,via3_1600x480
VDD,met2-met3,STRIPE,via,185545,252720,187145,253200,1600,via2_1600x480
VDD,met1-met2,STRIPE,via,185545,252720,187145,253200,1600,via_1600x480
VDD,met3-met4,STRIPE,via,158974,252720,160574,253200,1600,via3_1600x480
VDD,met2-met3,STRIPE,via,158974,252720,160574,253200,1600,via2_1600x480
VDD,met1-met2,STRIPE,via,158974,252720,160574,253200,1600,via_1600x480
VDD,met3-met4,STRIPE,via,131405,252720,133005,253200,1600,via3_1600x480
VDD,met2-met3,STRIPE,via,131405,252720,133005,253200,1600,via2_1600x480
VDD,met1-met2,STRIPE,via,131405,252720,133005,253200,1600,via_1600x480
VDD,met3-met4,STRIPE,via,104411,252720,106011,253200,1600,via3_1600x480
VDD,met2-met3,STRIPE,via,104411,252720,106011,253200,1600,via2_1600x480
VDD,met1-met2,STRIPE,via,104411,252720,106011,253200,1600,via_1600x480
VDD,met3-met4,STRIPE,via,77699,252720,79299,253200,1600,via3_1600x480
VDD,met2-met3,STRIPE,via,77699,252720,79299,253200,1600,via2_1600x480
VDD,met1-met2,STRIPE,via,77699,252720,79299,253200,1600,via_1600x480
VDD,met3-met4,STRIPE,via,49770,252720,51370,253200,1600,via3_1600x480
VDD,met2-met3,STRIPE,via,49770,252720,51370,253200,1600,via2_1600x480
VDD,met1-met2,STRIPE,via,49770,252720,51370,253200,1600,via_1600x480
VDD,met3-met4,STRIPE,via,22982,252720,24582,253200,1600,via3_1600x480
VDD,met2-met3,STRIPE,via,22982,252720,24582,253200,1600,via2_1600x480
VDD,met1-met2,STRIPE,via,22982,252720,24582,253200,1600,via_1600x480
VDD,met3-met4,STRIPE,via,267383,247280,268983,247760,1600,via3_1600x480
VDD,met2-met3,STRIPE,via,267383,247280,268983,247760,1600,via2_1600x480
VDD,met1-met2,STRIPE,via,267383,247280,268983,247760,1600,via_1600x480
VDD,met3-met4,STRIPE,via,240119,247280,241719,247760,1600,via3_1600x480
VDD,met2-met3,STRIPE,via,240119,247280,241719,247760,1600,via2_1600x480
VDD,met1-met2,STRIPE,via,240119,247280,241719,247760,1600,via_1600x480
VDD,met3-met4,STRIPE,via,212508,247280,214108,247760,1600,via3_1600x480
VDD,met2-met3,STRIPE,via,212508,247280,214108,247760,1600,via2_1600x480
VDD,met1-met2,STRIPE,via,212508,247280,214108,247760,1600,via_1600x480
VDD,met3-met4,STRIPE,via,185545,247280,187145,247760,1600,via3_1600x480
VDD,met2-met3,STRIPE,via,185545,247280,187145,247760,1600,via2_1600x480
VDD,met1-met2,STRIPE,via,185545,247280,187145,247760,1600,via_1600x480
VDD,met3-met4,STRIPE,via,158974,247280,160574,247760,1600,via3_1600x480
VDD,met2-met3,STRIPE,via,158974,247280,160574,247760,1600,via2_1600x480
VDD,met1-met2,STRIPE,via,158974,247280,160574,247760,1600,via_1600x480
VDD,met3-met4,STRIPE,via,131405,247280,133005,247760,1600,via3_1600x480
VDD,met2-met3,STRIPE,via,131405,247280,133005,247760,1600,via2_1600x480
VDD,met1-met2,STRIPE,via,131405,247280,133005,247760,1600,via_1600x480
VDD,met3-met4,STRIPE,via,104411,247280,106011,247760,1600,via3_1600x480
VDD,met2-met3,STRIPE,via,104411,247280,106011,247760,1600,via2_1600x480
VDD,met1-met2,STRIPE,via,104411,247280,106011,247760,1600,via_1600x480
VDD,met3-met4,STRIPE,via,77699,247280,79299,247760,1600,via3_1600x480
VDD,met2-met3,STRIPE,via,77699,247280,79299,247760,1600,via2_1600x480
VDD,met1-met2,STRIPE,via,77699,247280,79299,247760,1600,via_1600x480
VDD,met3-met4,STRIPE,via,49770,247280,51370,247760,1600,via3_1600x480
VDD,met2-met3,STRIPE,via,49770,247280,51370,247760,1600,via2_1600x480
VDD,met1-met2,STRIPE,via,49770,247280,51370,247760,1600,via_1600x480
VDD,met3-met4,STRIPE,via,22982,247280,24582,247760,1600,via3_1600x480
VDD,met2-met3,STRIPE,via,22982,247280,24582,247760,1600,via2_1600x480
VDD,met1-met2,STRIPE,via,22982,247280,24582,247760,1600,via_1600x480
VDD,met3-met4,STRIPE,via,267383,241840,268983,242320,1600,via3_1600x480
VDD,met2-met3,STRIPE,via,267383,241840,268983,242320,1600,via2_1600x480
VDD,met1-met2,STRIPE,via,267383,241840,268983,242320,1600,via_1600x480
VDD,met3-met4,STRIPE,via,240119,241840,241719,242320,1600,via3_1600x480
VDD,met2-met3,STRIPE,via,240119,241840,241719,242320,1600,via2_1600x480
VDD,met1-met2,STRIPE,via,240119,241840,241719,242320,1600,via_1600x480
VDD,met3-met4,STRIPE,via,212508,241840,214108,242320,1600,via3_1600x480
VDD,met2-met3,STRIPE,via,212508,241840,214108,242320,1600,via2_1600x480
VDD,met1-met2,STRIPE,via,212508,241840,214108,242320,1600,via_1600x480
VDD,met3-met4,STRIPE,via,185545,241840,187145,242320,1600,via3_1600x480
VDD,met2-met3,STRIPE,via,185545,241840,187145,242320,1600,via2_1600x480
VDD,met1-met2,STRIPE,via,185545,241840,187145,242320,1600,via_1600x480
VDD,met3-met4,STRIPE,via,158974,241840,160574,242320,1600,via3_1600x480
VDD,met2-met3,STRIPE,via,158974,241840,160574,242320,1600,via2_1600x480
VDD,met1-met2,STRIPE,via,158974,241840,160574,242320,1600,via_1600x480
VDD,met3-met4,STRIPE,via,131405,241840,133005,242320,1600,via3_1600x480
VDD,met2-met3,STRIPE,via,131405,241840,133005,242320,1600,via2_1600x480
VDD,met1-met2,STRIPE,via,131405,241840,133005,242320,1600,via_1600x480
VDD,met3-met4,STRIPE,via,104411,241840,106011,242320,1600,via3_1600x480
VDD,met2-met3,STRIPE,via,104411,241840,106011,242320,1600,via2_1600x480
VDD,met1-met2,STRIPE,via,104411,241840,106011,242320,1600,via_1600x480
VDD,met3-met4,STRIPE,via,77699,241840,79299,242320,1600,via3_1600x480
VDD,met2-met3,STRIPE,via,77699,241840,79299,242320,1600,via2_1600x480
VDD,met1-met2,STRIPE,via,77699,241840,79299,242320,1600,via_1600x480
VDD,met3-met4,STRIPE,via,49770,241840,51370,242320,1600,via3_1600x480
VDD,met2-met3,STRIPE,via,49770,241840,51370,242320,1600,via2_1600x480
VDD,met1-met2,STRIPE,via,49770,241840,51370,242320,1600,via_1600x480
VDD,met3-met4,STRIPE,via,22982,241840,24582,242320,1600,via3_1600x480
VDD,met2-met3,STRIPE,via,22982,241840,24582,242320,1600,via2_1600x480
VDD,met1-met2,STRIPE,via,22982,241840,24582,242320,1600,via_1600x480
VDD,met3-met4,STRIPE,via,267383,236400,268983,236880,1600,via3_1600x480
VDD,met2-met3,STRIPE,via,267383,236400,268983,236880,1600,via2_1600x480
VDD,met1-met2,STRIPE,via,267383,236400,268983,236880,1600,via_1600x480
VDD,met3-met4,STRIPE,via,240119,236400,241719,236880,1600,via3_1600x480
VDD,met2-met3,STRIPE,via,240119,236400,241719,236880,1600,via2_1600x480
VDD,met1-met2,STRIPE,via,240119,236400,241719,236880,1600,via_1600x480
VDD,met3-met4,STRIPE,via,212508,236400,214108,236880,1600,via3_1600x480
VDD,met2-met3,STRIPE,via,212508,236400,214108,236880,1600,via2_1600x480
VDD,met1-met2,STRIPE,via,212508,236400,214108,236880,1600,via_1600x480
VDD,met3-met4,STRIPE,via,185545,236400,187145,236880,1600,via3_1600x480
VDD,met2-met3,STRIPE,via,185545,236400,187145,236880,1600,via2_1600x480
VDD,met1-met2,STRIPE,via,185545,236400,187145,236880,1600,via_1600x480
VDD,met3-met4,STRIPE,via,158974,236400,160574,236880,1600,via3_1600x480
VDD,met2-met3,STRIPE,via,158974,236400,160574,236880,1600,via2_1600x480
VDD,met1-met2,STRIPE,via,158974,236400,160574,236880,1600,via_1600x480
VDD,met3-met4,STRIPE,via,131405,236400,133005,236880,1600,via3_1600x480
VDD,met2-met3,STRIPE,via,131405,236400,133005,236880,1600,via2_1600x480
VDD,met1-met2,STRIPE,via,131405,236400,133005,236880,1600,via_1600x480
VDD,met3-met4,STRIPE,via,104411,236400,106011,236880,1600,via3_1600x480
VDD,met2-met3,STRIPE,via,104411,236400,106011,236880,1600,via2_1600x480
VDD,met1-met2,STRIPE,via,104411,236400,106011,236880,1600,via_1600x480
VDD,met3-met4,STRIPE,via,77699,236400,79299,236880,1600,via3_1600x480
VDD,met2-met3,STRIPE,via,77699,236400,79299,236880,1600,via2_1600x480
VDD,met1-met2,STRIPE,via,77699,236400,79299,236880,1600,via_1600x480
VDD,met3-met4,STRIPE,via,49770,236400,51370,236880,1600,via3_1600x480
VDD,met2-met3,STRIPE,via,49770,236400,51370,236880,1600,via2_1600x480
VDD,met1-met2,STRIPE,via,49770,236400,51370,236880,1600,via_1600x480
VDD,met3-met4,STRIPE,via,22982,236400,24582,236880,1600,via3_1600x480
VDD,met2-met3,STRIPE,via,22982,236400,24582,236880,1600,via2_1600x480
VDD,met1-met2,STRIPE,via,22982,236400,24582,236880,1600,via_1600x480
VDD,met3-met4,STRIPE,via,267383,230960,268983,231440,1600,via3_1600x480
VDD,met2-met3,STRIPE,via,267383,230960,268983,231440,1600,via2_1600x480
VDD,met1-met2,STRIPE,via,267383,230960,268983,231440,1600,via_1600x480
VDD,met3-met4,STRIPE,via,240119,230960,241719,231440,1600,via3_1600x480
VDD,met2-met3,STRIPE,via,240119,230960,241719,231440,1600,via2_1600x480
VDD,met1-met2,STRIPE,via,240119,230960,241719,231440,1600,via_1600x480
VDD,met3-met4,STRIPE,via,212508,230960,214108,231440,1600,via3_1600x480
VDD,met2-met3,STRIPE,via,212508,230960,214108,231440,1600,via2_1600x480
VDD,met1-met2,STRIPE,via,212508,230960,214108,231440,1600,via_1600x480
VDD,met3-met4,STRIPE,via,185545,230960,187145,231440,1600,via3_1600x480
VDD,met2-met3,STRIPE,via,185545,230960,187145,231440,1600,via2_1600x480
VDD,met1-met2,STRIPE,via,185545,230960,187145,231440,1600,via_1600x480
VDD,met3-met4,STRIPE,via,158974,230960,160574,231440,1600,via3_1600x480
VDD,met2-met3,STRIPE,via,158974,230960,160574,231440,1600,via2_1600x480
VDD,met1-met2,STRIPE,via,158974,230960,160574,231440,1600,via_1600x480
VDD,met3-met4,STRIPE,via,131405,230960,133005,231440,1600,via3_1600x480
VDD,met2-met3,STRIPE,via,131405,230960,133005,231440,1600,via2_1600x480
VDD,met1-met2,STRIPE,via,131405,230960,133005,231440,1600,via_1600x480
VDD,met3-met4,STRIPE,via,104411,230960,106011,231440,1600,via3_1600x480
VDD,met2-met3,STRIPE,via,104411,230960,106011,231440,1600,via2_1600x480
VDD,met1-met2,STRIPE,via,104411,230960,106011,231440,1600,via_1600x480
VDD,met3-met4,STRIPE,via,77699,230960,79299,231440,1600,via3_1600x480
VDD,met2-met3,STRIPE,via,77699,230960,79299,231440,1600,via2_1600x480
VDD,met1-met2,STRIPE,via,77699,230960,79299,231440,1600,via_1600x480
VDD,met3-met4,STRIPE,via,49770,230960,51370,231440,1600,via3_1600x480
VDD,met2-met3,STRIPE,via,49770,230960,51370,231440,1600,via2_1600x480
VDD,met1-met2,STRIPE,via,49770,230960,51370,231440,1600,via_1600x480
VDD,met3-met4,STRIPE,via,22982,230960,24582,231440,1600,via3_1600x480
VDD,met2-met3,STRIPE,via,22982,230960,24582,231440,1600,via2_1600x480
VDD,met1-met2,STRIPE,via,22982,230960,24582,231440,1600,via_1600x480
VDD,met3-met4,STRIPE,via,267383,225520,268983,226000,1600,via3_1600x480
VDD,met2-met3,STRIPE,via,267383,225520,268983,226000,1600,via2_1600x480
VDD,met1-met2,STRIPE,via,267383,225520,268983,226000,1600,via_1600x480
VDD,met3-met4,STRIPE,via,240119,225520,241719,226000,1600,via3_1600x480
VDD,met2-met3,STRIPE,via,240119,225520,241719,226000,1600,via2_1600x480
VDD,met1-met2,STRIPE,via,240119,225520,241719,226000,1600,via_1600x480
VDD,met3-met4,STRIPE,via,212508,225520,214108,226000,1600,via3_1600x480
VDD,met2-met3,STRIPE,via,212508,225520,214108,226000,1600,via2_1600x480
VDD,met1-met2,STRIPE,via,212508,225520,214108,226000,1600,via_1600x480
VDD,met3-met4,STRIPE,via,185545,225520,187145,226000,1600,via3_1600x480
VDD,met2-met3,STRIPE,via,185545,225520,187145,226000,1600,via2_1600x480
VDD,met1-met2,STRIPE,via,185545,225520,187145,226000,1600,via_1600x480
VDD,met3-met4,STRIPE,via,158974,225520,160574,226000,1600,via3_1600x480
VDD,met2-met3,STRIPE,via,158974,225520,160574,226000,1600,via2_1600x480
VDD,met1-met2,STRIPE,via,158974,225520,160574,226000,1600,via_1600x480
VDD,met3-met4,STRIPE,via,131405,225520,133005,226000,1600,via3_1600x480
VDD,met2-met3,STRIPE,via,131405,225520,133005,226000,1600,via2_1600x480
VDD,met1-met2,STRIPE,via,131405,225520,133005,226000,1600,via_1600x480
VDD,met3-met4,STRIPE,via,104411,225520,106011,226000,1600,via3_1600x480
VDD,met2-met3,STRIPE,via,104411,225520,106011,226000,1600,via2_1600x480
VDD,met1-met2,STRIPE,via,104411,225520,106011,226000,1600,via_1600x480
VDD,met3-met4,STRIPE,via,77699,225520,79299,226000,1600,via3_1600x480
VDD,met2-met3,STRIPE,via,77699,225520,79299,226000,1600,via2_1600x480
VDD,met1-met2,STRIPE,via,77699,225520,79299,226000,1600,via_1600x480
VDD,met3-met4,STRIPE,via,49770,225520,51370,226000,1600,via3_1600x480
VDD,met2-met3,STRIPE,via,49770,225520,51370,226000,1600,via2_1600x480
VDD,met1-met2,STRIPE,via,49770,225520,51370,226000,1600,via_1600x480
VDD,met3-met4,STRIPE,via,22982,225520,24582,226000,1600,via3_1600x480
VDD,met2-met3,STRIPE,via,22982,225520,24582,226000,1600,via2_1600x480
VDD,met1-met2,STRIPE,via,22982,225520,24582,226000,1600,via_1600x480
VDD,met3-met4,STRIPE,via,267383,220080,268983,220560,1600,via3_1600x480
VDD,met2-met3,STRIPE,via,267383,220080,268983,220560,1600,via2_1600x480
VDD,met1-met2,STRIPE,via,267383,220080,268983,220560,1600,via_1600x480
VDD,met3-met4,STRIPE,via,240119,220080,241719,220560,1600,via3_1600x480
VDD,met2-met3,STRIPE,via,240119,220080,241719,220560,1600,via2_1600x480
VDD,met1-met2,STRIPE,via,240119,220080,241719,220560,1600,via_1600x480
VDD,met3-met4,STRIPE,via,212508,220080,214108,220560,1600,via3_1600x480
VDD,met2-met3,STRIPE,via,212508,220080,214108,220560,1600,via2_1600x480
VDD,met1-met2,STRIPE,via,212508,220080,214108,220560,1600,via_1600x480
VDD,met3-met4,STRIPE,via,185545,220080,187145,220560,1600,via3_1600x480
VDD,met2-met3,STRIPE,via,185545,220080,187145,220560,1600,via2_1600x480
VDD,met1-met2,STRIPE,via,185545,220080,187145,220560,1600,via_1600x480
VDD,met3-met4,STRIPE,via,158974,220080,160574,220560,1600,via3_1600x480
VDD,met2-met3,STRIPE,via,158974,220080,160574,220560,1600,via2_1600x480
VDD,met1-met2,STRIPE,via,158974,220080,160574,220560,1600,via_1600x480
VDD,met3-met4,STRIPE,via,131405,220080,133005,220560,1600,via3_1600x480
VDD,met2-met3,STRIPE,via,131405,220080,133005,220560,1600,via2_1600x480
VDD,met1-met2,STRIPE,via,131405,220080,133005,220560,1600,via_1600x480
VDD,met3-met4,STRIPE,via,104411,220080,106011,220560,1600,via3_1600x480
VDD,met2-met3,STRIPE,via,104411,220080,106011,220560,1600,via2_1600x480
VDD,met1-met2,STRIPE,via,104411,220080,106011,220560,1600,via_1600x480
VDD,met3-met4,STRIPE,via,77699,220080,79299,220560,1600,via3_1600x480
VDD,met2-met3,STRIPE,via,77699,220080,79299,220560,1600,via2_1600x480
VDD,met1-met2,STRIPE,via,77699,220080,79299,220560,1600,via_1600x480
VDD,met3-met4,STRIPE,via,49770,220080,51370,220560,1600,via3_1600x480
VDD,met2-met3,STRIPE,via,49770,220080,51370,220560,1600,via2_1600x480
VDD,met1-met2,STRIPE,via,49770,220080,51370,220560,1600,via_1600x480
VDD,met3-met4,STRIPE,via,22982,220080,24582,220560,1600,via3_1600x480
VDD,met2-met3,STRIPE,via,22982,220080,24582,220560,1600,via2_1600x480
VDD,met1-met2,STRIPE,via,22982,220080,24582,220560,1600,via_1600x480
VDD,met3-met4,STRIPE,via,267383,214640,268983,215120,1600,via3_1600x480
VDD,met2-met3,STRIPE,via,267383,214640,268983,215120,1600,via2_1600x480
VDD,met1-met2,STRIPE,via,267383,214640,268983,215120,1600,via_1600x480
VDD,met3-met4,STRIPE,via,240119,214640,241719,215120,1600,via3_1600x480
VDD,met2-met3,STRIPE,via,240119,214640,241719,215120,1600,via2_1600x480
VDD,met1-met2,STRIPE,via,240119,214640,241719,215120,1600,via_1600x480
VDD,met3-met4,STRIPE,via,212508,214640,214108,215120,1600,via3_1600x480
VDD,met2-met3,STRIPE,via,212508,214640,214108,215120,1600,via2_1600x480
VDD,met1-met2,STRIPE,via,212508,214640,214108,215120,1600,via_1600x480
VDD,met3-met4,STRIPE,via,185545,214640,187145,215120,1600,via3_1600x480
VDD,met2-met3,STRIPE,via,185545,214640,187145,215120,1600,via2_1600x480
VDD,met1-met2,STRIPE,via,185545,214640,187145,215120,1600,via_1600x480
VDD,met3-met4,STRIPE,via,158974,214640,160574,215120,1600,via3_1600x480
VDD,met2-met3,STRIPE,via,158974,214640,160574,215120,1600,via2_1600x480
VDD,met1-met2,STRIPE,via,158974,214640,160574,215120,1600,via_1600x480
VDD,met3-met4,STRIPE,via,131405,214640,133005,215120,1600,via3_1600x480
VDD,met2-met3,STRIPE,via,131405,214640,133005,215120,1600,via2_1600x480
VDD,met1-met2,STRIPE,via,131405,214640,133005,215120,1600,via_1600x480
VDD,met3-met4,STRIPE,via,104411,214640,106011,215120,1600,via3_1600x480
VDD,met2-met3,STRIPE,via,104411,214640,106011,215120,1600,via2_1600x480
VDD,met1-met2,STRIPE,via,104411,214640,106011,215120,1600,via_1600x480
VDD,met3-met4,STRIPE,via,77699,214640,79299,215120,1600,via3_1600x480
VDD,met2-met3,STRIPE,via,77699,214640,79299,215120,1600,via2_1600x480
VDD,met1-met2,STRIPE,via,77699,214640,79299,215120,1600,via_1600x480
VDD,met3-met4,STRIPE,via,49770,214640,51370,215120,1600,via3_1600x480
VDD,met2-met3,STRIPE,via,49770,214640,51370,215120,1600,via2_1600x480
VDD,met1-met2,STRIPE,via,49770,214640,51370,215120,1600,via_1600x480
VDD,met3-met4,STRIPE,via,22982,214640,24582,215120,1600,via3_1600x480
VDD,met2-met3,STRIPE,via,22982,214640,24582,215120,1600,via2_1600x480
VDD,met1-met2,STRIPE,via,22982,214640,24582,215120,1600,via_1600x480
VDD,met3-met4,STRIPE,via,267383,209200,268983,209680,1600,via3_1600x480
VDD,met2-met3,STRIPE,via,267383,209200,268983,209680,1600,via2_1600x480
VDD,met1-met2,STRIPE,via,267383,209200,268983,209680,1600,via_1600x480
VDD,met3-met4,STRIPE,via,240119,209200,241719,209680,1600,via3_1600x480
VDD,met2-met3,STRIPE,via,240119,209200,241719,209680,1600,via2_1600x480
VDD,met1-met2,STRIPE,via,240119,209200,241719,209680,1600,via_1600x480
VDD,met3-met4,STRIPE,via,212508,209200,214108,209680,1600,via3_1600x480
VDD,met2-met3,STRIPE,via,212508,209200,214108,209680,1600,via2_1600x480
VDD,met1-met2,STRIPE,via,212508,209200,214108,209680,1600,via_1600x480
VDD,met3-met4,STRIPE,via,185545,209200,187145,209680,1600,via3_1600x480
VDD,met2-met3,STRIPE,via,185545,209200,187145,209680,1600,via2_1600x480
VDD,met1-met2,STRIPE,via,185545,209200,187145,209680,1600,via_1600x480
VDD,met3-met4,STRIPE,via,158974,209200,160574,209680,1600,via3_1600x480
VDD,met2-met3,STRIPE,via,158974,209200,160574,209680,1600,via2_1600x480
VDD,met1-met2,STRIPE,via,158974,209200,160574,209680,1600,via_1600x480
VDD,met3-met4,STRIPE,via,131405,209200,133005,209680,1600,via3_1600x480
VDD,met2-met3,STRIPE,via,131405,209200,133005,209680,1600,via2_1600x480
VDD,met1-met2,STRIPE,via,131405,209200,133005,209680,1600,via_1600x480
VDD,met3-met4,STRIPE,via,104411,209200,106011,209680,1600,via3_1600x480
VDD,met2-met3,STRIPE,via,104411,209200,106011,209680,1600,via2_1600x480
VDD,met1-met2,STRIPE,via,104411,209200,106011,209680,1600,via_1600x480
VDD,met3-met4,STRIPE,via,77699,209200,79299,209680,1600,via3_1600x480
VDD,met2-met3,STRIPE,via,77699,209200,79299,209680,1600,via2_1600x480
VDD,met1-met2,STRIPE,via,77699,209200,79299,209680,1600,via_1600x480
VDD,met3-met4,STRIPE,via,49770,209200,51370,209680,1600,via3_1600x480
VDD,met2-met3,STRIPE,via,49770,209200,51370,209680,1600,via2_1600x480
VDD,met1-met2,STRIPE,via,49770,209200,51370,209680,1600,via_1600x480
VDD,met3-met4,STRIPE,via,22982,209200,24582,209680,1600,via3_1600x480
VDD,met2-met3,STRIPE,via,22982,209200,24582,209680,1600,via2_1600x480
VDD,met1-met2,STRIPE,via,22982,209200,24582,209680,1600,via_1600x480
VDD,met3-met4,STRIPE,via,267383,203760,268983,204240,1600,via3_1600x480
VDD,met2-met3,STRIPE,via,267383,203760,268983,204240,1600,via2_1600x480
VDD,met1-met2,STRIPE,via,267383,203760,268983,204240,1600,via_1600x480
VDD,met3-met4,STRIPE,via,240119,203760,241719,204240,1600,via3_1600x480
VDD,met2-met3,STRIPE,via,240119,203760,241719,204240,1600,via2_1600x480
VDD,met1-met2,STRIPE,via,240119,203760,241719,204240,1600,via_1600x480
VDD,met3-met4,STRIPE,via,212508,203760,214108,204240,1600,via3_1600x480
VDD,met2-met3,STRIPE,via,212508,203760,214108,204240,1600,via2_1600x480
VDD,met1-met2,STRIPE,via,212508,203760,214108,204240,1600,via_1600x480
VDD,met3-met4,STRIPE,via,185545,203760,187145,204240,1600,via3_1600x480
VDD,met2-met3,STRIPE,via,185545,203760,187145,204240,1600,via2_1600x480
VDD,met1-met2,STRIPE,via,185545,203760,187145,204240,1600,via_1600x480
VDD,met3-met4,STRIPE,via,158974,203760,160574,204240,1600,via3_1600x480
VDD,met2-met3,STRIPE,via,158974,203760,160574,204240,1600,via2_1600x480
VDD,met1-met2,STRIPE,via,158974,203760,160574,204240,1600,via_1600x480
VDD,met3-met4,STRIPE,via,131405,203760,133005,204240,1600,via3_1600x480
VDD,met2-met3,STRIPE,via,131405,203760,133005,204240,1600,via2_1600x480
VDD,met1-met2,STRIPE,via,131405,203760,133005,204240,1600,via_1600x480
VDD,met3-met4,STRIPE,via,104411,203760,106011,204240,1600,via3_1600x480
VDD,met2-met3,STRIPE,via,104411,203760,106011,204240,1600,via2_1600x480
VDD,met1-met2,STRIPE,via,104411,203760,106011,204240,1600,via_1600x480
VDD,met3-met4,STRIPE,via,77699,203760,79299,204240,1600,via3_1600x480
VDD,met2-met3,STRIPE,via,77699,203760,79299,204240,1600,via2_1600x480
VDD,met1-met2,STRIPE,via,77699,203760,79299,204240,1600,via_1600x480
VDD,met3-met4,STRIPE,via,49770,203760,51370,204240,1600,via3_1600x480
VDD,met2-met3,STRIPE,via,49770,203760,51370,204240,1600,via2_1600x480
VDD,met1-met2,STRIPE,via,49770,203760,51370,204240,1600,via_1600x480
VDD,met3-met4,STRIPE,via,22982,203760,24582,204240,1600,via3_1600x480
VDD,met2-met3,STRIPE,via,22982,203760,24582,204240,1600,via2_1600x480
VDD,met1-met2,STRIPE,via,22982,203760,24582,204240,1600,via_1600x480
VDD,met3-met4,STRIPE,via,267383,198320,268983,198800,1600,via3_1600x480
VDD,met2-met3,STRIPE,via,267383,198320,268983,198800,1600,via2_1600x480
VDD,met1-met2,STRIPE,via,267383,198320,268983,198800,1600,via_1600x480
VDD,met3-met4,STRIPE,via,240119,198320,241719,198800,1600,via3_1600x480
VDD,met2-met3,STRIPE,via,240119,198320,241719,198800,1600,via2_1600x480
VDD,met1-met2,STRIPE,via,240119,198320,241719,198800,1600,via_1600x480
VDD,met3-met4,STRIPE,via,212508,198320,214108,198800,1600,via3_1600x480
VDD,met2-met3,STRIPE,via,212508,198320,214108,198800,1600,via2_1600x480
VDD,met1-met2,STRIPE,via,212508,198320,214108,198800,1600,via_1600x480
VDD,met3-met4,STRIPE,via,185545,198320,187145,198800,1600,via3_1600x480
VDD,met2-met3,STRIPE,via,185545,198320,187145,198800,1600,via2_1600x480
VDD,met1-met2,STRIPE,via,185545,198320,187145,198800,1600,via_1600x480
VDD,met3-met4,STRIPE,via,158974,198320,160574,198800,1600,via3_1600x480
VDD,met2-met3,STRIPE,via,158974,198320,160574,198800,1600,via2_1600x480
VDD,met1-met2,STRIPE,via,158974,198320,160574,198800,1600,via_1600x480
VDD,met3-met4,STRIPE,via,131405,198320,133005,198800,1600,via3_1600x480
VDD,met2-met3,STRIPE,via,131405,198320,133005,198800,1600,via2_1600x480
VDD,met1-met2,STRIPE,via,131405,198320,133005,198800,1600,via_1600x480
VDD,met3-met4,STRIPE,via,104411,198320,106011,198800,1600,via3_1600x480
VDD,met2-met3,STRIPE,via,104411,198320,106011,198800,1600,via2_1600x480
VDD,met1-met2,STRIPE,via,104411,198320,106011,198800,1600,via_1600x480
VDD,met3-met4,STRIPE,via,77699,198320,79299,198800,1600,via3_1600x480
VDD,met2-met3,STRIPE,via,77699,198320,79299,198800,1600,via2_1600x480
VDD,met1-met2,STRIPE,via,77699,198320,79299,198800,1600,via_1600x480
VDD,met3-met4,STRIPE,via,49770,198320,51370,198800,1600,via3_1600x480
VDD,met2-met3,STRIPE,via,49770,198320,51370,198800,1600,via2_1600x480
VDD,met1-met2,STRIPE,via,49770,198320,51370,198800,1600,via_1600x480
VDD,met3-met4,STRIPE,via,22982,198320,24582,198800,1600,via3_1600x480
VDD,met2-met3,STRIPE,via,22982,198320,24582,198800,1600,via2_1600x480
VDD,met1-met2,STRIPE,via,22982,198320,24582,198800,1600,via_1600x480
VDD,met3-met4,STRIPE,via,267383,192880,268983,193360,1600,via3_1600x480
VDD,met2-met3,STRIPE,via,267383,192880,268983,193360,1600,via2_1600x480
VDD,met1-met2,STRIPE,via,267383,192880,268983,193360,1600,via_1600x480
VDD,met3-met4,STRIPE,via,240119,192880,241719,193360,1600,via3_1600x480
VDD,met2-met3,STRIPE,via,240119,192880,241719,193360,1600,via2_1600x480
VDD,met1-met2,STRIPE,via,240119,192880,241719,193360,1600,via_1600x480
VDD,met3-met4,STRIPE,via,212508,192880,214108,193360,1600,via3_1600x480
VDD,met2-met3,STRIPE,via,212508,192880,214108,193360,1600,via2_1600x480
VDD,met1-met2,STRIPE,via,212508,192880,214108,193360,1600,via_1600x480
VDD,met3-met4,STRIPE,via,185545,192880,187145,193360,1600,via3_1600x480
VDD,met2-met3,STRIPE,via,185545,192880,187145,193360,1600,via2_1600x480
VDD,met1-met2,STRIPE,via,185545,192880,187145,193360,1600,via_1600x480
VDD,met3-met4,STRIPE,via,158974,192880,160574,193360,1600,via3_1600x480
VDD,met2-met3,STRIPE,via,158974,192880,160574,193360,1600,via2_1600x480
VDD,met1-met2,STRIPE,via,158974,192880,160574,193360,1600,via_1600x480
VDD,met3-met4,STRIPE,via,131405,192880,133005,193360,1600,via3_1600x480
VDD,met2-met3,STRIPE,via,131405,192880,133005,193360,1600,via2_1600x480
VDD,met1-met2,STRIPE,via,131405,192880,133005,193360,1600,via_1600x480
VDD,met3-met4,STRIPE,via,104411,192880,106011,193360,1600,via3_1600x480
VDD,met2-met3,STRIPE,via,104411,192880,106011,193360,1600,via2_1600x480
VDD,met1-met2,STRIPE,via,104411,192880,106011,193360,1600,via_1600x480
VDD,met3-met4,STRIPE,via,77699,192880,79299,193360,1600,via3_1600x480
VDD,met2-met3,STRIPE,via,77699,192880,79299,193360,1600,via2_1600x480
VDD,met1-met2,STRIPE,via,77699,192880,79299,193360,1600,via_1600x480
VDD,met3-met4,STRIPE,via,49770,192880,51370,193360,1600,via3_1600x480
VDD,met2-met3,STRIPE,via,49770,192880,51370,193360,1600,via2_1600x480
VDD,met1-met2,STRIPE,via,49770,192880,51370,193360,1600,via_1600x480
VDD,met3-met4,STRIPE,via,22982,192880,24582,193360,1600,via3_1600x480
VDD,met2-met3,STRIPE,via,22982,192880,24582,193360,1600,via2_1600x480
VDD,met1-met2,STRIPE,via,22982,192880,24582,193360,1600,via_1600x480
VDD,met3-met4,STRIPE,via,267383,187440,268983,187920,1600,via3_1600x480
VDD,met2-met3,STRIPE,via,267383,187440,268983,187920,1600,via2_1600x480
VDD,met1-met2,STRIPE,via,267383,187440,268983,187920,1600,via_1600x480
VDD,met3-met4,STRIPE,via,240119,187440,241719,187920,1600,via3_1600x480
VDD,met2-met3,STRIPE,via,240119,187440,241719,187920,1600,via2_1600x480
VDD,met1-met2,STRIPE,via,240119,187440,241719,187920,1600,via_1600x480
VDD,met3-met4,STRIPE,via,212508,187440,214108,187920,1600,via3_1600x480
VDD,met2-met3,STRIPE,via,212508,187440,214108,187920,1600,via2_1600x480
VDD,met1-met2,STRIPE,via,212508,187440,214108,187920,1600,via_1600x480
VDD,met3-met4,STRIPE,via,185545,187440,187145,187920,1600,via3_1600x480
VDD,met2-met3,STRIPE,via,185545,187440,187145,187920,1600,via2_1600x480
VDD,met1-met2,STRIPE,via,185545,187440,187145,187920,1600,via_1600x480
VDD,met3-met4,STRIPE,via,158974,187440,160574,187920,1600,via3_1600x480
VDD,met2-met3,STRIPE,via,158974,187440,160574,187920,1600,via2_1600x480
VDD,met1-met2,STRIPE,via,158974,187440,160574,187920,1600,via_1600x480
VDD,met3-met4,STRIPE,via,131405,187440,133005,187920,1600,via3_1600x480
VDD,met2-met3,STRIPE,via,131405,187440,133005,187920,1600,via2_1600x480
VDD,met1-met2,STRIPE,via,131405,187440,133005,187920,1600,via_1600x480
VDD,met3-met4,STRIPE,via,104411,187440,106011,187920,1600,via3_1600x480
VDD,met2-met3,STRIPE,via,104411,187440,106011,187920,1600,via2_1600x480
VDD,met1-met2,STRIPE,via,104411,187440,106011,187920,1600,via_1600x480
VDD,met3-met4,STRIPE,via,77699,187440,79299,187920,1600,via3_1600x480
VDD,met2-met3,STRIPE,via,77699,187440,79299,187920,1600,via2_1600x480
VDD,met1-met2,STRIPE,via,77699,187440,79299,187920,1600,via_1600x480
VDD,met3-met4,STRIPE,via,49770,187440,51370,187920,1600,via3_1600x480
VDD,met2-met3,STRIPE,via,49770,187440,51370,187920,1600,via2_1600x480
VDD,met1-met2,STRIPE,via,49770,187440,51370,187920,1600,via_1600x480
VDD,met3-met4,STRIPE,via,22982,187440,24582,187920,1600,via3_1600x480
VDD,met2-met3,STRIPE,via,22982,187440,24582,187920,1600,via2_1600x480
VDD,met1-met2,STRIPE,via,22982,187440,24582,187920,1600,via_1600x480
VDD,met3-met4,STRIPE,via,267383,182000,268983,182480,1600,via3_1600x480
VDD,met2-met3,STRIPE,via,267383,182000,268983,182480,1600,via2_1600x480
VDD,met1-met2,STRIPE,via,267383,182000,268983,182480,1600,via_1600x480
VDD,met3-met4,STRIPE,via,240119,182000,241719,182480,1600,via3_1600x480
VDD,met2-met3,STRIPE,via,240119,182000,241719,182480,1600,via2_1600x480
VDD,met1-met2,STRIPE,via,240119,182000,241719,182480,1600,via_1600x480
VDD,met3-met4,STRIPE,via,212508,182000,214108,182480,1600,via3_1600x480
VDD,met2-met3,STRIPE,via,212508,182000,214108,182480,1600,via2_1600x480
VDD,met1-met2,STRIPE,via,212508,182000,214108,182480,1600,via_1600x480
VDD,met3-met4,STRIPE,via,185545,182000,187145,182480,1600,via3_1600x480
VDD,met2-met3,STRIPE,via,185545,182000,187145,182480,1600,via2_1600x480
VDD,met1-met2,STRIPE,via,185545,182000,187145,182480,1600,via_1600x480
VDD,met3-met4,STRIPE,via,158974,182000,160574,182480,1600,via3_1600x480
VDD,met2-met3,STRIPE,via,158974,182000,160574,182480,1600,via2_1600x480
VDD,met1-met2,STRIPE,via,158974,182000,160574,182480,1600,via_1600x480
VDD,met3-met4,STRIPE,via,131405,182000,133005,182480,1600,via3_1600x480
VDD,met2-met3,STRIPE,via,131405,182000,133005,182480,1600,via2_1600x480
VDD,met1-met2,STRIPE,via,131405,182000,133005,182480,1600,via_1600x480
VDD,met3-met4,STRIPE,via,104411,182000,106011,182480,1600,via3_1600x480
VDD,met2-met3,STRIPE,via,104411,182000,106011,182480,1600,via2_1600x480
VDD,met1-met2,STRIPE,via,104411,182000,106011,182480,1600,via_1600x480
VDD,met3-met4,STRIPE,via,77699,182000,79299,182480,1600,via3_1600x480
VDD,met2-met3,STRIPE,via,77699,182000,79299,182480,1600,via2_1600x480
VDD,met1-met2,STRIPE,via,77699,182000,79299,182480,1600,via_1600x480
VDD,met3-met4,STRIPE,via,49770,182000,51370,182480,1600,via3_1600x480
VDD,met2-met3,STRIPE,via,49770,182000,51370,182480,1600,via2_1600x480
VDD,met1-met2,STRIPE,via,49770,182000,51370,182480,1600,via_1600x480
VDD,met3-met4,STRIPE,via,22982,182000,24582,182480,1600,via3_1600x480
VDD,met2-met3,STRIPE,via,22982,182000,24582,182480,1600,via2_1600x480
VDD,met1-met2,STRIPE,via,22982,182000,24582,182480,1600,via_1600x480
VDD,met3-met4,STRIPE,via,267383,176560,268983,177040,1600,via3_1600x480
VDD,met2-met3,STRIPE,via,267383,176560,268983,177040,1600,via2_1600x480
VDD,met1-met2,STRIPE,via,267383,176560,268983,177040,1600,via_1600x480
VDD,met3-met4,STRIPE,via,240119,176560,241719,177040,1600,via3_1600x480
VDD,met2-met3,STRIPE,via,240119,176560,241719,177040,1600,via2_1600x480
VDD,met1-met2,STRIPE,via,240119,176560,241719,177040,1600,via_1600x480
VDD,met3-met4,STRIPE,via,212508,176560,214108,177040,1600,via3_1600x480
VDD,met2-met3,STRIPE,via,212508,176560,214108,177040,1600,via2_1600x480
VDD,met1-met2,STRIPE,via,212508,176560,214108,177040,1600,via_1600x480
VDD,met3-met4,STRIPE,via,185545,176560,187145,177040,1600,via3_1600x480
VDD,met2-met3,STRIPE,via,185545,176560,187145,177040,1600,via2_1600x480
VDD,met1-met2,STRIPE,via,185545,176560,187145,177040,1600,via_1600x480
VDD,met3-met4,STRIPE,via,158974,176560,160574,177040,1600,via3_1600x480
VDD,met2-met3,STRIPE,via,158974,176560,160574,177040,1600,via2_1600x480
VDD,met1-met2,STRIPE,via,158974,176560,160574,177040,1600,via_1600x480
VDD,met3-met4,STRIPE,via,131405,176560,133005,177040,1600,via3_1600x480
VDD,met2-met3,STRIPE,via,131405,176560,133005,177040,1600,via2_1600x480
VDD,met1-met2,STRIPE,via,131405,176560,133005,177040,1600,via_1600x480
VDD,met3-met4,STRIPE,via,104411,176560,106011,177040,1600,via3_1600x480
VDD,met2-met3,STRIPE,via,104411,176560,106011,177040,1600,via2_1600x480
VDD,met1-met2,STRIPE,via,104411,176560,106011,177040,1600,via_1600x480
VDD,met3-met4,STRIPE,via,77699,176560,79299,177040,1600,via3_1600x480
VDD,met2-met3,STRIPE,via,77699,176560,79299,177040,1600,via2_1600x480
VDD,met1-met2,STRIPE,via,77699,176560,79299,177040,1600,via_1600x480
VDD,met3-met4,STRIPE,via,49770,176560,51370,177040,1600,via3_1600x480
VDD,met2-met3,STRIPE,via,49770,176560,51370,177040,1600,via2_1600x480
VDD,met1-met2,STRIPE,via,49770,176560,51370,177040,1600,via_1600x480
VDD,met3-met4,STRIPE,via,22982,176560,24582,177040,1600,via3_1600x480
VDD,met2-met3,STRIPE,via,22982,176560,24582,177040,1600,via2_1600x480
VDD,met1-met2,STRIPE,via,22982,176560,24582,177040,1600,via_1600x480
VDD,met3-met4,STRIPE,via,267383,171120,268983,171600,1600,via3_1600x480
VDD,met2-met3,STRIPE,via,267383,171120,268983,171600,1600,via2_1600x480
VDD,met1-met2,STRIPE,via,267383,171120,268983,171600,1600,via_1600x480
VDD,met3-met4,STRIPE,via,240119,171120,241719,171600,1600,via3_1600x480
VDD,met2-met3,STRIPE,via,240119,171120,241719,171600,1600,via2_1600x480
VDD,met1-met2,STRIPE,via,240119,171120,241719,171600,1600,via_1600x480
VDD,met3-met4,STRIPE,via,212508,171120,214108,171600,1600,via3_1600x480
VDD,met2-met3,STRIPE,via,212508,171120,214108,171600,1600,via2_1600x480
VDD,met1-met2,STRIPE,via,212508,171120,214108,171600,1600,via_1600x480
VDD,met3-met4,STRIPE,via,185545,171120,187145,171600,1600,via3_1600x480
VDD,met2-met3,STRIPE,via,185545,171120,187145,171600,1600,via2_1600x480
VDD,met1-met2,STRIPE,via,185545,171120,187145,171600,1600,via_1600x480
VDD,met3-met4,STRIPE,via,158974,171120,160574,171600,1600,via3_1600x480
VDD,met2-met3,STRIPE,via,158974,171120,160574,171600,1600,via2_1600x480
VDD,met1-met2,STRIPE,via,158974,171120,160574,171600,1600,via_1600x480
VDD,met3-met4,STRIPE,via,131405,171120,133005,171600,1600,via3_1600x480
VDD,met2-met3,STRIPE,via,131405,171120,133005,171600,1600,via2_1600x480
VDD,met1-met2,STRIPE,via,131405,171120,133005,171600,1600,via_1600x480
VDD,met3-met4,STRIPE,via,104411,171120,106011,171600,1600,via3_1600x480
VDD,met2-met3,STRIPE,via,104411,171120,106011,171600,1600,via2_1600x480
VDD,met1-met2,STRIPE,via,104411,171120,106011,171600,1600,via_1600x480
VDD,met3-met4,STRIPE,via,77699,171120,79299,171600,1600,via3_1600x480
VDD,met2-met3,STRIPE,via,77699,171120,79299,171600,1600,via2_1600x480
VDD,met1-met2,STRIPE,via,77699,171120,79299,171600,1600,via_1600x480
VDD,met3-met4,STRIPE,via,49770,171120,51370,171600,1600,via3_1600x480
VDD,met2-met3,STRIPE,via,49770,171120,51370,171600,1600,via2_1600x480
VDD,met1-met2,STRIPE,via,49770,171120,51370,171600,1600,via_1600x480
VDD,met3-met4,STRIPE,via,22982,171120,24582,171600,1600,via3_1600x480
VDD,met2-met3,STRIPE,via,22982,171120,24582,171600,1600,via2_1600x480
VDD,met1-met2,STRIPE,via,22982,171120,24582,171600,1600,via_1600x480
VDD,met3-met4,STRIPE,via,267383,165680,268983,166160,1600,via3_1600x480
VDD,met2-met3,STRIPE,via,267383,165680,268983,166160,1600,via2_1600x480
VDD,met1-met2,STRIPE,via,267383,165680,268983,166160,1600,via_1600x480
VDD,met3-met4,STRIPE,via,240119,165680,241719,166160,1600,via3_1600x480
VDD,met2-met3,STRIPE,via,240119,165680,241719,166160,1600,via2_1600x480
VDD,met1-met2,STRIPE,via,240119,165680,241719,166160,1600,via_1600x480
VDD,met3-met4,STRIPE,via,212508,165680,214108,166160,1600,via3_1600x480
VDD,met2-met3,STRIPE,via,212508,165680,214108,166160,1600,via2_1600x480
VDD,met1-met2,STRIPE,via,212508,165680,214108,166160,1600,via_1600x480
VDD,met3-met4,STRIPE,via,185545,165680,187145,166160,1600,via3_1600x480
VDD,met2-met3,STRIPE,via,185545,165680,187145,166160,1600,via2_1600x480
VDD,met1-met2,STRIPE,via,185545,165680,187145,166160,1600,via_1600x480
VDD,met3-met4,STRIPE,via,158974,165680,160574,166160,1600,via3_1600x480
VDD,met2-met3,STRIPE,via,158974,165680,160574,166160,1600,via2_1600x480
VDD,met1-met2,STRIPE,via,158974,165680,160574,166160,1600,via_1600x480
VDD,met3-met4,STRIPE,via,131405,165680,133005,166160,1600,via3_1600x480
VDD,met2-met3,STRIPE,via,131405,165680,133005,166160,1600,via2_1600x480
VDD,met1-met2,STRIPE,via,131405,165680,133005,166160,1600,via_1600x480
VDD,met3-met4,STRIPE,via,104411,165680,106011,166160,1600,via3_1600x480
VDD,met2-met3,STRIPE,via,104411,165680,106011,166160,1600,via2_1600x480
VDD,met1-met2,STRIPE,via,104411,165680,106011,166160,1600,via_1600x480
VDD,met3-met4,STRIPE,via,77699,165680,79299,166160,1600,via3_1600x480
VDD,met2-met3,STRIPE,via,77699,165680,79299,166160,1600,via2_1600x480
VDD,met1-met2,STRIPE,via,77699,165680,79299,166160,1600,via_1600x480
VDD,met3-met4,STRIPE,via,49770,165680,51370,166160,1600,via3_1600x480
VDD,met2-met3,STRIPE,via,49770,165680,51370,166160,1600,via2_1600x480
VDD,met1-met2,STRIPE,via,49770,165680,51370,166160,1600,via_1600x480
VDD,met3-met4,STRIPE,via,22982,165680,24582,166160,1600,via3_1600x480
VDD,met2-met3,STRIPE,via,22982,165680,24582,166160,1600,via2_1600x480
VDD,met1-met2,STRIPE,via,22982,165680,24582,166160,1600,via_1600x480
VDD,met3-met4,STRIPE,via,267383,160240,268983,160720,1600,via3_1600x480
VDD,met2-met3,STRIPE,via,267383,160240,268983,160720,1600,via2_1600x480
VDD,met1-met2,STRIPE,via,267383,160240,268983,160720,1600,via_1600x480
VDD,met3-met4,STRIPE,via,240119,160240,241719,160720,1600,via3_1600x480
VDD,met2-met3,STRIPE,via,240119,160240,241719,160720,1600,via2_1600x480
VDD,met1-met2,STRIPE,via,240119,160240,241719,160720,1600,via_1600x480
VDD,met3-met4,STRIPE,via,212508,160240,214108,160720,1600,via3_1600x480
VDD,met2-met3,STRIPE,via,212508,160240,214108,160720,1600,via2_1600x480
VDD,met1-met2,STRIPE,via,212508,160240,214108,160720,1600,via_1600x480
VDD,met3-met4,STRIPE,via,185545,160240,187145,160720,1600,via3_1600x480
VDD,met2-met3,STRIPE,via,185545,160240,187145,160720,1600,via2_1600x480
VDD,met1-met2,STRIPE,via,185545,160240,187145,160720,1600,via_1600x480
VDD,met3-met4,STRIPE,via,158974,160240,160574,160720,1600,via3_1600x480
VDD,met2-met3,STRIPE,via,158974,160240,160574,160720,1600,via2_1600x480
VDD,met1-met2,STRIPE,via,158974,160240,160574,160720,1600,via_1600x480
VDD,met3-met4,STRIPE,via,131405,160240,133005,160720,1600,via3_1600x480
VDD,met2-met3,STRIPE,via,131405,160240,133005,160720,1600,via2_1600x480
VDD,met1-met2,STRIPE,via,131405,160240,133005,160720,1600,via_1600x480
VDD,met3-met4,STRIPE,via,104411,160240,106011,160720,1600,via3_1600x480
VDD,met2-met3,STRIPE,via,104411,160240,106011,160720,1600,via2_1600x480
VDD,met1-met2,STRIPE,via,104411,160240,106011,160720,1600,via_1600x480
VDD,met3-met4,STRIPE,via,77699,160240,79299,160720,1600,via3_1600x480
VDD,met2-met3,STRIPE,via,77699,160240,79299,160720,1600,via2_1600x480
VDD,met1-met2,STRIPE,via,77699,160240,79299,160720,1600,via_1600x480
VDD,met3-met4,STRIPE,via,49770,160240,51370,160720,1600,via3_1600x480
VDD,met2-met3,STRIPE,via,49770,160240,51370,160720,1600,via2_1600x480
VDD,met1-met2,STRIPE,via,49770,160240,51370,160720,1600,via_1600x480
VDD,met3-met4,STRIPE,via,22982,160240,24582,160720,1600,via3_1600x480
VDD,met2-met3,STRIPE,via,22982,160240,24582,160720,1600,via2_1600x480
VDD,met1-met2,STRIPE,via,22982,160240,24582,160720,1600,via_1600x480
VDD,met3-met4,STRIPE,via,267383,154800,268983,155280,1600,via3_1600x480
VDD,met2-met3,STRIPE,via,267383,154800,268983,155280,1600,via2_1600x480
VDD,met1-met2,STRIPE,via,267383,154800,268983,155280,1600,via_1600x480
VDD,met3-met4,STRIPE,via,240119,154800,241719,155280,1600,via3_1600x480
VDD,met2-met3,STRIPE,via,240119,154800,241719,155280,1600,via2_1600x480
VDD,met1-met2,STRIPE,via,240119,154800,241719,155280,1600,via_1600x480
VDD,met3-met4,STRIPE,via,212508,154800,214108,155280,1600,via3_1600x480
VDD,met2-met3,STRIPE,via,212508,154800,214108,155280,1600,via2_1600x480
VDD,met1-met2,STRIPE,via,212508,154800,214108,155280,1600,via_1600x480
VDD,met3-met4,STRIPE,via,185545,154800,187145,155280,1600,via3_1600x480
VDD,met2-met3,STRIPE,via,185545,154800,187145,155280,1600,via2_1600x480
VDD,met1-met2,STRIPE,via,185545,154800,187145,155280,1600,via_1600x480
VDD,met3-met4,STRIPE,via,158974,154800,160574,155280,1600,via3_1600x480
VDD,met2-met3,STRIPE,via,158974,154800,160574,155280,1600,via2_1600x480
VDD,met1-met2,STRIPE,via,158974,154800,160574,155280,1600,via_1600x480
VDD,met3-met4,STRIPE,via,131405,154800,133005,155280,1600,via3_1600x480
VDD,met2-met3,STRIPE,via,131405,154800,133005,155280,1600,via2_1600x480
VDD,met1-met2,STRIPE,via,131405,154800,133005,155280,1600,via_1600x480
VDD,met3-met4,STRIPE,via,104411,154800,106011,155280,1600,via3_1600x480
VDD,met2-met3,STRIPE,via,104411,154800,106011,155280,1600,via2_1600x480
VDD,met1-met2,STRIPE,via,104411,154800,106011,155280,1600,via_1600x480
VDD,met3-met4,STRIPE,via,77699,154800,79299,155280,1600,via3_1600x480
VDD,met2-met3,STRIPE,via,77699,154800,79299,155280,1600,via2_1600x480
VDD,met1-met2,STRIPE,via,77699,154800,79299,155280,1600,via_1600x480
VDD,met3-met4,STRIPE,via,49770,154800,51370,155280,1600,via3_1600x480
VDD,met2-met3,STRIPE,via,49770,154800,51370,155280,1600,via2_1600x480
VDD,met1-met2,STRIPE,via,49770,154800,51370,155280,1600,via_1600x480
VDD,met3-met4,STRIPE,via,22982,154800,24582,155280,1600,via3_1600x480
VDD,met2-met3,STRIPE,via,22982,154800,24582,155280,1600,via2_1600x480
VDD,met1-met2,STRIPE,via,22982,154800,24582,155280,1600,via_1600x480
VDD,met3-met4,STRIPE,via,267383,149360,268983,149840,1600,via3_1600x480
VDD,met2-met3,STRIPE,via,267383,149360,268983,149840,1600,via2_1600x480
VDD,met1-met2,STRIPE,via,267383,149360,268983,149840,1600,via_1600x480
VDD,met3-met4,STRIPE,via,240119,149360,241719,149840,1600,via3_1600x480
VDD,met2-met3,STRIPE,via,240119,149360,241719,149840,1600,via2_1600x480
VDD,met1-met2,STRIPE,via,240119,149360,241719,149840,1600,via_1600x480
VDD,met3-met4,STRIPE,via,212508,149360,214108,149840,1600,via3_1600x480
VDD,met2-met3,STRIPE,via,212508,149360,214108,149840,1600,via2_1600x480
VDD,met1-met2,STRIPE,via,212508,149360,214108,149840,1600,via_1600x480
VDD,met3-met4,STRIPE,via,185545,149360,187145,149840,1600,via3_1600x480
VDD,met2-met3,STRIPE,via,185545,149360,187145,149840,1600,via2_1600x480
VDD,met1-met2,STRIPE,via,185545,149360,187145,149840,1600,via_1600x480
VDD,met3-met4,STRIPE,via,158974,149360,160574,149840,1600,via3_1600x480
VDD,met2-met3,STRIPE,via,158974,149360,160574,149840,1600,via2_1600x480
VDD,met1-met2,STRIPE,via,158974,149360,160574,149840,1600,via_1600x480
VDD,met3-met4,STRIPE,via,131405,149360,133005,149840,1600,via3_1600x480
VDD,met2-met3,STRIPE,via,131405,149360,133005,149840,1600,via2_1600x480
VDD,met1-met2,STRIPE,via,131405,149360,133005,149840,1600,via_1600x480
VDD,met3-met4,STRIPE,via,104411,149360,106011,149840,1600,via3_1600x480
VDD,met2-met3,STRIPE,via,104411,149360,106011,149840,1600,via2_1600x480
VDD,met1-met2,STRIPE,via,104411,149360,106011,149840,1600,via_1600x480
VDD,met3-met4,STRIPE,via,77699,149360,79299,149840,1600,via3_1600x480
VDD,met2-met3,STRIPE,via,77699,149360,79299,149840,1600,via2_1600x480
VDD,met1-met2,STRIPE,via,77699,149360,79299,149840,1600,via_1600x480
VDD,met3-met4,STRIPE,via,49770,149360,51370,149840,1600,via3_1600x480
VDD,met2-met3,STRIPE,via,49770,149360,51370,149840,1600,via2_1600x480
VDD,met1-met2,STRIPE,via,49770,149360,51370,149840,1600,via_1600x480
VDD,met3-met4,STRIPE,via,22982,149360,24582,149840,1600,via3_1600x480
VDD,met2-met3,STRIPE,via,22982,149360,24582,149840,1600,via2_1600x480
VDD,met1-met2,STRIPE,via,22982,149360,24582,149840,1600,via_1600x480
VDD,met3-met4,STRIPE,via,267383,143920,268983,144400,1600,via3_1600x480
VDD,met2-met3,STRIPE,via,267383,143920,268983,144400,1600,via2_1600x480
VDD,met1-met2,STRIPE,via,267383,143920,268983,144400,1600,via_1600x480
VDD,met3-met4,STRIPE,via,240119,143920,241719,144400,1600,via3_1600x480
VDD,met2-met3,STRIPE,via,240119,143920,241719,144400,1600,via2_1600x480
VDD,met1-met2,STRIPE,via,240119,143920,241719,144400,1600,via_1600x480
VDD,met3-met4,STRIPE,via,212508,143920,214108,144400,1600,via3_1600x480
VDD,met2-met3,STRIPE,via,212508,143920,214108,144400,1600,via2_1600x480
VDD,met1-met2,STRIPE,via,212508,143920,214108,144400,1600,via_1600x480
VDD,met3-met4,STRIPE,via,185545,143920,187145,144400,1600,via3_1600x480
VDD,met2-met3,STRIPE,via,185545,143920,187145,144400,1600,via2_1600x480
VDD,met1-met2,STRIPE,via,185545,143920,187145,144400,1600,via_1600x480
VDD,met3-met4,STRIPE,via,158974,143920,160574,144400,1600,via3_1600x480
VDD,met2-met3,STRIPE,via,158974,143920,160574,144400,1600,via2_1600x480
VDD,met1-met2,STRIPE,via,158974,143920,160574,144400,1600,via_1600x480
VDD,met3-met4,STRIPE,via,131405,143920,133005,144400,1600,via3_1600x480
VDD,met2-met3,STRIPE,via,131405,143920,133005,144400,1600,via2_1600x480
VDD,met1-met2,STRIPE,via,131405,143920,133005,144400,1600,via_1600x480
VDD,met3-met4,STRIPE,via,104411,143920,106011,144400,1600,via3_1600x480
VDD,met2-met3,STRIPE,via,104411,143920,106011,144400,1600,via2_1600x480
VDD,met1-met2,STRIPE,via,104411,143920,106011,144400,1600,via_1600x480
VDD,met3-met4,STRIPE,via,77699,143920,79299,144400,1600,via3_1600x480
VDD,met2-met3,STRIPE,via,77699,143920,79299,144400,1600,via2_1600x480
VDD,met1-met2,STRIPE,via,77699,143920,79299,144400,1600,via_1600x480
VDD,met3-met4,STRIPE,via,49770,143920,51370,144400,1600,via3_1600x480
VDD,met2-met3,STRIPE,via,49770,143920,51370,144400,1600,via2_1600x480
VDD,met1-met2,STRIPE,via,49770,143920,51370,144400,1600,via_1600x480
VDD,met3-met4,STRIPE,via,22982,143920,24582,144400,1600,via3_1600x480
VDD,met2-met3,STRIPE,via,22982,143920,24582,144400,1600,via2_1600x480
VDD,met1-met2,STRIPE,via,22982,143920,24582,144400,1600,via_1600x480
VDD,met3-met4,STRIPE,via,267383,138480,268983,138960,1600,via3_1600x480
VDD,met2-met3,STRIPE,via,267383,138480,268983,138960,1600,via2_1600x480
VDD,met1-met2,STRIPE,via,267383,138480,268983,138960,1600,via_1600x480
VDD,met3-met4,STRIPE,via,240119,138480,241719,138960,1600,via3_1600x480
VDD,met2-met3,STRIPE,via,240119,138480,241719,138960,1600,via2_1600x480
VDD,met1-met2,STRIPE,via,240119,138480,241719,138960,1600,via_1600x480
VDD,met3-met4,STRIPE,via,212508,138480,214108,138960,1600,via3_1600x480
VDD,met2-met3,STRIPE,via,212508,138480,214108,138960,1600,via2_1600x480
VDD,met1-met2,STRIPE,via,212508,138480,214108,138960,1600,via_1600x480
VDD,met3-met4,STRIPE,via,185545,138480,187145,138960,1600,via3_1600x480
VDD,met2-met3,STRIPE,via,185545,138480,187145,138960,1600,via2_1600x480
VDD,met1-met2,STRIPE,via,185545,138480,187145,138960,1600,via_1600x480
VDD,met3-met4,STRIPE,via,158974,138480,160574,138960,1600,via3_1600x480
VDD,met2-met3,STRIPE,via,158974,138480,160574,138960,1600,via2_1600x480
VDD,met1-met2,STRIPE,via,158974,138480,160574,138960,1600,via_1600x480
VDD,met3-met4,STRIPE,via,131405,138480,133005,138960,1600,via3_1600x480
VDD,met2-met3,STRIPE,via,131405,138480,133005,138960,1600,via2_1600x480
VDD,met1-met2,STRIPE,via,131405,138480,133005,138960,1600,via_1600x480
VDD,met3-met4,STRIPE,via,104411,138480,106011,138960,1600,via3_1600x480
VDD,met2-met3,STRIPE,via,104411,138480,106011,138960,1600,via2_1600x480
VDD,met1-met2,STRIPE,via,104411,138480,106011,138960,1600,via_1600x480
VDD,met3-met4,STRIPE,via,77699,138480,79299,138960,1600,via3_1600x480
VDD,met2-met3,STRIPE,via,77699,138480,79299,138960,1600,via2_1600x480
VDD,met1-met2,STRIPE,via,77699,138480,79299,138960,1600,via_1600x480
VDD,met3-met4,STRIPE,via,49770,138480,51370,138960,1600,via3_1600x480
VDD,met2-met3,STRIPE,via,49770,138480,51370,138960,1600,via2_1600x480
VDD,met1-met2,STRIPE,via,49770,138480,51370,138960,1600,via_1600x480
VDD,met3-met4,STRIPE,via,22982,138480,24582,138960,1600,via3_1600x480
VDD,met2-met3,STRIPE,via,22982,138480,24582,138960,1600,via2_1600x480
VDD,met1-met2,STRIPE,via,22982,138480,24582,138960,1600,via_1600x480
VDD,met3-met4,STRIPE,via,267383,133040,268983,133520,1600,via3_1600x480
VDD,met2-met3,STRIPE,via,267383,133040,268983,133520,1600,via2_1600x480
VDD,met1-met2,STRIPE,via,267383,133040,268983,133520,1600,via_1600x480
VDD,met3-met4,STRIPE,via,240119,133040,241719,133520,1600,via3_1600x480
VDD,met2-met3,STRIPE,via,240119,133040,241719,133520,1600,via2_1600x480
VDD,met1-met2,STRIPE,via,240119,133040,241719,133520,1600,via_1600x480
VDD,met3-met4,STRIPE,via,212508,133040,214108,133520,1600,via3_1600x480
VDD,met2-met3,STRIPE,via,212508,133040,214108,133520,1600,via2_1600x480
VDD,met1-met2,STRIPE,via,212508,133040,214108,133520,1600,via_1600x480
VDD,met3-met4,STRIPE,via,185545,133040,187145,133520,1600,via3_1600x480
VDD,met2-met3,STRIPE,via,185545,133040,187145,133520,1600,via2_1600x480
VDD,met1-met2,STRIPE,via,185545,133040,187145,133520,1600,via_1600x480
VDD,met3-met4,STRIPE,via,158974,133040,160574,133520,1600,via3_1600x480
VDD,met2-met3,STRIPE,via,158974,133040,160574,133520,1600,via2_1600x480
VDD,met1-met2,STRIPE,via,158974,133040,160574,133520,1600,via_1600x480
VDD,met3-met4,STRIPE,via,131405,133040,133005,133520,1600,via3_1600x480
VDD,met2-met3,STRIPE,via,131405,133040,133005,133520,1600,via2_1600x480
VDD,met1-met2,STRIPE,via,131405,133040,133005,133520,1600,via_1600x480
VDD,met3-met4,STRIPE,via,104411,133040,106011,133520,1600,via3_1600x480
VDD,met2-met3,STRIPE,via,104411,133040,106011,133520,1600,via2_1600x480
VDD,met1-met2,STRIPE,via,104411,133040,106011,133520,1600,via_1600x480
VDD,met3-met4,STRIPE,via,77699,133040,79299,133520,1600,via3_1600x480
VDD,met2-met3,STRIPE,via,77699,133040,79299,133520,1600,via2_1600x480
VDD,met1-met2,STRIPE,via,77699,133040,79299,133520,1600,via_1600x480
VDD,met3-met4,STRIPE,via,49770,133040,51370,133520,1600,via3_1600x480
VDD,met2-met3,STRIPE,via,49770,133040,51370,133520,1600,via2_1600x480
VDD,met1-met2,STRIPE,via,49770,133040,51370,133520,1600,via_1600x480
VDD,met3-met4,STRIPE,via,22982,133040,24582,133520,1600,via3_1600x480
VDD,met2-met3,STRIPE,via,22982,133040,24582,133520,1600,via2_1600x480
VDD,met1-met2,STRIPE,via,22982,133040,24582,133520,1600,via_1600x480
VDD,met3-met4,STRIPE,via,267383,127600,268983,128080,1600,via3_1600x480
VDD,met2-met3,STRIPE,via,267383,127600,268983,128080,1600,via2_1600x480
VDD,met1-met2,STRIPE,via,267383,127600,268983,128080,1600,via_1600x480
VDD,met3-met4,STRIPE,via,240119,127600,241719,128080,1600,via3_1600x480
VDD,met2-met3,STRIPE,via,240119,127600,241719,128080,1600,via2_1600x480
VDD,met1-met2,STRIPE,via,240119,127600,241719,128080,1600,via_1600x480
VDD,met3-met4,STRIPE,via,212508,127600,214108,128080,1600,via3_1600x480
VDD,met2-met3,STRIPE,via,212508,127600,214108,128080,1600,via2_1600x480
VDD,met1-met2,STRIPE,via,212508,127600,214108,128080,1600,via_1600x480
VDD,met3-met4,STRIPE,via,185545,127600,187145,128080,1600,via3_1600x480
VDD,met2-met3,STRIPE,via,185545,127600,187145,128080,1600,via2_1600x480
VDD,met1-met2,STRIPE,via,185545,127600,187145,128080,1600,via_1600x480
VDD,met3-met4,STRIPE,via,158974,127600,160574,128080,1600,via3_1600x480
VDD,met2-met3,STRIPE,via,158974,127600,160574,128080,1600,via2_1600x480
VDD,met1-met2,STRIPE,via,158974,127600,160574,128080,1600,via_1600x480
VDD,met3-met4,STRIPE,via,131405,127600,133005,128080,1600,via3_1600x480
VDD,met2-met3,STRIPE,via,131405,127600,133005,128080,1600,via2_1600x480
VDD,met1-met2,STRIPE,via,131405,127600,133005,128080,1600,via_1600x480
VDD,met3-met4,STRIPE,via,104411,127600,106011,128080,1600,via3_1600x480
VDD,met2-met3,STRIPE,via,104411,127600,106011,128080,1600,via2_1600x480
VDD,met1-met2,STRIPE,via,104411,127600,106011,128080,1600,via_1600x480
VDD,met3-met4,STRIPE,via,77699,127600,79299,128080,1600,via3_1600x480
VDD,met2-met3,STRIPE,via,77699,127600,79299,128080,1600,via2_1600x480
VDD,met1-met2,STRIPE,via,77699,127600,79299,128080,1600,via_1600x480
VDD,met3-met4,STRIPE,via,49770,127600,51370,128080,1600,via3_1600x480
VDD,met2-met3,STRIPE,via,49770,127600,51370,128080,1600,via2_1600x480
VDD,met1-met2,STRIPE,via,49770,127600,51370,128080,1600,via_1600x480
VDD,met3-met4,STRIPE,via,22982,127600,24582,128080,1600,via3_1600x480
VDD,met2-met3,STRIPE,via,22982,127600,24582,128080,1600,via2_1600x480
VDD,met1-met2,STRIPE,via,22982,127600,24582,128080,1600,via_1600x480
VDD,met3-met4,STRIPE,via,267383,122160,268983,122640,1600,via3_1600x480
VDD,met2-met3,STRIPE,via,267383,122160,268983,122640,1600,via2_1600x480
VDD,met1-met2,STRIPE,via,267383,122160,268983,122640,1600,via_1600x480
VDD,met3-met4,STRIPE,via,240119,122160,241719,122640,1600,via3_1600x480
VDD,met2-met3,STRIPE,via,240119,122160,241719,122640,1600,via2_1600x480
VDD,met1-met2,STRIPE,via,240119,122160,241719,122640,1600,via_1600x480
VDD,met3-met4,STRIPE,via,212508,122160,214108,122640,1600,via3_1600x480
VDD,met2-met3,STRIPE,via,212508,122160,214108,122640,1600,via2_1600x480
VDD,met1-met2,STRIPE,via,212508,122160,214108,122640,1600,via_1600x480
VDD,met3-met4,STRIPE,via,185545,122160,187145,122640,1600,via3_1600x480
VDD,met2-met3,STRIPE,via,185545,122160,187145,122640,1600,via2_1600x480
VDD,met1-met2,STRIPE,via,185545,122160,187145,122640,1600,via_1600x480
VDD,met3-met4,STRIPE,via,158974,122160,160574,122640,1600,via3_1600x480
VDD,met2-met3,STRIPE,via,158974,122160,160574,122640,1600,via2_1600x480
VDD,met1-met2,STRIPE,via,158974,122160,160574,122640,1600,via_1600x480
VDD,met3-met4,STRIPE,via,131405,122160,133005,122640,1600,via3_1600x480
VDD,met2-met3,STRIPE,via,131405,122160,133005,122640,1600,via2_1600x480
VDD,met1-met2,STRIPE,via,131405,122160,133005,122640,1600,via_1600x480
VDD,met3-met4,STRIPE,via,104411,122160,106011,122640,1600,via3_1600x480
VDD,met2-met3,STRIPE,via,104411,122160,106011,122640,1600,via2_1600x480
VDD,met1-met2,STRIPE,via,104411,122160,106011,122640,1600,via_1600x480
VDD,met3-met4,STRIPE,via,77699,122160,79299,122640,1600,via3_1600x480
VDD,met2-met3,STRIPE,via,77699,122160,79299,122640,1600,via2_1600x480
VDD,met1-met2,STRIPE,via,77699,122160,79299,122640,1600,via_1600x480
VDD,met3-met4,STRIPE,via,49770,122160,51370,122640,1600,via3_1600x480
VDD,met2-met3,STRIPE,via,49770,122160,51370,122640,1600,via2_1600x480
VDD,met1-met2,STRIPE,via,49770,122160,51370,122640,1600,via_1600x480
VDD,met3-met4,STRIPE,via,22982,122160,24582,122640,1600,via3_1600x480
VDD,met2-met3,STRIPE,via,22982,122160,24582,122640,1600,via2_1600x480
VDD,met1-met2,STRIPE,via,22982,122160,24582,122640,1600,via_1600x480
VDD,met3-met4,STRIPE,via,267383,116720,268983,117200,1600,via3_1600x480
VDD,met2-met3,STRIPE,via,267383,116720,268983,117200,1600,via2_1600x480
VDD,met1-met2,STRIPE,via,267383,116720,268983,117200,1600,via_1600x480
VDD,met3-met4,STRIPE,via,240119,116720,241719,117200,1600,via3_1600x480
VDD,met2-met3,STRIPE,via,240119,116720,241719,117200,1600,via2_1600x480
VDD,met1-met2,STRIPE,via,240119,116720,241719,117200,1600,via_1600x480
VDD,met3-met4,STRIPE,via,212508,116720,214108,117200,1600,via3_1600x480
VDD,met2-met3,STRIPE,via,212508,116720,214108,117200,1600,via2_1600x480
VDD,met1-met2,STRIPE,via,212508,116720,214108,117200,1600,via_1600x480
VDD,met3-met4,STRIPE,via,185545,116720,187145,117200,1600,via3_1600x480
VDD,met2-met3,STRIPE,via,185545,116720,187145,117200,1600,via2_1600x480
VDD,met1-met2,STRIPE,via,185545,116720,187145,117200,1600,via_1600x480
VDD,met3-met4,STRIPE,via,158974,116720,160574,117200,1600,via3_1600x480
VDD,met2-met3,STRIPE,via,158974,116720,160574,117200,1600,via2_1600x480
VDD,met1-met2,STRIPE,via,158974,116720,160574,117200,1600,via_1600x480
VDD,met3-met4,STRIPE,via,131405,116720,133005,117200,1600,via3_1600x480
VDD,met2-met3,STRIPE,via,131405,116720,133005,117200,1600,via2_1600x480
VDD,met1-met2,STRIPE,via,131405,116720,133005,117200,1600,via_1600x480
VDD,met3-met4,STRIPE,via,104411,116720,106011,117200,1600,via3_1600x480
VDD,met2-met3,STRIPE,via,104411,116720,106011,117200,1600,via2_1600x480
VDD,met1-met2,STRIPE,via,104411,116720,106011,117200,1600,via_1600x480
VDD,met3-met4,STRIPE,via,77699,116720,79299,117200,1600,via3_1600x480
VDD,met2-met3,STRIPE,via,77699,116720,79299,117200,1600,via2_1600x480
VDD,met1-met2,STRIPE,via,77699,116720,79299,117200,1600,via_1600x480
VDD,met3-met4,STRIPE,via,49770,116720,51370,117200,1600,via3_1600x480
VDD,met2-met3,STRIPE,via,49770,116720,51370,117200,1600,via2_1600x480
VDD,met1-met2,STRIPE,via,49770,116720,51370,117200,1600,via_1600x480
VDD,met3-met4,STRIPE,via,22982,116720,24582,117200,1600,via3_1600x480
VDD,met2-met3,STRIPE,via,22982,116720,24582,117200,1600,via2_1600x480
VDD,met1-met2,STRIPE,via,22982,116720,24582,117200,1600,via_1600x480
VDD,met3-met4,STRIPE,via,267383,111280,268983,111760,1600,via3_1600x480
VDD,met2-met3,STRIPE,via,267383,111280,268983,111760,1600,via2_1600x480
VDD,met1-met2,STRIPE,via,267383,111280,268983,111760,1600,via_1600x480
VDD,met3-met4,STRIPE,via,240119,111280,241719,111760,1600,via3_1600x480
VDD,met2-met3,STRIPE,via,240119,111280,241719,111760,1600,via2_1600x480
VDD,met1-met2,STRIPE,via,240119,111280,241719,111760,1600,via_1600x480
VDD,met3-met4,STRIPE,via,212508,111280,214108,111760,1600,via3_1600x480
VDD,met2-met3,STRIPE,via,212508,111280,214108,111760,1600,via2_1600x480
VDD,met1-met2,STRIPE,via,212508,111280,214108,111760,1600,via_1600x480
VDD,met3-met4,STRIPE,via,185545,111280,187145,111760,1600,via3_1600x480
VDD,met2-met3,STRIPE,via,185545,111280,187145,111760,1600,via2_1600x480
VDD,met1-met2,STRIPE,via,185545,111280,187145,111760,1600,via_1600x480
VDD,met3-met4,STRIPE,via,158974,111280,160574,111760,1600,via3_1600x480
VDD,met2-met3,STRIPE,via,158974,111280,160574,111760,1600,via2_1600x480
VDD,met1-met2,STRIPE,via,158974,111280,160574,111760,1600,via_1600x480
VDD,met3-met4,STRIPE,via,131405,111280,133005,111760,1600,via3_1600x480
VDD,met2-met3,STRIPE,via,131405,111280,133005,111760,1600,via2_1600x480
VDD,met1-met2,STRIPE,via,131405,111280,133005,111760,1600,via_1600x480
VDD,met3-met4,STRIPE,via,104411,111280,106011,111760,1600,via3_1600x480
VDD,met2-met3,STRIPE,via,104411,111280,106011,111760,1600,via2_1600x480
VDD,met1-met2,STRIPE,via,104411,111280,106011,111760,1600,via_1600x480
VDD,met3-met4,STRIPE,via,77699,111280,79299,111760,1600,via3_1600x480
VDD,met2-met3,STRIPE,via,77699,111280,79299,111760,1600,via2_1600x480
VDD,met1-met2,STRIPE,via,77699,111280,79299,111760,1600,via_1600x480
VDD,met3-met4,STRIPE,via,49770,111280,51370,111760,1600,via3_1600x480
VDD,met2-met3,STRIPE,via,49770,111280,51370,111760,1600,via2_1600x480
VDD,met1-met2,STRIPE,via,49770,111280,51370,111760,1600,via_1600x480
VDD,met3-met4,STRIPE,via,22982,111280,24582,111760,1600,via3_1600x480
VDD,met2-met3,STRIPE,via,22982,111280,24582,111760,1600,via2_1600x480
VDD,met1-met2,STRIPE,via,22982,111280,24582,111760,1600,via_1600x480
VDD,met3-met4,STRIPE,via,267383,105840,268983,106320,1600,via3_1600x480
VDD,met2-met3,STRIPE,via,267383,105840,268983,106320,1600,via2_1600x480
VDD,met1-met2,STRIPE,via,267383,105840,268983,106320,1600,via_1600x480
VDD,met3-met4,STRIPE,via,240119,105840,241719,106320,1600,via3_1600x480
VDD,met2-met3,STRIPE,via,240119,105840,241719,106320,1600,via2_1600x480
VDD,met1-met2,STRIPE,via,240119,105840,241719,106320,1600,via_1600x480
VDD,met3-met4,STRIPE,via,212508,105840,214108,106320,1600,via3_1600x480
VDD,met2-met3,STRIPE,via,212508,105840,214108,106320,1600,via2_1600x480
VDD,met1-met2,STRIPE,via,212508,105840,214108,106320,1600,via_1600x480
VDD,met3-met4,STRIPE,via,185545,105840,187145,106320,1600,via3_1600x480
VDD,met2-met3,STRIPE,via,185545,105840,187145,106320,1600,via2_1600x480
VDD,met1-met2,STRIPE,via,185545,105840,187145,106320,1600,via_1600x480
VDD,met3-met4,STRIPE,via,158974,105840,160574,106320,1600,via3_1600x480
VDD,met2-met3,STRIPE,via,158974,105840,160574,106320,1600,via2_1600x480
VDD,met1-met2,STRIPE,via,158974,105840,160574,106320,1600,via_1600x480
VDD,met3-met4,STRIPE,via,131405,105840,133005,106320,1600,via3_1600x480
VDD,met2-met3,STRIPE,via,131405,105840,133005,106320,1600,via2_1600x480
VDD,met1-met2,STRIPE,via,131405,105840,133005,106320,1600,via_1600x480
VDD,met3-met4,STRIPE,via,104411,105840,106011,106320,1600,via3_1600x480
VDD,met2-met3,STRIPE,via,104411,105840,106011,106320,1600,via2_1600x480
VDD,met1-met2,STRIPE,via,104411,105840,106011,106320,1600,via_1600x480
VDD,met3-met4,STRIPE,via,77699,105840,79299,106320,1600,via3_1600x480
VDD,met2-met3,STRIPE,via,77699,105840,79299,106320,1600,via2_1600x480
VDD,met1-met2,STRIPE,via,77699,105840,79299,106320,1600,via_1600x480
VDD,met3-met4,STRIPE,via,49770,105840,51370,106320,1600,via3_1600x480
VDD,met2-met3,STRIPE,via,49770,105840,51370,106320,1600,via2_1600x480
VDD,met1-met2,STRIPE,via,49770,105840,51370,106320,1600,via_1600x480
VDD,met3-met4,STRIPE,via,22982,105840,24582,106320,1600,via3_1600x480
VDD,met2-met3,STRIPE,via,22982,105840,24582,106320,1600,via2_1600x480
VDD,met1-met2,STRIPE,via,22982,105840,24582,106320,1600,via_1600x480
VDD,met3-met4,STRIPE,via,267383,100400,268983,100880,1600,via3_1600x480
VDD,met2-met3,STRIPE,via,267383,100400,268983,100880,1600,via2_1600x480
VDD,met1-met2,STRIPE,via,267383,100400,268983,100880,1600,via_1600x480
VDD,met3-met4,STRIPE,via,240119,100400,241719,100880,1600,via3_1600x480
VDD,met2-met3,STRIPE,via,240119,100400,241719,100880,1600,via2_1600x480
VDD,met1-met2,STRIPE,via,240119,100400,241719,100880,1600,via_1600x480
VDD,met3-met4,STRIPE,via,212508,100400,214108,100880,1600,via3_1600x480
VDD,met2-met3,STRIPE,via,212508,100400,214108,100880,1600,via2_1600x480
VDD,met1-met2,STRIPE,via,212508,100400,214108,100880,1600,via_1600x480
VDD,met3-met4,STRIPE,via,185545,100400,187145,100880,1600,via3_1600x480
VDD,met2-met3,STRIPE,via,185545,100400,187145,100880,1600,via2_1600x480
VDD,met1-met2,STRIPE,via,185545,100400,187145,100880,1600,via_1600x480
VDD,met3-met4,STRIPE,via,158974,100400,160574,100880,1600,via3_1600x480
VDD,met2-met3,STRIPE,via,158974,100400,160574,100880,1600,via2_1600x480
VDD,met1-met2,STRIPE,via,158974,100400,160574,100880,1600,via_1600x480
VDD,met3-met4,STRIPE,via,131405,100400,133005,100880,1600,via3_1600x480
VDD,met2-met3,STRIPE,via,131405,100400,133005,100880,1600,via2_1600x480
VDD,met1-met2,STRIPE,via,131405,100400,133005,100880,1600,via_1600x480
VDD,met3-met4,STRIPE,via,104411,100400,106011,100880,1600,via3_1600x480
VDD,met2-met3,STRIPE,via,104411,100400,106011,100880,1600,via2_1600x480
VDD,met1-met2,STRIPE,via,104411,100400,106011,100880,1600,via_1600x480
VDD,met3-met4,STRIPE,via,77699,100400,79299,100880,1600,via3_1600x480
VDD,met2-met3,STRIPE,via,77699,100400,79299,100880,1600,via2_1600x480
VDD,met1-met2,STRIPE,via,77699,100400,79299,100880,1600,via_1600x480
VDD,met3-met4,STRIPE,via,49770,100400,51370,100880,1600,via3_1600x480
VDD,met2-met3,STRIPE,via,49770,100400,51370,100880,1600,via2_1600x480
VDD,met1-met2,STRIPE,via,49770,100400,51370,100880,1600,via_1600x480
VDD,met3-met4,STRIPE,via,22982,100400,24582,100880,1600,via3_1600x480
VDD,met2-met3,STRIPE,via,22982,100400,24582,100880,1600,via2_1600x480
VDD,met1-met2,STRIPE,via,22982,100400,24582,100880,1600,via_1600x480
VDD,met3-met4,STRIPE,via,267383,94960,268983,95440,1600,via3_1600x480
VDD,met2-met3,STRIPE,via,267383,94960,268983,95440,1600,via2_1600x480
VDD,met1-met2,STRIPE,via,267383,94960,268983,95440,1600,via_1600x480
VDD,met3-met4,STRIPE,via,240119,94960,241719,95440,1600,via3_1600x480
VDD,met2-met3,STRIPE,via,240119,94960,241719,95440,1600,via2_1600x480
VDD,met1-met2,STRIPE,via,240119,94960,241719,95440,1600,via_1600x480
VDD,met3-met4,STRIPE,via,212508,94960,214108,95440,1600,via3_1600x480
VDD,met2-met3,STRIPE,via,212508,94960,214108,95440,1600,via2_1600x480
VDD,met1-met2,STRIPE,via,212508,94960,214108,95440,1600,via_1600x480
VDD,met3-met4,STRIPE,via,185545,94960,187145,95440,1600,via3_1600x480
VDD,met2-met3,STRIPE,via,185545,94960,187145,95440,1600,via2_1600x480
VDD,met1-met2,STRIPE,via,185545,94960,187145,95440,1600,via_1600x480
VDD,met3-met4,STRIPE,via,158974,94960,160574,95440,1600,via3_1600x480
VDD,met2-met3,STRIPE,via,158974,94960,160574,95440,1600,via2_1600x480
VDD,met1-met2,STRIPE,via,158974,94960,160574,95440,1600,via_1600x480
VDD,met3-met4,STRIPE,via,131405,94960,133005,95440,1600,via3_1600x480
VDD,met2-met3,STRIPE,via,131405,94960,133005,95440,1600,via2_1600x480
VDD,met1-met2,STRIPE,via,131405,94960,133005,95440,1600,via_1600x480
VDD,met3-met4,STRIPE,via,104411,94960,106011,95440,1600,via3_1600x480
VDD,met2-met3,STRIPE,via,104411,94960,106011,95440,1600,via2_1600x480
VDD,met1-met2,STRIPE,via,104411,94960,106011,95440,1600,via_1600x480
VDD,met3-met4,STRIPE,via,77699,94960,79299,95440,1600,via3_1600x480
VDD,met2-met3,STRIPE,via,77699,94960,79299,95440,1600,via2_1600x480
VDD,met1-met2,STRIPE,via,77699,94960,79299,95440,1600,via_1600x480
VDD,met3-met4,STRIPE,via,49770,94960,51370,95440,1600,via3_1600x480
VDD,met2-met3,STRIPE,via,49770,94960,51370,95440,1600,via2_1600x480
VDD,met1-met2,STRIPE,via,49770,94960,51370,95440,1600,via_1600x480
VDD,met3-met4,STRIPE,via,22982,94960,24582,95440,1600,via3_1600x480
VDD,met2-met3,STRIPE,via,22982,94960,24582,95440,1600,via2_1600x480
VDD,met1-met2,STRIPE,via,22982,94960,24582,95440,1600,via_1600x480
VDD,met3-met4,STRIPE,via,267383,89520,268983,90000,1600,via3_1600x480
VDD,met2-met3,STRIPE,via,267383,89520,268983,90000,1600,via2_1600x480
VDD,met1-met2,STRIPE,via,267383,89520,268983,90000,1600,via_1600x480
VDD,met3-met4,STRIPE,via,240119,89520,241719,90000,1600,via3_1600x480
VDD,met2-met3,STRIPE,via,240119,89520,241719,90000,1600,via2_1600x480
VDD,met1-met2,STRIPE,via,240119,89520,241719,90000,1600,via_1600x480
VDD,met3-met4,STRIPE,via,212508,89520,214108,90000,1600,via3_1600x480
VDD,met2-met3,STRIPE,via,212508,89520,214108,90000,1600,via2_1600x480
VDD,met1-met2,STRIPE,via,212508,89520,214108,90000,1600,via_1600x480
VDD,met3-met4,STRIPE,via,185545,89520,187145,90000,1600,via3_1600x480
VDD,met2-met3,STRIPE,via,185545,89520,187145,90000,1600,via2_1600x480
VDD,met1-met2,STRIPE,via,185545,89520,187145,90000,1600,via_1600x480
VDD,met3-met4,STRIPE,via,158974,89520,160574,90000,1600,via3_1600x480
VDD,met2-met3,STRIPE,via,158974,89520,160574,90000,1600,via2_1600x480
VDD,met1-met2,STRIPE,via,158974,89520,160574,90000,1600,via_1600x480
VDD,met3-met4,STRIPE,via,131405,89520,133005,90000,1600,via3_1600x480
VDD,met2-met3,STRIPE,via,131405,89520,133005,90000,1600,via2_1600x480
VDD,met1-met2,STRIPE,via,131405,89520,133005,90000,1600,via_1600x480
VDD,met3-met4,STRIPE,via,104411,89520,106011,90000,1600,via3_1600x480
VDD,met2-met3,STRIPE,via,104411,89520,106011,90000,1600,via2_1600x480
VDD,met1-met2,STRIPE,via,104411,89520,106011,90000,1600,via_1600x480
VDD,met3-met4,STRIPE,via,77699,89520,79299,90000,1600,via3_1600x480
VDD,met2-met3,STRIPE,via,77699,89520,79299,90000,1600,via2_1600x480
VDD,met1-met2,STRIPE,via,77699,89520,79299,90000,1600,via_1600x480
VDD,met3-met4,STRIPE,via,49770,89520,51370,90000,1600,via3_1600x480
VDD,met2-met3,STRIPE,via,49770,89520,51370,90000,1600,via2_1600x480
VDD,met1-met2,STRIPE,via,49770,89520,51370,90000,1600,via_1600x480
VDD,met3-met4,STRIPE,via,22982,89520,24582,90000,1600,via3_1600x480
VDD,met2-met3,STRIPE,via,22982,89520,24582,90000,1600,via2_1600x480
VDD,met1-met2,STRIPE,via,22982,89520,24582,90000,1600,via_1600x480
VDD,met3-met4,STRIPE,via,267383,84080,268983,84560,1600,via3_1600x480
VDD,met2-met3,STRIPE,via,267383,84080,268983,84560,1600,via2_1600x480
VDD,met1-met2,STRIPE,via,267383,84080,268983,84560,1600,via_1600x480
VDD,met3-met4,STRIPE,via,240119,84080,241719,84560,1600,via3_1600x480
VDD,met2-met3,STRIPE,via,240119,84080,241719,84560,1600,via2_1600x480
VDD,met1-met2,STRIPE,via,240119,84080,241719,84560,1600,via_1600x480
VDD,met3-met4,STRIPE,via,212508,84080,214108,84560,1600,via3_1600x480
VDD,met2-met3,STRIPE,via,212508,84080,214108,84560,1600,via2_1600x480
VDD,met1-met2,STRIPE,via,212508,84080,214108,84560,1600,via_1600x480
VDD,met3-met4,STRIPE,via,185545,84080,187145,84560,1600,via3_1600x480
VDD,met2-met3,STRIPE,via,185545,84080,187145,84560,1600,via2_1600x480
VDD,met1-met2,STRIPE,via,185545,84080,187145,84560,1600,via_1600x480
VDD,met3-met4,STRIPE,via,158974,84080,160574,84560,1600,via3_1600x480
VDD,met2-met3,STRIPE,via,158974,84080,160574,84560,1600,via2_1600x480
VDD,met1-met2,STRIPE,via,158974,84080,160574,84560,1600,via_1600x480
VDD,met3-met4,STRIPE,via,131405,84080,133005,84560,1600,via3_1600x480
VDD,met2-met3,STRIPE,via,131405,84080,133005,84560,1600,via2_1600x480
VDD,met1-met2,STRIPE,via,131405,84080,133005,84560,1600,via_1600x480
VDD,met3-met4,STRIPE,via,104411,84080,106011,84560,1600,via3_1600x480
VDD,met2-met3,STRIPE,via,104411,84080,106011,84560,1600,via2_1600x480
VDD,met1-met2,STRIPE,via,104411,84080,106011,84560,1600,via_1600x480
VDD,met3-met4,STRIPE,via,77699,84080,79299,84560,1600,via3_1600x480
VDD,met2-met3,STRIPE,via,77699,84080,79299,84560,1600,via2_1600x480
VDD,met1-met2,STRIPE,via,77699,84080,79299,84560,1600,via_1600x480
VDD,met3-met4,STRIPE,via,49770,84080,51370,84560,1600,via3_1600x480
VDD,met2-met3,STRIPE,via,49770,84080,51370,84560,1600,via2_1600x480
VDD,met1-met2,STRIPE,via,49770,84080,51370,84560,1600,via_1600x480
VDD,met3-met4,STRIPE,via,22982,84080,24582,84560,1600,via3_1600x480
VDD,met2-met3,STRIPE,via,22982,84080,24582,84560,1600,via2_1600x480
VDD,met1-met2,STRIPE,via,22982,84080,24582,84560,1600,via_1600x480
VDD,met3-met4,STRIPE,via,267383,78640,268983,79120,1600,via3_1600x480
VDD,met2-met3,STRIPE,via,267383,78640,268983,79120,1600,via2_1600x480
VDD,met1-met2,STRIPE,via,267383,78640,268983,79120,1600,via_1600x480
VDD,met3-met4,STRIPE,via,240119,78640,241719,79120,1600,via3_1600x480
VDD,met2-met3,STRIPE,via,240119,78640,241719,79120,1600,via2_1600x480
VDD,met1-met2,STRIPE,via,240119,78640,241719,79120,1600,via_1600x480
VDD,met3-met4,STRIPE,via,212508,78640,214108,79120,1600,via3_1600x480
VDD,met2-met3,STRIPE,via,212508,78640,214108,79120,1600,via2_1600x480
VDD,met1-met2,STRIPE,via,212508,78640,214108,79120,1600,via_1600x480
VDD,met3-met4,STRIPE,via,185545,78640,187145,79120,1600,via3_1600x480
VDD,met2-met3,STRIPE,via,185545,78640,187145,79120,1600,via2_1600x480
VDD,met1-met2,STRIPE,via,185545,78640,187145,79120,1600,via_1600x480
VDD,met3-met4,STRIPE,via,158974,78640,160574,79120,1600,via3_1600x480
VDD,met2-met3,STRIPE,via,158974,78640,160574,79120,1600,via2_1600x480
VDD,met1-met2,STRIPE,via,158974,78640,160574,79120,1600,via_1600x480
VDD,met3-met4,STRIPE,via,131405,78640,133005,79120,1600,via3_1600x480
VDD,met2-met3,STRIPE,via,131405,78640,133005,79120,1600,via2_1600x480
VDD,met1-met2,STRIPE,via,131405,78640,133005,79120,1600,via_1600x480
VDD,met3-met4,STRIPE,via,104411,78640,106011,79120,1600,via3_1600x480
VDD,met2-met3,STRIPE,via,104411,78640,106011,79120,1600,via2_1600x480
VDD,met1-met2,STRIPE,via,104411,78640,106011,79120,1600,via_1600x480
VDD,met3-met4,STRIPE,via,77699,78640,79299,79120,1600,via3_1600x480
VDD,met2-met3,STRIPE,via,77699,78640,79299,79120,1600,via2_1600x480
VDD,met1-met2,STRIPE,via,77699,78640,79299,79120,1600,via_1600x480
VDD,met3-met4,STRIPE,via,49770,78640,51370,79120,1600,via3_1600x480
VDD,met2-met3,STRIPE,via,49770,78640,51370,79120,1600,via2_1600x480
VDD,met1-met2,STRIPE,via,49770,78640,51370,79120,1600,via_1600x480
VDD,met3-met4,STRIPE,via,22982,78640,24582,79120,1600,via3_1600x480
VDD,met2-met3,STRIPE,via,22982,78640,24582,79120,1600,via2_1600x480
VDD,met1-met2,STRIPE,via,22982,78640,24582,79120,1600,via_1600x480
VDD,met3-met4,STRIPE,via,267383,73200,268983,73680,1600,via3_1600x480
VDD,met2-met3,STRIPE,via,267383,73200,268983,73680,1600,via2_1600x480
VDD,met1-met2,STRIPE,via,267383,73200,268983,73680,1600,via_1600x480
VDD,met3-met4,STRIPE,via,240119,73200,241719,73680,1600,via3_1600x480
VDD,met2-met3,STRIPE,via,240119,73200,241719,73680,1600,via2_1600x480
VDD,met1-met2,STRIPE,via,240119,73200,241719,73680,1600,via_1600x480
VDD,met3-met4,STRIPE,via,212508,73200,214108,73680,1600,via3_1600x480
VDD,met2-met3,STRIPE,via,212508,73200,214108,73680,1600,via2_1600x480
VDD,met1-met2,STRIPE,via,212508,73200,214108,73680,1600,via_1600x480
VDD,met3-met4,STRIPE,via,185545,73200,187145,73680,1600,via3_1600x480
VDD,met2-met3,STRIPE,via,185545,73200,187145,73680,1600,via2_1600x480
VDD,met1-met2,STRIPE,via,185545,73200,187145,73680,1600,via_1600x480
VDD,met3-met4,STRIPE,via,158974,73200,160574,73680,1600,via3_1600x480
VDD,met2-met3,STRIPE,via,158974,73200,160574,73680,1600,via2_1600x480
VDD,met1-met2,STRIPE,via,158974,73200,160574,73680,1600,via_1600x480
VDD,met3-met4,STRIPE,via,131405,73200,133005,73680,1600,via3_1600x480
VDD,met2-met3,STRIPE,via,131405,73200,133005,73680,1600,via2_1600x480
VDD,met1-met2,STRIPE,via,131405,73200,133005,73680,1600,via_1600x480
VDD,met3-met4,STRIPE,via,104411,73200,106011,73680,1600,via3_1600x480
VDD,met2-met3,STRIPE,via,104411,73200,106011,73680,1600,via2_1600x480
VDD,met1-met2,STRIPE,via,104411,73200,106011,73680,1600,via_1600x480
VDD,met3-met4,STRIPE,via,77699,73200,79299,73680,1600,via3_1600x480
VDD,met2-met3,STRIPE,via,77699,73200,79299,73680,1600,via2_1600x480
VDD,met1-met2,STRIPE,via,77699,73200,79299,73680,1600,via_1600x480
VDD,met3-met4,STRIPE,via,49770,73200,51370,73680,1600,via3_1600x480
VDD,met2-met3,STRIPE,via,49770,73200,51370,73680,1600,via2_1600x480
VDD,met1-met2,STRIPE,via,49770,73200,51370,73680,1600,via_1600x480
VDD,met3-met4,STRIPE,via,22982,73200,24582,73680,1600,via3_1600x480
VDD,met2-met3,STRIPE,via,22982,73200,24582,73680,1600,via2_1600x480
VDD,met1-met2,STRIPE,via,22982,73200,24582,73680,1600,via_1600x480
VDD,met3-met4,STRIPE,via,267383,67760,268983,68240,1600,via3_1600x480
VDD,met2-met3,STRIPE,via,267383,67760,268983,68240,1600,via2_1600x480
VDD,met1-met2,STRIPE,via,267383,67760,268983,68240,1600,via_1600x480
VDD,met3-met4,STRIPE,via,240119,67760,241719,68240,1600,via3_1600x480
VDD,met2-met3,STRIPE,via,240119,67760,241719,68240,1600,via2_1600x480
VDD,met1-met2,STRIPE,via,240119,67760,241719,68240,1600,via_1600x480
VDD,met3-met4,STRIPE,via,212508,67760,214108,68240,1600,via3_1600x480
VDD,met2-met3,STRIPE,via,212508,67760,214108,68240,1600,via2_1600x480
VDD,met1-met2,STRIPE,via,212508,67760,214108,68240,1600,via_1600x480
VDD,met3-met4,STRIPE,via,185545,67760,187145,68240,1600,via3_1600x480
VDD,met2-met3,STRIPE,via,185545,67760,187145,68240,1600,via2_1600x480
VDD,met1-met2,STRIPE,via,185545,67760,187145,68240,1600,via_1600x480
VDD,met3-met4,STRIPE,via,158974,67760,160574,68240,1600,via3_1600x480
VDD,met2-met3,STRIPE,via,158974,67760,160574,68240,1600,via2_1600x480
VDD,met1-met2,STRIPE,via,158974,67760,160574,68240,1600,via_1600x480
VDD,met3-met4,STRIPE,via,131405,67760,133005,68240,1600,via3_1600x480
VDD,met2-met3,STRIPE,via,131405,67760,133005,68240,1600,via2_1600x480
VDD,met1-met2,STRIPE,via,131405,67760,133005,68240,1600,via_1600x480
VDD,met3-met4,STRIPE,via,104411,67760,106011,68240,1600,via3_1600x480
VDD,met2-met3,STRIPE,via,104411,67760,106011,68240,1600,via2_1600x480
VDD,met1-met2,STRIPE,via,104411,67760,106011,68240,1600,via_1600x480
VDD,met3-met4,STRIPE,via,77699,67760,79299,68240,1600,via3_1600x480
VDD,met2-met3,STRIPE,via,77699,67760,79299,68240,1600,via2_1600x480
VDD,met1-met2,STRIPE,via,77699,67760,79299,68240,1600,via_1600x480
VDD,met3-met4,STRIPE,via,49770,67760,51370,68240,1600,via3_1600x480
VDD,met2-met3,STRIPE,via,49770,67760,51370,68240,1600,via2_1600x480
VDD,met1-met2,STRIPE,via,49770,67760,51370,68240,1600,via_1600x480
VDD,met3-met4,STRIPE,via,22982,67760,24582,68240,1600,via3_1600x480
VDD,met2-met3,STRIPE,via,22982,67760,24582,68240,1600,via2_1600x480
VDD,met1-met2,STRIPE,via,22982,67760,24582,68240,1600,via_1600x480
VDD,met3-met4,STRIPE,via,267383,62320,268983,62800,1600,via3_1600x480
VDD,met2-met3,STRIPE,via,267383,62320,268983,62800,1600,via2_1600x480
VDD,met1-met2,STRIPE,via,267383,62320,268983,62800,1600,via_1600x480
VDD,met3-met4,STRIPE,via,240119,62320,241719,62800,1600,via3_1600x480
VDD,met2-met3,STRIPE,via,240119,62320,241719,62800,1600,via2_1600x480
VDD,met1-met2,STRIPE,via,240119,62320,241719,62800,1600,via_1600x480
VDD,met3-met4,STRIPE,via,212508,62320,214108,62800,1600,via3_1600x480
VDD,met2-met3,STRIPE,via,212508,62320,214108,62800,1600,via2_1600x480
VDD,met1-met2,STRIPE,via,212508,62320,214108,62800,1600,via_1600x480
VDD,met3-met4,STRIPE,via,185545,62320,187145,62800,1600,via3_1600x480
VDD,met2-met3,STRIPE,via,185545,62320,187145,62800,1600,via2_1600x480
VDD,met1-met2,STRIPE,via,185545,62320,187145,62800,1600,via_1600x480
VDD,met3-met4,STRIPE,via,158974,62320,160574,62800,1600,via3_1600x480
VDD,met2-met3,STRIPE,via,158974,62320,160574,62800,1600,via2_1600x480
VDD,met1-met2,STRIPE,via,158974,62320,160574,62800,1600,via_1600x480
VDD,met3-met4,STRIPE,via,131405,62320,133005,62800,1600,via3_1600x480
VDD,met2-met3,STRIPE,via,131405,62320,133005,62800,1600,via2_1600x480
VDD,met1-met2,STRIPE,via,131405,62320,133005,62800,1600,via_1600x480
VDD,met3-met4,STRIPE,via,104411,62320,106011,62800,1600,via3_1600x480
VDD,met2-met3,STRIPE,via,104411,62320,106011,62800,1600,via2_1600x480
VDD,met1-met2,STRIPE,via,104411,62320,106011,62800,1600,via_1600x480
VDD,met3-met4,STRIPE,via,77699,62320,79299,62800,1600,via3_1600x480
VDD,met2-met3,STRIPE,via,77699,62320,79299,62800,1600,via2_1600x480
VDD,met1-met2,STRIPE,via,77699,62320,79299,62800,1600,via_1600x480
VDD,met3-met4,STRIPE,via,49770,62320,51370,62800,1600,via3_1600x480
VDD,met2-met3,STRIPE,via,49770,62320,51370,62800,1600,via2_1600x480
VDD,met1-met2,STRIPE,via,49770,62320,51370,62800,1600,via_1600x480
VDD,met3-met4,STRIPE,via,22982,62320,24582,62800,1600,via3_1600x480
VDD,met2-met3,STRIPE,via,22982,62320,24582,62800,1600,via2_1600x480
VDD,met1-met2,STRIPE,via,22982,62320,24582,62800,1600,via_1600x480
VDD,met3-met4,STRIPE,via,267383,56880,268983,57360,1600,via3_1600x480
VDD,met2-met3,STRIPE,via,267383,56880,268983,57360,1600,via2_1600x480
VDD,met1-met2,STRIPE,via,267383,56880,268983,57360,1600,via_1600x480
VDD,met3-met4,STRIPE,via,240119,56880,241719,57360,1600,via3_1600x480
VDD,met2-met3,STRIPE,via,240119,56880,241719,57360,1600,via2_1600x480
VDD,met1-met2,STRIPE,via,240119,56880,241719,57360,1600,via_1600x480
VDD,met3-met4,STRIPE,via,212508,56880,214108,57360,1600,via3_1600x480
VDD,met2-met3,STRIPE,via,212508,56880,214108,57360,1600,via2_1600x480
VDD,met1-met2,STRIPE,via,212508,56880,214108,57360,1600,via_1600x480
VDD,met3-met4,STRIPE,via,185545,56880,187145,57360,1600,via3_1600x480
VDD,met2-met3,STRIPE,via,185545,56880,187145,57360,1600,via2_1600x480
VDD,met1-met2,STRIPE,via,185545,56880,187145,57360,1600,via_1600x480
VDD,met3-met4,STRIPE,via,158974,56880,160574,57360,1600,via3_1600x480
VDD,met2-met3,STRIPE,via,158974,56880,160574,57360,1600,via2_1600x480
VDD,met1-met2,STRIPE,via,158974,56880,160574,57360,1600,via_1600x480
VDD,met3-met4,STRIPE,via,131405,56880,133005,57360,1600,via3_1600x480
VDD,met2-met3,STRIPE,via,131405,56880,133005,57360,1600,via2_1600x480
VDD,met1-met2,STRIPE,via,131405,56880,133005,57360,1600,via_1600x480
VDD,met3-met4,STRIPE,via,104411,56880,106011,57360,1600,via3_1600x480
VDD,met2-met3,STRIPE,via,104411,56880,106011,57360,1600,via2_1600x480
VDD,met1-met2,STRIPE,via,104411,56880,106011,57360,1600,via_1600x480
VDD,met3-met4,STRIPE,via,77699,56880,79299,57360,1600,via3_1600x480
VDD,met2-met3,STRIPE,via,77699,56880,79299,57360,1600,via2_1600x480
VDD,met1-met2,STRIPE,via,77699,56880,79299,57360,1600,via_1600x480
VDD,met3-met4,STRIPE,via,49770,56880,51370,57360,1600,via3_1600x480
VDD,met2-met3,STRIPE,via,49770,56880,51370,57360,1600,via2_1600x480
VDD,met1-met2,STRIPE,via,49770,56880,51370,57360,1600,via_1600x480
VDD,met3-met4,STRIPE,via,22982,56880,24582,57360,1600,via3_1600x480
VDD,met2-met3,STRIPE,via,22982,56880,24582,57360,1600,via2_1600x480
VDD,met1-met2,STRIPE,via,22982,56880,24582,57360,1600,via_1600x480
VDD,met3-met4,STRIPE,via,267383,51440,268983,51920,1600,via3_1600x480
VDD,met2-met3,STRIPE,via,267383,51440,268983,51920,1600,via2_1600x480
VDD,met1-met2,STRIPE,via,267383,51440,268983,51920,1600,via_1600x480
VDD,met3-met4,STRIPE,via,240119,51440,241719,51920,1600,via3_1600x480
VDD,met2-met3,STRIPE,via,240119,51440,241719,51920,1600,via2_1600x480
VDD,met1-met2,STRIPE,via,240119,51440,241719,51920,1600,via_1600x480
VDD,met3-met4,STRIPE,via,212508,51440,214108,51920,1600,via3_1600x480
VDD,met2-met3,STRIPE,via,212508,51440,214108,51920,1600,via2_1600x480
VDD,met1-met2,STRIPE,via,212508,51440,214108,51920,1600,via_1600x480
VDD,met3-met4,STRIPE,via,185545,51440,187145,51920,1600,via3_1600x480
VDD,met2-met3,STRIPE,via,185545,51440,187145,51920,1600,via2_1600x480
VDD,met1-met2,STRIPE,via,185545,51440,187145,51920,1600,via_1600x480
VDD,met3-met4,STRIPE,via,158974,51440,160574,51920,1600,via3_1600x480
VDD,met2-met3,STRIPE,via,158974,51440,160574,51920,1600,via2_1600x480
VDD,met1-met2,STRIPE,via,158974,51440,160574,51920,1600,via_1600x480
VDD,met3-met4,STRIPE,via,131405,51440,133005,51920,1600,via3_1600x480
VDD,met2-met3,STRIPE,via,131405,51440,133005,51920,1600,via2_1600x480
VDD,met1-met2,STRIPE,via,131405,51440,133005,51920,1600,via_1600x480
VDD,met3-met4,STRIPE,via,104411,51440,106011,51920,1600,via3_1600x480
VDD,met2-met3,STRIPE,via,104411,51440,106011,51920,1600,via2_1600x480
VDD,met1-met2,STRIPE,via,104411,51440,106011,51920,1600,via_1600x480
VDD,met3-met4,STRIPE,via,77699,51440,79299,51920,1600,via3_1600x480
VDD,met2-met3,STRIPE,via,77699,51440,79299,51920,1600,via2_1600x480
VDD,met1-met2,STRIPE,via,77699,51440,79299,51920,1600,via_1600x480
VDD,met3-met4,STRIPE,via,49770,51440,51370,51920,1600,via3_1600x480
VDD,met2-met3,STRIPE,via,49770,51440,51370,51920,1600,via2_1600x480
VDD,met1-met2,STRIPE,via,49770,51440,51370,51920,1600,via_1600x480
VDD,met3-met4,STRIPE,via,22982,51440,24582,51920,1600,via3_1600x480
VDD,met2-met3,STRIPE,via,22982,51440,24582,51920,1600,via2_1600x480
VDD,met1-met2,STRIPE,via,22982,51440,24582,51920,1600,via_1600x480
VDD,met3-met4,STRIPE,via,267383,46000,268983,46480,1600,via3_1600x480
VDD,met2-met3,STRIPE,via,267383,46000,268983,46480,1600,via2_1600x480
VDD,met1-met2,STRIPE,via,267383,46000,268983,46480,1600,via_1600x480
VDD,met3-met4,STRIPE,via,240119,46000,241719,46480,1600,via3_1600x480
VDD,met2-met3,STRIPE,via,240119,46000,241719,46480,1600,via2_1600x480
VDD,met1-met2,STRIPE,via,240119,46000,241719,46480,1600,via_1600x480
VDD,met3-met4,STRIPE,via,212508,46000,214108,46480,1600,via3_1600x480
VDD,met2-met3,STRIPE,via,212508,46000,214108,46480,1600,via2_1600x480
VDD,met1-met2,STRIPE,via,212508,46000,214108,46480,1600,via_1600x480
VDD,met3-met4,STRIPE,via,185545,46000,187145,46480,1600,via3_1600x480
VDD,met2-met3,STRIPE,via,185545,46000,187145,46480,1600,via2_1600x480
VDD,met1-met2,STRIPE,via,185545,46000,187145,46480,1600,via_1600x480
VDD,met3-met4,STRIPE,via,158974,46000,160574,46480,1600,via3_1600x480
VDD,met2-met3,STRIPE,via,158974,46000,160574,46480,1600,via2_1600x480
VDD,met1-met2,STRIPE,via,158974,46000,160574,46480,1600,via_1600x480
VDD,met3-met4,STRIPE,via,131405,46000,133005,46480,1600,via3_1600x480
VDD,met2-met3,STRIPE,via,131405,46000,133005,46480,1600,via2_1600x480
VDD,met1-met2,STRIPE,via,131405,46000,133005,46480,1600,via_1600x480
VDD,met3-met4,STRIPE,via,104411,46000,106011,46480,1600,via3_1600x480
VDD,met2-met3,STRIPE,via,104411,46000,106011,46480,1600,via2_1600x480
VDD,met1-met2,STRIPE,via,104411,46000,106011,46480,1600,via_1600x480
VDD,met3-met4,STRIPE,via,77699,46000,79299,46480,1600,via3_1600x480
VDD,met2-met3,STRIPE,via,77699,46000,79299,46480,1600,via2_1600x480
VDD,met1-met2,STRIPE,via,77699,46000,79299,46480,1600,via_1600x480
VDD,met3-met4,STRIPE,via,49770,46000,51370,46480,1600,via3_1600x480
VDD,met2-met3,STRIPE,via,49770,46000,51370,46480,1600,via2_1600x480
VDD,met1-met2,STRIPE,via,49770,46000,51370,46480,1600,via_1600x480
VDD,met3-met4,STRIPE,via,22982,46000,24582,46480,1600,via3_1600x480
VDD,met2-met3,STRIPE,via,22982,46000,24582,46480,1600,via2_1600x480
VDD,met1-met2,STRIPE,via,22982,46000,24582,46480,1600,via_1600x480
VDD,met3-met4,STRIPE,via,267383,40560,268983,41040,1600,via3_1600x480
VDD,met2-met3,STRIPE,via,267383,40560,268983,41040,1600,via2_1600x480
VDD,met1-met2,STRIPE,via,267383,40560,268983,41040,1600,via_1600x480
VDD,met3-met4,STRIPE,via,240119,40560,241719,41040,1600,via3_1600x480
VDD,met2-met3,STRIPE,via,240119,40560,241719,41040,1600,via2_1600x480
VDD,met1-met2,STRIPE,via,240119,40560,241719,41040,1600,via_1600x480
VDD,met3-met4,STRIPE,via,212508,40560,214108,41040,1600,via3_1600x480
VDD,met2-met3,STRIPE,via,212508,40560,214108,41040,1600,via2_1600x480
VDD,met1-met2,STRIPE,via,212508,40560,214108,41040,1600,via_1600x480
VDD,met3-met4,STRIPE,via,185545,40560,187145,41040,1600,via3_1600x480
VDD,met2-met3,STRIPE,via,185545,40560,187145,41040,1600,via2_1600x480
VDD,met1-met2,STRIPE,via,185545,40560,187145,41040,1600,via_1600x480
VDD,met3-met4,STRIPE,via,158974,40560,160574,41040,1600,via3_1600x480
VDD,met2-met3,STRIPE,via,158974,40560,160574,41040,1600,via2_1600x480
VDD,met1-met2,STRIPE,via,158974,40560,160574,41040,1600,via_1600x480
VDD,met3-met4,STRIPE,via,131405,40560,133005,41040,1600,via3_1600x480
VDD,met2-met3,STRIPE,via,131405,40560,133005,41040,1600,via2_1600x480
VDD,met1-met2,STRIPE,via,131405,40560,133005,41040,1600,via_1600x480
VDD,met3-met4,STRIPE,via,104411,40560,106011,41040,1600,via3_1600x480
VDD,met2-met3,STRIPE,via,104411,40560,106011,41040,1600,via2_1600x480
VDD,met1-met2,STRIPE,via,104411,40560,106011,41040,1600,via_1600x480
VDD,met3-met4,STRIPE,via,77699,40560,79299,41040,1600,via3_1600x480
VDD,met2-met3,STRIPE,via,77699,40560,79299,41040,1600,via2_1600x480
VDD,met1-met2,STRIPE,via,77699,40560,79299,41040,1600,via_1600x480
VDD,met3-met4,STRIPE,via,49770,40560,51370,41040,1600,via3_1600x480
VDD,met2-met3,STRIPE,via,49770,40560,51370,41040,1600,via2_1600x480
VDD,met1-met2,STRIPE,via,49770,40560,51370,41040,1600,via_1600x480
VDD,met3-met4,STRIPE,via,22982,40560,24582,41040,1600,via3_1600x480
VDD,met2-met3,STRIPE,via,22982,40560,24582,41040,1600,via2_1600x480
VDD,met1-met2,STRIPE,via,22982,40560,24582,41040,1600,via_1600x480
VDD,met3-met4,STRIPE,via,267383,35120,268983,35600,1600,via3_1600x480
VDD,met2-met3,STRIPE,via,267383,35120,268983,35600,1600,via2_1600x480
VDD,met1-met2,STRIPE,via,267383,35120,268983,35600,1600,via_1600x480
VDD,met3-met4,STRIPE,via,240119,35120,241719,35600,1600,via3_1600x480
VDD,met2-met3,STRIPE,via,240119,35120,241719,35600,1600,via2_1600x480
VDD,met1-met2,STRIPE,via,240119,35120,241719,35600,1600,via_1600x480
VDD,met3-met4,STRIPE,via,212508,35120,214108,35600,1600,via3_1600x480
VDD,met2-met3,STRIPE,via,212508,35120,214108,35600,1600,via2_1600x480
VDD,met1-met2,STRIPE,via,212508,35120,214108,35600,1600,via_1600x480
VDD,met3-met4,STRIPE,via,185545,35120,187145,35600,1600,via3_1600x480
VDD,met2-met3,STRIPE,via,185545,35120,187145,35600,1600,via2_1600x480
VDD,met1-met2,STRIPE,via,185545,35120,187145,35600,1600,via_1600x480
VDD,met3-met4,STRIPE,via,158974,35120,160574,35600,1600,via3_1600x480
VDD,met2-met3,STRIPE,via,158974,35120,160574,35600,1600,via2_1600x480
VDD,met1-met2,STRIPE,via,158974,35120,160574,35600,1600,via_1600x480
VDD,met3-met4,STRIPE,via,131405,35120,133005,35600,1600,via3_1600x480
VDD,met2-met3,STRIPE,via,131405,35120,133005,35600,1600,via2_1600x480
VDD,met1-met2,STRIPE,via,131405,35120,133005,35600,1600,via_1600x480
VDD,met3-met4,STRIPE,via,104411,35120,106011,35600,1600,via3_1600x480
VDD,met2-met3,STRIPE,via,104411,35120,106011,35600,1600,via2_1600x480
VDD,met1-met2,STRIPE,via,104411,35120,106011,35600,1600,via_1600x480
VDD,met3-met4,STRIPE,via,77699,35120,79299,35600,1600,via3_1600x480
VDD,met2-met3,STRIPE,via,77699,35120,79299,35600,1600,via2_1600x480
VDD,met1-met2,STRIPE,via,77699,35120,79299,35600,1600,via_1600x480
VDD,met3-met4,STRIPE,via,49770,35120,51370,35600,1600,via3_1600x480
VDD,met2-met3,STRIPE,via,49770,35120,51370,35600,1600,via2_1600x480
VDD,met1-met2,STRIPE,via,49770,35120,51370,35600,1600,via_1600x480
VDD,met3-met4,STRIPE,via,22982,35120,24582,35600,1600,via3_1600x480
VDD,met2-met3,STRIPE,via,22982,35120,24582,35600,1600,via2_1600x480
VDD,met1-met2,STRIPE,via,22982,35120,24582,35600,1600,via_1600x480
VDD,met3-met4,STRIPE,via,267383,29680,268983,30160,1600,via3_1600x480
VDD,met2-met3,STRIPE,via,267383,29680,268983,30160,1600,via2_1600x480
VDD,met1-met2,STRIPE,via,267383,29680,268983,30160,1600,via_1600x480
VDD,met3-met4,STRIPE,via,240119,29680,241719,30160,1600,via3_1600x480
VDD,met2-met3,STRIPE,via,240119,29680,241719,30160,1600,via2_1600x480
VDD,met1-met2,STRIPE,via,240119,29680,241719,30160,1600,via_1600x480
VDD,met3-met4,STRIPE,via,212508,29680,214108,30160,1600,via3_1600x480
VDD,met2-met3,STRIPE,via,212508,29680,214108,30160,1600,via2_1600x480
VDD,met1-met2,STRIPE,via,212508,29680,214108,30160,1600,via_1600x480
VDD,met3-met4,STRIPE,via,185545,29680,187145,30160,1600,via3_1600x480
VDD,met2-met3,STRIPE,via,185545,29680,187145,30160,1600,via2_1600x480
VDD,met1-met2,STRIPE,via,185545,29680,187145,30160,1600,via_1600x480
VDD,met3-met4,STRIPE,via,158974,29680,160574,30160,1600,via3_1600x480
VDD,met2-met3,STRIPE,via,158974,29680,160574,30160,1600,via2_1600x480
VDD,met1-met2,STRIPE,via,158974,29680,160574,30160,1600,via_1600x480
VDD,met3-met4,STRIPE,via,131405,29680,133005,30160,1600,via3_1600x480
VDD,met2-met3,STRIPE,via,131405,29680,133005,30160,1600,via2_1600x480
VDD,met1-met2,STRIPE,via,131405,29680,133005,30160,1600,via_1600x480
VDD,met3-met4,STRIPE,via,104411,29680,106011,30160,1600,via3_1600x480
VDD,met2-met3,STRIPE,via,104411,29680,106011,30160,1600,via2_1600x480
VDD,met1-met2,STRIPE,via,104411,29680,106011,30160,1600,via_1600x480
VDD,met3-met4,STRIPE,via,77699,29680,79299,30160,1600,via3_1600x480
VDD,met2-met3,STRIPE,via,77699,29680,79299,30160,1600,via2_1600x480
VDD,met1-met2,STRIPE,via,77699,29680,79299,30160,1600,via_1600x480
VDD,met3-met4,STRIPE,via,49770,29680,51370,30160,1600,via3_1600x480
VDD,met2-met3,STRIPE,via,49770,29680,51370,30160,1600,via2_1600x480
VDD,met1-met2,STRIPE,via,49770,29680,51370,30160,1600,via_1600x480
VDD,met3-met4,STRIPE,via,22982,29680,24582,30160,1600,via3_1600x480
VDD,met2-met3,STRIPE,via,22982,29680,24582,30160,1600,via2_1600x480
VDD,met1-met2,STRIPE,via,22982,29680,24582,30160,1600,via_1600x480
VDD,met3-met4,STRIPE,via,267383,24240,268983,24720,1600,via3_1600x480
VDD,met2-met3,STRIPE,via,267383,24240,268983,24720,1600,via2_1600x480
VDD,met1-met2,STRIPE,via,267383,24240,268983,24720,1600,via_1600x480
VDD,met3-met4,STRIPE,via,240119,24240,241719,24720,1600,via3_1600x480
VDD,met2-met3,STRIPE,via,240119,24240,241719,24720,1600,via2_1600x480
VDD,met1-met2,STRIPE,via,240119,24240,241719,24720,1600,via_1600x480
VDD,met3-met4,STRIPE,via,212508,24240,214108,24720,1600,via3_1600x480
VDD,met2-met3,STRIPE,via,212508,24240,214108,24720,1600,via2_1600x480
VDD,met1-met2,STRIPE,via,212508,24240,214108,24720,1600,via_1600x480
VDD,met3-met4,STRIPE,via,185545,24240,187145,24720,1600,via3_1600x480
VDD,met2-met3,STRIPE,via,185545,24240,187145,24720,1600,via2_1600x480
VDD,met1-met2,STRIPE,via,185545,24240,187145,24720,1600,via_1600x480
VDD,met3-met4,STRIPE,via,158974,24240,160574,24720,1600,via3_1600x480
VDD,met2-met3,STRIPE,via,158974,24240,160574,24720,1600,via2_1600x480
VDD,met1-met2,STRIPE,via,158974,24240,160574,24720,1600,via_1600x480
VDD,met3-met4,STRIPE,via,131405,24240,133005,24720,1600,via3_1600x480
VDD,met2-met3,STRIPE,via,131405,24240,133005,24720,1600,via2_1600x480
VDD,met1-met2,STRIPE,via,131405,24240,133005,24720,1600,via_1600x480
VDD,met3-met4,STRIPE,via,104411,24240,106011,24720,1600,via3_1600x480
VDD,met2-met3,STRIPE,via,104411,24240,106011,24720,1600,via2_1600x480
VDD,met1-met2,STRIPE,via,104411,24240,106011,24720,1600,via_1600x480
VDD,met3-met4,STRIPE,via,77699,24240,79299,24720,1600,via3_1600x480
VDD,met2-met3,STRIPE,via,77699,24240,79299,24720,1600,via2_1600x480
VDD,met1-met2,STRIPE,via,77699,24240,79299,24720,1600,via_1600x480
VDD,met3-met4,STRIPE,via,49770,24240,51370,24720,1600,via3_1600x480
VDD,met2-met3,STRIPE,via,49770,24240,51370,24720,1600,via2_1600x480
VDD,met1-met2,STRIPE,via,49770,24240,51370,24720,1600,via_1600x480
VDD,met3-met4,STRIPE,via,22982,24240,24582,24720,1600,via3_1600x480
VDD,met2-met3,STRIPE,via,22982,24240,24582,24720,1600,via2_1600x480
VDD,met1-met2,STRIPE,via,22982,24240,24582,24720,1600,via_1600x480
VDD,met3-met4,STRIPE,via,267383,18800,268983,19280,1600,via3_1600x480
VDD,met2-met3,STRIPE,via,267383,18800,268983,19280,1600,via2_1600x480
VDD,met1-met2,STRIPE,via,267383,18800,268983,19280,1600,via_1600x480
VDD,met3-met4,STRIPE,via,240119,18800,241719,19280,1600,via3_1600x480
VDD,met2-met3,STRIPE,via,240119,18800,241719,19280,1600,via2_1600x480
VDD,met1-met2,STRIPE,via,240119,18800,241719,19280,1600,via_1600x480
VDD,met3-met4,STRIPE,via,212508,18800,214108,19280,1600,via3_1600x480
VDD,met2-met3,STRIPE,via,212508,18800,214108,19280,1600,via2_1600x480
VDD,met1-met2,STRIPE,via,212508,18800,214108,19280,1600,via_1600x480
VDD,met3-met4,STRIPE,via,185545,18800,187145,19280,1600,via3_1600x480
VDD,met2-met3,STRIPE,via,185545,18800,187145,19280,1600,via2_1600x480
VDD,met1-met2,STRIPE,via,185545,18800,187145,19280,1600,via_1600x480
VDD,met3-met4,STRIPE,via,158974,18800,160574,19280,1600,via3_1600x480
VDD,met2-met3,STRIPE,via,158974,18800,160574,19280,1600,via2_1600x480
VDD,met1-met2,STRIPE,via,158974,18800,160574,19280,1600,via_1600x480
VDD,met3-met4,STRIPE,via,131405,18800,133005,19280,1600,via3_1600x480
VDD,met2-met3,STRIPE,via,131405,18800,133005,19280,1600,via2_1600x480
VDD,met1-met2,STRIPE,via,131405,18800,133005,19280,1600,via_1600x480
VDD,met3-met4,STRIPE,via,104411,18800,106011,19280,1600,via3_1600x480
VDD,met2-met3,STRIPE,via,104411,18800,106011,19280,1600,via2_1600x480
VDD,met1-met2,STRIPE,via,104411,18800,106011,19280,1600,via_1600x480
VDD,met3-met4,STRIPE,via,77699,18800,79299,19280,1600,via3_1600x480
VDD,met2-met3,STRIPE,via,77699,18800,79299,19280,1600,via2_1600x480
VDD,met1-met2,STRIPE,via,77699,18800,79299,19280,1600,via_1600x480
VDD,met3-met4,STRIPE,via,49770,18800,51370,19280,1600,via3_1600x480
VDD,met2-met3,STRIPE,via,49770,18800,51370,19280,1600,via2_1600x480
VDD,met1-met2,STRIPE,via,49770,18800,51370,19280,1600,via_1600x480
VDD,met3-met4,STRIPE,via,22982,18800,24582,19280,1600,via3_1600x480
VDD,met2-met3,STRIPE,via,22982,18800,24582,19280,1600,via2_1600x480
VDD,met1-met2,STRIPE,via,22982,18800,24582,19280,1600,via_1600x480
VDD,met3-met4,STRIPE,via,267383,13360,268983,13840,1600,via3_1600x480
VDD,met2-met3,STRIPE,via,267383,13360,268983,13840,1600,via2_1600x480
VDD,met1-met2,STRIPE,via,267383,13360,268983,13840,1600,via_1600x480
VDD,met3-met4,STRIPE,via,240119,13360,241719,13840,1600,via3_1600x480
VDD,met2-met3,STRIPE,via,240119,13360,241719,13840,1600,via2_1600x480
VDD,met1-met2,STRIPE,via,240119,13360,241719,13840,1600,via_1600x480
VDD,met3-met4,STRIPE,via,212508,13360,214108,13840,1600,via3_1600x480
VDD,met2-met3,STRIPE,via,212508,13360,214108,13840,1600,via2_1600x480
VDD,met1-met2,STRIPE,via,212508,13360,214108,13840,1600,via_1600x480
VDD,met3-met4,STRIPE,via,185545,13360,187145,13840,1600,via3_1600x480
VDD,met2-met3,STRIPE,via,185545,13360,187145,13840,1600,via2_1600x480
VDD,met1-met2,STRIPE,via,185545,13360,187145,13840,1600,via_1600x480
VDD,met3-met4,STRIPE,via,158974,13360,160574,13840,1600,via3_1600x480
VDD,met2-met3,STRIPE,via,158974,13360,160574,13840,1600,via2_1600x480
VDD,met1-met2,STRIPE,via,158974,13360,160574,13840,1600,via_1600x480
VDD,met3-met4,STRIPE,via,131405,13360,133005,13840,1600,via3_1600x480
VDD,met2-met3,STRIPE,via,131405,13360,133005,13840,1600,via2_1600x480
VDD,met1-met2,STRIPE,via,131405,13360,133005,13840,1600,via_1600x480
VDD,met3-met4,STRIPE,via,104411,13360,106011,13840,1600,via3_1600x480
VDD,met2-met3,STRIPE,via,104411,13360,106011,13840,1600,via2_1600x480
VDD,met1-met2,STRIPE,via,104411,13360,106011,13840,1600,via_1600x480
VDD,met3-met4,STRIPE,via,77699,13360,79299,13840,1600,via3_1600x480
VDD,met2-met3,STRIPE,via,77699,13360,79299,13840,1600,via2_1600x480
VDD,met1-met2,STRIPE,via,77699,13360,79299,13840,1600,via_1600x480
VDD,met3-met4,STRIPE,via,49770,13360,51370,13840,1600,via3_1600x480
VDD,met2-met3,STRIPE,via,49770,13360,51370,13840,1600,via2_1600x480
VDD,met1-met2,STRIPE,via,49770,13360,51370,13840,1600,via_1600x480
VDD,met3-met4,STRIPE,via,22982,13360,24582,13840,1600,via3_1600x480
VDD,met2-met3,STRIPE,via,22982,13360,24582,13840,1600,via2_1600x480
VDD,met1-met2,STRIPE,via,22982,13360,24582,13840,1600,via_1600x480
VDD,met5,STRIPE,wire,10120,241040,269560,242640,1600,
VDD,met5,STRIPE,wire,10120,213840,269560,215440,1600,
VDD,met5,STRIPE,wire,10120,186640,269560,188240,1600,
VDD,met5,STRIPE,wire,10120,159440,269560,161040,1600,
VDD,met5,STRIPE,wire,10120,132240,269560,133840,1600,
VDD,met5,STRIPE,wire,10120,105040,269560,106640,1600,
VDD,met5,STRIPE,wire,10120,77840,269560,79440,1600,
VDD,met5,STRIPE,wire,10120,50640,269560,52240,1600,
VDD,met5,STRIPE,wire,10120,23440,269560,25040,1600,
VDD,met4,STRIPE,wire,267383,10640,268983,269520,1600,
VDD,met4,STRIPE,wire,240119,10640,241719,269520,1600,
VDD,met4,STRIPE,wire,212508,10640,214108,269520,1600,
VDD,met4,STRIPE,wire,185545,10640,187145,269520,1600,
VDD,met4,STRIPE,wire,158974,10640,160574,269520,1600,
VDD,met4,STRIPE,wire,131405,10640,133005,269520,1600,
VDD,met4,STRIPE,wire,104411,10640,106011,269520,1600,
VDD,met4,STRIPE,wire,77699,10640,79299,269520,1600,
VDD,met4,STRIPE,wire,49770,10640,51370,269520,1600,
VDD,met4,STRIPE,wire,22982,10640,24582,269520,1600,
VDD,met1,FOLLOWPIN,wire,10120,269040,269560,269520,480,
VDD,met1,FOLLOWPIN,wire,10120,263600,269560,264080,480,
VDD,met1,FOLLOWPIN,wire,10120,258160,269560,258640,480,
VDD,met1,FOLLOWPIN,wire,10120,252720,269560,253200,480,
VDD,met1,FOLLOWPIN,wire,10120,247280,269560,247760,480,
VDD,met1,FOLLOWPIN,wire,10120,241840,269560,242320,480,
VDD,met1,FOLLOWPIN,wire,10120,236400,269560,236880,480,
VDD,met1,FOLLOWPIN,wire,10120,230960,269560,231440,480,
VDD,met1,FOLLOWPIN,wire,10120,225520,269560,226000,480,
VDD,met1,FOLLOWPIN,wire,10120,220080,269560,220560,480,
VDD,met1,FOLLOWPIN,wire,10120,214640,269560,215120,480,
VDD,met1,FOLLOWPIN,wire,10120,209200,269560,209680,480,
VDD,met1,FOLLOWPIN,wire,10120,203760,269560,204240,480,
VDD,met1,FOLLOWPIN,wire,10120,198320,269560,198800,480,
VDD,met1,FOLLOWPIN,wire,10120,192880,269560,193360,480,
VDD,met1,FOLLOWPIN,wire,10120,187440,269560,187920,480,
VDD,met1,FOLLOWPIN,wire,10120,182000,269560,182480,480,
VDD,met1,FOLLOWPIN,wire,10120,176560,269560,177040,480,
VDD,met1,FOLLOWPIN,wire,10120,171120,269560,171600,480,
VDD,met1,FOLLOWPIN,wire,10120,165680,269560,166160,480,
VDD,met1,FOLLOWPIN,wire,10120,160240,269560,160720,480,
VDD,met1,FOLLOWPIN,wire,10120,154800,269560,155280,480,
VDD,met1,FOLLOWPIN,wire,10120,149360,269560,149840,480,
VDD,met1,FOLLOWPIN,wire,10120,143920,269560,144400,480,
VDD,met1,FOLLOWPIN,wire,10120,138480,269560,138960,480,
VDD,met1,FOLLOWPIN,wire,10120,133040,269560,133520,480,
VDD,met1,FOLLOWPIN,wire,10120,127600,269560,128080,480,
VDD,met1,FOLLOWPIN,wire,10120,122160,269560,122640,480,
VDD,met1,FOLLOWPIN,wire,10120,116720,269560,117200,480,
VDD,met1,FOLLOWPIN,wire,10120,111280,269560,111760,480,
VDD,met1,FOLLOWPIN,wire,10120,105840,269560,106320,480,
VDD,met1,FOLLOWPIN,wire,10120,100400,269560,100880,480,
VDD,met1,FOLLOWPIN,wire,10120,94960,269560,95440,480,
VDD,met1,FOLLOWPIN,wire,10120,89520,269560,90000,480,
VDD,met1,FOLLOWPIN,wire,10120,84080,269560,84560,480,
VDD,met1,FOLLOWPIN,wire,10120,78640,269560,79120,480,
VDD,met1,FOLLOWPIN,wire,10120,73200,269560,73680,480,
VDD,met1,FOLLOWPIN,wire,10120,67760,269560,68240,480,
VDD,met1,FOLLOWPIN,wire,10120,62320,269560,62800,480,
VDD,met1,FOLLOWPIN,wire,10120,56880,269560,57360,480,
VDD,met1,FOLLOWPIN,wire,10120,51440,269560,51920,480,
VDD,met1,FOLLOWPIN,wire,10120,46000,269560,46480,480,
VDD,met1,FOLLOWPIN,wire,10120,40560,269560,41040,480,
VDD,met1,FOLLOWPIN,wire,10120,35120,269560,35600,480,
VDD,met1,FOLLOWPIN,wire,10120,29680,269560,30160,480,
VDD,met1,FOLLOWPIN,wire,10120,24240,269560,24720,480,
VDD,met1,FOLLOWPIN,wire,10120,18800,269560,19280,480,
VDD,met1,FOLLOWPIN,wire,10120,13360,269560,13840,480,
