net,shape,layer,x1,y1,x2,y2,via_name,via_bot,via_top
VDD,STRIPE,,267150,241040,268750,242640,via4_1600x1600,met4,met5
VDD,STRIPE,,240010,241040,241610,242640,via4_1600x1600,met4,met5
VDD,STRIPE,,212870,241040,214470,242640,via4_1600x1600,met4,met5
VDD,STRIPE,,185730,241040,187330,242640,via4_1600x1600,met4,met5
VDD,STRIPE,,158590,241040,160190,242640,via4_1600x1600,met4,met5
VDD,STRIPE,,131450,241040,133050,242640,via4_1600x1600,met4,met5
VDD,STRIPE,,104310,241040,105910,242640,via4_1600x1600,met4,met5
VDD,STRIPE,,77170,241040,78770,242640,via4_1600x1600,met4,met5
VDD,STRIPE,,50030,241040,51630,242640,via4_1600x1600,met4,met5
VDD,STRIPE,,22890,241040,24490,242640,via4_1600x1600,met4,met5
VDD,STRIPE,,267150,213840,268750,215440,via4_1600x1600,met4,met5
VDD,STRIPE,,240010,213840,241610,215440,via4_1600x1600,met4,met5
VDD,STRIPE,,212870,213840,214470,215440,via4_1600x1600,met4,met5
VDD,STRIPE,,185730,213840,187330,215440,via4_1600x1600,met4,met5
VDD,STRIPE,,158590,213840,160190,215440,via4_1600x1600,met4,met5
VDD,STRIPE,,131450,213840,133050,215440,via4_1600x1600,met4,met5
VDD,STRIPE,,104310,213840,105910,215440,via4_1600x1600,met4,met5
VDD,STRIPE,,77170,213840,78770,215440,via4_1600x1600,met4,met5
VDD,STRIPE,,50030,213840,51630,215440,via4_1600x1600,met4,met5
VDD,STRIPE,,22890,213840,24490,215440,via4_1600x1600,met4,met5
VDD,STRIPE,,267150,186640,268750,188240,via4_1600x1600,met4,met5
VDD,STRIPE,,240010,186640,241610,188240,via4_1600x1600,met4,met5
VDD,STRIPE,,212870,186640,214470,188240,via4_1600x1600,met4,met5
VDD,STRIPE,,185730,186640,187330,188240,via4_1600x1600,met4,met5
VDD,STRIPE,,158590,186640,160190,188240,via4_1600x1600,met4,met5
VDD,STRIPE,,131450,186640,133050,188240,via4_1600x1600,met4,met5
VDD,STRIPE,,104310,186640,105910,188240,via4_1600x1600,met4,met5
VDD,STRIPE,,77170,186640,78770,188240,via4_1600x1600,met4,met5
VDD,STRIPE,,50030,186640,51630,188240,via4_1600x1600,met4,met5
VDD,STRIPE,,22890,186640,24490,188240,via4_1600x1600,met4,met5
VDD,STRIPE,,267150,159440,268750,161040,via4_1600x1600,met4,met5
VDD,STRIPE,,240010,159440,241610,161040,via4_1600x1600,met4,met5
VDD,STRIPE,,212870,159440,214470,161040,via4_1600x1600,met4,met5
VDD,STRIPE,,185730,159440,187330,161040,via4_1600x1600,met4,met5
VDD,STRIPE,,104310,159440,105910,161040,via4_1600x1600,met4,met5
VDD,STRIPE,,77170,159440,78770,161040,via4_1600x1600,met4,met5
VDD,STRIPE,,50030,159440,51630,161040,via4_1600x1600,met4,met5
VDD,STRIPE,,22890,159440,24490,161040,via4_1600x1600,met4,met5
VDD,STRIPE,,267150,132240,268750,133840,via4_1600x1600,met4,met5
VDD,STRIPE,,240010,132240,241610,133840,via4_1600x1600,met4,met5
VDD,STRIPE,,212870,132240,214470,133840,via4_1600x1600,met4,met5
VDD,STRIPE,,185730,132240,187330,133840,via4_1600x1600,met4,met5
VDD,STRIPE,,104310,132240,105910,133840,via4_1600x1600,met4,met5
VDD,STRIPE,,77170,132240,78770,133840,via4_1600x1600,met4,met5
VDD,STRIPE,,50030,132240,51630,133840,via4_1600x1600,met4,met5
VDD,STRIPE,,22890,132240,24490,133840,via4_1600x1600,met4,met5
VDD,STRIPE,,267150,105040,268750,106640,via4_1600x1600,met4,met5
VDD,STRIPE,,240010,105040,241610,106640,via4_1600x1600,met4,met5
VDD,STRIPE,,212870,105040,214470,106640,via4_1600x1600,met4,met5
VDD,STRIPE,,185730,105040,187330,106640,via4_1600x1600,met4,met5
VDD,STRIPE,,158590,105040,160190,106640,via4_1600x1600,met4,met5
VDD,STRIPE,,131450,105040,133050,106640,via4_1600x1600,met4,met5
VDD,STRIPE,,104310,105040,105910,106640,via4_1600x1600,met4,met5
VDD,STRIPE,,77170,105040,78770,106640,via4_1600x1600,met4,met5
VDD,STRIPE,,50030,105040,51630,106640,via4_1600x1600,met4,met5
VDD,STRIPE,,22890,105040,24490,106640,via4_1600x1600,met4,met5
VDD,STRIPE,,267150,77840,268750,79440,via4_1600x1600,met4,met5
VDD,STRIPE,,240010,77840,241610,79440,via4_1600x1600,met4,met5
VDD,STRIPE,,212870,77840,214470,79440,via4_1600x1600,met4,met5
VDD,STRIPE,,185730,77840,187330,79440,via4_1600x1600,met4,met5
VDD,STRIPE,,158590,77840,160190,79440,via4_1600x1600,met4,met5
VDD,STRIPE,,131450,77840,133050,79440,via4_1600x1600,met4,met5
VDD,STRIPE,,104310,77840,105910,79440,via4_1600x1600,met4,met5
VDD,STRIPE,,77170,77840,78770,79440,via4_1600x1600,met4,met5
VDD,STRIPE,,50030,77840,51630,79440,via4_1600x1600,met4,met5
VDD,STRIPE,,22890,77840,24490,79440,via4_1600x1600,met4,met5
VDD,STRIPE,,267150,50640,268750,52240,via4_1600x1600,met4,met5
VDD,STRIPE,,240010,50640,241610,52240,via4_1600x1600,met4,met5
VDD,STRIPE,,212870,50640,214470,52240,via4_1600x1600,met4,met5
VDD,STRIPE,,185730,50640,187330,52240,via4_1600x1600,met4,met5
VDD,STRIPE,,158590,50640,160190,52240,via4_1600x1600,met4,met5
VDD,STRIPE,,131450,50640,133050,52240,via4_1600x1600,met4,met5
VDD,STRIPE,,104310,50640,105910,52240,via4_1600x1600,met4,met5
VDD,STRIPE,,77170,50640,78770,52240,via4_1600x1600,met4,met5
VDD,STRIPE,,50030,50640,51630,52240,via4_1600x1600,met4,met5
VDD,STRIPE,,22890,50640,24490,52240,via4_1600x1600,met4,met5
VDD,STRIPE,,267150,23440,268750,25040,via4_1600x1600,met4,met5
VDD,STRIPE,,240010,23440,241610,25040,via4_1600x1600,met4,met5
VDD,STRIPE,,212870,23440,214470,25040,via4_1600x1600,met4,met5
VDD,STRIPE,,185730,23440,187330,25040,via4_1600x1600,met4,met5
VDD,STRIPE,,158590,23440,160190,25040,via4_1600x1600,met4,met5
VDD,STRIPE,,131450,23440,133050,25040,via4_1600x1600,met4,met5
VDD,STRIPE,,104310,23440,105910,25040,via4_1600x1600,met4,met5
VDD,STRIPE,,77170,23440,78770,25040,via4_1600x1600,met4,met5
VDD,STRIPE,,50030,23440,51630,25040,via4_1600x1600,met4,met5
VDD,STRIPE,,22890,23440,24490,25040,via4_1600x1600,met4,met5
VDD,STRIPE,,267150,269040,268750,269520,via3_1600x480,met3,met4
VDD,STRIPE,,267150,269040,268750,269520,via2_1600x480,met2,met3
VDD,STRIPE,,267150,269040,268750,269520,via_1600x480,met1,met2
VDD,STRIPE,,240010,269040,241610,269520,via3_1600x480,met3,met4
VDD,STRIPE,,240010,269040,241610,269520,via2_1600x480,met2,met3
VDD,STRIPE,,240010,269040,241610,269520,via_1600x480,met1,met2
VDD,STRIPE,,212870,269040,214470,269520,via3_1600x480,met3,met4
VDD,STRIPE,,212870,269040,214470,269520,via2_1600x480,met2,met3
VDD,STRIPE,,212870,269040,214470,269520,via_1600x480,met1,met2
VDD,STRIPE,,185730,269040,187330,269520,via3_1600x480,met3,met4
VDD,STRIPE,,185730,269040,187330,269520,via2_1600x480,met2,met3
VDD,STRIPE,,185730,269040,187330,269520,via_1600x480,met1,met2
VDD,STRIPE,,158590,269040,160190,269520,via3_1600x480,met3,met4
VDD,STRIPE,,158590,269040,160190,269520,via2_1600x480,met2,met3
VDD,STRIPE,,158590,269040,160190,269520,via_1600x480,met1,met2
VDD,STRIPE,,131450,269040,133050,269520,via3_1600x480,met3,met4
VDD,STRIPE,,131450,269040,133050,269520,via2_1600x480,met2,met3
VDD,STRIPE,,131450,269040,133050,269520,via_1600x480,met1,met2
VDD,STRIPE,,104310,269040,105910,269520,via3_1600x480,met3,met4
VDD,STRIPE,,104310,269040,105910,269520,via2_1600x480,met2,met3
VDD,STRIPE,,104310,269040,105910,269520,via_1600x480,met1,met2
VDD,STRIPE,,77170,269040,78770,269520,via3_1600x480,met3,met4
VDD,STRIPE,,77170,269040,78770,269520,via2_1600x480,met2,met3
VDD,STRIPE,,77170,269040,78770,269520,via_1600x480,met1,met2
VDD,STRIPE,,50030,269040,51630,269520,via3_1600x480,met3,met4
VDD,STRIPE,,50030,269040,51630,269520,via2_1600x480,met2,met3
VDD,STRIPE,,50030,269040,51630,269520,via_1600x480,met1,met2
VDD,STRIPE,,22890,269040,24490,269520,via3_1600x480,met3,met4
VDD,STRIPE,,22890,269040,24490,269520,via2_1600x480,met2,met3
VDD,STRIPE,,22890,269040,24490,269520,via_1600x480,met1,met2
VDD,STRIPE,,267150,263600,268750,264080,via3_1600x480,met3,met4
VDD,STRIPE,,267150,263600,268750,264080,via2_1600x480,met2,met3
VDD,STRIPE,,267150,263600,268750,264080,via_1600x480,met1,met2
VDD,STRIPE,,240010,263600,241610,264080,via3_1600x480,met3,met4
VDD,STRIPE,,240010,263600,241610,264080,via2_1600x480,met2,met3
VDD,STRIPE,,240010,263600,241610,264080,via_1600x480,met1,met2
VDD,STRIPE,,212870,263600,214470,264080,via3_1600x480,met3,met4
VDD,STRIPE,,212870,263600,214470,264080,via2_1600x480,met2,met3
VDD,STRIPE,,212870,263600,214470,264080,via_1600x480,met1,met2
VDD,STRIPE,,185730,263600,187330,264080,via3_1600x480,met3,met4
VDD,STRIPE,,185730,263600,187330,264080,via2_1600x480,met2,met3
VDD,STRIPE,,185730,263600,187330,264080,via_1600x480,met1,met2
VDD,STRIPE,,158590,263600,160190,264080,via3_1600x480,met3,met4
VDD,STRIPE,,158590,263600,160190,264080,via2_1600x480,met2,met3
VDD,STRIPE,,158590,263600,160190,264080,via_1600x480,met1,met2
VDD,STRIPE,,131450,263600,133050,264080,via3_1600x480,met3,met4
VDD,STRIPE,,131450,263600,133050,264080,via2_1600x480,met2,met3
VDD,STRIPE,,131450,263600,133050,264080,via_1600x480,met1,met2
VDD,STRIPE,,104310,263600,105910,264080,via3_1600x480,met3,met4
VDD,STRIPE,,104310,263600,105910,264080,via2_1600x480,met2,met3
VDD,STRIPE,,104310,263600,105910,264080,via_1600x480,met1,met2
VDD,STRIPE,,77170,263600,78770,264080,via3_1600x480,met3,met4
VDD,STRIPE,,77170,263600,78770,264080,via2_1600x480,met2,met3
VDD,STRIPE,,77170,263600,78770,264080,via_1600x480,met1,met2
VDD,STRIPE,,50030,263600,51630,264080,via3_1600x480,met3,met4
VDD,STRIPE,,50030,263600,51630,264080,via2_1600x480,met2,met3
VDD,STRIPE,,50030,263600,51630,264080,via_1600x480,met1,met2
VDD,STRIPE,,22890,263600,24490,264080,via3_1600x480,met3,met4
VDD,STRIPE,,22890,263600,24490,264080,via2_1600x480,met2,met3
VDD,STRIPE,,22890,263600,24490,264080,via_1600x480,met1,met2
VDD,STRIPE,,267150,258160,268750,258640,via3_1600x480,met3,met4
VDD,STRIPE,,267150,258160,268750,258640,via2_1600x480,met2,met3
VDD,STRIPE,,267150,258160,268750,258640,via_1600x480,met1,met2
VDD,STRIPE,,240010,258160,241610,258640,via3_1600x480,met3,met4
VDD,STRIPE,,240010,258160,241610,258640,via2_1600x480,met2,met3
VDD,STRIPE,,240010,258160,241610,258640,via_1600x480,met1,met2
VDD,STRIPE,,212870,258160,214470,258640,via3_1600x480,met3,met4
VDD,STRIPE,,212870,258160,214470,258640,via2_1600x480,met2,met3
VDD,STRIPE,,212870,258160,214470,258640,via_1600x480,met1,met2
VDD,STRIPE,,185730,258160,187330,258640,via3_1600x480,met3,met4
VDD,STRIPE,,185730,258160,187330,258640,via2_1600x480,met2,met3
VDD,STRIPE,,185730,258160,187330,258640,via_1600x480,met1,met2
VDD,STRIPE,,158590,258160,160190,258640,via3_1600x480,met3,met4
VDD,STRIPE,,158590,258160,160190,258640,via2_1600x480,met2,met3
VDD,STRIPE,,158590,258160,160190,258640,via_1600x480,met1,met2
VDD,STRIPE,,131450,258160,133050,258640,via3_1600x480,met3,met4
VDD,STRIPE,,131450,258160,133050,258640,via2_1600x480,met2,met3
VDD,STRIPE,,131450,258160,133050,258640,via_1600x480,met1,met2
VDD,STRIPE,,104310,258160,105910,258640,via3_1600x480,met3,met4
VDD,STRIPE,,104310,258160,105910,258640,via2_1600x480,met2,met3
VDD,STRIPE,,104310,258160,105910,258640,via_1600x480,met1,met2
VDD,STRIPE,,77170,258160,78770,258640,via3_1600x480,met3,met4
VDD,STRIPE,,77170,258160,78770,258640,via2_1600x480,met2,met3
VDD,STRIPE,,77170,258160,78770,258640,via_1600x480,met1,met2
VDD,STRIPE,,50030,258160,51630,258640,via3_1600x480,met3,met4
VDD,STRIPE,,50030,258160,51630,258640,via2_1600x480,met2,met3
VDD,STRIPE,,50030,258160,51630,258640,via_1600x480,met1,met2
VDD,STRIPE,,22890,258160,24490,258640,via3_1600x480,met3,met4
VDD,STRIPE,,22890,258160,24490,258640,via2_1600x480,met2,met3
VDD,STRIPE,,22890,258160,24490,258640,via_1600x480,met1,met2
VDD,STRIPE,,267150,252720,268750,253200,via3_1600x480,met3,met4
VDD,STRIPE,,267150,252720,268750,253200,via2_1600x480,met2,met3
VDD,STRIPE,,267150,252720,268750,253200,via_1600x480,met1,met2
VDD,STRIPE,,240010,252720,241610,253200,via3_1600x480,met3,met4
VDD,STRIPE,,240010,252720,241610,253200,via2_1600x480,met2,met3
VDD,STRIPE,,240010,252720,241610,253200,via_1600x480,met1,met2
VDD,STRIPE,,212870,252720,214470,253200,via3_1600x480,met3,met4
VDD,STRIPE,,212870,252720,214470,253200,via2_1600x480,met2,met3
VDD,STRIPE,,212870,252720,214470,253200,via_1600x480,met1,met2
VDD,STRIPE,,185730,252720,187330,253200,via3_1600x480,met3,met4
VDD,STRIPE,,185730,252720,187330,253200,via2_1600x480,met2,met3
VDD,STRIPE,,185730,252720,187330,253200,via_1600x480,met1,met2
VDD,STRIPE,,158590,252720,160190,253200,via3_1600x480,met3,met4
VDD,STRIPE,,158590,252720,160190,253200,via2_1600x480,met2,met3
VDD,STRIPE,,158590,252720,160190,253200,via_1600x480,met1,met2
VDD,STRIPE,,131450,252720,133050,253200,via3_1600x480,met3,met4
VDD,STRIPE,,131450,252720,133050,253200,via2_1600x480,met2,met3
VDD,STRIPE,,131450,252720,133050,253200,via_1600x480,met1,met2
VDD,STRIPE,,104310,252720,105910,253200,via3_1600x480,met3,met4
VDD,STRIPE,,104310,252720,105910,253200,via2_1600x480,met2,met3
VDD,STRIPE,,104310,252720,105910,253200,via_1600x480,met1,met2
VDD,STRIPE,,77170,252720,78770,253200,via3_1600x480,met3,met4
VDD,STRIPE,,77170,252720,78770,253200,via2_1600x480,met2,met3
VDD,STRIPE,,77170,252720,78770,253200,via_1600x480,met1,met2
VDD,STRIPE,,50030,252720,51630,253200,via3_1600x480,met3,met4
VDD,STRIPE,,50030,252720,51630,253200,via2_1600x480,met2,met3
VDD,STRIPE,,50030,252720,51630,253200,via_1600x480,met1,met2
VDD,STRIPE,,22890,252720,24490,253200,via3_1600x480,met3,met4
VDD,STRIPE,,22890,252720,24490,253200,via2_1600x480,met2,met3
VDD,STRIPE,,22890,252720,24490,253200,via_1600x480,met1,met2
VDD,STRIPE,,267150,247280,268750,247760,via3_1600x480,met3,met4
VDD,STRIPE,,267150,247280,268750,247760,via2_1600x480,met2,met3
VDD,STRIPE,,267150,247280,268750,247760,via_1600x480,met1,met2
VDD,STRIPE,,240010,247280,241610,247760,via3_1600x480,met3,met4
VDD,STRIPE,,240010,247280,241610,247760,via2_1600x480,met2,met3
VDD,STRIPE,,240010,247280,241610,247760,via_1600x480,met1,met2
VDD,STRIPE,,212870,247280,214470,247760,via3_1600x480,met3,met4
VDD,STRIPE,,212870,247280,214470,247760,via2_1600x480,met2,met3
VDD,STRIPE,,212870,247280,214470,247760,via_1600x480,met1,met2
VDD,STRIPE,,185730,247280,187330,247760,via3_1600x480,met3,met4
VDD,STRIPE,,185730,247280,187330,247760,via2_1600x480,met2,met3
VDD,STRIPE,,185730,247280,187330,247760,via_1600x480,met1,met2
VDD,STRIPE,,158590,247280,160190,247760,via3_1600x480,met3,met4
VDD,STRIPE,,158590,247280,160190,247760,via2_1600x480,met2,met3
VDD,STRIPE,,158590,247280,160190,247760,via_1600x480,met1,met2
VDD,STRIPE,,131450,247280,133050,247760,via3_1600x480,met3,met4
VDD,STRIPE,,131450,247280,133050,247760,via2_1600x480,met2,met3
VDD,STRIPE,,131450,247280,133050,247760,via_1600x480,met1,met2
VDD,STRIPE,,104310,247280,105910,247760,via3_1600x480,met3,met4
VDD,STRIPE,,104310,247280,105910,247760,via2_1600x480,met2,met3
VDD,STRIPE,,104310,247280,105910,247760,via_1600x480,met1,met2
VDD,STRIPE,,77170,247280,78770,247760,via3_1600x480,met3,met4
VDD,STRIPE,,77170,247280,78770,247760,via2_1600x480,met2,met3
VDD,STRIPE,,77170,247280,78770,247760,via_1600x480,met1,met2
VDD,STRIPE,,50030,247280,51630,247760,via3_1600x480,met3,met4
VDD,STRIPE,,50030,247280,51630,247760,via2_1600x480,met2,met3
VDD,STRIPE,,50030,247280,51630,247760,via_1600x480,met1,met2
VDD,STRIPE,,22890,247280,24490,247760,via3_1600x480,met3,met4
VDD,STRIPE,,22890,247280,24490,247760,via2_1600x480,met2,met3
VDD,STRIPE,,22890,247280,24490,247760,via_1600x480,met1,met2
VDD,STRIPE,,267150,241840,268750,242320,via3_1600x480,met3,met4
VDD,STRIPE,,267150,241840,268750,242320,via2_1600x480,met2,met3
VDD,STRIPE,,267150,241840,268750,242320,via_1600x480,met1,met2
VDD,STRIPE,,240010,241840,241610,242320,via3_1600x480,met3,met4
VDD,STRIPE,,240010,241840,241610,242320,via2_1600x480,met2,met3
VDD,STRIPE,,240010,241840,241610,242320,via_1600x480,met1,met2
VDD,STRIPE,,212870,241840,214470,242320,via3_1600x480,met3,met4
VDD,STRIPE,,212870,241840,214470,242320,via2_1600x480,met2,met3
VDD,STRIPE,,212870,241840,214470,242320,via_1600x480,met1,met2
VDD,STRIPE,,185730,241840,187330,242320,via3_1600x480,met3,met4
VDD,STRIPE,,185730,241840,187330,242320,via2_1600x480,met2,met3
VDD,STRIPE,,185730,241840,187330,242320,via_1600x480,met1,met2
VDD,STRIPE,,158590,241840,160190,242320,via3_1600x480,met3,met4
VDD,STRIPE,,158590,241840,160190,242320,via2_1600x480,met2,met3
VDD,STRIPE,,158590,241840,160190,242320,via_1600x480,met1,met2
VDD,STRIPE,,131450,241840,133050,242320,via3_1600x480,met3,met4
VDD,STRIPE,,131450,241840,133050,242320,via2_1600x480,met2,met3
VDD,STRIPE,,131450,241840,133050,242320,via_1600x480,met1,met2
VDD,STRIPE,,104310,241840,105910,242320,via3_1600x480,met3,met4
VDD,STRIPE,,104310,241840,105910,242320,via2_1600x480,met2,met3
VDD,STRIPE,,104310,241840,105910,242320,via_1600x480,met1,met2
VDD,STRIPE,,77170,241840,78770,242320,via3_1600x480,met3,met4
VDD,STRIPE,,77170,241840,78770,242320,via2_1600x480,met2,met3
VDD,STRIPE,,77170,241840,78770,242320,via_1600x480,met1,met2
VDD,STRIPE,,50030,241840,51630,242320,via3_1600x480,met3,met4
VDD,STRIPE,,50030,241840,51630,242320,via2_1600x480,met2,met3
VDD,STRIPE,,50030,241840,51630,242320,via_1600x480,met1,met2
VDD,STRIPE,,22890,241840,24490,242320,via3_1600x480,met3,met4
VDD,STRIPE,,22890,241840,24490,242320,via2_1600x480,met2,met3
VDD,STRIPE,,22890,241840,24490,242320,via_1600x480,met1,met2
VDD,STRIPE,,267150,236400,268750,236880,via3_1600x480,met3,met4
VDD,STRIPE,,267150,236400,268750,236880,via2_1600x480,met2,met3
VDD,STRIPE,,267150,236400,268750,236880,via_1600x480,met1,met2
VDD,STRIPE,,240010,236400,241610,236880,via3_1600x480,met3,met4
VDD,STRIPE,,240010,236400,241610,236880,via2_1600x480,met2,met3
VDD,STRIPE,,240010,236400,241610,236880,via_1600x480,met1,met2
VDD,STRIPE,,212870,236400,214470,236880,via3_1600x480,met3,met4
VDD,STRIPE,,212870,236400,214470,236880,via2_1600x480,met2,met3
VDD,STRIPE,,212870,236400,214470,236880,via_1600x480,met1,met2
VDD,STRIPE,,185730,236400,187330,236880,via3_1600x480,met3,met4
VDD,STRIPE,,185730,236400,187330,236880,via2_1600x480,met2,met3
VDD,STRIPE,,185730,236400,187330,236880,via_1600x480,met1,met2
VDD,STRIPE,,158590,236400,160190,236880,via3_1600x480,met3,met4
VDD,STRIPE,,158590,236400,160190,236880,via2_1600x480,met2,met3
VDD,STRIPE,,158590,236400,160190,236880,via_1600x480,met1,met2
VDD,STRIPE,,131450,236400,133050,236880,via3_1600x480,met3,met4
VDD,STRIPE,,131450,236400,133050,236880,via2_1600x480,met2,met3
VDD,STRIPE,,131450,236400,133050,236880,via_1600x480,met1,met2
VDD,STRIPE,,104310,236400,105910,236880,via3_1600x480,met3,met4
VDD,STRIPE,,104310,236400,105910,236880,via2_1600x480,met2,met3
VDD,STRIPE,,104310,236400,105910,236880,via_1600x480,met1,met2
VDD,STRIPE,,77170,236400,78770,236880,via3_1600x480,met3,met4
VDD,STRIPE,,77170,236400,78770,236880,via2_1600x480,met2,met3
VDD,STRIPE,,77170,236400,78770,236880,via_1600x480,met1,met2
VDD,STRIPE,,50030,236400,51630,236880,via3_1600x480,met3,met4
VDD,STRIPE,,50030,236400,51630,236880,via2_1600x480,met2,met3
VDD,STRIPE,,50030,236400,51630,236880,via_1600x480,met1,met2
VDD,STRIPE,,22890,236400,24490,236880,via3_1600x480,met3,met4
VDD,STRIPE,,22890,236400,24490,236880,via2_1600x480,met2,met3
VDD,STRIPE,,22890,236400,24490,236880,via_1600x480,met1,met2
VDD,STRIPE,,267150,230960,268750,231440,via3_1600x480,met3,met4
VDD,STRIPE,,267150,230960,268750,231440,via2_1600x480,met2,met3
VDD,STRIPE,,267150,230960,268750,231440,via_1600x480,met1,met2
VDD,STRIPE,,240010,230960,241610,231440,via3_1600x480,met3,met4
VDD,STRIPE,,240010,230960,241610,231440,via2_1600x480,met2,met3
VDD,STRIPE,,240010,230960,241610,231440,via_1600x480,met1,met2
VDD,STRIPE,,212870,230960,214470,231440,via3_1600x480,met3,met4
VDD,STRIPE,,212870,230960,214470,231440,via2_1600x480,met2,met3
VDD,STRIPE,,212870,230960,214470,231440,via_1600x480,met1,met2
VDD,STRIPE,,185730,230960,187330,231440,via3_1600x480,met3,met4
VDD,STRIPE,,185730,230960,187330,231440,via2_1600x480,met2,met3
VDD,STRIPE,,185730,230960,187330,231440,via_1600x480,met1,met2
VDD,STRIPE,,158590,230960,160190,231440,via3_1600x480,met3,met4
VDD,STRIPE,,158590,230960,160190,231440,via2_1600x480,met2,met3
VDD,STRIPE,,158590,230960,160190,231440,via_1600x480,met1,met2
VDD,STRIPE,,131450,230960,133050,231440,via3_1600x480,met3,met4
VDD,STRIPE,,131450,230960,133050,231440,via2_1600x480,met2,met3
VDD,STRIPE,,131450,230960,133050,231440,via_1600x480,met1,met2
VDD,STRIPE,,104310,230960,105910,231440,via3_1600x480,met3,met4
VDD,STRIPE,,104310,230960,105910,231440,via2_1600x480,met2,met3
VDD,STRIPE,,104310,230960,105910,231440,via_1600x480,met1,met2
VDD,STRIPE,,77170,230960,78770,231440,via3_1600x480,met3,met4
VDD,STRIPE,,77170,230960,78770,231440,via2_1600x480,met2,met3
VDD,STRIPE,,77170,230960,78770,231440,via_1600x480,met1,met2
VDD,STRIPE,,50030,230960,51630,231440,via3_1600x480,met3,met4
VDD,STRIPE,,50030,230960,51630,231440,via2_1600x480,met2,met3
VDD,STRIPE,,50030,230960,51630,231440,via_1600x480,met1,met2
VDD,STRIPE,,22890,230960,24490,231440,via3_1600x480,met3,met4
VDD,STRIPE,,22890,230960,24490,231440,via2_1600x480,met2,met3
VDD,STRIPE,,22890,230960,24490,231440,via_1600x480,met1,met2
VDD,STRIPE,,267150,225520,268750,226000,via3_1600x480,met3,met4
VDD,STRIPE,,267150,225520,268750,226000,via2_1600x480,met2,met3
VDD,STRIPE,,267150,225520,268750,226000,via_1600x480,met1,met2
VDD,STRIPE,,240010,225520,241610,226000,via3_1600x480,met3,met4
VDD,STRIPE,,240010,225520,241610,226000,via2_1600x480,met2,met3
VDD,STRIPE,,240010,225520,241610,226000,via_1600x480,met1,met2
VDD,STRIPE,,212870,225520,214470,226000,via3_1600x480,met3,met4
VDD,STRIPE,,212870,225520,214470,226000,via2_1600x480,met2,met3
VDD,STRIPE,,212870,225520,214470,226000,via_1600x480,met1,met2
VDD,STRIPE,,185730,225520,187330,226000,via3_1600x480,met3,met4
VDD,STRIPE,,185730,225520,187330,226000,via2_1600x480,met2,met3
VDD,STRIPE,,185730,225520,187330,226000,via_1600x480,met1,met2
VDD,STRIPE,,158590,225520,160190,226000,via3_1600x480,met3,met4
VDD,STRIPE,,158590,225520,160190,226000,via2_1600x480,met2,met3
VDD,STRIPE,,158590,225520,160190,226000,via_1600x480,met1,met2
VDD,STRIPE,,131450,225520,133050,226000,via3_1600x480,met3,met4
VDD,STRIPE,,131450,225520,133050,226000,via2_1600x480,met2,met3
VDD,STRIPE,,131450,225520,133050,226000,via_1600x480,met1,met2
VDD,STRIPE,,104310,225520,105910,226000,via3_1600x480,met3,met4
VDD,STRIPE,,104310,225520,105910,226000,via2_1600x480,met2,met3
VDD,STRIPE,,104310,225520,105910,226000,via_1600x480,met1,met2
VDD,STRIPE,,77170,225520,78770,226000,via3_1600x480,met3,met4
VDD,STRIPE,,77170,225520,78770,226000,via2_1600x480,met2,met3
VDD,STRIPE,,77170,225520,78770,226000,via_1600x480,met1,met2
VDD,STRIPE,,50030,225520,51630,226000,via3_1600x480,met3,met4
VDD,STRIPE,,50030,225520,51630,226000,via2_1600x480,met2,met3
VDD,STRIPE,,50030,225520,51630,226000,via_1600x480,met1,met2
VDD,STRIPE,,22890,225520,24490,226000,via3_1600x480,met3,met4
VDD,STRIPE,,22890,225520,24490,226000,via2_1600x480,met2,met3
VDD,STRIPE,,22890,225520,24490,226000,via_1600x480,met1,met2
VDD,STRIPE,,267150,220080,268750,220560,via3_1600x480,met3,met4
VDD,STRIPE,,267150,220080,268750,220560,via2_1600x480,met2,met3
VDD,STRIPE,,267150,220080,268750,220560,via_1600x480,met1,met2
VDD,STRIPE,,240010,220080,241610,220560,via3_1600x480,met3,met4
VDD,STRIPE,,240010,220080,241610,220560,via2_1600x480,met2,met3
VDD,STRIPE,,240010,220080,241610,220560,via_1600x480,met1,met2
VDD,STRIPE,,212870,220080,214470,220560,via3_1600x480,met3,met4
VDD,STRIPE,,212870,220080,214470,220560,via2_1600x480,met2,met3
VDD,STRIPE,,212870,220080,214470,220560,via_1600x480,met1,met2
VDD,STRIPE,,185730,220080,187330,220560,via3_1600x480,met3,met4
VDD,STRIPE,,185730,220080,187330,220560,via2_1600x480,met2,met3
VDD,STRIPE,,185730,220080,187330,220560,via_1600x480,met1,met2
VDD,STRIPE,,158590,220080,160190,220560,via3_1600x480,met3,met4
VDD,STRIPE,,158590,220080,160190,220560,via2_1600x480,met2,met3
VDD,STRIPE,,158590,220080,160190,220560,via_1600x480,met1,met2
VDD,STRIPE,,131450,220080,133050,220560,via3_1600x480,met3,met4
VDD,STRIPE,,131450,220080,133050,220560,via2_1600x480,met2,met3
VDD,STRIPE,,131450,220080,133050,220560,via_1600x480,met1,met2
VDD,STRIPE,,104310,220080,105910,220560,via3_1600x480,met3,met4
VDD,STRIPE,,104310,220080,105910,220560,via2_1600x480,met2,met3
VDD,STRIPE,,104310,220080,105910,220560,via_1600x480,met1,met2
VDD,STRIPE,,77170,220080,78770,220560,via3_1600x480,met3,met4
VDD,STRIPE,,77170,220080,78770,220560,via2_1600x480,met2,met3
VDD,STRIPE,,77170,220080,78770,220560,via_1600x480,met1,met2
VDD,STRIPE,,50030,220080,51630,220560,via3_1600x480,met3,met4
VDD,STRIPE,,50030,220080,51630,220560,via2_1600x480,met2,met3
VDD,STRIPE,,50030,220080,51630,220560,via_1600x480,met1,met2
VDD,STRIPE,,22890,220080,24490,220560,via3_1600x480,met3,met4
VDD,STRIPE,,22890,220080,24490,220560,via2_1600x480,met2,met3
VDD,STRIPE,,22890,220080,24490,220560,via_1600x480,met1,met2
VDD,STRIPE,,267150,214640,268750,215120,via3_1600x480,met3,met4
VDD,STRIPE,,267150,214640,268750,215120,via2_1600x480,met2,met3
VDD,STRIPE,,267150,214640,268750,215120,via_1600x480,met1,met2
VDD,STRIPE,,240010,214640,241610,215120,via3_1600x480,met3,met4
VDD,STRIPE,,240010,214640,241610,215120,via2_1600x480,met2,met3
VDD,STRIPE,,240010,214640,241610,215120,via_1600x480,met1,met2
VDD,STRIPE,,212870,214640,214470,215120,via3_1600x480,met3,met4
VDD,STRIPE,,212870,214640,214470,215120,via2_1600x480,met2,met3
VDD,STRIPE,,212870,214640,214470,215120,via_1600x480,met1,met2
VDD,STRIPE,,185730,214640,187330,215120,via3_1600x480,met3,met4
VDD,STRIPE,,185730,214640,187330,215120,via2_1600x480,met2,met3
VDD,STRIPE,,185730,214640,187330,215120,via_1600x480,met1,met2
VDD,STRIPE,,158590,214640,160190,215120,via3_1600x480,met3,met4
VDD,STRIPE,,158590,214640,160190,215120,via2_1600x480,met2,met3
VDD,STRIPE,,158590,214640,160190,215120,via_1600x480,met1,met2
VDD,STRIPE,,131450,214640,133050,215120,via3_1600x480,met3,met4
VDD,STRIPE,,131450,214640,133050,215120,via2_1600x480,met2,met3
VDD,STRIPE,,131450,214640,133050,215120,via_1600x480,met1,met2
VDD,STRIPE,,104310,214640,105910,215120,via3_1600x480,met3,met4
VDD,STRIPE,,104310,214640,105910,215120,via2_1600x480,met2,met3
VDD,STRIPE,,104310,214640,105910,215120,via_1600x480,met1,met2
VDD,STRIPE,,77170,214640,78770,215120,via3_1600x480,met3,met4
VDD,STRIPE,,77170,214640,78770,215120,via2_1600x480,met2,met3
VDD,STRIPE,,77170,214640,78770,215120,via_1600x480,met1,met2
VDD,STRIPE,,50030,214640,51630,215120,via3_1600x480,met3,met4
VDD,STRIPE,,50030,214640,51630,215120,via2_1600x480,met2,met3
VDD,STRIPE,,50030,214640,51630,215120,via_1600x480,met1,met2
VDD,STRIPE,,22890,214640,24490,215120,via3_1600x480,met3,met4
VDD,STRIPE,,22890,214640,24490,215120,via2_1600x480,met2,met3
VDD,STRIPE,,22890,214640,24490,215120,via_1600x480,met1,met2
VDD,STRIPE,,267150,209200,268750,209680,via3_1600x480,met3,met4
VDD,STRIPE,,267150,209200,268750,209680,via2_1600x480,met2,met3
VDD,STRIPE,,267150,209200,268750,209680,via_1600x480,met1,met2
VDD,STRIPE,,240010,209200,241610,209680,via3_1600x480,met3,met4
VDD,STRIPE,,240010,209200,241610,209680,via2_1600x480,met2,met3
VDD,STRIPE,,240010,209200,241610,209680,via_1600x480,met1,met2
VDD,STRIPE,,212870,209200,214470,209680,via3_1600x480,met3,met4
VDD,STRIPE,,212870,209200,214470,209680,via2_1600x480,met2,met3
VDD,STRIPE,,212870,209200,214470,209680,via_1600x480,met1,met2
VDD,STRIPE,,185730,209200,187330,209680,via3_1600x480,met3,met4
VDD,STRIPE,,185730,209200,187330,209680,via2_1600x480,met2,met3
VDD,STRIPE,,185730,209200,187330,209680,via_1600x480,met1,met2
VDD,STRIPE,,158590,209200,160190,209680,via3_1600x480,met3,met4
VDD,STRIPE,,158590,209200,160190,209680,via2_1600x480,met2,met3
VDD,STRIPE,,158590,209200,160190,209680,via_1600x480,met1,met2
VDD,STRIPE,,131450,209200,133050,209680,via3_1600x480,met3,met4
VDD,STRIPE,,131450,209200,133050,209680,via2_1600x480,met2,met3
VDD,STRIPE,,131450,209200,133050,209680,via_1600x480,met1,met2
VDD,STRIPE,,104310,209200,105910,209680,via3_1600x480,met3,met4
VDD,STRIPE,,104310,209200,105910,209680,via2_1600x480,met2,met3
VDD,STRIPE,,104310,209200,105910,209680,via_1600x480,met1,met2
VDD,STRIPE,,77170,209200,78770,209680,via3_1600x480,met3,met4
VDD,STRIPE,,77170,209200,78770,209680,via2_1600x480,met2,met3
VDD,STRIPE,,77170,209200,78770,209680,via_1600x480,met1,met2
VDD,STRIPE,,50030,209200,51630,209680,via3_1600x480,met3,met4
VDD,STRIPE,,50030,209200,51630,209680,via2_1600x480,met2,met3
VDD,STRIPE,,50030,209200,51630,209680,via_1600x480,met1,met2
VDD,STRIPE,,22890,209200,24490,209680,via3_1600x480,met3,met4
VDD,STRIPE,,22890,209200,24490,209680,via2_1600x480,met2,met3
VDD,STRIPE,,22890,209200,24490,209680,via_1600x480,met1,met2
VDD,STRIPE,,267150,203760,268750,204240,via3_1600x480,met3,met4
VDD,STRIPE,,267150,203760,268750,204240,via2_1600x480,met2,met3
VDD,STRIPE,,267150,203760,268750,204240,via_1600x480,met1,met2
VDD,STRIPE,,240010,203760,241610,204240,via3_1600x480,met3,met4
VDD,STRIPE,,240010,203760,241610,204240,via2_1600x480,met2,met3
VDD,STRIPE,,240010,203760,241610,204240,via_1600x480,met1,met2
VDD,STRIPE,,212870,203760,214470,204240,via3_1600x480,met3,met4
VDD,STRIPE,,212870,203760,214470,204240,via2_1600x480,met2,met3
VDD,STRIPE,,212870,203760,214470,204240,via_1600x480,met1,met2
VDD,STRIPE,,185730,203760,187330,204240,via3_1600x480,met3,met4
VDD,STRIPE,,185730,203760,187330,204240,via2_1600x480,met2,met3
VDD,STRIPE,,185730,203760,187330,204240,via_1600x480,met1,met2
VDD,STRIPE,,158590,203760,160190,204240,via3_1600x480,met3,met4
VDD,STRIPE,,158590,203760,160190,204240,via2_1600x480,met2,met3
VDD,STRIPE,,158590,203760,160190,204240,via_1600x480,met1,met2
VDD,STRIPE,,131450,203760,133050,204240,via3_1600x480,met3,met4
VDD,STRIPE,,131450,203760,133050,204240,via2_1600x480,met2,met3
VDD,STRIPE,,131450,203760,133050,204240,via_1600x480,met1,met2
VDD,STRIPE,,104310,203760,105910,204240,via3_1600x480,met3,met4
VDD,STRIPE,,104310,203760,105910,204240,via2_1600x480,met2,met3
VDD,STRIPE,,104310,203760,105910,204240,via_1600x480,met1,met2
VDD,STRIPE,,77170,203760,78770,204240,via3_1600x480,met3,met4
VDD,STRIPE,,77170,203760,78770,204240,via2_1600x480,met2,met3
VDD,STRIPE,,77170,203760,78770,204240,via_1600x480,met1,met2
VDD,STRIPE,,50030,203760,51630,204240,via3_1600x480,met3,met4
VDD,STRIPE,,50030,203760,51630,204240,via2_1600x480,met2,met3
VDD,STRIPE,,50030,203760,51630,204240,via_1600x480,met1,met2
VDD,STRIPE,,22890,203760,24490,204240,via3_1600x480,met3,met4
VDD,STRIPE,,22890,203760,24490,204240,via2_1600x480,met2,met3
VDD,STRIPE,,22890,203760,24490,204240,via_1600x480,met1,met2
VDD,STRIPE,,267150,198320,268750,198800,via3_1600x480,met3,met4
VDD,STRIPE,,267150,198320,268750,198800,via2_1600x480,met2,met3
VDD,STRIPE,,267150,198320,268750,198800,via_1600x480,met1,met2
VDD,STRIPE,,240010,198320,241610,198800,via3_1600x480,met3,met4
VDD,STRIPE,,240010,198320,241610,198800,via2_1600x480,met2,met3
VDD,STRIPE,,240010,198320,241610,198800,via_1600x480,met1,met2
VDD,STRIPE,,212870,198320,214470,198800,via3_1600x480,met3,met4
VDD,STRIPE,,212870,198320,214470,198800,via2_1600x480,met2,met3
VDD,STRIPE,,212870,198320,214470,198800,via_1600x480,met1,met2
VDD,STRIPE,,185730,198320,187330,198800,via3_1600x480,met3,met4
VDD,STRIPE,,185730,198320,187330,198800,via2_1600x480,met2,met3
VDD,STRIPE,,185730,198320,187330,198800,via_1600x480,met1,met2
VDD,STRIPE,,158590,198320,160190,198800,via3_1600x480,met3,met4
VDD,STRIPE,,158590,198320,160190,198800,via2_1600x480,met2,met3
VDD,STRIPE,,158590,198320,160190,198800,via_1600x480,met1,met2
VDD,STRIPE,,131450,198320,133050,198800,via3_1600x480,met3,met4
VDD,STRIPE,,131450,198320,133050,198800,via2_1600x480,met2,met3
VDD,STRIPE,,131450,198320,133050,198800,via_1600x480,met1,met2
VDD,STRIPE,,104310,198320,105910,198800,via3_1600x480,met3,met4
VDD,STRIPE,,104310,198320,105910,198800,via2_1600x480,met2,met3
VDD,STRIPE,,104310,198320,105910,198800,via_1600x480,met1,met2
VDD,STRIPE,,77170,198320,78770,198800,via3_1600x480,met3,met4
VDD,STRIPE,,77170,198320,78770,198800,via2_1600x480,met2,met3
VDD,STRIPE,,77170,198320,78770,198800,via_1600x480,met1,met2
VDD,STRIPE,,50030,198320,51630,198800,via3_1600x480,met3,met4
VDD,STRIPE,,50030,198320,51630,198800,via2_1600x480,met2,met3
VDD,STRIPE,,50030,198320,51630,198800,via_1600x480,met1,met2
VDD,STRIPE,,22890,198320,24490,198800,via3_1600x480,met3,met4
VDD,STRIPE,,22890,198320,24490,198800,via2_1600x480,met2,met3
VDD,STRIPE,,22890,198320,24490,198800,via_1600x480,met1,met2
VDD,STRIPE,,267150,192880,268750,193360,via3_1600x480,met3,met4
VDD,STRIPE,,267150,192880,268750,193360,via2_1600x480,met2,met3
VDD,STRIPE,,267150,192880,268750,193360,via_1600x480,met1,met2
VDD,STRIPE,,240010,192880,241610,193360,via3_1600x480,met3,met4
VDD,STRIPE,,240010,192880,241610,193360,via2_1600x480,met2,met3
VDD,STRIPE,,240010,192880,241610,193360,via_1600x480,met1,met2
VDD,STRIPE,,212870,192880,214470,193360,via3_1600x480,met3,met4
VDD,STRIPE,,212870,192880,214470,193360,via2_1600x480,met2,met3
VDD,STRIPE,,212870,192880,214470,193360,via_1600x480,met1,met2
VDD,STRIPE,,185730,192880,187330,193360,via3_1600x480,met3,met4
VDD,STRIPE,,185730,192880,187330,193360,via2_1600x480,met2,met3
VDD,STRIPE,,185730,192880,187330,193360,via_1600x480,met1,met2
VDD,STRIPE,,158590,192880,160190,193360,via3_1600x480,met3,met4
VDD,STRIPE,,158590,192880,160190,193360,via2_1600x480,met2,met3
VDD,STRIPE,,158590,192880,160190,193360,via_1600x480,met1,met2
VDD,STRIPE,,131450,192880,133050,193360,via3_1600x480,met3,met4
VDD,STRIPE,,131450,192880,133050,193360,via2_1600x480,met2,met3
VDD,STRIPE,,131450,192880,133050,193360,via_1600x480,met1,met2
VDD,STRIPE,,104310,192880,105910,193360,via3_1600x480,met3,met4
VDD,STRIPE,,104310,192880,105910,193360,via2_1600x480,met2,met3
VDD,STRIPE,,104310,192880,105910,193360,via_1600x480,met1,met2
VDD,STRIPE,,77170,192880,78770,193360,via3_1600x480,met3,met4
VDD,STRIPE,,77170,192880,78770,193360,via2_1600x480,met2,met3
VDD,STRIPE,,77170,192880,78770,193360,via_1600x480,met1,met2
VDD,STRIPE,,50030,192880,51630,193360,via3_1600x480,met3,met4
VDD,STRIPE,,50030,192880,51630,193360,via2_1600x480,met2,met3
VDD,STRIPE,,50030,192880,51630,193360,via_1600x480,met1,met2
VDD,STRIPE,,22890,192880,24490,193360,via3_1600x480,met3,met4
VDD,STRIPE,,22890,192880,24490,193360,via2_1600x480,met2,met3
VDD,STRIPE,,22890,192880,24490,193360,via_1600x480,met1,met2
VDD,STRIPE,,267150,187440,268750,187920,via3_1600x480,met3,met4
VDD,STRIPE,,267150,187440,268750,187920,via2_1600x480,met2,met3
VDD,STRIPE,,267150,187440,268750,187920,via_1600x480,met1,met2
VDD,STRIPE,,240010,187440,241610,187920,via3_1600x480,met3,met4
VDD,STRIPE,,240010,187440,241610,187920,via2_1600x480,met2,met3
VDD,STRIPE,,240010,187440,241610,187920,via_1600x480,met1,met2
VDD,STRIPE,,212870,187440,214470,187920,via3_1600x480,met3,met4
VDD,STRIPE,,212870,187440,214470,187920,via2_1600x480,met2,met3
VDD,STRIPE,,212870,187440,214470,187920,via_1600x480,met1,met2
VDD,STRIPE,,185730,187440,187330,187920,via3_1600x480,met3,met4
VDD,STRIPE,,185730,187440,187330,187920,via2_1600x480,met2,met3
VDD,STRIPE,,185730,187440,187330,187920,via_1600x480,met1,met2
VDD,STRIPE,,158590,187440,160190,187920,via3_1600x480,met3,met4
VDD,STRIPE,,158590,187440,160190,187920,via2_1600x480,met2,met3
VDD,STRIPE,,158590,187440,160190,187920,via_1600x480,met1,met2
VDD,STRIPE,,131450,187440,133050,187920,via3_1600x480,met3,met4
VDD,STRIPE,,131450,187440,133050,187920,via2_1600x480,met2,met3
VDD,STRIPE,,131450,187440,133050,187920,via_1600x480,met1,met2
VDD,STRIPE,,104310,187440,105910,187920,via3_1600x480,met3,met4
VDD,STRIPE,,104310,187440,105910,187920,via2_1600x480,met2,met3
VDD,STRIPE,,104310,187440,105910,187920,via_1600x480,met1,met2
VDD,STRIPE,,77170,187440,78770,187920,via3_1600x480,met3,met4
VDD,STRIPE,,77170,187440,78770,187920,via2_1600x480,met2,met3
VDD,STRIPE,,77170,187440,78770,187920,via_1600x480,met1,met2
VDD,STRIPE,,50030,187440,51630,187920,via3_1600x480,met3,met4
VDD,STRIPE,,50030,187440,51630,187920,via2_1600x480,met2,met3
VDD,STRIPE,,50030,187440,51630,187920,via_1600x480,met1,met2
VDD,STRIPE,,22890,187440,24490,187920,via3_1600x480,met3,met4
VDD,STRIPE,,22890,187440,24490,187920,via2_1600x480,met2,met3
VDD,STRIPE,,22890,187440,24490,187920,via_1600x480,met1,met2
VDD,STRIPE,,267150,182000,268750,182480,via3_1600x480,met3,met4
VDD,STRIPE,,267150,182000,268750,182480,via2_1600x480,met2,met3
VDD,STRIPE,,267150,182000,268750,182480,via_1600x480,met1,met2
VDD,STRIPE,,240010,182000,241610,182480,via3_1600x480,met3,met4
VDD,STRIPE,,240010,182000,241610,182480,via2_1600x480,met2,met3
VDD,STRIPE,,240010,182000,241610,182480,via_1600x480,met1,met2
VDD,STRIPE,,212870,182000,214470,182480,via3_1600x480,met3,met4
VDD,STRIPE,,212870,182000,214470,182480,via2_1600x480,met2,met3
VDD,STRIPE,,212870,182000,214470,182480,via_1600x480,met1,met2
VDD,STRIPE,,185730,182000,187330,182480,via3_1600x480,met3,met4
VDD,STRIPE,,185730,182000,187330,182480,via2_1600x480,met2,met3
VDD,STRIPE,,185730,182000,187330,182480,via_1600x480,met1,met2
VDD,STRIPE,,158590,182000,160190,182480,via3_1600x480,met3,met4
VDD,STRIPE,,158590,182000,160190,182480,via2_1600x480,met2,met3
VDD,STRIPE,,158590,182000,160190,182480,via_1600x480,met1,met2
VDD,STRIPE,,131450,182000,133050,182480,via3_1600x480,met3,met4
VDD,STRIPE,,131450,182000,133050,182480,via2_1600x480,met2,met3
VDD,STRIPE,,131450,182000,133050,182480,via_1600x480,met1,met2
VDD,STRIPE,,104310,182000,105910,182480,via3_1600x480,met3,met4
VDD,STRIPE,,104310,182000,105910,182480,via2_1600x480,met2,met3
VDD,STRIPE,,104310,182000,105910,182480,via_1600x480,met1,met2
VDD,STRIPE,,77170,182000,78770,182480,via3_1600x480,met3,met4
VDD,STRIPE,,77170,182000,78770,182480,via2_1600x480,met2,met3
VDD,STRIPE,,77170,182000,78770,182480,via_1600x480,met1,met2
VDD,STRIPE,,50030,182000,51630,182480,via3_1600x480,met3,met4
VDD,STRIPE,,50030,182000,51630,182480,via2_1600x480,met2,met3
VDD,STRIPE,,50030,182000,51630,182480,via_1600x480,met1,met2
VDD,STRIPE,,22890,182000,24490,182480,via3_1600x480,met3,met4
VDD,STRIPE,,22890,182000,24490,182480,via2_1600x480,met2,met3
VDD,STRIPE,,22890,182000,24490,182480,via_1600x480,met1,met2
VDD,STRIPE,,267150,176560,268750,177040,via3_1600x480,met3,met4
VDD,STRIPE,,267150,176560,268750,177040,via2_1600x480,met2,met3
VDD,STRIPE,,267150,176560,268750,177040,via_1600x480,met1,met2
VDD,STRIPE,,240010,176560,241610,177040,via3_1600x480,met3,met4
VDD,STRIPE,,240010,176560,241610,177040,via2_1600x480,met2,met3
VDD,STRIPE,,240010,176560,241610,177040,via_1600x480,met1,met2
VDD,STRIPE,,212870,176560,214470,177040,via3_1600x480,met3,met4
VDD,STRIPE,,212870,176560,214470,177040,via2_1600x480,met2,met3
VDD,STRIPE,,212870,176560,214470,177040,via_1600x480,met1,met2
VDD,STRIPE,,185730,176560,187330,177040,via3_1600x480,met3,met4
VDD,STRIPE,,185730,176560,187330,177040,via2_1600x480,met2,met3
VDD,STRIPE,,185730,176560,187330,177040,via_1600x480,met1,met2
VDD,STRIPE,,104310,176560,105910,177040,via3_1600x480,met3,met4
VDD,STRIPE,,104310,176560,105910,177040,via2_1600x480,met2,met3
VDD,STRIPE,,104310,176560,105910,177040,via_1600x480,met1,met2
VDD,STRIPE,,77170,176560,78770,177040,via3_1600x480,met3,met4
VDD,STRIPE,,77170,176560,78770,177040,via2_1600x480,met2,met3
VDD,STRIPE,,77170,176560,78770,177040,via_1600x480,met1,met2
VDD,STRIPE,,50030,176560,51630,177040,via3_1600x480,met3,met4
VDD,STRIPE,,50030,176560,51630,177040,via2_1600x480,met2,met3
VDD,STRIPE,,50030,176560,51630,177040,via_1600x480,met1,met2
VDD,STRIPE,,22890,176560,24490,177040,via3_1600x480,met3,met4
VDD,STRIPE,,22890,176560,24490,177040,via2_1600x480,met2,met3
VDD,STRIPE,,22890,176560,24490,177040,via_1600x480,met1,met2
VDD,STRIPE,,267150,171120,268750,171600,via3_1600x480,met3,met4
VDD,STRIPE,,267150,171120,268750,171600,via2_1600x480,met2,met3
VDD,STRIPE,,267150,171120,268750,171600,via_1600x480,met1,met2
VDD,STRIPE,,240010,171120,241610,171600,via3_1600x480,met3,met4
VDD,STRIPE,,240010,171120,241610,171600,via2_1600x480,met2,met3
VDD,STRIPE,,240010,171120,241610,171600,via_1600x480,met1,met2
VDD,STRIPE,,212870,171120,214470,171600,via3_1600x480,met3,met4
VDD,STRIPE,,212870,171120,214470,171600,via2_1600x480,met2,met3
VDD,STRIPE,,212870,171120,214470,171600,via_1600x480,met1,met2
VDD,STRIPE,,185730,171120,187330,171600,via3_1600x480,met3,met4
VDD,STRIPE,,185730,171120,187330,171600,via2_1600x480,met2,met3
VDD,STRIPE,,185730,171120,187330,171600,via_1600x480,met1,met2
VDD,STRIPE,,104310,171120,105910,171600,via3_1600x480,met3,met4
VDD,STRIPE,,104310,171120,105910,171600,via2_1600x480,met2,met3
VDD,STRIPE,,104310,171120,105910,171600,via_1600x480,met1,met2
VDD,STRIPE,,77170,171120,78770,171600,via3_1600x480,met3,met4
VDD,STRIPE,,77170,171120,78770,171600,via2_1600x480,met2,met3
VDD,STRIPE,,77170,171120,78770,171600,via_1600x480,met1,met2
VDD,STRIPE,,50030,171120,51630,171600,via3_1600x480,met3,met4
VDD,STRIPE,,50030,171120,51630,171600,via2_1600x480,met2,met3
VDD,STRIPE,,50030,171120,51630,171600,via_1600x480,met1,met2
VDD,STRIPE,,22890,171120,24490,171600,via3_1600x480,met3,met4
VDD,STRIPE,,22890,171120,24490,171600,via2_1600x480,met2,met3
VDD,STRIPE,,22890,171120,24490,171600,via_1600x480,met1,met2
VDD,STRIPE,,267150,165680,268750,166160,via3_1600x480,met3,met4
VDD,STRIPE,,267150,165680,268750,166160,via2_1600x480,met2,met3
VDD,STRIPE,,267150,165680,268750,166160,via_1600x480,met1,met2
VDD,STRIPE,,240010,165680,241610,166160,via3_1600x480,met3,met4
VDD,STRIPE,,240010,165680,241610,166160,via2_1600x480,met2,met3
VDD,STRIPE,,240010,165680,241610,166160,via_1600x480,met1,met2
VDD,STRIPE,,212870,165680,214470,166160,via3_1600x480,met3,met4
VDD,STRIPE,,212870,165680,214470,166160,via2_1600x480,met2,met3
VDD,STRIPE,,212870,165680,214470,166160,via_1600x480,met1,met2
VDD,STRIPE,,185730,165680,187330,166160,via3_1600x480,met3,met4
VDD,STRIPE,,185730,165680,187330,166160,via2_1600x480,met2,met3
VDD,STRIPE,,185730,165680,187330,166160,via_1600x480,met1,met2
VDD,STRIPE,,104310,165680,105910,166160,via3_1600x480,met3,met4
VDD,STRIPE,,104310,165680,105910,166160,via2_1600x480,met2,met3
VDD,STRIPE,,104310,165680,105910,166160,via_1600x480,met1,met2
VDD,STRIPE,,77170,165680,78770,166160,via3_1600x480,met3,met4
VDD,STRIPE,,77170,165680,78770,166160,via2_1600x480,met2,met3
VDD,STRIPE,,77170,165680,78770,166160,via_1600x480,met1,met2
VDD,STRIPE,,50030,165680,51630,166160,via3_1600x480,met3,met4
VDD,STRIPE,,50030,165680,51630,166160,via2_1600x480,met2,met3
VDD,STRIPE,,50030,165680,51630,166160,via_1600x480,met1,met2
VDD,STRIPE,,22890,165680,24490,166160,via3_1600x480,met3,met4
VDD,STRIPE,,22890,165680,24490,166160,via2_1600x480,met2,met3
VDD,STRIPE,,22890,165680,24490,166160,via_1600x480,met1,met2
VDD,STRIPE,,267150,160240,268750,160720,via3_1600x480,met3,met4
VDD,STRIPE,,267150,160240,268750,160720,via2_1600x480,met2,met3
VDD,STRIPE,,267150,160240,268750,160720,via_1600x480,met1,met2
VDD,STRIPE,,240010,160240,241610,160720,via3_1600x480,met3,met4
VDD,STRIPE,,240010,160240,241610,160720,via2_1600x480,met2,met3
VDD,STRIPE,,240010,160240,241610,160720,via_1600x480,met1,met2
VDD,STRIPE,,212870,160240,214470,160720,via3_1600x480,met3,met4
VDD,STRIPE,,212870,160240,214470,160720,via2_1600x480,met2,met3
VDD,STRIPE,,212870,160240,214470,160720,via_1600x480,met1,met2
VDD,STRIPE,,185730,160240,187330,160720,via3_1600x480,met3,met4
VDD,STRIPE,,185730,160240,187330,160720,via2_1600x480,met2,met3
VDD,STRIPE,,185730,160240,187330,160720,via_1600x480,met1,met2
VDD,STRIPE,,104310,160240,105910,160720,via3_1600x480,met3,met4
VDD,STRIPE,,104310,160240,105910,160720,via2_1600x480,met2,met3
VDD,STRIPE,,104310,160240,105910,160720,via_1600x480,met1,met2
VDD,STRIPE,,77170,160240,78770,160720,via3_1600x480,met3,met4
VDD,STRIPE,,77170,160240,78770,160720,via2_1600x480,met2,met3
VDD,STRIPE,,77170,160240,78770,160720,via_1600x480,met1,met2
VDD,STRIPE,,50030,160240,51630,160720,via3_1600x480,met3,met4
VDD,STRIPE,,50030,160240,51630,160720,via2_1600x480,met2,met3
VDD,STRIPE,,50030,160240,51630,160720,via_1600x480,met1,met2
VDD,STRIPE,,22890,160240,24490,160720,via3_1600x480,met3,met4
VDD,STRIPE,,22890,160240,24490,160720,via2_1600x480,met2,met3
VDD,STRIPE,,22890,160240,24490,160720,via_1600x480,met1,met2
VDD,STRIPE,,267150,154800,268750,155280,via3_1600x480,met3,met4
VDD,STRIPE,,267150,154800,268750,155280,via2_1600x480,met2,met3
VDD,STRIPE,,267150,154800,268750,155280,via_1600x480,met1,met2
VDD,STRIPE,,240010,154800,241610,155280,via3_1600x480,met3,met4
VDD,STRIPE,,240010,154800,241610,155280,via2_1600x480,met2,met3
VDD,STRIPE,,240010,154800,241610,155280,via_1600x480,met1,met2
VDD,STRIPE,,212870,154800,214470,155280,via3_1600x480,met3,met4
VDD,STRIPE,,212870,154800,214470,155280,via2_1600x480,met2,met3
VDD,STRIPE,,212870,154800,214470,155280,via_1600x480,met1,met2
VDD,STRIPE,,185730,154800,187330,155280,via3_1600x480,met3,met4
VDD,STRIPE,,185730,154800,187330,155280,via2_1600x480,met2,met3
VDD,STRIPE,,185730,154800,187330,155280,via_1600x480,met1,met2
VDD,STRIPE,,104310,154800,105910,155280,via3_1600x480,met3,met4
VDD,STRIPE,,104310,154800,105910,155280,via2_1600x480,met2,met3
VDD,STRIPE,,104310,154800,105910,155280,via_1600x480,met1,met2
VDD,STRIPE,,77170,154800,78770,155280,via3_1600x480,met3,met4
VDD,STRIPE,,77170,154800,78770,155280,via2_1600x480,met2,met3
VDD,STRIPE,,77170,154800,78770,155280,via_1600x480,met1,met2
VDD,STRIPE,,50030,154800,51630,155280,via3_1600x480,met3,met4
VDD,STRIPE,,50030,154800,51630,155280,via2_1600x480,met2,met3
VDD,STRIPE,,50030,154800,51630,155280,via_1600x480,met1,met2
VDD,STRIPE,,22890,154800,24490,155280,via3_1600x480,met3,met4
VDD,STRIPE,,22890,154800,24490,155280,via2_1600x480,met2,met3
VDD,STRIPE,,22890,154800,24490,155280,via_1600x480,met1,met2
VDD,STRIPE,,267150,149360,268750,149840,via3_1600x480,met3,met4
VDD,STRIPE,,267150,149360,268750,149840,via2_1600x480,met2,met3
VDD,STRIPE,,267150,149360,268750,149840,via_1600x480,met1,met2
VDD,STRIPE,,240010,149360,241610,149840,via3_1600x480,met3,met4
VDD,STRIPE,,240010,149360,241610,149840,via2_1600x480,met2,met3
VDD,STRIPE,,240010,149360,241610,149840,via_1600x480,met1,met2
VDD,STRIPE,,212870,149360,214470,149840,via3_1600x480,met3,met4
VDD,STRIPE,,212870,149360,214470,149840,via2_1600x480,met2,met3
VDD,STRIPE,,212870,149360,214470,149840,via_1600x480,met1,met2
VDD,STRIPE,,185730,149360,187330,149840,via3_1600x480,met3,met4
VDD,STRIPE,,185730,149360,187330,149840,via2_1600x480,met2,met3
VDD,STRIPE,,185730,149360,187330,149840,via_1600x480,met1,met2
VDD,STRIPE,,104310,149360,105910,149840,via3_1600x480,met3,met4
VDD,STRIPE,,104310,149360,105910,149840,via2_1600x480,met2,met3
VDD,STRIPE,,104310,149360,105910,149840,via_1600x480,met1,met2
VDD,STRIPE,,77170,149360,78770,149840,via3_1600x480,met3,met4
VDD,STRIPE,,77170,149360,78770,149840,via2_1600x480,met2,met3
VDD,STRIPE,,77170,149360,78770,149840,via_1600x480,met1,met2
VDD,STRIPE,,50030,149360,51630,149840,via3_1600x480,met3,met4
VDD,STRIPE,,50030,149360,51630,149840,via2_1600x480,met2,met3
VDD,STRIPE,,50030,149360,51630,149840,via_1600x480,met1,met2
VDD,STRIPE,,22890,149360,24490,149840,via3_1600x480,met3,met4
VDD,STRIPE,,22890,149360,24490,149840,via2_1600x480,met2,met3
VDD,STRIPE,,22890,149360,24490,149840,via_1600x480,met1,met2
VDD,STRIPE,,267150,143920,268750,144400,via3_1600x480,met3,met4
VDD,STRIPE,,267150,143920,268750,144400,via2_1600x480,met2,met3
VDD,STRIPE,,267150,143920,268750,144400,via_1600x480,met1,met2
VDD,STRIPE,,240010,143920,241610,144400,via3_1600x480,met3,met4
VDD,STRIPE,,240010,143920,241610,144400,via2_1600x480,met2,met3
VDD,STRIPE,,240010,143920,241610,144400,via_1600x480,met1,met2
VDD,STRIPE,,212870,143920,214470,144400,via3_1600x480,met3,met4
VDD,STRIPE,,212870,143920,214470,144400,via2_1600x480,met2,met3
VDD,STRIPE,,212870,143920,214470,144400,via_1600x480,met1,met2
VDD,STRIPE,,185730,143920,187330,144400,via3_1600x480,met3,met4
VDD,STRIPE,,185730,143920,187330,144400,via2_1600x480,met2,met3
VDD,STRIPE,,185730,143920,187330,144400,via_1600x480,met1,met2
VDD,STRIPE,,104310,143920,105910,144400,via3_1600x480,met3,met4
VDD,STRIPE,,104310,143920,105910,144400,via2_1600x480,met2,met3
VDD,STRIPE,,104310,143920,105910,144400,via_1600x480,met1,met2
VDD,STRIPE,,77170,143920,78770,144400,via3_1600x480,met3,met4
VDD,STRIPE,,77170,143920,78770,144400,via2_1600x480,met2,met3
VDD,STRIPE,,77170,143920,78770,144400,via_1600x480,met1,met2
VDD,STRIPE,,50030,143920,51630,144400,via3_1600x480,met3,met4
VDD,STRIPE,,50030,143920,51630,144400,via2_1600x480,met2,met3
VDD,STRIPE,,50030,143920,51630,144400,via_1600x480,met1,met2
VDD,STRIPE,,22890,143920,24490,144400,via3_1600x480,met3,met4
VDD,STRIPE,,22890,143920,24490,144400,via2_1600x480,met2,met3
VDD,STRIPE,,22890,143920,24490,144400,via_1600x480,met1,met2
VDD,STRIPE,,267150,138480,268750,138960,via3_1600x480,met3,met4
VDD,STRIPE,,267150,138480,268750,138960,via2_1600x480,met2,met3
VDD,STRIPE,,267150,138480,268750,138960,via_1600x480,met1,met2
VDD,STRIPE,,240010,138480,241610,138960,via3_1600x480,met3,met4
VDD,STRIPE,,240010,138480,241610,138960,via2_1600x480,met2,met3
VDD,STRIPE,,240010,138480,241610,138960,via_1600x480,met1,met2
VDD,STRIPE,,212870,138480,214470,138960,via3_1600x480,met3,met4
VDD,STRIPE,,212870,138480,214470,138960,via2_1600x480,met2,met3
VDD,STRIPE,,212870,138480,214470,138960,via_1600x480,met1,met2
VDD,STRIPE,,185730,138480,187330,138960,via3_1600x480,met3,met4
VDD,STRIPE,,185730,138480,187330,138960,via2_1600x480,met2,met3
VDD,STRIPE,,185730,138480,187330,138960,via_1600x480,met1,met2
VDD,STRIPE,,104310,138480,105910,138960,via3_1600x480,met3,met4
VDD,STRIPE,,104310,138480,105910,138960,via2_1600x480,met2,met3
VDD,STRIPE,,104310,138480,105910,138960,via_1600x480,met1,met2
VDD,STRIPE,,77170,138480,78770,138960,via3_1600x480,met3,met4
VDD,STRIPE,,77170,138480,78770,138960,via2_1600x480,met2,met3
VDD,STRIPE,,77170,138480,78770,138960,via_1600x480,met1,met2
VDD,STRIPE,,50030,138480,51630,138960,via3_1600x480,met3,met4
VDD,STRIPE,,50030,138480,51630,138960,via2_1600x480,met2,met3
VDD,STRIPE,,50030,138480,51630,138960,via_1600x480,met1,met2
VDD,STRIPE,,22890,138480,24490,138960,via3_1600x480,met3,met4
VDD,STRIPE,,22890,138480,24490,138960,via2_1600x480,met2,met3
VDD,STRIPE,,22890,138480,24490,138960,via_1600x480,met1,met2
VDD,STRIPE,,267150,133040,268750,133520,via3_1600x480,met3,met4
VDD,STRIPE,,267150,133040,268750,133520,via2_1600x480,met2,met3
VDD,STRIPE,,267150,133040,268750,133520,via_1600x480,met1,met2
VDD,STRIPE,,240010,133040,241610,133520,via3_1600x480,met3,met4
VDD,STRIPE,,240010,133040,241610,133520,via2_1600x480,met2,met3
VDD,STRIPE,,240010,133040,241610,133520,via_1600x480,met1,met2
VDD,STRIPE,,212870,133040,214470,133520,via3_1600x480,met3,met4
VDD,STRIPE,,212870,133040,214470,133520,via2_1600x480,met2,met3
VDD,STRIPE,,212870,133040,214470,133520,via_1600x480,met1,met2
VDD,STRIPE,,185730,133040,187330,133520,via3_1600x480,met3,met4
VDD,STRIPE,,185730,133040,187330,133520,via2_1600x480,met2,met3
VDD,STRIPE,,185730,133040,187330,133520,via_1600x480,met1,met2
VDD,STRIPE,,104310,133040,105910,133520,via3_1600x480,met3,met4
VDD,STRIPE,,104310,133040,105910,133520,via2_1600x480,met2,met3
VDD,STRIPE,,104310,133040,105910,133520,via_1600x480,met1,met2
VDD,STRIPE,,77170,133040,78770,133520,via3_1600x480,met3,met4
VDD,STRIPE,,77170,133040,78770,133520,via2_1600x480,met2,met3
VDD,STRIPE,,77170,133040,78770,133520,via_1600x480,met1,met2
VDD,STRIPE,,50030,133040,51630,133520,via3_1600x480,met3,met4
VDD,STRIPE,,50030,133040,51630,133520,via2_1600x480,met2,met3
VDD,STRIPE,,50030,133040,51630,133520,via_1600x480,met1,met2
VDD,STRIPE,,22890,133040,24490,133520,via3_1600x480,met3,met4
VDD,STRIPE,,22890,133040,24490,133520,via2_1600x480,met2,met3
VDD,STRIPE,,22890,133040,24490,133520,via_1600x480,met1,met2
VDD,STRIPE,,267150,127600,268750,128080,via3_1600x480,met3,met4
VDD,STRIPE,,267150,127600,268750,128080,via2_1600x480,met2,met3
VDD,STRIPE,,267150,127600,268750,128080,via_1600x480,met1,met2
VDD,STRIPE,,240010,127600,241610,128080,via3_1600x480,met3,met4
VDD,STRIPE,,240010,127600,241610,128080,via2_1600x480,met2,met3
VDD,STRIPE,,240010,127600,241610,128080,via_1600x480,met1,met2
VDD,STRIPE,,212870,127600,214470,128080,via3_1600x480,met3,met4
VDD,STRIPE,,212870,127600,214470,128080,via2_1600x480,met2,met3
VDD,STRIPE,,212870,127600,214470,128080,via_1600x480,met1,met2
VDD,STRIPE,,185730,127600,187330,128080,via3_1600x480,met3,met4
VDD,STRIPE,,185730,127600,187330,128080,via2_1600x480,met2,met3
VDD,STRIPE,,185730,127600,187330,128080,via_1600x480,met1,met2
VDD,STRIPE,,158590,127600,160190,128080,via3_1600x480,met3,met4
VDD,STRIPE,,158590,127600,160190,128080,via2_1600x480,met2,met3
VDD,STRIPE,,158590,127600,160190,128080,via_1600x480,met1,met2
VDD,STRIPE,,131450,127600,133050,128080,via3_1600x480,met3,met4
VDD,STRIPE,,131450,127600,133050,128080,via2_1600x480,met2,met3
VDD,STRIPE,,131450,127600,133050,128080,via_1600x480,met1,met2
VDD,STRIPE,,104310,127600,105910,128080,via3_1600x480,met3,met4
VDD,STRIPE,,104310,127600,105910,128080,via2_1600x480,met2,met3
VDD,STRIPE,,104310,127600,105910,128080,via_1600x480,met1,met2
VDD,STRIPE,,77170,127600,78770,128080,via3_1600x480,met3,met4
VDD,STRIPE,,77170,127600,78770,128080,via2_1600x480,met2,met3
VDD,STRIPE,,77170,127600,78770,128080,via_1600x480,met1,met2
VDD,STRIPE,,50030,127600,51630,128080,via3_1600x480,met3,met4
VDD,STRIPE,,50030,127600,51630,128080,via2_1600x480,met2,met3
VDD,STRIPE,,50030,127600,51630,128080,via_1600x480,met1,met2
VDD,STRIPE,,22890,127600,24490,128080,via3_1600x480,met3,met4
VDD,STRIPE,,22890,127600,24490,128080,via2_1600x480,met2,met3
VDD,STRIPE,,22890,127600,24490,128080,via_1600x480,met1,met2
VDD,STRIPE,,267150,122160,268750,122640,via3_1600x480,met3,met4
VDD,STRIPE,,267150,122160,268750,122640,via2_1600x480,met2,met3
VDD,STRIPE,,267150,122160,268750,122640,via_1600x480,met1,met2
VDD,STRIPE,,240010,122160,241610,122640,via3_1600x480,met3,met4
VDD,STRIPE,,240010,122160,241610,122640,via2_1600x480,met2,met3
VDD,STRIPE,,240010,122160,241610,122640,via_1600x480,met1,met2
VDD,STRIPE,,212870,122160,214470,122640,via3_1600x480,met3,met4
VDD,STRIPE,,212870,122160,214470,122640,via2_1600x480,met2,met3
VDD,STRIPE,,212870,122160,214470,122640,via_1600x480,met1,met2
VDD,STRIPE,,185730,122160,187330,122640,via3_1600x480,met3,met4
VDD,STRIPE,,185730,122160,187330,122640,via2_1600x480,met2,met3
VDD,STRIPE,,185730,122160,187330,122640,via_1600x480,met1,met2
VDD,STRIPE,,158590,122160,160190,122640,via3_1600x480,met3,met4
VDD,STRIPE,,158590,122160,160190,122640,via2_1600x480,met2,met3
VDD,STRIPE,,158590,122160,160190,122640,via_1600x480,met1,met2
VDD,STRIPE,,131450,122160,133050,122640,via3_1600x480,met3,met4
VDD,STRIPE,,131450,122160,133050,122640,via2_1600x480,met2,met3
VDD,STRIPE,,131450,122160,133050,122640,via_1600x480,met1,met2
VDD,STRIPE,,104310,122160,105910,122640,via3_1600x480,met3,met4
VDD,STRIPE,,104310,122160,105910,122640,via2_1600x480,met2,met3
VDD,STRIPE,,104310,122160,105910,122640,via_1600x480,met1,met2
VDD,STRIPE,,77170,122160,78770,122640,via3_1600x480,met3,met4
VDD,STRIPE,,77170,122160,78770,122640,via2_1600x480,met2,met3
VDD,STRIPE,,77170,122160,78770,122640,via_1600x480,met1,met2
VDD,STRIPE,,50030,122160,51630,122640,via3_1600x480,met3,met4
VDD,STRIPE,,50030,122160,51630,122640,via2_1600x480,met2,met3
VDD,STRIPE,,50030,122160,51630,122640,via_1600x480,met1,met2
VDD,STRIPE,,22890,122160,24490,122640,via3_1600x480,met3,met4
VDD,STRIPE,,22890,122160,24490,122640,via2_1600x480,met2,met3
VDD,STRIPE,,22890,122160,24490,122640,via_1600x480,met1,met2
VDD,STRIPE,,267150,116720,268750,117200,via3_1600x480,met3,met4
VDD,STRIPE,,267150,116720,268750,117200,via2_1600x480,met2,met3
VDD,STRIPE,,267150,116720,268750,117200,via_1600x480,met1,met2
VDD,STRIPE,,240010,116720,241610,117200,via3_1600x480,met3,met4
VDD,STRIPE,,240010,116720,241610,117200,via2_1600x480,met2,met3
VDD,STRIPE,,240010,116720,241610,117200,via_1600x480,met1,met2
VDD,STRIPE,,212870,116720,214470,117200,via3_1600x480,met3,met4
VDD,STRIPE,,212870,116720,214470,117200,via2_1600x480,met2,met3
VDD,STRIPE,,212870,116720,214470,117200,via_1600x480,met1,met2
VDD,STRIPE,,185730,116720,187330,117200,via3_1600x480,met3,met4
VDD,STRIPE,,185730,116720,187330,117200,via2_1600x480,met2,met3
VDD,STRIPE,,185730,116720,187330,117200,via_1600x480,met1,met2
VDD,STRIPE,,158590,116720,160190,117200,via3_1600x480,met3,met4
VDD,STRIPE,,158590,116720,160190,117200,via2_1600x480,met2,met3
VDD,STRIPE,,158590,116720,160190,117200,via_1600x480,met1,met2
VDD,STRIPE,,131450,116720,133050,117200,via3_1600x480,met3,met4
VDD,STRIPE,,131450,116720,133050,117200,via2_1600x480,met2,met3
VDD,STRIPE,,131450,116720,133050,117200,via_1600x480,met1,met2
VDD,STRIPE,,104310,116720,105910,117200,via3_1600x480,met3,met4
VDD,STRIPE,,104310,116720,105910,117200,via2_1600x480,met2,met3
VDD,STRIPE,,104310,116720,105910,117200,via_1600x480,met1,met2
VDD,STRIPE,,77170,116720,78770,117200,via3_1600x480,met3,met4
VDD,STRIPE,,77170,116720,78770,117200,via2_1600x480,met2,met3
VDD,STRIPE,,77170,116720,78770,117200,via_1600x480,met1,met2
VDD,STRIPE,,50030,116720,51630,117200,via3_1600x480,met3,met4
VDD,STRIPE,,50030,116720,51630,117200,via2_1600x480,met2,met3
VDD,STRIPE,,50030,116720,51630,117200,via_1600x480,met1,met2
VDD,STRIPE,,22890,116720,24490,117200,via3_1600x480,met3,met4
VDD,STRIPE,,22890,116720,24490,117200,via2_1600x480,met2,met3
VDD,STRIPE,,22890,116720,24490,117200,via_1600x480,met1,met2
VDD,STRIPE,,267150,111280,268750,111760,via3_1600x480,met3,met4
VDD,STRIPE,,267150,111280,268750,111760,via2_1600x480,met2,met3
VDD,STRIPE,,267150,111280,268750,111760,via_1600x480,met1,met2
VDD,STRIPE,,240010,111280,241610,111760,via3_1600x480,met3,met4
VDD,STRIPE,,240010,111280,241610,111760,via2_1600x480,met2,met3
VDD,STRIPE,,240010,111280,241610,111760,via_1600x480,met1,met2
VDD,STRIPE,,212870,111280,214470,111760,via3_1600x480,met3,met4
VDD,STRIPE,,212870,111280,214470,111760,via2_1600x480,met2,met3
VDD,STRIPE,,212870,111280,214470,111760,via_1600x480,met1,met2
VDD,STRIPE,,185730,111280,187330,111760,via3_1600x480,met3,met4
VDD,STRIPE,,185730,111280,187330,111760,via2_1600x480,met2,met3
VDD,STRIPE,,185730,111280,187330,111760,via_1600x480,met1,met2
VDD,STRIPE,,158590,111280,160190,111760,via3_1600x480,met3,met4
VDD,STRIPE,,158590,111280,160190,111760,via2_1600x480,met2,met3
VDD,STRIPE,,158590,111280,160190,111760,via_1600x480,met1,met2
VDD,STRIPE,,131450,111280,133050,111760,via3_1600x480,met3,met4
VDD,STRIPE,,131450,111280,133050,111760,via2_1600x480,met2,met3
VDD,STRIPE,,131450,111280,133050,111760,via_1600x480,met1,met2
VDD,STRIPE,,104310,111280,105910,111760,via3_1600x480,met3,met4
VDD,STRIPE,,104310,111280,105910,111760,via2_1600x480,met2,met3
VDD,STRIPE,,104310,111280,105910,111760,via_1600x480,met1,met2
VDD,STRIPE,,77170,111280,78770,111760,via3_1600x480,met3,met4
VDD,STRIPE,,77170,111280,78770,111760,via2_1600x480,met2,met3
VDD,STRIPE,,77170,111280,78770,111760,via_1600x480,met1,met2
VDD,STRIPE,,50030,111280,51630,111760,via3_1600x480,met3,met4
VDD,STRIPE,,50030,111280,51630,111760,via2_1600x480,met2,met3
VDD,STRIPE,,50030,111280,51630,111760,via_1600x480,met1,met2
VDD,STRIPE,,22890,111280,24490,111760,via3_1600x480,met3,met4
VDD,STRIPE,,22890,111280,24490,111760,via2_1600x480,met2,met3
VDD,STRIPE,,22890,111280,24490,111760,via_1600x480,met1,met2
VDD,STRIPE,,267150,105840,268750,106320,via3_1600x480,met3,met4
VDD,STRIPE,,267150,105840,268750,106320,via2_1600x480,met2,met3
VDD,STRIPE,,267150,105840,268750,106320,via_1600x480,met1,met2
VDD,STRIPE,,240010,105840,241610,106320,via3_1600x480,met3,met4
VDD,STRIPE,,240010,105840,241610,106320,via2_1600x480,met2,met3
VDD,STRIPE,,240010,105840,241610,106320,via_1600x480,met1,met2
VDD,STRIPE,,212870,105840,214470,106320,via3_1600x480,met3,met4
VDD,STRIPE,,212870,105840,214470,106320,via2_1600x480,met2,met3
VDD,STRIPE,,212870,105840,214470,106320,via_1600x480,met1,met2
VDD,STRIPE,,185730,105840,187330,106320,via3_1600x480,met3,met4
VDD,STRIPE,,185730,105840,187330,106320,via2_1600x480,met2,met3
VDD,STRIPE,,185730,105840,187330,106320,via_1600x480,met1,met2
VDD,STRIPE,,158590,105840,160190,106320,via3_1600x480,met3,met4
VDD,STRIPE,,158590,105840,160190,106320,via2_1600x480,met2,met3
VDD,STRIPE,,158590,105840,160190,106320,via_1600x480,met1,met2
VDD,STRIPE,,131450,105840,133050,106320,via3_1600x480,met3,met4
VDD,STRIPE,,131450,105840,133050,106320,via2_1600x480,met2,met3
VDD,STRIPE,,131450,105840,133050,106320,via_1600x480,met1,met2
VDD,STRIPE,,104310,105840,105910,106320,via3_1600x480,met3,met4
VDD,STRIPE,,104310,105840,105910,106320,via2_1600x480,met2,met3
VDD,STRIPE,,104310,105840,105910,106320,via_1600x480,met1,met2
VDD,STRIPE,,77170,105840,78770,106320,via3_1600x480,met3,met4
VDD,STRIPE,,77170,105840,78770,106320,via2_1600x480,met2,met3
VDD,STRIPE,,77170,105840,78770,106320,via_1600x480,met1,met2
VDD,STRIPE,,50030,105840,51630,106320,via3_1600x480,met3,met4
VDD,STRIPE,,50030,105840,51630,106320,via2_1600x480,met2,met3
VDD,STRIPE,,50030,105840,51630,106320,via_1600x480,met1,met2
VDD,STRIPE,,22890,105840,24490,106320,via3_1600x480,met3,met4
VDD,STRIPE,,22890,105840,24490,106320,via2_1600x480,met2,met3
VDD,STRIPE,,22890,105840,24490,106320,via_1600x480,met1,met2
VDD,STRIPE,,267150,100400,268750,100880,via3_1600x480,met3,met4
VDD,STRIPE,,267150,100400,268750,100880,via2_1600x480,met2,met3
VDD,STRIPE,,267150,100400,268750,100880,via_1600x480,met1,met2
VDD,STRIPE,,240010,100400,241610,100880,via3_1600x480,met3,met4
VDD,STRIPE,,240010,100400,241610,100880,via2_1600x480,met2,met3
VDD,STRIPE,,240010,100400,241610,100880,via_1600x480,met1,met2
VDD,STRIPE,,212870,100400,214470,100880,via3_1600x480,met3,met4
VDD,STRIPE,,212870,100400,214470,100880,via2_1600x480,met2,met3
VDD,STRIPE,,212870,100400,214470,100880,via_1600x480,met1,met2
VDD,STRIPE,,185730,100400,187330,100880,via3_1600x480,met3,met4
VDD,STRIPE,,185730,100400,187330,100880,via2_1600x480,met2,met3
VDD,STRIPE,,185730,100400,187330,100880,via_1600x480,met1,met2
VDD,STRIPE,,158590,100400,160190,100880,via3_1600x480,met3,met4
VDD,STRIPE,,158590,100400,160190,100880,via2_1600x480,met2,met3
VDD,STRIPE,,158590,100400,160190,100880,via_1600x480,met1,met2
VDD,STRIPE,,131450,100400,133050,100880,via3_1600x480,met3,met4
VDD,STRIPE,,131450,100400,133050,100880,via2_1600x480,met2,met3
VDD,STRIPE,,131450,100400,133050,100880,via_1600x480,met1,met2
VDD,STRIPE,,104310,100400,105910,100880,via3_1600x480,met3,met4
VDD,STRIPE,,104310,100400,105910,100880,via2_1600x480,met2,met3
VDD,STRIPE,,104310,100400,105910,100880,via_1600x480,met1,met2
VDD,STRIPE,,77170,100400,78770,100880,via3_1600x480,met3,met4
VDD,STRIPE,,77170,100400,78770,100880,via2_1600x480,met2,met3
VDD,STRIPE,,77170,100400,78770,100880,via_1600x480,met1,met2
VDD,STRIPE,,50030,100400,51630,100880,via3_1600x480,met3,met4
VDD,STRIPE,,50030,100400,51630,100880,via2_1600x480,met2,met3
VDD,STRIPE,,50030,100400,51630,100880,via_1600x480,met1,met2
VDD,STRIPE,,22890,100400,24490,100880,via3_1600x480,met3,met4
VDD,STRIPE,,22890,100400,24490,100880,via2_1600x480,met2,met3
VDD,STRIPE,,22890,100400,24490,100880,via_1600x480,met1,met2
VDD,STRIPE,,267150,94960,268750,95440,via3_1600x480,met3,met4
VDD,STRIPE,,267150,94960,268750,95440,via2_1600x480,met2,met3
VDD,STRIPE,,267150,94960,268750,95440,via_1600x480,met1,met2
VDD,STRIPE,,240010,94960,241610,95440,via3_1600x480,met3,met4
VDD,STRIPE,,240010,94960,241610,95440,via2_1600x480,met2,met3
VDD,STRIPE,,240010,94960,241610,95440,via_1600x480,met1,met2
VDD,STRIPE,,212870,94960,214470,95440,via3_1600x480,met3,met4
VDD,STRIPE,,212870,94960,214470,95440,via2_1600x480,met2,met3
VDD,STRIPE,,212870,94960,214470,95440,via_1600x480,met1,met2
VDD,STRIPE,,185730,94960,187330,95440,via3_1600x480,met3,met4
VDD,STRIPE,,185730,94960,187330,95440,via2_1600x480,met2,met3
VDD,STRIPE,,185730,94960,187330,95440,via_1600x480,met1,met2
VDD,STRIPE,,158590,94960,160190,95440,via3_1600x480,met3,met4
VDD,STRIPE,,158590,94960,160190,95440,via2_1600x480,met2,met3
VDD,STRIPE,,158590,94960,160190,95440,via_1600x480,met1,met2
VDD,STRIPE,,131450,94960,133050,95440,via3_1600x480,met3,met4
VDD,STRIPE,,131450,94960,133050,95440,via2_1600x480,met2,met3
VDD,STRIPE,,131450,94960,133050,95440,via_1600x480,met1,met2
VDD,STRIPE,,104310,94960,105910,95440,via3_1600x480,met3,met4
VDD,STRIPE,,104310,94960,105910,95440,via2_1600x480,met2,met3
VDD,STRIPE,,104310,94960,105910,95440,via_1600x480,met1,met2
VDD,STRIPE,,77170,94960,78770,95440,via3_1600x480,met3,met4
VDD,STRIPE,,77170,94960,78770,95440,via2_1600x480,met2,met3
VDD,STRIPE,,77170,94960,78770,95440,via_1600x480,met1,met2
VDD,STRIPE,,50030,94960,51630,95440,via3_1600x480,met3,met4
VDD,STRIPE,,50030,94960,51630,95440,via2_1600x480,met2,met3
VDD,STRIPE,,50030,94960,51630,95440,via_1600x480,met1,met2
VDD,STRIPE,,22890,94960,24490,95440,via3_1600x480,met3,met4
VDD,STRIPE,,22890,94960,24490,95440,via2_1600x480,met2,met3
VDD,STRIPE,,22890,94960,24490,95440,via_1600x480,met1,met2
VDD,STRIPE,,267150,89520,268750,90000,via3_1600x480,met3,met4
VDD,STRIPE,,267150,89520,268750,90000,via2_1600x480,met2,met3
VDD,STRIPE,,267150,89520,268750,90000,via_1600x480,met1,met2
VDD,STRIPE,,240010,89520,241610,90000,via3_1600x480,met3,met4
VDD,STRIPE,,240010,89520,241610,90000,via2_1600x480,met2,met3
VDD,STRIPE,,240010,89520,241610,90000,via_1600x480,met1,met2
VDD,STRIPE,,212870,89520,214470,90000,via3_1600x480,met3,met4
VDD,STRIPE,,212870,89520,214470,90000,via2_1600x480,met2,met3
VDD,STRIPE,,212870,89520,214470,90000,via_1600x480,met1,met2
VDD,STRIPE,,185730,89520,187330,90000,via3_1600x480,met3,met4
VDD,STRIPE,,185730,89520,187330,90000,via2_1600x480,met2,met3
VDD,STRIPE,,185730,89520,187330,90000,via_1600x480,met1,met2
VDD,STRIPE,,158590,89520,160190,90000,via3_1600x480,met3,met4
VDD,STRIPE,,158590,89520,160190,90000,via2_1600x480,met2,met3
VDD,STRIPE,,158590,89520,160190,90000,via_1600x480,met1,met2
VDD,STRIPE,,131450,89520,133050,90000,via3_1600x480,met3,met4
VDD,STRIPE,,131450,89520,133050,90000,via2_1600x480,met2,met3
VDD,STRIPE,,131450,89520,133050,90000,via_1600x480,met1,met2
VDD,STRIPE,,104310,89520,105910,90000,via3_1600x480,met3,met4
VDD,STRIPE,,104310,89520,105910,90000,via2_1600x480,met2,met3
VDD,STRIPE,,104310,89520,105910,90000,via_1600x480,met1,met2
VDD,STRIPE,,77170,89520,78770,90000,via3_1600x480,met3,met4
VDD,STRIPE,,77170,89520,78770,90000,via2_1600x480,met2,met3
VDD,STRIPE,,77170,89520,78770,90000,via_1600x480,met1,met2
VDD,STRIPE,,50030,89520,51630,90000,via3_1600x480,met3,met4
VDD,STRIPE,,50030,89520,51630,90000,via2_1600x480,met2,met3
VDD,STRIPE,,50030,89520,51630,90000,via_1600x480,met1,met2
VDD,STRIPE,,22890,89520,24490,90000,via3_1600x480,met3,met4
VDD,STRIPE,,22890,89520,24490,90000,via2_1600x480,met2,met3
VDD,STRIPE,,22890,89520,24490,90000,via_1600x480,met1,met2
VDD,STRIPE,,267150,84080,268750,84560,via3_1600x480,met3,met4
VDD,STRIPE,,267150,84080,268750,84560,via2_1600x480,met2,met3
VDD,STRIPE,,267150,84080,268750,84560,via_1600x480,met1,met2
VDD,STRIPE,,240010,84080,241610,84560,via3_1600x480,met3,met4
VDD,STRIPE,,240010,84080,241610,84560,via2_1600x480,met2,met3
VDD,STRIPE,,240010,84080,241610,84560,via_1600x480,met1,met2
VDD,STRIPE,,212870,84080,214470,84560,via3_1600x480,met3,met4
VDD,STRIPE,,212870,84080,214470,84560,via2_1600x480,met2,met3
VDD,STRIPE,,212870,84080,214470,84560,via_1600x480,met1,met2
VDD,STRIPE,,185730,84080,187330,84560,via3_1600x480,met3,met4
VDD,STRIPE,,185730,84080,187330,84560,via2_1600x480,met2,met3
VDD,STRIPE,,185730,84080,187330,84560,via_1600x480,met1,met2
VDD,STRIPE,,158590,84080,160190,84560,via3_1600x480,met3,met4
VDD,STRIPE,,158590,84080,160190,84560,via2_1600x480,met2,met3
VDD,STRIPE,,158590,84080,160190,84560,via_1600x480,met1,met2
VDD,STRIPE,,131450,84080,133050,84560,via3_1600x480,met3,met4
VDD,STRIPE,,131450,84080,133050,84560,via2_1600x480,met2,met3
VDD,STRIPE,,131450,84080,133050,84560,via_1600x480,met1,met2
VDD,STRIPE,,104310,84080,105910,84560,via3_1600x480,met3,met4
VDD,STRIPE,,104310,84080,105910,84560,via2_1600x480,met2,met3
VDD,STRIPE,,104310,84080,105910,84560,via_1600x480,met1,met2
VDD,STRIPE,,77170,84080,78770,84560,via3_1600x480,met3,met4
VDD,STRIPE,,77170,84080,78770,84560,via2_1600x480,met2,met3
VDD,STRIPE,,77170,84080,78770,84560,via_1600x480,met1,met2
VDD,STRIPE,,50030,84080,51630,84560,via3_1600x480,met3,met4
VDD,STRIPE,,50030,84080,51630,84560,via2_1600x480,met2,met3
VDD,STRIPE,,50030,84080,51630,84560,via_1600x480,met1,met2
VDD,STRIPE,,22890,84080,24490,84560,via3_1600x480,met3,met4
VDD,STRIPE,,22890,84080,24490,84560,via2_1600x480,met2,met3
VDD,STRIPE,,22890,84080,24490,84560,via_1600x480,met1,met2
VDD,STRIPE,,267150,78640,268750,79120,via3_1600x480,met3,met4
VDD,STRIPE,,267150,78640,268750,79120,via2_1600x480,met2,met3
VDD,STRIPE,,267150,78640,268750,79120,via_1600x480,met1,met2
VDD,STRIPE,,240010,78640,241610,79120,via3_1600x480,met3,met4
VDD,STRIPE,,240010,78640,241610,79120,via2_1600x480,met2,met3
VDD,STRIPE,,240010,78640,241610,79120,via_1600x480,met1,met2
VDD,STRIPE,,212870,78640,214470,79120,via3_1600x480,met3,met4
VDD,STRIPE,,212870,78640,214470,79120,via2_1600x480,met2,met3
VDD,STRIPE,,212870,78640,214470,79120,via_1600x480,met1,met2
VDD,STRIPE,,185730,78640,187330,79120,via3_1600x480,met3,met4
VDD,STRIPE,,185730,78640,187330,79120,via2_1600x480,met2,met3
VDD,STRIPE,,185730,78640,187330,79120,via_1600x480,met1,met2
VDD,STRIPE,,158590,78640,160190,79120,via3_1600x480,met3,met4
VDD,STRIPE,,158590,78640,160190,79120,via2_1600x480,met2,met3
VDD,STRIPE,,158590,78640,160190,79120,via_1600x480,met1,met2
VDD,STRIPE,,131450,78640,133050,79120,via3_1600x480,met3,met4
VDD,STRIPE,,131450,78640,133050,79120,via2_1600x480,met2,met3
VDD,STRIPE,,131450,78640,133050,79120,via_1600x480,met1,met2
VDD,STRIPE,,104310,78640,105910,79120,via3_1600x480,met3,met4
VDD,STRIPE,,104310,78640,105910,79120,via2_1600x480,met2,met3
VDD,STRIPE,,104310,78640,105910,79120,via_1600x480,met1,met2
VDD,STRIPE,,77170,78640,78770,79120,via3_1600x480,met3,met4
VDD,STRIPE,,77170,78640,78770,79120,via2_1600x480,met2,met3
VDD,STRIPE,,77170,78640,78770,79120,via_1600x480,met1,met2
VDD,STRIPE,,50030,78640,51630,79120,via3_1600x480,met3,met4
VDD,STRIPE,,50030,78640,51630,79120,via2_1600x480,met2,met3
VDD,STRIPE,,50030,78640,51630,79120,via_1600x480,met1,met2
VDD,STRIPE,,22890,78640,24490,79120,via3_1600x480,met3,met4
VDD,STRIPE,,22890,78640,24490,79120,via2_1600x480,met2,met3
VDD,STRIPE,,22890,78640,24490,79120,via_1600x480,met1,met2
VDD,STRIPE,,267150,73200,268750,73680,via3_1600x480,met3,met4
VDD,STRIPE,,267150,73200,268750,73680,via2_1600x480,met2,met3
VDD,STRIPE,,267150,73200,268750,73680,via_1600x480,met1,met2
VDD,STRIPE,,240010,73200,241610,73680,via3_1600x480,met3,met4
VDD,STRIPE,,240010,73200,241610,73680,via2_1600x480,met2,met3
VDD,STRIPE,,240010,73200,241610,73680,via_1600x480,met1,met2
VDD,STRIPE,,212870,73200,214470,73680,via3_1600x480,met3,met4
VDD,STRIPE,,212870,73200,214470,73680,via2_1600x480,met2,met3
VDD,STRIPE,,212870,73200,214470,73680,via_1600x480,met1,met2
VDD,STRIPE,,185730,73200,187330,73680,via3_1600x480,met3,met4
VDD,STRIPE,,185730,73200,187330,73680,via2_1600x480,met2,met3
VDD,STRIPE,,185730,73200,187330,73680,via_1600x480,met1,met2
VDD,STRIPE,,158590,73200,160190,73680,via3_1600x480,met3,met4
VDD,STRIPE,,158590,73200,160190,73680,via2_1600x480,met2,met3
VDD,STRIPE,,158590,73200,160190,73680,via_1600x480,met1,met2
VDD,STRIPE,,131450,73200,133050,73680,via3_1600x480,met3,met4
VDD,STRIPE,,131450,73200,133050,73680,via2_1600x480,met2,met3
VDD,STRIPE,,131450,73200,133050,73680,via_1600x480,met1,met2
VDD,STRIPE,,104310,73200,105910,73680,via3_1600x480,met3,met4
VDD,STRIPE,,104310,73200,105910,73680,via2_1600x480,met2,met3
VDD,STRIPE,,104310,73200,105910,73680,via_1600x480,met1,met2
VDD,STRIPE,,77170,73200,78770,73680,via3_1600x480,met3,met4
VDD,STRIPE,,77170,73200,78770,73680,via2_1600x480,met2,met3
VDD,STRIPE,,77170,73200,78770,73680,via_1600x480,met1,met2
VDD,STRIPE,,50030,73200,51630,73680,via3_1600x480,met3,met4
VDD,STRIPE,,50030,73200,51630,73680,via2_1600x480,met2,met3
VDD,STRIPE,,50030,73200,51630,73680,via_1600x480,met1,met2
VDD,STRIPE,,22890,73200,24490,73680,via3_1600x480,met3,met4
VDD,STRIPE,,22890,73200,24490,73680,via2_1600x480,met2,met3
VDD,STRIPE,,22890,73200,24490,73680,via_1600x480,met1,met2
VDD,STRIPE,,267150,67760,268750,68240,via3_1600x480,met3,met4
VDD,STRIPE,,267150,67760,268750,68240,via2_1600x480,met2,met3
VDD,STRIPE,,267150,67760,268750,68240,via_1600x480,met1,met2
VDD,STRIPE,,240010,67760,241610,68240,via3_1600x480,met3,met4
VDD,STRIPE,,240010,67760,241610,68240,via2_1600x480,met2,met3
VDD,STRIPE,,240010,67760,241610,68240,via_1600x480,met1,met2
VDD,STRIPE,,212870,67760,214470,68240,via3_1600x480,met3,met4
VDD,STRIPE,,212870,67760,214470,68240,via2_1600x480,met2,met3
VDD,STRIPE,,212870,67760,214470,68240,via_1600x480,met1,met2
VDD,STRIPE,,185730,67760,187330,68240,via3_1600x480,met3,met4
VDD,STRIPE,,185730,67760,187330,68240,via2_1600x480,met2,met3
VDD,STRIPE,,185730,67760,187330,68240,via_1600x480,met1,met2
VDD,STRIPE,,158590,67760,160190,68240,via3_1600x480,met3,met4
VDD,STRIPE,,158590,67760,160190,68240,via2_1600x480,met2,met3
VDD,STRIPE,,158590,67760,160190,68240,via_1600x480,met1,met2
VDD,STRIPE,,131450,67760,133050,68240,via3_1600x480,met3,met4
VDD,STRIPE,,131450,67760,133050,68240,via2_1600x480,met2,met3
VDD,STRIPE,,131450,67760,133050,68240,via_1600x480,met1,met2
VDD,STRIPE,,104310,67760,105910,68240,via3_1600x480,met3,met4
VDD,STRIPE,,104310,67760,105910,68240,via2_1600x480,met2,met3
VDD,STRIPE,,104310,67760,105910,68240,via_1600x480,met1,met2
VDD,STRIPE,,77170,67760,78770,68240,via3_1600x480,met3,met4
VDD,STRIPE,,77170,67760,78770,68240,via2_1600x480,met2,met3
VDD,STRIPE,,77170,67760,78770,68240,via_1600x480,met1,met2
VDD,STRIPE,,50030,67760,51630,68240,via3_1600x480,met3,met4
VDD,STRIPE,,50030,67760,51630,68240,via2_1600x480,met2,met3
VDD,STRIPE,,50030,67760,51630,68240,via_1600x480,met1,met2
VDD,STRIPE,,22890,67760,24490,68240,via3_1600x480,met3,met4
VDD,STRIPE,,22890,67760,24490,68240,via2_1600x480,met2,met3
VDD,STRIPE,,22890,67760,24490,68240,via_1600x480,met1,met2
VDD,STRIPE,,267150,62320,268750,62800,via3_1600x480,met3,met4
VDD,STRIPE,,267150,62320,268750,62800,via2_1600x480,met2,met3
VDD,STRIPE,,267150,62320,268750,62800,via_1600x480,met1,met2
VDD,STRIPE,,240010,62320,241610,62800,via3_1600x480,met3,met4
VDD,STRIPE,,240010,62320,241610,62800,via2_1600x480,met2,met3
VDD,STRIPE,,240010,62320,241610,62800,via_1600x480,met1,met2
VDD,STRIPE,,212870,62320,214470,62800,via3_1600x480,met3,met4
VDD,STRIPE,,212870,62320,214470,62800,via2_1600x480,met2,met3
VDD,STRIPE,,212870,62320,214470,62800,via_1600x480,met1,met2
VDD,STRIPE,,185730,62320,187330,62800,via3_1600x480,met3,met4
VDD,STRIPE,,185730,62320,187330,62800,via2_1600x480,met2,met3
VDD,STRIPE,,185730,62320,187330,62800,via_1600x480,met1,met2
VDD,STRIPE,,158590,62320,160190,62800,via3_1600x480,met3,met4
VDD,STRIPE,,158590,62320,160190,62800,via2_1600x480,met2,met3
VDD,STRIPE,,158590,62320,160190,62800,via_1600x480,met1,met2
VDD,STRIPE,,131450,62320,133050,62800,via3_1600x480,met3,met4
VDD,STRIPE,,131450,62320,133050,62800,via2_1600x480,met2,met3
VDD,STRIPE,,131450,62320,133050,62800,via_1600x480,met1,met2
VDD,STRIPE,,104310,62320,105910,62800,via3_1600x480,met3,met4
VDD,STRIPE,,104310,62320,105910,62800,via2_1600x480,met2,met3
VDD,STRIPE,,104310,62320,105910,62800,via_1600x480,met1,met2
VDD,STRIPE,,77170,62320,78770,62800,via3_1600x480,met3,met4
VDD,STRIPE,,77170,62320,78770,62800,via2_1600x480,met2,met3
VDD,STRIPE,,77170,62320,78770,62800,via_1600x480,met1,met2
VDD,STRIPE,,50030,62320,51630,62800,via3_1600x480,met3,met4
VDD,STRIPE,,50030,62320,51630,62800,via2_1600x480,met2,met3
VDD,STRIPE,,50030,62320,51630,62800,via_1600x480,met1,met2
VDD,STRIPE,,22890,62320,24490,62800,via3_1600x480,met3,met4
VDD,STRIPE,,22890,62320,24490,62800,via2_1600x480,met2,met3
VDD,STRIPE,,22890,62320,24490,62800,via_1600x480,met1,met2
VDD,STRIPE,,267150,56880,268750,57360,via3_1600x480,met3,met4
VDD,STRIPE,,267150,56880,268750,57360,via2_1600x480,met2,met3
VDD,STRIPE,,267150,56880,268750,57360,via_1600x480,met1,met2
VDD,STRIPE,,240010,56880,241610,57360,via3_1600x480,met3,met4
VDD,STRIPE,,240010,56880,241610,57360,via2_1600x480,met2,met3
VDD,STRIPE,,240010,56880,241610,57360,via_1600x480,met1,met2
VDD,STRIPE,,212870,56880,214470,57360,via3_1600x480,met3,met4
VDD,STRIPE,,212870,56880,214470,57360,via2_1600x480,met2,met3
VDD,STRIPE,,212870,56880,214470,57360,via_1600x480,met1,met2
VDD,STRIPE,,185730,56880,187330,57360,via3_1600x480,met3,met4
VDD,STRIPE,,185730,56880,187330,57360,via2_1600x480,met2,met3
VDD,STRIPE,,185730,56880,187330,57360,via_1600x480,met1,met2
VDD,STRIPE,,158590,56880,160190,57360,via3_1600x480,met3,met4
VDD,STRIPE,,158590,56880,160190,57360,via2_1600x480,met2,met3
VDD,STRIPE,,158590,56880,160190,57360,via_1600x480,met1,met2
VDD,STRIPE,,131450,56880,133050,57360,via3_1600x480,met3,met4
VDD,STRIPE,,131450,56880,133050,57360,via2_1600x480,met2,met3
VDD,STRIPE,,131450,56880,133050,57360,via_1600x480,met1,met2
VDD,STRIPE,,104310,56880,105910,57360,via3_1600x480,met3,met4
VDD,STRIPE,,104310,56880,105910,57360,via2_1600x480,met2,met3
VDD,STRIPE,,104310,56880,105910,57360,via_1600x480,met1,met2
VDD,STRIPE,,77170,56880,78770,57360,via3_1600x480,met3,met4
VDD,STRIPE,,77170,56880,78770,57360,via2_1600x480,met2,met3
VDD,STRIPE,,77170,56880,78770,57360,via_1600x480,met1,met2
VDD,STRIPE,,50030,56880,51630,57360,via3_1600x480,met3,met4
VDD,STRIPE,,50030,56880,51630,57360,via2_1600x480,met2,met3
VDD,STRIPE,,50030,56880,51630,57360,via_1600x480,met1,met2
VDD,STRIPE,,22890,56880,24490,57360,via3_1600x480,met3,met4
VDD,STRIPE,,22890,56880,24490,57360,via2_1600x480,met2,met3
VDD,STRIPE,,22890,56880,24490,57360,via_1600x480,met1,met2
VDD,STRIPE,,267150,51440,268750,51920,via3_1600x480,met3,met4
VDD,STRIPE,,267150,51440,268750,51920,via2_1600x480,met2,met3
VDD,STRIPE,,267150,51440,268750,51920,via_1600x480,met1,met2
VDD,STRIPE,,240010,51440,241610,51920,via3_1600x480,met3,met4
VDD,STRIPE,,240010,51440,241610,51920,via2_1600x480,met2,met3
VDD,STRIPE,,240010,51440,241610,51920,via_1600x480,met1,met2
VDD,STRIPE,,212870,51440,214470,51920,via3_1600x480,met3,met4
VDD,STRIPE,,212870,51440,214470,51920,via2_1600x480,met2,met3
VDD,STRIPE,,212870,51440,214470,51920,via_1600x480,met1,met2
VDD,STRIPE,,185730,51440,187330,51920,via3_1600x480,met3,met4
VDD,STRIPE,,185730,51440,187330,51920,via2_1600x480,met2,met3
VDD,STRIPE,,185730,51440,187330,51920,via_1600x480,met1,met2
VDD,STRIPE,,158590,51440,160190,51920,via3_1600x480,met3,met4
VDD,STRIPE,,158590,51440,160190,51920,via2_1600x480,met2,met3
VDD,STRIPE,,158590,51440,160190,51920,via_1600x480,met1,met2
VDD,STRIPE,,131450,51440,133050,51920,via3_1600x480,met3,met4
VDD,STRIPE,,131450,51440,133050,51920,via2_1600x480,met2,met3
VDD,STRIPE,,131450,51440,133050,51920,via_1600x480,met1,met2
VDD,STRIPE,,104310,51440,105910,51920,via3_1600x480,met3,met4
VDD,STRIPE,,104310,51440,105910,51920,via2_1600x480,met2,met3
VDD,STRIPE,,104310,51440,105910,51920,via_1600x480,met1,met2
VDD,STRIPE,,77170,51440,78770,51920,via3_1600x480,met3,met4
VDD,STRIPE,,77170,51440,78770,51920,via2_1600x480,met2,met3
VDD,STRIPE,,77170,51440,78770,51920,via_1600x480,met1,met2
VDD,STRIPE,,50030,51440,51630,51920,via3_1600x480,met3,met4
VDD,STRIPE,,50030,51440,51630,51920,via2_1600x480,met2,met3
VDD,STRIPE,,50030,51440,51630,51920,via_1600x480,met1,met2
VDD,STRIPE,,22890,51440,24490,51920,via3_1600x480,met3,met4
VDD,STRIPE,,22890,51440,24490,51920,via2_1600x480,met2,met3
VDD,STRIPE,,22890,51440,24490,51920,via_1600x480,met1,met2
VDD,STRIPE,,267150,46000,268750,46480,via3_1600x480,met3,met4
VDD,STRIPE,,267150,46000,268750,46480,via2_1600x480,met2,met3
VDD,STRIPE,,267150,46000,268750,46480,via_1600x480,met1,met2
VDD,STRIPE,,240010,46000,241610,46480,via3_1600x480,met3,met4
VDD,STRIPE,,240010,46000,241610,46480,via2_1600x480,met2,met3
VDD,STRIPE,,240010,46000,241610,46480,via_1600x480,met1,met2
VDD,STRIPE,,212870,46000,214470,46480,via3_1600x480,met3,met4
VDD,STRIPE,,212870,46000,214470,46480,via2_1600x480,met2,met3
VDD,STRIPE,,212870,46000,214470,46480,via_1600x480,met1,met2
VDD,STRIPE,,185730,46000,187330,46480,via3_1600x480,met3,met4
VDD,STRIPE,,185730,46000,187330,46480,via2_1600x480,met2,met3
VDD,STRIPE,,185730,46000,187330,46480,via_1600x480,met1,met2
VDD,STRIPE,,158590,46000,160190,46480,via3_1600x480,met3,met4
VDD,STRIPE,,158590,46000,160190,46480,via2_1600x480,met2,met3
VDD,STRIPE,,158590,46000,160190,46480,via_1600x480,met1,met2
VDD,STRIPE,,131450,46000,133050,46480,via3_1600x480,met3,met4
VDD,STRIPE,,131450,46000,133050,46480,via2_1600x480,met2,met3
VDD,STRIPE,,131450,46000,133050,46480,via_1600x480,met1,met2
VDD,STRIPE,,104310,46000,105910,46480,via3_1600x480,met3,met4
VDD,STRIPE,,104310,46000,105910,46480,via2_1600x480,met2,met3
VDD,STRIPE,,104310,46000,105910,46480,via_1600x480,met1,met2
VDD,STRIPE,,77170,46000,78770,46480,via3_1600x480,met3,met4
VDD,STRIPE,,77170,46000,78770,46480,via2_1600x480,met2,met3
VDD,STRIPE,,77170,46000,78770,46480,via_1600x480,met1,met2
VDD,STRIPE,,50030,46000,51630,46480,via3_1600x480,met3,met4
VDD,STRIPE,,50030,46000,51630,46480,via2_1600x480,met2,met3
VDD,STRIPE,,50030,46000,51630,46480,via_1600x480,met1,met2
VDD,STRIPE,,22890,46000,24490,46480,via3_1600x480,met3,met4
VDD,STRIPE,,22890,46000,24490,46480,via2_1600x480,met2,met3
VDD,STRIPE,,22890,46000,24490,46480,via_1600x480,met1,met2
VDD,STRIPE,,267150,40560,268750,41040,via3_1600x480,met3,met4
VDD,STRIPE,,267150,40560,268750,41040,via2_1600x480,met2,met3
VDD,STRIPE,,267150,40560,268750,41040,via_1600x480,met1,met2
VDD,STRIPE,,240010,40560,241610,41040,via3_1600x480,met3,met4
VDD,STRIPE,,240010,40560,241610,41040,via2_1600x480,met2,met3
VDD,STRIPE,,240010,40560,241610,41040,via_1600x480,met1,met2
VDD,STRIPE,,212870,40560,214470,41040,via3_1600x480,met3,met4
VDD,STRIPE,,212870,40560,214470,41040,via2_1600x480,met2,met3
VDD,STRIPE,,212870,40560,214470,41040,via_1600x480,met1,met2
VDD,STRIPE,,185730,40560,187330,41040,via3_1600x480,met3,met4
VDD,STRIPE,,185730,40560,187330,41040,via2_1600x480,met2,met3
VDD,STRIPE,,185730,40560,187330,41040,via_1600x480,met1,met2
VDD,STRIPE,,158590,40560,160190,41040,via3_1600x480,met3,met4
VDD,STRIPE,,158590,40560,160190,41040,via2_1600x480,met2,met3
VDD,STRIPE,,158590,40560,160190,41040,via_1600x480,met1,met2
VDD,STRIPE,,131450,40560,133050,41040,via3_1600x480,met3,met4
VDD,STRIPE,,131450,40560,133050,41040,via2_1600x480,met2,met3
VDD,STRIPE,,131450,40560,133050,41040,via_1600x480,met1,met2
VDD,STRIPE,,104310,40560,105910,41040,via3_1600x480,met3,met4
VDD,STRIPE,,104310,40560,105910,41040,via2_1600x480,met2,met3
VDD,STRIPE,,104310,40560,105910,41040,via_1600x480,met1,met2
VDD,STRIPE,,77170,40560,78770,41040,via3_1600x480,met3,met4
VDD,STRIPE,,77170,40560,78770,41040,via2_1600x480,met2,met3
VDD,STRIPE,,77170,40560,78770,41040,via_1600x480,met1,met2
VDD,STRIPE,,50030,40560,51630,41040,via3_1600x480,met3,met4
VDD,STRIPE,,50030,40560,51630,41040,via2_1600x480,met2,met3
VDD,STRIPE,,50030,40560,51630,41040,via_1600x480,met1,met2
VDD,STRIPE,,22890,40560,24490,41040,via3_1600x480,met3,met4
VDD,STRIPE,,22890,40560,24490,41040,via2_1600x480,met2,met3
VDD,STRIPE,,22890,40560,24490,41040,via_1600x480,met1,met2
VDD,STRIPE,,267150,35120,268750,35600,via3_1600x480,met3,met4
VDD,STRIPE,,267150,35120,268750,35600,via2_1600x480,met2,met3
VDD,STRIPE,,267150,35120,268750,35600,via_1600x480,met1,met2
VDD,STRIPE,,240010,35120,241610,35600,via3_1600x480,met3,met4
VDD,STRIPE,,240010,35120,241610,35600,via2_1600x480,met2,met3
VDD,STRIPE,,240010,35120,241610,35600,via_1600x480,met1,met2
VDD,STRIPE,,212870,35120,214470,35600,via3_1600x480,met3,met4
VDD,STRIPE,,212870,35120,214470,35600,via2_1600x480,met2,met3
VDD,STRIPE,,212870,35120,214470,35600,via_1600x480,met1,met2
VDD,STRIPE,,185730,35120,187330,35600,via3_1600x480,met3,met4
VDD,STRIPE,,185730,35120,187330,35600,via2_1600x480,met2,met3
VDD,STRIPE,,185730,35120,187330,35600,via_1600x480,met1,met2
VDD,STRIPE,,158590,35120,160190,35600,via3_1600x480,met3,met4
VDD,STRIPE,,158590,35120,160190,35600,via2_1600x480,met2,met3
VDD,STRIPE,,158590,35120,160190,35600,via_1600x480,met1,met2
VDD,STRIPE,,131450,35120,133050,35600,via3_1600x480,met3,met4
VDD,STRIPE,,131450,35120,133050,35600,via2_1600x480,met2,met3
VDD,STRIPE,,131450,35120,133050,35600,via_1600x480,met1,met2
VDD,STRIPE,,104310,35120,105910,35600,via3_1600x480,met3,met4
VDD,STRIPE,,104310,35120,105910,35600,via2_1600x480,met2,met3
VDD,STRIPE,,104310,35120,105910,35600,via_1600x480,met1,met2
VDD,STRIPE,,77170,35120,78770,35600,via3_1600x480,met3,met4
VDD,STRIPE,,77170,35120,78770,35600,via2_1600x480,met2,met3
VDD,STRIPE,,77170,35120,78770,35600,via_1600x480,met1,met2
VDD,STRIPE,,50030,35120,51630,35600,via3_1600x480,met3,met4
VDD,STRIPE,,50030,35120,51630,35600,via2_1600x480,met2,met3
VDD,STRIPE,,50030,35120,51630,35600,via_1600x480,met1,met2
VDD,STRIPE,,22890,35120,24490,35600,via3_1600x480,met3,met4
VDD,STRIPE,,22890,35120,24490,35600,via2_1600x480,met2,met3
VDD,STRIPE,,22890,35120,24490,35600,via_1600x480,met1,met2
VDD,STRIPE,,267150,29680,268750,30160,via3_1600x480,met3,met4
VDD,STRIPE,,267150,29680,268750,30160,via2_1600x480,met2,met3
VDD,STRIPE,,267150,29680,268750,30160,via_1600x480,met1,met2
VDD,STRIPE,,240010,29680,241610,30160,via3_1600x480,met3,met4
VDD,STRIPE,,240010,29680,241610,30160,via2_1600x480,met2,met3
VDD,STRIPE,,240010,29680,241610,30160,via_1600x480,met1,met2
VDD,STRIPE,,212870,29680,214470,30160,via3_1600x480,met3,met4
VDD,STRIPE,,212870,29680,214470,30160,via2_1600x480,met2,met3
VDD,STRIPE,,212870,29680,214470,30160,via_1600x480,met1,met2
VDD,STRIPE,,185730,29680,187330,30160,via3_1600x480,met3,met4
VDD,STRIPE,,185730,29680,187330,30160,via2_1600x480,met2,met3
VDD,STRIPE,,185730,29680,187330,30160,via_1600x480,met1,met2
VDD,STRIPE,,158590,29680,160190,30160,via3_1600x480,met3,met4
VDD,STRIPE,,158590,29680,160190,30160,via2_1600x480,met2,met3
VDD,STRIPE,,158590,29680,160190,30160,via_1600x480,met1,met2
VDD,STRIPE,,131450,29680,133050,30160,via3_1600x480,met3,met4
VDD,STRIPE,,131450,29680,133050,30160,via2_1600x480,met2,met3
VDD,STRIPE,,131450,29680,133050,30160,via_1600x480,met1,met2
VDD,STRIPE,,104310,29680,105910,30160,via3_1600x480,met3,met4
VDD,STRIPE,,104310,29680,105910,30160,via2_1600x480,met2,met3
VDD,STRIPE,,104310,29680,105910,30160,via_1600x480,met1,met2
VDD,STRIPE,,77170,29680,78770,30160,via3_1600x480,met3,met4
VDD,STRIPE,,77170,29680,78770,30160,via2_1600x480,met2,met3
VDD,STRIPE,,77170,29680,78770,30160,via_1600x480,met1,met2
VDD,STRIPE,,50030,29680,51630,30160,via3_1600x480,met3,met4
VDD,STRIPE,,50030,29680,51630,30160,via2_1600x480,met2,met3
VDD,STRIPE,,50030,29680,51630,30160,via_1600x480,met1,met2
VDD,STRIPE,,22890,29680,24490,30160,via3_1600x480,met3,met4
VDD,STRIPE,,22890,29680,24490,30160,via2_1600x480,met2,met3
VDD,STRIPE,,22890,29680,24490,30160,via_1600x480,met1,met2
VDD,STRIPE,,267150,24240,268750,24720,via3_1600x480,met3,met4
VDD,STRIPE,,267150,24240,268750,24720,via2_1600x480,met2,met3
VDD,STRIPE,,267150,24240,268750,24720,via_1600x480,met1,met2
VDD,STRIPE,,240010,24240,241610,24720,via3_1600x480,met3,met4
VDD,STRIPE,,240010,24240,241610,24720,via2_1600x480,met2,met3
VDD,STRIPE,,240010,24240,241610,24720,via_1600x480,met1,met2
VDD,STRIPE,,212870,24240,214470,24720,via3_1600x480,met3,met4
VDD,STRIPE,,212870,24240,214470,24720,via2_1600x480,met2,met3
VDD,STRIPE,,212870,24240,214470,24720,via_1600x480,met1,met2
VDD,STRIPE,,185730,24240,187330,24720,via3_1600x480,met3,met4
VDD,STRIPE,,185730,24240,187330,24720,via2_1600x480,met2,met3
VDD,STRIPE,,185730,24240,187330,24720,via_1600x480,met1,met2
VDD,STRIPE,,158590,24240,160190,24720,via3_1600x480,met3,met4
VDD,STRIPE,,158590,24240,160190,24720,via2_1600x480,met2,met3
VDD,STRIPE,,158590,24240,160190,24720,via_1600x480,met1,met2
VDD,STRIPE,,131450,24240,133050,24720,via3_1600x480,met3,met4
VDD,STRIPE,,131450,24240,133050,24720,via2_1600x480,met2,met3
VDD,STRIPE,,131450,24240,133050,24720,via_1600x480,met1,met2
VDD,STRIPE,,104310,24240,105910,24720,via3_1600x480,met3,met4
VDD,STRIPE,,104310,24240,105910,24720,via2_1600x480,met2,met3
VDD,STRIPE,,104310,24240,105910,24720,via_1600x480,met1,met2
VDD,STRIPE,,77170,24240,78770,24720,via3_1600x480,met3,met4
VDD,STRIPE,,77170,24240,78770,24720,via2_1600x480,met2,met3
VDD,STRIPE,,77170,24240,78770,24720,via_1600x480,met1,met2
VDD,STRIPE,,50030,24240,51630,24720,via3_1600x480,met3,met4
VDD,STRIPE,,50030,24240,51630,24720,via2_1600x480,met2,met3
VDD,STRIPE,,50030,24240,51630,24720,via_1600x480,met1,met2
VDD,STRIPE,,22890,24240,24490,24720,via3_1600x480,met3,met4
VDD,STRIPE,,22890,24240,24490,24720,via2_1600x480,met2,met3
VDD,STRIPE,,22890,24240,24490,24720,via_1600x480,met1,met2
VDD,STRIPE,,267150,18800,268750,19280,via3_1600x480,met3,met4
VDD,STRIPE,,267150,18800,268750,19280,via2_1600x480,met2,met3
VDD,STRIPE,,267150,18800,268750,19280,via_1600x480,met1,met2
VDD,STRIPE,,240010,18800,241610,19280,via3_1600x480,met3,met4
VDD,STRIPE,,240010,18800,241610,19280,via2_1600x480,met2,met3
VDD,STRIPE,,240010,18800,241610,19280,via_1600x480,met1,met2
VDD,STRIPE,,212870,18800,214470,19280,via3_1600x480,met3,met4
VDD,STRIPE,,212870,18800,214470,19280,via2_1600x480,met2,met3
VDD,STRIPE,,212870,18800,214470,19280,via_1600x480,met1,met2
VDD,STRIPE,,185730,18800,187330,19280,via3_1600x480,met3,met4
VDD,STRIPE,,185730,18800,187330,19280,via2_1600x480,met2,met3
VDD,STRIPE,,185730,18800,187330,19280,via_1600x480,met1,met2
VDD,STRIPE,,158590,18800,160190,19280,via3_1600x480,met3,met4
VDD,STRIPE,,158590,18800,160190,19280,via2_1600x480,met2,met3
VDD,STRIPE,,158590,18800,160190,19280,via_1600x480,met1,met2
VDD,STRIPE,,131450,18800,133050,19280,via3_1600x480,met3,met4
VDD,STRIPE,,131450,18800,133050,19280,via2_1600x480,met2,met3
VDD,STRIPE,,131450,18800,133050,19280,via_1600x480,met1,met2
VDD,STRIPE,,104310,18800,105910,19280,via3_1600x480,met3,met4
VDD,STRIPE,,104310,18800,105910,19280,via2_1600x480,met2,met3
VDD,STRIPE,,104310,18800,105910,19280,via_1600x480,met1,met2
VDD,STRIPE,,77170,18800,78770,19280,via3_1600x480,met3,met4
VDD,STRIPE,,77170,18800,78770,19280,via2_1600x480,met2,met3
VDD,STRIPE,,77170,18800,78770,19280,via_1600x480,met1,met2
VDD,STRIPE,,50030,18800,51630,19280,via3_1600x480,met3,met4
VDD,STRIPE,,50030,18800,51630,19280,via2_1600x480,met2,met3
VDD,STRIPE,,50030,18800,51630,19280,via_1600x480,met1,met2
VDD,STRIPE,,22890,18800,24490,19280,via3_1600x480,met3,met4
VDD,STRIPE,,22890,18800,24490,19280,via2_1600x480,met2,met3
VDD,STRIPE,,22890,18800,24490,19280,via_1600x480,met1,met2
VDD,STRIPE,,267150,13360,268750,13840,via3_1600x480,met3,met4
VDD,STRIPE,,267150,13360,268750,13840,via2_1600x480,met2,met3
VDD,STRIPE,,267150,13360,268750,13840,via_1600x480,met1,met2
VDD,STRIPE,,240010,13360,241610,13840,via3_1600x480,met3,met4
VDD,STRIPE,,240010,13360,241610,13840,via2_1600x480,met2,met3
VDD,STRIPE,,240010,13360,241610,13840,via_1600x480,met1,met2
VDD,STRIPE,,212870,13360,214470,13840,via3_1600x480,met3,met4
VDD,STRIPE,,212870,13360,214470,13840,via2_1600x480,met2,met3
VDD,STRIPE,,212870,13360,214470,13840,via_1600x480,met1,met2
VDD,STRIPE,,185730,13360,187330,13840,via3_1600x480,met3,met4
VDD,STRIPE,,185730,13360,187330,13840,via2_1600x480,met2,met3
VDD,STRIPE,,185730,13360,187330,13840,via_1600x480,met1,met2
VDD,STRIPE,,158590,13360,160190,13840,via3_1600x480,met3,met4
VDD,STRIPE,,158590,13360,160190,13840,via2_1600x480,met2,met3
VDD,STRIPE,,158590,13360,160190,13840,via_1600x480,met1,met2
VDD,STRIPE,,131450,13360,133050,13840,via3_1600x480,met3,met4
VDD,STRIPE,,131450,13360,133050,13840,via2_1600x480,met2,met3
VDD,STRIPE,,131450,13360,133050,13840,via_1600x480,met1,met2
VDD,STRIPE,,104310,13360,105910,13840,via3_1600x480,met3,met4
VDD,STRIPE,,104310,13360,105910,13840,via2_1600x480,met2,met3
VDD,STRIPE,,104310,13360,105910,13840,via_1600x480,met1,met2
VDD,STRIPE,,77170,13360,78770,13840,via3_1600x480,met3,met4
VDD,STRIPE,,77170,13360,78770,13840,via2_1600x480,met2,met3
VDD,STRIPE,,77170,13360,78770,13840,via_1600x480,met1,met2
VDD,STRIPE,,50030,13360,51630,13840,via3_1600x480,met3,met4
VDD,STRIPE,,50030,13360,51630,13840,via2_1600x480,met2,met3
VDD,STRIPE,,50030,13360,51630,13840,via_1600x480,met1,met2
VDD,STRIPE,,22890,13360,24490,13840,via3_1600x480,met3,met4
VDD,STRIPE,,22890,13360,24490,13840,via2_1600x480,met2,met3
VDD,STRIPE,,22890,13360,24490,13840,via_1600x480,met1,met2
VDD,STRIPE,met5,10120,241040,269560,242640,,,
VDD,STRIPE,met5,10120,213840,269560,215440,,,
VDD,STRIPE,met5,10120,186640,269560,188240,,,
VDD,STRIPE,met5,182000,159440,269560,161040,,,
VDD,STRIPE,met5,10120,159440,128000,161040,,,
VDD,STRIPE,met5,182000,132240,269560,133840,,,
VDD,STRIPE,met5,10120,132240,128000,133840,,,
VDD,STRIPE,met5,10120,105040,269560,106640,,,
VDD,STRIPE,met5,10120,77840,269560,79440,,,
VDD,STRIPE,met5,10120,50640,269560,52240,,,
VDD,STRIPE,met5,10120,23440,269560,25040,,,
VDD,STRIPE,met4,267150,10640,268750,269520,,,
VDD,STRIPE,met4,240010,10640,241610,269520,,,
VDD,STRIPE,met4,212870,10640,214470,269520,,,
VDD,STRIPE,met4,185730,10640,187330,269520,,,
VDD,STRIPE,met4,158590,181760,160190,269520,,,
VDD,STRIPE,met4,131450,181760,133050,269520,,,
VDD,STRIPE,met4,104310,10640,105910,269520,,,
VDD,STRIPE,met4,77170,10640,78770,269520,,,
VDD,STRIPE,met4,50030,10640,51630,269520,,,
VDD,STRIPE,met4,22890,10640,24490,269520,,,
VDD,STRIPE,met4,158590,10640,160190,128240,,,
VDD,STRIPE,met4,131450,10640,133050,128240,,,
VDD,FOLLOWPIN,met1,10120,269040,269560,269520,,,
VDD,FOLLOWPIN,met1,10120,263600,269560,264080,,,
VDD,FOLLOWPIN,met1,10120,258160,269560,258640,,,
VDD,FOLLOWPIN,met1,10120,252720,269560,253200,,,
VDD,FOLLOWPIN,met1,10120,247280,269560,247760,,,
VDD,FOLLOWPIN,met1,10120,241840,269560,242320,,,
VDD,FOLLOWPIN,met1,10120,236400,269560,236880,,,
VDD,FOLLOWPIN,met1,10120,230960,269560,231440,,,
VDD,FOLLOWPIN,met1,10120,225520,269560,226000,,,
VDD,FOLLOWPIN,met1,10120,220080,269560,220560,,,
VDD,FOLLOWPIN,met1,10120,214640,269560,215120,,,
VDD,FOLLOWPIN,met1,10120,209200,269560,209680,,,
VDD,FOLLOWPIN,met1,10120,203760,269560,204240,,,
VDD,FOLLOWPIN,met1,10120,198320,269560,198800,,,
VDD,FOLLOWPIN,met1,10120,192880,269560,193360,,,
VDD,FOLLOWPIN,met1,10120,187440,269560,187920,,,
VDD,FOLLOWPIN,met1,10120,182000,269560,182480,,,
VDD,FOLLOWPIN,met1,10120,176560,269560,177040,,,
VDD,FOLLOWPIN,met1,10120,171120,269560,171600,,,
VDD,FOLLOWPIN,met1,10120,165680,269560,166160,,,
VDD,FOLLOWPIN,met1,10120,160240,269560,160720,,,
VDD,FOLLOWPIN,met1,10120,154800,269560,155280,,,
VDD,FOLLOWPIN,met1,10120,149360,269560,149840,,,
VDD,FOLLOWPIN,met1,10120,143920,269560,144400,,,
VDD,FOLLOWPIN,met1,10120,138480,269560,138960,,,
VDD,FOLLOWPIN,met1,10120,133040,269560,133520,,,
VDD,FOLLOWPIN,met1,10120,127600,269560,128080,,,
VDD,FOLLOWPIN,met1,10120,122160,269560,122640,,,
VDD,FOLLOWPIN,met1,10120,116720,269560,117200,,,
VDD,FOLLOWPIN,met1,10120,111280,269560,111760,,,
VDD,FOLLOWPIN,met1,10120,105840,269560,106320,,,
VDD,FOLLOWPIN,met1,10120,100400,269560,100880,,,
VDD,FOLLOWPIN,met1,10120,94960,269560,95440,,,
VDD,FOLLOWPIN,met1,10120,89520,269560,90000,,,
VDD,FOLLOWPIN,met1,10120,84080,269560,84560,,,
VDD,FOLLOWPIN,met1,10120,78640,269560,79120,,,
VDD,FOLLOWPIN,met1,10120,73200,269560,73680,,,
VDD,FOLLOWPIN,met1,10120,67760,269560,68240,,,
VDD,FOLLOWPIN,met1,10120,62320,269560,62800,,,
VDD,FOLLOWPIN,met1,10120,56880,269560,57360,,,
VDD,FOLLOWPIN,met1,10120,51440,269560,51920,,,
VDD,FOLLOWPIN,met1,10120,46000,269560,46480,,,
VDD,FOLLOWPIN,met1,10120,40560,269560,41040,,,
VDD,FOLLOWPIN,met1,10120,35120,269560,35600,,,
VDD,FOLLOWPIN,met1,10120,29680,269560,30160,,,
VDD,FOLLOWPIN,met1,10120,24240,269560,24720,,,
VDD,FOLLOWPIN,met1,10120,18800,269560,19280,,,
VDD,FOLLOWPIN,met1,10120,13360,269560,13840,,,
VSS,STRIPE,,253580,254640,255180,256240,via4_1600x1600,met4,met5
VSS,STRIPE,,226440,254640,228040,256240,via4_1600x1600,met4,met5
VSS,STRIPE,,199300,254640,200900,256240,via4_1600x1600,met4,met5
VSS,STRIPE,,172160,254640,173760,256240,via4_1600x1600,met4,met5
VSS,STRIPE,,145020,254640,146620,256240,via4_1600x1600,met4,met5
VSS,STRIPE,,117880,254640,119480,256240,via4_1600x1600,met4,met5
VSS,STRIPE,,90740,254640,92340,256240,via4_1600x1600,met4,met5
VSS,STRIPE,,63600,254640,65200,256240,via4_1600x1600,met4,met5
VSS,STRIPE,,36460,254640,38060,256240,via4_1600x1600,met4,met5
VSS,STRIPE,,253580,227440,255180,229040,via4_1600x1600,met4,met5
VSS,STRIPE,,226440,227440,228040,229040,via4_1600x1600,met4,met5
VSS,STRIPE,,199300,227440,200900,229040,via4_1600x1600,met4,met5
VSS,STRIPE,,172160,227440,173760,229040,via4_1600x1600,met4,met5
VSS,STRIPE,,145020,227440,146620,229040,via4_1600x1600,met4,met5
VSS,STRIPE,,117880,227440,119480,229040,via4_1600x1600,met4,met5
VSS,STRIPE,,90740,227440,92340,229040,via4_1600x1600,met4,met5
VSS,STRIPE,,63600,227440,65200,229040,via4_1600x1600,met4,met5
VSS,STRIPE,,36460,227440,38060,229040,via4_1600x1600,met4,met5
VSS,STRIPE,,253580,200240,255180,201840,via4_1600x1600,met4,met5
VSS,STRIPE,,226440,200240,228040,201840,via4_1600x1600,met4,met5
VSS,STRIPE,,199300,200240,200900,201840,via4_1600x1600,met4,met5
VSS,STRIPE,,172160,200240,173760,201840,via4_1600x1600,met4,met5
VSS,STRIPE,,145020,200240,146620,201840,via4_1600x1600,met4,met5
VSS,STRIPE,,117880,200240,119480,201840,via4_1600x1600,met4,met5
VSS,STRIPE,,90740,200240,92340,201840,via4_1600x1600,met4,met5
VSS,STRIPE,,63600,200240,65200,201840,via4_1600x1600,met4,met5
VSS,STRIPE,,36460,200240,38060,201840,via4_1600x1600,met4,met5
VSS,STRIPE,,253580,173040,255180,174640,via4_1600x1600,met4,met5
VSS,STRIPE,,226440,173040,228040,174640,via4_1600x1600,met4,met5
VSS,STRIPE,,199300,173040,200900,174640,via4_1600x1600,met4,met5
VSS,STRIPE,,117880,173040,119480,174640,via4_1600x1600,met4,met5
VSS,STRIPE,,90740,173040,92340,174640,via4_1600x1600,met4,met5
VSS,STRIPE,,63600,173040,65200,174640,via4_1600x1600,met4,met5
VSS,STRIPE,,36460,173040,38060,174640,via4_1600x1600,met4,met5
VSS,STRIPE,,253580,145840,255180,147440,via4_1600x1600,met4,met5
VSS,STRIPE,,226440,145840,228040,147440,via4_1600x1600,met4,met5
VSS,STRIPE,,199300,145840,200900,147440,via4_1600x1600,met4,met5
VSS,STRIPE,,117880,145840,119480,147440,via4_1600x1600,met4,met5
VSS,STRIPE,,90740,145840,92340,147440,via4_1600x1600,met4,met5
VSS,STRIPE,,63600,145840,65200,147440,via4_1600x1600,met4,met5
VSS,STRIPE,,36460,145840,38060,147440,via4_1600x1600,met4,met5
VSS,STRIPE,,253580,118640,255180,120240,via4_1600x1600,met4,met5
VSS,STRIPE,,226440,118640,228040,120240,via4_1600x1600,met4,met5
VSS,STRIPE,,199300,118640,200900,120240,via4_1600x1600,met4,met5
VSS,STRIPE,,172160,118640,173760,120240,via4_1600x1600,met4,met5
VSS,STRIPE,,145020,118640,146620,120240,via4_1600x1600,met4,met5
VSS,STRIPE,,117880,118640,119480,120240,via4_1600x1600,met4,met5
VSS,STRIPE,,90740,118640,92340,120240,via4_1600x1600,met4,met5
VSS,STRIPE,,63600,118640,65200,120240,via4_1600x1600,met4,met5
VSS,STRIPE,,36460,118640,38060,120240,via4_1600x1600,met4,met5
VSS,STRIPE,,253580,91440,255180,93040,via4_1600x1600,met4,met5
VSS,STRIPE,,226440,91440,228040,93040,via4_1600x1600,met4,met5
VSS,STRIPE,,199300,91440,200900,93040,via4_1600x1600,met4,met5
VSS,STRIPE,,172160,91440,173760,93040,via4_1600x1600,met4,met5
VSS,STRIPE,,145020,91440,146620,93040,via4_1600x1600,met4,met5
VSS,STRIPE,,117880,91440,119480,93040,via4_1600x1600,met4,met5
VSS,STRIPE,,90740,91440,92340,93040,via4_1600x1600,met4,met5
VSS,STRIPE,,63600,91440,65200,93040,via4_1600x1600,met4,met5
VSS,STRIPE,,36460,91440,38060,93040,via4_1600x1600,met4,met5
VSS,STRIPE,,253580,64240,255180,65840,via4_1600x1600,met4,met5
VSS,STRIPE,,226440,64240,228040,65840,via4_1600x1600,met4,met5
VSS,STRIPE,,199300,64240,200900,65840,via4_1600x1600,met4,met5
VSS,STRIPE,,172160,64240,173760,65840,via4_1600x1600,met4,met5
VSS,STRIPE,,145020,64240,146620,65840,via4_1600x1600,met4,met5
VSS,STRIPE,,117880,64240,119480,65840,via4_1600x1600,met4,met5
VSS,STRIPE,,90740,64240,92340,65840,via4_1600x1600,met4,met5
VSS,STRIPE,,63600,64240,65200,65840,via4_1600x1600,met4,met5
VSS,STRIPE,,36460,64240,38060,65840,via4_1600x1600,met4,met5
VSS,STRIPE,,253580,37040,255180,38640,via4_1600x1600,met4,met5
VSS,STRIPE,,226440,37040,228040,38640,via4_1600x1600,met4,met5
VSS,STRIPE,,199300,37040,200900,38640,via4_1600x1600,met4,met5
VSS,STRIPE,,172160,37040,173760,38640,via4_1600x1600,met4,met5
VSS,STRIPE,,145020,37040,146620,38640,via4_1600x1600,met4,met5
VSS,STRIPE,,117880,37040,119480,38640,via4_1600x1600,met4,met5
VSS,STRIPE,,90740,37040,92340,38640,via4_1600x1600,met4,met5
VSS,STRIPE,,63600,37040,65200,38640,via4_1600x1600,met4,met5
VSS,STRIPE,,36460,37040,38060,38640,via4_1600x1600,met4,met5
VSS,STRIPE,,253580,266320,255180,266800,via3_1600x480,met3,met4
VSS,STRIPE,,253580,266320,255180,266800,via2_1600x480,met2,met3
VSS,STRIPE,,253580,266320,255180,266800,via_1600x480,met1,met2
VSS,STRIPE,,226440,266320,228040,266800,via3_1600x480,met3,met4
VSS,STRIPE,,226440,266320,228040,266800,via2_1600x480,met2,met3
VSS,STRIPE,,226440,266320,228040,266800,via_1600x480,met1,met2
VSS,STRIPE,,199300,266320,200900,266800,via3_1600x480,met3,met4
VSS,STRIPE,,199300,266320,200900,266800,via2_1600x480,met2,met3
VSS,STRIPE,,199300,266320,200900,266800,via_1600x480,met1,met2
VSS,STRIPE,,172160,266320,173760,266800,via3_1600x480,met3,met4
VSS,STRIPE,,172160,266320,173760,266800,via2_1600x480,met2,met3
VSS,STRIPE,,172160,266320,173760,266800,via_1600x480,met1,met2
VSS,STRIPE,,145020,266320,146620,266800,via3_1600x480,met3,met4
VSS,STRIPE,,145020,266320,146620,266800,via2_1600x480,met2,met3
VSS,STRIPE,,145020,266320,146620,266800,via_1600x480,met1,met2
VSS,STRIPE,,117880,266320,119480,266800,via3_1600x480,met3,met4
VSS,STRIPE,,117880,266320,119480,266800,via2_1600x480,met2,met3
VSS,STRIPE,,117880,266320,119480,266800,via_1600x480,met1,met2
VSS,STRIPE,,90740,266320,92340,266800,via3_1600x480,met3,met4
VSS,STRIPE,,90740,266320,92340,266800,via2_1600x480,met2,met3
VSS,STRIPE,,90740,266320,92340,266800,via_1600x480,met1,met2
VSS,STRIPE,,63600,266320,65200,266800,via3_1600x480,met3,met4
VSS,STRIPE,,63600,266320,65200,266800,via2_1600x480,met2,met3
VSS,STRIPE,,63600,266320,65200,266800,via_1600x480,met1,met2
VSS,STRIPE,,36460,266320,38060,266800,via3_1600x480,met3,met4
VSS,STRIPE,,36460,266320,38060,266800,via2_1600x480,met2,met3
VSS,STRIPE,,36460,266320,38060,266800,via_1600x480,met1,met2
VSS,STRIPE,,253580,260880,255180,261360,via3_1600x480,met3,met4
VSS,STRIPE,,253580,260880,255180,261360,via2_1600x480,met2,met3
VSS,STRIPE,,253580,260880,255180,261360,via_1600x480,met1,met2
VSS,STRIPE,,226440,260880,228040,261360,via3_1600x480,met3,met4
VSS,STRIPE,,226440,260880,228040,261360,via2_1600x480,met2,met3
VSS,STRIPE,,226440,260880,228040,261360,via_1600x480,met1,met2
VSS,STRIPE,,199300,260880,200900,261360,via3_1600x480,met3,met4
VSS,STRIPE,,199300,260880,200900,261360,via2_1600x480,met2,met3
VSS,STRIPE,,199300,260880,200900,261360,via_1600x480,met1,met2
VSS,STRIPE,,172160,260880,173760,261360,via3_1600x480,met3,met4
VSS,STRIPE,,172160,260880,173760,261360,via2_1600x480,met2,met3
VSS,STRIPE,,172160,260880,173760,261360,via_1600x480,met1,met2
VSS,STRIPE,,145020,260880,146620,261360,via3_1600x480,met3,met4
VSS,STRIPE,,145020,260880,146620,261360,via2_1600x480,met2,met3
VSS,STRIPE,,145020,260880,146620,261360,via_1600x480,met1,met2
VSS,STRIPE,,117880,260880,119480,261360,via3_1600x480,met3,met4
VSS,STRIPE,,117880,260880,119480,261360,via2_1600x480,met2,met3
VSS,STRIPE,,117880,260880,119480,261360,via_1600x480,met1,met2
VSS,STRIPE,,90740,260880,92340,261360,via3_1600x480,met3,met4
VSS,STRIPE,,90740,260880,92340,261360,via2_1600x480,met2,met3
VSS,STRIPE,,90740,260880,92340,261360,via_1600x480,met1,met2
VSS,STRIPE,,63600,260880,65200,261360,via3_1600x480,met3,met4
VSS,STRIPE,,63600,260880,65200,261360,via2_1600x480,met2,met3
VSS,STRIPE,,63600,260880,65200,261360,via_1600x480,met1,met2
VSS,STRIPE,,36460,260880,38060,261360,via3_1600x480,met3,met4
VSS,STRIPE,,36460,260880,38060,261360,via2_1600x480,met2,met3
VSS,STRIPE,,36460,260880,38060,261360,via_1600x480,met1,met2
VSS,STRIPE,,253580,255440,255180,255920,via3_1600x480,met3,met4
VSS,STRIPE,,253580,255440,255180,255920,via2_1600x480,met2,met3
VSS,STRIPE,,253580,255440,255180,255920,via_1600x480,met1,met2
VSS,STRIPE,,226440,255440,228040,255920,via3_1600x480,met3,met4
VSS,STRIPE,,226440,255440,228040,255920,via2_1600x480,met2,met3
VSS,STRIPE,,226440,255440,228040,255920,via_1600x480,met1,met2
VSS,STRIPE,,199300,255440,200900,255920,via3_1600x480,met3,met4
VSS,STRIPE,,199300,255440,200900,255920,via2_1600x480,met2,met3
VSS,STRIPE,,199300,255440,200900,255920,via_1600x480,met1,met2
VSS,STRIPE,,172160,255440,173760,255920,via3_1600x480,met3,met4
VSS,STRIPE,,172160,255440,173760,255920,via2_1600x480,met2,met3
VSS,STRIPE,,172160,255440,173760,255920,via_1600x480,met1,met2
VSS,STRIPE,,145020,255440,146620,255920,via3_1600x480,met3,met4
VSS,STRIPE,,145020,255440,146620,255920,via2_1600x480,met2,met3
VSS,STRIPE,,145020,255440,146620,255920,via_1600x480,met1,met2
VSS,STRIPE,,117880,255440,119480,255920,via3_1600x480,met3,met4
VSS,STRIPE,,117880,255440,119480,255920,via2_1600x480,met2,met3
VSS,STRIPE,,117880,255440,119480,255920,via_1600x480,met1,met2
VSS,STRIPE,,90740,255440,92340,255920,via3_1600x480,met3,met4
VSS,STRIPE,,90740,255440,92340,255920,via2_1600x480,met2,met3
VSS,STRIPE,,90740,255440,92340,255920,via_1600x480,met1,met2
VSS,STRIPE,,63600,255440,65200,255920,via3_1600x480,met3,met4
VSS,STRIPE,,63600,255440,65200,255920,via2_1600x480,met2,met3
VSS,STRIPE,,63600,255440,65200,255920,via_1600x480,met1,met2
VSS,STRIPE,,36460,255440,38060,255920,via3_1600x480,met3,met4
VSS,STRIPE,,36460,255440,38060,255920,via2_1600x480,met2,met3
VSS,STRIPE,,36460,255440,38060,255920,via_1600x480,met1,met2
VSS,STRIPE,,253580,250000,255180,250480,via3_1600x480,met3,met4
VSS,STRIPE,,253580,250000,255180,250480,via2_1600x480,met2,met3
VSS,STRIPE,,253580,250000,255180,250480,via_1600x480,met1,met2
VSS,STRIPE,,226440,250000,228040,250480,via3_1600x480,met3,met4
VSS,STRIPE,,226440,250000,228040,250480,via2_1600x480,met2,met3
VSS,STRIPE,,226440,250000,228040,250480,via_1600x480,met1,met2
VSS,STRIPE,,199300,250000,200900,250480,via3_1600x480,met3,met4
VSS,STRIPE,,199300,250000,200900,250480,via2_1600x480,met2,met3
VSS,STRIPE,,199300,250000,200900,250480,via_1600x480,met1,met2
VSS,STRIPE,,172160,250000,173760,250480,via3_1600x480,met3,met4
VSS,STRIPE,,172160,250000,173760,250480,via2_1600x480,met2,met3
VSS,STRIPE,,172160,250000,173760,250480,via_1600x480,met1,met2
VSS,STRIPE,,145020,250000,146620,250480,via3_1600x480,met3,met4
VSS,STRIPE,,145020,250000,146620,250480,via2_1600x480,met2,met3
VSS,STRIPE,,145020,250000,146620,250480,via_1600x480,met1,met2
VSS,STRIPE,,117880,250000,119480,250480,via3_1600x480,met3,met4
VSS,STRIPE,,117880,250000,119480,250480,via2_1600x480,met2,met3
VSS,STRIPE,,117880,250000,119480,250480,via_1600x480,met1,met2
VSS,STRIPE,,90740,250000,92340,250480,via3_1600x480,met3,met4
VSS,STRIPE,,90740,250000,92340,250480,via2_1600x480,met2,met3
VSS,STRIPE,,90740,250000,92340,250480,via_1600x480,met1,met2
VSS,STRIPE,,63600,250000,65200,250480,via3_1600x480,met3,met4
VSS,STRIPE,,63600,250000,65200,250480,via2_1600x480,met2,met3
VSS,STRIPE,,63600,250000,65200,250480,via_1600x480,met1,met2
VSS,STRIPE,,36460,250000,38060,250480,via3_1600x480,met3,met4
VSS,STRIPE,,36460,250000,38060,250480,via2_1600x480,met2,met3
VSS,STRIPE,,36460,250000,38060,250480,via_1600x480,met1,met2
VSS,STRIPE,,253580,244560,255180,245040,via3_1600x480,met3,met4
VSS,STRIPE,,253580,244560,255180,245040,via2_1600x480,met2,met3
VSS,STRIPE,,253580,244560,255180,245040,via_1600x480,met1,met2
VSS,STRIPE,,226440,244560,228040,245040,via3_1600x480,met3,met4
VSS,STRIPE,,226440,244560,228040,245040,via2_1600x480,met2,met3
VSS,STRIPE,,226440,244560,228040,245040,via_1600x480,met1,met2
VSS,STRIPE,,199300,244560,200900,245040,via3_1600x480,met3,met4
VSS,STRIPE,,199300,244560,200900,245040,via2_1600x480,met2,met3
VSS,STRIPE,,199300,244560,200900,245040,via_1600x480,met1,met2
VSS,STRIPE,,172160,244560,173760,245040,via3_1600x480,met3,met4
VSS,STRIPE,,172160,244560,173760,245040,via2_1600x480,met2,met3
VSS,STRIPE,,172160,244560,173760,245040,via_1600x480,met1,met2
VSS,STRIPE,,145020,244560,146620,245040,via3_1600x480,met3,met4
VSS,STRIPE,,145020,244560,146620,245040,via2_1600x480,met2,met3
VSS,STRIPE,,145020,244560,146620,245040,via_1600x480,met1,met2
VSS,STRIPE,,117880,244560,119480,245040,via3_1600x480,met3,met4
VSS,STRIPE,,117880,244560,119480,245040,via2_1600x480,met2,met3
VSS,STRIPE,,117880,244560,119480,245040,via_1600x480,met1,met2
VSS,STRIPE,,90740,244560,92340,245040,via3_1600x480,met3,met4
VSS,STRIPE,,90740,244560,92340,245040,via2_1600x480,met2,met3
VSS,STRIPE,,90740,244560,92340,245040,via_1600x480,met1,met2
VSS,STRIPE,,63600,244560,65200,245040,via3_1600x480,met3,met4
VSS,STRIPE,,63600,244560,65200,245040,via2_1600x480,met2,met3
VSS,STRIPE,,63600,244560,65200,245040,via_1600x480,met1,met2
VSS,STRIPE,,36460,244560,38060,245040,via3_1600x480,met3,met4
VSS,STRIPE,,36460,244560,38060,245040,via2_1600x480,met2,met3
VSS,STRIPE,,36460,244560,38060,245040,via_1600x480,met1,met2
VSS,STRIPE,,253580,239120,255180,239600,via3_1600x480,met3,met4
VSS,STRIPE,,253580,239120,255180,239600,via2_1600x480,met2,met3
VSS,STRIPE,,253580,239120,255180,239600,via_1600x480,met1,met2
VSS,STRIPE,,226440,239120,228040,239600,via3_1600x480,met3,met4
VSS,STRIPE,,226440,239120,228040,239600,via2_1600x480,met2,met3
VSS,STRIPE,,226440,239120,228040,239600,via_1600x480,met1,met2
VSS,STRIPE,,199300,239120,200900,239600,via3_1600x480,met3,met4
VSS,STRIPE,,199300,239120,200900,239600,via2_1600x480,met2,met3
VSS,STRIPE,,199300,239120,200900,239600,via_1600x480,met1,met2
VSS,STRIPE,,172160,239120,173760,239600,via3_1600x480,met3,met4
VSS,STRIPE,,172160,239120,173760,239600,via2_1600x480,met2,met3
VSS,STRIPE,,172160,239120,173760,239600,via_1600x480,met1,met2
VSS,STRIPE,,145020,239120,146620,239600,via3_1600x480,met3,met4
VSS,STRIPE,,145020,239120,146620,239600,via2_1600x480,met2,met3
VSS,STRIPE,,145020,239120,146620,239600,via_1600x480,met1,met2
VSS,STRIPE,,117880,239120,119480,239600,via3_1600x480,met3,met4
VSS,STRIPE,,117880,239120,119480,239600,via2_1600x480,met2,met3
VSS,STRIPE,,117880,239120,119480,239600,via_1600x480,met1,met2
VSS,STRIPE,,90740,239120,92340,239600,via3_1600x480,met3,met4
VSS,STRIPE,,90740,239120,92340,239600,via2_1600x480,met2,met3
VSS,STRIPE,,90740,239120,92340,239600,via_1600x480,met1,met2
VSS,STRIPE,,63600,239120,65200,239600,via3_1600x480,met3,met4
VSS,STRIPE,,63600,239120,65200,239600,via2_1600x480,met2,met3
VSS,STRIPE,,63600,239120,65200,239600,via_1600x480,met1,met2
VSS,STRIPE,,36460,239120,38060,239600,via3_1600x480,met3,met4
VSS,STRIPE,,36460,239120,38060,239600,via2_1600x480,met2,met3
VSS,STRIPE,,36460,239120,38060,239600,via_1600x480,met1,met2
VSS,STRIPE,,253580,233680,255180,234160,via3_1600x480,met3,met4
VSS,STRIPE,,253580,233680,255180,234160,via2_1600x480,met2,met3
VSS,STRIPE,,253580,233680,255180,234160,via_1600x480,met1,met2
VSS,STRIPE,,226440,233680,228040,234160,via3_1600x480,met3,met4
VSS,STRIPE,,226440,233680,228040,234160,via2_1600x480,met2,met3
VSS,STRIPE,,226440,233680,228040,234160,via_1600x480,met1,met2
VSS,STRIPE,,199300,233680,200900,234160,via3_1600x480,met3,met4
VSS,STRIPE,,199300,233680,200900,234160,via2_1600x480,met2,met3
VSS,STRIPE,,199300,233680,200900,234160,via_1600x480,met1,met2
VSS,STRIPE,,172160,233680,173760,234160,via3_1600x480,met3,met4
VSS,STRIPE,,172160,233680,173760,234160,via2_1600x480,met2,met3
VSS,STRIPE,,172160,233680,173760,234160,via_1600x480,met1,met2
VSS,STRIPE,,145020,233680,146620,234160,via3_1600x480,met3,met4
VSS,STRIPE,,145020,233680,146620,234160,via2_1600x480,met2,met3
VSS,STRIPE,,145020,233680,146620,234160,via_1600x480,met1,met2
VSS,STRIPE,,117880,233680,119480,234160,via3_1600x480,met3,met4
VSS,STRIPE,,117880,233680,119480,234160,via2_1600x480,met2,met3
VSS,STRIPE,,117880,233680,119480,234160,via_1600x480,met1,met2
VSS,STRIPE,,90740,233680,92340,234160,via3_1600x480,met3,met4
VSS,STRIPE,,90740,233680,92340,234160,via2_1600x480,met2,met3
VSS,STRIPE,,90740,233680,92340,234160,via_1600x480,met1,met2
VSS,STRIPE,,63600,233680,65200,234160,via3_1600x480,met3,met4
VSS,STRIPE,,63600,233680,65200,234160,via2_1600x480,met2,met3
VSS,STRIPE,,63600,233680,65200,234160,via_1600x480,met1,met2
VSS,STRIPE,,36460,233680,38060,234160,via3_1600x480,met3,met4
VSS,STRIPE,,36460,233680,38060,234160,via2_1600x480,met2,met3
VSS,STRIPE,,36460,233680,38060,234160,via_1600x480,met1,met2
VSS,STRIPE,,253580,228240,255180,228720,via3_1600x480,met3,met4
VSS,STRIPE,,253580,228240,255180,228720,via2_1600x480,met2,met3
VSS,STRIPE,,253580,228240,255180,228720,via_1600x480,met1,met2
VSS,STRIPE,,226440,228240,228040,228720,via3_1600x480,met3,met4
VSS,STRIPE,,226440,228240,228040,228720,via2_1600x480,met2,met3
VSS,STRIPE,,226440,228240,228040,228720,via_1600x480,met1,met2
VSS,STRIPE,,199300,228240,200900,228720,via3_1600x480,met3,met4
VSS,STRIPE,,199300,228240,200900,228720,via2_1600x480,met2,met3
VSS,STRIPE,,199300,228240,200900,228720,via_1600x480,met1,met2
VSS,STRIPE,,172160,228240,173760,228720,via3_1600x480,met3,met4
VSS,STRIPE,,172160,228240,173760,228720,via2_1600x480,met2,met3
VSS,STRIPE,,172160,228240,173760,228720,via_1600x480,met1,met2
VSS,STRIPE,,145020,228240,146620,228720,via3_1600x480,met3,met4
VSS,STRIPE,,145020,228240,146620,228720,via2_1600x480,met2,met3
VSS,STRIPE,,145020,228240,146620,228720,via_1600x480,met1,met2
VSS,STRIPE,,117880,228240,119480,228720,via3_1600x480,met3,met4
VSS,STRIPE,,117880,228240,119480,228720,via2_1600x480,met2,met3
VSS,STRIPE,,117880,228240,119480,228720,via_1600x480,met1,met2
VSS,STRIPE,,90740,228240,92340,228720,via3_1600x480,met3,met4
VSS,STRIPE,,90740,228240,92340,228720,via2_1600x480,met2,met3
VSS,STRIPE,,90740,228240,92340,228720,via_1600x480,met1,met2
VSS,STRIPE,,63600,228240,65200,228720,via3_1600x480,met3,met4
VSS,STRIPE,,63600,228240,65200,228720,via2_1600x480,met2,met3
VSS,STRIPE,,63600,228240,65200,228720,via_1600x480,met1,met2
VSS,STRIPE,,36460,228240,38060,228720,via3_1600x480,met3,met4
VSS,STRIPE,,36460,228240,38060,228720,via2_1600x480,met2,met3
VSS,STRIPE,,36460,228240,38060,228720,via_1600x480,met1,met2
VSS,STRIPE,,253580,222800,255180,223280,via3_1600x480,met3,met4
VSS,STRIPE,,253580,222800,255180,223280,via2_1600x480,met2,met3
VSS,STRIPE,,253580,222800,255180,223280,via_1600x480,met1,met2
VSS,STRIPE,,226440,222800,228040,223280,via3_1600x480,met3,met4
VSS,STRIPE,,226440,222800,228040,223280,via2_1600x480,met2,met3
VSS,STRIPE,,226440,222800,228040,223280,via_1600x480,met1,met2
VSS,STRIPE,,199300,222800,200900,223280,via3_1600x480,met3,met4
VSS,STRIPE,,199300,222800,200900,223280,via2_1600x480,met2,met3
VSS,STRIPE,,199300,222800,200900,223280,via_1600x480,met1,met2
VSS,STRIPE,,172160,222800,173760,223280,via3_1600x480,met3,met4
VSS,STRIPE,,172160,222800,173760,223280,via2_1600x480,met2,met3
VSS,STRIPE,,172160,222800,173760,223280,via_1600x480,met1,met2
VSS,STRIPE,,145020,222800,146620,223280,via3_1600x480,met3,met4
VSS,STRIPE,,145020,222800,146620,223280,via2_1600x480,met2,met3
VSS,STRIPE,,145020,222800,146620,223280,via_1600x480,met1,met2
VSS,STRIPE,,117880,222800,119480,223280,via3_1600x480,met3,met4
VSS,STRIPE,,117880,222800,119480,223280,via2_1600x480,met2,met3
VSS,STRIPE,,117880,222800,119480,223280,via_1600x480,met1,met2
VSS,STRIPE,,90740,222800,92340,223280,via3_1600x480,met3,met4
VSS,STRIPE,,90740,222800,92340,223280,via2_1600x480,met2,met3
VSS,STRIPE,,90740,222800,92340,223280,via_1600x480,met1,met2
VSS,STRIPE,,63600,222800,65200,223280,via3_1600x480,met3,met4
VSS,STRIPE,,63600,222800,65200,223280,via2_1600x480,met2,met3
VSS,STRIPE,,63600,222800,65200,223280,via_1600x480,met1,met2
VSS,STRIPE,,36460,222800,38060,223280,via3_1600x480,met3,met4
VSS,STRIPE,,36460,222800,38060,223280,via2_1600x480,met2,met3
VSS,STRIPE,,36460,222800,38060,223280,via_1600x480,met1,met2
VSS,STRIPE,,253580,217360,255180,217840,via3_1600x480,met3,met4
VSS,STRIPE,,253580,217360,255180,217840,via2_1600x480,met2,met3
VSS,STRIPE,,253580,217360,255180,217840,via_1600x480,met1,met2
VSS,STRIPE,,226440,217360,228040,217840,via3_1600x480,met3,met4
VSS,STRIPE,,226440,217360,228040,217840,via2_1600x480,met2,met3
VSS,STRIPE,,226440,217360,228040,217840,via_1600x480,met1,met2
VSS,STRIPE,,199300,217360,200900,217840,via3_1600x480,met3,met4
VSS,STRIPE,,199300,217360,200900,217840,via2_1600x480,met2,met3
VSS,STRIPE,,199300,217360,200900,217840,via_1600x480,met1,met2
VSS,STRIPE,,172160,217360,173760,217840,via3_1600x480,met3,met4
VSS,STRIPE,,172160,217360,173760,217840,via2_1600x480,met2,met3
VSS,STRIPE,,172160,217360,173760,217840,via_1600x480,met1,met2
VSS,STRIPE,,145020,217360,146620,217840,via3_1600x480,met3,met4
VSS,STRIPE,,145020,217360,146620,217840,via2_1600x480,met2,met3
VSS,STRIPE,,145020,217360,146620,217840,via_1600x480,met1,met2
VSS,STRIPE,,117880,217360,119480,217840,via3_1600x480,met3,met4
VSS,STRIPE,,117880,217360,119480,217840,via2_1600x480,met2,met3
VSS,STRIPE,,117880,217360,119480,217840,via_1600x480,met1,met2
VSS,STRIPE,,90740,217360,92340,217840,via3_1600x480,met3,met4
VSS,STRIPE,,90740,217360,92340,217840,via2_1600x480,met2,met3
VSS,STRIPE,,90740,217360,92340,217840,via_1600x480,met1,met2
VSS,STRIPE,,63600,217360,65200,217840,via3_1600x480,met3,met4
VSS,STRIPE,,63600,217360,65200,217840,via2_1600x480,met2,met3
VSS,STRIPE,,63600,217360,65200,217840,via_1600x480,met1,met2
VSS,STRIPE,,36460,217360,38060,217840,via3_1600x480,met3,met4
VSS,STRIPE,,36460,217360,38060,217840,via2_1600x480,met2,met3
VSS,STRIPE,,36460,217360,38060,217840,via_1600x480,met1,met2
VSS,STRIPE,,253580,211920,255180,212400,via3_1600x480,met3,met4
VSS,STRIPE,,253580,211920,255180,212400,via2_1600x480,met2,met3
VSS,STRIPE,,253580,211920,255180,212400,via_1600x480,met1,met2
VSS,STRIPE,,226440,211920,228040,212400,via3_1600x480,met3,met4
VSS,STRIPE,,226440,211920,228040,212400,via2_1600x480,met2,met3
VSS,STRIPE,,226440,211920,228040,212400,via_1600x480,met1,met2
VSS,STRIPE,,199300,211920,200900,212400,via3_1600x480,met3,met4
VSS,STRIPE,,199300,211920,200900,212400,via2_1600x480,met2,met3
VSS,STRIPE,,199300,211920,200900,212400,via_1600x480,met1,met2
VSS,STRIPE,,172160,211920,173760,212400,via3_1600x480,met3,met4
VSS,STRIPE,,172160,211920,173760,212400,via2_1600x480,met2,met3
VSS,STRIPE,,172160,211920,173760,212400,via_1600x480,met1,met2
VSS,STRIPE,,145020,211920,146620,212400,via3_1600x480,met3,met4
VSS,STRIPE,,145020,211920,146620,212400,via2_1600x480,met2,met3
VSS,STRIPE,,145020,211920,146620,212400,via_1600x480,met1,met2
VSS,STRIPE,,117880,211920,119480,212400,via3_1600x480,met3,met4
VSS,STRIPE,,117880,211920,119480,212400,via2_1600x480,met2,met3
VSS,STRIPE,,117880,211920,119480,212400,via_1600x480,met1,met2
VSS,STRIPE,,90740,211920,92340,212400,via3_1600x480,met3,met4
VSS,STRIPE,,90740,211920,92340,212400,via2_1600x480,met2,met3
VSS,STRIPE,,90740,211920,92340,212400,via_1600x480,met1,met2
VSS,STRIPE,,63600,211920,65200,212400,via3_1600x480,met3,met4
VSS,STRIPE,,63600,211920,65200,212400,via2_1600x480,met2,met3
VSS,STRIPE,,63600,211920,65200,212400,via_1600x480,met1,met2
VSS,STRIPE,,36460,211920,38060,212400,via3_1600x480,met3,met4
VSS,STRIPE,,36460,211920,38060,212400,via2_1600x480,met2,met3
VSS,STRIPE,,36460,211920,38060,212400,via_1600x480,met1,met2
VSS,STRIPE,,253580,206480,255180,206960,via3_1600x480,met3,met4
VSS,STRIPE,,253580,206480,255180,206960,via2_1600x480,met2,met3
VSS,STRIPE,,253580,206480,255180,206960,via_1600x480,met1,met2
VSS,STRIPE,,226440,206480,228040,206960,via3_1600x480,met3,met4
VSS,STRIPE,,226440,206480,228040,206960,via2_1600x480,met2,met3
VSS,STRIPE,,226440,206480,228040,206960,via_1600x480,met1,met2
VSS,STRIPE,,199300,206480,200900,206960,via3_1600x480,met3,met4
VSS,STRIPE,,199300,206480,200900,206960,via2_1600x480,met2,met3
VSS,STRIPE,,199300,206480,200900,206960,via_1600x480,met1,met2
VSS,STRIPE,,172160,206480,173760,206960,via3_1600x480,met3,met4
VSS,STRIPE,,172160,206480,173760,206960,via2_1600x480,met2,met3
VSS,STRIPE,,172160,206480,173760,206960,via_1600x480,met1,met2
VSS,STRIPE,,145020,206480,146620,206960,via3_1600x480,met3,met4
VSS,STRIPE,,145020,206480,146620,206960,via2_1600x480,met2,met3
VSS,STRIPE,,145020,206480,146620,206960,via_1600x480,met1,met2
VSS,STRIPE,,117880,206480,119480,206960,via3_1600x480,met3,met4
VSS,STRIPE,,117880,206480,119480,206960,via2_1600x480,met2,met3
VSS,STRIPE,,117880,206480,119480,206960,via_1600x480,met1,met2
VSS,STRIPE,,90740,206480,92340,206960,via3_1600x480,met3,met4
VSS,STRIPE,,90740,206480,92340,206960,via2_1600x480,met2,met3
VSS,STRIPE,,90740,206480,92340,206960,via_1600x480,met1,met2
VSS,STRIPE,,63600,206480,65200,206960,via3_1600x480,met3,met4
VSS,STRIPE,,63600,206480,65200,206960,via2_1600x480,met2,met3
VSS,STRIPE,,63600,206480,65200,206960,via_1600x480,met1,met2
VSS,STRIPE,,36460,206480,38060,206960,via3_1600x480,met3,met4
VSS,STRIPE,,36460,206480,38060,206960,via2_1600x480,met2,met3
VSS,STRIPE,,36460,206480,38060,206960,via_1600x480,met1,met2
VSS,STRIPE,,253580,201040,255180,201520,via3_1600x480,met3,met4
VSS,STRIPE,,253580,201040,255180,201520,via2_1600x480,met2,met3
VSS,STRIPE,,253580,201040,255180,201520,via_1600x480,met1,met2
VSS,STRIPE,,226440,201040,228040,201520,via3_1600x480,met3,met4
VSS,STRIPE,,226440,201040,228040,201520,via2_1600x480,met2,met3
VSS,STRIPE,,226440,201040,228040,201520,via_1600x480,met1,met2
VSS,STRIPE,,199300,201040,200900,201520,via3_1600x480,met3,met4
VSS,STRIPE,,199300,201040,200900,201520,via2_1600x480,met2,met3
VSS,STRIPE,,199300,201040,200900,201520,via_1600x480,met1,met2
VSS,STRIPE,,172160,201040,173760,201520,via3_1600x480,met3,met4
VSS,STRIPE,,172160,201040,173760,201520,via2_1600x480,met2,met3
VSS,STRIPE,,172160,201040,173760,201520,via_1600x480,met1,met2
VSS,STRIPE,,145020,201040,146620,201520,via3_1600x480,met3,met4
VSS,STRIPE,,145020,201040,146620,201520,via2_1600x480,met2,met3
VSS,STRIPE,,145020,201040,146620,201520,via_1600x480,met1,met2
VSS,STRIPE,,117880,201040,119480,201520,via3_1600x480,met3,met4
VSS,STRIPE,,117880,201040,119480,201520,via2_1600x480,met2,met3
VSS,STRIPE,,117880,201040,119480,201520,via_1600x480,met1,met2
VSS,STRIPE,,90740,201040,92340,201520,via3_1600x480,met3,met4
VSS,STRIPE,,90740,201040,92340,201520,via2_1600x480,met2,met3
VSS,STRIPE,,90740,201040,92340,201520,via_1600x480,met1,met2
VSS,STRIPE,,63600,201040,65200,201520,via3_1600x480,met3,met4
VSS,STRIPE,,63600,201040,65200,201520,via2_1600x480,met2,met3
VSS,STRIPE,,63600,201040,65200,201520,via_1600x480,met1,met2
VSS,STRIPE,,36460,201040,38060,201520,via3_1600x480,met3,met4
VSS,STRIPE,,36460,201040,38060,201520,via2_1600x480,met2,met3
VSS,STRIPE,,36460,201040,38060,201520,via_1600x480,met1,met2
VSS,STRIPE,,253580,195600,255180,196080,via3_1600x480,met3,met4
VSS,STRIPE,,253580,195600,255180,196080,via2_1600x480,met2,met3
VSS,STRIPE,,253580,195600,255180,196080,via_1600x480,met1,met2
VSS,STRIPE,,226440,195600,228040,196080,via3_1600x480,met3,met4
VSS,STRIPE,,226440,195600,228040,196080,via2_1600x480,met2,met3
VSS,STRIPE,,226440,195600,228040,196080,via_1600x480,met1,met2
VSS,STRIPE,,199300,195600,200900,196080,via3_1600x480,met3,met4
VSS,STRIPE,,199300,195600,200900,196080,via2_1600x480,met2,met3
VSS,STRIPE,,199300,195600,200900,196080,via_1600x480,met1,met2
VSS,STRIPE,,172160,195600,173760,196080,via3_1600x480,met3,met4
VSS,STRIPE,,172160,195600,173760,196080,via2_1600x480,met2,met3
VSS,STRIPE,,172160,195600,173760,196080,via_1600x480,met1,met2
VSS,STRIPE,,145020,195600,146620,196080,via3_1600x480,met3,met4
VSS,STRIPE,,145020,195600,146620,196080,via2_1600x480,met2,met3
VSS,STRIPE,,145020,195600,146620,196080,via_1600x480,met1,met2
VSS,STRIPE,,117880,195600,119480,196080,via3_1600x480,met3,met4
VSS,STRIPE,,117880,195600,119480,196080,via2_1600x480,met2,met3
VSS,STRIPE,,117880,195600,119480,196080,via_1600x480,met1,met2
VSS,STRIPE,,90740,195600,92340,196080,via3_1600x480,met3,met4
VSS,STRIPE,,90740,195600,92340,196080,via2_1600x480,met2,met3
VSS,STRIPE,,90740,195600,92340,196080,via_1600x480,met1,met2
VSS,STRIPE,,63600,195600,65200,196080,via3_1600x480,met3,met4
VSS,STRIPE,,63600,195600,65200,196080,via2_1600x480,met2,met3
VSS,STRIPE,,63600,195600,65200,196080,via_1600x480,met1,met2
VSS,STRIPE,,36460,195600,38060,196080,via3_1600x480,met3,met4
VSS,STRIPE,,36460,195600,38060,196080,via2_1600x480,met2,met3
VSS,STRIPE,,36460,195600,38060,196080,via_1600x480,met1,met2
VSS,STRIPE,,253580,190160,255180,190640,via3_1600x480,met3,met4
VSS,STRIPE,,253580,190160,255180,190640,via2_1600x480,met2,met3
VSS,STRIPE,,253580,190160,255180,190640,via_1600x480,met1,met2
VSS,STRIPE,,226440,190160,228040,190640,via3_1600x480,met3,met4
VSS,STRIPE,,226440,190160,228040,190640,via2_1600x480,met2,met3
VSS,STRIPE,,226440,190160,228040,190640,via_1600x480,met1,met2
VSS,STRIPE,,199300,190160,200900,190640,via3_1600x480,met3,met4
VSS,STRIPE,,199300,190160,200900,190640,via2_1600x480,met2,met3
VSS,STRIPE,,199300,190160,200900,190640,via_1600x480,met1,met2
VSS,STRIPE,,172160,190160,173760,190640,via3_1600x480,met3,met4
VSS,STRIPE,,172160,190160,173760,190640,via2_1600x480,met2,met3
VSS,STRIPE,,172160,190160,173760,190640,via_1600x480,met1,met2
VSS,STRIPE,,145020,190160,146620,190640,via3_1600x480,met3,met4
VSS,STRIPE,,145020,190160,146620,190640,via2_1600x480,met2,met3
VSS,STRIPE,,145020,190160,146620,190640,via_1600x480,met1,met2
VSS,STRIPE,,117880,190160,119480,190640,via3_1600x480,met3,met4
VSS,STRIPE,,117880,190160,119480,190640,via2_1600x480,met2,met3
VSS,STRIPE,,117880,190160,119480,190640,via_1600x480,met1,met2
VSS,STRIPE,,90740,190160,92340,190640,via3_1600x480,met3,met4
VSS,STRIPE,,90740,190160,92340,190640,via2_1600x480,met2,met3
VSS,STRIPE,,90740,190160,92340,190640,via_1600x480,met1,met2
VSS,STRIPE,,63600,190160,65200,190640,via3_1600x480,met3,met4
VSS,STRIPE,,63600,190160,65200,190640,via2_1600x480,met2,met3
VSS,STRIPE,,63600,190160,65200,190640,via_1600x480,met1,met2
VSS,STRIPE,,36460,190160,38060,190640,via3_1600x480,met3,met4
VSS,STRIPE,,36460,190160,38060,190640,via2_1600x480,met2,met3
VSS,STRIPE,,36460,190160,38060,190640,via_1600x480,met1,met2
VSS,STRIPE,,253580,184720,255180,185200,via3_1600x480,met3,met4
VSS,STRIPE,,253580,184720,255180,185200,via2_1600x480,met2,met3
VSS,STRIPE,,253580,184720,255180,185200,via_1600x480,met1,met2
VSS,STRIPE,,226440,184720,228040,185200,via3_1600x480,met3,met4
VSS,STRIPE,,226440,184720,228040,185200,via2_1600x480,met2,met3
VSS,STRIPE,,226440,184720,228040,185200,via_1600x480,met1,met2
VSS,STRIPE,,199300,184720,200900,185200,via3_1600x480,met3,met4
VSS,STRIPE,,199300,184720,200900,185200,via2_1600x480,met2,met3
VSS,STRIPE,,199300,184720,200900,185200,via_1600x480,met1,met2
VSS,STRIPE,,172160,184720,173760,185200,via3_1600x480,met3,met4
VSS,STRIPE,,172160,184720,173760,185200,via2_1600x480,met2,met3
VSS,STRIPE,,172160,184720,173760,185200,via_1600x480,met1,met2
VSS,STRIPE,,145020,184720,146620,185200,via3_1600x480,met3,met4
VSS,STRIPE,,145020,184720,146620,185200,via2_1600x480,met2,met3
VSS,STRIPE,,145020,184720,146620,185200,via_1600x480,met1,met2
VSS,STRIPE,,117880,184720,119480,185200,via3_1600x480,met3,met4
VSS,STRIPE,,117880,184720,119480,185200,via2_1600x480,met2,met3
VSS,STRIPE,,117880,184720,119480,185200,via_1600x480,met1,met2
VSS,STRIPE,,90740,184720,92340,185200,via3_1600x480,met3,met4
VSS,STRIPE,,90740,184720,92340,185200,via2_1600x480,met2,met3
VSS,STRIPE,,90740,184720,92340,185200,via_1600x480,met1,met2
VSS,STRIPE,,63600,184720,65200,185200,via3_1600x480,met3,met4
VSS,STRIPE,,63600,184720,65200,185200,via2_1600x480,met2,met3
VSS,STRIPE,,63600,184720,65200,185200,via_1600x480,met1,met2
VSS,STRIPE,,36460,184720,38060,185200,via3_1600x480,met3,met4
VSS,STRIPE,,36460,184720,38060,185200,via2_1600x480,met2,met3
VSS,STRIPE,,36460,184720,38060,185200,via_1600x480,met1,met2
VSS,STRIPE,,253580,179280,255180,179760,via3_1600x480,met3,met4
VSS,STRIPE,,253580,179280,255180,179760,via2_1600x480,met2,met3
VSS,STRIPE,,253580,179280,255180,179760,via_1600x480,met1,met2
VSS,STRIPE,,226440,179280,228040,179760,via3_1600x480,met3,met4
VSS,STRIPE,,226440,179280,228040,179760,via2_1600x480,met2,met3
VSS,STRIPE,,226440,179280,228040,179760,via_1600x480,met1,met2
VSS,STRIPE,,199300,179280,200900,179760,via3_1600x480,met3,met4
VSS,STRIPE,,199300,179280,200900,179760,via2_1600x480,met2,met3
VSS,STRIPE,,199300,179280,200900,179760,via_1600x480,met1,met2
VSS,STRIPE,,117880,179280,119480,179760,via3_1600x480,met3,met4
VSS,STRIPE,,117880,179280,119480,179760,via2_1600x480,met2,met3
VSS,STRIPE,,117880,179280,119480,179760,via_1600x480,met1,met2
VSS,STRIPE,,90740,179280,92340,179760,via3_1600x480,met3,met4
VSS,STRIPE,,90740,179280,92340,179760,via2_1600x480,met2,met3
VSS,STRIPE,,90740,179280,92340,179760,via_1600x480,met1,met2
VSS,STRIPE,,63600,179280,65200,179760,via3_1600x480,met3,met4
VSS,STRIPE,,63600,179280,65200,179760,via2_1600x480,met2,met3
VSS,STRIPE,,63600,179280,65200,179760,via_1600x480,met1,met2
VSS,STRIPE,,36460,179280,38060,179760,via3_1600x480,met3,met4
VSS,STRIPE,,36460,179280,38060,179760,via2_1600x480,met2,met3
VSS,STRIPE,,36460,179280,38060,179760,via_1600x480,met1,met2
VSS,STRIPE,,253580,173840,255180,174320,via3_1600x480,met3,met4
VSS,STRIPE,,253580,173840,255180,174320,via2_1600x480,met2,met3
VSS,STRIPE,,253580,173840,255180,174320,via_1600x480,met1,met2
VSS,STRIPE,,226440,173840,228040,174320,via3_1600x480,met3,met4
VSS,STRIPE,,226440,173840,228040,174320,via2_1600x480,met2,met3
VSS,STRIPE,,226440,173840,228040,174320,via_1600x480,met1,met2
VSS,STRIPE,,199300,173840,200900,174320,via3_1600x480,met3,met4
VSS,STRIPE,,199300,173840,200900,174320,via2_1600x480,met2,met3
VSS,STRIPE,,199300,173840,200900,174320,via_1600x480,met1,met2
VSS,STRIPE,,117880,173840,119480,174320,via3_1600x480,met3,met4
VSS,STRIPE,,117880,173840,119480,174320,via2_1600x480,met2,met3
VSS,STRIPE,,117880,173840,119480,174320,via_1600x480,met1,met2
VSS,STRIPE,,90740,173840,92340,174320,via3_1600x480,met3,met4
VSS,STRIPE,,90740,173840,92340,174320,via2_1600x480,met2,met3
VSS,STRIPE,,90740,173840,92340,174320,via_1600x480,met1,met2
VSS,STRIPE,,63600,173840,65200,174320,via3_1600x480,met3,met4
VSS,STRIPE,,63600,173840,65200,174320,via2_1600x480,met2,met3
VSS,STRIPE,,63600,173840,65200,174320,via_1600x480,met1,met2
VSS,STRIPE,,36460,173840,38060,174320,via3_1600x480,met3,met4
VSS,STRIPE,,36460,173840,38060,174320,via2_1600x480,met2,met3
VSS,STRIPE,,36460,173840,38060,174320,via_1600x480,met1,met2
VSS,STRIPE,,253580,168400,255180,168880,via3_1600x480,met3,met4
VSS,STRIPE,,253580,168400,255180,168880,via2_1600x480,met2,met3
VSS,STRIPE,,253580,168400,255180,168880,via_1600x480,met1,met2
VSS,STRIPE,,226440,168400,228040,168880,via3_1600x480,met3,met4
VSS,STRIPE,,226440,168400,228040,168880,via2_1600x480,met2,met3
VSS,STRIPE,,226440,168400,228040,168880,via_1600x480,met1,met2
VSS,STRIPE,,199300,168400,200900,168880,via3_1600x480,met3,met4
VSS,STRIPE,,199300,168400,200900,168880,via2_1600x480,met2,met3
VSS,STRIPE,,199300,168400,200900,168880,via_1600x480,met1,met2
VSS,STRIPE,,117880,168400,119480,168880,via3_1600x480,met3,met4
VSS,STRIPE,,117880,168400,119480,168880,via2_1600x480,met2,met3
VSS,STRIPE,,117880,168400,119480,168880,via_1600x480,met1,met2
VSS,STRIPE,,90740,168400,92340,168880,via3_1600x480,met3,met4
VSS,STRIPE,,90740,168400,92340,168880,via2_1600x480,met2,met3
VSS,STRIPE,,90740,168400,92340,168880,via_1600x480,met1,met2
VSS,STRIPE,,63600,168400,65200,168880,via3_1600x480,met3,met4
VSS,STRIPE,,63600,168400,65200,168880,via2_1600x480,met2,met3
VSS,STRIPE,,63600,168400,65200,168880,via_1600x480,met1,met2
VSS,STRIPE,,36460,168400,38060,168880,via3_1600x480,met3,met4
VSS,STRIPE,,36460,168400,38060,168880,via2_1600x480,met2,met3
VSS,STRIPE,,36460,168400,38060,168880,via_1600x480,met1,met2
VSS,STRIPE,,253580,162960,255180,163440,via3_1600x480,met3,met4
VSS,STRIPE,,253580,162960,255180,163440,via2_1600x480,met2,met3
VSS,STRIPE,,253580,162960,255180,163440,via_1600x480,met1,met2
VSS,STRIPE,,226440,162960,228040,163440,via3_1600x480,met3,met4
VSS,STRIPE,,226440,162960,228040,163440,via2_1600x480,met2,met3
VSS,STRIPE,,226440,162960,228040,163440,via_1600x480,met1,met2
VSS,STRIPE,,199300,162960,200900,163440,via3_1600x480,met3,met4
VSS,STRIPE,,199300,162960,200900,163440,via2_1600x480,met2,met3
VSS,STRIPE,,199300,162960,200900,163440,via_1600x480,met1,met2
VSS,STRIPE,,117880,162960,119480,163440,via3_1600x480,met3,met4
VSS,STRIPE,,117880,162960,119480,163440,via2_1600x480,met2,met3
VSS,STRIPE,,117880,162960,119480,163440,via_1600x480,met1,met2
VSS,STRIPE,,90740,162960,92340,163440,via3_1600x480,met3,met4
VSS,STRIPE,,90740,162960,92340,163440,via2_1600x480,met2,met3
VSS,STRIPE,,90740,162960,92340,163440,via_1600x480,met1,met2
VSS,STRIPE,,63600,162960,65200,163440,via3_1600x480,met3,met4
VSS,STRIPE,,63600,162960,65200,163440,via2_1600x480,met2,met3
VSS,STRIPE,,63600,162960,65200,163440,via_1600x480,met1,met2
VSS,STRIPE,,36460,162960,38060,163440,via3_1600x480,met3,met4
VSS,STRIPE,,36460,162960,38060,163440,via2_1600x480,met2,met3
VSS,STRIPE,,36460,162960,38060,163440,via_1600x480,met1,met2
VSS,STRIPE,,253580,157520,255180,158000,via3_1600x480,met3,met4
VSS,STRIPE,,253580,157520,255180,158000,via2_1600x480,met2,met3
VSS,STRIPE,,253580,157520,255180,158000,via_1600x480,met1,met2
VSS,STRIPE,,226440,157520,228040,158000,via3_1600x480,met3,met4
VSS,STRIPE,,226440,157520,228040,158000,via2_1600x480,met2,met3
VSS,STRIPE,,226440,157520,228040,158000,via_1600x480,met1,met2
VSS,STRIPE,,199300,157520,200900,158000,via3_1600x480,met3,met4
VSS,STRIPE,,199300,157520,200900,158000,via2_1600x480,met2,met3
VSS,STRIPE,,199300,157520,200900,158000,via_1600x480,met1,met2
VSS,STRIPE,,117880,157520,119480,158000,via3_1600x480,met3,met4
VSS,STRIPE,,117880,157520,119480,158000,via2_1600x480,met2,met3
VSS,STRIPE,,117880,157520,119480,158000,via_1600x480,met1,met2
VSS,STRIPE,,90740,157520,92340,158000,via3_1600x480,met3,met4
VSS,STRIPE,,90740,157520,92340,158000,via2_1600x480,met2,met3
VSS,STRIPE,,90740,157520,92340,158000,via_1600x480,met1,met2
VSS,STRIPE,,63600,157520,65200,158000,via3_1600x480,met3,met4
VSS,STRIPE,,63600,157520,65200,158000,via2_1600x480,met2,met3
VSS,STRIPE,,63600,157520,65200,158000,via_1600x480,met1,met2
VSS,STRIPE,,36460,157520,38060,158000,via3_1600x480,met3,met4
VSS,STRIPE,,36460,157520,38060,158000,via2_1600x480,met2,met3
VSS,STRIPE,,36460,157520,38060,158000,via_1600x480,met1,met2
VSS,STRIPE,,253580,152080,255180,152560,via3_1600x480,met3,met4
VSS,STRIPE,,253580,152080,255180,152560,via2_1600x480,met2,met3
VSS,STRIPE,,253580,152080,255180,152560,via_1600x480,met1,met2
VSS,STRIPE,,226440,152080,228040,152560,via3_1600x480,met3,met4
VSS,STRIPE,,226440,152080,228040,152560,via2_1600x480,met2,met3
VSS,STRIPE,,226440,152080,228040,152560,via_1600x480,met1,met2
VSS,STRIPE,,199300,152080,200900,152560,via3_1600x480,met3,met4
VSS,STRIPE,,199300,152080,200900,152560,via2_1600x480,met2,met3
VSS,STRIPE,,199300,152080,200900,152560,via_1600x480,met1,met2
VSS,STRIPE,,117880,152080,119480,152560,via3_1600x480,met3,met4
VSS,STRIPE,,117880,152080,119480,152560,via2_1600x480,met2,met3
VSS,STRIPE,,117880,152080,119480,152560,via_1600x480,met1,met2
VSS,STRIPE,,90740,152080,92340,152560,via3_1600x480,met3,met4
VSS,STRIPE,,90740,152080,92340,152560,via2_1600x480,met2,met3
VSS,STRIPE,,90740,152080,92340,152560,via_1600x480,met1,met2
VSS,STRIPE,,63600,152080,65200,152560,via3_1600x480,met3,met4
VSS,STRIPE,,63600,152080,65200,152560,via2_1600x480,met2,met3
VSS,STRIPE,,63600,152080,65200,152560,via_1600x480,met1,met2
VSS,STRIPE,,36460,152080,38060,152560,via3_1600x480,met3,met4
VSS,STRIPE,,36460,152080,38060,152560,via2_1600x480,met2,met3
VSS,STRIPE,,36460,152080,38060,152560,via_1600x480,met1,met2
VSS,STRIPE,,253580,146640,255180,147120,via3_1600x480,met3,met4
VSS,STRIPE,,253580,146640,255180,147120,via2_1600x480,met2,met3
VSS,STRIPE,,253580,146640,255180,147120,via_1600x480,met1,met2
VSS,STRIPE,,226440,146640,228040,147120,via3_1600x480,met3,met4
VSS,STRIPE,,226440,146640,228040,147120,via2_1600x480,met2,met3
VSS,STRIPE,,226440,146640,228040,147120,via_1600x480,met1,met2
VSS,STRIPE,,199300,146640,200900,147120,via3_1600x480,met3,met4
VSS,STRIPE,,199300,146640,200900,147120,via2_1600x480,met2,met3
VSS,STRIPE,,199300,146640,200900,147120,via_1600x480,met1,met2
VSS,STRIPE,,117880,146640,119480,147120,via3_1600x480,met3,met4
VSS,STRIPE,,117880,146640,119480,147120,via2_1600x480,met2,met3
VSS,STRIPE,,117880,146640,119480,147120,via_1600x480,met1,met2
VSS,STRIPE,,90740,146640,92340,147120,via3_1600x480,met3,met4
VSS,STRIPE,,90740,146640,92340,147120,via2_1600x480,met2,met3
VSS,STRIPE,,90740,146640,92340,147120,via_1600x480,met1,met2
VSS,STRIPE,,63600,146640,65200,147120,via3_1600x480,met3,met4
VSS,STRIPE,,63600,146640,65200,147120,via2_1600x480,met2,met3
VSS,STRIPE,,63600,146640,65200,147120,via_1600x480,met1,met2
VSS,STRIPE,,36460,146640,38060,147120,via3_1600x480,met3,met4
VSS,STRIPE,,36460,146640,38060,147120,via2_1600x480,met2,met3
VSS,STRIPE,,36460,146640,38060,147120,via_1600x480,met1,met2
VSS,STRIPE,,253580,141200,255180,141680,via3_1600x480,met3,met4
VSS,STRIPE,,253580,141200,255180,141680,via2_1600x480,met2,met3
VSS,STRIPE,,253580,141200,255180,141680,via_1600x480,met1,met2
VSS,STRIPE,,226440,141200,228040,141680,via3_1600x480,met3,met4
VSS,STRIPE,,226440,141200,228040,141680,via2_1600x480,met2,met3
VSS,STRIPE,,226440,141200,228040,141680,via_1600x480,met1,met2
VSS,STRIPE,,199300,141200,200900,141680,via3_1600x480,met3,met4
VSS,STRIPE,,199300,141200,200900,141680,via2_1600x480,met2,met3
VSS,STRIPE,,199300,141200,200900,141680,via_1600x480,met1,met2
VSS,STRIPE,,117880,141200,119480,141680,via3_1600x480,met3,met4
VSS,STRIPE,,117880,141200,119480,141680,via2_1600x480,met2,met3
VSS,STRIPE,,117880,141200,119480,141680,via_1600x480,met1,met2
VSS,STRIPE,,90740,141200,92340,141680,via3_1600x480,met3,met4
VSS,STRIPE,,90740,141200,92340,141680,via2_1600x480,met2,met3
VSS,STRIPE,,90740,141200,92340,141680,via_1600x480,met1,met2
VSS,STRIPE,,63600,141200,65200,141680,via3_1600x480,met3,met4
VSS,STRIPE,,63600,141200,65200,141680,via2_1600x480,met2,met3
VSS,STRIPE,,63600,141200,65200,141680,via_1600x480,met1,met2
VSS,STRIPE,,36460,141200,38060,141680,via3_1600x480,met3,met4
VSS,STRIPE,,36460,141200,38060,141680,via2_1600x480,met2,met3
VSS,STRIPE,,36460,141200,38060,141680,via_1600x480,met1,met2
VSS,STRIPE,,253580,135760,255180,136240,via3_1600x480,met3,met4
VSS,STRIPE,,253580,135760,255180,136240,via2_1600x480,met2,met3
VSS,STRIPE,,253580,135760,255180,136240,via_1600x480,met1,met2
VSS,STRIPE,,226440,135760,228040,136240,via3_1600x480,met3,met4
VSS,STRIPE,,226440,135760,228040,136240,via2_1600x480,met2,met3
VSS,STRIPE,,226440,135760,228040,136240,via_1600x480,met1,met2
VSS,STRIPE,,199300,135760,200900,136240,via3_1600x480,met3,met4
VSS,STRIPE,,199300,135760,200900,136240,via2_1600x480,met2,met3
VSS,STRIPE,,199300,135760,200900,136240,via_1600x480,met1,met2
VSS,STRIPE,,117880,135760,119480,136240,via3_1600x480,met3,met4
VSS,STRIPE,,117880,135760,119480,136240,via2_1600x480,met2,met3
VSS,STRIPE,,117880,135760,119480,136240,via_1600x480,met1,met2
VSS,STRIPE,,90740,135760,92340,136240,via3_1600x480,met3,met4
VSS,STRIPE,,90740,135760,92340,136240,via2_1600x480,met2,met3
VSS,STRIPE,,90740,135760,92340,136240,via_1600x480,met1,met2
VSS,STRIPE,,63600,135760,65200,136240,via3_1600x480,met3,met4
VSS,STRIPE,,63600,135760,65200,136240,via2_1600x480,met2,met3
VSS,STRIPE,,63600,135760,65200,136240,via_1600x480,met1,met2
VSS,STRIPE,,36460,135760,38060,136240,via3_1600x480,met3,met4
VSS,STRIPE,,36460,135760,38060,136240,via2_1600x480,met2,met3
VSS,STRIPE,,36460,135760,38060,136240,via_1600x480,met1,met2
VSS,STRIPE,,253580,130320,255180,130800,via3_1600x480,met3,met4
VSS,STRIPE,,253580,130320,255180,130800,via2_1600x480,met2,met3
VSS,STRIPE,,253580,130320,255180,130800,via_1600x480,met1,met2
VSS,STRIPE,,226440,130320,228040,130800,via3_1600x480,met3,met4
VSS,STRIPE,,226440,130320,228040,130800,via2_1600x480,met2,met3
VSS,STRIPE,,226440,130320,228040,130800,via_1600x480,met1,met2
VSS,STRIPE,,199300,130320,200900,130800,via3_1600x480,met3,met4
VSS,STRIPE,,199300,130320,200900,130800,via2_1600x480,met2,met3
VSS,STRIPE,,199300,130320,200900,130800,via_1600x480,met1,met2
VSS,STRIPE,,117880,130320,119480,130800,via3_1600x480,met3,met4
VSS,STRIPE,,117880,130320,119480,130800,via2_1600x480,met2,met3
VSS,STRIPE,,117880,130320,119480,130800,via_1600x480,met1,met2
VSS,STRIPE,,90740,130320,92340,130800,via3_1600x480,met3,met4
VSS,STRIPE,,90740,130320,92340,130800,via2_1600x480,met2,met3
VSS,STRIPE,,90740,130320,92340,130800,via_1600x480,met1,met2
VSS,STRIPE,,63600,130320,65200,130800,via3_1600x480,met3,met4
VSS,STRIPE,,63600,130320,65200,130800,via2_1600x480,met2,met3
VSS,STRIPE,,63600,130320,65200,130800,via_1600x480,met1,met2
VSS,STRIPE,,36460,130320,38060,130800,via3_1600x480,met3,met4
VSS,STRIPE,,36460,130320,38060,130800,via2_1600x480,met2,met3
VSS,STRIPE,,36460,130320,38060,130800,via_1600x480,met1,met2
VSS,STRIPE,,253580,124880,255180,125360,via3_1600x480,met3,met4
VSS,STRIPE,,253580,124880,255180,125360,via2_1600x480,met2,met3
VSS,STRIPE,,253580,124880,255180,125360,via_1600x480,met1,met2
VSS,STRIPE,,226440,124880,228040,125360,via3_1600x480,met3,met4
VSS,STRIPE,,226440,124880,228040,125360,via2_1600x480,met2,met3
VSS,STRIPE,,226440,124880,228040,125360,via_1600x480,met1,met2
VSS,STRIPE,,199300,124880,200900,125360,via3_1600x480,met3,met4
VSS,STRIPE,,199300,124880,200900,125360,via2_1600x480,met2,met3
VSS,STRIPE,,199300,124880,200900,125360,via_1600x480,met1,met2
VSS,STRIPE,,172160,124880,173760,125360,via3_1600x480,met3,met4
VSS,STRIPE,,172160,124880,173760,125360,via2_1600x480,met2,met3
VSS,STRIPE,,172160,124880,173760,125360,via_1600x480,met1,met2
VSS,STRIPE,,145020,124880,146620,125360,via3_1600x480,met3,met4
VSS,STRIPE,,145020,124880,146620,125360,via2_1600x480,met2,met3
VSS,STRIPE,,145020,124880,146620,125360,via_1600x480,met1,met2
VSS,STRIPE,,117880,124880,119480,125360,via3_1600x480,met3,met4
VSS,STRIPE,,117880,124880,119480,125360,via2_1600x480,met2,met3
VSS,STRIPE,,117880,124880,119480,125360,via_1600x480,met1,met2
VSS,STRIPE,,90740,124880,92340,125360,via3_1600x480,met3,met4
VSS,STRIPE,,90740,124880,92340,125360,via2_1600x480,met2,met3
VSS,STRIPE,,90740,124880,92340,125360,via_1600x480,met1,met2
VSS,STRIPE,,63600,124880,65200,125360,via3_1600x480,met3,met4
VSS,STRIPE,,63600,124880,65200,125360,via2_1600x480,met2,met3
VSS,STRIPE,,63600,124880,65200,125360,via_1600x480,met1,met2
VSS,STRIPE,,36460,124880,38060,125360,via3_1600x480,met3,met4
VSS,STRIPE,,36460,124880,38060,125360,via2_1600x480,met2,met3
VSS,STRIPE,,36460,124880,38060,125360,via_1600x480,met1,met2
VSS,STRIPE,,253580,119440,255180,119920,via3_1600x480,met3,met4
VSS,STRIPE,,253580,119440,255180,119920,via2_1600x480,met2,met3
VSS,STRIPE,,253580,119440,255180,119920,via_1600x480,met1,met2
VSS,STRIPE,,226440,119440,228040,119920,via3_1600x480,met3,met4
VSS,STRIPE,,226440,119440,228040,119920,via2_1600x480,met2,met3
VSS,STRIPE,,226440,119440,228040,119920,via_1600x480,met1,met2
VSS,STRIPE,,199300,119440,200900,119920,via3_1600x480,met3,met4
VSS,STRIPE,,199300,119440,200900,119920,via2_1600x480,met2,met3
VSS,STRIPE,,199300,119440,200900,119920,via_1600x480,met1,met2
VSS,STRIPE,,172160,119440,173760,119920,via3_1600x480,met3,met4
VSS,STRIPE,,172160,119440,173760,119920,via2_1600x480,met2,met3
VSS,STRIPE,,172160,119440,173760,119920,via_1600x480,met1,met2
VSS,STRIPE,,145020,119440,146620,119920,via3_1600x480,met3,met4
VSS,STRIPE,,145020,119440,146620,119920,via2_1600x480,met2,met3
VSS,STRIPE,,145020,119440,146620,119920,via_1600x480,met1,met2
VSS,STRIPE,,117880,119440,119480,119920,via3_1600x480,met3,met4
VSS,STRIPE,,117880,119440,119480,119920,via2_1600x480,met2,met3
VSS,STRIPE,,117880,119440,119480,119920,via_1600x480,met1,met2
VSS,STRIPE,,90740,119440,92340,119920,via3_1600x480,met3,met4
VSS,STRIPE,,90740,119440,92340,119920,via2_1600x480,met2,met3
VSS,STRIPE,,90740,119440,92340,119920,via_1600x480,met1,met2
VSS,STRIPE,,63600,119440,65200,119920,via3_1600x480,met3,met4
VSS,STRIPE,,63600,119440,65200,119920,via2_1600x480,met2,met3
VSS,STRIPE,,63600,119440,65200,119920,via_1600x480,met1,met2
VSS,STRIPE,,36460,119440,38060,119920,via3_1600x480,met3,met4
VSS,STRIPE,,36460,119440,38060,119920,via2_1600x480,met2,met3
VSS,STRIPE,,36460,119440,38060,119920,via_1600x480,met1,met2
VSS,STRIPE,,253580,114000,255180,114480,via3_1600x480,met3,met4
VSS,STRIPE,,253580,114000,255180,114480,via2_1600x480,met2,met3
VSS,STRIPE,,253580,114000,255180,114480,via_1600x480,met1,met2
VSS,STRIPE,,226440,114000,228040,114480,via3_1600x480,met3,met4
VSS,STRIPE,,226440,114000,228040,114480,via2_1600x480,met2,met3
VSS,STRIPE,,226440,114000,228040,114480,via_1600x480,met1,met2
VSS,STRIPE,,199300,114000,200900,114480,via3_1600x480,met3,met4
VSS,STRIPE,,199300,114000,200900,114480,via2_1600x480,met2,met3
VSS,STRIPE,,199300,114000,200900,114480,via_1600x480,met1,met2
VSS,STRIPE,,172160,114000,173760,114480,via3_1600x480,met3,met4
VSS,STRIPE,,172160,114000,173760,114480,via2_1600x480,met2,met3
VSS,STRIPE,,172160,114000,173760,114480,via_1600x480,met1,met2
VSS,STRIPE,,145020,114000,146620,114480,via3_1600x480,met3,met4
VSS,STRIPE,,145020,114000,146620,114480,via2_1600x480,met2,met3
VSS,STRIPE,,145020,114000,146620,114480,via_1600x480,met1,met2
VSS,STRIPE,,117880,114000,119480,114480,via3_1600x480,met3,met4
VSS,STRIPE,,117880,114000,119480,114480,via2_1600x480,met2,met3
VSS,STRIPE,,117880,114000,119480,114480,via_1600x480,met1,met2
VSS,STRIPE,,90740,114000,92340,114480,via3_1600x480,met3,met4
VSS,STRIPE,,90740,114000,92340,114480,via2_1600x480,met2,met3
VSS,STRIPE,,90740,114000,92340,114480,via_1600x480,met1,met2
VSS,STRIPE,,63600,114000,65200,114480,via3_1600x480,met3,met4
VSS,STRIPE,,63600,114000,65200,114480,via2_1600x480,met2,met3
VSS,STRIPE,,63600,114000,65200,114480,via_1600x480,met1,met2
VSS,STRIPE,,36460,114000,38060,114480,via3_1600x480,met3,met4
VSS,STRIPE,,36460,114000,38060,114480,via2_1600x480,met2,met3
VSS,STRIPE,,36460,114000,38060,114480,via_1600x480,met1,met2
VSS,STRIPE,,253580,108560,255180,109040,via3_1600x480,met3,met4
VSS,STRIPE,,253580,108560,255180,109040,via2_1600x480,met2,met3
VSS,STRIPE,,253580,108560,255180,109040,via_1600x480,met1,met2
VSS,STRIPE,,226440,108560,228040,109040,via3_1600x480,met3,met4
VSS,STRIPE,,226440,108560,228040,109040,via2_1600x480,met2,met3
VSS,STRIPE,,226440,108560,228040,109040,via_1600x480,met1,met2
VSS,STRIPE,,199300,108560,200900,109040,via3_1600x480,met3,met4
VSS,STRIPE,,199300,108560,200900,109040,via2_1600x480,met2,met3
VSS,STRIPE,,199300,108560,200900,109040,via_1600x480,met1,met2
VSS,STRIPE,,172160,108560,173760,109040,via3_1600x480,met3,met4
VSS,STRIPE,,172160,108560,173760,109040,via2_1600x480,met2,met3
VSS,STRIPE,,172160,108560,173760,109040,via_1600x480,met1,met2
VSS,STRIPE,,145020,108560,146620,109040,via3_1600x480,met3,met4
VSS,STRIPE,,145020,108560,146620,109040,via2_1600x480,met2,met3
VSS,STRIPE,,145020,108560,146620,109040,via_1600x480,met1,met2
VSS,STRIPE,,117880,108560,119480,109040,via3_1600x480,met3,met4
VSS,STRIPE,,117880,108560,119480,109040,via2_1600x480,met2,met3
VSS,STRIPE,,117880,108560,119480,109040,via_1600x480,met1,met2
VSS,STRIPE,,90740,108560,92340,109040,via3_1600x480,met3,met4
VSS,STRIPE,,90740,108560,92340,109040,via2_1600x480,met2,met3
VSS,STRIPE,,90740,108560,92340,109040,via_1600x480,met1,met2
VSS,STRIPE,,63600,108560,65200,109040,via3_1600x480,met3,met4
VSS,STRIPE,,63600,108560,65200,109040,via2_1600x480,met2,met3
VSS,STRIPE,,63600,108560,65200,109040,via_1600x480,met1,met2
VSS,STRIPE,,36460,108560,38060,109040,via3_1600x480,met3,met4
VSS,STRIPE,,36460,108560,38060,109040,via2_1600x480,met2,met3
VSS,STRIPE,,36460,108560,38060,109040,via_1600x480,met1,met2
VSS,STRIPE,,253580,103120,255180,103600,via3_1600x480,met3,met4
VSS,STRIPE,,253580,103120,255180,103600,via2_1600x480,met2,met3
VSS,STRIPE,,253580,103120,255180,103600,via_1600x480,met1,met2
VSS,STRIPE,,226440,103120,228040,103600,via3_1600x480,met3,met4
VSS,STRIPE,,226440,103120,228040,103600,via2_1600x480,met2,met3
VSS,STRIPE,,226440,103120,228040,103600,via_1600x480,met1,met2
VSS,STRIPE,,199300,103120,200900,103600,via3_1600x480,met3,met4
VSS,STRIPE,,199300,103120,200900,103600,via2_1600x480,met2,met3
VSS,STRIPE,,199300,103120,200900,103600,via_1600x480,met1,met2
VSS,STRIPE,,172160,103120,173760,103600,via3_1600x480,met3,met4
VSS,STRIPE,,172160,103120,173760,103600,via2_1600x480,met2,met3
VSS,STRIPE,,172160,103120,173760,103600,via_1600x480,met1,met2
VSS,STRIPE,,145020,103120,146620,103600,via3_1600x480,met3,met4
VSS,STRIPE,,145020,103120,146620,103600,via2_1600x480,met2,met3
VSS,STRIPE,,145020,103120,146620,103600,via_1600x480,met1,met2
VSS,STRIPE,,117880,103120,119480,103600,via3_1600x480,met3,met4
VSS,STRIPE,,117880,103120,119480,103600,via2_1600x480,met2,met3
VSS,STRIPE,,117880,103120,119480,103600,via_1600x480,met1,met2
VSS,STRIPE,,90740,103120,92340,103600,via3_1600x480,met3,met4
VSS,STRIPE,,90740,103120,92340,103600,via2_1600x480,met2,met3
VSS,STRIPE,,90740,103120,92340,103600,via_1600x480,met1,met2
VSS,STRIPE,,63600,103120,65200,103600,via3_1600x480,met3,met4
VSS,STRIPE,,63600,103120,65200,103600,via2_1600x480,met2,met3
VSS,STRIPE,,63600,103120,65200,103600,via_1600x480,met1,met2
VSS,STRIPE,,36460,103120,38060,103600,via3_1600x480,met3,met4
VSS,STRIPE,,36460,103120,38060,103600,via2_1600x480,met2,met3
VSS,STRIPE,,36460,103120,38060,103600,via_1600x480,met1,met2
VSS,STRIPE,,253580,97680,255180,98160,via3_1600x480,met3,met4
VSS,STRIPE,,253580,97680,255180,98160,via2_1600x480,met2,met3
VSS,STRIPE,,253580,97680,255180,98160,via_1600x480,met1,met2
VSS,STRIPE,,226440,97680,228040,98160,via3_1600x480,met3,met4
VSS,STRIPE,,226440,97680,228040,98160,via2_1600x480,met2,met3
VSS,STRIPE,,226440,97680,228040,98160,via_1600x480,met1,met2
VSS,STRIPE,,199300,97680,200900,98160,via3_1600x480,met3,met4
VSS,STRIPE,,199300,97680,200900,98160,via2_1600x480,met2,met3
VSS,STRIPE,,199300,97680,200900,98160,via_1600x480,met1,met2
VSS,STRIPE,,172160,97680,173760,98160,via3_1600x480,met3,met4
VSS,STRIPE,,172160,97680,173760,98160,via2_1600x480,met2,met3
VSS,STRIPE,,172160,97680,173760,98160,via_1600x480,met1,met2
VSS,STRIPE,,145020,97680,146620,98160,via3_1600x480,met3,met4
VSS,STRIPE,,145020,97680,146620,98160,via2_1600x480,met2,met3
VSS,STRIPE,,145020,97680,146620,98160,via_1600x480,met1,met2
VSS,STRIPE,,117880,97680,119480,98160,via3_1600x480,met3,met4
VSS,STRIPE,,117880,97680,119480,98160,via2_1600x480,met2,met3
VSS,STRIPE,,117880,97680,119480,98160,via_1600x480,met1,met2
VSS,STRIPE,,90740,97680,92340,98160,via3_1600x480,met3,met4
VSS,STRIPE,,90740,97680,92340,98160,via2_1600x480,met2,met3
VSS,STRIPE,,90740,97680,92340,98160,via_1600x480,met1,met2
VSS,STRIPE,,63600,97680,65200,98160,via3_1600x480,met3,met4
VSS,STRIPE,,63600,97680,65200,98160,via2_1600x480,met2,met3
VSS,STRIPE,,63600,97680,65200,98160,via_1600x480,met1,met2
VSS,STRIPE,,36460,97680,38060,98160,via3_1600x480,met3,met4
VSS,STRIPE,,36460,97680,38060,98160,via2_1600x480,met2,met3
VSS,STRIPE,,36460,97680,38060,98160,via_1600x480,met1,met2
VSS,STRIPE,,253580,92240,255180,92720,via3_1600x480,met3,met4
VSS,STRIPE,,253580,92240,255180,92720,via2_1600x480,met2,met3
VSS,STRIPE,,253580,92240,255180,92720,via_1600x480,met1,met2
VSS,STRIPE,,226440,92240,228040,92720,via3_1600x480,met3,met4
VSS,STRIPE,,226440,92240,228040,92720,via2_1600x480,met2,met3
VSS,STRIPE,,226440,92240,228040,92720,via_1600x480,met1,met2
VSS,STRIPE,,199300,92240,200900,92720,via3_1600x480,met3,met4
VSS,STRIPE,,199300,92240,200900,92720,via2_1600x480,met2,met3
VSS,STRIPE,,199300,92240,200900,92720,via_1600x480,met1,met2
VSS,STRIPE,,172160,92240,173760,92720,via3_1600x480,met3,met4
VSS,STRIPE,,172160,92240,173760,92720,via2_1600x480,met2,met3
VSS,STRIPE,,172160,92240,173760,92720,via_1600x480,met1,met2
VSS,STRIPE,,145020,92240,146620,92720,via3_1600x480,met3,met4
VSS,STRIPE,,145020,92240,146620,92720,via2_1600x480,met2,met3
VSS,STRIPE,,145020,92240,146620,92720,via_1600x480,met1,met2
VSS,STRIPE,,117880,92240,119480,92720,via3_1600x480,met3,met4
VSS,STRIPE,,117880,92240,119480,92720,via2_1600x480,met2,met3
VSS,STRIPE,,117880,92240,119480,92720,via_1600x480,met1,met2
VSS,STRIPE,,90740,92240,92340,92720,via3_1600x480,met3,met4
VSS,STRIPE,,90740,92240,92340,92720,via2_1600x480,met2,met3
VSS,STRIPE,,90740,92240,92340,92720,via_1600x480,met1,met2
VSS,STRIPE,,63600,92240,65200,92720,via3_1600x480,met3,met4
VSS,STRIPE,,63600,92240,65200,92720,via2_1600x480,met2,met3
VSS,STRIPE,,63600,92240,65200,92720,via_1600x480,met1,met2
VSS,STRIPE,,36460,92240,38060,92720,via3_1600x480,met3,met4
VSS,STRIPE,,36460,92240,38060,92720,via2_1600x480,met2,met3
VSS,STRIPE,,36460,92240,38060,92720,via_1600x480,met1,met2
VSS,STRIPE,,253580,86800,255180,87280,via3_1600x480,met3,met4
VSS,STRIPE,,253580,86800,255180,87280,via2_1600x480,met2,met3
VSS,STRIPE,,253580,86800,255180,87280,via_1600x480,met1,met2
VSS,STRIPE,,226440,86800,228040,87280,via3_1600x480,met3,met4
VSS,STRIPE,,226440,86800,228040,87280,via2_1600x480,met2,met3
VSS,STRIPE,,226440,86800,228040,87280,via_1600x480,met1,met2
VSS,STRIPE,,199300,86800,200900,87280,via3_1600x480,met3,met4
VSS,STRIPE,,199300,86800,200900,87280,via2_1600x480,met2,met3
VSS,STRIPE,,199300,86800,200900,87280,via_1600x480,met1,met2
VSS,STRIPE,,172160,86800,173760,87280,via3_1600x480,met3,met4
VSS,STRIPE,,172160,86800,173760,87280,via2_1600x480,met2,met3
VSS,STRIPE,,172160,86800,173760,87280,via_1600x480,met1,met2
VSS,STRIPE,,145020,86800,146620,87280,via3_1600x480,met3,met4
VSS,STRIPE,,145020,86800,146620,87280,via2_1600x480,met2,met3
VSS,STRIPE,,145020,86800,146620,87280,via_1600x480,met1,met2
VSS,STRIPE,,117880,86800,119480,87280,via3_1600x480,met3,met4
VSS,STRIPE,,117880,86800,119480,87280,via2_1600x480,met2,met3
VSS,STRIPE,,117880,86800,119480,87280,via_1600x480,met1,met2
VSS,STRIPE,,90740,86800,92340,87280,via3_1600x480,met3,met4
VSS,STRIPE,,90740,86800,92340,87280,via2_1600x480,met2,met3
VSS,STRIPE,,90740,86800,92340,87280,via_1600x480,met1,met2
VSS,STRIPE,,63600,86800,65200,87280,via3_1600x480,met3,met4
VSS,STRIPE,,63600,86800,65200,87280,via2_1600x480,met2,met3
VSS,STRIPE,,63600,86800,65200,87280,via_1600x480,met1,met2
VSS,STRIPE,,36460,86800,38060,87280,via3_1600x480,met3,met4
VSS,STRIPE,,36460,86800,38060,87280,via2_1600x480,met2,met3
VSS,STRIPE,,36460,86800,38060,87280,via_1600x480,met1,met2
VSS,STRIPE,,253580,81360,255180,81840,via3_1600x480,met3,met4
VSS,STRIPE,,253580,81360,255180,81840,via2_1600x480,met2,met3
VSS,STRIPE,,253580,81360,255180,81840,via_1600x480,met1,met2
VSS,STRIPE,,226440,81360,228040,81840,via3_1600x480,met3,met4
VSS,STRIPE,,226440,81360,228040,81840,via2_1600x480,met2,met3
VSS,STRIPE,,226440,81360,228040,81840,via_1600x480,met1,met2
VSS,STRIPE,,199300,81360,200900,81840,via3_1600x480,met3,met4
VSS,STRIPE,,199300,81360,200900,81840,via2_1600x480,met2,met3
VSS,STRIPE,,199300,81360,200900,81840,via_1600x480,met1,met2
VSS,STRIPE,,172160,81360,173760,81840,via3_1600x480,met3,met4
VSS,STRIPE,,172160,81360,173760,81840,via2_1600x480,met2,met3
VSS,STRIPE,,172160,81360,173760,81840,via_1600x480,met1,met2
VSS,STRIPE,,145020,81360,146620,81840,via3_1600x480,met3,met4
VSS,STRIPE,,145020,81360,146620,81840,via2_1600x480,met2,met3
VSS,STRIPE,,145020,81360,146620,81840,via_1600x480,met1,met2
VSS,STRIPE,,117880,81360,119480,81840,via3_1600x480,met3,met4
VSS,STRIPE,,117880,81360,119480,81840,via2_1600x480,met2,met3
VSS,STRIPE,,117880,81360,119480,81840,via_1600x480,met1,met2
VSS,STRIPE,,90740,81360,92340,81840,via3_1600x480,met3,met4
VSS,STRIPE,,90740,81360,92340,81840,via2_1600x480,met2,met3
VSS,STRIPE,,90740,81360,92340,81840,via_1600x480,met1,met2
VSS,STRIPE,,63600,81360,65200,81840,via3_1600x480,met3,met4
VSS,STRIPE,,63600,81360,65200,81840,via2_1600x480,met2,met3
VSS,STRIPE,,63600,81360,65200,81840,via_1600x480,met1,met2
VSS,STRIPE,,36460,81360,38060,81840,via3_1600x480,met3,met4
VSS,STRIPE,,36460,81360,38060,81840,via2_1600x480,met2,met3
VSS,STRIPE,,36460,81360,38060,81840,via_1600x480,met1,met2
VSS,STRIPE,,253580,75920,255180,76400,via3_1600x480,met3,met4
VSS,STRIPE,,253580,75920,255180,76400,via2_1600x480,met2,met3
VSS,STRIPE,,253580,75920,255180,76400,via_1600x480,met1,met2
VSS,STRIPE,,226440,75920,228040,76400,via3_1600x480,met3,met4
VSS,STRIPE,,226440,75920,228040,76400,via2_1600x480,met2,met3
VSS,STRIPE,,226440,75920,228040,76400,via_1600x480,met1,met2
VSS,STRIPE,,199300,75920,200900,76400,via3_1600x480,met3,met4
VSS,STRIPE,,199300,75920,200900,76400,via2_1600x480,met2,met3
VSS,STRIPE,,199300,75920,200900,76400,via_1600x480,met1,met2
VSS,STRIPE,,172160,75920,173760,76400,via3_1600x480,met3,met4
VSS,STRIPE,,172160,75920,173760,76400,via2_1600x480,met2,met3
VSS,STRIPE,,172160,75920,173760,76400,via_1600x480,met1,met2
VSS,STRIPE,,145020,75920,146620,76400,via3_1600x480,met3,met4
VSS,STRIPE,,145020,75920,146620,76400,via2_1600x480,met2,met3
VSS,STRIPE,,145020,75920,146620,76400,via_1600x480,met1,met2
VSS,STRIPE,,117880,75920,119480,76400,via3_1600x480,met3,met4
VSS,STRIPE,,117880,75920,119480,76400,via2_1600x480,met2,met3
VSS,STRIPE,,117880,75920,119480,76400,via_1600x480,met1,met2
VSS,STRIPE,,90740,75920,92340,76400,via3_1600x480,met3,met4
VSS,STRIPE,,90740,75920,92340,76400,via2_1600x480,met2,met3
VSS,STRIPE,,90740,75920,92340,76400,via_1600x480,met1,met2
VSS,STRIPE,,63600,75920,65200,76400,via3_1600x480,met3,met4
VSS,STRIPE,,63600,75920,65200,76400,via2_1600x480,met2,met3
VSS,STRIPE,,63600,75920,65200,76400,via_1600x480,met1,met2
VSS,STRIPE,,36460,75920,38060,76400,via3_1600x480,met3,met4
VSS,STRIPE,,36460,75920,38060,76400,via2_1600x480,met2,met3
VSS,STRIPE,,36460,75920,38060,76400,via_1600x480,met1,met2
VSS,STRIPE,,253580,70480,255180,70960,via3_1600x480,met3,met4
VSS,STRIPE,,253580,70480,255180,70960,via2_1600x480,met2,met3
VSS,STRIPE,,253580,70480,255180,70960,via_1600x480,met1,met2
VSS,STRIPE,,226440,70480,228040,70960,via3_1600x480,met3,met4
VSS,STRIPE,,226440,70480,228040,70960,via2_1600x480,met2,met3
VSS,STRIPE,,226440,70480,228040,70960,via_1600x480,met1,met2
VSS,STRIPE,,199300,70480,200900,70960,via3_1600x480,met3,met4
VSS,STRIPE,,199300,70480,200900,70960,via2_1600x480,met2,met3
VSS,STRIPE,,199300,70480,200900,70960,via_1600x480,met1,met2
VSS,STRIPE,,172160,70480,173760,70960,via3_1600x480,met3,met4
VSS,STRIPE,,172160,70480,173760,70960,via2_1600x480,met2,met3
VSS,STRIPE,,172160,70480,173760,70960,via_1600x480,met1,met2
VSS,STRIPE,,145020,70480,146620,70960,via3_1600x480,met3,met4
VSS,STRIPE,,145020,70480,146620,70960,via2_1600x480,met2,met3
VSS,STRIPE,,145020,70480,146620,70960,via_1600x480,met1,met2
VSS,STRIPE,,117880,70480,119480,70960,via3_1600x480,met3,met4
VSS,STRIPE,,117880,70480,119480,70960,via2_1600x480,met2,met3
VSS,STRIPE,,117880,70480,119480,70960,via_1600x480,met1,met2
VSS,STRIPE,,90740,70480,92340,70960,via3_1600x480,met3,met4
VSS,STRIPE,,90740,70480,92340,70960,via2_1600x480,met2,met3
VSS,STRIPE,,90740,70480,92340,70960,via_1600x480,met1,met2
VSS,STRIPE,,63600,70480,65200,70960,via3_1600x480,met3,met4
VSS,STRIPE,,63600,70480,65200,70960,via2_1600x480,met2,met3
VSS,STRIPE,,63600,70480,65200,70960,via_1600x480,met1,met2
VSS,STRIPE,,36460,70480,38060,70960,via3_1600x480,met3,met4
VSS,STRIPE,,36460,70480,38060,70960,via2_1600x480,met2,met3
VSS,STRIPE,,36460,70480,38060,70960,via_1600x480,met1,met2
VSS,STRIPE,,253580,65040,255180,65520,via3_1600x480,met3,met4
VSS,STRIPE,,253580,65040,255180,65520,via2_1600x480,met2,met3
VSS,STRIPE,,253580,65040,255180,65520,via_1600x480,met1,met2
VSS,STRIPE,,226440,65040,228040,65520,via3_1600x480,met3,met4
VSS,STRIPE,,226440,65040,228040,65520,via2_1600x480,met2,met3
VSS,STRIPE,,226440,65040,228040,65520,via_1600x480,met1,met2
VSS,STRIPE,,199300,65040,200900,65520,via3_1600x480,met3,met4
VSS,STRIPE,,199300,65040,200900,65520,via2_1600x480,met2,met3
VSS,STRIPE,,199300,65040,200900,65520,via_1600x480,met1,met2
VSS,STRIPE,,172160,65040,173760,65520,via3_1600x480,met3,met4
VSS,STRIPE,,172160,65040,173760,65520,via2_1600x480,met2,met3
VSS,STRIPE,,172160,65040,173760,65520,via_1600x480,met1,met2
VSS,STRIPE,,145020,65040,146620,65520,via3_1600x480,met3,met4
VSS,STRIPE,,145020,65040,146620,65520,via2_1600x480,met2,met3
VSS,STRIPE,,145020,65040,146620,65520,via_1600x480,met1,met2
VSS,STRIPE,,117880,65040,119480,65520,via3_1600x480,met3,met4
VSS,STRIPE,,117880,65040,119480,65520,via2_1600x480,met2,met3
VSS,STRIPE,,117880,65040,119480,65520,via_1600x480,met1,met2
VSS,STRIPE,,90740,65040,92340,65520,via3_1600x480,met3,met4
VSS,STRIPE,,90740,65040,92340,65520,via2_1600x480,met2,met3
VSS,STRIPE,,90740,65040,92340,65520,via_1600x480,met1,met2
VSS,STRIPE,,63600,65040,65200,65520,via3_1600x480,met3,met4
VSS,STRIPE,,63600,65040,65200,65520,via2_1600x480,met2,met3
VSS,STRIPE,,63600,65040,65200,65520,via_1600x480,met1,met2
VSS,STRIPE,,36460,65040,38060,65520,via3_1600x480,met3,met4
VSS,STRIPE,,36460,65040,38060,65520,via2_1600x480,met2,met3
VSS,STRIPE,,36460,65040,38060,65520,via_1600x480,met1,met2
VSS,STRIPE,,253580,59600,255180,60080,via3_1600x480,met3,met4
VSS,STRIPE,,253580,59600,255180,60080,via2_1600x480,met2,met3
VSS,STRIPE,,253580,59600,255180,60080,via_1600x480,met1,met2
VSS,STRIPE,,226440,59600,228040,60080,via3_1600x480,met3,met4
VSS,STRIPE,,226440,59600,228040,60080,via2_1600x480,met2,met3
VSS,STRIPE,,226440,59600,228040,60080,via_1600x480,met1,met2
VSS,STRIPE,,199300,59600,200900,60080,via3_1600x480,met3,met4
VSS,STRIPE,,199300,59600,200900,60080,via2_1600x480,met2,met3
VSS,STRIPE,,199300,59600,200900,60080,via_1600x480,met1,met2
VSS,STRIPE,,172160,59600,173760,60080,via3_1600x480,met3,met4
VSS,STRIPE,,172160,59600,173760,60080,via2_1600x480,met2,met3
VSS,STRIPE,,172160,59600,173760,60080,via_1600x480,met1,met2
VSS,STRIPE,,145020,59600,146620,60080,via3_1600x480,met3,met4
VSS,STRIPE,,145020,59600,146620,60080,via2_1600x480,met2,met3
VSS,STRIPE,,145020,59600,146620,60080,via_1600x480,met1,met2
VSS,STRIPE,,117880,59600,119480,60080,via3_1600x480,met3,met4
VSS,STRIPE,,117880,59600,119480,60080,via2_1600x480,met2,met3
VSS,STRIPE,,117880,59600,119480,60080,via_1600x480,met1,met2
VSS,STRIPE,,90740,59600,92340,60080,via3_1600x480,met3,met4
VSS,STRIPE,,90740,59600,92340,60080,via2_1600x480,met2,met3
VSS,STRIPE,,90740,59600,92340,60080,via_1600x480,met1,met2
VSS,STRIPE,,63600,59600,65200,60080,via3_1600x480,met3,met4
VSS,STRIPE,,63600,59600,65200,60080,via2_1600x480,met2,met3
VSS,STRIPE,,63600,59600,65200,60080,via_1600x480,met1,met2
VSS,STRIPE,,36460,59600,38060,60080,via3_1600x480,met3,met4
VSS,STRIPE,,36460,59600,38060,60080,via2_1600x480,met2,met3
VSS,STRIPE,,36460,59600,38060,60080,via_1600x480,met1,met2
VSS,STRIPE,,253580,54160,255180,54640,via3_1600x480,met3,met4
VSS,STRIPE,,253580,54160,255180,54640,via2_1600x480,met2,met3
VSS,STRIPE,,253580,54160,255180,54640,via_1600x480,met1,met2
VSS,STRIPE,,226440,54160,228040,54640,via3_1600x480,met3,met4
VSS,STRIPE,,226440,54160,228040,54640,via2_1600x480,met2,met3
VSS,STRIPE,,226440,54160,228040,54640,via_1600x480,met1,met2
VSS,STRIPE,,199300,54160,200900,54640,via3_1600x480,met3,met4
VSS,STRIPE,,199300,54160,200900,54640,via2_1600x480,met2,met3
VSS,STRIPE,,199300,54160,200900,54640,via_1600x480,met1,met2
VSS,STRIPE,,172160,54160,173760,54640,via3_1600x480,met3,met4
VSS,STRIPE,,172160,54160,173760,54640,via2_1600x480,met2,met3
VSS,STRIPE,,172160,54160,173760,54640,via_1600x480,met1,met2
VSS,STRIPE,,145020,54160,146620,54640,via3_1600x480,met3,met4
VSS,STRIPE,,145020,54160,146620,54640,via2_1600x480,met2,met3
VSS,STRIPE,,145020,54160,146620,54640,via_1600x480,met1,met2
VSS,STRIPE,,117880,54160,119480,54640,via3_1600x480,met3,met4
VSS,STRIPE,,117880,54160,119480,54640,via2_1600x480,met2,met3
VSS,STRIPE,,117880,54160,119480,54640,via_1600x480,met1,met2
VSS,STRIPE,,90740,54160,92340,54640,via3_1600x480,met3,met4
VSS,STRIPE,,90740,54160,92340,54640,via2_1600x480,met2,met3
VSS,STRIPE,,90740,54160,92340,54640,via_1600x480,met1,met2
VSS,STRIPE,,63600,54160,65200,54640,via3_1600x480,met3,met4
VSS,STRIPE,,63600,54160,65200,54640,via2_1600x480,met2,met3
VSS,STRIPE,,63600,54160,65200,54640,via_1600x480,met1,met2
VSS,STRIPE,,36460,54160,38060,54640,via3_1600x480,met3,met4
VSS,STRIPE,,36460,54160,38060,54640,via2_1600x480,met2,met3
VSS,STRIPE,,36460,54160,38060,54640,via_1600x480,met1,met2
VSS,STRIPE,,253580,48720,255180,49200,via3_1600x480,met3,met4
VSS,STRIPE,,253580,48720,255180,49200,via2_1600x480,met2,met3
VSS,STRIPE,,253580,48720,255180,49200,via_1600x480,met1,met2
VSS,STRIPE,,226440,48720,228040,49200,via3_1600x480,met3,met4
VSS,STRIPE,,226440,48720,228040,49200,via2_1600x480,met2,met3
VSS,STRIPE,,226440,48720,228040,49200,via_1600x480,met1,met2
VSS,STRIPE,,199300,48720,200900,49200,via3_1600x480,met3,met4
VSS,STRIPE,,199300,48720,200900,49200,via2_1600x480,met2,met3
VSS,STRIPE,,199300,48720,200900,49200,via_1600x480,met1,met2
VSS,STRIPE,,172160,48720,173760,49200,via3_1600x480,met3,met4
VSS,STRIPE,,172160,48720,173760,49200,via2_1600x480,met2,met3
VSS,STRIPE,,172160,48720,173760,49200,via_1600x480,met1,met2
VSS,STRIPE,,145020,48720,146620,49200,via3_1600x480,met3,met4
VSS,STRIPE,,145020,48720,146620,49200,via2_1600x480,met2,met3
VSS,STRIPE,,145020,48720,146620,49200,via_1600x480,met1,met2
VSS,STRIPE,,117880,48720,119480,49200,via3_1600x480,met3,met4
VSS,STRIPE,,117880,48720,119480,49200,via2_1600x480,met2,met3
VSS,STRIPE,,117880,48720,119480,49200,via_1600x480,met1,met2
VSS,STRIPE,,90740,48720,92340,49200,via3_1600x480,met3,met4
VSS,STRIPE,,90740,48720,92340,49200,via2_1600x480,met2,met3
VSS,STRIPE,,90740,48720,92340,49200,via_1600x480,met1,met2
VSS,STRIPE,,63600,48720,65200,49200,via3_1600x480,met3,met4
VSS,STRIPE,,63600,48720,65200,49200,via2_1600x480,met2,met3
VSS,STRIPE,,63600,48720,65200,49200,via_1600x480,met1,met2
VSS,STRIPE,,36460,48720,38060,49200,via3_1600x480,met3,met4
VSS,STRIPE,,36460,48720,38060,49200,via2_1600x480,met2,met3
VSS,STRIPE,,36460,48720,38060,49200,via_1600x480,met1,met2
VSS,STRIPE,,253580,43280,255180,43760,via3_1600x480,met3,met4
VSS,STRIPE,,253580,43280,255180,43760,via2_1600x480,met2,met3
VSS,STRIPE,,253580,43280,255180,43760,via_1600x480,met1,met2
VSS,STRIPE,,226440,43280,228040,43760,via3_1600x480,met3,met4
VSS,STRIPE,,226440,43280,228040,43760,via2_1600x480,met2,met3
VSS,STRIPE,,226440,43280,228040,43760,via_1600x480,met1,met2
VSS,STRIPE,,199300,43280,200900,43760,via3_1600x480,met3,met4
VSS,STRIPE,,199300,43280,200900,43760,via2_1600x480,met2,met3
VSS,STRIPE,,199300,43280,200900,43760,via_1600x480,met1,met2
VSS,STRIPE,,172160,43280,173760,43760,via3_1600x480,met3,met4
VSS,STRIPE,,172160,43280,173760,43760,via2_1600x480,met2,met3
VSS,STRIPE,,172160,43280,173760,43760,via_1600x480,met1,met2
VSS,STRIPE,,145020,43280,146620,43760,via3_1600x480,met3,met4
VSS,STRIPE,,145020,43280,146620,43760,via2_1600x480,met2,met3
VSS,STRIPE,,145020,43280,146620,43760,via_1600x480,met1,met2
VSS,STRIPE,,117880,43280,119480,43760,via3_1600x480,met3,met4
VSS,STRIPE,,117880,43280,119480,43760,via2_1600x480,met2,met3
VSS,STRIPE,,117880,43280,119480,43760,via_1600x480,met1,met2
VSS,STRIPE,,90740,43280,92340,43760,via3_1600x480,met3,met4
VSS,STRIPE,,90740,43280,92340,43760,via2_1600x480,met2,met3
VSS,STRIPE,,90740,43280,92340,43760,via_1600x480,met1,met2
VSS,STRIPE,,63600,43280,65200,43760,via3_1600x480,met3,met4
VSS,STRIPE,,63600,43280,65200,43760,via2_1600x480,met2,met3
VSS,STRIPE,,63600,43280,65200,43760,via_1600x480,met1,met2
VSS,STRIPE,,36460,43280,38060,43760,via3_1600x480,met3,met4
VSS,STRIPE,,36460,43280,38060,43760,via2_1600x480,met2,met3
VSS,STRIPE,,36460,43280,38060,43760,via_1600x480,met1,met2
VSS,STRIPE,,253580,37840,255180,38320,via3_1600x480,met3,met4
VSS,STRIPE,,253580,37840,255180,38320,via2_1600x480,met2,met3
VSS,STRIPE,,253580,37840,255180,38320,via_1600x480,met1,met2
VSS,STRIPE,,226440,37840,228040,38320,via3_1600x480,met3,met4
VSS,STRIPE,,226440,37840,228040,38320,via2_1600x480,met2,met3
VSS,STRIPE,,226440,37840,228040,38320,via_1600x480,met1,met2
VSS,STRIPE,,199300,37840,200900,38320,via3_1600x480,met3,met4
VSS,STRIPE,,199300,37840,200900,38320,via2_1600x480,met2,met3
VSS,STRIPE,,199300,37840,200900,38320,via_1600x480,met1,met2
VSS,STRIPE,,172160,37840,173760,38320,via3_1600x480,met3,met4
VSS,STRIPE,,172160,37840,173760,38320,via2_1600x480,met2,met3
VSS,STRIPE,,172160,37840,173760,38320,via_1600x480,met1,met2
VSS,STRIPE,,145020,37840,146620,38320,via3_1600x480,met3,met4
VSS,STRIPE,,145020,37840,146620,38320,via2_1600x480,met2,met3
VSS,STRIPE,,145020,37840,146620,38320,via_1600x480,met1,met2
VSS,STRIPE,,117880,37840,119480,38320,via3_1600x480,met3,met4
VSS,STRIPE,,117880,37840,119480,38320,via2_1600x480,met2,met3
VSS,STRIPE,,117880,37840,119480,38320,via_1600x480,met1,met2
VSS,STRIPE,,90740,37840,92340,38320,via3_1600x480,met3,met4
VSS,STRIPE,,90740,37840,92340,38320,via2_1600x480,met2,met3
VSS,STRIPE,,90740,37840,92340,38320,via_1600x480,met1,met2
VSS,STRIPE,,63600,37840,65200,38320,via3_1600x480,met3,met4
VSS,STRIPE,,63600,37840,65200,38320,via2_1600x480,met2,met3
VSS,STRIPE,,63600,37840,65200,38320,via_1600x480,met1,met2
VSS,STRIPE,,36460,37840,38060,38320,via3_1600x480,met3,met4
VSS,STRIPE,,36460,37840,38060,38320,via2_1600x480,met2,met3
VSS,STRIPE,,36460,37840,38060,38320,via_1600x480,met1,met2
VSS,STRIPE,,253580,32400,255180,32880,via3_1600x480,met3,met4
VSS,STRIPE,,253580,32400,255180,32880,via2_1600x480,met2,met3
VSS,STRIPE,,253580,32400,255180,32880,via_1600x480,met1,met2
VSS,STRIPE,,226440,32400,228040,32880,via3_1600x480,met3,met4
VSS,STRIPE,,226440,32400,228040,32880,via2_1600x480,met2,met3
VSS,STRIPE,,226440,32400,228040,32880,via_1600x480,met1,met2
VSS,STRIPE,,199300,32400,200900,32880,via3_1600x480,met3,met4
VSS,STRIPE,,199300,32400,200900,32880,via2_1600x480,met2,met3
VSS,STRIPE,,199300,32400,200900,32880,via_1600x480,met1,met2
VSS,STRIPE,,172160,32400,173760,32880,via3_1600x480,met3,met4
VSS,STRIPE,,172160,32400,173760,32880,via2_1600x480,met2,met3
VSS,STRIPE,,172160,32400,173760,32880,via_1600x480,met1,met2
VSS,STRIPE,,145020,32400,146620,32880,via3_1600x480,met3,met4
VSS,STRIPE,,145020,32400,146620,32880,via2_1600x480,met2,met3
VSS,STRIPE,,145020,32400,146620,32880,via_1600x480,met1,met2
VSS,STRIPE,,117880,32400,119480,32880,via3_1600x480,met3,met4
VSS,STRIPE,,117880,32400,119480,32880,via2_1600x480,met2,met3
VSS,STRIPE,,117880,32400,119480,32880,via_1600x480,met1,met2
VSS,STRIPE,,90740,32400,92340,32880,via3_1600x480,met3,met4
VSS,STRIPE,,90740,32400,92340,32880,via2_1600x480,met2,met3
VSS,STRIPE,,90740,32400,92340,32880,via_1600x480,met1,met2
VSS,STRIPE,,63600,32400,65200,32880,via3_1600x480,met3,met4
VSS,STRIPE,,63600,32400,65200,32880,via2_1600x480,met2,met3
VSS,STRIPE,,63600,32400,65200,32880,via_1600x480,met1,met2
VSS,STRIPE,,36460,32400,38060,32880,via3_1600x480,met3,met4
VSS,STRIPE,,36460,32400,38060,32880,via2_1600x480,met2,met3
VSS,STRIPE,,36460,32400,38060,32880,via_1600x480,met1,met2
VSS,STRIPE,,253580,26960,255180,27440,via3_1600x480,met3,met4
VSS,STRIPE,,253580,26960,255180,27440,via2_1600x480,met2,met3
VSS,STRIPE,,253580,26960,255180,27440,via_1600x480,met1,met2
VSS,STRIPE,,226440,26960,228040,27440,via3_1600x480,met3,met4
VSS,STRIPE,,226440,26960,228040,27440,via2_1600x480,met2,met3
VSS,STRIPE,,226440,26960,228040,27440,via_1600x480,met1,met2
VSS,STRIPE,,199300,26960,200900,27440,via3_1600x480,met3,met4
VSS,STRIPE,,199300,26960,200900,27440,via2_1600x480,met2,met3
VSS,STRIPE,,199300,26960,200900,27440,via_1600x480,met1,met2
VSS,STRIPE,,172160,26960,173760,27440,via3_1600x480,met3,met4
VSS,STRIPE,,172160,26960,173760,27440,via2_1600x480,met2,met3
VSS,STRIPE,,172160,26960,173760,27440,via_1600x480,met1,met2
VSS,STRIPE,,145020,26960,146620,27440,via3_1600x480,met3,met4
VSS,STRIPE,,145020,26960,146620,27440,via2_1600x480,met2,met3
VSS,STRIPE,,145020,26960,146620,27440,via_1600x480,met1,met2
VSS,STRIPE,,117880,26960,119480,27440,via3_1600x480,met3,met4
VSS,STRIPE,,117880,26960,119480,27440,via2_1600x480,met2,met3
VSS,STRIPE,,117880,26960,119480,27440,via_1600x480,met1,met2
VSS,STRIPE,,90740,26960,92340,27440,via3_1600x480,met3,met4
VSS,STRIPE,,90740,26960,92340,27440,via2_1600x480,met2,met3
VSS,STRIPE,,90740,26960,92340,27440,via_1600x480,met1,met2
VSS,STRIPE,,63600,26960,65200,27440,via3_1600x480,met3,met4
VSS,STRIPE,,63600,26960,65200,27440,via2_1600x480,met2,met3
VSS,STRIPE,,63600,26960,65200,27440,via_1600x480,met1,met2
VSS,STRIPE,,36460,26960,38060,27440,via3_1600x480,met3,met4
VSS,STRIPE,,36460,26960,38060,27440,via2_1600x480,met2,met3
VSS,STRIPE,,36460,26960,38060,27440,via_1600x480,met1,met2
VSS,STRIPE,,253580,21520,255180,22000,via3_1600x480,met3,met4
VSS,STRIPE,,253580,21520,255180,22000,via2_1600x480,met2,met3
VSS,STRIPE,,253580,21520,255180,22000,via_1600x480,met1,met2
VSS,STRIPE,,226440,21520,228040,22000,via3_1600x480,met3,met4
VSS,STRIPE,,226440,21520,228040,22000,via2_1600x480,met2,met3
VSS,STRIPE,,226440,21520,228040,22000,via_1600x480,met1,met2
VSS,STRIPE,,199300,21520,200900,22000,via3_1600x480,met3,met4
VSS,STRIPE,,199300,21520,200900,22000,via2_1600x480,met2,met3
VSS,STRIPE,,199300,21520,200900,22000,via_1600x480,met1,met2
VSS,STRIPE,,172160,21520,173760,22000,via3_1600x480,met3,met4
VSS,STRIPE,,172160,21520,173760,22000,via2_1600x480,met2,met3
VSS,STRIPE,,172160,21520,173760,22000,via_1600x480,met1,met2
VSS,STRIPE,,145020,21520,146620,22000,via3_1600x480,met3,met4
VSS,STRIPE,,145020,21520,146620,22000,via2_1600x480,met2,met3
VSS,STRIPE,,145020,21520,146620,22000,via_1600x480,met1,met2
VSS,STRIPE,,117880,21520,119480,22000,via3_1600x480,met3,met4
VSS,STRIPE,,117880,21520,119480,22000,via2_1600x480,met2,met3
VSS,STRIPE,,117880,21520,119480,22000,via_1600x480,met1,met2
VSS,STRIPE,,90740,21520,92340,22000,via3_1600x480,met3,met4
VSS,STRIPE,,90740,21520,92340,22000,via2_1600x480,met2,met3
VSS,STRIPE,,90740,21520,92340,22000,via_1600x480,met1,met2
VSS,STRIPE,,63600,21520,65200,22000,via3_1600x480,met3,met4
VSS,STRIPE,,63600,21520,65200,22000,via2_1600x480,met2,met3
VSS,STRIPE,,63600,21520,65200,22000,via_1600x480,met1,met2
VSS,STRIPE,,36460,21520,38060,22000,via3_1600x480,met3,met4
VSS,STRIPE,,36460,21520,38060,22000,via2_1600x480,met2,met3
VSS,STRIPE,,36460,21520,38060,22000,via_1600x480,met1,met2
VSS,STRIPE,,253580,16080,255180,16560,via3_1600x480,met3,met4
VSS,STRIPE,,253580,16080,255180,16560,via2_1600x480,met2,met3
VSS,STRIPE,,253580,16080,255180,16560,via_1600x480,met1,met2
VSS,STRIPE,,226440,16080,228040,16560,via3_1600x480,met3,met4
VSS,STRIPE,,226440,16080,228040,16560,via2_1600x480,met2,met3
VSS,STRIPE,,226440,16080,228040,16560,via_1600x480,met1,met2
VSS,STRIPE,,199300,16080,200900,16560,via3_1600x480,met3,met4
VSS,STRIPE,,199300,16080,200900,16560,via2_1600x480,met2,met3
VSS,STRIPE,,199300,16080,200900,16560,via_1600x480,met1,met2
VSS,STRIPE,,172160,16080,173760,16560,via3_1600x480,met3,met4
VSS,STRIPE,,172160,16080,173760,16560,via2_1600x480,met2,met3
VSS,STRIPE,,172160,16080,173760,16560,via_1600x480,met1,met2
VSS,STRIPE,,145020,16080,146620,16560,via3_1600x480,met3,met4
VSS,STRIPE,,145020,16080,146620,16560,via2_1600x480,met2,met3
VSS,STRIPE,,145020,16080,146620,16560,via_1600x480,met1,met2
VSS,STRIPE,,117880,16080,119480,16560,via3_1600x480,met3,met4
VSS,STRIPE,,117880,16080,119480,16560,via2_1600x480,met2,met3
VSS,STRIPE,,117880,16080,119480,16560,via_1600x480,met1,met2
VSS,STRIPE,,90740,16080,92340,16560,via3_1600x480,met3,met4
VSS,STRIPE,,90740,16080,92340,16560,via2_1600x480,met2,met3
VSS,STRIPE,,90740,16080,92340,16560,via_1600x480,met1,met2
VSS,STRIPE,,63600,16080,65200,16560,via3_1600x480,met3,met4
VSS,STRIPE,,63600,16080,65200,16560,via2_1600x480,met2,met3
VSS,STRIPE,,63600,16080,65200,16560,via_1600x480,met1,met2
VSS,STRIPE,,36460,16080,38060,16560,via3_1600x480,met3,met4
VSS,STRIPE,,36460,16080,38060,16560,via2_1600x480,met2,met3
VSS,STRIPE,,36460,16080,38060,16560,via_1600x480,met1,met2
VSS,STRIPE,,253580,10640,255180,11120,via3_1600x480,met3,met4
VSS,STRIPE,,253580,10640,255180,11120,via2_1600x480,met2,met3
VSS,STRIPE,,253580,10640,255180,11120,via_1600x480,met1,met2
VSS,STRIPE,,226440,10640,228040,11120,via3_1600x480,met3,met4
VSS,STRIPE,,226440,10640,228040,11120,via2_1600x480,met2,met3
VSS,STRIPE,,226440,10640,228040,11120,via_1600x480,met1,met2
VSS,STRIPE,,199300,10640,200900,11120,via3_1600x480,met3,met4
VSS,STRIPE,,199300,10640,200900,11120,via2_1600x480,met2,met3
VSS,STRIPE,,199300,10640,200900,11120,via_1600x480,met1,met2
VSS,STRIPE,,172160,10640,173760,11120,via3_1600x480,met3,met4
VSS,STRIPE,,172160,10640,173760,11120,via2_1600x480,met2,met3
VSS,STRIPE,,172160,10640,173760,11120,via_1600x480,met1,met2
VSS,STRIPE,,145020,10640,146620,11120,via3_1600x480,met3,met4
VSS,STRIPE,,145020,10640,146620,11120,via2_1600x480,met2,met3
VSS,STRIPE,,145020,10640,146620,11120,via_1600x480,met1,met2
VSS,STRIPE,,117880,10640,119480,11120,via3_1600x480,met3,met4
VSS,STRIPE,,117880,10640,119480,11120,via2_1600x480,met2,met3
VSS,STRIPE,,117880,10640,119480,11120,via_1600x480,met1,met2
VSS,STRIPE,,90740,10640,92340,11120,via3_1600x480,met3,met4
VSS,STRIPE,,90740,10640,92340,11120,via2_1600x480,met2,met3
VSS,STRIPE,,90740,10640,92340,11120,via_1600x480,met1,met2
VSS,STRIPE,,63600,10640,65200,11120,via3_1600x480,met3,met4
VSS,STRIPE,,63600,10640,65200,11120,via2_1600x480,met2,met3
VSS,STRIPE,,63600,10640,65200,11120,via_1600x480,met1,met2
VSS,STRIPE,,36460,10640,38060,11120,via3_1600x480,met3,met4
VSS,STRIPE,,36460,10640,38060,11120,via2_1600x480,met2,met3
VSS,STRIPE,,36460,10640,38060,11120,via_1600x480,met1,met2
VSS,STRIPE,met5,10120,254640,269560,256240,,,
VSS,STRIPE,met5,10120,227440,269560,229040,,,
VSS,STRIPE,met5,10120,200240,269560,201840,,,
VSS,STRIPE,met5,182000,173040,269560,174640,,,
VSS,STRIPE,met5,10120,173040,128000,174640,,,
VSS,STRIPE,met5,182000,145840,269560,147440,,,
VSS,STRIPE,met5,10120,145840,128000,147440,,,
VSS,STRIPE,met5,10120,118640,269560,120240,,,
VSS,STRIPE,met5,10120,91440,269560,93040,,,
VSS,STRIPE,met5,10120,64240,269560,65840,,,
VSS,STRIPE,met5,10120,37040,269560,38640,,,
VSS,STRIPE,met4,253580,10640,255180,269520,,,
VSS,STRIPE,met4,226440,10640,228040,269520,,,
VSS,STRIPE,met4,199300,10640,200900,269520,,,
VSS,STRIPE,met4,172160,181760,173760,269520,,,
VSS,STRIPE,met4,145020,181760,146620,269520,,,
VSS,STRIPE,met4,117880,10640,119480,269520,,,
VSS,STRIPE,met4,90740,10640,92340,269520,,,
VSS,STRIPE,met4,63600,10640,65200,269520,,,
VSS,STRIPE,met4,36460,10640,38060,269520,,,
VSS,STRIPE,met4,172160,10640,173760,128240,,,
VSS,STRIPE,met4,145020,10640,146620,128240,,,
VSS,FOLLOWPIN,met1,10120,266320,269560,266800,,,
VSS,FOLLOWPIN,met1,10120,260880,269560,261360,,,
VSS,FOLLOWPIN,met1,10120,255440,269560,255920,,,
VSS,FOLLOWPIN,met1,10120,250000,269560,250480,,,
VSS,FOLLOWPIN,met1,10120,244560,269560,245040,,,
VSS,FOLLOWPIN,met1,10120,239120,269560,239600,,,
VSS,FOLLOWPIN,met1,10120,233680,269560,234160,,,
VSS,FOLLOWPIN,met1,10120,228240,269560,228720,,,
VSS,FOLLOWPIN,met1,10120,222800,269560,223280,,,
VSS,FOLLOWPIN,met1,10120,217360,269560,217840,,,
VSS,FOLLOWPIN,met1,10120,211920,269560,212400,,,
VSS,FOLLOWPIN,met1,10120,206480,269560,206960,,,
VSS,FOLLOWPIN,met1,10120,201040,269560,201520,,,
VSS,FOLLOWPIN,met1,10120,195600,269560,196080,,,
VSS,FOLLOWPIN,met1,10120,190160,269560,190640,,,
VSS,FOLLOWPIN,met1,10120,184720,269560,185200,,,
VSS,FOLLOWPIN,met1,10120,179280,269560,179760,,,
VSS,FOLLOWPIN,met1,10120,173840,269560,174320,,,
VSS,FOLLOWPIN,met1,10120,168400,269560,168880,,,
VSS,FOLLOWPIN,met1,10120,162960,269560,163440,,,
VSS,FOLLOWPIN,met1,10120,157520,269560,158000,,,
VSS,FOLLOWPIN,met1,10120,152080,269560,152560,,,
VSS,FOLLOWPIN,met1,10120,146640,269560,147120,,,
VSS,FOLLOWPIN,met1,10120,141200,269560,141680,,,
VSS,FOLLOWPIN,met1,10120,135760,269560,136240,,,
VSS,FOLLOWPIN,met1,10120,130320,269560,130800,,,
VSS,FOLLOWPIN,met1,10120,124880,269560,125360,,,
VSS,FOLLOWPIN,met1,10120,119440,269560,119920,,,
VSS,FOLLOWPIN,met1,10120,114000,269560,114480,,,
VSS,FOLLOWPIN,met1,10120,108560,269560,109040,,,
VSS,FOLLOWPIN,met1,10120,103120,269560,103600,,,
VSS,FOLLOWPIN,met1,10120,97680,269560,98160,,,
VSS,FOLLOWPIN,met1,10120,92240,269560,92720,,,
VSS,FOLLOWPIN,met1,10120,86800,269560,87280,,,
VSS,FOLLOWPIN,met1,10120,81360,269560,81840,,,
VSS,FOLLOWPIN,met1,10120,75920,269560,76400,,,
VSS,FOLLOWPIN,met1,10120,70480,269560,70960,,,
VSS,FOLLOWPIN,met1,10120,65040,269560,65520,,,
VSS,FOLLOWPIN,met1,10120,59600,269560,60080,,,
VSS,FOLLOWPIN,met1,10120,54160,269560,54640,,,
VSS,FOLLOWPIN,met1,10120,48720,269560,49200,,,
VSS,FOLLOWPIN,met1,10120,43280,269560,43760,,,
VSS,FOLLOWPIN,met1,10120,37840,269560,38320,,,
VSS,FOLLOWPIN,met1,10120,32400,269560,32880,,,
VSS,FOLLOWPIN,met1,10120,26960,269560,27440,,,
VSS,FOLLOWPIN,met1,10120,21520,269560,22000,,,
VSS,FOLLOWPIN,met1,10120,16080,269560,16560,,,
VSS,FOLLOWPIN,met1,10120,10640,269560,11120,,,
