net,layer,shape,kind,x1,y1,x2,y2,width,via_name
VSS,met4-met5,STRIPE,via,253580,254640,255180,256240,1600,via4_1600x1600
VSS,met4-met5,STRIPE,via,226440,254640,228040,256240,1600,via4_1600x1600
VSS,met4-met5,STRIPE,via,199300,254640,200900,256240,1600,via4_1600x1600
VSS,met4-met5,STRIPE,via,172160,254640,173760,256240,1600,via4_1600x1600
VSS,met4-met5,STRIPE,via,145020,254640,146620,256240,1600,via4_1600x1600
VSS,met4-met5,STRIPE,via,117880,254640,119480,256240,1600,via4_1600x1600
VSS,met4-met5,STRIPE,via,90740,254640,92340,256240,1600,via4_1600x1600
VSS,met4-met5,STRIPE,via,63600,254640,65200,256240,1600,via4_1600x1600
VSS,met4-met5,STRIPE,via,36460,254640,38060,256240,1600,via4_1600x1600
VSS,met4-met5,STRIPE,via,253580,227440,255180,229040,1600,via4_1600x1600
VSS,met4-met5,STRIPE,via,226440,227440,228040,229040,1600,via4_1600x1600
VSS,met4-met5,STRIPE,via,199300,227440,200900,229040,1600,via4_1600x1600
VSS,met4-met5,STRIPE,via,172160,227440,173760,229040,1600,via4_1600x1600
VSS,met4-met5,STRIPE,via,145020,227440,146620,229040,1600,via4_1600x1600
VSS,met4-met5,STRIPE,via,117880,227440,119480,229040,1600,via4_1600x1600
VSS,met4-met5,STRIPE,via,90740,227440,92340,229040,1600,via4_1600x1600
VSS,met4-met5,STRIPE,via,63600,227440,65200,229040,1600,via4_1600x1600
VSS,met4-met5,STRIPE,via,36460,227440,38060,229040,1600,via4_1600x1600
VSS,met4-met5,STRIPE,via,253580,200240,255180,201840,1600,via4_1600x1600
VSS,met4-met5,STRIPE,via,226440,200240,228040,201840,1600,via4_1600x1600
VSS,met4-met5,STRIPE,via,199300,200240,200900,201840,1600,via4_1600x1600
VSS,met4-met5,STRIPE,via,172160,200240,173760,201840,1600,via4_1600x1600
VSS,met4-met5,STRIPE,via,145020,200240,146620,201840,1600,via4_1600x1600
VSS,met4-met5,STRIPE,via,117880,200240,119480,201840,1600,via4_1600x1600
VSS,met4-met5,STRIPE,via,90740,200240,92340,201840,1600,via4_1600x1600
VSS,met4-met5,STRIPE,via,63600,200240,65200,201840,1600,via4_1600x1600
VSS,met4-met5,STRIPE,via,36460,200240,38060,201840,1600,via4_1600x1600
VSS,met4-met5,STRIPE,via,253580,173040,255180,174640,1600,via4_1600x1600
VSS,met4-met5,STRIPE,via,226440,173040,228040,174640,1600,via4_1600x1600
VSS,met4-met5,STRIPE,via,199300,173040,200900,174640,1600,via4_1600x1600
VSS,met4-met5,STRIPE,via,172160,173040,173760,174640,1600,via4_1600x1600
VSS,met4-met5,STRIPE,via,145020,173040,146620,174640,1600,via4_1600x1600
VSS,met4-met5,STRIPE,via,117880,173040,119480,174640,1600,via4_1600x1600
VSS,met4-met5,STRIPE,via,90740,173040,92340,174640,1600,via4_1600x1600
VSS,met4-met5,STRIPE,via,63600,173040,65200,174640,1600,via4_1600x1600
VSS,met4-met5,STRIPE,via,36460,173040,38060,174640,1600,via4_1600x1600
VSS,met4-met5,STRIPE,via,253580,145840,255180,147440,1600,via4_1600x1600
VSS,met4-met5,STRIPE,via,226440,145840,228040,147440,1600,via4_1600x1600
VSS,met4-met5,STRIPE,via,199300,145840,200900,147440,1600,via4_1600x1600
VSS,met4-met5,STRIPE,via,172160,145840,173760,147440,1600,via4_1600x1600
VSS,met4-met5,STRIPE,via,145020,145840,146620,147440,1600,via4_1600x1600
VSS,met4-met5,STRIPE,via,117880,145840,119480,147440,1600,via4_1600x1600
VSS,met4-met5,STRIPE,via,90740,145840,92340,147440,1600,via4_1600x1600
VSS,met4-met5,STRIPE,via,63600,145840,65200,147440,1600,via4_1600x1600
VSS,met4-met5,STRIPE,via,36460,145840,38060,147440,1600,via4_1600x1600
VSS,met4-met5,STRIPE,via,253580,118640,255180,120240,1600,via4_1600x1600
VSS,met4-met5,STRIPE,via,226440,118640,228040,120240,1600,via4_1600x1600
VSS,met4-met5,STRIPE,via,199300,118640,200900,120240,1600,via4_1600x1600
VSS,met4-met5,STRIPE,via,172160,118640,173760,120240,1600,via4_1600x1600
VSS,met4-met5,STRIPE,via,145020,118640,146620,120240,1600,via4_1600x1600
VSS,met4-met5,STRIPE,via,117880,118640,119480,120240,1600,via4_1600x1600
VSS,met4-met5,STRIPE,via,90740,118640,92340,120240,1600,via4_1600x1600
VSS,met4-met5,STRIPE,via,63600,118640,65200,120240,1600,via4_1600x1600
VSS,met4-met5,STRIPE,via,36460,118640,38060,120240,1600,via4_1600x1600
VSS,met4-met5,STRIPE,via,253580,91440,255180,93040,1600,via4_1600x1600
VSS,met4-met5,STRIPE,via,226440,91440,228040,93040,1600,via4_1600x1600
VSS,met4-met5,STRIPE,via,199300,91440,200900,93040,1600,via4_1600x1600
VSS,met4-met5,STRIPE,via,172160,91440,173760,93040,1600,via4_1600x1600
VSS,met4-met5,STRIPE,via,145020,91440,146620,93040,1600,via4_1600x1600
VSS,met4-met5,STRIPE,via,117880,91440,119480,93040,1600,via4_1600x1600
VSS,met4-met5,STRIPE,via,90740,91440,92340,93040,1600,via4_1600x1600
VSS,met4-met5,STRIPE,via,63600,91440,65200,93040,1600,via4_1600x1600
VSS,met4-met5,STRIPE,via,36460,91440,38060,93040,1600,via4_1600x1600
VSS,met4-met5,STRIPE,via,253580,64240,255180,65840,1600,via4_1600x1600
VSS,met4-met5,STRIPE,via,226440,64240,228040,65840,1600,via4_1600x1600
VSS,met4-met5,STRIPE,via,199300,64240,200900,65840,1600,via4_1600x1600
VSS,met4-met5,STRIPE,via,172160,64240,173760,65840,1600,via4_1600x1600
VSS,met4-met5,STRIPE,via,145020,64240,146620,65840,1600,via4_1600x1600
VSS,met4-met5,STRIPE,via,117880,64240,119480,65840,1600,via4_1600x1600
VSS,met4-met5,STRIPE,via,90740,64240,92340,65840,1600,via4_1600x1600
VSS,met4-met5,STRIPE,via,63600,64240,65200,65840,1600,via4_1600x1600
VSS,met4-met5,STRIPE,via,36460,64240,38060,65840,1600,via4_1600x1600
VSS,met4-met5,STRIPE,via,253580,37040,255180,38640,1600,via4_1600x1600
VSS,met4-met5,STRIPE,via,226440,37040,228040,38640,1600,via4_1600x1600
VSS,met4-met5,STRIPE,via,199300,37040,200900,38640,1600,via4_1600x1600
VSS,met4-met5,STRIPE,via,172160,37040,173760,38640,1600,via4_1600x1600
VSS,met4-met5,STRIPE,via,145020,37040,146620,38640,1600,via4_1600x1600
VSS,met4-met5,STRIPE,via,117880,37040,119480,38640,1600,via4_1600x1600
VSS,met4-met5,STRIPE,via,90740,37040,92340,38640,1600,via4_1600x1600
VSS,met4-met5,STRIPE,via,63600,37040,65200,38640,1600,via4_1600x1600
VSS,met4-met5,STRIPE,via,36460,37040,38060,38640,1600,via4_1600x1600
VSS,met3-met4,STRIPE,via,253580,266320,255180,266800,1600,via3_1600x480
VSS,met2-met3,STRIPE,via,253580,266320,255180,266800,1600,via2_1600x480
VSS,met1-met2,STRIPE,via,253580,266320,255180,266800,1600,via_1600x480
VSS,met3-met4,STRIPE,via,226440,266320,228040,266800,1600,via3_1600x480
VSS,met2-met3,STRIPE,via,226440,266320,228040,266800,1600,via2_1600x480
VSS,met1-met2,STRIPE,via,226440,266320,228040,266800,1600,via_1600x480
VSS,met3-met4,STRIPE,via,199300,266320,200900,266800,1600,via3_1600x480
VSS,met2-met3,STRIPE,via,199300,266320,200900,266800,1600,via2_1600x480
VSS,met1-met2,STRIPE,via,199300,266320,200900,266800,1600,via_1600x480
VSS,met3-met4,STRIPE,via,172160,266320,173760,266800,1600,via3_1600x480
VSS,met2-met3,STRIPE,via,172160,266320,173760,266800,1600,via2_1600x480
VSS,met1-met2,STRIPE,via,172160,266320,173760,266800,1600,via_1600x480
VSS,met3-met4,STRIPE,via,145020,266320,146620,266800,1600,via3_1600x480
VSS,met2-met3,STRIPE,via,145020,266320,146620,266800,1600,via2_1600x480
VSS,met1-met2,STRIPE,via,145020,266320,146620,266800,1600,via_1600x480
VSS,met3-met4,STRIPE,via,117880,266320,119480,266800,1600,via3_1600x480
VSS,met2-met3,STRIPE,via,117880,266320,119480,266800,1600,via2_1600x480
VSS,met1-met2,STRIPE,via,117880,266320,119480,266800,1600,via_1600x480
VSS,met3-met4,STRIPE,via,90740,266320,92340,266800,1600,via3_1600x480
VSS,met2-met3,STRIPE,via,90740,266320,92340,266800,1600,via2_1600x480
VSS,met1-met2,STRIPE,via,90740,266320,92340,266800,1600,via_1600x480
VSS,met3-met4,STRIPE,via,63600,266320,65200,266800,1600,via3_1600x480
VSS,met2-met3,STRIPE,via,63600,266320,65200,266800,1600,via2_1600x480
VSS,met1-met2,STRIPE,via,63600,266320,65200,266800,1600,via_1600x480
VSS,met3-met4,STRIPE,via,36460,266320,38060,266800,1600,via3_1600x480
VSS,met2-met3,STRIPE,via,36460,266320,38060,266800,1600,via2_1600x480
VSS,met1-met2,STRIPE,via,36460,266320,38060,266800,1600,via_1600x480
VSS,met3-met4,STRIPE,via,253580,260880,255180,261360,1600,via3_1600x480
VSS,met2-met3,STRIPE,via,253580,260880,255180,261360,1600,via2_1600x480
VSS,met1-met2,STRIPE,via,253580,260880,255180,261360,1600,via_1600x480
VSS,met3-met4,STRIPE,via,226440,260880,228040,261360,1600,via3_1600x480
VSS,met2-met3,STRIPE,via,226440,260880,228040,261360,1600,via2_1600x480
VSS,met1-met2,STRIPE,via,226440,260880,228040,261360,1600,via_1600x480
VSS,met3-met4,STRIPE,via,199300,260880,200900,261360,1600,via3_1600x480
VSS,met2-met3,STRIPE,via,199300,260880,200900,261360,1600,via2_1600x480
VSS,met1-met2,STRIPE,via,199300,260880,200900,261360,1600,via_1600x480
VSS,met3-met4,STRIPE,via,172160,260880,173760,261360,1600,via3_1600x480
VSS,met2-met3,STRIPE,via,172160,260880,173760,261360,1600,via2_1600x480
VSS,met1-met2,STRIPE,via,172160,260880,173760,261360,1600,via_1600x480
VSS,met3-met4,STRIPE,via,145020,260880,146620,261360,1600,via3_1600x480
VSS,met2-met3,STRIPE,via,145020,260880,146620,261360,1600,via2_1600x480
VSS,met1-met2,STRIPE,via,145020,260880,146620,261360,1600,via_1600x480
VSS,met3-met4,STRIPE,via,117880,260880,119480,261360,1600,via3_1600x480
VSS,met2-met3,STRIPE,via,117880,260880,119480,261360,1600,via2_1600x480
VSS,met1-met2,STRIPE,via,117880,260880,119480,261360,1600,via_1600x480
VSS,met3-met4,STRIPE,via,90740,260880,92340,261360,1600,via3_1600x480
VSS,met2-met3,STRIPE,via,90740,260880,92340,261360,1600,via2_1600x480
VSS,met1-met2,STRIPE,via,90740,260880,92340,261360,1600,via_1600x480
VSS,met3-met4,STRIPE,via,63600,260880,65200,261360,1600,via3_1600x480
VSS,met2-met3,STRIPE,via,63600,260880,65200,261360,1600,via2_1600x480
VSS,met1-met2,STRIPE,via,63600,260880,65200,261360,1600,via_1600x480
VSS,met3-met4,STRIPE,via,36460,260880,38060,261360,1600,via3_1600x480
VSS,met2-met3,STRIPE,via,36460,260880,38060,261360,1600,via2_1600x480
VSS,met1-met2,STRIPE,via,36460,260880,38060,261360,1600,via_1600x480
VSS,met3-met4,STRIPE,via,253580,255440,255180,255920,1600,via3_1600x480
VSS,met2-met3,STRIPE,via,253580,255440,255180,255920,1600,via2_1600x480
VSS,met1-met2,STRIPE,via,253580,255440,255180,255920,1600,via_1600x480
VSS,met3-met4,STRIPE,via,226440,255440,228040,255920,1600,via3_1600x480
VSS,met2-met3,STRIPE,via,226440,255440,228040,255920,1600,via2_1600x480
VSS,met1-met2,STRIPE,via,226440,255440,228040,255920,1600,via_1600x480
VSS,met3-met4,STRIPE,via,199300,255440,200900,255920,1600,via3_1600x480
VSS,met2-met3,STRIPE,via,199300,255440,200900,255920,1600,via2_1600x480
VSS,met1-met2,STRIPE,via,199300,255440,200900,255920,1600,via_1600x480
VSS,met3-met4,STRIPE,via,172160,255440,173760,255920,1600,via3_1600x480
VSS,met2-met3,STRIPE,via,172160,255440,173760,255920,1600,via2_1600x480
VSS,met1-met2,STRIPE,via,172160,255440,173760,255920,1600,via_1600x480
VSS,met3-met4,STRIPE,via,145020,255440,146620,255920,1600,via3_1600x480
VSS,met2-met3,STRIPE,via,145020,255440,146620,255920,1600,via2_1600x480
VSS,met1-met2,STRIPE,via,145020,255440,146620,255920,1600,via_1600x480
VSS,met3-met4,STRIPE,via,117880,255440,119480,255920,1600,via3_1600x480
VSS,met2-met3,STRIPE,via,117880,255440,119480,255920,1600,via2_1600x480
VSS,met1-met2,STRIPE,via,117880,255440,119480,255920,1600,via_1600x480
VSS,met3-met4,STRIPE,via,90740,255440,92340,255920,1600,via3_1600x480
VSS,met2-met3,STRIPE,via,90740,255440,92340,255920,1600,via2_1600x480
VSS,met1-met2,STRIPE,via,90740,255440,92340,255920,1600,via_1600x480
VSS,met3-met4,STRIPE,via,63600,255440,65200,255920,1600,via3_1600x480
VSS,met2-met3,STRIPE,via,63600,255440,65200,255920,1600,via2_1600x480
VSS,met1-met2,STRIPE,via,63600,255440,65200,255920,1600,via_1600x480
VSS,met3-met4,STRIPE,via,36460,255440,38060,255920,1600,via3_1600x480
VSS,met2-met3,STRIPE,via,36460,255440,38060,255920,1600,via2_1600x480
VSS,met1-met2,STRIPE,via,36460,255440,38060,255920,1600,via_1600x480
VSS,met3-met4,STRIPE,via,253580,250000,255180,250480,1600,via3_1600x480
VSS,met2-met3,STRIPE,via,253580,250000,255180,250480,1600,via2_1600x480
VSS,met1-met2,STRIPE,via,253580,250000,255180,250480,1600,via_1600x480
VSS,met3-met4,STRIPE,via,226440,250000,228040,250480,1600,via3_1600x480
VSS,met2-met3,STRIPE,via,226440,250000,228040,250480,1600,via2_1600x480
VSS,met1-met2,STRIPE,via,226440,250000,228040,250480,1600,via_1600x480
VSS,met3-met4,STRIPE,via,199300,250000,200900,250480,1600,via3_1600x480
VSS,met2-met3,STRIPE,via,199300,250000,200900,250480,1600,via2_1600x480
VSS,met1-met2,STRIPE,via,199300,250000,200900,250480,1600,via_1600x480
VSS,met3-met4,STRIPE,via,172160,250000,173760,250480,1600,via3_1600x480
VSS,met2-met3,STRIPE,via,172160,250000,173760,250480,1600,via2_1600x480
VSS,met1-met2,STRIPE,via,172160,250000,173760,250480,1600,via_1600x480
VSS,met3-met4,STRIPE,via,145020,250000,146620,250480,1600,via3_1600x480
VSS,met2-met3,STRIPE,via,145020,250000,146620,250480,1600,via2_1600x480
VSS,met1-met2,STRIPE,via,145020,250000,146620,250480,1600,via_1600x480
VSS,met3-met4,STRIPE,via,117880,250000,119480,250480,1600,via3_1600x480
VSS,met2-met3,STRIPE,via,117880,250000,119480,250480,1600,via2_1600x480
VSS,met1-met2,STRIPE,via,117880,250000,119480,250480,1600,via_1600x480
VSS,met3-met4,STRIPE,via,90740,250000,92340,250480,1600,via3_1600x480
VSS,met2-met3,STRIPE,via,90740,250000,92340,250480,1600,via2_1600x480
VSS,met1-met2,STRIPE,via,90740,250000,92340,250480,1600,via_1600x480
VSS,met3-met4,STRIPE,via,63600,250000,65200,250480,1600,via3_1600x480
VSS,met2-met3,STRIPE,via,63600,250000,65200,250480,1600,via2_1600x480
VSS,met1-met2,STRIPE,via,63600,250000,65200,250480,1600,via_1600x480
VSS,met3-met4,STRIPE,via,36460,250000,38060,250480,1600,via3_1600x480
VSS,met2-met3,STRIPE,via,36460,250000,38060,250480,1600,via2_1600x480
VSS,met1-met2,STRIPE,via,36460,250000,38060,250480,1600,via_1600x480
VSS,met3-met4,STRIPE,via,253580,244560,255180,245040,1600,via3_1600x480
VSS,met2-met3,STRIPE,via,253580,244560,255180,245040,1600,via2_1600x480
VSS,met1-met2,STRIPE,via,253580,244560,255180,245040,1600,via_1600x480
VSS,met3-met4,STRIPE,via,226440,244560,228040,245040,1600,via3_1600x480
VSS,met2-met3,STRIPE,via,226440,244560,228040,245040,1600,via2_1600x480
VSS,met1-met2,STRIPE,via,226440,244560,228040,245040,1600,via_1600x480
VSS,met3-met4,STRIPE,via,199300,244560,200900,245040,1600,via3_1600x480
VSS,met2-met3,STRIPE,via,199300,244560,200900,245040,1600,via2_1600x480
VSS,met1-met2,STRIPE,via,199300,244560,200900,245040,1600,via_1600x480
VSS,met3-met4,STRIPE,via,172160,244560,173760,245040,1600,via3_1600x480
VSS,met2-met3,STRIPE,via,172160,244560,173760,245040,1600,via2_1600x480
VSS,met1-met2,STRIPE,via,172160,244560,173760,245040,1600,via_1600x480
VSS,met3-met4,STRIPE,via,145020,244560,146620,245040,1600,via3_1600x480
VSS,met2-met3,STRIPE,via,145020,244560,146620,245040,1600,via2_1600x480
VSS,met1-met2,STRIPE,via,145020,244560,146620,245040,1600,via_1600x480
VSS,met3-met4,STRIPE,via,117880,244560,119480,245040,1600,via3_1600x480
VSS,met2-met3,STRIPE,via,117880,244560,119480,245040,1600,via2_1600x480
VSS,met1-met2,STRIPE,via,117880,244560,119480,245040,1600,via_1600x480
VSS,met3-met4,STRIPE,via,90740,244560,92340,245040,1600,via3_1600x480
VSS,met2-met3,STRIPE,via,90740,244560,92340,245040,1600,via2_1600x480
VSS,met1-met2,STRIPE,via,90740,244560,92340,245040,1600,via_1600x480
VSS,met3-met4,STRIPE,via,63600,244560,65200,245040,1600,via3_1600x480
VSS,met2-met3,STRIPE,via,63600,244560,65200,245040,1600,via2_1600x480
VSS,met1-met2,STRIPE,via,63600,244560,65200,245040,1600,via_1600x480
VSS,met3-met4,STRIPE,via,36460,244560,38060,245040,1600,via3_1600x480
VSS,met2-met3,STRIPE,via,36460,244560,38060,245040,1600,via2_1600x480
VSS,met1-met2,STRIPE,via,36460,244560,38060,245040,1600,via_1600x480
VSS,met3-met4,STRIPE,via,253580,239120,255180,239600,1600,via3_1600x480
VSS,met2-met3,STRIPE,via,253580,239120,255180,239600,1600,via2_1600x480
VSS,met1-met2,STRIPE,via,253580,239120,255180,239600,1600,via_1600x480
VSS,met3-met4,STRIPE,via,226440,239120,228040,239600,1600,via3_1600x480
VSS,met2-met3,STRIPE,via,226440,239120,228040,239600,1600,via2_1600x480
VSS,met1-met2,STRIPE,via,226440,239120,228040,239600,1600,via_1600x480
VSS,met3-met4,STRIPE,via,199300,239120,200900,239600,1600,via3_1600x480
VSS,met2-met3,STRIPE,via,199300,239120,200900,239600,1600,via2_1600x480
VSS,met1-met2,STRIPE,via,199300,239120,200900,239600,1600,via_1600x480
VSS,met3-met4,STRIPE,via,172160,239120,173760,239600,1600,via3_1600x480
VSS,met2-met3,STRIPE,via,172160,239120,173760,239600,1600,via2_1600x480
VSS,met1-met2,STRIPE,via,172160,239120,173760,239600,1600,via_1600x480
VSS,met3-met4,STRIPE,via,145020,239120,146620,239600,1600,via3_1600x480
VSS,met2-met3,STRIPE,via,145020,239120,146620,239600,1600,via2_1600x480
VSS,met1-met2,STRIPE,via,145020,239120,146620,239600,1600,via_1600x480
VSS,met3-met4,STRIPE,via,117880,239120,119480,239600,1600,via3_1600x480
VSS,met2-met3,STRIPE,via,117880,239120,119480,239600,1600,via2_1600x480
VSS,met1-met2,STRIPE,via,117880,239120,119480,239600,1600,via_1600x480
VSS,met3-met4,STRIPE,via,90740,239120,92340,239600,1600,via3_1600x480
VSS,met2-met3,STRIPE,via,90740,239120,92340,239600,1600,via2_1600x480
VSS,met1-met2,STRIPE,via,90740,239120,92340,239600,1600,via_1600x480
VSS,met3-met4,STRIPE,via,63600,239120,65200,239600,1600,via3_1600x480
VSS,met2-met3,STRIPE,via,63600,239120,65200,239600,1600,via2_1600x480
VSS,met1-met2,STRIPE,via,63600,239120,65200,239600,1600,via_1600x480
VSS,met3-met4,STRIPE,via,36460,239120,38060,239600,1600,via3_1600x480
VSS,met2-met3,STRIPE,via,36460,239120,38060,239600,1600,via2_1600x480
VSS,met1-met2,STRIPE,via,36460,239120,38060,239600,1600,via_1600x480
VSS,met3-met4,STRIPE,via,253580,233680,255180,234160,1600,via3_1600x480
VSS,met2-met3,STRIPE,via,253580,233680,255180,234160,1600,via2_1600x480
VSS,met1-met2,STRIPE,via,253580,233680,255180,234160,1600,via_1600x480
VSS,met3-met4,STRIPE,via,226440,233680,228040,234160,1600,via3_1600x480
VSS,met2-met3,STRIPE,via,226440,233680,228040,234160,1600,via2_1600x480
VSS,met1-met2,STRIPE,via,226440,233680,228040,234160,1600,via_1600x480
VSS,met3-met4,STRIPE,via,199300,233680,200900,234160,1600,via3_1600x480
VSS,met2-met3,STRIPE,via,199300,233680,200900,234160,1600,via2_1600x480
VSS,met1-met2,STRIPE,via,199300,233680,200900,234160,1600,via_1600x480
VSS,met3-met4,STRIPE,via,172160,233680,173760,234160,1600,via3_1600x480
VSS,met2-met3,STRIPE,via,172160,233680,173760,234160,1600,via2_1600x480
VSS,met1-met2,STRIPE,via,172160,233680,173760,234160,1600,via_1600x480
VSS,met3-met4,STRIPE,via,145020,233680,146620,234160,1600,via3_1600x480
VSS,met2-met3,STRIPE,via,145020,233680,146620,234160,1600,via2_1600x480
VSS,met1-met2,STRIPE,via,145020,233680,146620,234160,1600,via_1600x480
VSS,met3-met4,STRIPE,via,117880,233680,119480,234160,1600,via3_1600x480
VSS,met2-met3,STRIPE,via,117880,233680,119480,234160,1600,via2_1600x480
VSS,met1-met2,STRIPE,via,117880,233680,119480,234160,1600,via_1600x480
VSS,met3-met4,STRIPE,via,90740,233680,92340,234160,1600,via3_1600x480
VSS,met2-met3,STRIPE,via,90740,233680,92340,234160,1600,via2_1600x480
VSS,met1-met2,STRIPE,via,90740,233680,92340,234160,1600,via_1600x480
VSS,met3-met4,STRIPE,via,63600,233680,65200,234160,1600,via3_1600x480
VSS,met2-met3,STRIPE,via,63600,233680,65200,234160,1600,via2_1600x480
VSS,met1-met2,STRIPE,via,63600,233680,65200,234160,1600,via_1600x480
VSS,met3-met4,STRIPE,via,36460,233680,38060,234160,1600,via3_1600x480
VSS,met2-met3,STRIPE,via,36460,233680,38060,234160,1600,via2_1600x480
VSS,met1-met2,STRIPE,via,36460,233680,38060,234160,1600,via_1600x480
VSS,met3-met4,STRIPE,via,253580,228240,255180,228720,1600,via3_1600x480
VSS,met2-met3,STRIPE,via,253580,228240,255180,228720,1600,via2_1600x480
VSS,met1-met2,STRIPE,via,253580,228240,255180,228720,1600,via_1600x480
VSS,met3-met4,STRIPE,via,226440,228240,228040,228720,1600,via3_1600x480
VSS,met2-met3,STRIPE,via,226440,228240,228040,228720,1600,via2_1600x480
VSS,met1-met2,STRIPE,via,226440,228240,228040,228720,1600,via_1600x480
VSS,met3-met4,STRIPE,via,199300,228240,200900,228720,1600,via3_1600x480
VSS,met2-met3,STRIPE,via,199300,228240,200900,228720,1600,via2_1600x480
VSS,met1-met2,STRIPE,via,199300,228240,200900,228720,1600,via_1600x480
VSS,met3-met4,STRIPE,via,172160,228240,173760,228720,1600,via3_1600x480
VSS,met2-met3,STRIPE,via,172160,228240,173760,228720,1600,via2_1600x480
VSS,met1-met2,STRIPE,via,172160,228240,173760,228720,1600,via_1600x480
VSS,met3-met4,STRIPE,via,145020,228240,146620,228720,1600,via3_1600x480
VSS,met2-met3,STRIPE,via,145020,228240,146620,228720,1600,via2_1600x480
VSS,met1-met2,STRIPE,via,145020,228240,146620,228720,1600,via_1600x480
VSS,met3-met4,STRIPE,via,117880,228240,119480,228720,1600,via3_1600x480
VSS,met2-met3,STRIPE,via,117880,228240,119480,228720,1600,via2_1600x480
VSS,met1-met2,STRIPE,via,117880,228240,119480,228720,1600,via_1600x480
VSS,met3-met4,STRIPE,via,90740,228240,92340,228720,1600,via3_1600x480
VSS,met2-met3,STRIPE,via,90740,228240,92340,228720,1600,via2_1600x480
VSS,met1-met2,STRIPE,via,90740,228240,92340,228720,1600,via_1600x480
VSS,met3-met4,STRIPE,via,63600,228240,65200,228720,1600,via3_1600x480
VSS,met2-met3,STRIPE,via,63600,228240,65200,228720,1600,via2_1600x480
VSS,met1-met2,STRIPE,via,63600,228240,65200,228720,1600,via_1600x480
VSS,met3-met4,STRIPE,via,36460,228240,38060,228720,1600,via3_1600x480
VSS,met2-met3,STRIPE,via,36460,228240,38060,228720,1600,via2_1600x480
VSS,met1-met2,STRIPE,via,36460,228240,38060,228720,1600,via_1600x480
VSS,met3-met4,STRIPE,via,253580,222800,255180,223280,1600,via3_1600x480
VSS,met2-met3,STRIPE,via,253580,222800,255180,223280,1600,via2_1600x480
VSS,met1-met2,STRIPE,via,253580,222800,255180,223280,1600,via_1600x480
VSS,met3-met4,STRIPE,via,226440,222800,228040,223280,1600,via3_1600x480
VSS,met2-met3,STRIPE,via,226440,222800,228040,223280,1600,via2_1600x480
VSS,met1-met2,STRIPE,via,226440,222800,228040,223280,1600,via_1600x480
VSS,met3-met4,STRIPE,via,199300,222800,200900,223280,1600,via3_1600x480
VSS,met2-met3,STRIPE,via,199300,222800,200900,223280,1600,via2_1600x480
VSS,met1-met2,STRIPE,via,199300,222800,200900,223280,1600,via_1600x480
VSS,met3-met4,STRIPE,via,172160,222800,173760,223280,1600,via3_1600x480
VSS,met2-met3,STRIPE,via,172160,222800,173760,223280,1600,via2_1600x480
VSS,met1-met2,STRIPE,via,172160,222800,173760,223280,1600,via_1600x480
VSS,met3-met4,STRIPE,via,145020,222800,146620,223280,1600,via3_1600x480
VSS,met2-met3,STRIPE,via,145020,222800,146620,223280,1600,via2_1600x480
VSS,met1-met2,STRIPE,via,145020,222800,146620,223280,1600,via_1600x480
VSS,met3-met4,STRIPE,via,117880,222800,119480,223280,1600,via3_1600x480
VSS,met2-met3,STRIPE,via,117880,222800,119480,223280,1600,via2_1600x480
VSS,met1-met2,STRIPE,via,117880,222800,119480,223280,1600,via_1600x480
VSS,met3-met4,STRIPE,via,90740,222800,92340,223280,1600,via3_1600x480
VSS,met2-met3,STRIPE,via,90740,222800,92340,223280,1600,via2_1600x480
VSS,met1-met2,STRIPE,via,90740,222800,92340,223280,1600,via_1600x480
VSS,met3-met4,STRIPE,via,63600,222800,65200,223280,1600,via3_1600x480
VSS,met2-met3,STRIPE,via,63600,222800,65200,223280,1600,via2_1600x480
VSS,met1-met2,STRIPE,via,63600,222800,65200,223280,1600,via_1600x480
VSS,met3-met4,STRIPE,via,36460,222800,38060,223280,1600,via3_1600x480
VSS,met2-met3,STRIPE,via,36460,222800,38060,223280,1600,via2_1600x480
VSS,met1-met2,STRIPE,via,36460,222800,38060,223280,1600,via_1600x480
VSS,met3-met4,STRIPE,via,253580,217360,255180,217840,1600,via3_1600x480
VSS,met2-met3,STRIPE,via,253580,217360,255180,217840,1600,via2_1600x480
VSS,met1-met2,STRIPE,via,253580,217360,255180,217840,1600,via_1600x480
VSS,met3-met4,STRIPE,via,226440,217360,228040,217840,1600,via3_1600x480
VSS,met2-met3,STRIPE,via,226440,217360,228040,217840,1600,via2_1600x480
VSS,met1-met2,STRIPE,via,226440,217360,228040,217840,1600,via_1600x480
VSS,met3-met4,STRIPE,via,199300,217360,200900,217840,1600,via3_1600x480
VSS,met2-met3,STRIPE,via,199300,217360,200900,217840,1600,via2_1600x480
VSS,met1-met2,STRIPE,via,199300,217360,200900,217840,1600,via_1600x480
VSS,met3-met4,STRIPE,via,172160,217360,173760,217840,1600,via3_1600x480
VSS,met2-met3,STRIPE,via,172160,217360,173760,217840,1600,via2_1600x480
VSS,met1-met2,STRIPE,via,172160,217360,173760,217840,1600,via_1600x480
VSS,met3-met4,STRIPE,via,145020,217360,146620,217840,1600,via3_1600x480
VSS,met2-met3,STRIPE,via,145020,217360,146620,217840,1600,via2_1600x480
VSS,met1-met2,STRIPE,via,145020,217360,146620,217840,1600,via_1600x480
VSS,met3-met4,STRIPE,via,117880,217360,119480,217840,1600,via3_1600x480
VSS,met2-met3,STRIPE,via,117880,217360,119480,217840,1600,via2_1600x480
VSS,met1-met2,STRIPE,via,117880,217360,119480,217840,1600,via_1600x480
VSS,met3-met4,STRIPE,via,90740,217360,92340,217840,1600,via3_1600x480
VSS,met2-met3,STRIPE,via,90740,217360,92340,217840,1600,via2_1600x480
VSS,met1-met2,STRIPE,via,90740,217360,92340,217840,1600,via_1600x480
VSS,met3-met4,STRIPE,via,63600,217360,65200,217840,1600,via3_1600x480
VSS,met2-met3,STRIPE,via,63600,217360,65200,217840,1600,via2_1600x480
VSS,met1-met2,STRIPE,via,63600,217360,65200,217840,1600,via_1600x480
VSS,met3-met4,STRIPE,via,36460,217360,38060,217840,1600,via3_1600x480
VSS,met2-met3,STRIPE,via,36460,217360,38060,217840,1600,via2_1600x480
VSS,met1-met2,STRIPE,via,36460,217360,38060,217840,1600,via_1600x480
VSS,met3-met4,STRIPE,via,253580,211920,255180,212400,1600,via3_1600x480
VSS,met2-met3,STRIPE,via,253580,211920,255180,212400,1600,via2_1600x480
VSS,met1-met2,STRIPE,via,253580,211920,255180,212400,1600,via_1600x480
VSS,met3-met4,STRIPE,via,226440,211920,228040,212400,1600,via3_1600x480
VSS,met2-met3,STRIPE,via,226440,211920,228040,212400,1600,via2_1600x480
VSS,met1-met2,STRIPE,via,226440,211920,228040,212400,1600,via_1600x480
VSS,met3-met4,STRIPE,via,199300,211920,200900,212400,1600,via3_1600x480
VSS,met2-met3,STRIPE,via,199300,211920,200900,212400,1600,via2_1600x480
VSS,met1-met2,STRIPE,via,199300,211920,200900,212400,1600,via_1600x480
VSS,met3-met4,STRIPE,via,172160,211920,173760,212400,1600,via3_1600x480
VSS,met2-met3,STRIPE,via,172160,211920,173760,212400,1600,via2_1600x480
VSS,met1-met2,STRIPE,via,172160,211920,173760,212400,1600,via_1600x480
VSS,met3-met4,STRIPE,via,145020,211920,146620,212400,1600,via3_1600x480
VSS,met2-met3,STRIPE,via,145020,211920,146620,212400,1600,via2_1600x480
VSS,met1-met2,STRIPE,via,145020,211920,146620,212400,1600,via_1600x480
VSS,met3-met4,STRIPE,via,117880,211920,119480,212400,1600,via3_1600x480
VSS,met2-met3,STRIPE,via,117880,211920,119480,212400,1600,via2_1600x480
VSS,met1-met2,STRIPE,via,117880,211920,119480,212400,1600,via_1600x480
VSS,met3-met4,STRIPE,via,90740,211920,92340,212400,1600,via3_1600x480
VSS,met2-met3,STRIPE,via,90740,211920,92340,212400,1600,via2_1600x480
VSS,met1-met2,STRIPE,via,90740,211920,92340,212400,1600,via_1600x480
VSS,met3-met4,STRIPE,via,63600,211920,65200,212400,1600,via3_1600x480
VSS,met2-met3,STRIPE,via,63600,211920,65200,212400,1600,via2_1600x480
VSS,met1-met2,STRIPE,via,63600,211920,65200,212400,1600,via_1600x480
VSS,met3-met4,STRIPE,via,36460,211920,38060,212400,1600,via3_1600x480
VSS,met2-met3,STRIPE,via,36460,211920,38060,212400,1600,via2_1600x480
VSS,met1-met2,STRIPE,via,36460,211920,38060,212400,1600,via_1600x480
VSS,met3-met4,STRIPE,via,253580,206480,255180,206960,1600,via3_1600x480
VSS,met2-met3,STRIPE,via,253580,206480,255180,206960,1600,via2_1600x480
VSS,met1-met2,STRIPE,via,253580,206480,255180,206960,1600,via_1600x480
VSS,met3-met4,STRIPE,via,226440,206480,228040,206960,1600,via3_1600x480
VSS,met2-met3,STRIPE,via,226440,206480,228040,206960,1600,via2_1600x480
VSS,met1-met2,STRIPE,via,226440,206480,228040,206960,1600,via_1600x480
VSS,met3-met4,STRIPE,via,199300,206480,200900,206960,1600,via3_1600x480
VSS,met2-met3,STRIPE,via,199300,206480,200900,206960,1600,via2_1600x480
VSS,met1-met2,STRIPE,via,199300,206480,200900,206960,1600,via_1600x480
VSS,met3-met4,STRIPE,via,172160,206480,173760,206960,1600,via3_1600x480
VSS,met2-met3,STRIPE,via,172160,206480,173760,206960,1600,via2_1600x480
VSS,met1-met2,STRIPE,via,172160,206480,173760,206960,1600,via_1600x480
VSS,met3-met4,STRIPE,via,145020,206480,146620,206960,1600,via3_1600x480
VSS,met2-met3,STRIPE,via,145020,206480,146620,206960,1600,via2_1600x480
VSS,met1-met2,STRIPE,via,145020,206480,146620,206960,1600,via_1600x480
VSS,met3-met4,STRIPE,via,117880,206480,119480,206960,1600,via3_1600x480
VSS,met2-met3,STRIPE,via,117880,206480,119480,206960,1600,via2_1600x480
VSS,met1-met2,STRIPE,via,117880,206480,119480,206960,1600,via_1600x480
VSS,met3-met4,STRIPE,via,90740,206480,92340,206960,1600,via3_1600x480
VSS,met2-met3,STRIPE,via,90740,206480,92340,206960,1600,via2_1600x480
VSS,met1-met2,STRIPE,via,90740,206480,92340,206960,1600,via_1600x480
VSS,met3-met4,STRIPE,via,63600,206480,65200,206960,1600,via3_1600x480
VSS,met2-met3,STRIPE,via,63600,206480,65200,206960,1600,via2_1600x480
VSS,met1-met2,STRIPE,via,63600,206480,65200,206960,1600,via_1600x480
VSS,met3-met4,STRIPE,via,36460,206480,38060,206960,1600,via3_1600x480
VSS,met2-met3,STRIPE,via,36460,206480,38060,206960,1600,via2_1600x480
VSS,met1-met2,STRIPE,via,36460,206480,38060,206960,1600,via_1600x480
VSS,met3-met4,STRIPE,via,253580,201040,255180,201520,1600,via3_1600x480
VSS,met2-met3,STRIPE,via,253580,201040,255180,201520,1600,via2_1600x480
VSS,met1-met2,STRIPE,via,253580,201040,255180,201520,1600,via_1600x480
VSS,met3-met4,STRIPE,via,226440,201040,228040,201520,1600,via3_1600x480
VSS,met2-met3,STRIPE,via,226440,201040,228040,201520,1600,via2_1600x480
VSS,met1-met2,STRIPE,via,226440,201040,228040,201520,1600,via_1600x480
VSS,met3-met4,STRIPE,via,199300,201040,200900,201520,1600,via3_1600x480
VSS,met2-met3,STRIPE,via,199300,201040,200900,201520,1600,via2_1600x480
VSS,met1-met2,STRIPE,via,199300,201040,200900,201520,1600,via_1600x480
VSS,met3-met4,STRIPE,via,172160,201040,173760,201520,1600,via3_1600x480
VSS,met2-met3,STRIPE,via,172160,201040,173760,201520,1600,via2_1600x480
VSS,met1-met2,STRIPE,via,172160,201040,173760,201520,1600,via_1600x480
VSS,met3-met4,STRIPE,via,145020,201040,146620,201520,1600,via3_1600x480
VSS,met2-met3,STRIPE,via,145020,201040,146620,201520,1600,via2_1600x480
VSS,met1-met2,STRIPE,via,145020,201040,146620,201520,1600,via_1600x480
VSS,met3-met4,STRIPE,via,117880,201040,119480,201520,1600,via3_1600x480
VSS,met2-met3,STRIPE,via,117880,201040,119480,201520,1600,via2_1600x480
VSS,met1-met2,STRIPE,via,117880,201040,119480,201520,1600,via_1600x480
VSS,met3-met4,STRIPE,via,90740,201040,92340,201520,1600,via3_1600x480
VSS,met2-met3,STRIPE,via,90740,201040,92340,201520,1600,via2_1600x480
VSS,met1-met2,STRIPE,via,90740,201040,92340,201520,1600,via_1600x480
VSS,met3-met4,STRIPE,via,63600,201040,65200,201520,1600,via3_1600x480
VSS,met2-met3,STRIPE,via,63600,201040,65200,201520,1600,via2_1600x480
VSS,met1-met2,STRIPE,via,63600,201040,65200,201520,1600,via_1600x480
VSS,met3-met4,STRIPE,via,36460,201040,38060,201520,1600,via3_1600x480
VSS,met2-met3,STRIPE,via,36460,201040,38060,201520,1600,via2_1600x480
VSS,met1-met2,STRIPE,via,36460,201040,38060,201520,1600,via_1600x480
VSS,met3-met4,STRIPE,via,253580,195600,255180,196080,1600,via3_1600x480
VSS,met2-met3,STRIPE,via,253580,195600,255180,196080,1600,via2_1600x480
VSS,met1-met2,STRIPE,via,253580,195600,255180,196080,1600,via_1600x480
VSS,met3-met4,STRIPE,via,226440,195600,228040,196080,1600,via3_1600x480
VSS,met2-met3,STRIPE,via,226440,195600,228040,196080,1600,via2_1600x480
VSS,met1-met2,STRIPE,via,226440,195600,228040,196080,1600,via_1600x480
VSS,met3-met4,STRIPE,via,199300,195600,200900,196080,1600,via3_1600x480
VSS,met2-met3,STRIPE,via,199300,195600,200900,196080,1600,via2_1600x480
VSS,met1-met2,STRIPE,via,199300,195600,200900,196080,1600,via_1600x480
VSS,met3-met4,STRIPE,via,172160,195600,173760,196080,1600,via3_1600x480
VSS,met2-met3,STRIPE,via,172160,195600,173760,196080,1600,via2_1600x480
VSS,met1-met2,STRIPE,via,172160,195600,173760,196080,1600,via_1600x480
VSS,met3-met4,STRIPE,via,145020,195600,146620,196080,1600,via3_1600x480
VSS,met2-met3,STRIPE,via,145020,195600,146620,196080,1600,via2_1600x480
VSS,met1-met2,STRIPE,via,145020,195600,146620,196080,1600,via_1600x480
VSS,met3-met4,STRIPE,via,117880,195600,119480,196080,1600,via3_1600x480
VSS,met2-met3,STRIPE,via,117880,195600,119480,196080,1600,via2_1600x480
VSS,met1-met2,STRIPE,via,117880,195600,119480,196080,1600,via_1600x480
VSS,met3-met4,STRIPE,via,90740,195600,92340,196080,1600,via3_1600x480
VSS,met2-met3,STRIPE,via,90740,195600,92340,196080,1600,via2_1600x480
VSS,met1-met2,STRIPE,via,90740,195600,92340,196080,1600,via_1600x480
VSS,met3-met4,STRIPE,via,63600,195600,65200,196080,1600,via3_1600x480
VSS,met2-met3,STRIPE,via,63600,195600,65200,196080,1600,via2_1600x480
VSS,met1-met2,STRIPE,via,63600,195600,65200,196080,1600,via_1600x480
VSS,met3-met4,STRIPE,via,36460,195600,38060,196080,1600,via3_1600x480
VSS,met2-met3,STRIPE,via,36460,195600,38060,196080,1600,via2_1600x480
VSS,met1-met2,STRIPE,via,36460,195600,38060,196080,1600,via_1600x480
VSS,met3-met4,STRIPE,via,253580,190160,255180,190640,1600,via3_1600x480
VSS,met2-met3,STRIPE,via,253580,190160,255180,190640,1600,via2_1600x480
VSS,met1-met2,STRIPE,via,253580,190160,255180,190640,1600,via_1600x480
VSS,met3-met4,STRIPE,via,226440,190160,228040,190640,1600,via3_1600x480
VSS,met2-met3,STRIPE,via,226440,190160,228040,190640,1600,via2_1600x480
VSS,met1-met2,STRIPE,via,226440,190160,228040,190640,1600,via_1600x480
VSS,met3-met4,STRIPE,via,199300,190160,200900,190640,1600,via3_1600x480
VSS,met2-met3,STRIPE,via,199300,190160,200900,190640,1600,via2_1600x480
VSS,met1-met2,STRIPE,via,199300,190160,200900,190640,1600,via_1600x480
VSS,met3-met4,STRIPE,via,172160,190160,173760,190640,1600,via3_1600x480
VSS,met2-met3,STRIPE,via,172160,190160,173760,190640,1600,via2_1600x480
VSS,met1-met2,STRIPE,via,172160,190160,173760,190640,1600,via_1600x480
VSS,met3-met4,STRIPE,via,145020,190160,146620,190640,1600,via3_1600x480
VSS,met2-met3,STRIPE,via,145020,190160,146620,190640,1600,via2_1600x480
VSS,met1-met2,STRIPE,via,145020,190160,146620,190640,1600,via_1600x480
VSS,met3-met4,STRIPE,via,117880,190160,119480,190640,1600,via3_1600x480
VSS,met2-met3,STRIPE,via,117880,190160,119480,190640,1600,via2_1600x480
VSS,met1-met2,STRIPE,via,117880,190160,119480,190640,1600,via_1600x480
VSS,met3-met4,STRIPE,via,90740,190160,92340,190640,1600,via3_1600x480
VSS,met2-met3,STRIPE,via,90740,190160,92340,190640,1600,via2_1600x480
VSS,met1-met2,STRIPE,via,90740,190160,92340,190640,1600,via_1600x480
VSS,met3-met4,STRIPE,via,63600,190160,65200,190640,1600,via3_1600x480
VSS,met2-met3,STRIPE,via,63600,190160,65200,190640,1600,via2_1600x480
VSS,met1-met2,STRIPE,via,63600,190160,65200,190640,1600,via_1600x480
VSS,met3-met4,STRIPE,via,36460,190160,38060,190640,1600,via3_1600x480
VSS,met2-met3,STRIPE,via,36460,190160,38060,190640,1600,via2_1600x480
VSS,met1-met2,STRIPE,via,36460,190160,38060,190640,1600,via_1600x480
VSS,met3-met4,STRIPE,via,253580,184720,255180,185200,1600,via3_1600x480
VSS,met2-met3,STRIPE,via,253580,184720,255180,185200,1600,via2_1600x480
VSS,met1-met2,STRIPE,via,253580,184720,255180,185200,1600,via_1600x480
VSS,met3-met4,STRIPE,via,226440,184720,228040,185200,1600,via3_1600x480
VSS,met2-met3,STRIPE,via,226440,184720,228040,185200,1600,via2_1600x480
VSS,met1-met2,STRIPE,via,226440,184720,228040,185200,1600,via_1600x480
VSS,met3-met4,STRIPE,via,199300,184720,200900,185200,1600,via3_1600x480
VSS,met2-met3,STRIPE,via,199300,184720,200900,185200,1600,via2_1600x480
VSS,met1-met2,STRIPE,via,199300,184720,200900,185200,1600,via_1600x480
VSS,met3-met4,STRIPE,via,172160,184720,173760,185200,1600,via3_1600x480
VSS,met2-met3,STRIPE,via,172160,184720,173760,185200,1600,via2_1600x480
VSS,met1-met2,STRIPE,via,172160,184720,173760,185200,1600,via_1600x480
VSS,met3-met4,STRIPE,via,145020,184720,146620,185200,1600,via3_1600x480
VSS,met2-met3,STRIPE,via,145020,184720,146620,185200,1600,via2_1600x480
VSS,met1-met2,STRIPE,via,145020,184720,146620,185200,1600,via_1600x480
VSS,met3-met4,STRIPE,via,117880,184720,119480,185200,1600,via3_1600x480
VSS,met2-met3,STRIPE,via,117880,184720,119480,185200,1600,via2_1600x480
VSS,met1-met2,STRIPE,via,117880,184720,119480,185200,1600,via_1600x480
VSS,met3-met4,STRIPE,via,90740,184720,92340,185200,1600,via3_1600x480
VSS,met2-met3,STRIPE,via,90740,184720,92340,185200,1600,via2_1600x480
VSS,met1-met2,STRIPE,via,90740,184720,92340,185200,1600,via_1600x480
VSS,met3-met4,STRIPE,via,63600,184720,65200,185200,1600,via3_1600x480
VSS,met2-met3,STRIPE,via,63600,184720,65200,185200,1600,via2_1600x480
VSS,met1-met2,STRIPE,via,63600,184720,65200,185200,1600,via_1600x480
VSS,met3-met4,STRIPE,via,36460,184720,38060,185200,1600,via3_1600x480
VSS,met2-met3,STRIPE,via,36460,184720,38060,185200,1600,via2_1600x480
VSS,met1-met2,STRIPE,via,36460,184720,38060,185200,1600,via_1600x480
VSS,met3-met4,STRIPE,via,253580,179280,255180,179760,1600,via3_1600x480
VSS,met2-met3,STRIPE,via,253580,179280,255180,179760,1600,via2_1600x480
VSS,met1-met2,STRIPE,via,253580,179280,255180,179760,1600,via_1600x480
VSS,met3-met4,STRIPE,via,226440,179280,228040,179760,1600,via3_1600x480
VSS,met2-met3,STRIPE,via,226440,179280,228040,179760,1600,via2_1600x480
VSS,met1-met2,STRIPE,via,226440,179280,228040,179760,1600,via_1600x480
VSS,met3-met4,STRIPE,via,199300,179280,200900,179760,1600,via3_1600x480
VSS,met2-met3,STRIPE,via,199300,179280,200900,179760,1600,via2_1600x480
VSS,met1-met2,STRIPE,via,199300,179280,200900,179760,1600,via_1600x480
VSS,met3-met4,STRIPE,via,172160,179280,173760,179760,1600,via3_1600x480
VSS,met2-met3,STRIPE,via,172160,179280,173760,179760,1600,via2_1600x480
VSS,met1-met2,STRIPE,via,172160,179280,173760,179760,1600,via_1600x480
VSS,met3-met4,STRIPE,via,145020,179280,146620,179760,1600,via3_1600x480
VSS,met2-met3,STRIPE,via,145020,179280,146620,179760,1600,via2_1600x480
VSS,met1-met2,STRIPE,via,145020,179280,146620,179760,1600,via_1600x480
VSS,met3-met4,STRIPE,via,117880,179280,119480,179760,1600,via3_1600x480
VSS,met2-met3,STRIPE,via,117880,179280,119480,179760,1600,via2_1600x480
VSS,met1-met2,STRIPE,via,117880,179280,119480,179760,1600,via_1600x480
VSS,met3-met4,STRIPE,via,90740,179280,92340,179760,1600,via3_1600x480
VSS,met2-met3,STRIPE,via,90740,179280,92340,179760,1600,via2_1600x480
VSS,met1-met2,STRIPE,via,90740,179280,92340,179760,1600,via_1600x480
VSS,met3-met4,STRIPE,via,63600,179280,65200,179760,1600,via3_1600x480
VSS,met2-met3,STRIPE,via,63600,179280,65200,179760,1600,via2_1600x480
VSS,met1-met2,STRIPE,via,63600,179280,65200,179760,1600,via_1600x480
VSS,met3-met4,STRIPE,via,36460,179280,38060,179760,1600,via3_1600x480
VSS,met2-met3,STRIPE,via,36460,179280,38060,179760,1600,via2_1600x480
VSS,met1-met2,STRIPE,via,36460,179280,38060,179760,1600,via_1600x480
VSS,met3-met4,STRIPE,via,253580,173840,255180,174320,1600,via3_1600x480
VSS,met2-met3,STRIPE,via,253580,173840,255180,174320,1600,via2_1600x480
VSS,met1-met2,STRIPE,via,253580,173840,255180,174320,1600,via_1600x480
VSS,met3-met4,STRIPE,via,226440,173840,228040,174320,1600,via3_1600x480
VSS,met2-met3,STRIPE,via,226440,173840,228040,174320,1600,via2_1600x480
VSS,met1-met2,STRIPE,via,226440,173840,228040,174320,1600,via_1600x480
VSS,met3-met4,STRIPE,via,199300,173840,200900,174320,1600,via3_1600x480
VSS,met2-met3,STRIPE,via,199300,173840,200900,174320,1600,via2_1600x480
VSS,met1-met2,STRIPE,via,199300,173840,200900,174320,1600,via_1600x480
VSS,met3-met4,STRIPE,via,172160,173840,173760,174320,1600,via3_1600x480
VSS,met2-met3,STRIPE,via,172160,173840,173760,174320,1600,via2_1600x480
VSS,met1-met2,STRIPE,via,172160,173840,173760,174320,1600,via_1600x480
VSS,met3-met4,STRIPE,via,145020,173840,146620,174320,1600,via3_1600x480
VSS,met2-met3,STRIPE,via,145020,173840,146620,174320,1600,via2_1600x480
VSS,met1-met2,STRIPE,via,145020,173840,146620,174320,1600,via_1600x480
VSS,met3-met4,STRIPE,via,117880,173840,119480,174320,1600,via3_1600x480
VSS,met2-met3,STRIPE,via,117880,173840,119480,174320,1600,via2_1600x480
VSS,met1-met2,STRIPE,via,117880,173840,119480,174320,1600,via_1600x480
VSS,met3-met4,STRIPE,via,90740,173840,92340,174320,1600,via3_1600x480
VSS,met2-met3,STRIPE,via,90740,173840,92340,174320,1600,via2_1600x480
VSS,met1-met2,STRIPE,via,90740,173840,92340,174320,1600,via_1600x480
VSS,met3-met4,STRIPE,via,63600,173840,65200,174320,1600,via3_1600x480
VSS,met2-met3,STRIPE,via,63600,173840,65200,174320,1600,via2_1600x480
VSS,met1-met2,STRIPE,via,63600,173840,65200,174320,1600,via_1600x480
VSS,met3-met4,STRIPE,via,36460,173840,38060,174320,1600,via3_1600x480
VSS,met2-met3,STRIPE,via,36460,173840,38060,174320,1600,via2_1600x480
VSS,met1-met2,STRIPE,via,36460,173840,38060,174320,1600,via_1600x480
VSS,met3-met4,STRIPE,via,253580,168400,255180,168880,1600,via3_1600x480
VSS,met2-met3,STRIPE,via,253580,168400,255180,168880,1600,via2_1600x480
VSS,met1-met2,STRIPE,via,253580,168400,255180,168880,1600,via_1600x480
VSS,met3-met4,STRIPE,via,226440,168400,228040,168880,1600,via3_1600x480
VSS,met2-met3,STRIPE,via,226440,168400,228040,168880,1600,via2_1600x480
VSS,met1-met2,STRIPE,via,226440,168400,228040,168880,1600,via_1600x480
VSS,met3-met4,STRIPE,via,199300,168400,200900,168880,1600,via3_1600x480
VSS,met2-met3,STRIPE,via,199300,168400,200900,168880,1600,via2_1600x480
VSS,met1-met2,STRIPE,via,199300,168400,200900,168880,1600,via_1600x480
VSS,met3-met4,STRIPE,via,172160,168400,173760,168880,1600,via3_1600x480
VSS,met2-met3,STRIPE,via,172160,168400,173760,168880,1600,via2_1600x480
VSS,met1-met2,STRIPE,via,172160,168400,173760,168880,1600,via_1600x480
VSS,met3-met4,STRIPE,via,145020,168400,146620,168880,1600,via3_1600x480
VSS,met2-met3,STRIPE,via,145020,168400,146620,168880,1600,via2_1600x480
VSS,met1-met2,STRIPE,via,145020,168400,146620,168880,1600,via_1600x480
VSS,met3-met4,STRIPE,via,117880,168400,119480,168880,1600,via3_1600x480
VSS,met2-met3,STRIPE,via,117880,168400,119480,168880,1600,via2_1600x480
VSS,met1-met2,STRIPE,via,117880,168400,119480,168880,1600,via_1600x480
VSS,met3-met4,STRIPE,via,90740,168400,92340,168880,1600,via3_1600x480
VSS,met2-met3,STRIPE,via,90740,168400,92340,168880,1600,via2_1600x480
VSS,met1-met2,STRIPE,via,90740,168400,92340,168880,1600,via_1600x480
VSS,met3-met4,STRIPE,via,63600,168400,65200,168880,1600,via3_1600x480
VSS,met2-met3,STRIPE,via,63600,168400,65200,168880,1600,via2_1600x480
VSS,met1-met2,STRIPE,via,63600,168400,65200,168880,1600,via_1600x480
VSS,met3-met4,STRIPE,via,36460,168400,38060,168880,1600,via3_1600x480
VSS,met2-met3,STRIPE,via,36460,168400,38060,168880,1600,via2_1600x480
VSS,met1-met2,STRIPE,via,36460,168400,38060,168880,1600,via_1600x480
VSS,met3-met4,STRIPE,via,253580,162960,255180,163440,1600,via3_1600x480
VSS,met2-met3,STRIPE,via,253580,162960,255180,163440,1600,via2_1600x480
VSS,met1-met2,STRIPE,via,253580,162960,255180,163440,1600,via_1600x480
VSS,met3-met4,STRIPE,via,226440,162960,228040,163440,1600,via3_1600x480
VSS,met2-met3,STRIPE,via,226440,162960,228040,163440,1600,via2_1600x480
VSS,met1-met2,STRIPE,via,226440,162960,228040,163440,1600,via_1600x480
VSS,met3-met4,STRIPE,via,199300,162960,200900,163440,1600,via3_1600x480
VSS,met2-met3,STRIPE,via,199300,162960,200900,163440,1600,via2_1600x480
VSS,met1-met2,STRIPE,via,199300,162960,200900,163440,1600,via_1600x480
VSS,met3-met4,STRIPE,via,172160,162960,173760,163440,1600,via3_1600x480
VSS,met2-met3,STRIPE,via,172160,162960,173760,163440,1600,via2_1600x480
VSS,met1-met2,STRIPE,via,172160,162960,173760,163440,1600,via_1600x480
VSS,met3-met4,STRIPE,via,145020,162960,146620,163440,1600,via3_1600x480
VSS,met2-met3,STRIPE,via,145020,162960,146620,163440,1600,via2_1600x480
VSS,met1-met2,STRIPE,via,145020,162960,146620,163440,1600,via_1600x480
VSS,met3-met4,STRIPE,via,117880,162960,119480,163440,1600,via3_1600x480
VSS,met2-met3,STRIPE,via,117880,162960,119480,163440,1600,via2_1600x480
VSS,met1-met2,STRIPE,via,117880,162960,119480,163440,1600,via_1600x480
VSS,met3-met4,STRIPE,via,90740,162960,92340,163440,1600,via3_1600x480
VSS,met2-met3,STRIPE,via,90740,162960,92340,163440,1600,via2_1600x480
VSS,met1-met2,STRIPE,via,90740,162960,92340,163440,1600,via_1600x480
VSS,met3-met4,STRIPE,via,63600,162960,65200,163440,1600,via3_1600x480
VSS,met2-met3,STRIPE,via,63600,162960,65200,163440,1600,via2_1600x480
VSS,met1-met2,STRIPE,via,63600,162960,65200,163440,1600,via_1600x480
VSS,met3-met4,STRIPE,via,36460,162960,38060,163440,1600,via3_1600x480
VSS,met2-met3,STRIPE,via,36460,162960,38060,163440,1600,via2_1600x480
VSS,met1-met2,STRIPE,via,36460,162960,38060,163440,1600,via_1600x480
VSS,met3-met4,STRIPE,via,253580,157520,255180,158000,1600,via3_1600x480
VSS,met2-met3,STRIPE,via,253580,157520,255180,158000,1600,via2_1600x480
VSS,met1-met2,STRIPE,via,253580,157520,255180,158000,1600,via_1600x480
VSS,met3-met4,STRIPE,via,226440,157520,228040,158000,1600,via3_1600x480
VSS,met2-met3,STRIPE,via,226440,157520,228040,158000,1600,via2_1600x480
VSS,met1-met2,STRIPE,via,226440,157520,228040,158000,1600,via_1600x480
VSS,met3-met4,STRIPE,via,199300,157520,200900,158000,1600,via3_1600x480
VSS,met2-met3,STRIPE,via,199300,157520,200900,158000,1600,via2_1600x480
VSS,met1-met2,STRIPE,via,199300,157520,200900,158000,1600,via_1600x480
VSS,met3-met4,STRIPE,via,172160,157520,173760,158000,1600,via3_1600x480
VSS,met2-met3,STRIPE,via,172160,157520,173760,158000,1600,via2_1600x480
VSS,met1-met2,STRIPE,via,172160,157520,173760,158000,1600,via_1600x480
VSS,met3-met4,STRIPE,via,145020,157520,146620,158000,1600,via3_1600x480
VSS,met2-met3,STRIPE,via,145020,157520,146620,158000,1600,via2_1600x480
VSS,met1-met2,STRIPE,via,145020,157520,146620,158000,1600,via_1600x480
VSS,met3-met4,STRIPE,via,117880,157520,119480,158000,1600,via3_1600x480
VSS,met2-met3,STRIPE,via,117880,157520,119480,158000,1600,via2_1600x480
VSS,met1-met2,STRIPE,via,117880,157520,119480,158000,1600,via_1600x480
VSS,met3-met4,STRIPE,via,90740,157520,92340,158000,1600,via3_1600x480
VSS,met2-met3,STRIPE,via,90740,157520,92340,158000,1600,via2_1600x480
VSS,met1-met2,STRIPE,via,90740,157520,92340,158000,1600,via_1600x480
VSS,met3-met4,STRIPE,via,63600,157520,65200,158000,1600,via3_1600x480
VSS,met2-met3,STRIPE,via,63600,157520,65200,158000,1600,via2_1600x480
VSS,met1-met2,STRIPE,via,63600,157520,65200,158000,1600,via_1600x480
VSS,met3-met4,STRIPE,via,36460,157520,38060,158000,1600,via3_1600x480
VSS,met2-met3,STRIPE,via,36460,157520,38060,158000,1600,via2_1600x480
VSS,met1-met2,STRIPE,via,36460,157520,38060,158000,1600,via_1600x480
VSS,met3-met4,STRIPE,via,253580,152080,255180,152560,1600,via3_1600x480
VSS,met2-met3,STRIPE,via,253580,152080,255180,152560,1600,via2_1600x480
VSS,met1-met2,STRIPE,via,253580,152080,255180,152560,1600,via_1600x480
VSS,met3-met4,STRIPE,via,226440,152080,228040,152560,1600,via3_1600x480
VSS,met2-met3,STRIPE,via,226440,152080,228040,152560,1600,via2_1600x480
VSS,met1-met2,STRIPE,via,226440,152080,228040,152560,1600,via_1600x480
VSS,met3-met4,STRIPE,via,199300,152080,200900,152560,1600,via3_1600x480
VSS,met2-met3,STRIPE,via,199300,152080,200900,152560,1600,via2_1600x480
VSS,met1-met2,STRIPE,via,199300,152080,200900,152560,1600,via_1600x480
VSS,met3-met4,STRIPE,via,172160,152080,173760,152560,1600,via3_1600x480
VSS,met2-met3,STRIPE,via,172160,152080,173760,152560,1600,via2_1600x480
VSS,met1-met2,STRIPE,via,172160,152080,173760,152560,1600,via_1600x480
VSS,met3-met4,STRIPE,via,145020,152080,146620,152560,1600,via3_1600x480
VSS,met2-met3,STRIPE,via,145020,152080,146620,152560,1600,via2_1600x480
VSS,met1-met2,STRIPE,via,145020,152080,146620,152560,1600,via_1600x480
VSS,met3-met4,STRIPE,via,117880,152080,119480,152560,1600,via3_1600x480
VSS,met2-met3,STRIPE,via,117880,152080,119480,152560,1600,via2_1600x480
VSS,met1-met2,STRIPE,via,117880,152080,119480,152560,1600,via_1600x480
VSS,met3-met4,STRIPE,via,90740,152080,92340,152560,1600,via3_1600x480
VSS,met2-met3,STRIPE,via,90740,152080,92340,152560,1600,via2_1600x480
VSS,met1-met2,STRIPE,via,90740,152080,92340,152560,1600,via_1600x480
VSS,met3-met4,STRIPE,via,63600,152080,65200,152560,1600,via3_1600x480
VSS,met2-met3,STRIPE,via,63600,152080,65200,152560,1600,via2_1600x480
VSS,met1-met2,STRIPE,via,63600,152080,65200,152560,1600,via_1600x480
VSS,met3-met4,STRIPE,via,36460,152080,38060,152560,1600,via3_1600x480
VSS,met2-met3,STRIPE,via,36460,152080,38060,152560,1600,via2_1600x480
VSS,met1-met2,STRIPE,via,36460,152080,38060,152560,1600,via_1600x480
VSS,met3-met4,STRIPE,via,253580,146640,255180,147120,1600,via3_1600x480
VSS,met2-met3,STRIPE,via,253580,146640,255180,147120,1600,via2_1600x480
VSS,met1-met2,STRIPE,via,253580,146640,255180,147120,1600,via_1600x480
VSS,met3-met4,STRIPE,via,226440,146640,228040,147120,1600,via3_1600x480
VSS,met2-met3,STRIPE,via,226440,146640,228040,147120,1600,via2_1600x480
VSS,met1-met2,STRIPE,via,226440,146640,228040,147120,1600,via_1600x480
VSS,met3-met4,STRIPE,via,199300,146640,200900,147120,1600,via3_1600x480
VSS,met2-met3,STRIPE,via,199300,146640,200900,147120,1600,via2_1600x480
VSS,met1-met2,STRIPE,via,199300,146640,200900,147120,1600,via_1600x480
VSS,met3-met4,STRIPE,via,172160,146640,173760,147120,1600,via3_1600x480
VSS,met2-met3,STRIPE,via,172160,146640,173760,147120,1600,via2_1600x480
VSS,met1-met2,STRIPE,via,172160,146640,173760,147120,1600,via_1600x480
VSS,met3-met4,STRIPE,via,145020,146640,146620,147120,1600,via3_1600x480
VSS,met2-met3,STRIPE,via,145020,146640,146620,147120,1600,via2_1600x480
VSS,met1-met2,STRIPE,via,145020,146640,146620,147120,1600,via_1600x480
VSS,met3-met4,STRIPE,via,117880,146640,119480,147120,1600,via3_1600x480
VSS,met2-met3,STRIPE,via,117880,146640,119480,147120,1600,via2_1600x480
VSS,met1-met2,STRIPE,via,117880,146640,119480,147120,1600,via_1600x480
VSS,met3-met4,STRIPE,via,90740,146640,92340,147120,1600,via3_1600x480
VSS,met2-met3,STRIPE,via,90740,146640,92340,147120,1600,via2_1600x480
VSS,met1-met2,STRIPE,via,90740,146640,92340,147120,1600,via_1600x480
VSS,met3-met4,STRIPE,via,63600,146640,65200,147120,1600,via3_1600x480
VSS,met2-met3,STRIPE,via,63600,146640,65200,147120,1600,via2_1600x480
VSS,met1-met2,STRIPE,via,63600,146640,65200,147120,1600,via_1600x480
VSS,met3-met4,STRIPE,via,36460,146640,38060,147120,1600,via3_1600x480
VSS,met2-met3,STRIPE,via,36460,146640,38060,147120,1600,via2_1600x480
VSS,met1-met2,STRIPE,via,36460,146640,38060,147120,1600,via_1600x480
VSS,met3-met4,STRIPE,via,253580,141200,255180,141680,1600,via3_1600x480
VSS,met2-met3,STRIPE,via,253580,141200,255180,141680,1600,via2_1600x480
VSS,met1-met2,STRIPE,via,253580,141200,255180,141680,1600,via_1600x480
VSS,met3-met4,STRIPE,via,226440,141200,228040,141680,1600,via3_1600x480
VSS,met2-met3,STRIPE,via,226440,141200,228040,141680,1600,via2_1600x480
VSS,met1-met2,STRIPE,via,226440,141200,228040,141680,1600,via_1600x480
VSS,met3-met4,STRIPE,via,199300,141200,200900,141680,1600,via3_1600x480
VSS,met2-met3,STRIPE,via,199300,141200,200900,141680,1600,via2_1600x480
VSS,met1-met2,STRIPE,via,199300,141200,200900,141680,1600,via_1600x480
VSS,met3-met4,STRIPE,via,172160,141200,173760,141680,1600,via3_1600x480
VSS,met2-met3,STRIPE,via,172160,141200,173760,141680,1600,via2_1600x480
VSS,met1-met2,STRIPE,via,172160,141200,173760,141680,1600,via_1600x480
VSS,met3-met4,STRIPE,via,145020,141200,146620,141680,1600,via3_1600x480
VSS,met2-met3,STRIPE,via,145020,141200,146620,141680,1600,via2_1600x480
VSS,met1-met2,STRIPE,via,145020,141200,146620,141680,1600,via_1600x480
VSS,met3-met4,STRIPE,via,117880,141200,119480,141680,1600,via3_1600x480
VSS,met2-met3,STRIPE,via,117880,141200,119480,141680,1600,via2_1600x480
VSS,met1-met2,STRIPE,via,117880,141200,119480,141680,1600,via_1600x480
VSS,met3-met4,STRIPE,via,90740,141200,92340,141680,1600,via3_1600x480
VSS,met2-met3,STRIPE,via,90740,141200,92340,141680,1600,via2_1600x480
VSS,met1-met2,STRIPE,via,90740,141200,92340,141680,1600,via_1600x480
VSS,met3-met4,STRIPE,via,63600,141200,65200,141680,1600,via3_1600x480
VSS,met2-met3,STRIPE,via,63600,141200,65200,141680,1600,via2_1600x480
VSS,met1-met2,STRIPE,via,63600,141200,65200,141680,1600,via_1600x480
VSS,met3-met4,STRIPE,via,36460,141200,38060,141680,1600,via3_1600x480
VSS,met2-met3,STRIPE,via,36460,141200,38060,141680,1600,via2_1600x480
VSS,met1-met2,STRIPE,via,36460,141200,38060,141680,1600,via_1600x480
VSS,met3-met4,STRIPE,via,253580,135760,255180,136240,1600,via3_1600x480
VSS,met2-met3,STRIPE,via,253580,135760,255180,136240,1600,via2_1600x480
VSS,met1-met2,STRIPE,via,253580,135760,255180,136240,1600,via_1600x480
VSS,met3-met4,STRIPE,via,226440,135760,228040,136240,1600,via3_1600x480
VSS,met2-met3,STRIPE,via,226440,135760,228040,136240,1600,via2_1600x480
VSS,met1-met2,STRIPE,via,226440,135760,228040,136240,1600,via_1600x480
VSS,met3-met4,STRIPE,via,199300,135760,200900,136240,1600,via3_1600x480
VSS,met2-met3,STRIPE,via,199300,135760,200900,136240,1600,via2_1600x480
VSS,met1-met2,STRIPE,via,199300,135760,200900,136240,1600,via_1600x480
VSS,met3-met4,STRIPE,via,172160,135760,173760,136240,1600,via3_1600x480
VSS,met2-met3,STRIPE,via,172160,135760,173760,136240,1600,via2_1600x480
VSS,met1-met2,STRIPE,via,172160,135760,173760,136240,1600,via_1600x480
VSS,met3-met4,STRIPE,via,145020,135760,146620,136240,1600,via3_1600x480
VSS,met2-met3,STRIPE,via,145020,135760,146620,136240,1600,via2_1600x480
VSS,met1-met2,STRIPE,via,145020,135760,146620,136240,1600,via_1600x480
VSS,met3-met4,STRIPE,via,117880,135760,119480,136240,1600,via3_1600x480
VSS,met2-met3,STRIPE,via,117880,135760,119480,136240,1600,via2_1600x480
VSS,met1-met2,STRIPE,via,117880,135760,119480,136240,1600,via_1600x480
VSS,met3-met4,STRIPE,via,90740,135760,92340,136240,1600,via3_1600x480
VSS,met2-met3,STRIPE,via,90740,135760,92340,136240,1600,via2_1600x480
VSS,met1-met2,STRIPE,via,90740,135760,92340,136240,1600,via_1600x480
VSS,met3-met4,STRIPE,via,63600,135760,65200,136240,1600,via3_1600x480
VSS,met2-met3,STRIPE,via,63600,135760,65200,136240,1600,via2_1600x480
VSS,met1-met2,STRIPE,via,63600,135760,65200,136240,1600,via_1600x480
VSS,met3-met4,STRIPE,via,36460,135760,38060,136240,1600,via3_1600x480
VSS,met2-met3,STRIPE,via,36460,135760,38060,136240,1600,via2_1600x480
VSS,met1-met2,STRIPE,via,36460,135760,38060,136240,1600,via_1600x480
VSS,met3-met4,STRIPE,via,253580,130320,255180,130800,1600,via3_1600x480
VSS,met2-met3,STRIPE,via,253580,130320,255180,130800,1600,via2_1600x480
VSS,met1-met2,STRIPE,via,253580,130320,255180,130800,1600,via_1600x480
VSS,met3-met4,STRIPE,via,226440,130320,228040,130800,1600,via3_1600x480
VSS,met2-met3,STRIPE,via,226440,130320,228040,130800,1600,via2_1600x480
VSS,met1-met2,STRIPE,via,226440,130320,228040,130800,1600,via_1600x480
VSS,met3-met4,STRIPE,via,199300,130320,200900,130800,1600,via3_1600x480
VSS,met2-met3,STRIPE,via,199300,130320,200900,130800,1600,via2_1600x480
VSS,met1-met2,STRIPE,via,199300,130320,200900,130800,1600,via_1600x480
VSS,met3-met4,STRIPE,via,172160,130320,173760,130800,1600,via3_1600x480
VSS,met2-met3,STRIPE,via,172160,130320,173760,130800,1600,via2_1600x480
VSS,met1-met2,STRIPE,via,172160,130320,173760,130800,1600,via_1600x480
VSS,met3-met4,STRIPE,via,145020,130320,146620,130800,1600,via3_1600x480
VSS,met2-met3,STRIPE,via,145020,130320,146620,130800,1600,via2_1600x480
VSS,met1-met2,STRIPE,via,145020,130320,146620,130800,1600,via_1600x480
VSS,met3-met4,STRIPE,via,117880,130320,119480,130800,1600,via3_1600x480
VSS,met2-met3,STRIPE,via,117880,130320,119480,130800,1600,via2_1600x480
VSS,met1-met2,STRIPE,via,117880,130320,119480,130800,1600,via_1600x480
VSS,met3-met4,STRIPE,via,90740,130320,92340,130800,1600,via3_1600x480
VSS,met2-met3,STRIPE,via,90740,130320,92340,130800,1600,via2_1600x480
VSS,met1-met2,STRIPE,via,90740,130320,92340,130800,1600,via_1600x480
VSS,met3-met4,STRIPE,via,63600,130320,65200,130800,1600,via3_1600x480
VSS,met2-met3,STRIPE,via,63600,130320,65200,130800,1600,via2_1600x480
VSS,met1-met2,STRIPE,via,63600,130320,65200,130800,1600,via_1600x480
VSS,met3-met4,STRIPE,via,36460,130320,38060,130800,1600,via3_1600x480
VSS,met2-met3,STRIPE,via,36460,130320,38060,130800,1600,via2_1600x480
VSS,met1-met2,STRIPE,via,36460,130320,38060,130800,1600,via_1600x480
VSS,met3-met4,STRIPE,via,253580,124880,255180,125360,1600,via3_1600x480
VSS,met2-met3,STRIPE,via,253580,124880,255180,125360,1600,via2_1600x480
VSS,met1-met2,STRIPE,via,253580,124880,255180,125360,1600,via_1600x480
VSS,met3-met4,STRIPE,via,226440,124880,228040,125360,1600,via3_1600x480
VSS,met2-met3,STRIPE,via,226440,124880,228040,125360,1600,via2_1600x480
VSS,met1-met2,STRIPE,via,226440,124880,228040,125360,1600,via_1600x480
VSS,met3-met4,STRIPE,via,199300,124880,200900,125360,1600,via3_1600x480
VSS,met2-met3,STRIPE,via,199300,124880,200900,125360,1600,via2_1600x480
VSS,met1-met2,STRIPE,via,199300,124880,200900,125360,1600,via_1600x480
VSS,met3-met4,STRIPE,via,172160,124880,173760,125360,1600,via3_1600x480
VSS,met2-met3,STRIPE,via,172160,124880,173760,125360,1600,via2_1600x480
VSS,met1-met2,STRIPE,via,172160,124880,173760,125360,1600,via_1600x480
VSS,met3-met4,STRIPE,via,145020,124880,146620,125360,1600,via3_1600x480
VSS,met2-met3,STRIPE,via,145020,124880,146620,125360,1600,via2_1600x480
VSS,met1-met2,STRIPE,via,145020,124880,146620,125360,1600,via_1600x480
VSS,met3-met4,STRIPE,via,117880,124880,119480,125360,1600,via3_1600x480
VSS,met2-met3,STRIPE,via,117880,124880,119480,125360,1600,via2_1600x480
VSS,met1-met2,STRIPE,via,117880,124880,119480,125360,1600,via_1600x480
VSS,met3-met4,STRIPE,via,90740,124880,92340,125360,1600,via3_1600x480
VSS,met2-met3,STRIPE,via,90740,124880,92340,125360,1600,via2_1600x480
VSS,met1-met2,STRIPE,via,90740,124880,92340,125360,1600,via_1600x480
VSS,met3-met4,STRIPE,via,63600,124880,65200,125360,1600,via3_1600x480
VSS,met2-met3,STRIPE,via,63600,124880,65200,125360,1600,via2_1600x480
VSS,met1-met2,STRIPE,via,63600,124880,65200,125360,1600,via_1600x480
VSS,met3-met4,STRIPE,via,36460,124880,38060,125360,1600,via3_1600x480
VSS,met2-met3,STRIPE,via,36460,124880,38060,125360,1600,via2_1600x480
VSS,met1-met2,STRIPE,via,36460,124880,38060,125360,1600,via_1600x480
VSS,met3-met4,STRIPE,via,253580,119440,255180,119920,1600,via3_1600x480
VSS,met2-met3,STRIPE,via,253580,119440,255180,119920,1600,via2_1600x480
VSS,met1-met2,STRIPE,via,253580,119440,255180,119920,1600,via_1600x480
VSS,met3-met4,STRIPE,via,226440,119440,228040,119920,1600,via3_1600x480
VSS,met2-met3,STRIPE,via,226440,119440,228040,119920,1600,via2_1600x480
VSS,met1-met2,STRIPE,via,226440,119440,228040,119920,1600,via_1600x480
VSS,met3-met4,STRIPE,via,199300,119440,200900,119920,1600,via3_1600x480
VSS,met2-met3,STRIPE,via,199300,119440,200900,119920,1600,via2_1600x480
VSS,met1-met2,STRIPE,via,199300,119440,200900,119920,1600,via_1600x480
VSS,met3-met4,STRIPE,via,172160,119440,173760,119920,1600,via3_1600x480
VSS,met2-met3,STRIPE,via,172160,119440,173760,119920,1600,via2_1600x480
VSS,met1-met2,STRIPE,via,172160,119440,173760,119920,1600,via_1600x480
VSS,met3-met4,STRIPE,via,145020,119440,146620,119920,1600,via3_1600x480
VSS,met2-met3,STRIPE,via,145020,119440,146620,119920,1600,via2_1600x480
VSS,met1-met2,STRIPE,via,145020,119440,146620,119920,1600,via_1600x480
VSS,met3-met4,STRIPE,via,117880,119440,119480,119920,1600,via3_1600x480
VSS,met2-met3,STRIPE,via,117880,119440,119480,119920,1600,via2_1600x480
VSS,met1-met2,STRIPE,via,117880,119440,119480,119920,1600,via_1600x480
VSS,met3-met4,STRIPE,via,90740,119440,92340,119920,1600,via3_1600x480
VSS,met2-met3,STRIPE,via,90740,119440,92340,119920,1600,via2_1600x480
VSS,met1-met2,STRIPE,via,90740,119440,92340,119920,1600,via_1600x480
VSS,met3-met4,STRIPE,via,63600,119440,65200,119920,1600,via3_1600x480
VSS,met2-met3,STRIPE,via,63600,119440,65200,119920,1600,via2_1600x480
VSS,met1-met2,STRIPE,via,63600,119440,65200,119920,1600,via_1600x480
VSS,met3-met4,STRIPE,via,36460,119440,38060,119920,1600,via3_1600x480
VSS,met2-met3,STRIPE,via,36460,119440,38060,119920,1600,via2_1600x480
VSS,met1-met2,STRIPE,via,36460,119440,38060,119920,1600,via_1600x480
VSS,met3-met4,STRIPE,via,253580,114000,255180,114480,1600,via3_1600x480
VSS,met2-met3,STRIPE,via,253580,114000,255180,114480,1600,via2_1600x480
VSS,met1-met2,STRIPE,via,253580,114000,255180,114480,1600,via_1600x480
VSS,met3-met4,STRIPE,via,226440,114000,228040,114480,1600,via3_1600x480
VSS,met2-met3,STRIPE,via,226440,114000,228040,114480,1600,via2_1600x480
VSS,met1-met2,STRIPE,via,226440,114000,228040,114480,1600,via_1600x480
VSS,met3-met4,STRIPE,via,199300,114000,200900,114480,1600,via3_1600x480
VSS,met2-met3,STRIPE,via,199300,114000,200900,114480,1600,via2_1600x480
VSS,met1-met2,STRIPE,via,199300,114000,200900,114480,1600,via_1600x480
VSS,met3-met4,STRIPE,via,172160,114000,173760,114480,1600,via3_1600x480
VSS,met2-met3,STRIPE,via,172160,114000,173760,114480,1600,via2_1600x480
VSS,met1-met2,STRIPE,via,172160,114000,173760,114480,1600,via_1600x480
VSS,met3-met4,STRIPE,via,145020,114000,146620,114480,1600,via3_1600x480
VSS,met2-met3,STRIPE,via,145020,114000,146620,114480,1600,via2_1600x480
VSS,met1-met2,STRIPE,via,145020,114000,146620,114480,1600,via_1600x480
VSS,met3-met4,STRIPE,via,117880,114000,119480,114480,1600,via3_1600x480
VSS,met2-met3,STRIPE,via,117880,114000,119480,114480,1600,via2_1600x480
VSS,met1-met2,STRIPE,via,117880,114000,119480,114480,1600,via_1600x480
VSS,met3-met4,STRIPE,via,90740,114000,92340,114480,1600,via3_1600x480
VSS,met2-met3,STRIPE,via,90740,114000,92340,114480,1600,via2_1600x480
VSS,met1-met2,STRIPE,via,90740,114000,92340,114480,1600,via_1600x480
VSS,met3-met4,STRIPE,via,63600,114000,65200,114480,1600,via3_1600x480
VSS,met2-met3,STRIPE,via,63600,114000,65200,114480,1600,via2_1600x480
VSS,met1-met2,STRIPE,via,63600,114000,65200,114480,1600,via_1600x480
VSS,met3-met4,STRIPE,via,36460,114000,38060,114480,1600,via3_1600x480
VSS,met2-met3,STRIPE,via,36460,114000,38060,114480,1600,via2_1600x480
VSS,met1-met2,STRIPE,via,36460,114000,38060,114480,1600,via_1600x480
VSS,met3-met4,STRIPE,via,253580,108560,255180,109040,1600,via3_1600x480
VSS,met2-met3,STRIPE,via,253580,108560,255180,109040,1600,via2_1600x480
VSS,met1-met2,STRIPE,via,253580,108560,255180,109040,1600,via_1600x480
VSS,met3-met4,STRIPE,via,226440,108560,228040,109040,1600,via3_1600x480
VSS,met2-met3,STRIPE,via,226440,108560,228040,109040,1600,via2_1600x480
VSS,met1-met2,STRIPE,via,226440,108560,228040,109040,1600,via_1600x480
VSS,met3-met4,STRIPE,via,199300,108560,200900,109040,1600,via3_1600x480
VSS,met2-met3,STRIPE,via,199300,108560,200900,109040,1600,via2_1600x480
VSS,met1-met2,STRIPE,via,199300,108560,200900,109040,1600,via_1600x480
VSS,met3-met4,STRIPE,via,172160,108560,173760,109040,1600,via3_1600x480
VSS,met2-met3,STRIPE,via,172160,108560,173760,109040,1600,via2_1600x480
VSS,met1-met2,STRIPE,via,172160,108560,173760,109040,1600,via_1600x480
VSS,met3-met4,STRIPE,via,145020,108560,146620,109040,1600,via3_1600x480
VSS,met2-met3,STRIPE,via,145020,108560,146620,109040,1600,via2_1600x480
VSS,met1-met2,STRIPE,via,145020,108560,146620,109040,1600,via_1600x480
VSS,met3-met4,STRIPE,via,117880,108560,119480,109040,1600,via3_1600x480
VSS,met2-met3,STRIPE,via,117880,108560,119480,109040,1600,via2_1600x480
VSS,met1-met2,STRIPE,via,117880,108560,119480,109040,1600,via_1600x480
VSS,met3-met4,STRIPE,via,90740,108560,92340,109040,1600,via3_1600x480
VSS,met2-met3,STRIPE,via,90740,108560,92340,109040,1600,via2_1600x480
VSS,met1-met2,STRIPE,via,90740,108560,92340,109040,1600,via_1600x480
VSS,met3-met4,STRIPE,via,63600,108560,65200,109040,1600,via3_1600x480
VSS,met2-met3,STRIPE,via,63600,108560,65200,109040,1600,via2_1600x480
VSS,met1-met2,STRIPE,via,63600,108560,65200,109040,1600,via_1600x480
VSS,met3-met4,STRIPE,via,36460,108560,38060,109040,1600,via3_1600x480
VSS,met2-met3,STRIPE,via,36460,108560,38060,109040,1600,via2_1600x480
VSS,met1-met2,STRIPE,via,36460,108560,38060,109040,1600,via_1600x480
VSS,met3-met4,STRIPE,via,253580,103120,255180,103600,1600,via3_1600x480
VSS,met2-met3,STRIPE,via,253580,103120,255180,103600,1600,via2_1600x480
VSS,met1-met2,STRIPE,via,253580,103120,255180,103600,1600,via_1600x480
VSS,met3-met4,STRIPE,via,226440,103120,228040,103600,1600,via3_1600x480
VSS,met2-met3,STRIPE,via,226440,103120,228040,103600,1600,via2_1600x480
VSS,met1-met2,STRIPE,via,226440,103120,228040,103600,1600,via_1600x480
VSS,met3-met4,STRIPE,via,199300,103120,200900,103600,1600,via3_1600x480
VSS,met2-met3,STRIPE,via,199300,103120,200900,103600,1600,via2_1600x480
VSS,met1-met2,STRIPE,via,199300,103120,200900,103600,1600,via_1600x480
VSS,met3-met4,STRIPE,via,172160,103120,173760,103600,1600,via3_1600x480
VSS,met2-met3,STRIPE,via,172160,103120,173760,103600,1600,via2_1600x480
VSS,met1-met2,STRIPE,via,172160,103120,173760,103600,1600,via_1600x480
VSS,met3-met4,STRIPE,via,145020,103120,146620,103600,1600,via3_1600x480
VSS,met2-met3,STRIPE,via,145020,103120,146620,103600,1600,via2_1600x480
VSS,met1-met2,STRIPE,via,145020,103120,146620,103600,1600,via_1600x480
VSS,met3-met4,STRIPE,via,117880,103120,119480,103600,1600,via3_1600x480
VSS,met2-met3,STRIPE,via,117880,103120,119480,103600,1600,via2_1600x480
VSS,met1-met2,STRIPE,via,117880,103120,119480,103600,1600,via_1600x480
VSS,met3-met4,STRIPE,via,90740,103120,92340,103600,1600,via3_1600x480
VSS,met2-met3,STRIPE,via,90740,103120,92340,103600,1600,via2_1600x480
VSS,met1-met2,STRIPE,via,90740,103120,92340,103600,1600,via_1600x480
VSS,met3-met4,STRIPE,via,63600,103120,65200,103600,1600,via3_1600x480
VSS,met2-met3,STRIPE,via,63600,103120,65200,103600,1600,via2_1600x480
VSS,met1-met2,STRIPE,via,63600,103120,65200,103600,1600,via_1600x480
VSS,met3-met4,STRIPE,via,36460,103120,38060,103600,1600,via3_1600x480
VSS,met2-met3,STRIPE,via,36460,103120,38060,103600,1600,via2_1600x480
VSS,met1-met2,STRIPE,via,36460,103120,38060,103600,1600,via_1600x480
VSS,met3-met4,STRIPE,via,253580,97680,255180,98160,1600,via3_1600x480
VSS,met2-met3,STRIPE,via,253580,97680,255180,98160,1600,via2_1600x480
VSS,met1-met2,STRIPE,via,253580,97680,255180,98160,1600,via_1600x480
VSS,met3-met4,STRIPE,via,226440,97680,228040,98160,1600,via3_1600x480
VSS,met2-met3,STRIPE,via,226440,97680,228040,98160,1600,via2_1600x480
VSS,met1-met2,STRIPE,via,226440,97680,228040,98160,1600,via_1600x480
VSS,met3-met4,STRIPE,via,199300,97680,200900,98160,1600,via3_1600x480
VSS,met2-met3,STRIPE,via,199300,97680,200900,98160,1600,via2_1600x480
VSS,met1-met2,STRIPE,via,199300,97680,200900,98160,1600,via_1600x480
VSS,met3-met4,STRIPE,via,172160,97680,173760,98160,1600,via3_1600x480
VSS,met2-met3,STRIPE,via,172160,97680,173760,98160,1600,via2_1600x480
VSS,met1-met2,STRIPE,via,172160,97680,173760,98160,1600,via_1600x480
VSS,met3-met4,STRIPE,via,145020,97680,146620,98160,1600,via3_1600x480
VSS,met2-met3,STRIPE,via,145020,97680,146620,98160,1600,via2_1600x480
VSS,met1-met2,STRIPE,via,145020,97680,146620,98160,1600,via_1600x480
VSS,met3-met4,STRIPE,via,117880,97680,119480,98160,1600,via3_1600x480
VSS,met2-met3,STRIPE,via,117880,97680,119480,98160,1600,via2_1600x480
VSS,met1-met2,STRIPE,via,117880,97680,119480,98160,1600,via_1600x480
VSS,met3-met4,STRIPE,via,90740,97680,92340,98160,1600,via3_1600x480
VSS,met2-met3,STRIPE,via,90740,97680,92340,98160,1600,via2_1600x480
VSS,met1-met2,STRIPE,via,90740,97680,92340,98160,1600,via_1600x480
VSS,met3-met4,STRIPE,via,63600,97680,65200,98160,1600,via3_1600x480
VSS,met2-met3,STRIPE,via,63600,97680,65200,98160,1600,via2_1600x480
VSS,met1-met2,STRIPE,via,63600,97680,65200,98160,1600,via_1600x480
VSS,met3-met4,STRIPE,via,36460,97680,38060,98160,1600,via3_1600x480
VSS,met2-met3,STRIPE,via,36460,97680,38060,98160,1600,via2_1600x480
VSS,met1-met2,STRIPE,via,36460,97680,38060,98160,1600,via_1600x480
VSS,met3-met4,STRIPE,via,253580,92240,255180,92720,1600,via3_1600x480
VSS,met2-met3,STRIPE,via,253580,92240,255180,92720,1600,via2_1600x480
VSS,met1-met2,STRIPE,via,253580,92240,255180,92720,1600,via_1600x480
VSS,met3-met4,STRIPE,via,226440,92240,228040,92720,1600,via3_1600x480
VSS,met2-met3,STRIPE,via,226440,92240,228040,92720,1600,via2_1600x480
VSS,met1-met2,STRIPE,via,226440,92240,228040,92720,1600,via_1600x480
VSS,met3-met4,STRIPE,via,199300,92240,200900,92720,1600,via3_1600x480
VSS,met2-met3,STRIPE,via,199300,92240,200900,92720,1600,via2_1600x480
VSS,met1-met2,STRIPE,via,199300,92240,200900,92720,1600,via_1600x480
VSS,met3-met4,STRIPE,via,172160,92240,173760,92720,1600,via3_1600x480
VSS,met2-met3,STRIPE,via,172160,92240,173760,92720,1600,via2_1600x480
VSS,met1-met2,STRIPE,via,172160,92240,173760,92720,1600,via_1600x480
VSS,met3-met4,STRIPE,via,145020,92240,146620,92720,1600,via3_1600x480
VSS,met2-met3,STRIPE,via,145020,92240,146620,92720,1600,via2_1600x480
VSS,met1-met2,STRIPE,via,145020,92240,146620,92720,1600,via_1600x480
VSS,met3-met4,STRIPE,via,117880,92240,119480,92720,1600,via3_1600x480
VSS,met2-met3,STRIPE,via,117880,92240,119480,92720,1600,via2_1600x480
VSS,met1-met2,STRIPE,via,117880,92240,119480,92720,1600,via_1600x480
VSS,met3-met4,STRIPE,via,90740,92240,92340,92720,1600,via3_1600x480
VSS,met2-met3,STRIPE,via,90740,92240,92340,92720,1600,via2_1600x480
VSS,met1-met2,STRIPE,via,90740,92240,92340,92720,1600,via_1600x480
VSS,met3-met4,STRIPE,via,63600,92240,65200,92720,1600,via3_1600x480
VSS,met2-met3,STRIPE,via,63600,92240,65200,92720,1600,via2_1600x480
VSS,met1-met2,STRIPE,via,63600,92240,65200,92720,1600,via_1600x480
VSS,met3-met4,STRIPE,via,36460,92240,38060,92720,1600,via3_1600x480
VSS,met2-met3,STRIPE,via,36460,92240,38060,92720,1600,via2_1600x480
VSS,met1-met2,STRIPE,via,36460,92240,38060,92720,1600,via_1600x480
VSS,met3-met4,STRIPE,via,253580,86800,255180,87280,1600,via3_1600x480
VSS,met2-met3,STRIPE,via,253580,86800,255180,87280,1600,via2_1600x480
VSS,met1-met2,STRIPE,via,253580,86800,255180,87280,1600,via_1600x480
VSS,met3-met4,STRIPE,via,226440,86800,228040,87280,1600,via3_1600x480
VSS,met2-met3,STRIPE,via,226440,86800,228040,87280,1600,via2_1600x480
VSS,met1-met2,STRIPE,via,226440,86800,228040,87280,1600,via_1600x480
VSS,met3-met4,STRIPE,via,199300,86800,200900,87280,1600,via3_1600x480
VSS,met2-met3,STRIPE,via,199300,86800,200900,87280,1600,via2_1600x480
VSS,met1-met2,STRIPE,via,199300,86800,200900,87280,1600,via_1600x480
VSS,met3-met4,STRIPE,via,172160,86800,173760,87280,1600,via3_1600x480
VSS,met2-met3,STRIPE,via,172160,86800,173760,87280,1600,via2_1600x480
VSS,met1-met2,STRIPE,via,172160,86800,173760,87280,1600,via_1600x480
VSS,met3-met4,STRIPE,via,145020,86800,146620,87280,1600,via3_1600x480
VSS,met2-met3,STRIPE,via,145020,86800,146620,87280,1600,via2_1600x480
VSS,met1-met2,STRIPE,via,145020,86800,146620,87280,1600,via_1600x480
VSS,met3-met4,STRIPE,via,117880,86800,119480,87280,1600,via3_1600x480
VSS,met2-met3,STRIPE,via,117880,86800,119480,87280,1600,via2_1600x480
VSS,met1-met2,STRIPE,via,117880,86800,119480,87280,1600,via_1600x480
VSS,met3-met4,STRIPE,via,90740,86800,92340,87280,1600,via3_1600x480
VSS,met2-met3,STRIPE,via,90740,86800,92340,87280,1600,via2_1600x480
VSS,met1-met2,STRIPE,via,90740,86800,92340,87280,1600,via_1600x480
VSS,met3-met4,STRIPE,via,63600,86800,65200,87280,1600,via3_1600x480
VSS,met2-met3,STRIPE,via,63600,86800,65200,87280,1600,via2_1600x480
VSS,met1-met2,STRIPE,via,63600,86800,65200,87280,1600,via_1600x480
VSS,met3-met4,STRIPE,via,36460,86800,38060,87280,1600,via3_1600x480
VSS,met2-met3,STRIPE,via,36460,86800,38060,87280,1600,via2_1600x480
VSS,met1-met2,STRIPE,via,36460,86800,38060,87280,1600,via_1600x480
VSS,met3-met4,STRIPE,via,253580,81360,255180,81840,1600,via3_1600x480
VSS,met2-met3,STRIPE,via,253580,81360,255180,81840,1600,via2_1600x480
VSS,met1-met2,STRIPE,via,253580,81360,255180,81840,1600,via_1600x480
VSS,met3-met4,STRIPE,via,226440,81360,228040,81840,1600,via3_1600x480
VSS,met2-met3,STRIPE,via,226440,81360,228040,81840,1600,via2_1600x480
VSS,met1-met2,STRIPE,via,226440,81360,228040,81840,1600,via_1600x480
VSS,met3-met4,STRIPE,via,199300,81360,200900,81840,1600,via3_1600x480
VSS,met2-met3,STRIPE,via,199300,81360,200900,81840,1600,via2_1600x480
VSS,met1-met2,STRIPE,via,199300,81360,200900,81840,1600,via_1600x480
VSS,met3-met4,STRIPE,via,172160,81360,173760,81840,1600,via3_1600x480
VSS,met2-met3,STRIPE,via,172160,81360,173760,81840,1600,via2_1600x480
VSS,met1-met2,STRIPE,via,172160,81360,173760,81840,1600,via_1600x480
VSS,met3-met4,STRIPE,via,145020,81360,146620,81840,1600,via3_1600x480
VSS,met2-met3,STRIPE,via,145020,81360,146620,81840,1600,via2_1600x480
VSS,met1-met2,STRIPE,via,145020,81360,146620,81840,1600,via_1600x480
VSS,met3-met4,STRIPE,via,117880,81360,119480,81840,1600,via3_1600x480
VSS,met2-met3,STRIPE,via,117880,81360,119480,81840,1600,via2_1600x480
VSS,met1-met2,STRIPE,via,117880,81360,119480,81840,1600,via_1600x480
VSS,met3-met4,STRIPE,via,90740,81360,92340,81840,1600,via3_1600x480
VSS,met2-met3,STRIPE,via,90740,81360,92340,81840,1600,via2_1600x480
VSS,met1-met2,STRIPE,via,90740,81360,92340,81840,1600,via_1600x480
VSS,met3-met4,STRIPE,via,63600,81360,65200,81840,1600,via3_1600x480
VSS,met2-met3,STRIPE,via,63600,81360,65200,81840,1600,via2_1600x480
VSS,met1-met2,STRIPE,via,63600,81360,65200,81840,1600,via_1600x480
VSS,met3-met4,STRIPE,via,36460,81360,38060,81840,1600,via3_1600x480
VSS,met2-met3,STRIPE,via,36460,81360,38060,81840,1600,via2_1600x480
VSS,met1-met2,STRIPE,via,36460,81360,38060,81840,1600,via_1600x480
VSS,met3-met4,STRIPE,via,253580,75920,255180,76400,1600,via3_1600x480
VSS,met2-met3,STRIPE,via,253580,75920,255180,76400,1600,via2_1600x480
VSS,met1-met2,STRIPE,via,253580,75920,255180,76400,1600,via_1600x480
VSS,met3-met4,STRIPE,via,226440,75920,228040,76400,1600,via3_1600x480
VSS,met2-met3,STRIPE,via,226440,75920,228040,76400,1600,via2_1600x480
VSS,met1-met2,STRIPE,via,226440,75920,228040,76400,1600,via_1600x480
VSS,met3-met4,STRIPE,via,199300,75920,200900,76400,1600,via3_1600x480
VSS,met2-met3,STRIPE,via,199300,75920,200900,76400,1600,via2_1600x480
VSS,met1-met2,STRIPE,via,199300,75920,200900,76400,1600,via_1600x480
VSS,met3-met4,STRIPE,via,172160,75920,173760,76400,1600,via3_1600x480
VSS,met2-met3,STRIPE,via,172160,75920,173760,76400,1600,via2_1600x480
VSS,met1-met2,STRIPE,via,172160,75920,173760,76400,1600,via_1600x480
VSS,met3-met4,STRIPE,via,145020,75920,146620,76400,1600,via3_1600x480
VSS,met2-met3,STRIPE,via,145020,75920,146620,76400,1600,via2_1600x480
VSS,met1-met2,STRIPE,via,145020,75920,146620,76400,1600,via_1600x480
VSS,met3-met4,STRIPE,via,117880,75920,119480,76400,1600,via3_1600x480
VSS,met2-met3,STRIPE,via,117880,75920,119480,76400,1600,via2_1600x480
VSS,met1-met2,STRIPE,via,117880,75920,119480,76400,1600,via_1600x480
VSS,met3-met4,STRIPE,via,90740,75920,92340,76400,1600,via3_1600x480
VSS,met2-met3,STRIPE,via,90740,75920,92340,76400,1600,via2_1600x480
VSS,met1-met2,STRIPE,via,90740,75920,92340,76400,1600,via_1600x480
VSS,met3-met4,STRIPE,via,63600,75920,65200,76400,1600,via3_1600x480
VSS,met2-met3,STRIPE,via,63600,75920,65200,76400,1600,via2_1600x480
VSS,met1-met2,STRIPE,via,63600,75920,65200,76400,1600,via_1600x480
VSS,met3-met4,STRIPE,via,36460,75920,38060,76400,1600,via3_1600x480
VSS,met2-met3,STRIPE,via,36460,75920,38060,76400,1600,via2_1600x480
VSS,met1-met2,STRIPE,via,36460,75920,38060,76400,1600,via_1600x480
VSS,met3-met4,STRIPE,via,253580,70480,255180,70960,1600,via3_1600x480
VSS,met2-met3,STRIPE,via,253580,70480,255180,70960,1600,via2_1600x480
VSS,met1-met2,STRIPE,via,253580,70480,255180,70960,1600,via_1600x480
VSS,met3-met4,STRIPE,via,226440,70480,228040,70960,1600,via3_1600x480
VSS,met2-met3,STRIPE,via,226440,70480,228040,70960,1600,via2_1600x480
VSS,met1-met2,STRIPE,via,226440,70480,228040,70960,1600,via_1600x480
VSS,met3-met4,STRIPE,via,199300,70480,200900,70960,1600,via3_1600x480
VSS,met2-met3,STRIPE,via,199300,70480,200900,70960,1600,via2_1600x480
VSS,met1-met2,STRIPE,via,199300,70480,200900,70960,1600,via_1600x480
VSS,met3-met4,STRIPE,via,172160,70480,173760,70960,1600,via3_1600x480
VSS,met2-met3,STRIPE,via,172160,70480,173760,70960,1600,via2_1600x480
VSS,met1-met2,STRIPE,via,172160,70480,173760,70960,1600,via_1600x480
VSS,met3-met4,STRIPE,via,145020,70480,146620,70960,1600,via3_1600x480
VSS,met2-met3,STRIPE,via,145020,70480,146620,70960,1600,via2_1600x480
VSS,met1-met2,STRIPE,via,145020,70480,146620,70960,1600,via_1600x480
VSS,met3-met4,STRIPE,via,117880,70480,119480,70960,1600,via3_1600x480
VSS,met2-met3,STRIPE,via,117880,70480,119480,70960,1600,via2_1600x480
VSS,met1-met2,STRIPE,via,117880,70480,119480,70960,1600,via_1600x480
VSS,met3-met4,STRIPE,via,90740,70480,92340,70960,1600,via3_1600x480
VSS,met2-met3,STRIPE,via,90740,70480,92340,70960,1600,via2_1600x480
VSS,met1-met2,STRIPE,via,90740,70480,92340,70960,1600,via_1600x480
VSS,met3-met4,STRIPE,via,63600,70480,65200,70960,1600,via3_1600x480
VSS,met2-met3,STRIPE,via,63600,70480,65200,70960,1600,via2_1600x480
VSS,met1-met2,STRIPE,via,63600,70480,65200,70960,1600,via_1600x480
VSS,met3-met4,STRIPE,via,36460,70480,38060,70960,1600,via3_1600x480
VSS,met2-met3,STRIPE,via,36460,70480,38060,70960,1600,via2_1600x480
VSS,met1-met2,STRIPE,via,36460,70480,38060,70960,1600,via_1600x480
VSS,met3-met4,STRIPE,via,253580,65040,255180,65520,1600,via3_1600x480
VSS,met2-met3,STRIPE,via,253580,65040,255180,65520,1600,via2_1600x480
VSS,met1-met2,STRIPE,via,253580,65040,255180,65520,1600,via_1600x480
VSS,met3-met4,STRIPE,via,226440,65040,228040,65520,1600,via3_1600x480
VSS,met2-met3,STRIPE,via,226440,65040,228040,65520,1600,via2_1600x480
VSS,met1-met2,STRIPE,via,226440,65040,228040,65520,1600,via_1600x480
VSS,met3-met4,STRIPE,via,199300,65040,200900,65520,1600,via3_1600x480
VSS,met2-met3,STRIPE,via,199300,65040,200900,65520,1600,via2_1600x480
VSS,met1-met2,STRIPE,via,199300,65040,200900,65520,1600,via_1600x480
VSS,met3-met4,STRIPE,via,172160,65040,173760,65520,1600,via3_1600x480
VSS,met2-met3,STRIPE,via,172160,65040,173760,65520,1600,via2_1600x480
VSS,met1-met2,STRIPE,via,172160,65040,173760,65520,1600,via_1600x480
VSS,met3-met4,STRIPE,via,145020,65040,146620,65520,1600,via3_1600x480
VSS,met2-met3,STRIPE,via,145020,65040,146620,65520,1600,via2_1600x480
VSS,met1-met2,STRIPE,via,145020,65040,146620,65520,1600,via_1600x480
VSS,met3-met4,STRIPE,via,117880,65040,119480,65520,1600,via3_1600x480
VSS,met2-met3,STRIPE,via,117880,65040,119480,65520,1600,via2_1600x480
VSS,met1-met2,STRIPE,via,117880,65040,119480,65520,1600,via_1600x480
VSS,met3-met4,STRIPE,via,90740,65040,92340,65520,1600,via3_1600x480
VSS,met2-met3,STRIPE,via,90740,65040,92340,65520,1600,via2_1600x480
VSS,met1-met2,STRIPE,via,90740,65040,92340,65520,1600,via_1600x480
VSS,met3-met4,STRIPE,via,63600,65040,65200,65520,1600,via3_1600x480
VSS,met2-met3,STRIPE,via,63600,65040,65200,65520,1600,via2_1600x480
VSS,met1-met2,STRIPE,via,63600,65040,65200,65520,1600,via_1600x480
VSS,met3-met4,STRIPE,via,36460,65040,38060,65520,1600,via3_1600x480
VSS,met2-met3,STRIPE,via,36460,65040,38060,65520,1600,via2_1600x480
VSS,met1-met2,STRIPE,via,36460,65040,38060,65520,1600,via_1600x480
VSS,met3-met4,STRIPE,via,253580,59600,255180,60080,1600,via3_1600x480
VSS,met2-met3,STRIPE,via,253580,59600,255180,60080,1600,via2_1600x480
VSS,met1-met2,STRIPE,via,253580,59600,255180,60080,1600,via_1600x480
VSS,met3-met4,STRIPE,via,226440,59600,228040,60080,1600,via3_1600x480
VSS,met2-met3,STRIPE,via,226440,59600,228040,60080,1600,via2_1600x480
VSS,met1-met2,STRIPE,via,226440,59600,228040,60080,1600,via_1600x480
VSS,met3-met4,STRIPE,via,199300,59600,200900,60080,1600,via3_1600x480
VSS,met2-met3,STRIPE,via,199300,59600,200900,60080,1600,via2_1600x480
VSS,met1-met2,STRIPE,via,199300,59600,200900,60080,1600,via_1600x480
VSS,met3-met4,STRIPE,via,172160,59600,173760,60080,1600,via3_1600x480
VSS,met2-met3,STRIPE,via,172160,59600,173760,60080,1600,via2_1600x480
VSS,met1-met2,STRIPE,via,172160,59600,173760,60080,1600,via_1600x480
VSS,met3-met4,STRIPE,via,145020,59600,146620,60080,1600,via3_1600x480
VSS,met2-met3,STRIPE,via,145020,59600,146620,60080,1600,via2_1600x480
VSS,met1-met2,STRIPE,via,145020,59600,146620,60080,1600,via_1600x480
VSS,met3-met4,STRIPE,via,117880,59600,119480,60080,1600,via3_1600x480
VSS,met2-met3,STRIPE,via,117880,59600,119480,60080,1600,via2_1600x480
VSS,met1-met2,STRIPE,via,117880,59600,119480,60080,1600,via_1600x480
VSS,met3-met4,STRIPE,via,90740,59600,92340,60080,1600,via3_1600x480
VSS,met2-met3,STRIPE,via,90740,59600,92340,60080,1600,via2_1600x480
VSS,met1-met2,STRIPE,via,90740,59600,92340,60080,1600,via_1600x480
VSS,met3-met4,STRIPE,via,63600,59600,65200,60080,1600,via3_1600x480
VSS,met2-met3,STRIPE,via,63600,59600,65200,60080,1600,via2_1600x480
VSS,met1-met2,STRIPE,via,63600,59600,65200,60080,1600,via_1600x480
VSS,met3-met4,STRIPE,via,36460,59600,38060,60080,1600,via3_1600x480
VSS,met2-met3,STRIPE,via,36460,59600,38060,60080,1600,via2_1600x480
VSS,met1-met2,STRIPE,via,36460,59600,38060,60080,1600,via_1600x480
VSS,met3-met4,STRIPE,via,253580,54160,255180,54640,1600,via3_1600x480
VSS,met2-met3,STRIPE,via,253580,54160,255180,54640,1600,via2_1600x480
VSS,met1-met2,STRIPE,via,253580,54160,255180,54640,1600,via_1600x480
VSS,met3-met4,STRIPE,via,226440,54160,228040,54640,1600,via3_1600x480
VSS,met2-met3,STRIPE,via,226440,54160,228040,54640,1600,via2_1600x480
VSS,met1-met2,STRIPE,via,226440,54160,228040,54640,1600,via_1600x480
VSS,met3-met4,STRIPE,via,199300,54160,200900,54640,1600,via3_1600x480
VSS,met2-met3,STRIPE,via,199300,54160,200900,54640,1600,via2_1600x480
VSS,met1-met2,STRIPE,via,199300,54160,200900,54640,1600,via_1600x480
VSS,met3-met4,STRIPE,via,172160,54160,173760,54640,1600,via3_1600x480
VSS,met2-met3,STRIPE,via,172160,54160,173760,54640,1600,via2_1600x480
VSS,met1-met2,STRIPE,via,172160,54160,173760,54640,1600,via_1600x480
VSS,met3-met4,STRIPE,via,145020,54160,146620,54640,1600,via3_1600x480
VSS,met2-met3,STRIPE,via,145020,54160,146620,54640,1600,via2_1600x480
VSS,met1-met2,STRIPE,via,145020,54160,146620,54640,1600,via_1600x480
VSS,met3-met4,STRIPE,via,117880,54160,119480,54640,1600,via3_1600x480
VSS,met2-met3,STRIPE,via,117880,54160,119480,54640,1600,via2_1600x480
VSS,met1-met2,STRIPE,via,117880,54160,119480,54640,1600,via_1600x480
VSS,met3-met4,STRIPE,via,90740,54160,92340,54640,1600,via3_1600x480
VSS,met2-met3,STRIPE,via,90740,54160,92340,54640,1600,via2_1600x480
VSS,met1-met2,STRIPE,via,90740,54160,92340,54640,1600,via_1600x480
VSS,met3-met4,STRIPE,via,63600,54160,65200,54640,1600,via3_1600x480
VSS,met2-met3,STRIPE,via,63600,54160,65200,54640,1600,via2_1600x480
VSS,met1-met2,STRIPE,via,63600,54160,65200,54640,1600,via_1600x480
VSS,met3-met4,STRIPE,via,36460,54160,38060,54640,1600,via3_1600x480
VSS,met2-met3,STRIPE,via,36460,54160,38060,54640,1600,via2_1600x480
VSS,met1-met2,STRIPE,via,36460,54160,38060,54640,1600,via_1600x480
VSS,met3-met4,STRIPE,via,253580,48720,255180,49200,1600,via3_1600x480
VSS,met2-met3,STRIPE,via,253580,48720,255180,49200,1600,via2_1600x480
VSS,met1-met2,STRIPE,via,253580,48720,255180,49200,1600,via_1600x480
VSS,met3-met4,STRIPE,via,226440,48720,228040,49200,1600,via3_1600x480
VSS,met2-met3,STRIPE,via,226440,48720,228040,49200,1600,via2_1600x480
VSS,met1-met2,STRIPE,via,226440,48720,228040,49200,1600,via_1600x480
VSS,met3-met4,STRIPE,via,199300,48720,200900,49200,1600,via3_1600x480
VSS,met2-met3,STRIPE,via,199300,48720,200900,49200,1600,via2_1600x480
VSS,met1-met2,STRIPE,via,199300,48720,200900,49200,1600,via_1600x480
VSS,met3-met4,STRIPE,via,172160,48720,173760,49200,1600,via3_1600x480
VSS,met2-met3,STRIPE,via,172160,48720,173760,49200,1600,via2_1600x480
VSS,met1-met2,STRIPE,via,172160,48720,173760,49200,1600,via_1600x480
VSS,met3-met4,STRIPE,via,145020,48720,146620,49200,1600,via3_1600x480
VSS,met2-met3,STRIPE,via,145020,48720,146620,49200,1600,via2_1600x480
VSS,met1-met2,STRIPE,via,145020,48720,146620,49200,1600,via_1600x480
VSS,met3-met4,STRIPE,via,117880,48720,119480,49200,1600,via3_1600x480
VSS,met2-met3,STRIPE,via,117880,48720,119480,49200,1600,via2_1600x480
VSS,met1-met2,STRIPE,via,117880,48720,119480,49200,1600,via_1600x480
VSS,met3-met4,STRIPE,via,90740,48720,92340,49200,1600,via3_1600x480
VSS,met2-met3,STRIPE,via,90740,48720,92340,49200,1600,via2_1600x480
VSS,met1-met2,STRIPE,via,90740,48720,92340,49200,1600,via_1600x480
VSS,met3-met4,STRIPE,via,63600,48720,65200,49200,1600,via3_1600x480
VSS,met2-met3,STRIPE,via,63600,48720,65200,49200,1600,via2_1600x480
VSS,met1-met2,STRIPE,via,63600,48720,65200,49200,1600,via_1600x480
VSS,met3-met4,STRIPE,via,36460,48720,38060,49200,1600,via3_1600x480
VSS,met2-met3,STRIPE,via,36460,48720,38060,49200,1600,via2_1600x480
VSS,met1-met2,STRIPE,via,36460,48720,38060,49200,1600,via_1600x480
VSS,met3-met4,STRIPE,via,253580,43280,255180,43760,1600,via3_1600x480
VSS,met2-met3,STRIPE,via,253580,43280,255180,43760,1600,via2_1600x480
VSS,met1-met2,STRIPE,via,253580,43280,255180,43760,1600,via_1600x480
VSS,met3-met4,STRIPE,via,226440,43280,228040,43760,1600,via3_1600x480
VSS,met2-met3,STRIPE,via,226440,43280,228040,43760,1600,via2_1600x480
VSS,met1-met2,STRIPE,via,226440,43280,228040,43760,1600,via_1600x480
VSS,met3-met4,STRIPE,via,199300,43280,200900,43760,1600,via3_1600x480
VSS,met2-met3,STRIPE,via,199300,43280,200900,43760,1600,via2_1600x480
VSS,met1-met2,STRIPE,via,199300,43280,200900,43760,1600,via_1600x480
VSS,met3-met4,STRIPE,via,172160,43280,173760,43760,1600,via3_1600x480
VSS,met2-met3,STRIPE,via,172160,43280,173760,43760,1600,via2_1600x480
VSS,met1-met2,STRIPE,via,172160,43280,173760,43760,1600,via_1600x480
VSS,met3-met4,STRIPE,via,145020,43280,146620,43760,1600,via3_1600x480
VSS,met2-met3,STRIPE,via,145020,43280,146620,43760,1600,via2_1600x480
VSS,met1-met2,STRIPE,via,145020,43280,146620,43760,1600,via_1600x480
VSS,met3-met4,STRIPE,via,117880,43280,119480,43760,1600,via3_1600x480
VSS,met2-met3,STRIPE,via,117880,43280,119480,43760,1600,via2_1600x480
VSS,met1-met2,STRIPE,via,117880,43280,119480,43760,1600,via_1600x480
VSS,met3-met4,STRIPE,via,90740,43280,92340,43760,1600,via3_1600x480
VSS,met2-met3,STRIPE,via,90740,43280,92340,43760,1600,via2_1600x480
VSS,met1-met2,STRIPE,via,90740,43280,92340,43760,1600,via_1600x480
VSS,met3-met4,STRIPE,via,63600,43280,65200,43760,1600,via3_1600x480
VSS,met2-met3,STRIPE,via,63600,43280,65200,43760,1600,via2_1600x480
VSS,met1-met2,STRIPE,via,63600,43280,65200,43760,1600,via_1600x480
VSS,met3-met4,STRIPE,via,36460,43280,38060,43760,1600,via3_1600x480
VSS,met2-met3,STRIPE,via,36460,43280,38060,43760,1600,via2_1600x480
VSS,met1-met2,STRIPE,via,36460,43280,38060,43760,1600,via_1600x480
VSS,met3-met4,STRIPE,via,253580,37840,255180,38320,1600,via3_1600x480
VSS,met2-met3,STRIPE,via,253580,37840,255180,38320,1600,via2_1600x480
VSS,met1-met2,STRIPE,via,253580,37840,255180,38320,1600,via_1600x480
VSS,met3-met4,STRIPE,via,226440,37840,228040,38320,1600,via3_1600x480
VSS,met2-met3,STRIPE,via,226440,37840,228040,38320,1600,via2_1600x480
VSS,met1-met2,STRIPE,via,226440,37840,228040,38320,1600,via_1600x480
VSS,met3-met4,STRIPE,via,199300,37840,200900,38320,1600,via3_1600x480
VSS,met2-met3,STRIPE,via,199300,37840,200900,38320,1600,via2_1600x480
VSS,met1-met2,STRIPE,via,199300,37840,200900,38320,1600,via_1600x480
VSS,met3-met4,STRIPE,via,172160,37840,173760,38320,1600,via3_1600x480
VSS,met2-met3,STRIPE,via,172160,37840,173760,38320,1600,via2_1600x480
VSS,met1-met2,STRIPE,via,172160,37840,173760,38320,1600,via_1600x480
VSS,met3-met4,STRIPE,via,145020,37840,146620,38320,1600,via3_1600x480
VSS,met2-met3,STRIPE,via,145020,37840,146620,38320,1600,via2_1600x480
VSS,met1-met2,STRIPE,via,145020,37840,146620,38320,1600,via_1600x480
VSS,met3-met4,STRIPE,via,117880,37840,119480,38320,1600,via3_1600x480
VSS,met2-met3,STRIPE,via,117880,37840,119480,38320,1600,via2_1600x480
VSS,met1-met2,STRIPE,via,117880,37840,119480,38320,1600,via_1600x480
VSS,met3-met4,STRIPE,via,90740,37840,92340,38320,1600,via3_1600x480
VSS,met2-met3,STRIPE,via,90740,37840,92340,38320,1600,via2_1600x480
VSS,met1-met2,STRIPE,via,90740,37840,92340,38320,1600,via_1600x480
VSS,met3-met4,STRIPE,via,63600,37840,65200,38320,1600,via3_1600x480
VSS,met2-met3,STRIPE,via,63600,37840,65200,38320,1600,via2_1600x480
VSS,met1-met2,STRIPE,via,63600,37840,65200,38320,1600,via_1600x480
VSS,met3-met4,STRIPE,via,36460,37840,38060,38320,1600,via3_1600x480
VSS,met2-met3,STRIPE,via,36460,37840,38060,38320,1600,via2_1600x480
VSS,met1-met2,STRIPE,via,36460,37840,38060,38320,1600,via_1600x480
VSS,met3-met4,STRIPE,via,253580,32400,255180,32880,1600,via3_1600x480
VSS,met2-met3,STRIPE,via,253580,32400,255180,32880,1600,via2_1600x480
VSS,met1-met2,STRIPE,via,253580,32400,255180,32880,1600,via_1600x480
VSS,met3-met4,STRIPE,via,226440,32400,228040,32880,1600,via3_1600x480
VSS,met2-met3,STRIPE,via,226440,32400,228040,32880,1600,via2_1600x480
VSS,met1-met2,STRIPE,via,226440,32400,228040,32880,1600,via_1600x480
VSS,met3-met4,STRIPE,via,199300,32400,200900,32880,1600,via3_1600x480
VSS,met2-met3,STRIPE,via,199300,32400,200900,32880,1600,via2_1600x480
VSS,met1-met2,STRIPE,via,199300,32400,200900,32880,1600,via_1600x480
VSS,met3-met4,STRIPE,via,172160,32400,173760,32880,1600,via3_1600x480
VSS,met2-met3,STRIPE,via,172160,32400,173760,32880,1600,via2_1600x480
VSS,met1-met2,STRIPE,via,172160,32400,173760,32880,1600,via_1600x480
VSS,met3-met4,STRIPE,via,145020,32400,146620,32880,1600,via3_1600x480
VSS,met2-met3,STRIPE,via,145020,32400,146620,32880,1600,via2_1600x480
VSS,met1-met2,STRIPE,via,145020,32400,146620,32880,1600,via_1600x480
VSS,met3-met4,STRIPE,via,117880,32400,119480,32880,1600,via3_1600x480
VSS,met2-met3,STRIPE,via,117880,32400,119480,32880,1600,via2_1600x480
VSS,met1-met2,STRIPE,via,117880,32400,119480,32880,1600,via_1600x480
VSS,met3-met4,STRIPE,via,90740,32400,92340,32880,1600,via3_1600x480
VSS,met2-met3,STRIPE,via,90740,32400,92340,32880,1600,via2_1600x480
VSS,met1-met2,STRIPE,via,90740,32400,92340,32880,1600,via_1600x480
VSS,met3-met4,STRIPE,via,63600,32400,65200,32880,1600,via3_1600x480
VSS,met2-met3,STRIPE,via,63600,32400,65200,32880,1600,via2_1600x480
VSS,met1-met2,STRIPE,via,63600,32400,65200,32880,1600,via_1600x480
VSS,met3-met4,STRIPE,via,36460,32400,38060,32880,1600,via3_1600x480
VSS,met2-met3,STRIPE,via,36460,32400,38060,32880,1600,via2_1600x480
VSS,met1-met2,STRIPE,via,36460,32400,38060,32880,1600,via_1600x480
VSS,met3-met4,STRIPE,via,253580,26960,255180,27440,1600,via3_1600x480
VSS,met2-met3,STRIPE,via,253580,26960,255180,27440,1600,via2_1600x480
VSS,met1-met2,STRIPE,via,253580,26960,255180,27440,1600,via_1600x480
VSS,met3-met4,STRIPE,via,226440,26960,228040,27440,1600,via3_1600x480
VSS,met2-met3,STRIPE,via,226440,26960,228040,27440,1600,via2_1600x480
VSS,met1-met2,STRIPE,via,226440,26960,228040,27440,1600,via_1600x480
VSS,met3-met4,STRIPE,via,199300,26960,200900,27440,1600,via3_1600x480
VSS,met2-met3,STRIPE,via,199300,26960,200900,27440,1600,via2_1600x480
VSS,met1-met2,STRIPE,via,199300,26960,200900,27440,1600,via_1600x480
VSS,met3-met4,STRIPE,via,172160,26960,173760,27440,1600,via3_1600x480
VSS,met2-met3,STRIPE,via,172160,26960,173760,27440,1600,via2_1600x480
VSS,met1-met2,STRIPE,via,172160,26960,173760,27440,1600,via_1600x480
VSS,met3-met4,STRIPE,via,145020,26960,146620,27440,1600,via3_1600x480
VSS,met2-met3,STRIPE,via,145020,26960,146620,27440,1600,via2_1600x480
VSS,met1-met2,STRIPE,via,145020,26960,146620,27440,1600,via_1600x480
VSS,met3-met4,STRIPE,via,117880,26960,119480,27440,1600,via3_1600x480
VSS,met2-met3,STRIPE,via,117880,26960,119480,27440,1600,via2_1600x480
VSS,met1-met2,STRIPE,via,117880,26960,119480,27440,1600,via_1600x480
VSS,met3-met4,STRIPE,via,90740,26960,92340,27440,1600,via3_1600x480
VSS,met2-met3,STRIPE,via,90740,26960,92340,27440,1600,via2_1600x480
VSS,met1-met2,STRIPE,via,90740,26960,92340,27440,1600,via_1600x480
VSS,met3-met4,STRIPE,via,63600,26960,65200,27440,1600,via3_1600x480
VSS,met2-met3,STRIPE,via,63600,26960,65200,27440,1600,via2_1600x480
VSS,met1-met2,STRIPE,via,63600,26960,65200,27440,1600,via_1600x480
VSS,met3-met4,STRIPE,via,36460,26960,38060,27440,1600,via3_1600x480
VSS,met2-met3,STRIPE,via,36460,26960,38060,27440,1600,via2_1600x480
VSS,met1-met2,STRIPE,via,36460,26960,38060,27440,1600,via_1600x480
VSS,met3-met4,STRIPE,via,253580,21520,255180,22000,1600,via3_1600x480
VSS,met2-met3,STRIPE,via,253580,21520,255180,22000,1600,via2_1600x480
VSS,met1-met2,STRIPE,via,253580,21520,255180,22000,1600,via_1600x480
VSS,met3-met4,STRIPE,via,226440,21520,228040,22000,1600,via3_1600x480
VSS,met2-met3,STRIPE,via,226440,21520,228040,22000,1600,via2_1600x480
VSS,met1-met2,STRIPE,via,226440,21520,228040,22000,1600,via_1600x480
VSS,met3-met4,STRIPE,via,199300,21520,200900,22000,1600,via3_1600x480
VSS,met2-met3,STRIPE,via,199300,21520,200900,22000,1600,via2_1600x480
VSS,met1-met2,STRIPE,via,199300,21520,200900,22000,1600,via_1600x480
VSS,met3-met4,STRIPE,via,172160,21520,173760,22000,1600,via3_1600x480
VSS,met2-met3,STRIPE,via,172160,21520,173760,22000,1600,via2_1600x480
VSS,met1-met2,STRIPE,via,172160,21520,173760,22000,1600,via_1600x480
VSS,met3-met4,STRIPE,via,145020,21520,146620,22000,1600,via3_1600x480
VSS,met2-met3,STRIPE,via,145020,21520,146620,22000,1600,via2_1600x480
VSS,met1-met2,STRIPE,via,145020,21520,146620,22000,1600,via_1600x480
VSS,met3-met4,STRIPE,via,117880,21520,119480,22000,1600,via3_1600x480
VSS,met2-met3,STRIPE,via,117880,21520,119480,22000,1600,via2_1600x480
VSS,met1-met2,STRIPE,via,117880,21520,119480,22000,1600,via_1600x480
VSS,met3-met4,STRIPE,via,90740,21520,92340,22000,1600,via3_1600x480
VSS,met2-met3,STRIPE,via,90740,21520,92340,22000,1600,via2_1600x480
VSS,met1-met2,STRIPE,via,90740,21520,92340,22000,1600,via_1600x480
VSS,met3-met4,STRIPE,via,63600,21520,65200,22000,1600,via3_1600x480
VSS,met2-met3,STRIPE,via,63600,21520,65200,22000,1600,via2_1600x480
VSS,met1-met2,STRIPE,via,63600,21520,65200,22000,1600,via_1600x480
VSS,met3-met4,STRIPE,via,36460,21520,38060,22000,1600,via3_1600x480
VSS,met2-met3,STRIPE,via,36460,21520,38060,22000,1600,via2_1600x480
VSS,met1-met2,STRIPE,via,36460,21520,38060,22000,1600,via_1600x480
VSS,met3-met4,STRIPE,via,253580,16080,255180,16560,1600,via3_1600x480
VSS,met2-met3,STRIPE,via,253580,16080,255180,16560,1600,via2_1600x480
VSS,met1-met2,STRIPE,via,253580,16080,255180,16560,1600,via_1600x480
VSS,met3-met4,STRIPE,via,226440,16080,228040,16560,1600,via3_1600x480
VSS,met2-met3,STRIPE,via,226440,16080,228040,16560,1600,via2_1600x480
VSS,met1-met2,STRIPE,via,226440,16080,228040,16560,1600,via_1600x480
VSS,met3-met4,STRIPE,via,199300,16080,200900,16560,1600,via3_1600x480
VSS,met2-met3,STRIPE,via,199300,16080,200900,16560,1600,via2_1600x480
VSS,met1-met2,STRIPE,via,199300,16080,200900,16560,1600,via_1600x480
VSS,met3-met4,STRIPE,via,172160,16080,173760,16560,1600,via3_1600x480
VSS,met2-met3,STRIPE,via,172160,16080,173760,16560,1600,via2_1600x480
VSS,met1-met2,STRIPE,via,172160,16080,173760,16560,1600,via_1600x480
VSS,met3-met4,STRIPE,via,145020,16080,146620,16560,1600,via3_1600x480
VSS,met2-met3,STRIPE,via,145020,16080,146620,16560,1600,via2_1600x480
VSS,met1-met2,STRIPE,via,145020,16080,146620,16560,1600,via_1600x480
VSS,met3-met4,STRIPE,via,117880,16080,119480,16560,1600,via3_1600x480
VSS,met2-met3,STRIPE,via,117880,16080,119480,16560,1600,via2_1600x480
VSS,met1-met2,STRIPE,via,117880,16080,119480,16560,1600,via_1600x480
VSS,met3-met4,STRIPE,via,90740,16080,92340,16560,1600,via3_1600x480
VSS,met2-met3,STRIPE,via,90740,16080,92340,16560,1600,via2_1600x480
VSS,met1-met2,STRIPE,via,90740,16080,92340,16560,1600,via_1600x480
VSS,met3-met4,STRIPE,via,63600,16080,65200,16560,1600,via3_1600x480
VSS,met2-met3,STRIPE,via,63600,16080,65200,16560,1600,via2_1600x480
VSS,met1-met2,STRIPE,via,63600,16080,65200,16560,1600,via_1600x480
VSS,met3-met4,STRIPE,via,36460,16080,38060,16560,1600,via3_1600x480
VSS,met2-met3,STRIPE,via,36460,16080,38060,16560,1600,via2_1600x480
VSS,met1-met2,STRIPE,via,36460,16080,38060,16560,1600,via_1600x480
VSS,met3-met4,STRIPE,via,253580,10640,255180,11120,1600,via3_1600x480
VSS,met2-met3,STRIPE,via,253580,10640,255180,11120,1600,via2_1600x480
VSS,met1-met2,STRIPE,via,253580,10640,255180,11120,1600,via_1600x480
VSS,met3-met4,STRIPE,via,226440,10640,228040,11120,1600,via3_1600x480
VSS,met2-met3,STRIPE,via,226440,10640,228040,11120,1600,via2_1600x480
VSS,met1-met2,STRIPE,via,226440,10640,228040,11120,1600,via_1600x480
VSS,met3-met4,STRIPE,via,199300,10640,200900,11120,1600,via3_1600x480
VSS,met2-met3,STRIPE,via,199300,10640,200900,11120,1600,via2_1600x480
VSS,met1-met2,STRIPE,via,199300,10640,200900,11120,1600,via_1600x480
VSS,met3-met4,STRIPE,via,172160,10640,173760,11120,1600,via3_1600x480
VSS,met2-met3,STRIPE,via,172160,10640,173760,11120,1600,via2_1600x480
VSS,met1-met2,STRIPE,via,172160,10640,173760,11120,1600,via_1600x480
VSS,met3-met4,STRIPE,via,145020,10640,146620,11120,1600,via3_1600x480
VSS,met2-met3,STRIPE,via,145020,10640,146620,11120,1600,via2_1600x480
VSS,met1-met2,STRIPE,via,145020,10640,146620,11120,1600,via_1600x480
VSS,met3-met4,STRIPE,via,117880,10640,119480,11120,1600,via3_1600x480
VSS,met2-met3,STRIPE,via,117880,10640,119480,11120,1600,via2_1600x480
VSS,met1-met2,STRIPE,via,117880,10640,119480,11120,1600,via_1600x480
VSS,met3-met4,STRIPE,via,90740,10640,92340,11120,1600,via3_1600x480
VSS,met2-met3,STRIPE,via,90740,10640,92340,11120,1600,via2_1600x480
VSS,met1-met2,STRIPE,via,90740,10640,92340,11120,1600,via_1600x480
VSS,met3-met4,STRIPE,via,63600,10640,65200,11120,1600,via3_1600x480
VSS,met2-met3,STRIPE,via,63600,10640,65200,11120,1600,via2_1600x480
VSS,met1-met2,STRIPE,via,63600,10640,65200,11120,1600,via_1600x480
VSS,met3-met4,STRIPE,via,36460,10640,38060,11120,1600,via3_1600x480
VSS,met2-met3,STRIPE,via,36460,10640,38060,11120,1600,via2_1600x480
VSS,met1-met2,STRIPE,via,36460,10640,38060,11120,1600,via_1600x480
VSS,met5,STRIPE,wire,10120,254640,269560,256240,1600,
VSS,met5,STRIPE,wire,10120,227440,269560,229040,1600,
VSS,met5,STRIPE,wire,10120,200240,269560,201840,1600,
VSS,met5,STRIPE,wire,10120,173040,269560,174640,1600,
VSS,met5,STRIPE,wire,10120,145840,269560,147440,1600,
VSS,met5,STRIPE,wire,10120,118640,269560,120240,1600,
VSS,met5,STRIPE,wire,10120,91440,269560,93040,1600,
VSS,met5,STRIPE,wire,10120,64240,269560,65840,1600,
VSS,met5,STRIPE,wire,10120,37040,269560,38640,1600,
VSS,met4,STRIPE,wire,253580,10640,255180,269520,1600,
VSS,met4,STRIPE,wire,226440,10640,228040,269520,1600,
VSS,met4,STRIPE,wire,199300,10640,200900,269520,1600,
VSS,met4,STRIPE,wire,172160,10640,173760,269520,1600,
VSS,met4,STRIPE,wire,145020,10640,146620,269520,1600,
VSS,met4,STRIPE,wire,117880,10640,119480,269520,1600,
VSS,met4,STRIPE,wire,90740,10640,92340,269520,1600,
VSS,met4,STRIPE,wire,63600,10640,65200,269520,1600,
VSS,met4,STRIPE,wire,36460,10640,38060,269520,1600,
VSS,met1,FOLLOWPIN,wire,10120,266320,269560,266800,480,
VSS,met1,FOLLOWPIN,wire,10120,260880,269560,261360,480,
VSS,met1,FOLLOWPIN,wire,10120,255440,269560,255920,480,
VSS,met1,FOLLOWPIN,wire,10120,250000,269560,250480,480,
VSS,met1,FOLLOWPIN,wire,10120,244560,269560,245040,480,
VSS,met1,FOLLOWPIN,wire,10120,239120,269560,239600,480,
VSS,met1,FOLLOWPIN,wire,10120,233680,269560,234160,480,
VSS,met1,FOLLOWPIN,wire,10120,228240,269560,228720,480,
VSS,met1,FOLLOWPIN,wire,10120,222800,269560,223280,480,
VSS,met1,FOLLOWPIN,wire,10120,217360,269560,217840,480,
VSS,met1,FOLLOWPIN,wire,10120,211920,269560,212400,480,
VSS,met1,FOLLOWPIN,wire,10120,206480,269560,206960,480,
VSS,met1,FOLLOWPIN,wire,10120,201040,269560,201520,480,
VSS,met1,FOLLOWPIN,wire,10120,195600,269560,196080,480,
VSS,met1,FOLLOWPIN,wire,10120,190160,269560,190640,480,
VSS,met1,FOLLOWPIN,wire,10120,184720,269560,185200,480,
VSS,met1,FOLLOWPIN,wire,10120,179280,269560,179760,480,
VSS,met1,FOLLOWPIN,wire,10120,173840,269560,174320,480,
VSS,met1,FOLLOWPIN,wire,10120,168400,269560,168880,480,
VSS,met1,FOLLOWPIN,wire,10120,162960,269560,163440,480,
VSS,met1,FOLLOWPIN,wire,10120,157520,269560,158000,480,
VSS,met1,FOLLOWPIN,wire,10120,152080,269560,152560,480,
VSS,met1,FOLLOWPIN,wire,10120,146640,269560,147120,480,
VSS,met1,FOLLOWPIN,wire,10120,141200,269560,141680,480,
VSS,met1,FOLLOWPIN,wire,10120,135760,269560,136240,480,
VSS,met1,FOLLOWPIN,wire,10120,130320,269560,130800,480,
VSS,met1,FOLLOWPIN,wire,10120,124880,269560,125360,480,
VSS,met1,FOLLOWPIN,wire,10120,119440,269560,119920,480,
VSS,met1,FOLLOWPIN,wire,10120,114000,269560,114480,480,
VSS,met1,FOLLOWPIN,wire,10120,108560,269560,109040,480,
VSS,met1,FOLLOWPIN,wire,10120,103120,269560,103600,480,
VSS,met1,FOLLOWPIN,wire,10120,97680,269560,98160,480,
VSS,met1,FOLLOWPIN,wire,10120,92240,269560,92720,480,
VSS,met1,FOLLOWPIN,wire,10120,86800,269560,87280,480,
VSS,met1,FOLLOWPIN,wire,10120,81360,269560,81840,480,
VSS,met1,FOLLOWPIN,wire,10120,75920,269560,76400,480,
VSS,met1,FOLLOWPIN,wire,10120,70480,269560,70960,480,
VSS,met1,FOLLOWPIN,wire,10120,65040,269560,65520,480,
VSS,met1,FOLLOWPIN,wire,10120,59600,269560,60080,480,
VSS,met1,FOLLOWPIN,wire,10120,54160,269560,54640,480,
VSS,met1,FOLLOWPIN,wire,10120,48720,269560,49200,480,
VSS,met1,FOLLOWPIN,wire,10120,43280,269560,43760,480,
VSS,met1,FOLLOWPIN,wire,10120,37840,269560,38320,480,
VSS,met1,FOLLOWPIN,wire,10120,32400,269560,32880,480,
VSS,met1,FOLLOWPIN,wire,10120,26960,269560,27440,480,
VSS,met1,FOLLOWPIN,wire,10120,21520,269560,22000,480,
VSS,met1,FOLLOWPIN,wire,10120,16080,269560,16560,480,
VSS,met1,FOLLOWPIN,wire,10120,10640,269560,11120,480,
VDD,met4-met5,STRIPE,via,267150,241040,268750,242640,1600,via4_1600x1600
VDD,met4-met5,STRIPE,via,240010,241040,241610,242640,1600,via4_1600x1600
VDD,met4-met5,STRIPE,via,212870,241040,214470,242640,1600,via4_1600x1600
VDD,met4-met5,STRIPE,via,185730,241040,187330,242640,1600,via4_1600x1600
VDD,met4-met5,STRIPE,via,158590,241040,160190,242640,1600,via4_1600x1600
VDD,met4-met5,STRIPE,via,131450,241040,133050,242640,1600,via4_1600x1600
VDD,met4-met5,STRIPE,via,104310,241040,105910,242640,1600,via4_1600x1600
VDD,met4-met5,STRIPE,via,77170,241040,78770,242640,1600,via4_1600x1600
VDD,met4-met5,STRIPE,via,50030,241040,51630,242640,1600,via4_1600x1600
VDD,met4-met5,STRIPE,via,22890,241040,24490,242640,1600,via4_1600x1600
VDD,met4-met5,STRIPE,via,267150,213840,268750,215440,1600,via4_1600x1600
VDD,met4-met5,STRIPE,via,240010,213840,241610,215440,1600,via4_1600x1600
VDD,met4-met5,STRIPE,via,212870,213840,214470,215440,1600,via4_1600x1600
VDD,met4-met5,STRIPE,via,185730,213840,187330,215440,1600,via4_1600x1600
VDD,met4-met5,STRIPE,via,158590,213840,160190,215440,1600,via4_1600x1600
VDD,met4-met5,STRIPE,via,131450,213840,133050,215440,1600,via4_1600x1600
VDD,met4-met5,STRIPE,via,104310,213840,105910,215440,1600,via4_1600x1600
VDD,met4-met5,STRIPE,via,77170,213840,78770,215440,1600,via4_1600x1600
VDD,met4-met5,STRIPE,via,50030,213840,51630,215440,1600,via4_1600x1600
VDD,met4-met5,STRIPE,via,22890,213840,24490,215440,1600,via4_1600x1600
VDD,met4-met5,STRIPE,via,267150,186640,268750,188240,1600,via4_1600x1600
VDD,met4-met5,STRIPE,via,240010,186640,241610,188240,1600,via4_1600x1600
VDD,met4-met5,STRIPE,via,212870,186640,214470,188240,1600,via4_1600x1600
VDD,met4-met5,STRIPE,via,185730,186640,187330,188240,1600,via4_1600x1600
VDD,met4-met5,STRIPE,via,158590,186640,160190,188240,1600,via4_1600x1600
VDD,met4-met5,STRIPE,via,131450,186640,133050,188240,1600,via4_1600x1600
VDD,met4-met5,STRIPE,via,104310,186640,105910,188240,1600,via4_1600x1600
VDD,met4-met5,STRIPE,via,77170,186640,78770,188240,1600,via4_1600x1600
VDD,met4-met5,STRIPE,via,50030,186640,51630,188240,1600,via4_1600x1600
VDD,met4-met5,STRIPE,via,22890,186640,24490,188240,1600,via4_1600x1600
VDD,met4-met5,STRIPE,via,267150,159440,268750,161040,1600,via4_1600x1600
VDD,met4-met5,STRIPE,via,240010,159440,241610,161040,1600,via4_1600x1600
VDD,met4-met5,STRIPE,via,212870,159440,214470,161040,1600,via4_1600x1600
VDD,met4-met5,STRIPE,via,185730,159440,187330,161040,1600,via4_1600x1600
VDD,met4-met5,STRIPE,via,158590,159440,160190,161040,1600,via4_1600x1600
VDD,met4-met5,STRIPE,via,131450,159440,133050,161040,1600,via4_1600x1600
VDD,met4-met5,STRIPE,via,104310,159440,105910,161040,1600,via4_1600x1600
VDD,met4-met5,STRIPE,via,77170,159440,78770,161040,1600,via4_1600x1600
VDD,met4-met5,STRIPE,via,50030,159440,51630,161040,1600,via4_1600x1600
VDD,met4-met5,STRIPE,via,22890,159440,24490,161040,1600,via4_1600x1600
VDD,met4-met5,STRIPE,via,267150,132240,268750,133840,1600,via4_1600x1600
VDD,met4-met5,STRIPE,via,240010,132240,241610,133840,1600,via4_1600x1600
VDD,met4-met5,STRIPE,via,212870,132240,214470,133840,1600,via4_1600x1600
VDD,met4-met5,STRIPE,via,185730,132240,187330,133840,1600,via4_1600x1600
VDD,met4-met5,STRIPE,via,158590,132240,160190,133840,1600,via4_1600x1600
VDD,met4-met5,STRIPE,via,131450,132240,133050,133840,1600,via4_1600x1600
VDD,met4-met5,STRIPE,via,104310,132240,105910,133840,1600,via4_1600x1600
VDD,met4-met5,STRIPE,via,77170,132240,78770,133840,1600,via4_1600x1600
VDD,met4-met5,STRIPE,via,50030,132240,51630,133840,1600,via4_1600x1600
VDD,met4-met5,STRIPE,via,22890,132240,24490,133840,1600,via4_1600x1600
VDD,met4-met5,STRIPE,via,267150,105040,268750,106640,1600,via4_1600x1600
VDD,met4-met5,STRIPE,via,240010,105040,241610,106640,1600,via4_1600x1600
VDD,met4-met5,STRIPE,via,212870,105040,214470,106640,1600,via4_1600x1600
VDD,met4-met5,STRIPE,via,185730,105040,187330,106640,1600,via4_1600x1600
VDD,met4-met5,STRIPE,via,158590,105040,160190,106640,1600,via4_1600x1600
VDD,met4-met5,STRIPE,via,131450,105040,133050,106640,1600,via4_1600x1600
VDD,met4-met5,STRIPE,via,104310,105040,105910,106640,1600,via4_1600x1600
VDD,met4-met5,STRIPE,via,77170,105040,78770,106640,1600,via4_1600x1600
VDD,met4-met5,STRIPE,via,50030,105040,51630,106640,1600,via4_1600x1600
VDD,met4-met5,STRIPE,via,22890,105040,24490,106640,1600,via4_1600x1600
VDD,met4-met5,STRIPE,via,267150,77840,268750,79440,1600,via4_1600x1600
VDD,met4-met5,STRIPE,via,240010,77840,241610,79440,1600,via4_1600x1600
VDD,met4-met5,STRIPE,via,212870,77840,214470,79440,1600,via4_1600x1600
VDD,met4-met5,STRIPE,via,185730,77840,187330,79440,1600,via4_1600x1600
VDD,met4-met5,STRIPE,via,158590,77840,160190,79440,1600,via4_1600x1600
VDD,met4-met5,STRIPE,via,131450,77840,133050,79440,1600,via4_1600x1600
VDD,met4-met5,STRIPE,via,104310,77840,105910,79440,1600,via4_1600x1600
VDD,met4-met5,STRIPE,via,77170,77840,78770,79440,1600,via4_1600x1600
VDD,met4-met5,STRIPE,via,50030,77840,51630,79440,1600,via4_1600x1600
VDD,met4-met5,STRIPE,via,22890,77840,24490,79440,1600,via4_1600x1600
VDD,met4-met5,STRIPE,via,267150,50640,268750,52240,1600,via4_1600x1600
VDD,met4-met5,STRIPE,via,240010,50640,241610,52240,1600,via4_1600x1600
VDD,met4-met5,STRIPE,via,212870,50640,214470,52240,1600,via4_1600x1600
VDD,met4-met5,STRIPE,via,185730,50640,187330,52240,1600,via4_1600x1600
VDD,met4-met5,STRIPE,via,158590,50640,160190,52240,1600,via4_1600x1600
VDD,met4-met5,STRIPE,via,131450,50640,133050,52240,1600,via4_1600x1600
VDD,met4-met5,STRIPE,via,104310,50640,105910,52240,1600,via4_1600x1600
VDD,met4-met5,STRIPE,via,77170,50640,78770,52240,1600,via4_1600x1600
VDD,met4-met5,STRIPE,via,50030,50640,51630,52240,1600,via4_1600x1600
VDD,met4-met5,STRIPE,via,22890,50640,24490,52240,1600,via4_1600x1600
VDD,met4-met5,STRIPE,via,267150,23440,268750,25040,1600,via4_1600x1600
VDD,met4-met5,STRIPE,via,240010,23440,241610,25040,1600,via4_1600x1600
VDD,met4-met5,STRIPE,via,212870,23440,214470,25040,1600,via4_1600x1600
VDD,met4-met5,STRIPE,via,185730,23440,187330,25040,1600,via4_1600x1600
VDD,met4-met5,STRIPE,via,158590,23440,160190,25040,1600,via4_1600x1600
VDD,met4-met5,STRIPE,via,131450,23440,133050,25040,1600,via4_1600x1600
VDD,met4-met5,STRIPE,via,104310,23440,105910,25040,1600,via4_1600x1600
VDD,met4-met5,STRIPE,via,77170,23440,78770,25040,1600,via4_1600x1600
VDD,met4-met5,STRIPE,via,50030,23440,51630,25040,1600,via4_1600x1600
VDD,met4-met5,STRIPE,via,22890,23440,24490,25040,1600,via4_1600x1600
VDD,met3-met4,STRIPE,via,267150,269040,268750,269520,1600,via3_1600x480
VDD,met2-met3,STRIPE,via,267150,269040,268750,269520,1600,via2_1600x480
VDD,met1-met2,STRIPE,via,267150,269040,268750,269520,1600,via_1600x480
VDD,met3-met4,STRIPE,via,240010,269040,241610,269520,1600,via3_1600x480
VDD,met2-met3,STRIPE,via,240010,269040,241610,269520,1600,via2_1600x480
VDD,met1-met2,STRIPE,via,240010,269040,241610,269520,1600,via_1600x480
VDD,met3-met4,STRIPE,via,212870,269040,214470,269520,1600,via3_1600x480
VDD,met2-met3,STRIPE,via,212870,269040,214470,269520,1600,via2_1600x480
VDD,met1-met2,STRIPE,via,212870,269040,214470,269520,1600,via_1600x480
VDD,met3-met4,STRIPE,via,185730,269040,187330,269520,1600,via3_1600x480
VDD,met2-met3,STRIPE,via,185730,269040,187330,269520,1600,via2_1600x480
VDD,met1-met2,STRIPE,via,185730,269040,187330,269520,1600,via_1600x480
VDD,met3-met4,STRIPE,via,158590,269040,160190,269520,1600,via3_1600x480
VDD,met2-met3,STRIPE,via,158590,269040,160190,269520,1600,via2_1600x480
VDD,met1-met2,STRIPE,via,158590,269040,160190,269520,1600,via_1600x480
VDD,met3-met4,STRIPE,via,131450,269040,133050,269520,1600,via3_1600x480
VDD,met2-met3,STRIPE,via,131450,269040,133050,269520,1600,via2_1600x480
VDD,met1-met2,STRIPE,via,131450,269040,133050,269520,1600,via_1600x480
VDD,met3-met4,STRIPE,via,104310,269040,105910,269520,1600,via3_1600x480
VDD,met2-met3,STRIPE,via,104310,269040,105910,269520,1600,via2_1600x480
VDD,met1-met2,STRIPE,via,104310,269040,105910,269520,1600,via_1600x480
VDD,met3-met4,STRIPE,via,77170,269040,78770,269520,1600,via3_1600x480
VDD,met2-met3,STRIPE,via,77170,269040,78770,269520,1600,via2_1600x480
VDD,met1-met2,STRIPE,via,77170,269040,78770,269520,1600,via_1600x480
VDD,met3-met4,STRIPE,via,50030,269040,51630,269520,1600,via3_1600x480
VDD,met2-met3,STRIPE,via,50030,269040,51630,269520,1600,via2_1600x480
VDD,met1-met2,STRIPE,via,50030,269040,51630,269520,1600,via_1600x480
VDD,met3-met4,STRIPE,via,22890,269040,24490,269520,1600,via3_1600x480
VDD,met2-met3,STRIPE,via,22890,269040,24490,269520,1600,via2_1600x480
VDD,met1-met2,STRIPE,via,22890,269040,24490,269520,1600,via_1600x480
VDD,met3-met4,STRIPE,via,267150,263600,268750,264080,1600,via3_1600x480
VDD,met2-met3,STRIPE,via,267150,263600,268750,264080,1600,via2_1600x480
VDD,met1-met2,STRIPE,via,267150,263600,268750,264080,1600,via_1600x480
VDD,met3-met4,STRIPE,via,240010,263600,241610,264080,1600,via3_1600x480
VDD,met2-met3,STRIPE,via,240010,263600,241610,264080,1600,via2_1600x480
VDD,met1-met2,STRIPE,via,240010,263600,241610,264080,1600,via_1600x480
VDD,met3-met4,STRIPE,via,212870,263600,214470,264080,1600,via3_1600x480
VDD,met2-met3,STRIPE,via,212870,263600,214470,264080,1600,via2_1600x480
VDD,met1-met2,STRIPE,via,212870,263600,214470,264080,1600,via_1600x480
VDD,met3-met4,STRIPE,via,185730,263600,187330,264080,1600,via3_1600x480
VDD,met2-met3,STRIPE,via,185730,263600,187330,264080,1600,via2_1600x480
VDD,met1-met2,STRIPE,via,185730,263600,187330,264080,1600,via_1600x480
VDD,met3-met4,STRIPE,via,158590,263600,160190,264080,1600,via3_1600x480
VDD,met2-met3,STRIPE,via,158590,263600,160190,264080,1600,via2_1600x480
VDD,met1-met2,STRIPE,via,158590,263600,160190,264080,1600,via_1600x480
VDD,met3-met4,STRIPE,via,131450,263600,133050,264080,1600,via3_1600x480
VDD,met2-met3,STRIPE,via,131450,263600,133050,264080,1600,via2_1600x480
VDD,met1-met2,STRIPE,via,131450,263600,133050,264080,1600,via_1600x480
VDD,met3-met4,STRIPE,via,104310,263600,105910,264080,1600,via3_1600x480
VDD,met2-met3,STRIPE,via,104310,263600,105910,264080,1600,via2_1600x480
VDD,met1-met2,STRIPE,via,104310,263600,105910,264080,1600,via_1600x480
VDD,met3-met4,STRIPE,via,77170,263600,78770,264080,1600,via3_1600x480
VDD,met2-met3,STRIPE,via,77170,263600,78770,264080,1600,via2_1600x480
VDD,met1-met2,STRIPE,via,77170,263600,78770,264080,1600,via_1600x480
VDD,met3-met4,STRIPE,via,50030,263600,51630,264080,1600,via3_1600x480
VDD,met2-met3,STRIPE,via,50030,263600,51630,264080,1600,via2_1600x480
VDD,met1-met2,STRIPE,via,50030,263600,51630,264080,1600,via_1600x480
VDD,met3-met4,STRIPE,via,22890,263600,24490,264080,1600,via3_1600x480
VDD,met2-met3,STRIPE,via,22890,263600,24490,264080,1600,via2_1600x480
VDD,met1-met2,STRIPE,via,22890,263600,24490,264080,1600,via_1600x480
VDD,met3-met4,STRIPE,via,267150,258160,268750,258640,1600,via3_1600x480
VDD,met2-met3,STRIPE,via,267150,258160,268750,258640,1600,via2_1600x480
VDD,met1-met2,STRIPE,via,267150,258160,268750,258640,1600,via_1600x480
VDD,met3-met4,STRIPE,via,240010,258160,241610,258640,1600,via3_1600x480
VDD,met2-met3,STRIPE,via,240010,258160,241610,258640,1600,via2_1600x480
VDD,met1-met2,STRIPE,via,240010,258160,241610,258640,1600,via_1600x480
VDD,met3-met4,STRIPE,via,212870,258160,214470,258640,1600,via3_1600x480
VDD,met2-met3,STRIPE,via,212870,258160,214470,258640,1600,via2_1600x480
VDD,met1-met2,STRIPE,via,212870,258160,214470,258640,1600,via_1600x480
VDD,met3-met4,STRIPE,via,185730,258160,187330,258640,1600,via3_1600x480
VDD,met2-met3,STRIPE,via,185730,258160,187330,258640,1600,via2_1600x480
VDD,met1-met2,STRIPE,via,185730,258160,187330,258640,1600,via_1600x480
VDD,met3-met4,STRIPE,via,158590,258160,160190,258640,1600,via3_1600x480
VDD,met2-met3,STRIPE,via,158590,258160,160190,258640,1600,via2_1600x480
VDD,met1-met2,STRIPE,via,158590,258160,160190,258640,1600,via_1600x480
VDD,met3-met4,STRIPE,via,131450,258160,133050,258640,1600,via3_1600x480
VDD,met2-met3,STRIPE,via,131450,258160,133050,258640,1600,via2_1600x480
VDD,met1-met2,STRIPE,via,131450,258160,133050,258640,1600,via_1600x480
VDD,met3-met4,STRIPE,via,104310,258160,105910,258640,1600,via3_1600x480
VDD,met2-met3,STRIPE,via,104310,258160,105910,258640,1600,via2_1600x480
VDD,met1-met2,STRIPE,via,104310,258160,105910,258640,1600,via_1600x480
VDD,met3-met4,STRIPE,via,77170,258160,78770,258640,1600,via3_1600x480
VDD,met2-met3,STRIPE,via,77170,258160,78770,258640,1600,via2_1600x480
VDD,met1-met2,STRIPE,via,77170,258160,78770,258640,1600,via_1600x480
VDD,met3-met4,STRIPE,via,50030,258160,51630,258640,1600,via3_1600x480
VDD,met2-met3,STRIPE,via,50030,258160,51630,258640,1600,via2_1600x480
VDD,met1-met2,STRIPE,via,50030,258160,51630,258640,1600,via_1600x480
VDD,met3-met4,STRIPE,via,22890,258160,24490,258640,1600,via3_1600x480
VDD,met2-met3,STRIPE,via,22890,258160,24490,258640,1600,via2_1600x480
VDD,met1-met2,STRIPE,via,22890,258160,24490,258640,1600,via_1600x480
VDD,met3-met4,STRIPE,via,267150,252720,268750,253200,1600,via3_1600x480
VDD,met2-met3,STRIPE,via,267150,252720,268750,253200,1600,via2_1600x480
VDD,met1-met2,STRIPE,via,267150,252720,268750,253200,1600,via_1600x480
VDD,met3-met4,STRIPE,via,240010,252720,241610,253200,1600,via3_1600x480
VDD,met2-met3,STRIPE,via,240010,252720,241610,253200,1600,via2_1600x480
VDD,met1-met2,STRIPE,via,240010,252720,241610,253200,1600,via_1600x480
VDD,met3-met4,STRIPE,via,212870,252720,214470,253200,1600,via3_1600x480
VDD,met2-met3,STRIPE,via,212870,252720,214470,253200,1600,via2_1600x480
VDD,met1-met2,STRIPE,via,212870,252720,214470,253200,1600,via_1600x480
VDD,met3-met4,STRIPE,via,185730,252720,187330,253200,1600,via3_1600x480
VDD,met2-met3,STRIPE,via,185730,252720,187330,253200,1600,via2_1600x480
VDD,met1-met2,STRIPE,via,185730,252720,187330,253200,1600,via_1600x480
VDD,met3-met4,STRIPE,via,158590,252720,160190,253200,1600,via3_1600x480
VDD,met2-met3,STRIPE,via,158590,252720,160190,253200,1600,via2_1600x480
VDD,met1-met2,STRIPE,via,158590,252720,160190,253200,1600,via_1600x480
VDD,met3-met4,STRIPE,via,131450,252720,133050,253200,1600,via3_1600x480
VDD,met2-met3,STRIPE,via,131450,252720,133050,253200,1600,via2_1600x480
VDD,met1-met2,STRIPE,via,131450,252720,133050,253200,1600,via_1600x480
VDD,met3-met4,STRIPE,via,104310,252720,105910,253200,1600,via3_1600x480
VDD,met2-met3,STRIPE,via,104310,252720,105910,253200,1600,via2_1600x480
VDD,met1-met2,STRIPE,via,104310,252720,105910,253200,1600,via_1600x480
VDD,met3-met4,STRIPE,via,77170,252720,78770,253200,1600,via3_1600x480
VDD,met2-met3,STRIPE,via,77170,252720,78770,253200,1600,via2_1600x480
VDD,met1-met2,STRIPE,via,77170,252720,78770,253200,1600,via_1600x480
VDD,met3-met4,STRIPE,via,50030,252720,51630,253200,1600,via3_1600x480
VDD,met2-met3,STRIPE,via,50030,252720,51630,253200,1600,via2_1600x480
VDD,met1-met2,STRIPE,via,50030,252720,51630,253200,1600,via_1600x480
VDD,met3-met4,STRIPE,via,22890,252720,24490,253200,1600,via3_1600x480
VDD,met2-met3,STRIPE,via,22890,252720,24490,253200,1600,via2_1600x480
VDD,met1-met2,STRIPE,via,22890,252720,24490,253200,1600,via_1600x480
VDD,met3-met4,STRIPE,via,267150,247280,268750,247760,1600,via3_1600x480
VDD,met2-met3,STRIPE,via,267150,247280,268750,247760,1600,via2_1600x480
VDD,met1-met2,STRIPE,via,267150,247280,268750,247760,1600,via_1600x480
VDD,met3-met4,STRIPE,via,240010,247280,241610,247760,1600,via3_1600x480
VDD,met2-met3,STRIPE,via,240010,247280,241610,247760,1600,via2_1600x480
VDD,met1-met2,STRIPE,via,240010,247280,241610,247760,1600,via_1600x480
VDD,met3-met4,STRIPE,via,212870,247280,214470,247760,1600,via3_1600x480
VDD,met2-met3,STRIPE,via,212870,247280,214470,247760,1600,via2_1600x480
VDD,met1-met2,STRIPE,via,212870,247280,214470,247760,1600,via_1600x480
VDD,met3-met4,STRIPE,via,185730,247280,187330,247760,1600,via3_1600x480
VDD,met2-met3,STRIPE,via,185730,247280,187330,247760,1600,via2_1600x480
VDD,met1-met2,STRIPE,via,185730,247280,187330,247760,1600,via_1600x480
VDD,met3-met4,STRIPE,via,158590,247280,160190,247760,1600,via3_1600x480
VDD,met2-met3,STRIPE,via,158590,247280,160190,247760,1600,via2_1600x480
VDD,met1-met2,STRIPE,via,158590,247280,160190,247760,1600,via_1600x480
VDD,met3-met4,STRIPE,via,131450,247280,133050,247760,1600,via3_1600x480
VDD,met2-met3,STRIPE,via,131450,247280,133050,247760,1600,via2_1600x480
VDD,met1-met2,STRIPE,via,131450,247280,133050,247760,1600,via_1600x480
VDD,met3-met4,STRIPE,via,104310,247280,105910,247760,1600,via3_1600x480
VDD,met2-met3,STRIPE,via,104310,247280,105910,247760,1600,via2_1600x480
VDD,met1-met2,STRIPE,via,104310,247280,105910,247760,1600,via_1600x480
VDD,met3-met4,STRIPE,via,77170,247280,78770,247760,1600,via3_1600x480
VDD,met2-met3,STRIPE,via,77170,247280,78770,247760,1600,via2_1600x480
VDD,met1-met2,STRIPE,via,77170,247280,78770,247760,1600,via_1600x480
VDD,met3-met4,STRIPE,via,50030,247280,51630,247760,1600,via3_1600x480
VDD,met2-met3,STRIPE,via,50030,247280,51630,247760,1600,via2_1600x480
VDD,met1-met2,STRIPE,via,50030,247280,51630,247760,1600,via_1600x480
VDD,met3-met4,STRIPE,via,22890,247280,24490,247760,1600,via3_1600x480
VDD,met2-met3,STRIPE,via,22890,247280,24490,247760,1600,via2_1600x480
VDD,met1-met2,STRIPE,via,22890,247280,24490,247760,1600,via_1600x480
VDD,met3-met4,STRIPE,via,267150,241840,268750,242320,1600,via3_1600x480
VDD,met2-met3,STRIPE,via,267150,241840,268750,242320,1600,via2_1600x480
VDD,met1-met2,STRIPE,via,267150,241840,268750,242320,1600,via_1600x480
VDD,met3-met4,STRIPE,via,240010,241840,241610,242320,1600,via3_1600x480
VDD,met2-met3,STRIPE,via,240010,241840,241610,242320,1600,via2_1600x480
VDD,met1-met2,STRIPE,via,240010,241840,241610,242320,1600,via_1600x480
VDD,met3-met4,STRIPE,via,212870,241840,214470,242320,1600,via3_1600x480
VDD,met2-met3,STRIPE,via,212870,241840,214470,242320,1600,via2_1600x480
VDD,met1-met2,STRIPE,via,212870,241840,214470,242320,1600,via_1600x480
VDD,met3-met4,STRIPE,via,185730,241840,187330,242320,1600,via3_1600x480
VDD,met2-met3,STRIPE,via,185730,241840,187330,242320,1600,via2_1600x480
VDD,met1-met2,STRIPE,via,185730,241840,187330,242320,1600,via_1600x480
VDD,met3-met4,STRIPE,via,158590,241840,160190,242320,1600,via3_1600x480
VDD,met2-met3,STRIPE,via,158590,241840,160190,242320,1600,via2_1600x480
VDD,met1-met2,STRIPE,via,158590,241840,160190,242320,1600,via_1600x480
VDD,met3-met4,STRIPE,via,131450,241840,133050,242320,1600,via3_1600x480
VDD,met2-met3,STRIPE,via,131450,241840,133050,242320,1600,via2_1600x480
VDD,met1-met2,STRIPE,via,131450,241840,133050,242320,1600,via_1600x480
VDD,met3-met4,STRIPE,via,104310,241840,105910,242320,1600,via3_1600x480
VDD,met2-met3,STRIPE,via,104310,241840,105910,242320,1600,via2_1600x480
VDD,met1-met2,STRIPE,via,104310,241840,105910,242320,1600,via_1600x480
VDD,met3-met4,STRIPE,via,77170,241840,78770,242320,1600,via3_1600x480
VDD,met2-met3,STRIPE,via,77170,241840,78770,242320,1600,via2_1600x480
VDD,met1-met2,STRIPE,via,77170,241840,78770,242320,1600,via_1600x480
VDD,met3-met4,STRIPE,via,50030,241840,51630,242320,1600,via3_1600x480
VDD,met2-met3,STRIPE,via,50030,241840,51630,242320,1600,via2_1600x480
VDD,met1-met2,STRIPE,via,50030,241840,51630,242320,1600,via_1600x480
VDD,met3-met4,STRIPE,via,22890,241840,24490,242320,1600,via3_1600x480
VDD,met2-met3,STRIPE,via,22890,241840,24490,242320,1600,via2_1600x480
VDD,met1-met2,STRIPE,via,22890,241840,24490,242320,1600,via_1600x480
VDD,met3-met4,STRIPE,via,267150,236400,268750,236880,1600,via3_1600x480
VDD,met2-met3,STRIPE,via,267150,236400,268750,236880,1600,via2_1600x480
VDD,met1-met2,STRIPE,via,267150,236400,268750,236880,1600,via_1600x480
VDD,met3-met4,STRIPE,via,240010,236400,241610,236880,1600,via3_1600x480
VDD,met2-met3,STRIPE,via,240010,236400,241610,236880,1600,via2_1600x480
VDD,met1-met2,STRIPE,via,240010,236400,241610,236880,1600,via_1600x480
VDD,met3-met4,STRIPE,via,212870,236400,214470,236880,1600,via3_1600x480
VDD,met2-met3,STRIPE,via,212870,236400,214470,236880,1600,via2_1600x480
VDD,met1-met2,STRIPE,via,212870,236400,214470,236880,1600,via_1600x480
VDD,met3-met4,STRIPE,via,185730,236400,187330,236880,1600,via3_1600x480
VDD,met2-met3,STRIPE,via,185730,236400,187330,236880,1600,via2_1600x480
VDD,met1-met2,STRIPE,via,185730,236400,187330,236880,1600,via_1600x480
VDD,met3-met4,STRIPE,via,158590,236400,160190,236880,1600,via3_1600x480
VDD,met2-met3,STRIPE,via,158590,236400,160190,236880,1600,via2_1600x480
VDD,met1-met2,STRIPE,via,158590,236400,160190,236880,1600,via_1600x480
VDD,met3-met4,STRIPE,via,131450,236400,133050,236880,1600,via3_1600x480
VDD,met2-met3,STRIPE,via,131450,236400,133050,236880,1600,via2_1600x480
VDD,met1-met2,STRIPE,via,131450,236400,133050,236880,1600,via_1600x480
VDD,met3-met4,STRIPE,via,104310,236400,105910,236880,1600,via3_1600x480
VDD,met2-met3,STRIPE,via,104310,236400,105910,236880,1600,via2_1600x480
VDD,met1-met2,STRIPE,via,104310,236400,105910,236880,1600,via_1600x480
VDD,met3-met4,STRIPE,via,77170,236400,78770,236880,1600,via3_1600x480
VDD,met2-met3,STRIPE,via,77170,236400,78770,236880,1600,via2_1600x480
VDD,met1-met2,STRIPE,via,77170,236400,78770,236880,1600,via_1600x480
VDD,met3-met4,STRIPE,via,50030,236400,51630,236880,1600,via3_1600x480
VDD,met2-met3,STRIPE,via,50030,236400,51630,236880,1600,via2_1600x480
VDD,met1-met2,STRIPE,via,50030,236400,51630,236880,1600,via_1600x480
VDD,met3-met4,STRIPE,via,22890,236400,24490,236880,1600,via3_1600x480
VDD,met2-met3,STRIPE,via,22890,236400,24490,236880,1600,via2_1600x480
VDD,met1-met2,STRIPE,via,22890,236400,24490,236880,1600,via_1600x480
VDD,met3-met4,STRIPE,via,267150,230960,268750,231440,1600,via3_1600x480
VDD,met2-met3,STRIPE,via,267150,230960,268750,231440,1600,via2_1600x480
VDD,met1-met2,STRIPE,via,267150,230960,268750,231440,1600,via_1600x480
VDD,met3-met4,STRIPE,via,240010,230960,241610,231440,1600,via3_1600x480
VDD,met2-met3,STRIPE,via,240010,230960,241610,231440,1600,via2_1600x480
VDD,met1-met2,STRIPE,via,240010,230960,241610,231440,1600,via_1600x480
VDD,met3-met4,STRIPE,via,212870,230960,214470,231440,1600,via3_1600x480
VDD,met2-met3,STRIPE,via,212870,230960,214470,231440,1600,via2_1600x480
VDD,met1-met2,STRIPE,via,212870,230960,214470,231440,1600,via_1600x480
VDD,met3-met4,STRIPE,via,185730,230960,187330,231440,1600,via3_1600x480
VDD,met2-met3,STRIPE,via,185730,230960,187330,231440,1600,via2_1600x480
VDD,met1-met2,STRIPE,via,185730,230960,187330,231440,1600,via_1600x480
VDD,met3-met4,STRIPE,via,158590,230960,160190,231440,1600,via3_1600x480
VDD,met2-met3,STRIPE,via,158590,230960,160190,231440,1600,via2_1600x480
VDD,met1-met2,STRIPE,via,158590,230960,160190,231440,1600,via_1600x480
VDD,met3-met4,STRIPE,via,131450,230960,133050,231440,1600,via3_1600x480
VDD,met2-met3,STRIPE,via,131450,230960,133050,231440,1600,via2_1600x480
VDD,met1-met2,STRIPE,via,131450,230960,133050,231440,1600,via_1600x480
VDD,met3-met4,STRIPE,via,104310,230960,105910,231440,1600,via3_1600x480
VDD,met2-met3,STRIPE,via,104310,230960,105910,231440,1600,via2_1600x480
VDD,met1-met2,STRIPE,via,104310,230960,105910,231440,1600,via_1600x480
VDD,met3-met4,STRIPE,via,77170,230960,78770,231440,1600,via3_1600x480
VDD,met2-met3,STRIPE,via,77170,230960,78770,231440,1600,via2_1600x480
VDD,met1-met2,STRIPE,via,77170,230960,78770,231440,1600,via_1600x480
VDD,met3-met4,STRIPE,via,50030,230960,51630,231440,1600,via3_1600x480
VDD,met2-met3,STRIPE,via,50030,230960,51630,231440,1600,via2_1600x480
VDD,met1-met2,STRIPE,via,50030,230960,51630,231440,1600,via_1600x480
VDD,met3-met4,STRIPE,via,22890,230960,24490,231440,1600,via3_1600x480
VDD,met2-met3,STRIPE,via,22890,230960,24490,231440,1600,via2_1600x480
VDD,met1-met2,STRIPE,via,22890,230960,24490,231440,1600,via_1600x480
VDD,met3-met4,STRIPE,via,267150,225520,268750,226000,1600,via3_1600x480
VDD,met2-met3,STRIPE,via,267150,225520,268750,226000,1600,via2_1600x480
VDD,met1-met2,STRIPE,via,267150,225520,268750,226000,1600,via_1600x480
VDD,met3-met4,STRIPE,via,240010,225520,241610,226000,1600,via3_1600x480
VDD,met2-met3,STRIPE,via,240010,225520,241610,226000,1600,via2_1600x480
VDD,met1-met2,STRIPE,via,240010,225520,241610,226000,1600,via_1600x480
VDD,met3-met4,STRIPE,via,212870,225520,214470,226000,1600,via3_1600x480
VDD,met2-met3,STRIPE,via,212870,225520,214470,226000,1600,via2_1600x480
VDD,met1-met2,STRIPE,via,212870,225520,214470,226000,1600,via_1600x480
VDD,met3-met4,STRIPE,via,185730,225520,187330,226000,1600,via3_1600x480
VDD,met2-met3,STRIPE,via,185730,225520,187330,226000,1600,via2_1600x480
VDD,met1-met2,STRIPE,via,185730,225520,187330,226000,1600,via_1600x480
VDD,met3-met4,STRIPE,via,158590,225520,160190,226000,1600,via3_1600x480
VDD,met2-met3,STRIPE,via,158590,225520,160190,226000,1600,via2_1600x480
VDD,met1-met2,STRIPE,via,158590,225520,160190,226000,1600,via_1600x480
VDD,met3-met4,STRIPE,via,131450,225520,133050,226000,1600,via3_1600x480
VDD,met2-met3,STRIPE,via,131450,225520,133050,226000,1600,via2_1600x480
VDD,met1-met2,STRIPE,via,131450,225520,133050,226000,1600,via_1600x480
VDD,met3-met4,STRIPE,via,104310,225520,105910,226000,1600,via3_1600x480
VDD,met2-met3,STRIPE,via,104310,225520,105910,226000,1600,via2_1600x480
VDD,met1-met2,STRIPE,via,104310,225520,105910,226000,1600,via_1600x480
VDD,met3-met4,STRIPE,via,77170,225520,78770,226000,1600,via3_1600x480
VDD,met2-met3,STRIPE,via,77170,225520,78770,226000,1600,via2_1600x480
VDD,met1-met2,STRIPE,via,77170,225520,78770,226000,1600,via_1600x480
VDD,met3-met4,STRIPE,via,50030,225520,51630,226000,1600,via3_1600x480
VDD,met2-met3,STRIPE,via,50030,225520,51630,226000,1600,via2_1600x480
VDD,met1-met2,STRIPE,via,50030,225520,51630,226000,1600,via_1600x480
VDD,met3-met4,STRIPE,via,22890,225520,24490,226000,1600,via3_1600x480
VDD,met2-met3,STRIPE,via,22890,225520,24490,226000,1600,via2_1600x480
VDD,met1-met2,STRIPE,via,22890,225520,24490,226000,1600,via_1600x480
VDD,met3-met4,STRIPE,via,267150,220080,268750,220560,1600,via3_1600x480
VDD,met2-met3,STRIPE,via,267150,220080,268750,220560,1600,via2_1600x480
VDD,met1-met2,STRIPE,via,267150,220080,268750,220560,1600,via_1600x480
VDD,met3-met4,STRIPE,via,240010,220080,241610,220560,1600,via3_1600x480
VDD,met2-met3,STRIPE,via,240010,220080,241610,220560,1600,via2_1600x480
VDD,met1-met2,STRIPE,via,240010,220080,241610,220560,1600,via_1600x480
VDD,met3-met4,STRIPE,via,212870,220080,214470,220560,1600,via3_1600x480
VDD,met2-met3,STRIPE,via,212870,220080,214470,220560,1600,via2_1600x480
VDD,met1-met2,STRIPE,via,212870,220080,214470,220560,1600,via_1600x480
VDD,met3-met4,STRIPE,via,185730,220080,187330,220560,1600,via3_1600x480
VDD,met2-met3,STRIPE,via,185730,220080,187330,220560,1600,via2_1600x480
VDD,met1-met2,STRIPE,via,185730,220080,187330,220560,1600,via_1600x480
VDD,met3-met4,STRIPE,via,158590,220080,160190,220560,1600,via3_1600x480
VDD,met2-met3,STRIPE,via,158590,220080,160190,220560,1600,via2_1600x480
VDD,met1-met2,STRIPE,via,158590,220080,160190,220560,1600,via_1600x480
VDD,met3-met4,STRIPE,via,131450,220080,133050,220560,1600,via3_1600x480
VDD,met2-met3,STRIPE,via,131450,220080,133050,220560,1600,via2_1600x480
VDD,met1-met2,STRIPE,via,131450,220080,133050,220560,1600,via_1600x480
VDD,met3-met4,STRIPE,via,104310,220080,105910,220560,1600,via3_1600x480
VDD,met2-met3,STRIPE,via,104310,220080,105910,220560,1600,via2_1600x480
VDD,met1-met2,STRIPE,via,104310,220080,105910,220560,1600,via_1600x480
VDD,met3-met4,STRIPE,via,77170,220080,78770,220560,1600,via3_1600x480
VDD,met2-met3,STRIPE,via,77170,220080,78770,220560,1600,via2_1600x480
VDD,met1-met2,STRIPE,via,77170,220080,78770,220560,1600,via_1600x480
VDD,met3-met4,STRIPE,via,50030,220080,51630,220560,1600,via3_1600x480
VDD,met2-met3,STRIPE,via,50030,220080,51630,220560,1600,via2_1600x480
VDD,met1-met2,STRIPE,via,50030,220080,51630,220560,1600,via_1600x480
VDD,met3-met4,STRIPE,via,22890,220080,24490,220560,1600,via3_1600x480
VDD,met2-met3,STRIPE,via,22890,220080,24490,220560,1600,via2_1600x480
VDD,met1-met2,STRIPE,via,22890,220080,24490,220560,1600,via_1600x480
VDD,met3-met4,STRIPE,via,267150,214640,268750,215120,1600,via3_1600x480
VDD,met2-met3,STRIPE,via,267150,214640,268750,215120,1600,via2_1600x480
VDD,met1-met2,STRIPE,via,267150,214640,268750,215120,1600,via_1600x480
VDD,met3-met4,STRIPE,via,240010,214640,241610,215120,1600,via3_1600x480
VDD,met2-met3,STRIPE,via,240010,214640,241610,215120,1600,via2_1600x480
VDD,met1-met2,STRIPE,via,240010,214640,241610,215120,1600,via_1600x480
VDD,met3-met4,STRIPE,via,212870,214640,214470,215120,1600,via3_1600x480
VDD,met2-met3,STRIPE,via,212870,214640,214470,215120,1600,via2_1600x480
VDD,met1-met2,STRIPE,via,212870,214640,214470,215120,1600,via_1600x480
VDD,met3-met4,STRIPE,via,185730,214640,187330,215120,1600,via3_1600x480
VDD,met2-met3,STRIPE,via,185730,214640,187330,215120,1600,via2_1600x480
VDD,met1-met2,STRIPE,via,185730,214640,187330,215120,1600,via_1600x480
VDD,met3-met4,STRIPE,via,158590,214640,160190,215120,1600,via3_1600x480
VDD,met2-met3,STRIPE,via,158590,214640,160190,215120,1600,via2_1600x480
VDD,met1-met2,STRIPE,via,158590,214640,160190,215120,1600,via_1600x480
VDD,met3-met4,STRIPE,via,131450,214640,133050,215120,1600,via3_1600x480
VDD,met2-met3,STRIPE,via,131450,214640,133050,215120,1600,via2_1600x480
VDD,met1-met2,STRIPE,via,131450,214640,133050,215120,1600,via_1600x480
VDD,met3-met4,STRIPE,via,104310,214640,105910,215120,1600,via3_1600x480
VDD,met2-met3,STRIPE,via,104310,214640,105910,215120,1600,via2_1600x480
VDD,met1-met2,STRIPE,via,104310,214640,105910,215120,1600,via_1600x480
VDD,met3-met4,STRIPE,via,77170,214640,78770,215120,1600,via3_1600x480
VDD,met2-met3,STRIPE,via,77170,214640,78770,215120,1600,via2_1600x480
VDD,met1-met2,STRIPE,via,77170,214640,78770,215120,1600,via_1600x480
VDD,met3-met4,STRIPE,via,50030,214640,51630,215120,1600,via3_1600x480
VDD,met2-met3,STRIPE,via,50030,214640,51630,215120,1600,via2_1600x480
VDD,met1-met2,STRIPE,via,50030,214640,51630,215120,1600,via_1600x480
VDD,met3-met4,STRIPE,via,22890,214640,24490,215120,1600,via3_1600x480
VDD,met2-met3,STRIPE,via,22890,214640,24490,215120,1600,via2_1600x480
VDD,met1-met2,STRIPE,via,22890,214640,24490,215120,1600,via_1600x480
VDD,met3-met4,STRIPE,via,267150,209200,268750,209680,1600,via3_1600x480
VDD,met2-met3,STRIPE,via,267150,209200,268750,209680,1600,via2_1600x480
VDD,met1-met2,STRIPE,via,267150,209200,268750,209680,1600,via_1600x480
VDD,met3-met4,STRIPE,via,240010,209200,241610,209680,1600,via3_1600x480
VDD,met2-met3,STRIPE,via,240010,209200,241610,209680,1600,via2_1600x480
VDD,met1-met2,STRIPE,via,240010,209200,241610,209680,1600,via_1600x480
VDD,met3-met4,STRIPE,via,212870,209200,214470,209680,1600,via3_1600x480
VDD,met2-met3,STRIPE,via,212870,209200,214470,209680,1600,via2_1600x480
VDD,met1-met2,STRIPE,via,212870,209200,214470,209680,1600,via_1600x480
VDD,met3-met4,STRIPE,via,185730,209200,187330,209680,1600,via3_1600x480
VDD,met2-met3,STRIPE,via,185730,209200,187330,209680,1600,via2_1600x480
VDD,met1-met2,STRIPE,via,185730,209200,187330,209680,1600,via_1600x480
VDD,met3-met4,STRIPE,via,158590,209200,160190,209680,1600,via3_1600x480
VDD,met2-met3,STRIPE,via,158590,209200,160190,209680,1600,via2_1600x480
VDD,met1-met2,STRIPE,via,158590,209200,160190,209680,1600,via_1600x480
VDD,met3-met4,STRIPE,via,131450,209200,133050,209680,1600,via3_1600x480
VDD,met2-met3,STRIPE,via,131450,209200,133050,209680,1600,via2_1600x480
VDD,met1-met2,STRIPE,via,131450,209200,133050,209680,1600,via_1600x480
VDD,met3-met4,STRIPE,via,104310,209200,105910,209680,1600,via3_1600x480
VDD,met2-met3,STRIPE,via,104310,209200,105910,209680,1600,via2_1600x480
VDD,met1-met2,STRIPE,via,104310,209200,105910,209680,1600,via_1600x480
VDD,met3-met4,STRIPE,via,77170,209200,78770,209680,1600,via3_1600x480
VDD,met2-met3,STRIPE,via,77170,209200,78770,209680,1600,via2_1600x480
VDD,met1-met2,STRIPE,via,77170,209200,78770,209680,1600,via_1600x480
VDD,met3-met4,STRIPE,via,50030,209200,51630,209680,1600,via3_1600x480
VDD,met2-met3,STRIPE,via,50030,209200,51630,209680,1600,via2_1600x480
VDD,met1-met2,STRIPE,via,50030,209200,51630,209680,1600,via_1600x480
VDD,met3-met4,STRIPE,via,22890,209200,24490,209680,1600,via3_1600x480
VDD,met2-met3,STRIPE,via,22890,209200,24490,209680,1600,via2_1600x480
VDD,met1-met2,STRIPE,via,22890,209200,24490,209680,1600,via_1600x480
VDD,met3-met4,STRIPE,via,267150,203760,268750,204240,1600,via3_1600x480
VDD,met2-met3,STRIPE,via,267150,203760,268750,204240,1600,via2_1600x480
VDD,met1-met2,STRIPE,via,267150,203760,268750,204240,1600,via_1600x480
VDD,met3-met4,STRIPE,via,240010,203760,241610,204240,1600,via3_1600x480
VDD,met2-met3,STRIPE,via,240010,203760,241610,204240,1600,via2_1600x480
VDD,met1-met2,STRIPE,via,240010,203760,241610,204240,1600,via_1600x480
VDD,met3-met4,STRIPE,via,212870,203760,214470,204240,1600,via3_1600x480
VDD,met2-met3,STRIPE,via,212870,203760,214470,204240,1600,via2_1600x480
VDD,met1-met2,STRIPE,via,212870,203760,214470,204240,1600,via_1600x480
VDD,met3-met4,STRIPE,via,185730,203760,187330,204240,1600,via3_1600x480
VDD,met2-met3,STRIPE,via,185730,203760,187330,204240,1600,via2_1600x480
VDD,met1-met2,STRIPE,via,185730,203760,187330,204240,1600,via_1600x480
VDD,met3-met4,STRIPE,via,158590,203760,160190,204240,1600,via3_1600x480
VDD,met2-met3,STRIPE,via,158590,203760,160190,204240,1600,via2_1600x480
VDD,met1-met2,STRIPE,via,158590,203760,160190,204240,1600,via_1600x480
VDD,met3-met4,STRIPE,via,131450,203760,133050,204240,1600,via3_1600x480
VDD,met2-met3,STRIPE,via,131450,203760,133050,204240,1600,via2_1600x480
VDD,met1-met2,STRIPE,via,131450,203760,133050,204240,1600,via_1600x480
VDD,met3-met4,STRIPE,via,104310,203760,105910,204240,1600,via3_1600x480
VDD,met2-met3,STRIPE,via,104310,203760,105910,204240,1600,via2_1600x480
VDD,met1-met2,STRIPE,via,104310,203760,105910,204240,1600,via_1600x480
VDD,met3-met4,STRIPE,via,77170,203760,78770,204240,1600,via3_1600x480
VDD,met2-met3,STRIPE,via,77170,203760,78770,204240,1600,via2_1600x480
VDD,met1-met2,STRIPE,via,77170,203760,78770,204240,1600,via_1600x480
VDD,met3-met4,STRIPE,via,50030,203760,51630,204240,1600,via3_1600x480
VDD,met2-met3,STRIPE,via,50030,203760,51630,204240,1600,via2_1600x480
VDD,met1-met2,STRIPE,via,50030,203760,51630,204240,1600,via_1600x480
VDD,met3-met4,STRIPE,via,22890,203760,24490,204240,1600,via3_1600x480
VDD,met2-met3,STRIPE,via,22890,203760,24490,204240,1600,via2_1600x480
VDD,met1-met2,STRIPE,via,22890,203760,24490,204240,1600,via_1600x480
VDD,met3-met4,STRIPE,via,267150,198320,268750,198800,1600,via3_1600x480
VDD,met2-met3,STRIPE,via,267150,198320,268750,198800,1600,via2_1600x480
VDD,met1-met2,STRIPE,via,267150,198320,268750,198800,1600,via_1600x480
VDD,met3-met4,STRIPE,via,240010,198320,241610,198800,1600,via3_1600x480
VDD,met2-met3,STRIPE,via,240010,198320,241610,198800,1600,via2_1600x480
VDD,met1-met2,STRIPE,via,240010,198320,241610,198800,1600,via_1600x480
VDD,met3-met4,STRIPE,via,212870,198320,214470,198800,1600,via3_1600x480
VDD,met2-met3,STRIPE,via,212870,198320,214470,198800,1600,via2_1600x480
VDD,met1-met2,STRIPE,via,212870,198320,214470,198800,1600,via_1600x480
VDD,met3-met4,STRIPE,via,185730,198320,187330,198800,1600,via3_1600x480
VDD,met2-met3,STRIPE,via,185730,198320,187330,198800,1600,via2_1600x480
VDD,met1-met2,STRIPE,via,185730,198320,187330,198800,1600,via_1600x480
VDD,met3-met4,STRIPE,via,158590,198320,160190,198800,1600,via3_1600x480
VDD,met2-met3,STRIPE,via,158590,198320,160190,198800,1600,via2_1600x480
VDD,met1-met2,STRIPE,via,158590,198320,160190,198800,1600,via_1600x480
VDD,met3-met4,STRIPE,via,131450,198320,133050,198800,1600,via3_1600x480
VDD,met2-met3,STRIPE,via,131450,198320,133050,198800,1600,via2_1600x480
VDD,met1-met2,STRIPE,via,131450,198320,133050,198800,1600,via_1600x480
VDD,met3-met4,STRIPE,via,104310,198320,105910,198800,1600,via3_1600x480
VDD,met2-met3,STRIPE,via,104310,198320,105910,198800,1600,via2_1600x480
VDD,met1-met2,STRIPE,via,104310,198320,105910,198800,1600,via_1600x480
VDD,met3-met4,STRIPE,via,77170,198320,78770,198800,1600,via3_1600x480
VDD,met2-met3,STRIPE,via,77170,198320,78770,198800,1600,via2_1600x480
VDD,met1-met2,STRIPE,via,77170,198320,78770,198800,1600,via_1600x480
VDD,met3-met4,STRIPE,via,50030,198320,51630,198800,1600,via3_1600x480
VDD,met2-met3,STRIPE,via,50030,198320,51630,198800,1600,via2_1600x480
VDD,met1-met2,STRIPE,via,50030,198320,51630,198800,1600,via_1600x480
VDD,met3-met4,STRIPE,via,22890,198320,24490,198800,1600,via3_1600x480
VDD,met2-met3,STRIPE,via,22890,198320,24490,198800,1600,via2_1600x480
VDD,met1-met2,STRIPE,via,22890,198320,24490,198800,1600,via_1600x480
VDD,met3-met4,STRIPE,via,267150,192880,268750,193360,1600,via3_1600x480
VDD,met2-met3,STRIPE,via,267150,192880,268750,193360,1600,via2_1600x480
VDD,met1-met2,STRIPE,via,267150,192880,268750,193360,1600,via_1600x480
VDD,met3-met4,STRIPE,via,240010,192880,241610,193360,1600,via3_1600x480
VDD,met2-met3,STRIPE,via,240010,192880,241610,193360,1600,via2_1600x480
VDD,met1-met2,STRIPE,via,240010,192880,241610,193360,1600,via_1600x480
VDD,met3-met4,STRIPE,via,212870,192880,214470,193360,1600,via3_1600x480
VDD,met2-met3,STRIPE,via,212870,192880,214470,193360,1600,via2_1600x480
VDD,met1-met2,STRIPE,via,212870,192880,214470,193360,1600,via_1600x480
VDD,met3-met4,STRIPE,via,185730,192880,187330,193360,1600,via3_1600x480
VDD,met2-met3,STRIPE,via,185730,192880,187330,193360,1600,via2_1600x480
VDD,met1-met2,STRIPE,via,185730,192880,187330,193360,1600,via_1600x480
VDD,met3-met4,STRIPE,via,158590,192880,160190,193360,1600,via3_1600x480
VDD,met2-met3,STRIPE,via,158590,192880,160190,193360,1600,via2_1600x480
VDD,met1-met2,STRIPE,via,158590,192880,160190,193360,1600,via_1600x480
VDD,met3-met4,STRIPE,via,131450,192880,133050,193360,1600,via3_1600x480
VDD,met2-met3,STRIPE,via,131450,192880,133050,193360,1600,via2_1600x480
VDD,met1-met2,STRIPE,via,131450,192880,133050,193360,1600,via_1600x480
VDD,met3-met4,STRIPE,via,104310,192880,105910,193360,1600,via3_1600x480
VDD,met2-met3,STRIPE,via,104310,192880,105910,193360,1600,via2_1600x480
VDD,met1-met2,STRIPE,via,104310,192880,105910,193360,1600,via_1600x480
VDD,met3-met4,STRIPE,via,77170,192880,78770,193360,1600,via3_1600x480
VDD,met2-met3,STRIPE,via,77170,192880,78770,193360,1600,via2_1600x480
VDD,met1-met2,STRIPE,via,77170,192880,78770,193360,1600,via_1600x480
VDD,met3-met4,STRIPE,via,50030,192880,51630,193360,1600,via3_1600x480
VDD,met2-met3,STRIPE,via,50030,192880,51630,193360,1600,via2_1600x480
VDD,met1-met2,STRIPE,via,50030,192880,51630,193360,1600,via_1600x480
VDD,met3-met4,STRIPE,via,22890,192880,24490,193360,1600,via3_1600x480
VDD,met2-met3,STRIPE,via,22890,192880,24490,193360,1600,via2_1600x480
VDD,met1-met2,STRIPE,via,22890,192880,24490,193360,1600,via_1600x480
VDD,met3-met4,STRIPE,via,267150,187440,268750,187920,1600,via3_1600x480
VDD,met2-met3,STRIPE,via,267150,187440,268750,187920,1600,via2_1600x480
VDD,met1-met2,STRIPE,via,267150,187440,268750,187920,1600,via_1600x480
VDD,met3-met4,STRIPE,via,240010,187440,241610,187920,1600,via3_1600x480
VDD,met2-met3,STRIPE,via,240010,187440,241610,187920,1600,via2_1600x480
VDD,met1-met2,STRIPE,via,240010,187440,241610,187920,1600,via_1600x480
VDD,met3-met4,STRIPE,via,212870,187440,214470,187920,1600,via3_1600x480
VDD,met2-met3,STRIPE,via,212870,187440,214470,187920,1600,via2_1600x480
VDD,met1-met2,STRIPE,via,212870,187440,214470,187920,1600,via_1600x480
VDD,met3-met4,STRIPE,via,185730,187440,187330,187920,1600,via3_1600x480
VDD,met2-met3,STRIPE,via,185730,187440,187330,187920,1600,via2_1600x480
VDD,met1-met2,STRIPE,via,185730,187440,187330,187920,1600,via_1600x480
VDD,met3-met4,STRIPE,via,158590,187440,160190,187920,1600,via3_1600x480
VDD,met2-met3,STRIPE,via,158590,187440,160190,187920,1600,via2_1600x480
VDD,met1-met2,STRIPE,via,158590,187440,160190,187920,1600,via_1600x480
VDD,met3-met4,STRIPE,via,131450,187440,133050,187920,1600,via3_1600x480
VDD,met2-met3,STRIPE,via,131450,187440,133050,187920,1600,via2_1600x480
VDD,met1-met2,STRIPE,via,131450,187440,133050,187920,1600,via_1600x480
VDD,met3-met4,STRIPE,via,104310,187440,105910,187920,1600,via3_1600x480
VDD,met2-met3,STRIPE,via,104310,187440,105910,187920,1600,via2_1600x480
VDD,met1-met2,STRIPE,via,104310,187440,105910,187920,1600,via_1600x480
VDD,met3-met4,STRIPE,via,77170,187440,78770,187920,1600,via3_1600x480
VDD,met2-met3,STRIPE,via,77170,187440,78770,187920,1600,via2_1600x480
VDD,met1-met2,STRIPE,via,77170,187440,78770,187920,1600,via_1600x480
VDD,met3-met4,STRIPE,via,50030,187440,51630,187920,1600,via3_1600x480
VDD,met2-met3,STRIPE,via,50030,187440,51630,187920,1600,via2_1600x480
VDD,met1-met2,STRIPE,via,50030,187440,51630,187920,1600,via_1600x480
VDD,met3-met4,STRIPE,via,22890,187440,24490,187920,1600,via3_1600x480
VDD,met2-met3,STRIPE,via,22890,187440,24490,187920,1600,via2_1600x480
VDD,met1-met2,STRIPE,via,22890,187440,24490,187920,1600,via_1600x480
VDD,met3-met4,STRIPE,via,267150,182000,268750,182480,1600,via3_1600x480
VDD,met2-met3,STRIPE,via,267150,182000,268750,182480,1600,via2_1600x480
VDD,met1-met2,STRIPE,via,267150,182000,268750,182480,1600,via_1600x480
VDD,met3-met4,STRIPE,via,240010,182000,241610,182480,1600,via3_1600x480
VDD,met2-met3,STRIPE,via,240010,182000,241610,182480,1600,via2_1600x480
VDD,met1-met2,STRIPE,via,240010,182000,241610,182480,1600,via_1600x480
VDD,met3-met4,STRIPE,via,212870,182000,214470,182480,1600,via3_1600x480
VDD,met2-met3,STRIPE,via,212870,182000,214470,182480,1600,via2_1600x480
VDD,met1-met2,STRIPE,via,212870,182000,214470,182480,1600,via_1600x480
VDD,met3-met4,STRIPE,via,185730,182000,187330,182480,1600,via3_1600x480
VDD,met2-met3,STRIPE,via,185730,182000,187330,182480,1600,via2_1600x480
VDD,met1-met2,STRIPE,via,185730,182000,187330,182480,1600,via_1600x480
VDD,met3-met4,STRIPE,via,158590,182000,160190,182480,1600,via3_1600x480
VDD,met2-met3,STRIPE,via,158590,182000,160190,182480,1600,via2_1600x480
VDD,met1-met2,STRIPE,via,158590,182000,160190,182480,1600,via_1600x480
VDD,met3-met4,STRIPE,via,131450,182000,133050,182480,1600,via3_1600x480
VDD,met2-met3,STRIPE,via,131450,182000,133050,182480,1600,via2_1600x480
VDD,met1-met2,STRIPE,via,131450,182000,133050,182480,1600,via_1600x480
VDD,met3-met4,STRIPE,via,104310,182000,105910,182480,1600,via3_1600x480
VDD,met2-met3,STRIPE,via,104310,182000,105910,182480,1600,via2_1600x480
VDD,met1-met2,STRIPE,via,104310,182000,105910,182480,1600,via_1600x480
VDD,met3-met4,STRIPE,via,77170,182000,78770,182480,1600,via3_1600x480
VDD,met2-met3,STRIPE,via,77170,182000,78770,182480,1600,via2_1600x480
VDD,met1-met2,STRIPE,via,77170,182000,78770,182480,1600,via_1600x480
VDD,met3-met4,STRIPE,via,50030,182000,51630,182480,1600,via3_1600x480
VDD,met2-met3,STRIPE,via,50030,182000,51630,182480,1600,via2_1600x480
VDD,met1-met2,STRIPE,via,50030,182000,51630,182480,1600,via_1600x480
VDD,met3-met4,STRIPE,via,22890,182000,24490,182480,1600,via3_1600x480
VDD,met2-met3,STRIPE,via,22890,182000,24490,182480,1600,via2_1600x480
VDD,met1-met2,STRIPE,via,22890,182000,24490,182480,1600,via_1600x480
VDD,met3-met4,STRIPE,via,267150,176560,268750,177040,1600,via3_1600x480
VDD,met2-met3,STRIPE,via,267150,176560,268750,177040,1600,via2_1600x480
VDD,met1-met2,STRIPE,via,267150,176560,268750,177040,1600,via_1600x480
VDD,met3-met4,STRIPE,via,240010,176560,241610,177040,1600,via3_1600x480
VDD,met2-met3,STRIPE,via,240010,176560,241610,177040,1600,via2_1600x480
VDD,met1-met2,STRIPE,via,240010,176560,241610,177040,1600,via_1600x480
VDD,met3-met4,STRIPE,via,212870,176560,214470,177040,1600,via3_1600x480
VDD,met2-met3,STRIPE,via,212870,176560,214470,177040,1600,via2_1600x480
VDD,met1-met2,STRIPE,via,212870,176560,214470,177040,1600,via_1600x480
VDD,met3-met4,STRIPE,via,185730,176560,187330,177040,1600,via3_1600x480
VDD,met2-met3,STRIPE,via,185730,176560,187330,177040,1600,via2_1600x480
VDD,met1-met2,STRIPE,via,185730,176560,187330,177040,1600,via_1600x480
VDD,met3-met4,STRIPE,via,158590,176560,160190,177040,1600,via3_1600x480
VDD,met2-met3,STRIPE,via,158590,176560,160190,177040,1600,via2_1600x480
VDD,met1-met2,STRIPE,via,158590,176560,160190,177040,1600,via_1600x480
VDD,met3-met4,STRIPE,via,131450,176560,133050,177040,1600,via3_1600x480
VDD,met2-met3,STRIPE,via,131450,176560,133050,177040,1600,via2_1600x480
VDD,met1-met2,STRIPE,via,131450,176560,133050,177040,1600,via_1600x480
VDD,met3-met4,STRIPE,via,104310,176560,105910,177040,1600,via3_1600x480
VDD,met2-met3,STRIPE,via,104310,176560,105910,177040,1600,via2_1600x480
VDD,met1-met2,STRIPE,via,104310,176560,105910,177040,1600,via_1600x480
VDD,met3-met4,STRIPE,via,77170,176560,78770,177040,1600,via3_1600x480
VDD,met2-met3,STRIPE,via,77170,176560,78770,177040,1600,via2_1600x480
VDD,met1-met2,STRIPE,via,77170,176560,78770,177040,1600,via_1600x480
VDD,met3-met4,STRIPE,via,50030,176560,51630,177040,1600,via3_1600x480
VDD,met2-met3,STRIPE,via,50030,176560,51630,177040,1600,via2_1600x480
VDD,met1-met2,STRIPE,via,50030,176560,51630,177040,1600,via_1600x480
VDD,met3-met4,STRIPE,via,22890,176560,24490,177040,1600,via3_1600x480
VDD,met2-met3,STRIPE,via,22890,176560,24490,177040,1600,via2_1600x480
VDD,met1-met2,STRIPE,via,22890,176560,24490,177040,1600,via_1600x480
VDD,met3-met4,STRIPE,via,267150,171120,268750,171600,1600,via3_1600x480
VDD,met2-met3,STRIPE,via,267150,171120,268750,171600,1600,via2_1600x480
VDD,met1-met2,STRIPE,via,267150,171120,268750,171600,1600,via_1600x480
VDD,met3-met4,STRIPE,via,240010,171120,241610,171600,1600,via3_1600x480
VDD,met2-met3,STRIPE,via,240010,171120,241610,171600,1600,via2_1600x480
VDD,met1-met2,STRIPE,via,240010,171120,241610,171600,1600,via_1600x480
VDD,met3-met4,STRIPE,via,212870,171120,214470,171600,1600,via3_1600x480
VDD,met2-met3,STRIPE,via,212870,171120,214470,171600,1600,via2_1600x480
VDD,met1-met2,STRIPE,via,212870,171120,214470,171600,1600,via_1600x480
VDD,met3-met4,STRIPE,via,185730,171120,187330,171600,1600,via3_1600x480
VDD,met2-met3,STRIPE,via,185730,171120,187330,171600,1600,via2_1600x480
VDD,met1-met2,STRIPE,via,185730,171120,187330,171600,1600,via_1600x480
VDD,met3-met4,STRIPE,via,158590,171120,160190,171600,1600,via3_1600x480
VDD,met2-met3,STRIPE,via,158590,171120,160190,171600,1600,via2_1600x480
VDD,met1-met2,STRIPE,via,158590,171120,160190,171600,1600,via_1600x480
VDD,met3-met4,STRIPE,via,131450,171120,133050,171600,1600,via3_1600x480
VDD,met2-met3,STRIPE,via,131450,171120,133050,171600,1600,via2_1600x480
VDD,met1-met2,STRIPE,via,131450,171120,133050,171600,1600,via_1600x480
VDD,met3-met4,STRIPE,via,104310,171120,105910,171600,1600,via3_1600x480
VDD,met2-met3,STRIPE,via,104310,171120,105910,171600,1600,via2_1600x480
VDD,met1-met2,STRIPE,via,104310,171120,105910,171600,1600,via_1600x480
VDD,met3-met4,STRIPE,via,77170,171120,78770,171600,1600,via3_1600x480
VDD,met2-met3,STRIPE,via,77170,171120,78770,171600,1600,via2_1600x480
VDD,met1-met2,STRIPE,via,77170,171120,78770,171600,1600,via_1600x480
VDD,met3-met4,STRIPE,via,50030,171120,51630,171600,1600,via3_1600x480
VDD,met2-met3,STRIPE,via,50030,171120,51630,171600,1600,via2_1600x480
VDD,met1-met2,STRIPE,via,50030,171120,51630,171600,1600,via_1600x480
VDD,met3-met4,STRIPE,via,22890,171120,24490,171600,1600,via3_1600x480
VDD,met2-met3,STRIPE,via,22890,171120,24490,171600,1600,via2_1600x480
VDD,met1-met2,STRIPE,via,22890,171120,24490,171600,1600,via_1600x480
VDD,met3-met4,STRIPE,via,267150,165680,268750,166160,1600,via3_1600x480
VDD,met2-met3,STRIPE,via,267150,165680,268750,166160,1600,via2_1600x480
VDD,met1-met2,STRIPE,via,267150,165680,268750,166160,1600,via_1600x480
VDD,met3-met4,STRIPE,via,240010,165680,241610,166160,1600,via3_1600x480
VDD,met2-met3,STRIPE,via,240010,165680,241610,166160,1600,via2_1600x480
VDD,met1-met2,STRIPE,via,240010,165680,241610,166160,1600,via_1600x480
VDD,met3-met4,STRIPE,via,212870,165680,214470,166160,1600,via3_1600x480
VDD,met2-met3,STRIPE,via,212870,165680,214470,166160,1600,via2_1600x480
VDD,met1-met2,STRIPE,via,212870,165680,214470,166160,1600,via_1600x480
VDD,met3-met4,STRIPE,via,185730,165680,187330,166160,1600,via3_1600x480
VDD,met2-met3,STRIPE,via,185730,165680,187330,166160,1600,via2_1600x480
VDD,met1-met2,STRIPE,via,185730,165680,187330,166160,1600,via_1600x480
VDD,met3-met4,STRIPE,via,158590,165680,160190,166160,1600,via3_1600x480
VDD,met2-met3,STRIPE,via,158590,165680,160190,166160,1600,via2_1600x480
VDD,met1-met2,STRIPE,via,158590,165680,160190,166160,1600,via_1600x480
VDD,met3-met4,STRIPE,via,131450,165680,133050,166160,1600,via3_1600x480
VDD,met2-met3,STRIPE,via,131450,165680,133050,166160,1600,via2_1600x480
VDD,met1-met2,STRIPE,via,131450,165680,133050,166160,1600,via_1600x480
VDD,met3-met4,STRIPE,via,104310,165680,105910,166160,1600,via3_1600x480
VDD,met2-met3,STRIPE,via,104310,165680,105910,166160,1600,via2_1600x480
VDD,met1-met2,STRIPE,via,104310,165680,105910,166160,1600,via_1600x480
VDD,met3-met4,STRIPE,via,77170,165680,78770,166160,1600,via3_1600x480
VDD,met2-met3,STRIPE,via,77170,165680,78770,166160,1600,via2_1600x480
VDD,met1-met2,STRIPE,via,77170,165680,78770,166160,1600,via_1600x480
VDD,met3-met4,STRIPE,via,50030,165680,51630,166160,1600,via3_1600x480
VDD,met2-met3,STRIPE,via,50030,165680,51630,166160,1600,via2_1600x480
VDD,met1-met2,STRIPE,via,50030,165680,51630,166160,1600,via_1600x480
VDD,met3-met4,STRIPE,via,22890,165680,24490,166160,1600,via3_1600x480
VDD,met2-met3,STRIPE,via,22890,165680,24490,166160,1600,via2_1600x480
VDD,met1-met2,STRIPE,via,22890,165680,24490,166160,1600,via_1600x480
VDD,met3-met4,STRIPE,via,267150,160240,268750,160720,1600,via3_1600x480
VDD,met2-met3,STRIPE,via,267150,160240,268750,160720,1600,via2_1600x480
VDD,met1-met2,STRIPE,via,267150,160240,268750,160720,1600,via_1600x480
VDD,met3-met4,STRIPE,via,240010,160240,241610,160720,1600,via3_1600x480
VDD,met2-met3,STRIPE,via,240010,160240,241610,160720,1600,via2_1600x480
VDD,met1-met2,STRIPE,via,240010,160240,241610,160720,1600,via_1600x480
VDD,met3-met4,STRIPE,via,212870,160240,214470,160720,1600,via3_1600x480
VDD,met2-met3,STRIPE,via,212870,160240,214470,160720,1600,via2_1600x480
VDD,met1-met2,STRIPE,via,212870,160240,214470,160720,1600,via_1600x480
VDD,met3-met4,STRIPE,via,185730,160240,187330,160720,1600,via3_1600x480
VDD,met2-met3,STRIPE,via,185730,160240,187330,160720,1600,via2_1600x480
VDD,met1-met2,STRIPE,via,185730,160240,187330,160720,1600,via_1600x480
VDD,met3-met4,STRIPE,via,158590,160240,160190,160720,1600,via3_1600x480
VDD,met2-met3,STRIPE,via,158590,160240,160190,160720,1600,via2_1600x480
VDD,met1-met2,STRIPE,via,158590,160240,160190,160720,1600,via_1600x480
VDD,met3-met4,STRIPE,via,131450,160240,133050,160720,1600,via3_1600x480
VDD,met2-met3,STRIPE,via,131450,160240,133050,160720,1600,via2_1600x480
VDD,met1-met2,STRIPE,via,131450,160240,133050,160720,1600,via_1600x480
VDD,met3-met4,STRIPE,via,104310,160240,105910,160720,1600,via3_1600x480
VDD,met2-met3,STRIPE,via,104310,160240,105910,160720,1600,via2_1600x480
VDD,met1-met2,STRIPE,via,104310,160240,105910,160720,1600,via_1600x480
VDD,met3-met4,STRIPE,via,77170,160240,78770,160720,1600,via3_1600x480
VDD,met2-met3,STRIPE,via,77170,160240,78770,160720,1600,via2_1600x480
VDD,met1-met2,STRIPE,via,77170,160240,78770,160720,1600,via_1600x480
VDD,met3-met4,STRIPE,via,50030,160240,51630,160720,1600,via3_1600x480
VDD,met2-met3,STRIPE,via,50030,160240,51630,160720,1600,via2_1600x480
VDD,met1-met2,STRIPE,via,50030,160240,51630,160720,1600,via_1600x480
VDD,met3-met4,STRIPE,via,22890,160240,24490,160720,1600,via3_1600x480
VDD,met2-met3,STRIPE,via,22890,160240,24490,160720,1600,via2_1600x480
VDD,met1-met2,STRIPE,via,22890,160240,24490,160720,1600,via_1600x480
VDD,met3-met4,STRIPE,via,267150,154800,268750,155280,1600,via3_1600x480
VDD,met2-met3,STRIPE,via,267150,154800,268750,155280,1600,via2_1600x480
VDD,met1-met2,STRIPE,via,267150,154800,268750,155280,1600,via_1600x480
VDD,met3-met4,STRIPE,via,240010,154800,241610,155280,1600,via3_1600x480
VDD,met2-met3,STRIPE,via,240010,154800,241610,155280,1600,via2_1600x480
VDD,met1-met2,STRIPE,via,240010,154800,241610,155280,1600,via_1600x480
VDD,met3-met4,STRIPE,via,212870,154800,214470,155280,1600,via3_1600x480
VDD,met2-met3,STRIPE,via,212870,154800,214470,155280,1600,via2_1600x480
VDD,met1-met2,STRIPE,via,212870,154800,214470,155280,1600,via_1600x480
VDD,met3-met4,STRIPE,via,185730,154800,187330,155280,1600,via3_1600x480
VDD,met2-met3,STRIPE,via,185730,154800,187330,155280,1600,via2_1600x480
VDD,met1-met2,STRIPE,via,185730,154800,187330,155280,1600,via_1600x480
VDD,met3-met4,STRIPE,via,158590,154800,160190,155280,1600,via3_1600x480
VDD,met2-met3,STRIPE,via,158590,154800,160190,155280,1600,via2_1600x480
VDD,met1-met2,STRIPE,via,158590,154800,160190,155280,1600,via_1600x480
VDD,met3-met4,STRIPE,via,131450,154800,133050,155280,1600,via3_1600x480
VDD,met2-met3,STRIPE,via,131450,154800,133050,155280,1600,via2_1600x480
VDD,met1-met2,STRIPE,via,131450,154800,133050,155280,1600,via_1600x480
VDD,met3-met4,STRIPE,via,104310,154800,105910,155280,1600,via3_1600x480
VDD,met2-met3,STRIPE,via,104310,154800,105910,155280,1600,via2_1600x480
VDD,met1-met2,STRIPE,via,104310,154800,105910,155280,1600,via_1600x480
VDD,met3-met4,STRIPE,via,77170,154800,78770,155280,1600,via3_1600x480
VDD,met2-met3,STRIPE,via,77170,154800,78770,155280,1600,via2_1600x480
VDD,met1-met2,STRIPE,via,77170,154800,78770,155280,1600,via_1600x480
VDD,met3-met4,STRIPE,via,50030,154800,51630,155280,1600,via3_1600x480
VDD,met2-met3,STRIPE,via,50030,154800,51630,155280,1600,via2_1600x480
VDD,met1-met2,STRIPE,via,50030,154800,51630,155280,1600,via_1600x480
VDD,met3-met4,STRIPE,via,22890,154800,24490,155280,1600,via3_1600x480
VDD,met2-met3,STRIPE,via,22890,154800,24490,155280,1600,via2_1600x480
VDD,met1-met2,STRIPE,via,22890,154800,24490,155280,1600,via_1600x480
VDD,met3-met4,STRIPE,via,267150,149360,268750,149840,1600,via3_1600x480
VDD,met2-met3,STRIPE,via,267150,149360,268750,149840,1600,via2_1600x480
VDD,met1-met2,STRIPE,via,267150,149360,268750,149840,1600,via_1600x480
VDD,met3-met4,STRIPE,via,240010,149360,241610,149840,1600,via3_1600x480
VDD,met2-met3,STRIPE,via,240010,149360,241610,149840,1600,via2_1600x480
VDD,met1-met2,STRIPE,via,240010,149360,241610,149840,1600,via_1600x480
VDD,met3-met4,STRIPE,via,212870,149360,214470,149840,1600,via3_1600x480
VDD,met2-met3,STRIPE,via,212870,149360,214470,149840,1600,via2_1600x480
VDD,met1-met2,STRIPE,via,212870,149360,214470,149840,1600,via_1600x480
VDD,met3-met4,STRIPE,via,185730,149360,187330,149840,1600,via3_1600x480
VDD,met2-met3,STRIPE,via,185730,149360,187330,149840,1600,via2_1600x480
VDD,met1-met2,STRIPE,via,185730,149360,187330,149840,1600,via_1600x480
VDD,met3-met4,STRIPE,via,158590,149360,160190,149840,1600,via3_1600x480
VDD,met2-met3,STRIPE,via,158590,149360,160190,149840,1600,via2_1600x480
VDD,met1-met2,STRIPE,via,158590,149360,160190,149840,1600,via_1600x480
VDD,met3-met4,STRIPE,via,131450,149360,133050,149840,1600,via3_1600x480
VDD,met2-met3,STRIPE,via,131450,149360,133050,149840,1600,via2_1600x480
VDD,met1-met2,STRIPE,via,131450,149360,133050,149840,1600,via_1600x480
VDD,met3-met4,STRIPE,via,104310,149360,105910,149840,1600,via3_1600x480
VDD,met2-met3,STRIPE,via,104310,149360,105910,149840,1600,via2_1600x480
VDD,met1-met2,STRIPE,via,104310,149360,105910,149840,1600,via_1600x480
VDD,met3-met4,STRIPE,via,77170,149360,78770,149840,1600,via3_1600x480
VDD,met2-met3,STRIPE,via,77170,149360,78770,149840,1600,via2_1600x480
VDD,met1-met2,STRIPE,via,77170,149360,78770,149840,1600,via_1600x480
VDD,met3-met4,STRIPE,via,50030,149360,51630,149840,1600,via3_1600x480
VDD,met2-met3,STRIPE,via,50030,149360,51630,149840,1600,via2_1600x480
VDD,met1-met2,STRIPE,via,50030,149360,51630,149840,1600,via_1600x480
VDD,met3-met4,STRIPE,via,22890,149360,24490,149840,1600,via3_1600x480
VDD,met2-met3,STRIPE,via,22890,149360,24490,149840,1600,via2_1600x480
VDD,met1-met2,STRIPE,via,22890,149360,24490,149840,1600,via_1600x480
VDD,met3-met4,STRIPE,via,267150,143920,268750,144400,1600,via3_1600x480
VDD,met2-met3,STRIPE,via,267150,143920,268750,144400,1600,via2_1600x480
VDD,met1-met2,STRIPE,via,267150,143920,268750,144400,1600,via_1600x480
VDD,met3-met4,STRIPE,via,240010,143920,241610,144400,1600,via3_1600x480
VDD,met2-met3,STRIPE,via,240010,143920,241610,144400,1600,via2_1600x480
VDD,met1-met2,STRIPE,via,240010,143920,241610,144400,1600,via_1600x480
VDD,met3-met4,STRIPE,via,212870,143920,214470,144400,1600,via3_1600x480
VDD,met2-met3,STRIPE,via,212870,143920,214470,144400,1600,via2_1600x480
VDD,met1-met2,STRIPE,via,212870,143920,214470,144400,1600,via_1600x480
VDD,met3-met4,STRIPE,via,185730,143920,187330,144400,1600,via3_1600x480
VDD,met2-met3,STRIPE,via,185730,143920,187330,144400,1600,via2_1600x480
VDD,met1-met2,STRIPE,via,185730,143920,187330,144400,1600,via_1600x480
VDD,met3-met4,STRIPE,via,158590,143920,160190,144400,1600,via3_1600x480
VDD,met2-met3,STRIPE,via,158590,143920,160190,144400,1600,via2_1600x480
VDD,met1-met2,STRIPE,via,158590,143920,160190,144400,1600,via_1600x480
VDD,met3-met4,STRIPE,via,131450,143920,133050,144400,1600,via3_1600x480
VDD,met2-met3,STRIPE,via,131450,143920,133050,144400,1600,via2_1600x480
VDD,met1-met2,STRIPE,via,131450,143920,133050,144400,1600,via_1600x480
VDD,met3-met4,STRIPE,via,104310,143920,105910,144400,1600,via3_1600x480
VDD,met2-met3,STRIPE,via,104310,143920,105910,144400,1600,via2_1600x480
VDD,met1-met2,STRIPE,via,104310,143920,105910,144400,1600,via_1600x480
VDD,met3-met4,STRIPE,via,77170,143920,78770,144400,1600,via3_1600x480
VDD,met2-met3,STRIPE,via,77170,143920,78770,144400,1600,via2_1600x480
VDD,met1-met2,STRIPE,via,77170,143920,78770,144400,1600,via_1600x480
VDD,met3-met4,STRIPE,via,50030,143920,51630,144400,1600,via3_1600x480
VDD,met2-met3,STRIPE,via,50030,143920,51630,144400,1600,via2_1600x480
VDD,met1-met2,STRIPE,via,50030,143920,51630,144400,1600,via_1600x480
VDD,met3-met4,STRIPE,via,22890,143920,24490,144400,1600,via3_1600x480
VDD,met2-met3,STRIPE,via,22890,143920,24490,144400,1600,via2_1600x480
VDD,met1-met2,STRIPE,via,22890,143920,24490,144400,1600,via_1600x480
VDD,met3-met4,STRIPE,via,267150,138480,268750,138960,1600,via3_1600x480
VDD,met2-met3,STRIPE,via,267150,138480,268750,138960,1600,via2_1600x480
VDD,met1-met2,STRIPE,via,267150,138480,268750,138960,1600,via_1600x480
VDD,met3-met4,STRIPE,via,240010,138480,241610,138960,1600,via3_1600x480
VDD,met2-met3,STRIPE,via,240010,138480,241610,138960,1600,via2_1600x480
VDD,met1-met2,STRIPE,via,240010,138480,241610,138960,1600,via_1600x480
VDD,met3-met4,STRIPE,via,212870,138480,214470,138960,1600,via3_1600x480
VDD,met2-met3,STRIPE,via,212870,138480,214470,138960,1600,via2_1600x480
VDD,met1-met2,STRIPE,via,212870,138480,214470,138960,1600,via_1600x480
VDD,met3-met4,STRIPE,via,185730,138480,187330,138960,1600,via3_1600x480
VDD,met2-met3,STRIPE,via,185730,138480,187330,138960,1600,via2_1600x480
VDD,met1-met2,STRIPE,via,185730,138480,187330,138960,1600,via_1600x480
VDD,met3-met4,STRIPE,via,158590,138480,160190,138960,1600,via3_1600x480
VDD,met2-met3,STRIPE,via,158590,138480,160190,138960,1600,via2_1600x480
VDD,met1-met2,STRIPE,via,158590,138480,160190,138960,1600,via_1600x480
VDD,met3-met4,STRIPE,via,131450,138480,133050,138960,1600,via3_1600x480
VDD,met2-met3,STRIPE,via,131450,138480,133050,138960,1600,via2_1600x480
VDD,met1-met2,STRIPE,via,131450,138480,133050,138960,1600,via_1600x480
VDD,met3-met4,STRIPE,via,104310,138480,105910,138960,1600,via3_1600x480
VDD,met2-met3,STRIPE,via,104310,138480,105910,138960,1600,via2_1600x480
VDD,met1-met2,STRIPE,via,104310,138480,105910,138960,1600,via_1600x480
VDD,met3-met4,STRIPE,via,77170,138480,78770,138960,1600,via3_1600x480
VDD,met2-met3,STRIPE,via,77170,138480,78770,138960,1600,via2_1600x480
VDD,met1-met2,STRIPE,via,77170,138480,78770,138960,1600,via_1600x480
VDD,met3-met4,STRIPE,via,50030,138480,51630,138960,1600,via3_1600x480
VDD,met2-met3,STRIPE,via,50030,138480,51630,138960,1600,via2_1600x480
VDD,met1-met2,STRIPE,via,50030,138480,51630,138960,1600,via_1600x480
VDD,met3-met4,STRIPE,via,22890,138480,24490,138960,1600,via3_1600x480
VDD,met2-met3,STRIPE,via,22890,138480,24490,138960,1600,via2_1600x480
VDD,met1-met2,STRIPE,via,22890,138480,24490,138960,1600,via_1600x480
VDD,met3-met4,STRIPE,via,267150,133040,268750,133520,1600,via3_1600x480
VDD,met2-met3,STRIPE,via,267150,133040,268750,133520,1600,via2_1600x480
VDD,met1-met2,STRIPE,via,267150,133040,268750,133520,1600,via_1600x480
VDD,met3-met4,STRIPE,via,240010,133040,241610,133520,1600,via3_1600x480
VDD,met2-met3,STRIPE,via,240010,133040,241610,133520,1600,via2_1600x480
VDD,met1-met2,STRIPE,via,240010,133040,241610,133520,1600,via_1600x480
VDD,met3-met4,STRIPE,via,212870,133040,214470,133520,1600,via3_1600x480
VDD,met2-met3,STRIPE,via,212870,133040,214470,133520,1600,via2_1600x480
VDD,met1-met2,STRIPE,via,212870,133040,214470,133520,1600,via_1600x480
VDD,met3-met4,STRIPE,via,185730,133040,187330,133520,1600,via3_1600x480
VDD,met2-met3,STRIPE,via,185730,133040,187330,133520,1600,via2_1600x480
VDD,met1-met2,STRIPE,via,185730,133040,187330,133520,1600,via_1600x480
VDD,met3-met4,STRIPE,via,158590,133040,160190,133520,1600,via3_1600x480
VDD,met2-met3,STRIPE,via,158590,133040,160190,133520,1600,via2_1600x480
VDD,met1-met2,STRIPE,via,158590,133040,160190,133520,1600,via_1600x480
VDD,met3-met4,STRIPE,via,131450,133040,133050,133520,1600,via3_1600x480
VDD,met2-met3,STRIPE,via,131450,133040,133050,133520,1600,via2_1600x480
VDD,met1-met2,STRIPE,via,131450,133040,133050,133520,1600,via_1600x480
VDD,met3-met4,STRIPE,via,104310,133040,105910,133520,1600,via3_1600x480
VDD,met2-met3,STRIPE,via,104310,133040,105910,133520,1600,via2_1600x480
VDD,met1-met2,STRIPE,via,104310,133040,105910,133520,1600,via_1600x480
VDD,met3-met4,STRIPE,via,77170,133040,78770,133520,1600,via3_1600x480
VDD,met2-met3,STRIPE,via,77170,133040,78770,133520,1600,via2_1600x480
VDD,met1-met2,STRIPE,via,77170,133040,78770,133520,1600,via_1600x480
VDD,met3-met4,STRIPE,via,50030,133040,51630,133520,1600,via3_1600x480
VDD,met2-met3,STRIPE,via,50030,133040,51630,133520,1600,via2_1600x480
VDD,met1-met2,STRIPE,via,50030,133040,51630,133520,1600,via_1600x480
VDD,met3-met4,STRIPE,via,22890,133040,24490,133520,1600,via3_1600x480
VDD,met2-met3,STRIPE,via,22890,133040,24490,133520,1600,via2_1600x480
VDD,met1-met2,STRIPE,via,22890,133040,24490,133520,1600,via_1600x480
VDD,met3-met4,STRIPE,via,267150,127600,268750,128080,1600,via3_1600x480
VDD,met2-met3,STRIPE,via,267150,127600,268750,128080,1600,via2_1600x480
VDD,met1-met2,STRIPE,via,267150,127600,268750,128080,1600,via_1600x480
VDD,met3-met4,STRIPE,via,240010,127600,241610,128080,1600,via3_1600x480
VDD,met2-met3,STRIPE,via,240010,127600,241610,128080,1600,via2_1600x480
VDD,met1-met2,STRIPE,via,240010,127600,241610,128080,1600,via_1600x480
VDD,met3-met4,STRIPE,via,212870,127600,214470,128080,1600,via3_1600x480
VDD,met2-met3,STRIPE,via,212870,127600,214470,128080,1600,via2_1600x480
VDD,met1-met2,STRIPE,via,212870,127600,214470,128080,1600,via_1600x480
VDD,met3-met4,STRIPE,via,185730,127600,187330,128080,1600,via3_1600x480
VDD,met2-met3,STRIPE,via,185730,127600,187330,128080,1600,via2_1600x480
VDD,met1-met2,STRIPE,via,185730,127600,187330,128080,1600,via_1600x480
VDD,met3-met4,STRIPE,via,158590,127600,160190,128080,1600,via3_1600x480
VDD,met2-met3,STRIPE,via,158590,127600,160190,128080,1600,via2_1600x480
VDD,met1-met2,STRIPE,via,158590,127600,160190,128080,1600,via_1600x480
VDD,met3-met4,STRIPE,via,131450,127600,133050,128080,1600,via3_1600x480
VDD,met2-met3,STRIPE,via,131450,127600,133050,128080,1600,via2_1600x480
VDD,met1-met2,STRIPE,via,131450,127600,133050,128080,1600,via_1600x480
VDD,met3-met4,STRIPE,via,104310,127600,105910,128080,1600,via3_1600x480
VDD,met2-met3,STRIPE,via,104310,127600,105910,128080,1600,via2_1600x480
VDD,met1-met2,STRIPE,via,104310,127600,105910,128080,1600,via_1600x480
VDD,met3-met4,STRIPE,via,77170,127600,78770,128080,1600,via3_1600x480
VDD,met2-met3,STRIPE,via,77170,127600,78770,128080,1600,via2_1600x480
VDD,met1-met2,STRIPE,via,77170,127600,78770,128080,1600,via_1600x480
VDD,met3-met4,STRIPE,via,50030,127600,51630,128080,1600,via3_1600x480
VDD,met2-met3,STRIPE,via,50030,127600,51630,128080,1600,via2_1600x480
VDD,met1-met2,STRIPE,via,50030,127600,51630,128080,1600,via_1600x480
VDD,met3-met4,STRIPE,via,22890,127600,24490,128080,1600,via3_1600x480
VDD,met2-met3,STRIPE,via,22890,127600,24490,128080,1600,via2_1600x480
VDD,met1-met2,STRIPE,via,22890,127600,24490,128080,1600,via_1600x480
VDD,met3-met4,STRIPE,via,267150,122160,268750,122640,1600,via3_1600x480
VDD,met2-met3,STRIPE,via,267150,122160,268750,122640,1600,via2_1600x480
VDD,met1-met2,STRIPE,via,267150,122160,268750,122640,1600,via_1600x480
VDD,met3-met4,STRIPE,via,240010,122160,241610,122640,1600,via3_1600x480
VDD,met2-met3,STRIPE,via,240010,122160,241610,122640,1600,via2_1600x480
VDD,met1-met2,STRIPE,via,240010,122160,241610,122640,1600,via_1600x480
VDD,met3-met4,STRIPE,via,212870,122160,214470,122640,1600,via3_1600x480
VDD,met2-met3,STRIPE,via,212870,122160,214470,122640,1600,via2_1600x480
VDD,met1-met2,STRIPE,via,212870,122160,214470,122640,1600,via_1600x480
VDD,met3-met4,STRIPE,via,185730,122160,187330,122640,1600,via3_1600x480
VDD,met2-met3,STRIPE,via,185730,122160,187330,122640,1600,via2_1600x480
VDD,met1-met2,STRIPE,via,185730,122160,187330,122640,1600,via_1600x480
VDD,met3-met4,STRIPE,via,158590,122160,160190,122640,1600,via3_1600x480
VDD,met2-met3,STRIPE,via,158590,122160,160190,122640,1600,via2_1600x480
VDD,met1-met2,STRIPE,via,158590,122160,160190,122640,1600,via_1600x480
VDD,met3-met4,STRIPE,via,131450,122160,133050,122640,1600,via3_1600x480
VDD,met2-met3,STRIPE,via,131450,122160,133050,122640,1600,via2_1600x480
VDD,met1-met2,STRIPE,via,131450,122160,133050,122640,1600,via_1600x480
VDD,met3-met4,STRIPE,via,104310,122160,105910,122640,1600,via3_1600x480
VDD,met2-met3,STRIPE,via,104310,122160,105910,122640,1600,via2_1600x480
VDD,met1-met2,STRIPE,via,104310,122160,105910,122640,1600,via_1600x480
VDD,met3-met4,STRIPE,via,77170,122160,78770,122640,1600,via3_1600x480
VDD,met2-met3,STRIPE,via,77170,122160,78770,122640,1600,via2_1600x480
VDD,met1-met2,STRIPE,via,77170,122160,78770,122640,1600,via_1600x480
VDD,met3-met4,STRIPE,via,50030,122160,51630,122640,1600,via3_1600x480
VDD,met2-met3,STRIPE,via,50030,122160,51630,122640,1600,via2_1600x480
VDD,met1-met2,STRIPE,via,50030,122160,51630,122640,1600,via_1600x480
VDD,met3-met4,STRIPE,via,22890,122160,24490,122640,1600,via3_1600x480
VDD,met2-met3,STRIPE,via,22890,122160,24490,122640,1600,via2_1600x480
VDD,met1-met2,STRIPE,via,22890,122160,24490,122640,1600,via_1600x480
VDD,met3-met4,STRIPE,via,267150,116720,268750,117200,1600,via3_1600x480
VDD,met2-met3,STRIPE,via,267150,116720,268750,117200,1600,via2_1600x480
VDD,met1-met2,STRIPE,via,267150,116720,268750,117200,1600,via_1600x480
VDD,met3-met4,STRIPE,via,240010,116720,241610,117200,1600,via3_1600x480
VDD,met2-met3,STRIPE,via,240010,116720,241610,117200,1600,via2_1600x480
VDD,met1-met2,STRIPE,via,240010,116720,241610,117200,1600,via_1600x480
VDD,met3-met4,STRIPE,via,212870,116720,214470,117200,1600,via3_1600x480
VDD,met2-met3,STRIPE,via,212870,116720,214470,117200,1600,via2_1600x480
VDD,met1-met2,STRIPE,via,212870,116720,214470,117200,1600,via_1600x480
VDD,met3-met4,STRIPE,via,185730,116720,187330,117200,1600,via3_1600x480
VDD,met2-met3,STRIPE,via,185730,116720,187330,117200,1600,via2_1600x480
VDD,met1-met2,STRIPE,via,185730,116720,187330,117200,1600,via_1600x480
VDD,met3-met4,STRIPE,via,158590,116720,160190,117200,1600,via3_1600x480
VDD,met2-met3,STRIPE,via,158590,116720,160190,117200,1600,via2_1600x480
VDD,met1-met2,STRIPE,via,158590,116720,160190,117200,1600,via_1600x480
VDD,met3-met4,STRIPE,via,131450,116720,133050,117200,1600,via3_1600x480
VDD,met2-met3,STRIPE,via,131450,116720,133050,117200,1600,via2_1600x480
VDD,met1-met2,STRIPE,via,131450,116720,133050,117200,1600,via_1600x480
VDD,met3-met4,STRIPE,via,104310,116720,105910,117200,1600,via3_1600x480
VDD,met2-met3,STRIPE,via,104310,116720,105910,117200,1600,via2_1600x480
VDD,met1-met2,STRIPE,via,104310,116720,105910,117200,1600,via_1600x480
VDD,met3-met4,STRIPE,via,77170,116720,78770,117200,1600,via3_1600x480
VDD,met2-met3,STRIPE,via,77170,116720,78770,117200,1600,via2_1600x480
VDD,met1-met2,STRIPE,via,77170,116720,78770,117200,1600,via_1600x480
VDD,met3-met4,STRIPE,via,50030,116720,51630,117200,1600,via3_1600x480
VDD,met2-met3,STRIPE,via,50030,116720,51630,117200,1600,via2_1600x480
VDD,met1-met2,STRIPE,via,50030,116720,51630,117200,1600,via_1600x480
VDD,met3-met4,STRIPE,via,22890,116720,24490,117200,1600,via3_1600x480
VDD,met2-met3,STRIPE,via,22890,116720,24490,117200,1600,via2_1600x480
VDD,met1-met2,STRIPE,via,22890,116720,24490,117200,1600,via_1600x480
VDD,met3-met4,STRIPE,via,267150,111280,268750,111760,1600,via3_1600x480
VDD,met2-met3,STRIPE,via,267150,111280,268750,111760,1600,via2_1600x480
VDD,met1-met2,STRIPE,via,267150,111280,268750,111760,1600,via_1600x480
VDD,met3-met4,STRIPE,via,240010,111280,241610,111760,1600,via3_1600x480
VDD,met2-met3,STRIPE,via,240010,111280,241610,111760,1600,via2_1600x480
VDD,met1-met2,STRIPE,via,240010,111280,241610,111760,1600,via_1600x480
VDD,met3-met4,STRIPE,via,212870,111280,214470,111760,1600,via3_1600x480
VDD,met2-met3,STRIPE,via,212870,111280,214470,111760,1600,via2_1600x480
VDD,met1-met2,STRIPE,via,212870,111280,214470,111760,1600,via_1600x480
VDD,met3-met4,STRIPE,via,185730,111280,187330,111760,1600,via3_1600x480
VDD,met2-met3,STRIPE,via,185730,111280,187330,111760,1600,via2_1600x480
VDD,met1-met2,STRIPE,via,185730,111280,187330,111760,1600,via_1600x480
VDD,met3-met4,STRIPE,via,158590,111280,160190,111760,1600,via3_1600x480
VDD,met2-met3,STRIPE,via,158590,111280,160190,111760,1600,via2_1600x480
VDD,met1-met2,STRIPE,via,158590,111280,160190,111760,1600,via_1600x480
VDD,met3-met4,STRIPE,via,131450,111280,133050,111760,1600,via3_1600x480
VDD,met2-met3,STRIPE,via,131450,111280,133050,111760,1600,via2_1600x480
VDD,met1-met2,STRIPE,via,131450,111280,133050,111760,1600,via_1600x480
VDD,met3-met4,STRIPE,via,104310,111280,105910,111760,1600,via3_1600x480
VDD,met2-met3,STRIPE,via,104310,111280,105910,111760,1600,via2_1600x480
VDD,met1-met2,STRIPE,via,104310,111280,105910,111760,1600,via_1600x480
VDD,met3-met4,STRIPE,via,77170,111280,78770,111760,1600,via3_1600x480
VDD,met2-met3,STRIPE,via,77170,111280,78770,111760,1600,via2_1600x480
VDD,met1-met2,STRIPE,via,77170,111280,78770,111760,1600,via_1600x480
VDD,met3-met4,STRIPE,via,50030,111280,51630,111760,1600,via3_1600x480
VDD,met2-met3,STRIPE,via,50030,111280,51630,111760,1600,via2_1600x480
VDD,met1-met2,STRIPE,via,50030,111280,51630,111760,1600,via_1600x480
VDD,met3-met4,STRIPE,via,22890,111280,24490,111760,1600,via3_1600x480
VDD,met2-met3,STRIPE,via,22890,111280,24490,111760,1600,via2_1600x480
VDD,met1-met2,STRIPE,via,22890,111280,24490,111760,1600,via_1600x480
VDD,met3-met4,STRIPE,via,267150,105840,268750,106320,1600,via3_1600x480
VDD,met2-met3,STRIPE,via,267150,105840,268750,106320,1600,via2_1600x480
VDD,met1-met2,STRIPE,via,267150,105840,268750,106320,1600,via_1600x480
VDD,met3-met4,STRIPE,via,240010,105840,241610,106320,1600,via3_1600x480
VDD,met2-met3,STRIPE,via,240010,105840,241610,106320,1600,via2_1600x480
VDD,met1-met2,STRIPE,via,240010,105840,241610,106320,1600,via_1600x480
VDD,met3-met4,STRIPE,via,212870,105840,214470,106320,1600,via3_1600x480
VDD,met2-met3,STRIPE,via,212870,105840,214470,106320,1600,via2_1600x480
VDD,met1-met2,STRIPE,via,212870,105840,214470,106320,1600,via_1600x480
VDD,met3-met4,STRIPE,via,185730,105840,187330,106320,1600,via3_1600x480
VDD,met2-met3,STRIPE,via,185730,105840,187330,106320,1600,via2_1600x480
VDD,met1-met2,STRIPE,via,185730,105840,187330,106320,1600,via_1600x480
VDD,met3-met4,STRIPE,via,158590,105840,160190,106320,1600,via3_1600x480
VDD,met2-met3,STRIPE,via,158590,105840,160190,106320,1600,via2_1600x480
VDD,met1-met2,STRIPE,via,158590,105840,160190,106320,1600,via_1600x480
VDD,met3-met4,STRIPE,via,131450,105840,133050,106320,1600,via3_1600x480
VDD,met2-met3,STRIPE,via,131450,105840,133050,106320,1600,via2_1600x480
VDD,met1-met2,STRIPE,via,131450,105840,133050,106320,1600,via_1600x480
VDD,met3-met4,STRIPE,via,104310,105840,105910,106320,1600,via3_1600x480
VDD,met2-met3,STRIPE,via,104310,105840,105910,106320,1600,via2_1600x480
VDD,met1-met2,STRIPE,via,104310,105840,105910,106320,1600,via_1600x480
VDD,met3-met4,STRIPE,via,77170,105840,78770,106320,1600,via3_1600x480
VDD,met2-met3,STRIPE,via,77170,105840,78770,106320,1600,via2_1600x480
VDD,met1-met2,STRIPE,via,77170,105840,78770,106320,1600,via_1600x480
VDD,met3-met4,STRIPE,via,50030,105840,51630,106320,1600,via3_1600x480
VDD,met2-met3,STRIPE,via,50030,105840,51630,106320,1600,via2_1600x480
VDD,met1-met2,STRIPE,via,50030,105840,51630,106320,1600,via_1600x480
VDD,met3-met4,STRIPE,via,22890,105840,24490,106320,1600,via3_1600x480
VDD,met2-met3,STRIPE,via,22890,105840,24490,106320,1600,via2_1600x480
VDD,met1-met2,STRIPE,via,22890,105840,24490,106320,1600,via_1600x480
VDD,met3-met4,STRIPE,via,267150,100400,268750,100880,1600,via3_1600x480
VDD,met2-met3,STRIPE,via,267150,100400,268750,100880,1600,via2_1600x480
VDD,met1-met2,STRIPE,via,267150,100400,268750,100880,1600,via_1600x480
VDD,met3-met4,STRIPE,via,240010,100400,241610,100880,1600,via3_1600x480
VDD,met2-met3,STRIPE,via,240010,100400,241610,100880,1600,via2_1600x480
VDD,met1-met2,STRIPE,via,240010,100400,241610,100880,1600,via_1600x480
VDD,met3-met4,STRIPE,via,212870,100400,214470,100880,1600,via3_1600x480
VDD,met2-met3,STRIPE,via,212870,100400,214470,100880,1600,via2_1600x480
VDD,met1-met2,STRIPE,via,212870,100400,214470,100880,1600,via_1600x480
VDD,met3-met4,STRIPE,via,185730,100400,187330,100880,1600,via3_1600x480
VDD,met2-met3,STRIPE,via,185730,100400,187330,100880,1600,via2_1600x480
VDD,met1-met2,STRIPE,via,185730,100400,187330,100880,1600,via_1600x480
VDD,met3-met4,STRIPE,via,158590,100400,160190,100880,1600,via3_1600x480
VDD,met2-met3,STRIPE,via,158590,100400,160190,100880,1600,via2_1600x480
VDD,met1-met2,STRIPE,via,158590,100400,160190,100880,1600,via_1600x480
VDD,met3-met4,STRIPE,via,131450,100400,133050,100880,1600,via3_1600x480
VDD,met2-met3,STRIPE,via,131450,100400,133050,100880,1600,via2_1600x480
VDD,met1-met2,STRIPE,via,131450,100400,133050,100880,1600,via_1600x480
VDD,met3-met4,STRIPE,via,104310,100400,105910,100880,1600,via3_1600x480
VDD,met2-met3,STRIPE,via,104310,100400,105910,100880,1600,via2_1600x480
VDD,met1-met2,STRIPE,via,104310,100400,105910,100880,1600,via_1600x480
VDD,met3-met4,STRIPE,via,77170,100400,78770,100880,1600,via3_1600x480
VDD,met2-met3,STRIPE,via,77170,100400,78770,100880,1600,via2_1600x480
VDD,met1-met2,STRIPE,via,77170,100400,78770,100880,1600,via_1600x480
VDD,met3-met4,STRIPE,via,50030,100400,51630,100880,1600,via3_1600x480
VDD,met2-met3,STRIPE,via,50030,100400,51630,100880,1600,via2_1600x480
VDD,met1-met2,STRIPE,via,50030,100400,51630,100880,1600,via_1600x480
VDD,met3-met4,STRIPE,via,22890,100400,24490,100880,1600,via3_1600x480
VDD,met2-met3,STRIPE,via,22890,100400,24490,100880,1600,via2_1600x480
VDD,met1-met2,STRIPE,via,22890,100400,24490,100880,1600,via_1600x480
VDD,met3-met4,STRIPE,via,267150,94960,268750,95440,1600,via3_1600x480
VDD,met2-met3,STRIPE,via,267150,94960,268750,95440,1600,via2_1600x480
VDD,met1-met2,STRIPE,via,267150,94960,268750,95440,1600,via_1600x480
VDD,met3-met4,STRIPE,via,240010,94960,241610,95440,1600,via3_1600x480
VDD,met2-met3,STRIPE,via,240010,94960,241610,95440,1600,via2_1600x480
VDD,met1-met2,STRIPE,via,240010,94960,241610,95440,1600,via_1600x480
VDD,met3-met4,STRIPE,via,212870,94960,214470,95440,1600,via3_1600x480
VDD,met2-met3,STRIPE,via,212870,94960,214470,95440,1600,via2_1600x480
VDD,met1-met2,STRIPE,via,212870,94960,214470,95440,1600,via_1600x480
VDD,met3-met4,STRIPE,via,185730,94960,187330,95440,1600,via3_1600x480
VDD,met2-met3,STRIPE,via,185730,94960,187330,95440,1600,via2_1600x480
VDD,met1-met2,STRIPE,via,185730,94960,187330,95440,1600,via_1600x480
VDD,met3-met4,STRIPE,via,158590,94960,160190,95440,1600,via3_1600x480
VDD,met2-met3,STRIPE,via,158590,94960,160190,95440,1600,via2_1600x480
VDD,met1-met2,STRIPE,via,158590,94960,160190,95440,1600,via_1600x480
VDD,met3-met4,STRIPE,via,131450,94960,133050,95440,1600,via3_1600x480
VDD,met2-met3,STRIPE,via,131450,94960,133050,95440,1600,via2_1600x480
VDD,met1-met2,STRIPE,via,131450,94960,133050,95440,1600,via_1600x480
VDD,met3-met4,STRIPE,via,104310,94960,105910,95440,1600,via3_1600x480
VDD,met2-met3,STRIPE,via,104310,94960,105910,95440,1600,via2_1600x480
VDD,met1-met2,STRIPE,via,104310,94960,105910,95440,1600,via_1600x480
VDD,met3-met4,STRIPE,via,77170,94960,78770,95440,1600,via3_1600x480
VDD,met2-met3,STRIPE,via,77170,94960,78770,95440,1600,via2_1600x480
VDD,met1-met2,STRIPE,via,77170,94960,78770,95440,1600,via_1600x480
VDD,met3-met4,STRIPE,via,50030,94960,51630,95440,1600,via3_1600x480
VDD,met2-met3,STRIPE,via,50030,94960,51630,95440,1600,via2_1600x480
VDD,met1-met2,STRIPE,via,50030,94960,51630,95440,1600,via_1600x480
VDD,met3-met4,STRIPE,via,22890,94960,24490,95440,1600,via3_1600x480
VDD,met2-met3,STRIPE,via,22890,94960,24490,95440,1600,via2_1600x480
VDD,met1-met2,STRIPE,via,22890,94960,24490,95440,1600,via_1600x480
VDD,met3-met4,STRIPE,via,267150,89520,268750,90000,1600,via3_1600x480
VDD,met2-met3,STRIPE,via,267150,89520,268750,90000,1600,via2_1600x480
VDD,met1-met2,STRIPE,via,267150,89520,268750,90000,1600,via_1600x480
VDD,met3-met4,STRIPE,via,240010,89520,241610,90000,1600,via3_1600x480
VDD,met2-met3,STRIPE,via,240010,89520,241610,90000,1600,via2_1600x480
VDD,met1-met2,STRIPE,via,240010,89520,241610,90000,1600,via_1600x480
VDD,met3-met4,STRIPE,via,212870,89520,214470,90000,1600,via3_1600x480
VDD,met2-met3,STRIPE,via,212870,89520,214470,90000,1600,via2_1600x480
VDD,met1-met2,STRIPE,via,212870,89520,214470,90000,1600,via_1600x480
VDD,met3-met4,STRIPE,via,185730,89520,187330,90000,1600,via3_1600x480
VDD,met2-met3,STRIPE,via,185730,89520,187330,90000,1600,via2_1600x480
VDD,met1-met2,STRIPE,via,185730,89520,187330,90000,1600,via_1600x480
VDD,met3-met4,STRIPE,via,158590,89520,160190,90000,1600,via3_1600x480
VDD,met2-met3,STRIPE,via,158590,89520,160190,90000,1600,via2_1600x480
VDD,met1-met2,STRIPE,via,158590,89520,160190,90000,1600,via_1600x480
VDD,met3-met4,STRIPE,via,131450,89520,133050,90000,1600,via3_1600x480
VDD,met2-met3,STRIPE,via,131450,89520,133050,90000,1600,via2_1600x480
VDD,met1-met2,STRIPE,via,131450,89520,133050,90000,1600,via_1600x480
VDD,met3-met4,STRIPE,via,104310,89520,105910,90000,1600,via3_1600x480
VDD,met2-met3,STRIPE,via,104310,89520,105910,90000,1600,via2_1600x480
VDD,met1-met2,STRIPE,via,104310,89520,105910,90000,1600,via_1600x480
VDD,met3-met4,STRIPE,via,77170,89520,78770,90000,1600,via3_1600x480
VDD,met2-met3,STRIPE,via,77170,89520,78770,90000,1600,via2_1600x480
VDD,met1-met2,STRIPE,via,77170,89520,78770,90000,1600,via_1600x480
VDD,met3-met4,STRIPE,via,50030,89520,51630,90000,1600,via3_1600x480
VDD,met2-met3,STRIPE,via,50030,89520,51630,90000,1600,via2_1600x480
VDD,met1-met2,STRIPE,via,50030,89520,51630,90000,1600,via_1600x480
VDD,met3-met4,STRIPE,via,22890,89520,24490,90000,1600,via3_1600x480
VDD,met2-met3,STRIPE,via,22890,89520,24490,90000,1600,via2_1600x480
VDD,met1-met2,STRIPE,via,22890,89520,24490,90000,1600,via_1600x480
VDD,met3-met4,STRIPE,via,267150,84080,268750,84560,1600,via3_1600x480
VDD,met2-met3,STRIPE,via,267150,84080,268750,84560,1600,via2_1600x480
VDD,met1-met2,STRIPE,via,267150,84080,268750,84560,1600,via_1600x480
VDD,met3-met4,STRIPE,via,240010,84080,241610,84560,1600,via3_1600x480
VDD,met2-met3,STRIPE,via,240010,84080,241610,84560,1600,via2_1600x480
VDD,met1-met2,STRIPE,via,240010,84080,241610,84560,1600,via_1600x480
VDD,met3-met4,STRIPE,via,212870,84080,214470,84560,1600,via3_1600x480
VDD,met2-met3,STRIPE,via,212870,84080,214470,84560,1600,via2_1600x480
VDD,met1-met2,STRIPE,via,212870,84080,214470,84560,1600,via_1600x480
VDD,met3-met4,STRIPE,via,185730,84080,187330,84560,1600,via3_1600x480
VDD,met2-met3,STRIPE,via,185730,84080,187330,84560,1600,via2_1600x480
VDD,met1-met2,STRIPE,via,185730,84080,187330,84560,1600,via_1600x480
VDD,met3-met4,STRIPE,via,158590,84080,160190,84560,1600,via3_1600x480
VDD,met2-met3,STRIPE,via,158590,84080,160190,84560,1600,via2_1600x480
VDD,met1-met2,STRIPE,via,158590,84080,160190,84560,1600,via_1600x480
VDD,met3-met4,STRIPE,via,131450,84080,133050,84560,1600,via3_1600x480
VDD,met2-met3,STRIPE,via,131450,84080,133050,84560,1600,via2_1600x480
VDD,met1-met2,STRIPE,via,131450,84080,133050,84560,1600,via_1600x480
VDD,met3-met4,STRIPE,via,104310,84080,105910,84560,1600,via3_1600x480
VDD,met2-met3,STRIPE,via,104310,84080,105910,84560,1600,via2_1600x480
VDD,met1-met2,STRIPE,via,104310,84080,105910,84560,1600,via_1600x480
VDD,met3-met4,STRIPE,via,77170,84080,78770,84560,1600,via3_1600x480
VDD,met2-met3,STRIPE,via,77170,84080,78770,84560,1600,via2_1600x480
VDD,met1-met2,STRIPE,via,77170,84080,78770,84560,1600,via_1600x480
VDD,met3-met4,STRIPE,via,50030,84080,51630,84560,1600,via3_1600x480
VDD,met2-met3,STRIPE,via,50030,84080,51630,84560,1600,via2_1600x480
VDD,met1-met2,STRIPE,via,50030,84080,51630,84560,1600,via_1600x480
VDD,met3-met4,STRIPE,via,22890,84080,24490,84560,1600,via3_1600x480
VDD,met2-met3,STRIPE,via,22890,84080,24490,84560,1600,via2_1600x480
VDD,met1-met2,STRIPE,via,22890,84080,24490,84560,1600,via_1600x480
VDD,met3-met4,STRIPE,via,267150,78640,268750,79120,1600,via3_1600x480
VDD,met2-met3,STRIPE,via,267150,78640,268750,79120,1600,via2_1600x480
VDD,met1-met2,STRIPE,via,267150,78640,268750,79120,1600,via_1600x480
VDD,met3-met4,STRIPE,via,240010,78640,241610,79120,1600,via3_1600x480
VDD,met2-met3,STRIPE,via,240010,78640,241610,79120,1600,via2_1600x480
VDD,met1-met2,STRIPE,via,240010,78640,241610,79120,1600,via_1600x480
VDD,met3-met4,STRIPE,via,212870,78640,214470,79120,1600,via3_1600x480
VDD,met2-met3,STRIPE,via,212870,78640,214470,79120,1600,via2_1600x480
VDD,met1-met2,STRIPE,via,212870,78640,214470,79120,1600,via_1600x480
VDD,met3-met4,STRIPE,via,185730,78640,187330,79120,1600,via3_1600x480
VDD,met2-met3,STRIPE,via,185730,78640,187330,79120,1600,via2_1600x480
VDD,met1-met2,STRIPE,via,185730,78640,187330,79120,1600,via_1600x480
VDD,met3-met4,STRIPE,via,158590,78640,160190,79120,1600,via3_1600x480
VDD,met2-met3,STRIPE,via,158590,78640,160190,79120,1600,via2_1600x480
VDD,met1-met2,STRIPE,via,158590,78640,160190,79120,1600,via_1600x480
VDD,met3-met4,STRIPE,via,131450,78640,133050,79120,1600,via3_1600x480
VDD,met2-met3,STRIPE,via,131450,78640,133050,79120,1600,via2_1600x480
VDD,met1-met2,STRIPE,via,131450,78640,133050,79120,1600,via_1600x480
VDD,met3-met4,STRIPE,via,104310,78640,105910,79120,1600,via3_1600x480
VDD,met2-met3,STRIPE,via,104310,78640,105910,79120,1600,via2_1600x480
VDD,met1-met2,STRIPE,via,104310,78640,105910,79120,1600,via_1600x480
VDD,met3-met4,STRIPE,via,77170,78640,78770,79120,1600,via3_1600x480
VDD,met2-met3,STRIPE,via,77170,78640,78770,79120,1600,via2_1600x480
VDD,met1-met2,STRIPE,via,77170,78640,78770,79120,1600,via_1600x480
VDD,met3-met4,STRIPE,via,50030,78640,51630,79120,1600,via3_1600x480
VDD,met2-met3,STRIPE,via,50030,78640,51630,79120,1600,via2_1600x480
VDD,met1-met2,STRIPE,via,50030,78640,51630,79120,1600,via_1600x480
VDD,met3-met4,STRIPE,via,22890,78640,24490,79120,1600,via3_1600x480
VDD,met2-met3,STRIPE,via,22890,78640,24490,79120,1600,via2_1600x480
VDD,met1-met2,STRIPE,via,22890,78640,24490,79120,1600,via_1600x480
VDD,met3-met4,STRIPE,via,267150,73200,268750,73680,1600,via3_1600x480
VDD,met2-met3,STRIPE,via,267150,73200,268750,73680,1600,via2_1600x480
VDD,met1-met2,STRIPE,via,267150,73200,268750,73680,1600,via_1600x480
VDD,met3-met4,STRIPE,via,240010,73200,241610,73680,1600,via3_1600x480
VDD,met2-met3,STRIPE,via,240010,73200,241610,73680,1600,via2_1600x480
VDD,met1-met2,STRIPE,via,240010,73200,241610,73680,1600,via_1600x480
VDD,met3-met4,STRIPE,via,212870,73200,214470,73680,1600,via3_1600x480
VDD,met2-met3,STRIPE,via,212870,73200,214470,73680,1600,via2_1600x480
VDD,met1-met2,STRIPE,via,212870,73200,214470,73680,1600,via_1600x480
VDD,met3-met4,STRIPE,via,185730,73200,187330,73680,1600,via3_1600x480
VDD,met2-met3,STRIPE,via,185730,73200,187330,73680,1600,via2_1600x480
VDD,met1-met2,STRIPE,via,185730,73200,187330,73680,1600,via_1600x480
VDD,met3-met4,STRIPE,via,158590,73200,160190,73680,1600,via3_1600x480
VDD,met2-met3,STRIPE,via,158590,73200,160190,73680,1600,via2_1600x480
VDD,met1-met2,STRIPE,via,158590,73200,160190,73680,1600,via_1600x480
VDD,met3-met4,STRIPE,via,131450,73200,133050,73680,1600,via3_1600x480
VDD,met2-met3,STRIPE,via,131450,73200,133050,73680,1600,via2_1600x480
VDD,met1-met2,STRIPE,via,131450,73200,133050,73680,1600,via_1600x480
VDD,met3-met4,STRIPE,via,104310,73200,105910,73680,1600,via3_1600x480
VDD,met2-met3,STRIPE,via,104310,73200,105910,73680,1600,via2_1600x480
VDD,met1-met2,STRIPE,via,104310,73200,105910,73680,1600,via_1600x480
VDD,met3-met4,STRIPE,via,77170,73200,78770,73680,1600,via3_1600x480
VDD,met2-met3,STRIPE,via,77170,73200,78770,73680,1600,via2_1600x480
VDD,met1-met2,STRIPE,via,77170,73200,78770,73680,1600,via_1600x480
VDD,met3-met4,STRIPE,via,50030,73200,51630,73680,1600,via3_1600x480
VDD,met2-met3,STRIPE,via,50030,73200,51630,73680,1600,via2_1600x480
VDD,met1-met2,STRIPE,via,50030,73200,51630,73680,1600,via_1600x480
VDD,met3-met4,STRIPE,via,22890,73200,24490,73680,1600,via3_1600x480
VDD,met2-met3,STRIPE,via,22890,73200,24490,73680,1600,via2_1600x480
VDD,met1-met2,STRIPE,via,22890,73200,24490,73680,1600,via_1600x480
VDD,met3-met4,STRIPE,via,267150,67760,268750,68240,1600,via3_1600x480
VDD,met2-met3,STRIPE,via,267150,67760,268750,68240,1600,via2_1600x480
VDD,met1-met2,STRIPE,via,267150,67760,268750,68240,1600,via_1600x480
VDD,met3-met4,STRIPE,via,240010,67760,241610,68240,1600,via3_1600x480
VDD,met2-met3,STRIPE,via,240010,67760,241610,68240,1600,via2_1600x480
VDD,met1-met2,STRIPE,via,240010,67760,241610,68240,1600,via_1600x480
VDD,met3-met4,STRIPE,via,212870,67760,214470,68240,1600,via3_1600x480
VDD,met2-met3,STRIPE,via,212870,67760,214470,68240,1600,via2_1600x480
VDD,met1-met2,STRIPE,via,212870,67760,214470,68240,1600,via_1600x480
VDD,met3-met4,STRIPE,via,185730,67760,187330,68240,1600,via3_1600x480
VDD,met2-met3,STRIPE,via,185730,67760,187330,68240,1600,via2_1600x480
VDD,met1-met2,STRIPE,via,185730,67760,187330,68240,1600,via_1600x480
VDD,met3-met4,STRIPE,via,158590,67760,160190,68240,1600,via3_1600x480
VDD,met2-met3,STRIPE,via,158590,67760,160190,68240,1600,via2_1600x480
VDD,met1-met2,STRIPE,via,158590,67760,160190,68240,1600,via_1600x480
VDD,met3-met4,STRIPE,via,131450,67760,133050,68240,1600,via3_1600x480
VDD,met2-met3,STRIPE,via,131450,67760,133050,68240,1600,via2_1600x480
VDD,met1-met2,STRIPE,via,131450,67760,133050,68240,1600,via_1600x480
VDD,met3-met4,STRIPE,via,104310,67760,105910,68240,1600,via3_1600x480
VDD,met2-met3,STRIPE,via,104310,67760,105910,68240,1600,via2_1600x480
VDD,met1-met2,STRIPE,via,104310,67760,105910,68240,1600,via_1600x480
VDD,met3-met4,STRIPE,via,77170,67760,78770,68240,1600,via3_1600x480
VDD,met2-met3,STRIPE,via,77170,67760,78770,68240,1600,via2_1600x480
VDD,met1-met2,STRIPE,via,77170,67760,78770,68240,1600,via_1600x480
VDD,met3-met4,STRIPE,via,50030,67760,51630,68240,1600,via3_1600x480
VDD,met2-met3,STRIPE,via,50030,67760,51630,68240,1600,via2_1600x480
VDD,met1-met2,STRIPE,via,50030,67760,51630,68240,1600,via_1600x480
VDD,met3-met4,STRIPE,via,22890,67760,24490,68240,1600,via3_1600x480
VDD,met2-met3,STRIPE,via,22890,67760,24490,68240,1600,via2_1600x480
VDD,met1-met2,STRIPE,via,22890,67760,24490,68240,1600,via_1600x480
VDD,met3-met4,STRIPE,via,267150,62320,268750,62800,1600,via3_1600x480
VDD,met2-met3,STRIPE,via,267150,62320,268750,62800,1600,via2_1600x480
VDD,met1-met2,STRIPE,via,267150,62320,268750,62800,1600,via_1600x480
VDD,met3-met4,STRIPE,via,240010,62320,241610,62800,1600,via3_1600x480
VDD,met2-met3,STRIPE,via,240010,62320,241610,62800,1600,via2_1600x480
VDD,met1-met2,STRIPE,via,240010,62320,241610,62800,1600,via_1600x480
VDD,met3-met4,STRIPE,via,212870,62320,214470,62800,1600,via3_1600x480
VDD,met2-met3,STRIPE,via,212870,62320,214470,62800,1600,via2_1600x480
VDD,met1-met2,STRIPE,via,212870,62320,214470,62800,1600,via_1600x480
VDD,met3-met4,STRIPE,via,185730,62320,187330,62800,1600,via3_1600x480
VDD,met2-met3,STRIPE,via,185730,62320,187330,62800,1600,via2_1600x480
VDD,met1-met2,STRIPE,via,185730,62320,187330,62800,1600,via_1600x480
VDD,met3-met4,STRIPE,via,158590,62320,160190,62800,1600,via3_1600x480
VDD,met2-met3,STRIPE,via,158590,62320,160190,62800,1600,via2_1600x480
VDD,met1-met2,STRIPE,via,158590,62320,160190,62800,1600,via_1600x480
VDD,met3-met4,STRIPE,via,131450,62320,133050,62800,1600,via3_1600x480
VDD,met2-met3,STRIPE,via,131450,62320,133050,62800,1600,via2_1600x480
VDD,met1-met2,STRIPE,via,131450,62320,133050,62800,1600,via_1600x480
VDD,met3-met4,STRIPE,via,104310,62320,105910,62800,1600,via3_1600x480
VDD,met2-met3,STRIPE,via,104310,62320,105910,62800,1600,via2_1600x480
VDD,met1-met2,STRIPE,via,104310,62320,105910,62800,1600,via_1600x480
VDD,met3-met4,STRIPE,via,77170,62320,78770,62800,1600,via3_1600x480
VDD,met2-met3,STRIPE,via,77170,62320,78770,62800,1600,via2_1600x480
VDD,met1-met2,STRIPE,via,77170,62320,78770,62800,1600,via_1600x480
VDD,met3-met4,STRIPE,via,50030,62320,51630,62800,1600,via3_1600x480
VDD,met2-met3,STRIPE,via,50030,62320,51630,62800,1600,via2_1600x480
VDD,met1-met2,STRIPE,via,50030,62320,51630,62800,1600,via_1600x480
VDD,met3-met4,STRIPE,via,22890,62320,24490,62800,1600,via3_1600x480
VDD,met2-met3,STRIPE,via,22890,62320,24490,62800,1600,via2_1600x480
VDD,met1-met2,STRIPE,via,22890,62320,24490,62800,1600,via_1600x480
VDD,met3-met4,STRIPE,via,267150,56880,268750,57360,1600,via3_1600x480
VDD,met2-met3,STRIPE,via,267150,56880,268750,57360,1600,via2_1600x480
VDD,met1-met2,STRIPE,via,267150,56880,268750,57360,1600,via_1600x480
VDD,met3-met4,STRIPE,via,240010,56880,241610,57360,1600,via3_1600x480
VDD,met2-met3,STRIPE,via,240010,56880,241610,57360,1600,via2_1600x480
VDD,met1-met2,STRIPE,via,240010,56880,241610,57360,1600,via_1600x480
VDD,met3-met4,STRIPE,via,212870,56880,214470,57360,1600,via3_1600x480
VDD,met2-met3,STRIPE,via,212870,56880,214470,57360,1600,via2_1600x480
VDD,met1-met2,STRIPE,via,212870,56880,214470,57360,1600,via_1600x480
VDD,met3-met4,STRIPE,via,185730,56880,187330,57360,1600,via3_1600x480
VDD,met2-met3,STRIPE,via,185730,56880,187330,57360,1600,via2_1600x480
VDD,met1-met2,STRIPE,via,185730,56880,187330,57360,1600,via_1600x480
VDD,met3-met4,STRIPE,via,158590,56880,160190,57360,1600,via3_1600x480
VDD,met2-met3,STRIPE,via,158590,56880,160190,57360,1600,via2_1600x480
VDD,met1-met2,STRIPE,via,158590,56880,160190,57360,1600,via_1600x480
VDD,met3-met4,STRIPE,via,131450,56880,133050,57360,1600,via3_1600x480
VDD,met2-met3,STRIPE,via,131450,56880,133050,57360,1600,via2_1600x480
VDD,met1-met2,STRIPE,via,131450,56880,133050,57360,1600,via_1600x480
VDD,met3-met4,STRIPE,via,104310,56880,105910,57360,1600,via3_1600x480
VDD,met2-met3,STRIPE,via,104310,56880,105910,57360,1600,via2_1600x480
VDD,met1-met2,STRIPE,via,104310,56880,105910,57360,1600,via_1600x480
VDD,met3-met4,STRIPE,via,77170,56880,78770,57360,1600,via3_1600x480
VDD,met2-met3,STRIPE,via,77170,56880,78770,57360,1600,via2_1600x480
VDD,met1-met2,STRIPE,via,77170,56880,78770,57360,1600,via_1600x480
VDD,met3-met4,STRIPE,via,50030,56880,51630,57360,1600,via3_1600x480
VDD,met2-met3,STRIPE,via,50030,56880,51630,57360,1600,via2_1600x480
VDD,met1-met2,STRIPE,via,50030,56880,51630,57360,1600,via_1600x480
VDD,met3-met4,STRIPE,via,22890,56880,24490,57360,1600,via3_1600x480
VDD,met2-met3,STRIPE,via,22890,56880,24490,57360,1600,via2_1600x480
VDD,met1-met2,STRIPE,via,22890,56880,24490,57360,1600,via_1600x480
VDD,met3-met4,STRIPE,via,267150,51440,268750,51920,1600,via3_1600x480
VDD,met2-met3,STRIPE,via,267150,51440,268750,51920,1600,via2_1600x480
VDD,met1-met2,STRIPE,via,267150,51440,268750,51920,1600,via_1600x480
VDD,met3-met4,STRIPE,via,240010,51440,241610,51920,1600,via3_1600x480
VDD,met2-met3,STRIPE,via,240010,51440,241610,51920,1600,via2_1600x480
VDD,met1-met2,STRIPE,via,240010,51440,241610,51920,1600,via_1600x480
VDD,met3-met4,STRIPE,via,212870,51440,214470,51920,1600,via3_1600x480
VDD,met2-met3,STRIPE,via,212870,51440,214470,51920,1600,via2_1600x480
VDD,met1-met2,STRIPE,via,212870,51440,214470,51920,1600,via_1600x480
VDD,met3-met4,STRIPE,via,185730,51440,187330,51920,1600,via3_1600x480
VDD,met2-met3,STRIPE,via,185730,51440,187330,51920,1600,via2_1600x480
VDD,met1-met2,STRIPE,via,185730,51440,187330,51920,1600,via_1600x480
VDD,met3-met4,STRIPE,via,158590,51440,160190,51920,1600,via3_1600x480
VDD,met2-met3,STRIPE,via,158590,51440,160190,51920,1600,via2_1600x480
VDD,met1-met2,STRIPE,via,158590,51440,160190,51920,1600,via_1600x480
VDD,met3-met4,STRIPE,via,131450,51440,133050,51920,1600,via3_1600x480
VDD,met2-met3,STRIPE,via,131450,51440,133050,51920,1600,via2_1600x480
VDD,met1-met2,STRIPE,via,131450,51440,133050,51920,1600,via_1600x480
VDD,met3-met4,STRIPE,via,104310,51440,105910,51920,1600,via3_1600x480
VDD,met2-met3,STRIPE,via,104310,51440,105910,51920,1600,via2_1600x480
VDD,met1-met2,STRIPE,via,104310,51440,105910,51920,1600,via_1600x480
VDD,met3-met4,STRIPE,via,77170,51440,78770,51920,1600,via3_1600x480
VDD,met2-met3,STRIPE,via,77170,51440,78770,51920,1600,via2_1600x480
VDD,met1-met2,STRIPE,via,77170,51440,78770,51920,1600,via_1600x480
VDD,met3-met4,STRIPE,via,50030,51440,51630,51920,1600,via3_1600x480
VDD,met2-met3,STRIPE,via,50030,51440,51630,51920,1600,via2_1600x480
VDD,met1-met2,STRIPE,via,50030,51440,51630,51920,1600,via_1600x480
VDD,met3-met4,STRIPE,via,22890,51440,24490,51920,1600,via3_1600x480
VDD,met2-met3,STRIPE,via,22890,51440,24490,51920,1600,via2_1600x480
VDD,met1-met2,STRIPE,via,22890,51440,24490,51920,1600,via_1600x480
VDD,met3-met4,STRIPE,via,267150,46000,268750,46480,1600,via3_1600x480
VDD,met2-met3,STRIPE,via,267150,46000,268750,46480,1600,via2_1600x480
VDD,met1-met2,STRIPE,via,267150,46000,268750,46480,1600,via_1600x480
VDD,met3-met4,STRIPE,via,240010,46000,241610,46480,1600,via3_1600x480
VDD,met2-met3,STRIPE,via,240010,46000,241610,46480,1600,via2_1600x480
VDD,met1-met2,STRIPE,via,240010,46000,241610,46480,1600,via_1600x480
VDD,met3-met4,STRIPE,via,212870,46000,214470,46480,1600,via3_1600x480
VDD,met2-met3,STRIPE,via,212870,46000,214470,46480,1600,via2_1600x480
VDD,met1-met2,STRIPE,via,212870,46000,214470,46480,1600,via_1600x480
VDD,met3-met4,STRIPE,via,185730,46000,187330,46480,1600,via3_1600x480
VDD,met2-met3,STRIPE,via,185730,46000,187330,46480,1600,via2_1600x480
VDD,met1-met2,STRIPE,via,185730,46000,187330,46480,1600,via_1600x480
VDD,met3-met4,STRIPE,via,158590,46000,160190,46480,1600,via3_1600x480
VDD,met2-met3,STRIPE,via,158590,46000,160190,46480,1600,via2_1600x480
VDD,met1-met2,STRIPE,via,158590,46000,160190,46480,1600,via_1600x480
VDD,met3-met4,STRIPE,via,131450,46000,133050,46480,1600,via3_1600x480
VDD,met2-met3,STRIPE,via,131450,46000,133050,46480,1600,via2_1600x480
VDD,met1-met2,STRIPE,via,131450,46000,133050,46480,1600,via_1600x480
VDD,met3-met4,STRIPE,via,104310,46000,105910,46480,1600,via3_1600x480
VDD,met2-met3,STRIPE,via,104310,46000,105910,46480,1600,via2_1600x480
VDD,met1-met2,STRIPE,via,104310,46000,105910,46480,1600,via_1600x480
VDD,met3-met4,STRIPE,via,77170,46000,78770,46480,1600,via3_1600x480
VDD,met2-met3,STRIPE,via,77170,46000,78770,46480,1600,via2_1600x480
VDD,met1-met2,STRIPE,via,77170,46000,78770,46480,1600,via_1600x480
VDD,met3-met4,STRIPE,via,50030,46000,51630,46480,1600,via3_1600x480
VDD,met2-met3,STRIPE,via,50030,46000,51630,46480,1600,via2_1600x480
VDD,met1-met2,STRIPE,via,50030,46000,51630,46480,1600,via_1600x480
VDD,met3-met4,STRIPE,via,22890,46000,24490,46480,1600,via3_1600x480
VDD,met2-met3,STRIPE,via,22890,46000,24490,46480,1600,via2_1600x480
VDD,met1-met2,STRIPE,via,22890,46000,24490,46480,1600,via_1600x480
VDD,met3-met4,STRIPE,via,267150,40560,268750,41040,1600,via3_1600x480
VDD,met2-met3,STRIPE,via,267150,40560,268750,41040,1600,via2_1600x480
VDD,met1-met2,STRIPE,via,267150,40560,268750,41040,1600,via_1600x480
VDD,met3-met4,STRIPE,via,240010,40560,241610,41040,1600,via3_1600x480
VDD,met2-met3,STRIPE,via,240010,40560,241610,41040,1600,via2_1600x480
VDD,met1-met2,STRIPE,via,240010,40560,241610,41040,1600,via_1600x480
VDD,met3-met4,STRIPE,via,212870,40560,214470,41040,1600,via3_1600x480
VDD,met2-met3,STRIPE,via,212870,40560,214470,41040,1600,via2_1600x480
VDD,met1-met2,STRIPE,via,212870,40560,214470,41040,1600,via_1600x480
VDD,met3-met4,STRIPE,via,185730,40560,187330,41040,1600,via3_1600x480
VDD,met2-met3,STRIPE,via,185730,40560,187330,41040,1600,via2_1600x480
VDD,met1-met2,STRIPE,via,185730,40560,187330,41040,1600,via_1600x480
VDD,met3-met4,STRIPE,via,158590,40560,160190,41040,1600,via3_1600x480
VDD,met2-met3,STRIPE,via,158590,40560,160190,41040,1600,via2_1600x480
VDD,met1-met2,STRIPE,via,158590,40560,160190,41040,1600,via_1600x480
VDD,met3-met4,STRIPE,via,131450,40560,133050,41040,1600,via3_1600x480
VDD,met2-met3,STRIPE,via,131450,40560,133050,41040,1600,via2_1600x480
VDD,met1-met2,STRIPE,via,131450,40560,133050,41040,1600,via_1600x480
VDD,met3-met4,STRIPE,via,104310,40560,105910,41040,1600,via3_1600x480
VDD,met2-met3,STRIPE,via,104310,40560,105910,41040,1600,via2_1600x480
VDD,met1-met2,STRIPE,via,104310,40560,105910,41040,1600,via_1600x480
VDD,met3-met4,STRIPE,via,77170,40560,78770,41040,1600,via3_1600x480
VDD,met2-met3,STRIPE,via,77170,40560,78770,41040,1600,via2_1600x480
VDD,met1-met2,STRIPE,via,77170,40560,78770,41040,1600,via_1600x480
VDD,met3-met4,STRIPE,via,50030,40560,51630,41040,1600,via3_1600x480
VDD,met2-met3,STRIPE,via,50030,40560,51630,41040,1600,via2_1600x480
VDD,met1-met2,STRIPE,via,50030,40560,51630,41040,1600,via_1600x480
VDD,met3-met4,STRIPE,via,22890,40560,24490,41040,1600,via3_1600x480
VDD,met2-met3,STRIPE,via,22890,40560,24490,41040,1600,via2_1600x480
VDD,met1-met2,STRIPE,via,22890,40560,24490,41040,1600,via_1600x480
VDD,met3-met4,STRIPE,via,267150,35120,268750,35600,1600,via3_1600x480
VDD,met2-met3,STRIPE,via,267150,35120,268750,35600,1600,via2_1600x480
VDD,met1-met2,STRIPE,via,267150,35120,268750,35600,1600,via_1600x480
VDD,met3-met4,STRIPE,via,240010,35120,241610,35600,1600,via3_1600x480
VDD,met2-met3,STRIPE,via,240010,35120,241610,35600,1600,via2_1600x480
VDD,met1-met2,STRIPE,via,240010,35120,241610,35600,1600,via_1600x480
VDD,met3-met4,STRIPE,via,212870,35120,214470,35600,1600,via3_1600x480
VDD,met2-met3,STRIPE,via,212870,35120,214470,35600,1600,via2_1600x480
VDD,met1-met2,STRIPE,via,212870,35120,214470,35600,1600,via_1600x480
VDD,met3-met4,STRIPE,via,185730,35120,187330,35600,1600,via3_1600x480
VDD,met2-met3,STRIPE,via,185730,35120,187330,35600,1600,via2_1600x480
VDD,met1-met2,STRIPE,via,185730,35120,187330,35600,1600,via_1600x480
VDD,met3-met4,STRIPE,via,158590,35120,160190,35600,1600,via3_1600x480
VDD,met2-met3,STRIPE,via,158590,35120,160190,35600,1600,via2_1600x480
VDD,met1-met2,STRIPE,via,158590,35120,160190,35600,1600,via_1600x480
VDD,met3-met4,STRIPE,via,131450,35120,133050,35600,1600,via3_1600x480
VDD,met2-met3,STRIPE,via,131450,35120,133050,35600,1600,via2_1600x480
VDD,met1-met2,STRIPE,via,131450,35120,133050,35600,1600,via_1600x480
VDD,met3-met4,STRIPE,via,104310,35120,105910,35600,1600,via3_1600x480
VDD,met2-met3,STRIPE,via,104310,35120,105910,35600,1600,via2_1600x480
VDD,met1-met2,STRIPE,via,104310,35120,105910,35600,1600,via_1600x480
VDD,met3-met4,STRIPE,via,77170,35120,78770,35600,1600,via3_1600x480
VDD,met2-met3,STRIPE,via,77170,35120,78770,35600,1600,via2_1600x480
VDD,met1-met2,STRIPE,via,77170,35120,78770,35600,1600,via_1600x480
VDD,met3-met4,STRIPE,via,50030,35120,51630,35600,1600,via3_1600x480
VDD,met2-met3,STRIPE,via,50030,35120,51630,35600,1600,via2_1600x480
VDD,met1-met2,STRIPE,via,50030,35120,51630,35600,1600,via_1600x480
VDD,met3-met4,STRIPE,via,22890,35120,24490,35600,1600,via3_1600x480
VDD,met2-met3,STRIPE,via,22890,35120,24490,35600,1600,via2_1600x480
VDD,met1-met2,STRIPE,via,22890,35120,24490,35600,1600,via_1600x480
VDD,met3-met4,STRIPE,via,267150,29680,268750,30160,1600,via3_1600x480
VDD,met2-met3,STRIPE,via,267150,29680,268750,30160,1600,via2_1600x480
VDD,met1-met2,STRIPE,via,267150,29680,268750,30160,1600,via_1600x480
VDD,met3-met4,STRIPE,via,240010,29680,241610,30160,1600,via3_1600x480
VDD,met2-met3,STRIPE,via,240010,29680,241610,30160,1600,via2_1600x480
VDD,met1-met2,STRIPE,via,240010,29680,241610,30160,1600,via_1600x480
VDD,met3-met4,STRIPE,via,212870,29680,214470,30160,1600,via3_1600x480
VDD,met2-met3,STRIPE,via,212870,29680,214470,30160,1600,via2_1600x480
VDD,met1-met2,STRIPE,via,212870,29680,214470,30160,1600,via_1600x480
VDD,met3-met4,STRIPE,via,185730,29680,187330,30160,1600,via3_1600x480
VDD,met2-met3,STRIPE,via,185730,29680,187330,30160,1600,via2_1600x480
VDD,met1-met2,STRIPE,via,185730,29680,187330,30160,1600,via_1600x480
VDD,met3-met4,STRIPE,via,158590,29680,160190,30160,1600,via3_1600x480
VDD,met2-met3,STRIPE,via,158590,29680,160190,30160,1600,via2_1600x480
VDD,met1-met2,STRIPE,via,158590,29680,160190,30160,1600,via_1600x480
VDD,met3-met4,STRIPE,via,131450,29680,133050,30160,1600,via3_1600x480
VDD,met2-met3,STRIPE,via,131450,29680,133050,30160,1600,via2_1600x480
VDD,met1-met2,STRIPE,via,131450,29680,133050,30160,1600,via_1600x480
VDD,met3-met4,STRIPE,via,104310,29680,105910,30160,1600,via3_1600x480
VDD,met2-met3,STRIPE,via,104310,29680,105910,30160,1600,via2_1600x480
VDD,met1-met2,STRIPE,via,104310,29680,105910,30160,1600,via_1600x480
VDD,met3-met4,STRIPE,via,77170,29680,78770,30160,1600,via3_1600x480
VDD,met2-met3,STRIPE,via,77170,29680,78770,30160,1600,via2_1600x480
VDD,met1-met2,STRIPE,via,77170,29680,78770,30160,1600,via_1600x480
VDD,met3-met4,STRIPE,via,50030,29680,51630,30160,1600,via3_1600x480
VDD,met2-met3,STRIPE,via,50030,29680,51630,30160,1600,via2_1600x480
VDD,met1-met2,STRIPE,via,50030,29680,51630,30160,1600,via_1600x480
VDD,met3-met4,STRIPE,via,22890,29680,24490,30160,1600,via3_1600x480
VDD,met2-met3,STRIPE,via,22890,29680,24490,30160,1600,via2_1600x480
VDD,met1-met2,STRIPE,via,22890,29680,24490,30160,1600,via_1600x480
VDD,met3-met4,STRIPE,via,267150,24240,268750,24720,1600,via3_1600x480
VDD,met2-met3,STRIPE,via,267150,24240,268750,24720,1600,via2_1600x480
VDD,met1-met2,STRIPE,via,267150,24240,268750,24720,1600,via_1600x480
VDD,met3-met4,STRIPE,via,240010,24240,241610,24720,1600,via3_1600x480
VDD,met2-met3,STRIPE,via,240010,24240,241610,24720,1600,via2_1600x480
VDD,met1-met2,STRIPE,via,240010,24240,241610,24720,1600,via_1600x480
VDD,met3-met4,STRIPE,via,212870,24240,214470,24720,1600,via3_1600x480
VDD,met2-met3,STRIPE,via,212870,24240,214470,24720,1600,via2_1600x480
VDD,met1-met2,STRIPE,via,212870,24240,214470,24720,1600,via_1600x480
VDD,met3-met4,STRIPE,via,185730,24240,187330,24720,1600,via3_1600x480
VDD,met2-met3,STRIPE,via,185730,24240,187330,24720,1600,via2_1600x480
VDD,met1-met2,STRIPE,via,185730,24240,187330,24720,1600,via_1600x480
VDD,met3-met4,STRIPE,via,158590,24240,160190,24720,1600,via3_1600x480
VDD,met2-met3,STRIPE,via,158590,24240,160190,24720,1600,via2_1600x480
VDD,met1-met2,STRIPE,via,158590,24240,160190,24720,1600,via_1600x480
VDD,met3-met4,STRIPE,via,131450,24240,133050,24720,1600,via3_1600x480
VDD,met2-met3,STRIPE,via,131450,24240,133050,24720,1600,via2_1600x480
VDD,met1-met2,STRIPE,via,131450,24240,133050,24720,1600,via_1600x480
VDD,met3-met4,STRIPE,via,104310,24240,105910,24720,1600,via3_1600x480
VDD,met2-met3,STRIPE,via,104310,24240,105910,24720,1600,via2_1600x480
VDD,met1-met2,STRIPE,via,104310,24240,105910,24720,1600,via_1600x480
VDD,met3-met4,STRIPE,via,77170,24240,78770,24720,1600,via3_1600x480
VDD,met2-met3,STRIPE,via,77170,24240,78770,24720,1600,via2_1600x480
VDD,met1-met2,STRIPE,via,77170,24240,78770,24720,1600,via_1600x480
VDD,met3-met4,STRIPE,via,50030,24240,51630,24720,1600,via3_1600x480
VDD,met2-met3,STRIPE,via,50030,24240,51630,24720,1600,via2_1600x480
VDD,met1-met2,STRIPE,via,50030,24240,51630,24720,1600,via_1600x480
VDD,met3-met4,STRIPE,via,22890,24240,24490,24720,1600,via3_1600x480
VDD,met2-met3,STRIPE,via,22890,24240,24490,24720,1600,via2_1600x480
VDD,met1-met2,STRIPE,via,22890,24240,24490,24720,1600,via_1600x480
VDD,met3-met4,STRIPE,via,267150,18800,268750,19280,1600,via3_1600x480
VDD,met2-met3,STRIPE,via,267150,18800,268750,19280,1600,via2_1600x480
VDD,met1-met2,STRIPE,via,267150,18800,268750,19280,1600,via_1600x480
VDD,met3-met4,STRIPE,via,240010,18800,241610,19280,1600,via3_1600x480
VDD,met2-met3,STRIPE,via,240010,18800,241610,19280,1600,via2_1600x480
VDD,met1-met2,STRIPE,via,240010,18800,241610,19280,1600,via_1600x480
VDD,met3-met4,STRIPE,via,212870,18800,214470,19280,1600,via3_1600x480
VDD,met2-met3,STRIPE,via,212870,18800,214470,19280,1600,via2_1600x480
VDD,met1-met2,STRIPE,via,212870,18800,214470,19280,1600,via_1600x480
VDD,met3-met4,STRIPE,via,185730,18800,187330,19280,1600,via3_1600x480
VDD,met2-met3,STRIPE,via,185730,18800,187330,19280,1600,via2_1600x480
VDD,met1-met2,STRIPE,via,185730,18800,187330,19280,1600,via_1600x480
VDD,met3-met4,STRIPE,via,158590,18800,160190,19280,1600,via3_1600x480
VDD,met2-met3,STRIPE,via,158590,18800,160190,19280,1600,via2_1600x480
VDD,met1-met2,STRIPE,via,158590,18800,160190,19280,1600,via_1600x480
VDD,met3-met4,STRIPE,via,131450,18800,133050,19280,1600,via3_1600x480
VDD,met2-met3,STRIPE,via,131450,18800,133050,19280,1600,via2_1600x480
VDD,met1-met2,STRIPE,via,131450,18800,133050,19280,1600,via_1600x480
VDD,met3-met4,STRIPE,via,104310,18800,105910,19280,1600,via3_1600x480
VDD,met2-met3,STRIPE,via,104310,18800,105910,19280,1600,via2_1600x480
VDD,met1-met2,STRIPE,via,104310,18800,105910,19280,1600,via_1600x480
VDD,met3-met4,STRIPE,via,77170,18800,78770,19280,1600,via3_1600x480
VDD,met2-met3,STRIPE,via,77170,18800,78770,19280,1600,via2_1600x480
VDD,met1-met2,STRIPE,via,77170,18800,78770,19280,1600,via_1600x480
VDD,met3-met4,STRIPE,via,50030,18800,51630,19280,1600,via3_1600x480
VDD,met2-met3,STRIPE,via,50030,18800,51630,19280,1600,via2_1600x480
VDD,met1-met2,STRIPE,via,50030,18800,51630,19280,1600,via_1600x480
VDD,met3-met4,STRIPE,via,22890,18800,24490,19280,1600,via3_1600x480
VDD,met2-met3,STRIPE,via,22890,18800,24490,19280,1600,via2_1600x480
VDD,met1-met2,STRIPE,via,22890,18800,24490,19280,1600,via_1600x480
VDD,met3-met4,STRIPE,via,267150,13360,268750,13840,1600,via3_1600x480
VDD,met2-met3,STRIPE,via,267150,13360,268750,13840,1600,via2_1600x480
VDD,met1-met2,STRIPE,via,267150,13360,268750,13840,1600,via_1600x480
VDD,met3-met4,STRIPE,via,240010,13360,241610,13840,1600,via3_1600x480
VDD,met2-met3,STRIPE,via,240010,13360,241610,13840,1600,via2_1600x480
VDD,met1-met2,STRIPE,via,240010,13360,241610,13840,1600,via_1600x480
VDD,met3-met4,STRIPE,via,212870,13360,214470,13840,1600,via3_1600x480
VDD,met2-met3,STRIPE,via,212870,13360,214470,13840,1600,via2_1600x480
VDD,met1-met2,STRIPE,via,212870,13360,214470,13840,1600,via_1600x480
VDD,met3-met4,STRIPE,via,185730,13360,187330,13840,1600,via3_1600x480
VDD,met2-met3,STRIPE,via,185730,13360,187330,13840,1600,via2_1600x480
VDD,met1-met2,STRIPE,via,185730,13360,187330,13840,1600,via_1600x480
VDD,met3-met4,STRIPE,via,158590,13360,160190,13840,1600,via3_1600x480
VDD,met2-met3,STRIPE,via,158590,13360,160190,13840,1600,via2_1600x480
VDD,met1-met2,STRIPE,via,158590,13360,160190,13840,1600,via_1600x480
VDD,met3-met4,STRIPE,via,131450,13360,133050,13840,1600,via3_1600x480
VDD,met2-met3,STRIPE,via,131450,13360,133050,13840,1600,via2_1600x480
VDD,met1-met2,STRIPE,via,131450,13360,133050,13840,1600,via_1600x480
VDD,met3-met4,STRIPE,via,104310,13360,105910,13840,1600,via3_1600x480
VDD,met2-met3,STRIPE,via,104310,13360,105910,13840,1600,via2_1600x480
VDD,met1-met2,STRIPE,via,104310,13360,105910,13840,1600,via_1600x480
VDD,met3-met4,STRIPE,via,77170,13360,78770,13840,1600,via3_1600x480
VDD,met2-met3,STRIPE,via,77170,13360,78770,13840,1600,via2_1600x480
VDD,met1-met2,STRIPE,via,77170,13360,78770,13840,1600,via_1600x480
VDD,met3-met4,STRIPE,via,50030,13360,51630,13840,1600,via3_1600x480
VDD,met2-met3,STRIPE,via,50030,13360,51630,13840,1600,via2_1600x480
VDD,met1-met2,STRIPE,via,50030,13360,51630,13840,1600,via_1600x480
VDD,met3-met4,STRIPE,via,22890,13360,24490,13840,1600,via3_1600x480
VDD,met2-met3,STRIPE,via,22890,13360,24490,13840,1600,via2_1600x480
VDD,met1-met2,STRIPE,via,22890,13360,24490,13840,1600,via_1600x480
VDD,met5,STRIPE,wire,10120,241040,269560,242640,1600,
VDD,met5,STRIPE,wire,10120,213840,269560,215440,1600,
VDD,met5,STRIPE,wire,10120,186640,269560,188240,1600,
VDD,met5,STRIPE,wire,10120,159440,269560,161040,1600,
VDD,met5,STRIPE,wire,10120,132240,269560,133840,1600,
VDD,met5,STRIPE,wire,10120,105040,269560,106640,1600,
VDD,met5,STRIPE,wire,10120,77840,269560,79440,1600,
VDD,met5,STRIPE,wire,10120,50640,269560,52240,1600,
VDD,met5,STRIPE,wire,10120,23440,269560,25040,1600,
VDD,met4,STRIPE,wire,267150,10640,268750,269520,1600,
VDD,met4,STRIPE,wire,240010,10640,241610,269520,1600,
VDD,met4,STRIPE,wire,212870,10640,214470,269520,1600,
VDD,met4,STRIPE,wire,185730,10640,187330,269520,1600,
VDD,met4,STRIPE,wire,158590,10640,160190,269520,1600,
VDD,met4,STRIPE,wire,131450,10640,133050,269520,1600,
VDD,met4,STRIPE,wire,104310,10640,105910,269520,1600,
VDD,met4,STRIPE,wire,77170,10640,78770,269520,1600,
VDD,met4,STRIPE,wire,50030,10640,51630,269520,1600,
VDD,met4,STRIPE,wire,22890,10640,24490,269520,1600,
VDD,met1,FOLLOWPIN,wire,10120,269040,269560,269520,480,
VDD,met1,FOLLOWPIN,wire,10120,263600,269560,264080,480,
VDD,met1,FOLLOWPIN,wire,10120,258160,269560,258640,480,
VDD,met1,FOLLOWPIN,wire,10120,252720,269560,253200,480,
VDD,met1,FOLLOWPIN,wire,10120,247280,269560,247760,480,
VDD,met1,FOLLOWPIN,wire,10120,241840,269560,242320,480,
VDD,met1,FOLLOWPIN,wire,10120,236400,269560,236880,480,
VDD,met1,FOLLOWPIN,wire,10120,230960,269560,231440,480,
VDD,met1,FOLLOWPIN,wire,10120,225520,269560,226000,480,
VDD,met1,FOLLOWPIN,wire,10120,220080,269560,220560,480,
VDD,met1,FOLLOWPIN,wire,10120,214640,269560,215120,480,
VDD,met1,FOLLOWPIN,wire,10120,209200,269560,209680,480,
VDD,met1,FOLLOWPIN,wire,10120,203760,269560,204240,480,
VDD,met1,FOLLOWPIN,wire,10120,198320,269560,198800,480,
VDD,met1,FOLLOWPIN,wire,10120,192880,269560,193360,480,
VDD,met1,FOLLOWPIN,wire,10120,187440,269560,187920,480,
VDD,met1,FOLLOWPIN,wire,10120,182000,269560,182480,480,
VDD,met1,FOLLOWPIN,wire,10120,176560,269560,177040,480,
VDD,met1,FOLLOWPIN,wire,10120,171120,269560,171600,480,
VDD,met1,FOLLOWPIN,wire,10120,165680,269560,166160,480,
VDD,met1,FOLLOWPIN,wire,10120,160240,269560,160720,480,
VDD,met1,FOLLOWPIN,wire,10120,154800,269560,155280,480,
VDD,met1,FOLLOWPIN,wire,10120,149360,269560,149840,480,
VDD,met1,FOLLOWPIN,wire,10120,143920,269560,144400,480,
VDD,met1,FOLLOWPIN,wire,10120,138480,269560,138960,480,
VDD,met1,FOLLOWPIN,wire,10120,133040,269560,133520,480,
VDD,met1,FOLLOWPIN,wire,10120,127600,269560,128080,480,
VDD,met1,FOLLOWPIN,wire,10120,122160,269560,122640,480,
VDD,met1,FOLLOWPIN,wire,10120,116720,269560,117200,480,
VDD,met1,FOLLOWPIN,wire,10120,111280,269560,111760,480,
VDD,met1,FOLLOWPIN,wire,10120,105840,269560,106320,480,
VDD,met1,FOLLOWPIN,wire,10120,100400,269560,100880,480,
VDD,met1,FOLLOWPIN,wire,10120,94960,269560,95440,480,
VDD,met1,FOLLOWPIN,wire,10120,89520,269560,90000,480,
VDD,met1,FOLLOWPIN,wire,10120,84080,269560,84560,480,
VDD,met1,FOLLOWPIN,wire,10120,78640,269560,79120,480,
VDD,met1,FOLLOWPIN,wire,10120,73200,269560,73680,480,
VDD,met1,FOLLOWPIN,wire,10120,67760,269560,68240,480,
VDD,met1,FOLLOWPIN,wire,10120,62320,269560,62800,480,
VDD,met1,FOLLOWPIN,wire,10120,56880,269560,57360,480,
VDD,met1,FOLLOWPIN,wire,10120,51440,269560,51920,480,
VDD,met1,FOLLOWPIN,wire,10120,46000,269560,46480,480,
VDD,met1,FOLLOWPIN,wire,10120,40560,269560,41040,480,
VDD,met1,FOLLOWPIN,wire,10120,35120,269560,35600,480,
VDD,met1,FOLLOWPIN,wire,10120,29680,269560,30160,480,
VDD,met1,FOLLOWPIN,wire,10120,24240,269560,24720,480,
VDD,met1,FOLLOWPIN,wire,10120,18800,269560,19280,480,
VDD,met1,FOLLOWPIN,wire,10120,13360,269560,13840,480,
VSS,met4,STRIPE,wire,260365,10640,261965,269520,1600,
VSS,met4,STRIPE,wire,233225,10640,234825,269520,1600,
VSS,met4,STRIPE,wire,206085,10640,207685,269520,1600,
VSS,met4,STRIPE,wire,178945,10640,180545,269520,1600,
VSS,met4,STRIPE,wire,151805,10640,153405,269520,1600,
VSS,met4,STRIPE,wire,124665,10640,126265,269520,1600,
VSS,met4,STRIPE,wire,97525,10640,99125,269520,1600,
VSS,met4,STRIPE,wire,70385,10640,71985,269520,1600,
VSS,met4,STRIPE,wire,43245,10640,44845,269520,1600,
VDD,met4,STRIPE,wire,246795,10640,248395,269520,1600,
VDD,met4,STRIPE,wire,219655,10640,221255,269520,1600,
VDD,met4,STRIPE,wire,192515,10640,194115,269520,1600,
VDD,met4,STRIPE,wire,165375,10640,166975,269520,1600,
VDD,met4,STRIPE,wire,138235,10640,139835,269520,1600,
VDD,met4,STRIPE,wire,111095,10640,112695,269520,1600,
VDD,met4,STRIPE,wire,83955,10640,85555,269520,1600,
VDD,met4,STRIPE,wire,56815,10640,58415,269520,1600,
VDD,met4,STRIPE,wire,29675,10640,31275,269520,1600,
VSS,met5,STRIPE,wire,10120,261440,269560,263040,1600,
VSS,met5,STRIPE,wire,10120,234240,269560,235840,1600,
VSS,met5,STRIPE,wire,10120,207040,269560,208640,1600,
VSS,met5,STRIPE,wire,10120,179840,269560,181440,1600,
VSS,met5,STRIPE,wire,10120,152640,269560,154240,1600,
VSS,met5,STRIPE,wire,10120,125440,269560,127040,1600,
VSS,met5,STRIPE,wire,10120,98240,269560,99840,1600,
VSS,met5,STRIPE,wire,10120,71040,269560,72640,1600,
VSS,met5,STRIPE,wire,10120,43840,269560,45440,1600,
VDD,met5,STRIPE,wire,10120,247840,269560,249440,1600,
VDD,met5,STRIPE,wire,10120,220640,269560,222240,1600,
VDD,met5,STRIPE,wire,10120,193440,269560,195040,1600,
VDD,met5,STRIPE,wire,10120,166240,269560,167840,1600,
VDD,met5,STRIPE,wire,10120,139040,269560,140640,1600,
VDD,met5,STRIPE,wire,10120,111840,269560,113440,1600,
VDD,met5,STRIPE,wire,10120,84640,269560,86240,1600,
VDD,met5,STRIPE,wire,10120,57440,269560,59040,1600,
VDD,met5,STRIPE,wire,10120,30240,269560,31840,1600,
VSS,met4-met5,STRIPE,via,260365,254640,261965,256240,1600,via4_1600x1600
VSS,met4-met5,STRIPE,via,253580,261440,255180,263040,1600,via4_1600x1600
VSS,met4-met5,STRIPE,via,233225,254640,234825,256240,1600,via4_1600x1600
VSS,met4-met5,STRIPE,via,226440,261440,228040,263040,1600,via4_1600x1600
VSS,met4-met5,STRIPE,via,206085,254640,207685,256240,1600,via4_1600x1600
VSS,met4-met5,STRIPE,via,199300,261440,200900,263040,1600,via4_1600x1600
VSS,met4-met5,STRIPE,via,178945,254640,180545,256240,1600,via4_1600x1600
VSS,met4-met5,STRIPE,via,172160,261440,173760,263040,1600,via4_1600x1600
VSS,met4-met5,STRIPE,via,151805,254640,153405,256240,1600,via4_1600x1600
VSS,met4-met5,STRIPE,via,145020,261440,146620,263040,1600,via4_1600x1600
VSS,met4-met5,STRIPE,via,124665,254640,126265,256240,1600,via4_1600x1600
VSS,met4-met5,STRIPE,via,117880,261440,119480,263040,1600,via4_1600x1600
VSS,met4-met5,STRIPE,via,97525,254640,99125,256240,1600,via4_1600x1600
VSS,met4-met5,STRIPE,via,90740,261440,92340,263040,1600,via4_1600x1600
VSS,met4-met5,STRIPE,via,70385,254640,71985,256240,1600,via4_1600x1600
VSS,met4-met5,STRIPE,via,63600,261440,65200,263040,1600,via4_1600x1600
VSS,met4-met5,STRIPE,via,43245,254640,44845,256240,1600,via4_1600x1600
VSS,met4-met5,STRIPE,via,36460,261440,38060,263040,1600,via4_1600x1600
VSS,met4-met5,STRIPE,via,260365,227440,261965,229040,1600,via4_1600x1600
VSS,met4-met5,STRIPE,via,253580,234240,255180,235840,1600,via4_1600x1600
VSS,met4-met5,STRIPE,via,233225,227440,234825,229040,1600,via4_1600x1600
VSS,met4-met5,STRIPE,via,226440,234240,228040,235840,1600,via4_1600x1600
VSS,met4-met5,STRIPE,via,206085,227440,207685,229040,1600,via4_1600x1600
VSS,met4-met5,STRIPE,via,199300,234240,200900,235840,1600,via4_1600x1600
VSS,met4-met5,STRIPE,via,178945,227440,180545,229040,1600,via4_1600x1600
VSS,met4-met5,STRIPE,via,172160,234240,173760,235840,1600,via4_1600x1600
VSS,met4-met5,STRIPE,via,151805,227440,153405,229040,1600,via4_1600x1600
VSS,met4-met5,STRIPE,via,145020,234240,146620,235840,1600,via4_1600x1600
VSS,met4-met5,STRIPE,via,124665,227440,126265,229040,1600,via4_1600x1600
VSS,met4-met5,STRIPE,via,117880,234240,119480,235840,1600,via4_1600x1600
VSS,met4-met5,STRIPE,via,97525,227440,99125,229040,1600,via4_1600x1600
VSS,met4-met5,STRIPE,via,90740,234240,92340,235840,1600,via4_1600x1600
VSS,met4-met5,STRIPE,via,70385,227440,71985,229040,1600,via4_1600x1600
VSS,met4-met5,STRIPE,via,63600,234240,65200,235840,1600,via4_1600x1600
VSS,met4-met5,STRIPE,via,43245,227440,44845,229040,1600,via4_1600x1600
VSS,met4-met5,STRIPE,via,36460,234240,38060,235840,1600,via4_1600x1600
VSS,met4-met5,STRIPE,via,260365,200240,261965,201840,1600,via4_1600x1600
VSS,met4-met5,STRIPE,via,253580,207040,255180,208640,1600,via4_1600x1600
VSS,met4-met5,STRIPE,via,233225,200240,234825,201840,1600,via4_1600x1600
VSS,met4-met5,STRIPE,via,226440,207040,228040,208640,1600,via4_1600x1600
VSS,met4-met5,STRIPE,via,206085,200240,207685,201840,1600,via4_1600x1600
VSS,met4-met5,STRIPE,via,199300,207040,200900,208640,1600,via4_1600x1600
VSS,met4-met5,STRIPE,via,178945,200240,180545,201840,1600,via4_1600x1600
VSS,met4-met5,STRIPE,via,172160,207040,173760,208640,1600,via4_1600x1600
VSS,met4-met5,STRIPE,via,151805,200240,153405,201840,1600,via4_1600x1600
VSS,met4-met5,STRIPE,via,145020,207040,146620,208640,1600,via4_1600x1600
VSS,met4-met5,STRIPE,via,124665,200240,126265,201840,1600,via4_1600x1600
VSS,met4-met5,STRIPE,via,117880,207040,119480,208640,1600,via4_1600x1600
VSS,met4-met5,STRIPE,via,97525,200240,99125,201840,1600,via4_1600x1600
VSS,met4-met5,STRIPE,via,90740,207040,92340,208640,1600,via4_1600x1600
VSS,met4-met5,STRIPE,via,70385,200240,71985,201840,1600,via4_1600x1600
VSS,met4-met5,STRIPE,via,63600,207040,65200,208640,1600,via4_1600x1600
VSS,met4-met5,STRIPE,via,43245,200240,44845,201840,1600,via4_1600x1600
VSS,met4-met5,STRIPE,via,36460,207040,38060,208640,1600,via4_1600x1600
VSS,met4-met5,STRIPE,via,260365,173040,261965,174640,1600,via4_1600x1600
VSS,met4-met5,STRIPE,via,253580,179840,255180,181440,1600,via4_1600x1600
VSS,met4-met5,STRIPE,via,233225,173040,234825,174640,1600,via4_1600x1600
VSS,met4-met5,STRIPE,via,226440,179840,228040,181440,1600,via4_1600x1600
VSS,met4-met5,STRIPE,via,206085,173040,207685,174640,1600,via4_1600x1600
VSS,met4-met5,STRIPE,via,199300,179840,200900,181440,1600,via4_1600x1600
VSS,met4-met5,STRIPE,via,178945,173040,180545,174640,1600,via4_1600x1600
VSS,met4-met5,STRIPE,via,172160,179840,173760,181440,1600,via4_1600x1600
VSS,met4-met5,STRIPE,via,151805,173040,153405,174640,1600,via4_1600x1600
VSS,met4-met5,STRIPE,via,145020,179840,146620,181440,1600,via4_1600x1600
VSS,met4-met5,STRIPE,via,124665,173040,126265,174640,1600,via4_1600x1600
VSS,met4-met5,STRIPE,via,117880,179840,119480,181440,1600,via4_1600x1600
VSS,met4-met5,STRIPE,via,97525,173040,99125,174640,1600,via4_1600x1600
VSS,met4-met5,STRIPE,via,90740,179840,92340,181440,1600,via4_1600x1600
VSS,met4-met5,STRIPE,via,70385,173040,71985,174640,1600,via4_1600x1600
VSS,met4-met5,STRIPE,via,63600,179840,65200,181440,1600,via4_1600x1600
VSS,met4-met5,STRIPE,via,43245,173040,44845,174640,1600,via4_1600x1600
VSS,met4-met5,STRIPE,via,36460,179840,38060,181440,1600,via4_1600x1600
VSS,met4-met5,STRIPE,via,260365,145840,261965,147440,1600,via4_1600x1600
VSS,met4-met5,STRIPE,via,253580,152640,255180,154240,1600,via4_1600x1600
VSS,met4-met5,STRIPE,via,233225,145840,234825,147440,1600,via4_1600x1600
VSS,met4-met5,STRIPE,via,226440,152640,228040,154240,1600,via4_1600x1600
VSS,met4-met5,STRIPE,via,206085,145840,207685,147440,1600,via4_1600x1600
VSS,met4-met5,STRIPE,via,199300,152640,200900,154240,1600,via4_1600x1600
VSS,met4-met5,STRIPE,via,178945,145840,180545,147440,1600,via4_1600x1600
VSS,met4-met5,STRIPE,via,172160,152640,173760,154240,1600,via4_1600x1600
VSS,met4-met5,STRIPE,via,151805,145840,153405,147440,1600,via4_1600x1600
VSS,met4-met5,STRIPE,via,145020,152640,146620,154240,1600,via4_1600x1600
VSS,met4-met5,STRIPE,via,124665,145840,126265,147440,1600,via4_1600x1600
VSS,met4-met5,STRIPE,via,117880,152640,119480,154240,1600,via4_1600x1600
VSS,met4-met5,STRIPE,via,97525,145840,99125,147440,1600,via4_1600x1600
VSS,met4-met5,STRIPE,via,90740,152640,92340,154240,1600,via4_1600x1600
VSS,met4-met5,STRIPE,via,70385,145840,71985,147440,1600,via4_1600x1600
VSS,met4-met5,STRIPE,via,63600,152640,65200,154240,1600,via4_1600x1600
VSS,met4-met5,STRIPE,via,43245,145840,44845,147440,1600,via4_1600x1600
VSS,met4-met5,STRIPE,via,36460,152640,38060,154240,1600,via4_1600x1600
VSS,met4-met5,STRIPE,via,260365,118640,261965,120240,1600,via4_1600x1600
VSS,met4-met5,STRIPE,via,253580,125440,255180,127040,1600,via4_1600x1600
VSS,met4-met5,STRIPE,via,233225,118640,234825,120240,1600,via4_1600x1600
VSS,met4-met5,STRIPE,via,226440,125440,228040,127040,1600,via4_1600x1600
VSS,met4-met5,STRIPE,via,206085,118640,207685,120240,1600,via4_1600x1600
VSS,met4-met5,STRIPE,via,199300,125440,200900,127040,1600,via4_1600x1600
VSS,met4-met5,STRIPE,via,178945,118640,180545,120240,1600,via4_1600x1600
VSS,met4-met5,STRIPE,via,172160,125440,173760,127040,1600,via4_1600x1600
VSS,met4-met5,STRIPE,via,151805,118640,153405,120240,1600,via4_1600x1600
VSS,met4-met5,STRIPE,via,145020,125440,146620,127040,1600,via4_1600x1600
VSS,met4-met5,STRIPE,via,124665,118640,126265,120240,1600,via4_1600x1600
VSS,met4-met5,STRIPE,via,117880,125440,119480,127040,1600,via4_1600x1600
VSS,met4-met5,STRIPE,via,97525,118640,99125,120240,1600,via4_1600x1600
VSS,met4-met5,STRIPE,via,90740,125440,92340,127040,1600,via4_1600x1600
VSS,met4-met5,STRIPE,via,70385,118640,71985,120240,1600,via4_1600x1600
VSS,met4-met5,STRIPE,via,63600,125440,65200,127040,1600,via4_1600x1600
VSS,met4-met5,STRIPE,via,43245,118640,44845,120240,1600,via4_1600x1600
VSS,met4-met5,STRIPE,via,36460,125440,38060,127040,1600,via4_1600x1600
VSS,met4-met5,STRIPE,via,260365,91440,261965,93040,1600,via4_1600x1600
VSS,met4-met5,STRIPE,via,253580,98240,255180,99840,1600,via4_1600x1600
VSS,met4-met5,STRIPE,via,233225,91440,234825,93040,1600,via4_1600x1600
VSS,met4-met5,STRIPE,via,226440,98240,228040,99840,1600,via4_1600x1600
VSS,met4-met5,STRIPE,via,206085,91440,207685,93040,1600,via4_1600x1600
VSS,met4-met5,STRIPE,via,199300,98240,200900,99840,1600,via4_1600x1600
VSS,met4-met5,STRIPE,via,178945,91440,180545,93040,1600,via4_1600x1600
VSS,met4-met5,STRIPE,via,172160,98240,173760,99840,1600,via4_1600x1600
VSS,met4-met5,STRIPE,via,151805,91440,153405,93040,1600,via4_1600x1600
VSS,met4-met5,STRIPE,via,145020,98240,146620,99840,1600,via4_1600x1600
VSS,met4-met5,STRIPE,via,124665,91440,126265,93040,1600,via4_1600x1600
VSS,met4-met5,STRIPE,via,117880,98240,119480,99840,1600,via4_1600x1600
VSS,met4-met5,STRIPE,via,97525,91440,99125,93040,1600,via4_1600x1600
VSS,met4-met5,STRIPE,via,90740,98240,92340,99840,1600,via4_1600x1600
VSS,met4-met5,STRIPE,via,70385,91440,71985,93040,1600,via4_1600x1600
VSS,met4-met5,STRIPE,via,63600,98240,65200,99840,1600,via4_1600x1600
VSS,met4-met5,STRIPE,via,43245,91440,44845,93040,1600,via4_1600x1600
VSS,met4-met5,STRIPE,via,36460,98240,38060,99840,1600,via4_1600x1600
VSS,met4-met5,STRIPE,via,260365,64240,261965,65840,1600,via4_1600x1600
VSS,met4-met5,STRIPE,via,253580,71040,255180,72640,1600,via4_1600x1600
VSS,met4-met5,STRIPE,via,233225,64240,234825,65840,1600,via4_1600x1600
VSS,met4-met5,STRIPE,via,226440,71040,228040,72640,1600,via4_1600x1600
VSS,met4-met5,STRIPE,via,206085,64240,207685,65840,1600,via4_1600x1600
VSS,met4-met5,STRIPE,via,199300,71040,200900,72640,1600,via4_1600x1600
VSS,met4-met5,STRIPE,via,178945,64240,180545,65840,1600,via4_1600x1600
VSS,met4-met5,STRIPE,via,172160,71040,173760,72640,1600,via4_1600x1600
VSS,met4-met5,STRIPE,via,151805,64240,153405,65840,1600,via4_1600x1600
VSS,met4-met5,STRIPE,via,145020,71040,146620,72640,1600,via4_1600x1600
VSS,met4-met5,STRIPE,via,124665,64240,126265,65840,1600,via4_1600x1600
VSS,met4-met5,STRIPE,via,117880,71040,119480,72640,1600,via4_1600x1600
VSS,met4-met5,STRIPE,via,97525,64240,99125,65840,1600,via4_1600x1600
VSS,met4-met5,STRIPE,via,90740,71040,92340,72640,1600,via4_1600x1600
VSS,met4-met5,STRIPE,via,70385,64240,71985,65840,1600,via4_1600x1600
VSS,met4-met5,STRIPE,via,63600,71040,65200,72640,1600,via4_1600x1600
VSS,met4-met5,STRIPE,via,43245,64240,44845,65840,1600,via4_1600x1600
VSS,met4-met5,STRIPE,via,36460,71040,38060,72640,1600,via4_1600x1600
VSS,met4-met5,STRIPE,via,260365,37040,261965,38640,1600,via4_1600x1600
VSS,met4-met5,STRIPE,via,253580,43840,255180,45440,1600,via4_1600x1600
VSS,met4-met5,STRIPE,via,233225,37040,234825,38640,1600,via4_1600x1600
VSS,met4-met5,STRIPE,via,226440,43840,228040,45440,1600,via4_1600x1600
VSS,met4-met5,STRIPE,via,206085,37040,207685,38640,1600,via4_1600x1600
VSS,met4-met5,STRIPE,via,199300,43840,200900,45440,1600,via4_1600x1600
VSS,met4-met5,STRIPE,via,178945,37040,180545,38640,1600,via4_1600x1600
VSS,met4-met5,STRIPE,via,172160,43840,173760,45440,1600,via4_1600x1600
VSS,met4-met5,STRIPE,via,151805,37040,153405,38640,1600,via4_1600x1600
VSS,met4-met5,STRIPE,via,145020,43840,146620,45440,1600,via4_1600x1600
VSS,met4-met5,STRIPE,via,124665,37040,126265,38640,1600,via4_1600x1600
VSS,met4-met5,STRIPE,via,117880,43840,119480,45440,1600,via4_1600x1600
VSS,met4-met5,STRIPE,via,97525,37040,99125,38640,1600,via4_1600x1600
VSS,met4-met5,STRIPE,via,90740,43840,92340,45440,1600,via4_1600x1600
VSS,met4-met5,STRIPE,via,70385,37040,71985,38640,1600,via4_1600x1600
VSS,met4-met5,STRIPE,via,63600,43840,65200,45440,1600,via4_1600x1600
VSS,met4-met5,STRIPE,via,43245,37040,44845,38640,1600,via4_1600x1600
VSS,met4-met5,STRIPE,via,36460,43840,38060,45440,1600,via4_1600x1600
VSS,met3-met4,STRIPE,via,260365,266320,261965,266800,1600,via3_1600x480
VSS,met2-met3,STRIPE,via,260365,266320,261965,266800,1600,via2_1600x480
VSS,met1-met2,STRIPE,via,260365,266320,261965,266800,1600,via_1600x480
VSS,met3-met4,STRIPE,via,233225,266320,234825,266800,1600,via3_1600x480
VSS,met2-met3,STRIPE,via,233225,266320,234825,266800,1600,via2_1600x480
VSS,met1-met2,STRIPE,via,233225,266320,234825,266800,1600,via_1600x480
VSS,met3-met4,STRIPE,via,206085,266320,207685,266800,1600,via3_1600x480
VSS,met2-met3,STRIPE,via,206085,266320,207685,266800,1600,via2_1600x480
VSS,met1-met2,STRIPE,via,206085,266320,207685,266800,1600,via_1600x480
VSS,met3-met4,STRIPE,via,178945,266320,180545,266800,1600,via3_1600x480
VSS,met2-met3,STRIPE,via,178945,266320,180545,266800,1600,via2_1600x480
VSS,met1-met2,STRIPE,via,178945,266320,180545,266800,1600,via_1600x480
VSS,met3-met4,STRIPE,via,151805,266320,153405,266800,1600,via3_1600x480
VSS,met2-met3,STRIPE,via,151805,266320,153405,266800,1600,via2_1600x480
VSS,met1-met2,STRIPE,via,151805,266320,153405,266800,1600,via_1600x480
VSS,met3-met4,STRIPE,via,124665,266320,126265,266800,1600,via3_1600x480
VSS,met2-met3,STRIPE,via,124665,266320,126265,266800,1600,via2_1600x480
VSS,met1-met2,STRIPE,via,124665,266320,126265,266800,1600,via_1600x480
VSS,met3-met4,STRIPE,via,97525,266320,99125,266800,1600,via3_1600x480
VSS,met2-met3,STRIPE,via,97525,266320,99125,266800,1600,via2_1600x480
VSS,met1-met2,STRIPE,via,97525,266320,99125,266800,1600,via_1600x480
VSS,met3-met4,STRIPE,via,70385,266320,71985,266800,1600,via3_1600x480
VSS,met2-met3,STRIPE,via,70385,266320,71985,266800,1600,via2_1600x480
VSS,met1-met2,STRIPE,via,70385,266320,71985,266800,1600,via_1600x480
VSS,met3-met4,STRIPE,via,43245,266320,44845,266800,1600,via3_1600x480
VSS,met2-met3,STRIPE,via,43245,266320,44845,266800,1600,via2_1600x480
VSS,met1-met2,STRIPE,via,43245,266320,44845,266800,1600,via_1600x480
VSS,met3-met4,STRIPE,via,260365,260880,261965,261360,1600,via3_1600x480
VSS,met2-met3,STRIPE,via,260365,260880,261965,261360,1600,via2_1600x480
VSS,met1-met2,STRIPE,via,260365,260880,261965,261360,1600,via_1600x480
VSS,met3-met4,STRIPE,via,233225,260880,234825,261360,1600,via3_1600x480
VSS,met2-met3,STRIPE,via,233225,260880,234825,261360,1600,via2_1600x480
VSS,met1-met2,STRIPE,via,233225,260880,234825,261360,1600,via_1600x480
VSS,met3-met4,STRIPE,via,206085,260880,207685,261360,1600,via3_1600x480
VSS,met2-met3,STRIPE,via,206085,260880,207685,261360,1600,via2_1600x480
VSS,met1-met2,STRIPE,via,206085,260880,207685,261360,1600,via_1600x480
VSS,met3-met4,STRIPE,via,178945,260880,180545,261360,1600,via3_1600x480
VSS,met2-met3,STRIPE,via,178945,260880,180545,261360,1600,via2_1600x480
VSS,met1-met2,STRIPE,via,178945,260880,180545,261360,1600,via_1600x480
VSS,met3-met4,STRIPE,via,151805,260880,153405,261360,1600,via3_1600x480
VSS,met2-met3,STRIPE,via,151805,260880,153405,261360,1600,via2_1600x480
VSS,met1-met2,STRIPE,via,151805,260880,153405,261360,1600,via_1600x480
VSS,met3-met4,STRIPE,via,124665,260880,126265,261360,1600,via3_1600x480
VSS,met2-met3,STRIPE,via,124665,260880,126265,261360,1600,via2_1600x480
VSS,met1-met2,STRIPE,via,124665,260880,126265,261360,1600,via_1600x480
VSS,met3-met4,STRIPE,via,97525,260880,99125,261360,1600,via3_1600x480
VSS,met2-met3,STRIPE,via,97525,260880,99125,261360,1600,via2_1600x480
VSS,met1-met2,STRIPE,via,97525,260880,99125,261360,1600,via_1600x480
VSS,met3-met4,STRIPE,via,70385,260880,71985,261360,1600,via3_1600x480
VSS,met2-met3,STRIPE,via,70385,260880,71985,261360,1600,via2_1600x480
VSS,met1-met2,STRIPE,via,70385,260880,71985,261360,1600,via_1600x480
VSS,met3-met4,STRIPE,via,43245,260880,44845,261360,1600,via3_1600x480
VSS,met2-met3,STRIPE,via,43245,260880,44845,261360,1600,via2_1600x480
VSS,met1-met2,STRIPE,via,43245,260880,44845,261360,1600,via_1600x480
VSS,met3-met4,STRIPE,via,260365,255440,261965,255920,1600,via3_1600x480
VSS,met2-met3,STRIPE,via,260365,255440,261965,255920,1600,via2_1600x480
VSS,met1-met2,STRIPE,via,260365,255440,261965,255920,1600,via_1600x480
VSS,met3-met4,STRIPE,via,233225,255440,234825,255920,1600,via3_1600x480
VSS,met2-met3,STRIPE,via,233225,255440,234825,255920,1600,via2_1600x480
VSS,met1-met2,STRIPE,via,233225,255440,234825,255920,1600,via_1600x480
VSS,met3-met4,STRIPE,via,206085,255440,207685,255920,1600,via3_1600x480
VSS,met2-met3,STRIPE,via,206085,255440,207685,255920,1600,via2_1600x480
VSS,met1-met2,STRIPE,via,206085,255440,207685,255920,1600,via_1600x480
VSS,met3-met4,STRIPE,via,178945,255440,180545,255920,1600,via3_1600x480
VSS,met2-met3,STRIPE,via,178945,255440,180545,255920,1600,via2_1600x480
VSS,met1-met2,STRIPE,via,178945,255440,180545,255920,1600,via_1600x480
VSS,met3-met4,STRIPE,via,151805,255440,153405,255920,1600,via3_1600x480
VSS,met2-met3,STRIPE,via,151805,255440,153405,255920,1600,via2_1600x480
VSS,met1-met2,STRIPE,via,151805,255440,153405,255920,1600,via_1600x480
VSS,met3-met4,STRIPE,via,124665,255440,126265,255920,1600,via3_1600x480
VSS,met2-met3,STRIPE,via,124665,255440,126265,255920,1600,via2_1600x480
VSS,met1-met2,STRIPE,via,124665,255440,126265,255920,1600,via_1600x480
VSS,met3-met4,STRIPE,via,97525,255440,99125,255920,1600,via3_1600x480
VSS,met2-met3,STRIPE,via,97525,255440,99125,255920,1600,via2_1600x480
VSS,met1-met2,STRIPE,via,97525,255440,99125,255920,1600,via_1600x480
VSS,met3-met4,STRIPE,via,70385,255440,71985,255920,1600,via3_1600x480
VSS,met2-met3,STRIPE,via,70385,255440,71985,255920,1600,via2_1600x480
VSS,met1-met2,STRIPE,via,70385,255440,71985,255920,1600,via_1600x480
VSS,met3-met4,STRIPE,via,43245,255440,44845,255920,1600,via3_1600x480
VSS,met2-met3,STRIPE,via,43245,255440,44845,255920,1600,via2_1600x480
VSS,met1-met2,STRIPE,via,43245,255440,44845,255920,1600,via_1600x480
VSS,met3-met4,STRIPE,via,260365,250000,261965,250480,1600,via3_1600x480
VSS,met2-met3,STRIPE,via,260365,250000,261965,250480,1600,via2_1600x480
VSS,met1-met2,STRIPE,via,260365,250000,261965,250480,1600,via_1600x480
VSS,met3-met4,STRIPE,via,233225,250000,234825,250480,1600,via3_1600x480
VSS,met2-met3,STRIPE,via,233225,250000,234825,250480,1600,via2_1600x480
VSS,met1-met2,STRIPE,via,233225,250000,234825,250480,1600,via_1600x480
VSS,met3-met4,STRIPE,via,206085,250000,207685,250480,1600,via3_1600x480
VSS,met2-met3,STRIPE,via,206085,250000,207685,250480,1600,via2_1600x480
VSS,met1-met2,STRIPE,via,206085,250000,207685,250480,1600,via_1600x480
VSS,met3-met4,STRIPE,via,178945,250000,180545,250480,1600,via3_1600x480
VSS,met2-met3,STRIPE,via,178945,250000,180545,250480,1600,via2_1600x480
VSS,met1-met2,STRIPE,via,178945,250000,180545,250480,1600,via_1600x480
VSS,met3-met4,STRIPE,via,151805,250000,153405,250480,1600,via3_1600x480
VSS,met2-met3,STRIPE,via,151805,250000,153405,250480,1600,via2_1600x480
VSS,met1-met2,STRIPE,via,151805,250000,153405,250480,1600,via_1600x480
VSS,met3-met4,STRIPE,via,124665,250000,126265,250480,1600,via3_1600x480
VSS,met2-met3,STRIPE,via,124665,250000,126265,250480,1600,via2_1600x480
VSS,met1-met2,STRIPE,via,124665,250000,126265,250480,1600,via_1600x480
VSS,met3-met4,STRIPE,via,97525,250000,99125,250480,1600,via3_1600x480
VSS,met2-met3,STRIPE,via,97525,250000,99125,250480,1600,via2_1600x480
VSS,met1-met2,STRIPE,via,97525,250000,99125,250480,1600,via_1600x480
VSS,met3-met4,STRIPE,via,70385,250000,71985,250480,1600,via3_1600x480
VSS,met2-met3,STRIPE,via,70385,250000,71985,250480,1600,via2_1600x480
VSS,met1-met2,STRIPE,via,70385,250000,71985,250480,1600,via_1600x480
VSS,met3-met4,STRIPE,via,43245,250000,44845,250480,1600,via3_1600x480
VSS,met2-met3,STRIPE,via,43245,250000,44845,250480,1600,via2_1600x480
VSS,met1-met2,STRIPE,via,43245,250000,44845,250480,1600,via_1600x480
VSS,met3-met4,STRIPE,via,260365,244560,261965,245040,1600,via3_1600x480
VSS,met2-met3,STRIPE,via,260365,244560,261965,245040,1600,via2_1600x480
VSS,met1-met2,STRIPE,via,260365,244560,261965,245040,1600,via_1600x480
VSS,met3-met4,STRIPE,via,233225,244560,234825,245040,1600,via3_1600x480
VSS,met2-met3,STRIPE,via,233225,244560,234825,245040,1600,via2_1600x480
VSS,met1-met2,STRIPE,via,233225,244560,234825,245040,1600,via_1600x480
VSS,met3-met4,STRIPE,via,206085,244560,207685,245040,1600,via3_1600x480
VSS,met2-met3,STRIPE,via,206085,244560,207685,245040,1600,via2_1600x480
VSS,met1-met2,STRIPE,via,206085,244560,207685,245040,1600,via_1600x480
VSS,met3-met4,STRIPE,via,178945,244560,180545,245040,1600,via3_1600x480
VSS,met2-met3,STRIPE,via,178945,244560,180545,245040,1600,via2_1600x480
VSS,met1-met2,STRIPE,via,178945,244560,180545,245040,1600,via_1600x480
VSS,met3-met4,STRIPE,via,151805,244560,153405,245040,1600,via3_1600x480
VSS,met2-met3,STRIPE,via,151805,244560,153405,245040,1600,via2_1600x480
VSS,met1-met2,STRIPE,via,151805,244560,153405,245040,1600,via_1600x480
VSS,met3-met4,STRIPE,via,124665,244560,126265,245040,1600,via3_1600x480
VSS,met2-met3,STRIPE,via,124665,244560,126265,245040,1600,via2_1600x480
VSS,met1-met2,STRIPE,via,124665,244560,126265,245040,1600,via_1600x480
VSS,met3-met4,STRIPE,via,97525,244560,99125,245040,1600,via3_1600x480
VSS,met2-met3,STRIPE,via,97525,244560,99125,245040,1600,via2_1600x480
VSS,met1-met2,STRIPE,via,97525,244560,99125,245040,1600,via_1600x480
VSS,met3-met4,STRIPE,via,70385,244560,71985,245040,1600,via3_1600x480
VSS,met2-met3,STRIPE,via,70385,244560,71985,245040,1600,via2_1600x480
VSS,met1-met2,STRIPE,via,70385,244560,71985,245040,1600,via_1600x480
VSS,met3-met4,STRIPE,via,43245,244560,44845,245040,1600,via3_1600x480
VSS,met2-met3,STRIPE,via,43245,244560,44845,245040,1600,via2_1600x480
VSS,met1-met2,STRIPE,via,43245,244560,44845,245040,1600,via_1600x480
VSS,met3-met4,STRIPE,via,260365,239120,261965,239600,1600,via3_1600x480
VSS,met2-met3,STRIPE,via,260365,239120,261965,239600,1600,via2_1600x480
VSS,met1-met2,STRIPE,via,260365,239120,261965,239600,1600,via_1600x480
VSS,met3-met4,STRIPE,via,233225,239120,234825,239600,1600,via3_1600x480
VSS,met2-met3,STRIPE,via,233225,239120,234825,239600,1600,via2_1600x480
VSS,met1-met2,STRIPE,via,233225,239120,234825,239600,1600,via_1600x480
VSS,met3-met4,STRIPE,via,206085,239120,207685,239600,1600,via3_1600x480
VSS,met2-met3,STRIPE,via,206085,239120,207685,239600,1600,via2_1600x480
VSS,met1-met2,STRIPE,via,206085,239120,207685,239600,1600,via_1600x480
VSS,met3-met4,STRIPE,via,178945,239120,180545,239600,1600,via3_1600x480
VSS,met2-met3,STRIPE,via,178945,239120,180545,239600,1600,via2_1600x480
VSS,met1-met2,STRIPE,via,178945,239120,180545,239600,1600,via_1600x480
VSS,met3-met4,STRIPE,via,151805,239120,153405,239600,1600,via3_1600x480
VSS,met2-met3,STRIPE,via,151805,239120,153405,239600,1600,via2_1600x480
VSS,met1-met2,STRIPE,via,151805,239120,153405,239600,1600,via_1600x480
VSS,met3-met4,STRIPE,via,124665,239120,126265,239600,1600,via3_1600x480
VSS,met2-met3,STRIPE,via,124665,239120,126265,239600,1600,via2_1600x480
VSS,met1-met2,STRIPE,via,124665,239120,126265,239600,1600,via_1600x480
VSS,met3-met4,STRIPE,via,97525,239120,99125,239600,1600,via3_1600x480
VSS,met2-met3,STRIPE,via,97525,239120,99125,239600,1600,via2_1600x480
VSS,met1-met2,STRIPE,via,97525,239120,99125,239600,1600,via_1600x480
VSS,met3-met4,STRIPE,via,70385,239120,71985,239600,1600,via3_1600x480
VSS,met2-met3,STRIPE,via,70385,239120,71985,239600,1600,via2_1600x480
VSS,met1-met2,STRIPE,via,70385,239120,71985,239600,1600,via_1600x480
VSS,met3-met4,STRIPE,via,43245,239120,44845,239600,1600,via3_1600x480
VSS,met2-met3,STRIPE,via,43245,239120,44845,239600,1600,via2_1600x480
VSS,met1-met2,STRIPE,via,43245,239120,44845,239600,1600,via_1600x480
VSS,met3-met4,STRIPE,via,260365,233680,261965,234160,1600,via3_1600x480
VSS,met2-met3,STRIPE,via,260365,233680,261965,234160,1600,via2_1600x480
VSS,met1-met2,STRIPE,via,260365,233680,261965,234160,1600,via_1600x480
VSS,met3-met4,STRIPE,via,233225,233680,234825,234160,1600,via3_1600x480
VSS,met2-met3,STRIPE,via,233225,233680,234825,234160,1600,via2_1600x480
VSS,met1-met2,STRIPE,via,233225,233680,234825,234160,1600,via_1600x480
VSS,met3-met4,STRIPE,via,206085,233680,207685,234160,1600,via3_1600x480
VSS,met2-met3,STRIPE,via,206085,233680,207685,234160,1600,via2_1600x480
VSS,met1-met2,STRIPE,via,206085,233680,207685,234160,1600,via_1600x480
VSS,met3-met4,STRIPE,via,178945,233680,180545,234160,1600,via3_1600x480
VSS,met2-met3,STRIPE,via,178945,233680,180545,234160,1600,via2_1600x480
VSS,met1-met2,STRIPE,via,178945,233680,180545,234160,1600,via_1600x480
VSS,met3-met4,STRIPE,via,151805,233680,153405,234160,1600,via3_1600x480
VSS,met2-met3,STRIPE,via,151805,233680,153405,234160,1600,via2_1600x480
VSS,met1-met2,STRIPE,via,151805,233680,153405,234160,1600,via_1600x480
VSS,met3-met4,STRIPE,via,124665,233680,126265,234160,1600,via3_1600x480
VSS,met2-met3,STRIPE,via,124665,233680,126265,234160,1600,via2_1600x480
VSS,met1-met2,STRIPE,via,124665,233680,126265,234160,1600,via_1600x480
VSS,met3-met4,STRIPE,via,97525,233680,99125,234160,1600,via3_1600x480
VSS,met2-met3,STRIPE,via,97525,233680,99125,234160,1600,via2_1600x480
VSS,met1-met2,STRIPE,via,97525,233680,99125,234160,1600,via_1600x480
VSS,met3-met4,STRIPE,via,70385,233680,71985,234160,1600,via3_1600x480
VSS,met2-met3,STRIPE,via,70385,233680,71985,234160,1600,via2_1600x480
VSS,met1-met2,STRIPE,via,70385,233680,71985,234160,1600,via_1600x480
VSS,met3-met4,STRIPE,via,43245,233680,44845,234160,1600,via3_1600x480
VSS,met2-met3,STRIPE,via,43245,233680,44845,234160,1600,via2_1600x480
VSS,met1-met2,STRIPE,via,43245,233680,44845,234160,1600,via_1600x480
VSS,met3-met4,STRIPE,via,260365,228240,261965,228720,1600,via3_1600x480
VSS,met2-met3,STRIPE,via,260365,228240,261965,228720,1600,via2_1600x480
VSS,met1-met2,STRIPE,via,260365,228240,261965,228720,1600,via_1600x480
VSS,met3-met4,STRIPE,via,233225,228240,234825,228720,1600,via3_1600x480
VSS,met2-met3,STRIPE,via,233225,228240,234825,228720,1600,via2_1600x480
VSS,met1-met2,STRIPE,via,233225,228240,234825,228720,1600,via_1600x480
VSS,met3-met4,STRIPE,via,206085,228240,207685,228720,1600,via3_1600x480
VSS,met2-met3,STRIPE,via,206085,228240,207685,228720,1600,via2_1600x480
VSS,met1-met2,STRIPE,via,206085,228240,207685,228720,1600,via_1600x480
VSS,met3-met4,STRIPE,via,178945,228240,180545,228720,1600,via3_1600x480
VSS,met2-met3,STRIPE,via,178945,228240,180545,228720,1600,via2_1600x480
VSS,met1-met2,STRIPE,via,178945,228240,180545,228720,1600,via_1600x480
VSS,met3-met4,STRIPE,via,151805,228240,153405,228720,1600,via3_1600x480
VSS,met2-met3,STRIPE,via,151805,228240,153405,228720,1600,via2_1600x480
VSS,met1-met2,STRIPE,via,151805,228240,153405,228720,1600,via_1600x480
VSS,met3-met4,STRIPE,via,124665,228240,126265,228720,1600,via3_1600x480
VSS,met2-met3,STRIPE,via,124665,228240,126265,228720,1600,via2_1600x480
VSS,met1-met2,STRIPE,via,124665,228240,126265,228720,1600,via_1600x480
VSS,met3-met4,STRIPE,via,97525,228240,99125,228720,1600,via3_1600x480
VSS,met2-met3,STRIPE,via,97525,228240,99125,228720,1600,via2_1600x480
VSS,met1-met2,STRIPE,via,97525,228240,99125,228720,1600,via_1600x480
VSS,met3-met4,STRIPE,via,70385,228240,71985,228720,1600,via3_1600x480
VSS,met2-met3,STRIPE,via,70385,228240,71985,228720,1600,via2_1600x480
VSS,met1-met2,STRIPE,via,70385,228240,71985,228720,1600,via_1600x480
VSS,met3-met4,STRIPE,via,43245,228240,44845,228720,1600,via3_1600x480
VSS,met2-met3,STRIPE,via,43245,228240,44845,228720,1600,via2_1600x480
VSS,met1-met2,STRIPE,via,43245,228240,44845,228720,1600,via_1600x480
VSS,met3-met4,STRIPE,via,260365,222800,261965,223280,1600,via3_1600x480
VSS,met2-met3,STRIPE,via,260365,222800,261965,223280,1600,via2_1600x480
VSS,met1-met2,STRIPE,via,260365,222800,261965,223280,1600,via_1600x480
VSS,met3-met4,STRIPE,via,233225,222800,234825,223280,1600,via3_1600x480
VSS,met2-met3,STRIPE,via,233225,222800,234825,223280,1600,via2_1600x480
VSS,met1-met2,STRIPE,via,233225,222800,234825,223280,1600,via_1600x480
VSS,met3-met4,STRIPE,via,206085,222800,207685,223280,1600,via3_1600x480
VSS,met2-met3,STRIPE,via,206085,222800,207685,223280,1600,via2_1600x480
VSS,met1-met2,STRIPE,via,206085,222800,207685,223280,1600,via_1600x480
VSS,met3-met4,STRIPE,via,178945,222800,180545,223280,1600,via3_1600x480
VSS,met2-met3,STRIPE,via,178945,222800,180545,223280,1600,via2_1600x480
VSS,met1-met2,STRIPE,via,178945,222800,180545,223280,1600,via_1600x480
VSS,met3-met4,STRIPE,via,151805,222800,153405,223280,1600,via3_1600x480
VSS,met2-met3,STRIPE,via,151805,222800,153405,223280,1600,via2_1600x480
VSS,met1-met2,STRIPE,via,151805,222800,153405,223280,1600,via_1600x480
VSS,met3-met4,STRIPE,via,124665,222800,126265,223280,1600,via3_1600x480
VSS,met2-met3,STRIPE,via,124665,222800,126265,223280,1600,via2_1600x480
VSS,met1-met2,STRIPE,via,124665,222800,126265,223280,1600,via_1600x480
VSS,met3-met4,STRIPE,via,97525,222800,99125,223280,1600,via3_1600x480
VSS,met2-met3,STRIPE,via,97525,222800,99125,223280,1600,via2_1600x480
VSS,met1-met2,STRIPE,via,97525,222800,99125,223280,1600,via_1600x480
VSS,met3-met4,STRIPE,via,70385,222800,71985,223280,1600,via3_1600x480
VSS,met2-met3,STRIPE,via,70385,222800,71985,223280,1600,via2_1600x480
VSS,met1-met2,STRIPE,via,70385,222800,71985,223280,1600,via_1600x480
VSS,met3-met4,STRIPE,via,43245,222800,44845,223280,1600,via3_1600x480
VSS,met2-met3,STRIPE,via,43245,222800,44845,223280,1600,via2_1600x480
VSS,met1-met2,STRIPE,via,43245,222800,44845,223280,1600,via_1600x480
VSS,met3-met4,STRIPE,via,260365,217360,261965,217840,1600,via3_1600x480
VSS,met2-met3,STRIPE,via,260365,217360,261965,217840,1600,via2_1600x480
VSS,met1-met2,STRIPE,via,260365,217360,261965,217840,1600,via_1600x480
VSS,met3-met4,STRIPE,via,233225,217360,234825,217840,1600,via3_1600x480
VSS,met2-met3,STRIPE,via,233225,217360,234825,217840,1600,via2_1600x480
VSS,met1-met2,STRIPE,via,233225,217360,234825,217840,1600,via_1600x480
VSS,met3-met4,STRIPE,via,206085,217360,207685,217840,1600,via3_1600x480
VSS,met2-met3,STRIPE,via,206085,217360,207685,217840,1600,via2_1600x480
VSS,met1-met2,STRIPE,via,206085,217360,207685,217840,1600,via_1600x480
VSS,met3-met4,STRIPE,via,178945,217360,180545,217840,1600,via3_1600x480
VSS,met2-met3,STRIPE,via,178945,217360,180545,217840,1600,via2_1600x480
VSS,met1-met2,STRIPE,via,178945,217360,180545,217840,1600,via_1600x480
VSS,met3-met4,STRIPE,via,151805,217360,153405,217840,1600,via3_1600x480
VSS,met2-met3,STRIPE,via,151805,217360,153405,217840,1600,via2_1600x480
VSS,met1-met2,STRIPE,via,151805,217360,153405,217840,1600,via_1600x480
VSS,met3-met4,STRIPE,via,124665,217360,126265,217840,1600,via3_1600x480
VSS,met2-met3,STRIPE,via,124665,217360,126265,217840,1600,via2_1600x480
VSS,met1-met2,STRIPE,via,124665,217360,126265,217840,1600,via_1600x480
VSS,met3-met4,STRIPE,via,97525,217360,99125,217840,1600,via3_1600x480
VSS,met2-met3,STRIPE,via,97525,217360,99125,217840,1600,via2_1600x480
VSS,met1-met2,STRIPE,via,97525,217360,99125,217840,1600,via_1600x480
VSS,met3-met4,STRIPE,via,70385,217360,71985,217840,1600,via3_1600x480
VSS,met2-met3,STRIPE,via,70385,217360,71985,217840,1600,via2_1600x480
VSS,met1-met2,STRIPE,via,70385,217360,71985,217840,1600,via_1600x480
VSS,met3-met4,STRIPE,via,43245,217360,44845,217840,1600,via3_1600x480
VSS,met2-met3,STRIPE,via,43245,217360,44845,217840,1600,via2_1600x480
VSS,met1-met2,STRIPE,via,43245,217360,44845,217840,1600,via_1600x480
VSS,met3-met4,STRIPE,via,260365,211920,261965,212400,1600,via3_1600x480
VSS,met2-met3,STRIPE,via,260365,211920,261965,212400,1600,via2_1600x480
VSS,met1-met2,STRIPE,via,260365,211920,261965,212400,1600,via_1600x480
VSS,met3-met4,STRIPE,via,233225,211920,234825,212400,1600,via3_1600x480
VSS,met2-met3,STRIPE,via,233225,211920,234825,212400,1600,via2_1600x480
VSS,met1-met2,STRIPE,via,233225,211920,234825,212400,1600,via_1600x480
VSS,met3-met4,STRIPE,via,206085,211920,207685,212400,1600,via3_1600x480
VSS,met2-met3,STRIPE,via,206085,211920,207685,212400,1600,via2_1600x480
VSS,met1-met2,STRIPE,via,206085,211920,207685,212400,1600,via_1600x480
VSS,met3-met4,STRIPE,via,178945,211920,180545,212400,1600,via3_1600x480
VSS,met2-met3,STRIPE,via,178945,211920,180545,212400,1600,via2_1600x480
VSS,met1-met2,STRIPE,via,178945,211920,180545,212400,1600,via_1600x480
VSS,met3-met4,STRIPE,via,151805,211920,153405,212400,1600,via3_1600x480
VSS,met2-met3,STRIPE,via,151805,211920,153405,212400,1600,via2_1600x480
VSS,met1-met2,STRIPE,via,151805,211920,153405,212400,1600,via_1600x480
VSS,met3-met4,STRIPE,via,124665,211920,126265,212400,1600,via3_1600x480
VSS,met2-met3,STRIPE,via,124665,211920,126265,212400,1600,via2_1600x480
VSS,met1-met2,STRIPE,via,124665,211920,126265,212400,1600,via_1600x480
VSS,met3-met4,STRIPE,via,97525,211920,99125,212400,1600,via3_1600x480
VSS,met2-met3,STRIPE,via,97525,211920,99125,212400,1600,via2_1600x480
VSS,met1-met2,STRIPE,via,97525,211920,99125,212400,1600,via_1600x480
VSS,met3-met4,STRIPE,via,70385,211920,71985,212400,1600,via3_1600x480
VSS,met2-met3,STRIPE,via,70385,211920,71985,212400,1600,via2_1600x480
VSS,met1-met2,STRIPE,via,70385,211920,71985,212400,1600,via_1600x480
VSS,met3-met4,STRIPE,via,43245,211920,44845,212400,1600,via3_1600x480
VSS,met2-met3,STRIPE,via,43245,211920,44845,212400,1600,via2_1600x480
VSS,met1-met2,STRIPE,via,43245,211920,44845,212400,1600,via_1600x480
VSS,met3-met4,STRIPE,via,260365,206480,261965,206960,1600,via3_1600x480
VSS,met2-met3,STRIPE,via,260365,206480,261965,206960,1600,via2_1600x480
VSS,met1-met2,STRIPE,via,260365,206480,261965,206960,1600,via_1600x480
VSS,met3-met4,STRIPE,via,233225,206480,234825,206960,1600,via3_1600x480
VSS,met2-met3,STRIPE,via,233225,206480,234825,206960,1600,via2_1600x480
VSS,met1-met2,STRIPE,via,233225,206480,234825,206960,1600,via_1600x480
VSS,met3-met4,STRIPE,via,206085,206480,207685,206960,1600,via3_1600x480
VSS,met2-met3,STRIPE,via,206085,206480,207685,206960,1600,via2_1600x480
VSS,met1-met2,STRIPE,via,206085,206480,207685,206960,1600,via_1600x480
VSS,met3-met4,STRIPE,via,178945,206480,180545,206960,1600,via3_1600x480
VSS,met2-met3,STRIPE,via,178945,206480,180545,206960,1600,via2_1600x480
VSS,met1-met2,STRIPE,via,178945,206480,180545,206960,1600,via_1600x480
VSS,met3-met4,STRIPE,via,151805,206480,153405,206960,1600,via3_1600x480
VSS,met2-met3,STRIPE,via,151805,206480,153405,206960,1600,via2_1600x480
VSS,met1-met2,STRIPE,via,151805,206480,153405,206960,1600,via_1600x480
VSS,met3-met4,STRIPE,via,124665,206480,126265,206960,1600,via3_1600x480
VSS,met2-met3,STRIPE,via,124665,206480,126265,206960,1600,via2_1600x480
VSS,met1-met2,STRIPE,via,124665,206480,126265,206960,1600,via_1600x480
VSS,met3-met4,STRIPE,via,97525,206480,99125,206960,1600,via3_1600x480
VSS,met2-met3,STRIPE,via,97525,206480,99125,206960,1600,via2_1600x480
VSS,met1-met2,STRIPE,via,97525,206480,99125,206960,1600,via_1600x480
VSS,met3-met4,STRIPE,via,70385,206480,71985,206960,1600,via3_1600x480
VSS,met2-met3,STRIPE,via,70385,206480,71985,206960,1600,via2_1600x480
VSS,met1-met2,STRIPE,via,70385,206480,71985,206960,1600,via_1600x480
VSS,met3-met4,STRIPE,via,43245,206480,44845,206960,1600,via3_1600x480
VSS,met2-met3,STRIPE,via,43245,206480,44845,206960,1600,via2_1600x480
VSS,met1-met2,STRIPE,via,43245,206480,44845,206960,1600,via_1600x480
VSS,met3-met4,STRIPE,via,260365,201040,261965,201520,1600,via3_1600x480
VSS,met2-met3,STRIPE,via,260365,201040,261965,201520,1600,via2_1600x480
VSS,met1-met2,STRIPE,via,260365,201040,261965,201520,1600,via_1600x480
VSS,met3-met4,STRIPE,via,233225,201040,234825,201520,1600,via3_1600x480
VSS,met2-met3,STRIPE,via,233225,201040,234825,201520,1600,via2_1600x480
VSS,met1-met2,STRIPE,via,233225,201040,234825,201520,1600,via_1600x480
VSS,met3-met4,STRIPE,via,206085,201040,207685,201520,1600,via3_1600x480
VSS,met2-met3,STRIPE,via,206085,201040,207685,201520,1600,via2_1600x480
VSS,met1-met2,STRIPE,via,206085,201040,207685,201520,1600,via_1600x480
VSS,met3-met4,STRIPE,via,178945,201040,180545,201520,1600,via3_1600x480
VSS,met2-met3,STRIPE,via,178945,201040,180545,201520,1600,via2_1600x480
VSS,met1-met2,STRIPE,via,178945,201040,180545,201520,1600,via_1600x480
VSS,met3-met4,STRIPE,via,151805,201040,153405,201520,1600,via3_1600x480
VSS,met2-met3,STRIPE,via,151805,201040,153405,201520,1600,via2_1600x480
VSS,met1-met2,STRIPE,via,151805,201040,153405,201520,1600,via_1600x480
VSS,met3-met4,STRIPE,via,124665,201040,126265,201520,1600,via3_1600x480
VSS,met2-met3,STRIPE,via,124665,201040,126265,201520,1600,via2_1600x480
VSS,met1-met2,STRIPE,via,124665,201040,126265,201520,1600,via_1600x480
VSS,met3-met4,STRIPE,via,97525,201040,99125,201520,1600,via3_1600x480
VSS,met2-met3,STRIPE,via,97525,201040,99125,201520,1600,via2_1600x480
VSS,met1-met2,STRIPE,via,97525,201040,99125,201520,1600,via_1600x480
VSS,met3-met4,STRIPE,via,70385,201040,71985,201520,1600,via3_1600x480
VSS,met2-met3,STRIPE,via,70385,201040,71985,201520,1600,via2_1600x480
VSS,met1-met2,STRIPE,via,70385,201040,71985,201520,1600,via_1600x480
VSS,met3-met4,STRIPE,via,43245,201040,44845,201520,1600,via3_1600x480
VSS,met2-met3,STRIPE,via,43245,201040,44845,201520,1600,via2_1600x480
VSS,met1-met2,STRIPE,via,43245,201040,44845,201520,1600,via_1600x480
VSS,met3-met4,STRIPE,via,260365,195600,261965,196080,1600,via3_1600x480
VSS,met2-met3,STRIPE,via,260365,195600,261965,196080,1600,via2_1600x480
VSS,met1-met2,STRIPE,via,260365,195600,261965,196080,1600,via_1600x480
VSS,met3-met4,STRIPE,via,233225,195600,234825,196080,1600,via3_1600x480
VSS,met2-met3,STRIPE,via,233225,195600,234825,196080,1600,via2_1600x480
VSS,met1-met2,STRIPE,via,233225,195600,234825,196080,1600,via_1600x480
VSS,met3-met4,STRIPE,via,206085,195600,207685,196080,1600,via3_1600x480
VSS,met2-met3,STRIPE,via,206085,195600,207685,196080,1600,via2_1600x480
VSS,met1-met2,STRIPE,via,206085,195600,207685,196080,1600,via_1600x480
VSS,met3-met4,STRIPE,via,178945,195600,180545,196080,1600,via3_1600x480
VSS,met2-met3,STRIPE,via,178945,195600,180545,196080,1600,via2_1600x480
VSS,met1-met2,STRIPE,via,178945,195600,180545,196080,1600,via_1600x480
VSS,met3-met4,STRIPE,via,151805,195600,153405,196080,1600,via3_1600x480
VSS,met2-met3,STRIPE,via,151805,195600,153405,196080,1600,via2_1600x480
VSS,met1-met2,STRIPE,via,151805,195600,153405,196080,1600,via_1600x480
VSS,met3-met4,STRIPE,via,124665,195600,126265,196080,1600,via3_1600x480
VSS,met2-met3,STRIPE,via,124665,195600,126265,196080,1600,via2_1600x480
VSS,met1-met2,STRIPE,via,124665,195600,126265,196080,1600,via_1600x480
VSS,met3-met4,STRIPE,via,97525,195600,99125,196080,1600,via3_1600x480
VSS,met2-met3,STRIPE,via,97525,195600,99125,196080,1600,via2_1600x480
VSS,met1-met2,STRIPE,via,97525,195600,99125,196080,1600,via_1600x480
VSS,met3-met4,STRIPE,via,70385,195600,71985,196080,1600,via3_1600x480
VSS,met2-met3,STRIPE,via,70385,195600,71985,196080,1600,via2_1600x480
VSS,met1-met2,STRIPE,via,70385,195600,71985,196080,1600,via_1600x480
VSS,met3-met4,STRIPE,via,43245,195600,44845,196080,1600,via3_1600x480
VSS,met2-met3,STRIPE,via,43245,195600,44845,196080,1600,via2_1600x480
VSS,met1-met2,STRIPE,via,43245,195600,44845,196080,1600,via_1600x480
VSS,met3-met4,STRIPE,via,260365,190160,261965,190640,1600,via3_1600x480
VSS,met2-met3,STRIPE,via,260365,190160,261965,190640,1600,via2_1600x480
VSS,met1-met2,STRIPE,via,260365,190160,261965,190640,1600,via_1600x480
VSS,met3-met4,STRIPE,via,233225,190160,234825,190640,1600,via3_1600x480
VSS,met2-met3,STRIPE,via,233225,190160,234825,190640,1600,via2_1600x480
VSS,met1-met2,STRIPE,via,233225,190160,234825,190640,1600,via_1600x480
VSS,met3-met4,STRIPE,via,206085,190160,207685,190640,1600,via3_1600x480
VSS,met2-met3,STRIPE,via,206085,190160,207685,190640,1600,via2_1600x480
VSS,met1-met2,STRIPE,via,206085,190160,207685,190640,1600,via_1600x480
VSS,met3-met4,STRIPE,via,178945,190160,180545,190640,1600,via3_1600x480
VSS,met2-met3,STRIPE,via,178945,190160,180545,190640,1600,via2_1600x480
VSS,met1-met2,STRIPE,via,178945,190160,180545,190640,1600,via_1600x480
VSS,met3-met4,STRIPE,via,151805,190160,153405,190640,1600,via3_1600x480
VSS,met2-met3,STRIPE,via,151805,190160,153405,190640,1600,via2_1600x480
VSS,met1-met2,STRIPE,via,151805,190160,153405,190640,1600,via_1600x480
VSS,met3-met4,STRIPE,via,124665,190160,126265,190640,1600,via3_1600x480
VSS,met2-met3,STRIPE,via,124665,190160,126265,190640,1600,via2_1600x480
VSS,met1-met2,STRIPE,via,124665,190160,126265,190640,1600,via_1600x480
VSS,met3-met4,STRIPE,via,97525,190160,99125,190640,1600,via3_1600x480
VSS,met2-met3,STRIPE,via,97525,190160,99125,190640,1600,via2_1600x480
VSS,met1-met2,STRIPE,via,97525,190160,99125,190640,1600,via_1600x480
VSS,met3-met4,STRIPE,via,70385,190160,71985,190640,1600,via3_1600x480
VSS,met2-met3,STRIPE,via,70385,190160,71985,190640,1600,via2_1600x480
VSS,met1-met2,STRIPE,via,70385,190160,71985,190640,1600,via_1600x480
VSS,met3-met4,STRIPE,via,43245,190160,44845,190640,1600,via3_1600x480
VSS,met2-met3,STRIPE,via,43245,190160,44845,190640,1600,via2_1600x480
VSS,met1-met2,STRIPE,via,43245,190160,44845,190640,1600,via_1600x480
VSS,met3-met4,STRIPE,via,260365,184720,261965,185200,1600,via3_1600x480
VSS,met2-met3,STRIPE,via,260365,184720,261965,185200,1600,via2_1600x480
VSS,met1-met2,STRIPE,via,260365,184720,261965,185200,1600,via_1600x480
VSS,met3-met4,STRIPE,via,233225,184720,234825,185200,1600,via3_1600x480
VSS,met2-met3,STRIPE,via,233225,184720,234825,185200,1600,via2_1600x480
VSS,met1-met2,STRIPE,via,233225,184720,234825,185200,1600,via_1600x480
VSS,met3-met4,STRIPE,via,206085,184720,207685,185200,1600,via3_1600x480
VSS,met2-met3,STRIPE,via,206085,184720,207685,185200,1600,via2_1600x480
VSS,met1-met2,STRIPE,via,206085,184720,207685,185200,1600,via_1600x480
VSS,met3-met4,STRIPE,via,178945,184720,180545,185200,1600,via3_1600x480
VSS,met2-met3,STRIPE,via,178945,184720,180545,185200,1600,via2_1600x480
VSS,met1-met2,STRIPE,via,178945,184720,180545,185200,1600,via_1600x480
VSS,met3-met4,STRIPE,via,151805,184720,153405,185200,1600,via3_1600x480
VSS,met2-met3,STRIPE,via,151805,184720,153405,185200,1600,via2_1600x480
VSS,met1-met2,STRIPE,via,151805,184720,153405,185200,1600,via_1600x480
VSS,met3-met4,STRIPE,via,124665,184720,126265,185200,1600,via3_1600x480
VSS,met2-met3,STRIPE,via,124665,184720,126265,185200,1600,via2_1600x480
VSS,met1-met2,STRIPE,via,124665,184720,126265,185200,1600,via_1600x480
VSS,met3-met4,STRIPE,via,97525,184720,99125,185200,1600,via3_1600x480
VSS,met2-met3,STRIPE,via,97525,184720,99125,185200,1600,via2_1600x480
VSS,met1-met2,STRIPE,via,97525,184720,99125,185200,1600,via_1600x480
VSS,met3-met4,STRIPE,via,70385,184720,71985,185200,1600,via3_1600x480
VSS,met2-met3,STRIPE,via,70385,184720,71985,185200,1600,via2_1600x480
VSS,met1-met2,STRIPE,via,70385,184720,71985,185200,1600,via_1600x480
VSS,met3-met4,STRIPE,via,43245,184720,44845,185200,1600,via3_1600x480
VSS,met2-met3,STRIPE,via,43245,184720,44845,185200,1600,via2_1600x480
VSS,met1-met2,STRIPE,via,43245,184720,44845,185200,1600,via_1600x480
VSS,met3-met4,STRIPE,via,260365,179280,261965,179760,1600,via3_1600x480
VSS,met2-met3,STRIPE,via,260365,179280,261965,179760,1600,via2_1600x480
VSS,met1-met2,STRIPE,via,260365,179280,261965,179760,1600,via_1600x480
VSS,met3-met4,STRIPE,via,233225,179280,234825,179760,1600,via3_1600x480
VSS,met2-met3,STRIPE,via,233225,179280,234825,179760,1600,via2_1600x480
VSS,met1-met2,STRIPE,via,233225,179280,234825,179760,1600,via_1600x480
VSS,met3-met4,STRIPE,via,206085,179280,207685,179760,1600,via3_1600x480
VSS,met2-met3,STRIPE,via,206085,179280,207685,179760,1600,via2_1600x480
VSS,met1-met2,STRIPE,via,206085,179280,207685,179760,1600,via_1600x480
VSS,met3-met4,STRIPE,via,178945,179280,180545,179760,1600,via3_1600x480
VSS,met2-met3,STRIPE,via,178945,179280,180545,179760,1600,via2_1600x480
VSS,met1-met2,STRIPE,via,178945,179280,180545,179760,1600,via_1600x480
VSS,met3-met4,STRIPE,via,151805,179280,153405,179760,1600,via3_1600x480
VSS,met2-met3,STRIPE,via,151805,179280,153405,179760,1600,via2_1600x480
VSS,met1-met2,STRIPE,via,151805,179280,153405,179760,1600,via_1600x480
VSS,met3-met4,STRIPE,via,124665,179280,126265,179760,1600,via3_1600x480
VSS,met2-met3,STRIPE,via,124665,179280,126265,179760,1600,via2_1600x480
VSS,met1-met2,STRIPE,via,124665,179280,126265,179760,1600,via_1600x480
VSS,met3-met4,STRIPE,via,97525,179280,99125,179760,1600,via3_1600x480
VSS,met2-met3,STRIPE,via,97525,179280,99125,179760,1600,via2_1600x480
VSS,met1-met2,STRIPE,via,97525,179280,99125,179760,1600,via_1600x480
VSS,met3-met4,STRIPE,via,70385,179280,71985,179760,1600,via3_1600x480
VSS,met2-met3,STRIPE,via,70385,179280,71985,179760,1600,via2_1600x480
VSS,met1-met2,STRIPE,via,70385,179280,71985,179760,1600,via_1600x480
VSS,met3-met4,STRIPE,via,43245,179280,44845,179760,1600,via3_1600x480
VSS,met2-met3,STRIPE,via,43245,179280,44845,179760,1600,via2_1600x480
VSS,met1-met2,STRIPE,via,43245,179280,44845,179760,1600,via_1600x480
VSS,met3-met4,STRIPE,via,260365,173840,261965,174320,1600,via3_1600x480
VSS,met2-met3,STRIPE,via,260365,173840,261965,174320,1600,via2_1600x480
VSS,met1-met2,STRIPE,via,260365,173840,261965,174320,1600,via_1600x480
VSS,met3-met4,STRIPE,via,233225,173840,234825,174320,1600,via3_1600x480
VSS,met2-met3,STRIPE,via,233225,173840,234825,174320,1600,via2_1600x480
VSS,met1-met2,STRIPE,via,233225,173840,234825,174320,1600,via_1600x480
VSS,met3-met4,STRIPE,via,206085,173840,207685,174320,1600,via3_1600x480
VSS,met2-met3,STRIPE,via,206085,173840,207685,174320,1600,via2_1600x480
VSS,met1-met2,STRIPE,via,206085,173840,207685,174320,1600,via_1600x480
VSS,met3-met4,STRIPE,via,178945,173840,180545,174320,1600,via3_1600x480
VSS,met2-met3,STRIPE,via,178945,173840,180545,174320,1600,via2_1600x480
VSS,met1-met2,STRIPE,via,178945,173840,180545,174320,1600,via_1600x480
VSS,met3-met4,STRIPE,via,151805,173840,153405,174320,1600,via3_1600x480
VSS,met2-met3,STRIPE,via,151805,173840,153405,174320,1600,via2_1600x480
VSS,met1-met2,STRIPE,via,151805,173840,153405,174320,1600,via_1600x480
VSS,met3-met4,STRIPE,via,124665,173840,126265,174320,1600,via3_1600x480
VSS,met2-met3,STRIPE,via,124665,173840,126265,174320,1600,via2_1600x480
VSS,met1-met2,STRIPE,via,124665,173840,126265,174320,1600,via_1600x480
VSS,met3-met4,STRIPE,via,97525,173840,99125,174320,1600,via3_1600x480
VSS,met2-met3,STRIPE,via,97525,173840,99125,174320,1600,via2_1600x480
VSS,met1-met2,STRIPE,via,97525,173840,99125,174320,1600,via_1600x480
VSS,met3-met4,STRIPE,via,70385,173840,71985,174320,1600,via3_1600x480
VSS,met2-met3,STRIPE,via,70385,173840,71985,174320,1600,via2_1600x480
VSS,met1-met2,STRIPE,via,70385,173840,71985,174320,1600,via_1600x480
VSS,met3-met4,STRIPE,via,43245,173840,44845,174320,1600,via3_1600x480
VSS,met2-met3,STRIPE,via,43245,173840,44845,174320,1600,via2_1600x480
VSS,met1-met2,STRIPE,via,43245,173840,44845,174320,1600,via_1600x480
VSS,met3-met4,STRIPE,via,260365,168400,261965,168880,1600,via3_1600x480
VSS,met2-met3,STRIPE,via,260365,168400,261965,168880,1600,via2_1600x480
VSS,met1-met2,STRIPE,via,260365,168400,261965,168880,1600,via_1600x480
VSS,met3-met4,STRIPE,via,233225,168400,234825,168880,1600,via3_1600x480
VSS,met2-met3,STRIPE,via,233225,168400,234825,168880,1600,via2_1600x480
VSS,met1-met2,STRIPE,via,233225,168400,234825,168880,1600,via_1600x480
VSS,met3-met4,STRIPE,via,206085,168400,207685,168880,1600,via3_1600x480
VSS,met2-met3,STRIPE,via,206085,168400,207685,168880,1600,via2_1600x480
VSS,met1-met2,STRIPE,via,206085,168400,207685,168880,1600,via_1600x480
VSS,met3-met4,STRIPE,via,178945,168400,180545,168880,1600,via3_1600x480
VSS,met2-met3,STRIPE,via,178945,168400,180545,168880,1600,via2_1600x480
VSS,met1-met2,STRIPE,via,178945,168400,180545,168880,1600,via_1600x480
VSS,met3-met4,STRIPE,via,151805,168400,153405,168880,1600,via3_1600x480
VSS,met2-met3,STRIPE,via,151805,168400,153405,168880,1600,via2_1600x480
VSS,met1-met2,STRIPE,via,151805,168400,153405,168880,1600,via_1600x480
VSS,met3-met4,STRIPE,via,124665,168400,126265,168880,1600,via3_1600x480
VSS,met2-met3,STRIPE,via,124665,168400,126265,168880,1600,via2_1600x480
VSS,met1-met2,STRIPE,via,124665,168400,126265,168880,1600,via_1600x480
VSS,met3-met4,STRIPE,via,97525,168400,99125,168880,1600,via3_1600x480
VSS,met2-met3,STRIPE,via,97525,168400,99125,168880,1600,via2_1600x480
VSS,met1-met2,STRIPE,via,97525,168400,99125,168880,1600,via_1600x480
VSS,met3-met4,STRIPE,via,70385,168400,71985,168880,1600,via3_1600x480
VSS,met2-met3,STRIPE,via,70385,168400,71985,168880,1600,via2_1600x480
VSS,met1-met2,STRIPE,via,70385,168400,71985,168880,1600,via_1600x480
VSS,met3-met4,STRIPE,via,43245,168400,44845,168880,1600,via3_1600x480
VSS,met2-met3,STRIPE,via,43245,168400,44845,168880,1600,via2_1600x480
VSS,met1-met2,STRIPE,via,43245,168400,44845,168880,1600,via_1600x480
VSS,met3-met4,STRIPE,via,260365,162960,261965,163440,1600,via3_1600x480
VSS,met2-met3,STRIPE,via,260365,162960,261965,163440,1600,via2_1600x480
VSS,met1-met2,STRIPE,via,260365,162960,261965,163440,1600,via_1600x480
VSS,met3-met4,STRIPE,via,233225,162960,234825,163440,1600,via3_1600x480
VSS,met2-met3,STRIPE,via,233225,162960,234825,163440,1600,via2_1600x480
VSS,met1-met2,STRIPE,via,233225,162960,234825,163440,1600,via_1600x480
VSS,met3-met4,STRIPE,via,206085,162960,207685,163440,1600,via3_1600x480
VSS,met2-met3,STRIPE,via,206085,162960,207685,163440,1600,via2_1600x480
VSS,met1-met2,STRIPE,via,206085,162960,207685,163440,1600,via_1600x480
VSS,met3-met4,STRIPE,via,178945,162960,180545,163440,1600,via3_1600x480
VSS,met2-met3,STRIPE,via,178945,162960,180545,163440,1600,via2_1600x480
VSS,met1-met2,STRIPE,via,178945,162960,180545,163440,1600,via_1600x480
VSS,met3-met4,STRIPE,via,151805,162960,153405,163440,1600,via3_1600x480
VSS,met2-met3,STRIPE,via,151805,162960,153405,163440,1600,via2_1600x480
VSS,met1-met2,STRIPE,via,151805,162960,153405,163440,1600,via_1600x480
VSS,met3-met4,STRIPE,via,124665,162960,126265,163440,1600,via3_1600x480
VSS,met2-met3,STRIPE,via,124665,162960,126265,163440,1600,via2_1600x480
VSS,met1-met2,STRIPE,via,124665,162960,126265,163440,1600,via_1600x480
VSS,met3-met4,STRIPE,via,97525,162960,99125,163440,1600,via3_1600x480
VSS,met2-met3,STRIPE,via,97525,162960,99125,163440,1600,via2_1600x480
VSS,met1-met2,STRIPE,via,97525,162960,99125,163440,1600,via_1600x480
VSS,met3-met4,STRIPE,via,70385,162960,71985,163440,1600,via3_1600x480
VSS,met2-met3,STRIPE,via,70385,162960,71985,163440,1600,via2_1600x480
VSS,met1-met2,STRIPE,via,70385,162960,71985,163440,1600,via_1600x480
VSS,met3-met4,STRIPE,via,43245,162960,44845,163440,1600,via3_1600x480
VSS,met2-met3,STRIPE,via,43245,162960,44845,163440,1600,via2_1600x480
VSS,met1-met2,STRIPE,via,43245,162960,44845,163440,1600,via_1600x480
VSS,met3-met4,STRIPE,via,260365,157520,261965,158000,1600,via3_1600x480
VSS,met2-met3,STRIPE,via,260365,157520,261965,158000,1600,via2_1600x480
VSS,met1-met2,STRIPE,via,260365,157520,261965,158000,1600,via_1600x480
VSS,met3-met4,STRIPE,via,233225,157520,234825,158000,1600,via3_1600x480
VSS,met2-met3,STRIPE,via,233225,157520,234825,158000,1600,via2_1600x480
VSS,met1-met2,STRIPE,via,233225,157520,234825,158000,1600,via_1600x480
VSS,met3-met4,STRIPE,via,206085,157520,207685,158000,1600,via3_1600x480
VSS,met2-met3,STRIPE,via,206085,157520,207685,158000,1600,via2_1600x480
VSS,met1-met2,STRIPE,via,206085,157520,207685,158000,1600,via_1600x480
VSS,met3-met4,STRIPE,via,178945,157520,180545,158000,1600,via3_1600x480
VSS,met2-met3,STRIPE,via,178945,157520,180545,158000,1600,via2_1600x480
VSS,met1-met2,STRIPE,via,178945,157520,180545,158000,1600,via_1600x480
VSS,met3-met4,STRIPE,via,151805,157520,153405,158000,1600,via3_1600x480
VSS,met2-met3,STRIPE,via,151805,157520,153405,158000,1600,via2_1600x480
VSS,met1-met2,STRIPE,via,151805,157520,153405,158000,1600,via_1600x480
VSS,met3-met4,STRIPE,via,124665,157520,126265,158000,1600,via3_1600x480
VSS,met2-met3,STRIPE,via,124665,157520,126265,158000,1600,via2_1600x480
VSS,met1-met2,STRIPE,via,124665,157520,126265,158000,1600,via_1600x480
VSS,met3-met4,STRIPE,via,97525,157520,99125,158000,1600,via3_1600x480
VSS,met2-met3,STRIPE,via,97525,157520,99125,158000,1600,via2_1600x480
VSS,met1-met2,STRIPE,via,97525,157520,99125,158000,1600,via_1600x480
VSS,met3-met4,STRIPE,via,70385,157520,71985,158000,1600,via3_1600x480
VSS,met2-met3,STRIPE,via,70385,157520,71985,158000,1600,via2_1600x480
VSS,met1-met2,STRIPE,via,70385,157520,71985,158000,1600,via_1600x480
VSS,met3-met4,STRIPE,via,43245,157520,44845,158000,1600,via3_1600x480
VSS,met2-met3,STRIPE,via,43245,157520,44845,158000,1600,via2_1600x480
VSS,met1-met2,STRIPE,via,43245,157520,44845,158000,1600,via_1600x480
VSS,met3-met4,STRIPE,via,260365,152080,261965,152560,1600,via3_1600x480
VSS,met2-met3,STRIPE,via,260365,152080,261965,152560,1600,via2_1600x480
VSS,met1-met2,STRIPE,via,260365,152080,261965,152560,1600,via_1600x480
VSS,met3-met4,STRIPE,via,233225,152080,234825,152560,1600,via3_1600x480
VSS,met2-met3,STRIPE,via,233225,152080,234825,152560,1600,via2_1600x480
VSS,met1-met2,STRIPE,via,233225,152080,234825,152560,1600,via_1600x480
VSS,met3-met4,STRIPE,via,206085,152080,207685,152560,1600,via3_1600x480
VSS,met2-met3,STRIPE,via,206085,152080,207685,152560,1600,via2_1600x480
VSS,met1-met2,STRIPE,via,206085,152080,207685,152560,1600,via_1600x480
VSS,met3-met4,STRIPE,via,178945,152080,180545,152560,1600,via3_1600x480
VSS,met2-met3,STRIPE,via,178945,152080,180545,152560,1600,via2_1600x480
VSS,met1-met2,STRIPE,via,178945,152080,180545,152560,1600,via_1600x480
VSS,met3-met4,STRIPE,via,151805,152080,153405,152560,1600,via3_1600x480
VSS,met2-met3,STRIPE,via,151805,152080,153405,152560,1600,via2_1600x480
VSS,met1-met2,STRIPE,via,151805,152080,153405,152560,1600,via_1600x480
VSS,met3-met4,STRIPE,via,124665,152080,126265,152560,1600,via3_1600x480
VSS,met2-met3,STRIPE,via,124665,152080,126265,152560,1600,via2_1600x480
VSS,met1-met2,STRIPE,via,124665,152080,126265,152560,1600,via_1600x480
VSS,met3-met4,STRIPE,via,97525,152080,99125,152560,1600,via3_1600x480
VSS,met2-met3,STRIPE,via,97525,152080,99125,152560,1600,via2_1600x480
VSS,met1-met2,STRIPE,via,97525,152080,99125,152560,1600,via_1600x480
VSS,met3-met4,STRIPE,via,70385,152080,71985,152560,1600,via3_1600x480
VSS,met2-met3,STRIPE,via,70385,152080,71985,152560,1600,via2_1600x480
VSS,met1-met2,STRIPE,via,70385,152080,71985,152560,1600,via_1600x480
VSS,met3-met4,STRIPE,via,43245,152080,44845,152560,1600,via3_1600x480
VSS,met2-met3,STRIPE,via,43245,152080,44845,152560,1600,via2_1600x480
VSS,met1-met2,STRIPE,via,43245,152080,44845,152560,1600,via_1600x480
VSS,met3-met4,STRIPE,via,260365,146640,261965,147120,1600,via3_1600x480
VSS,met2-met3,STRIPE,via,260365,146640,261965,147120,1600,via2_1600x480
VSS,met1-met2,STRIPE,via,260365,146640,261965,147120,1600,via_1600x480
VSS,met3-met4,STRIPE,via,233225,146640,234825,147120,1600,via3_1600x480
VSS,met2-met3,STRIPE,via,233225,146640,234825,147120,1600,via2_1600x480
VSS,met1-met2,STRIPE,via,233225,146640,234825,147120,1600,via_1600x480
VSS,met3-met4,STRIPE,via,206085,146640,207685,147120,1600,via3_1600x480
VSS,met2-met3,STRIPE,via,206085,146640,207685,147120,1600,via2_1600x480
VSS,met1-met2,STRIPE,via,206085,146640,207685,147120,1600,via_1600x480
VSS,met3-met4,STRIPE,via,178945,146640,180545,147120,1600,via3_1600x480
VSS,met2-met3,STRIPE,via,178945,146640,180545,147120,1600,via2_1600x480
VSS,met1-met2,STRIPE,via,178945,146640,180545,147120,1600,via_1600x480
VSS,met3-met4,STRIPE,via,151805,146640,153405,147120,1600,via3_1600x480
VSS,met2-met3,STRIPE,via,151805,146640,153405,147120,1600,via2_1600x480
VSS,met1-met2,STRIPE,via,151805,146640,153405,147120,1600,via_1600x480
VSS,met3-met4,STRIPE,via,124665,146640,126265,147120,1600,via3_1600x480
VSS,met2-met3,STRIPE,via,124665,146640,126265,147120,1600,via2_1600x480
VSS,met1-met2,STRIPE,via,124665,146640,126265,147120,1600,via_1600x480
VSS,met3-met4,STRIPE,via,97525,146640,99125,147120,1600,via3_1600x480
VSS,met2-met3,STRIPE,via,97525,146640,99125,147120,1600,via2_1600x480
VSS,met1-met2,STRIPE,via,97525,146640,99125,147120,1600,via_1600x480
VSS,met3-met4,STRIPE,via,70385,146640,71985,147120,1600,via3_1600x480
VSS,met2-met3,STRIPE,via,70385,146640,71985,147120,1600,via2_1600x480
VSS,met1-met2,STRIPE,via,70385,146640,71985,147120,1600,via_1600x480
VSS,met3-met4,STRIPE,via,43245,146640,44845,147120,1600,via3_1600x480
VSS,met2-met3,STRIPE,via,43245,146640,44845,147120,1600,via2_1600x480
VSS,met1-met2,STRIPE,via,43245,146640,44845,147120,1600,via_1600x480
VSS,met3-met4,STRIPE,via,260365,141200,261965,141680,1600,via3_1600x480
VSS,met2-met3,STRIPE,via,260365,141200,261965,141680,1600,via2_1600x480
VSS,met1-met2,STRIPE,via,260365,141200,261965,141680,1600,via_1600x480
VSS,met3-met4,STRIPE,via,233225,141200,234825,141680,1600,via3_1600x480
VSS,met2-met3,STRIPE,via,233225,141200,234825,141680,1600,via2_1600x480
VSS,met1-met2,STRIPE,via,233225,141200,234825,141680,1600,via_1600x480
VSS,met3-met4,STRIPE,via,206085,141200,207685,141680,1600,via3_1600x480
VSS,met2-met3,STRIPE,via,206085,141200,207685,141680,1600,via2_1600x480
VSS,met1-met2,STRIPE,via,206085,141200,207685,141680,1600,via_1600x480
VSS,met3-met4,STRIPE,via,178945,141200,180545,141680,1600,via3_1600x480
VSS,met2-met3,STRIPE,via,178945,141200,180545,141680,1600,via2_1600x480
VSS,met1-met2,STRIPE,via,178945,141200,180545,141680,1600,via_1600x480
VSS,met3-met4,STRIPE,via,151805,141200,153405,141680,1600,via3_1600x480
VSS,met2-met3,STRIPE,via,151805,141200,153405,141680,1600,via2_1600x480
VSS,met1-met2,STRIPE,via,151805,141200,153405,141680,1600,via_1600x480
VSS,met3-met4,STRIPE,via,124665,141200,126265,141680,1600,via3_1600x480
VSS,met2-met3,STRIPE,via,124665,141200,126265,141680,1600,via2_1600x480
VSS,met1-met2,STRIPE,via,124665,141200,126265,141680,1600,via_1600x480
VSS,met3-met4,STRIPE,via,97525,141200,99125,141680,1600,via3_1600x480
VSS,met2-met3,STRIPE,via,97525,141200,99125,141680,1600,via2_1600x480
VSS,met1-met2,STRIPE,via,97525,141200,99125,141680,1600,via_1600x480
VSS,met3-met4,STRIPE,via,70385,141200,71985,141680,1600,via3_1600x480
VSS,met2-met3,STRIPE,via,70385,141200,71985,141680,1600,via2_1600x480
VSS,met1-met2,STRIPE,via,70385,141200,71985,141680,1600,via_1600x480
VSS,met3-met4,STRIPE,via,43245,141200,44845,141680,1600,via3_1600x480
VSS,met2-met3,STRIPE,via,43245,141200,44845,141680,1600,via2_1600x480
VSS,met1-met2,STRIPE,via,43245,141200,44845,141680,1600,via_1600x480
VSS,met3-met4,STRIPE,via,260365,135760,261965,136240,1600,via3_1600x480
VSS,met2-met3,STRIPE,via,260365,135760,261965,136240,1600,via2_1600x480
VSS,met1-met2,STRIPE,via,260365,135760,261965,136240,1600,via_1600x480
VSS,met3-met4,STRIPE,via,233225,135760,234825,136240,1600,via3_1600x480
VSS,met2-met3,STRIPE,via,233225,135760,234825,136240,1600,via2_1600x480
VSS,met1-met2,STRIPE,via,233225,135760,234825,136240,1600,via_1600x480
VSS,met3-met4,STRIPE,via,206085,135760,207685,136240,1600,via3_1600x480
VSS,met2-met3,STRIPE,via,206085,135760,207685,136240,1600,via2_1600x480
VSS,met1-met2,STRIPE,via,206085,135760,207685,136240,1600,via_1600x480
VSS,met3-met4,STRIPE,via,178945,135760,180545,136240,1600,via3_1600x480
VSS,met2-met3,STRIPE,via,178945,135760,180545,136240,1600,via2_1600x480
VSS,met1-met2,STRIPE,via,178945,135760,180545,136240,1600,via_1600x480
VSS,met3-met4,STRIPE,via,151805,135760,153405,136240,1600,via3_1600x480
VSS,met2-met3,STRIPE,via,151805,135760,153405,136240,1600,via2_1600x480
VSS,met1-met2,STRIPE,via,151805,135760,153405,136240,1600,via_1600x480
VSS,met3-met4,STRIPE,via,124665,135760,126265,136240,1600,via3_1600x480
VSS,met2-met3,STRIPE,via,124665,135760,126265,136240,1600,via2_1600x480
VSS,met1-met2,STRIPE,via,124665,135760,126265,136240,1600,via_1600x480
VSS,met3-met4,STRIPE,via,97525,135760,99125,136240,1600,via3_1600x480
VSS,met2-met3,STRIPE,via,97525,135760,99125,136240,1600,via2_1600x480
VSS,met1-met2,STRIPE,via,97525,135760,99125,136240,1600,via_1600x480
VSS,met3-met4,STRIPE,via,70385,135760,71985,136240,1600,via3_1600x480
VSS,met2-met3,STRIPE,via,70385,135760,71985,136240,1600,via2_1600x480
VSS,met1-met2,STRIPE,via,70385,135760,71985,136240,1600,via_1600x480
VSS,met3-met4,STRIPE,via,43245,135760,44845,136240,1600,via3_1600x480
VSS,met2-met3,STRIPE,via,43245,135760,44845,136240,1600,via2_1600x480
VSS,met1-met2,STRIPE,via,43245,135760,44845,136240,1600,via_1600x480
VSS,met3-met4,STRIPE,via,260365,130320,261965,130800,1600,via3_1600x480
VSS,met2-met3,STRIPE,via,260365,130320,261965,130800,1600,via2_1600x480
VSS,met1-met2,STRIPE,via,260365,130320,261965,130800,1600,via_1600x480
VSS,met3-met4,STRIPE,via,233225,130320,234825,130800,1600,via3_1600x480
VSS,met2-met3,STRIPE,via,233225,130320,234825,130800,1600,via2_1600x480
VSS,met1-met2,STRIPE,via,233225,130320,234825,130800,1600,via_1600x480
VSS,met3-met4,STRIPE,via,206085,130320,207685,130800,1600,via3_1600x480
VSS,met2-met3,STRIPE,via,206085,130320,207685,130800,1600,via2_1600x480
VSS,met1-met2,STRIPE,via,206085,130320,207685,130800,1600,via_1600x480
VSS,met3-met4,STRIPE,via,178945,130320,180545,130800,1600,via3_1600x480
VSS,met2-met3,STRIPE,via,178945,130320,180545,130800,1600,via2_1600x480
VSS,met1-met2,STRIPE,via,178945,130320,180545,130800,1600,via_1600x480
VSS,met3-met4,STRIPE,via,151805,130320,153405,130800,1600,via3_1600x480
VSS,met2-met3,STRIPE,via,151805,130320,153405,130800,1600,via2_1600x480
VSS,met1-met2,STRIPE,via,151805,130320,153405,130800,1600,via_1600x480
VSS,met3-met4,STRIPE,via,124665,130320,126265,130800,1600,via3_1600x480
VSS,met2-met3,STRIPE,via,124665,130320,126265,130800,1600,via2_1600x480
VSS,met1-met2,STRIPE,via,124665,130320,126265,130800,1600,via_1600x480
VSS,met3-met4,STRIPE,via,97525,130320,99125,130800,1600,via3_1600x480
VSS,met2-met3,STRIPE,via,97525,130320,99125,130800,1600,via2_1600x480
VSS,met1-met2,STRIPE,via,97525,130320,99125,130800,1600,via_1600x480
VSS,met3-met4,STRIPE,via,70385,130320,71985,130800,1600,via3_1600x480
VSS,met2-met3,STRIPE,via,70385,130320,71985,130800,1600,via2_1600x480
VSS,met1-met2,STRIPE,via,70385,130320,71985,130800,1600,via_1600x480
VSS,met3-met4,STRIPE,via,43245,130320,44845,130800,1600,via3_1600x480
VSS,met2-met3,STRIPE,via,43245,130320,44845,130800,1600,via2_1600x480
VSS,met1-met2,STRIPE,via,43245,130320,44845,130800,1600,via_1600x480
VSS,met3-met4,STRIPE,via,260365,124880,261965,125360,1600,via3_1600x480
VSS,met2-met3,STRIPE,via,260365,124880,261965,125360,1600,via2_1600x480
VSS,met1-met2,STRIPE,via,260365,124880,261965,125360,1600,via_1600x480
VSS,met3-met4,STRIPE,via,233225,124880,234825,125360,1600,via3_1600x480
VSS,met2-met3,STRIPE,via,233225,124880,234825,125360,1600,via2_1600x480
VSS,met1-met2,STRIPE,via,233225,124880,234825,125360,1600,via_1600x480
VSS,met3-met4,STRIPE,via,206085,124880,207685,125360,1600,via3_1600x480
VSS,met2-met3,STRIPE,via,206085,124880,207685,125360,1600,via2_1600x480
VSS,met1-met2,STRIPE,via,206085,124880,207685,125360,1600,via_1600x480
VSS,met3-met4,STRIPE,via,178945,124880,180545,125360,1600,via3_1600x480
VSS,met2-met3,STRIPE,via,178945,124880,180545,125360,1600,via2_1600x480
VSS,met1-met2,STRIPE,via,178945,124880,180545,125360,1600,via_1600x480
VSS,met3-met4,STRIPE,via,151805,124880,153405,125360,1600,via3_1600x480
VSS,met2-met3,STRIPE,via,151805,124880,153405,125360,1600,via2_1600x480
VSS,met1-met2,STRIPE,via,151805,124880,153405,125360,1600,via_1600x480
VSS,met3-met4,STRIPE,via,124665,124880,126265,125360,1600,via3_1600x480
VSS,met2-met3,STRIPE,via,124665,124880,126265,125360,1600,via2_1600x480
VSS,met1-met2,STRIPE,via,124665,124880,126265,125360,1600,via_1600x480
VSS,met3-met4,STRIPE,via,97525,124880,99125,125360,1600,via3_1600x480
VSS,met2-met3,STRIPE,via,97525,124880,99125,125360,1600,via2_1600x480
VSS,met1-met2,STRIPE,via,97525,124880,99125,125360,1600,via_1600x480
VSS,met3-met4,STRIPE,via,70385,124880,71985,125360,1600,via3_1600x480
VSS,met2-met3,STRIPE,via,70385,124880,71985,125360,1600,via2_1600x480
VSS,met1-met2,STRIPE,via,70385,124880,71985,125360,1600,via_1600x480
VSS,met3-met4,STRIPE,via,43245,124880,44845,125360,1600,via3_1600x480
VSS,met2-met3,STRIPE,via,43245,124880,44845,125360,1600,via2_1600x480
VSS,met1-met2,STRIPE,via,43245,124880,44845,125360,1600,via_1600x480
VSS,met3-met4,STRIPE,via,260365,119440,261965,119920,1600,via3_1600x480
VSS,met2-met3,STRIPE,via,260365,119440,261965,119920,1600,via2_1600x480
VSS,met1-met2,STRIPE,via,260365,119440,261965,119920,1600,via_1600x480
VSS,met3-met4,STRIPE,via,233225,119440,234825,119920,1600,via3_1600x480
VSS,met2-met3,STRIPE,via,233225,119440,234825,119920,1600,via2_1600x480
VSS,met1-met2,STRIPE,via,233225,119440,234825,119920,1600,via_1600x480
VSS,met3-met4,STRIPE,via,206085,119440,207685,119920,1600,via3_1600x480
VSS,met2-met3,STRIPE,via,206085,119440,207685,119920,1600,via2_1600x480
VSS,met1-met2,STRIPE,via,206085,119440,207685,119920,1600,via_1600x480
VSS,met3-met4,STRIPE,via,178945,119440,180545,119920,1600,via3_1600x480
VSS,met2-met3,STRIPE,via,178945,119440,180545,119920,1600,via2_1600x480
VSS,met1-met2,STRIPE,via,178945,119440,180545,119920,1600,via_1600x480
VSS,met3-met4,STRIPE,via,151805,119440,153405,119920,1600,via3_1600x480
VSS,met2-met3,STRIPE,via,151805,119440,153405,119920,1600,via2_1600x480
VSS,met1-met2,STRIPE,via,151805,119440,153405,119920,1600,via_1600x480
VSS,met3-met4,STRIPE,via,124665,119440,126265,119920,1600,via3_1600x480
VSS,met2-met3,STRIPE,via,124665,119440,126265,119920,1600,via2_1600x480
VSS,met1-met2,STRIPE,via,124665,119440,126265,119920,1600,via_1600x480
VSS,met3-met4,STRIPE,via,97525,119440,99125,119920,1600,via3_1600x480
VSS,met2-met3,STRIPE,via,97525,119440,99125,119920,1600,via2_1600x480
VSS,met1-met2,STRIPE,via,97525,119440,99125,119920,1600,via_1600x480
VSS,met3-met4,STRIPE,via,70385,119440,71985,119920,1600,via3_1600x480
VSS,met2-met3,STRIPE,via,70385,119440,71985,119920,1600,via2_1600x480
VSS,met1-met2,STRIPE,via,70385,119440,71985,119920,1600,via_1600x480
VSS,met3-met4,STRIPE,via,43245,119440,44845,119920,1600,via3_1600x480
VSS,met2-met3,STRIPE,via,43245,119440,44845,119920,1600,via2_1600x480
VSS,met1-met2,STRIPE,via,43245,119440,44845,119920,1600,via_1600x480
VSS,met3-met4,STRIPE,via,260365,114000,261965,114480,1600,via3_1600x480
VSS,met2-met3,STRIPE,via,260365,114000,261965,114480,1600,via2_1600x480
VSS,met1-met2,STRIPE,via,260365,114000,261965,114480,1600,via_1600x480
VSS,met3-met4,STRIPE,via,233225,114000,234825,114480,1600,via3_1600x480
VSS,met2-met3,STRIPE,via,233225,114000,234825,114480,1600,via2_1600x480
VSS,met1-met2,STRIPE,via,233225,114000,234825,114480,1600,via_1600x480
VSS,met3-met4,STRIPE,via,206085,114000,207685,114480,1600,via3_1600x480
VSS,met2-met3,STRIPE,via,206085,114000,207685,114480,1600,via2_1600x480
VSS,met1-met2,STRIPE,via,206085,114000,207685,114480,1600,via_1600x480
VSS,met3-met4,STRIPE,via,178945,114000,180545,114480,1600,via3_1600x480
VSS,met2-met3,STRIPE,via,178945,114000,180545,114480,1600,via2_1600x480
VSS,met1-met2,STRIPE,via,178945,114000,180545,114480,1600,via_1600x480
VSS,met3-met4,STRIPE,via,151805,114000,153405,114480,1600,via3_1600x480
VSS,met2-met3,STRIPE,via,151805,114000,153405,114480,1600,via2_1600x480
VSS,met1-met2,STRIPE,via,151805,114000,153405,114480,1600,via_1600x480
VSS,met3-met4,STRIPE,via,124665,114000,126265,114480,1600,via3_1600x480
VSS,met2-met3,STRIPE,via,124665,114000,126265,114480,1600,via2_1600x480
VSS,met1-met2,STRIPE,via,124665,114000,126265,114480,1600,via_1600x480
VSS,met3-met4,STRIPE,via,97525,114000,99125,114480,1600,via3_1600x480
VSS,met2-met3,STRIPE,via,97525,114000,99125,114480,1600,via2_1600x480
VSS,met1-met2,STRIPE,via,97525,114000,99125,114480,1600,via_1600x480
VSS,met3-met4,STRIPE,via,70385,114000,71985,114480,1600,via3_1600x480
VSS,met2-met3,STRIPE,via,70385,114000,71985,114480,1600,via2_1600x480
VSS,met1-met2,STRIPE,via,70385,114000,71985,114480,1600,via_1600x480
VSS,met3-met4,STRIPE,via,43245,114000,44845,114480,1600,via3_1600x480
VSS,met2-met3,STRIPE,via,43245,114000,44845,114480,1600,via2_1600x480
VSS,met1-met2,STRIPE,via,43245,114000,44845,114480,1600,via_1600x480
VSS,met3-met4,STRIPE,via,260365,108560,261965,109040,1600,via3_1600x480
VSS,met2-met3,STRIPE,via,260365,108560,261965,109040,1600,via2_1600x480
VSS,met1-met2,STRIPE,via,260365,108560,261965,109040,1600,via_1600x480
VSS,met3-met4,STRIPE,via,233225,108560,234825,109040,1600,via3_1600x480
VSS,met2-met3,STRIPE,via,233225,108560,234825,109040,1600,via2_1600x480
VSS,met1-met2,STRIPE,via,233225,108560,234825,109040,1600,via_1600x480
VSS,met3-met4,STRIPE,via,206085,108560,207685,109040,1600,via3_1600x480
VSS,met2-met3,STRIPE,via,206085,108560,207685,109040,1600,via2_1600x480
VSS,met1-met2,STRIPE,via,206085,108560,207685,109040,1600,via_1600x480
VSS,met3-met4,STRIPE,via,178945,108560,180545,109040,1600,via3_1600x480
VSS,met2-met3,STRIPE,via,178945,108560,180545,109040,1600,via2_1600x480
VSS,met1-met2,STRIPE,via,178945,108560,180545,109040,1600,via_1600x480
VSS,met3-met4,STRIPE,via,151805,108560,153405,109040,1600,via3_1600x480
VSS,met2-met3,STRIPE,via,151805,108560,153405,109040,1600,via2_1600x480
VSS,met1-met2,STRIPE,via,151805,108560,153405,109040,1600,via_1600x480
VSS,met3-met4,STRIPE,via,124665,108560,126265,109040,1600,via3_1600x480
VSS,met2-met3,STRIPE,via,124665,108560,126265,109040,1600,via2_1600x480
VSS,met1-met2,STRIPE,via,124665,108560,126265,109040,1600,via_1600x480
VSS,met3-met4,STRIPE,via,97525,108560,99125,109040,1600,via3_1600x480
VSS,met2-met3,STRIPE,via,97525,108560,99125,109040,1600,via2_1600x480
VSS,met1-met2,STRIPE,via,97525,108560,99125,109040,1600,via_1600x480
VSS,met3-met4,STRIPE,via,70385,108560,71985,109040,1600,via3_1600x480
VSS,met2-met3,STRIPE,via,70385,108560,71985,109040,1600,via2_1600x480
VSS,met1-met2,STRIPE,via,70385,108560,71985,109040,1600,via_1600x480
VSS,met3-met4,STRIPE,via,43245,108560,44845,109040,1600,via3_1600x480
VSS,met2-met3,STRIPE,via,43245,108560,44845,109040,1600,via2_1600x480
VSS,met1-met2,STRIPE,via,43245,108560,44845,109040,1600,via_1600x480
VSS,met3-met4,STRIPE,via,260365,103120,261965,103600,1600,via3_1600x480
VSS,met2-met3,STRIPE,via,260365,103120,261965,103600,1600,via2_1600x480
VSS,met1-met2,STRIPE,via,260365,103120,261965,103600,1600,via_1600x480
VSS,met3-met4,STRIPE,via,233225,103120,234825,103600,1600,via3_1600x480
VSS,met2-met3,STRIPE,via,233225,103120,234825,103600,1600,via2_1600x480
VSS,met1-met2,STRIPE,via,233225,103120,234825,103600,1600,via_1600x480
VSS,met3-met4,STRIPE,via,206085,103120,207685,103600,1600,via3_1600x480
VSS,met2-met3,STRIPE,via,206085,103120,207685,103600,1600,via2_1600x480
VSS,met1-met2,STRIPE,via,206085,103120,207685,103600,1600,via_1600x480
VSS,met3-met4,STRIPE,via,178945,103120,180545,103600,1600,via3_1600x480
VSS,met2-met3,STRIPE,via,178945,103120,180545,103600,1600,via2_1600x480
VSS,met1-met2,STRIPE,via,178945,103120,180545,103600,1600,via_1600x480
VSS,met3-met4,STRIPE,via,151805,103120,153405,103600,1600,via3_1600x480
VSS,met2-met3,STRIPE,via,151805,103120,153405,103600,1600,via2_1600x480
VSS,met1-met2,STRIPE,via,151805,103120,153405,103600,1600,via_1600x480
VSS,met3-met4,STRIPE,via,124665,103120,126265,103600,1600,via3_1600x480
VSS,met2-met3,STRIPE,via,124665,103120,126265,103600,1600,via2_1600x480
VSS,met1-met2,STRIPE,via,124665,103120,126265,103600,1600,via_1600x480
VSS,met3-met4,STRIPE,via,97525,103120,99125,103600,1600,via3_1600x480
VSS,met2-met3,STRIPE,via,97525,103120,99125,103600,1600,via2_1600x480
VSS,met1-met2,STRIPE,via,97525,103120,99125,103600,1600,via_1600x480
VSS,met3-met4,STRIPE,via,70385,103120,71985,103600,1600,via3_1600x480
VSS,met2-met3,STRIPE,via,70385,103120,71985,103600,1600,via2_1600x480
VSS,met1-met2,STRIPE,via,70385,103120,71985,103600,1600,via_1600x480
VSS,met3-met4,STRIPE,via,43245,103120,44845,103600,1600,via3_1600x480
VSS,met2-met3,STRIPE,via,43245,103120,44845,103600,1600,via2_1600x480
VSS,met1-met2,STRIPE,via,43245,103120,44845,103600,1600,via_1600x480
VSS,met3-met4,STRIPE,via,260365,97680,261965,98160,1600,via3_1600x480
VSS,met2-met3,STRIPE,via,260365,97680,261965,98160,1600,via2_1600x480
VSS,met1-met2,STRIPE,via,260365,97680,261965,98160,1600,via_1600x480
VSS,met3-met4,STRIPE,via,233225,97680,234825,98160,1600,via3_1600x480
VSS,met2-met3,STRIPE,via,233225,97680,234825,98160,1600,via2_1600x480
VSS,met1-met2,STRIPE,via,233225,97680,234825,98160,1600,via_1600x480
VSS,met3-met4,STRIPE,via,206085,97680,207685,98160,1600,via3_1600x480
VSS,met2-met3,STRIPE,via,206085,97680,207685,98160,1600,via2_1600x480
VSS,met1-met2,STRIPE,via,206085,97680,207685,98160,1600,via_1600x480
VSS,met3-met4,STRIPE,via,178945,97680,180545,98160,1600,via3_1600x480
VSS,met2-met3,STRIPE,via,178945,97680,180545,98160,1600,via2_1600x480
VSS,met1-met2,STRIPE,via,178945,97680,180545,98160,1600,via_1600x480
VSS,met3-met4,STRIPE,via,151805,97680,153405,98160,1600,via3_1600x480
VSS,met2-met3,STRIPE,via,151805,97680,153405,98160,1600,via2_1600x480
VSS,met1-met2,STRIPE,via,151805,97680,153405,98160,1600,via_1600x480
VSS,met3-met4,STRIPE,via,124665,97680,126265,98160,1600,via3_1600x480
VSS,met2-met3,STRIPE,via,124665,97680,126265,98160,1600,via2_1600x480
VSS,met1-met2,STRIPE,via,124665,97680,126265,98160,1600,via_1600x480
VSS,met3-met4,STRIPE,via,97525,97680,99125,98160,1600,via3_1600x480
VSS,met2-met3,STRIPE,via,97525,97680,99125,98160,1600,via2_1600x480
VSS,met1-met2,STRIPE,via,97525,97680,99125,98160,1600,via_1600x480
VSS,met3-met4,STRIPE,via,70385,97680,71985,98160,1600,via3_1600x480
VSS,met2-met3,STRIPE,via,70385,97680,71985,98160,1600,via2_1600x480
VSS,met1-met2,STRIPE,via,70385,97680,71985,98160,1600,via_1600x480
VSS,met3-met4,STRIPE,via,43245,97680,44845,98160,1600,via3_1600x480
VSS,met2-met3,STRIPE,via,43245,97680,44845,98160,1600,via2_1600x480
VSS,met1-met2,STRIPE,via,43245,97680,44845,98160,1600,via_1600x480
VSS,met3-met4,STRIPE,via,260365,92240,261965,92720,1600,via3_1600x480
VSS,met2-met3,STRIPE,via,260365,92240,261965,92720,1600,via2_1600x480
VSS,met1-met2,STRIPE,via,260365,92240,261965,92720,1600,via_1600x480
VSS,met3-met4,STRIPE,via,233225,92240,234825,92720,1600,via3_1600x480
VSS,met2-met3,STRIPE,via,233225,92240,234825,92720,1600,via2_1600x480
VSS,met1-met2,STRIPE,via,233225,92240,234825,92720,1600,via_1600x480
VSS,met3-met4,STRIPE,via,206085,92240,207685,92720,1600,via3_1600x480
VSS,met2-met3,STRIPE,via,206085,92240,207685,92720,1600,via2_1600x480
VSS,met1-met2,STRIPE,via,206085,92240,207685,92720,1600,via_1600x480
VSS,met3-met4,STRIPE,via,178945,92240,180545,92720,1600,via3_1600x480
VSS,met2-met3,STRIPE,via,178945,92240,180545,92720,1600,via2_1600x480
VSS,met1-met2,STRIPE,via,178945,92240,180545,92720,1600,via_1600x480
VSS,met3-met4,STRIPE,via,151805,92240,153405,92720,1600,via3_1600x480
VSS,met2-met3,STRIPE,via,151805,92240,153405,92720,1600,via2_1600x480
VSS,met1-met2,STRIPE,via,151805,92240,153405,92720,1600,via_1600x480
VSS,met3-met4,STRIPE,via,124665,92240,126265,92720,1600,via3_1600x480
VSS,met2-met3,STRIPE,via,124665,92240,126265,92720,1600,via2_1600x480
VSS,met1-met2,STRIPE,via,124665,92240,126265,92720,1600,via_1600x480
VSS,met3-met4,STRIPE,via,97525,92240,99125,92720,1600,via3_1600x480
VSS,met2-met3,STRIPE,via,97525,92240,99125,92720,1600,via2_1600x480
VSS,met1-met2,STRIPE,via,97525,92240,99125,92720,1600,via_1600x480
VSS,met3-met4,STRIPE,via,70385,92240,71985,92720,1600,via3_1600x480
VSS,met2-met3,STRIPE,via,70385,92240,71985,92720,1600,via2_1600x480
VSS,met1-met2,STRIPE,via,70385,92240,71985,92720,1600,via_1600x480
VSS,met3-met4,STRIPE,via,43245,92240,44845,92720,1600,via3_1600x480
VSS,met2-met3,STRIPE,via,43245,92240,44845,92720,1600,via2_1600x480
VSS,met1-met2,STRIPE,via,43245,92240,44845,92720,1600,via_1600x480
VSS,met3-met4,STRIPE,via,260365,86800,261965,87280,1600,via3_1600x480
VSS,met2-met3,STRIPE,via,260365,86800,261965,87280,1600,via2_1600x480
VSS,met1-met2,STRIPE,via,260365,86800,261965,87280,1600,via_1600x480
VSS,met3-met4,STRIPE,via,233225,86800,234825,87280,1600,via3_1600x480
VSS,met2-met3,STRIPE,via,233225,86800,234825,87280,1600,via2_1600x480
VSS,met1-met2,STRIPE,via,233225,86800,234825,87280,1600,via_1600x480
VSS,met3-met4,STRIPE,via,206085,86800,207685,87280,1600,via3_1600x480
VSS,met2-met3,STRIPE,via,206085,86800,207685,87280,1600,via2_1600x480
VSS,met1-met2,STRIPE,via,206085,86800,207685,87280,1600,via_1600x480
VSS,met3-met4,STRIPE,via,178945,86800,180545,87280,1600,via3_1600x480
VSS,met2-met3,STRIPE,via,178945,86800,180545,87280,1600,via2_1600x480
VSS,met1-met2,STRIPE,via,178945,86800,180545,87280,1600,via_1600x480
VSS,met3-met4,STRIPE,via,151805,86800,153405,87280,1600,via3_1600x480
VSS,met2-met3,STRIPE,via,151805,86800,153405,87280,1600,via2_1600x480
VSS,met1-met2,STRIPE,via,151805,86800,153405,87280,1600,via_1600x480
VSS,met3-met4,STRIPE,via,124665,86800,126265,87280,1600,via3_1600x480
VSS,met2-met3,STRIPE,via,124665,86800,126265,87280,1600,via2_1600x480
VSS,met1-met2,STRIPE,via,124665,86800,126265,87280,1600,via_1600x480
VSS,met3-met4,STRIPE,via,97525,86800,99125,87280,1600,via3_1600x480
VSS,met2-met3,STRIPE,via,97525,86800,99125,87280,1600,via2_1600x480
VSS,met1-met2,STRIPE,via,97525,86800,99125,87280,1600,via_1600x480
VSS,met3-met4,STRIPE,via,70385,86800,71985,87280,1600,via3_1600x480
VSS,met2-met3,STRIPE,via,70385,86800,71985,87280,1600,via2_1600x480
VSS,met1-met2,STRIPE,via,70385,86800,71985,87280,1600,via_1600x480
VSS,met3-met4,STRIPE,via,43245,86800,44845,87280,1600,via3_1600x480
VSS,met2-met3,STRIPE,via,43245,86800,44845,87280,1600,via2_1600x480
VSS,met1-met2,STRIPE,via,43245,86800,44845,87280,1600,via_1600x480
VSS,met3-met4,STRIPE,via,260365,81360,261965,81840,1600,via3_1600x480
VSS,met2-met3,STRIPE,via,260365,81360,261965,81840,1600,via2_1600x480
VSS,met1-met2,STRIPE,via,260365,81360,261965,81840,1600,via_1600x480
VSS,met3-met4,STRIPE,via,233225,81360,234825,81840,1600,via3_1600x480
VSS,met2-met3,STRIPE,via,233225,81360,234825,81840,1600,via2_1600x480
VSS,met1-met2,STRIPE,via,233225,81360,234825,81840,1600,via_1600x480
VSS,met3-met4,STRIPE,via,206085,81360,207685,81840,1600,via3_1600x480
VSS,met2-met3,STRIPE,via,206085,81360,207685,81840,1600,via2_1600x480
VSS,met1-met2,STRIPE,via,206085,81360,207685,81840,1600,via_1600x480
VSS,met3-met4,STRIPE,via,178945,81360,180545,81840,1600,via3_1600x480
VSS,met2-met3,STRIPE,via,178945,81360,180545,81840,1600,via2_1600x480
VSS,met1-met2,STRIPE,via,178945,81360,180545,81840,1600,via_1600x480
VSS,met3-met4,STRIPE,via,151805,81360,153405,81840,1600,via3_1600x480
VSS,met2-met3,STRIPE,via,151805,81360,153405,81840,1600,via2_1600x480
VSS,met1-met2,STRIPE,via,151805,81360,153405,81840,1600,via_1600x480
VSS,met3-met4,STRIPE,via,124665,81360,126265,81840,1600,via3_1600x480
VSS,met2-met3,STRIPE,via,124665,81360,126265,81840,1600,via2_1600x480
VSS,met1-met2,STRIPE,via,124665,81360,126265,81840,1600,via_1600x480
VSS,met3-met4,STRIPE,via,97525,81360,99125,81840,1600,via3_1600x480
VSS,met2-met3,STRIPE,via,97525,81360,99125,81840,1600,via2_1600x480
VSS,met1-met2,STRIPE,via,97525,81360,99125,81840,1600,via_1600x480
VSS,met3-met4,STRIPE,via,70385,81360,71985,81840,1600,via3_1600x480
VSS,met2-met3,STRIPE,via,70385,81360,71985,81840,1600,via2_1600x480
VSS,met1-met2,STRIPE,via,70385,81360,71985,81840,1600,via_1600x480
VSS,met3-met4,STRIPE,via,43245,81360,44845,81840,1600,via3_1600x480
VSS,met2-met3,STRIPE,via,43245,81360,44845,81840,1600,via2_1600x480
VSS,met1-met2,STRIPE,via,43245,81360,44845,81840,1600,via_1600x480
VSS,met3-met4,STRIPE,via,260365,75920,261965,76400,1600,via3_1600x480
VSS,met2-met3,STRIPE,via,260365,75920,261965,76400,1600,via2_1600x480
VSS,met1-met2,STRIPE,via,260365,75920,261965,76400,1600,via_1600x480
VSS,met3-met4,STRIPE,via,233225,75920,234825,76400,1600,via3_1600x480
VSS,met2-met3,STRIPE,via,233225,75920,234825,76400,1600,via2_1600x480
VSS,met1-met2,STRIPE,via,233225,75920,234825,76400,1600,via_1600x480
VSS,met3-met4,STRIPE,via,206085,75920,207685,76400,1600,via3_1600x480
VSS,met2-met3,STRIPE,via,206085,75920,207685,76400,1600,via2_1600x480
VSS,met1-met2,STRIPE,via,206085,75920,207685,76400,1600,via_1600x480
VSS,met3-met4,STRIPE,via,178945,75920,180545,76400,1600,via3_1600x480
VSS,met2-met3,STRIPE,via,178945,75920,180545,76400,1600,via2_1600x480
VSS,met1-met2,STRIPE,via,178945,75920,180545,76400,1600,via_1600x480
VSS,met3-met4,STRIPE,via,151805,75920,153405,76400,1600,via3_1600x480
VSS,met2-met3,STRIPE,via,151805,75920,153405,76400,1600,via2_1600x480
VSS,met1-met2,STRIPE,via,151805,75920,153405,76400,1600,via_1600x480
VSS,met3-met4,STRIPE,via,124665,75920,126265,76400,1600,via3_1600x480
VSS,met2-met3,STRIPE,via,124665,75920,126265,76400,1600,via2_1600x480
VSS,met1-met2,STRIPE,via,124665,75920,126265,76400,1600,via_1600x480
VSS,met3-met4,STRIPE,via,97525,75920,99125,76400,1600,via3_1600x480
VSS,met2-met3,STRIPE,via,97525,75920,99125,76400,1600,via2_1600x480
VSS,met1-met2,STRIPE,via,97525,75920,99125,76400,1600,via_1600x480
VSS,met3-met4,STRIPE,via,70385,75920,71985,76400,1600,via3_1600x480
VSS,met2-met3,STRIPE,via,70385,75920,71985,76400,1600,via2_1600x480
VSS,met1-met2,STRIPE,via,70385,75920,71985,76400,1600,via_1600x480
VSS,met3-met4,STRIPE,via,43245,75920,44845,76400,1600,via3_1600x480
VSS,met2-met3,STRIPE,via,43245,75920,44845,76400,1600,via2_1600x480
VSS,met1-met2,STRIPE,via,43245,75920,44845,76400,1600,via_1600x480
VSS,met3-met4,STRIPE,via,260365,70480,261965,70960,1600,via3_1600x480
VSS,met2-met3,STRIPE,via,260365,70480,261965,70960,1600,via2_1600x480
VSS,met1-met2,STRIPE,via,260365,70480,261965,70960,1600,via_1600x480
VSS,met3-met4,STRIPE,via,233225,70480,234825,70960,1600,via3_1600x480
VSS,met2-met3,STRIPE,via,233225,70480,234825,70960,1600,via2_1600x480
VSS,met1-met2,STRIPE,via,233225,70480,234825,70960,1600,via_1600x480
VSS,met3-met4,STRIPE,via,206085,70480,207685,70960,1600,via3_1600x480
VSS,met2-met3,STRIPE,via,206085,70480,207685,70960,1600,via2_1600x480
VSS,met1-met2,STRIPE,via,206085,70480,207685,70960,1600,via_1600x480
VSS,met3-met4,STRIPE,via,178945,70480,180545,70960,1600,via3_1600x480
VSS,met2-met3,STRIPE,via,178945,70480,180545,70960,1600,via2_1600x480
VSS,met1-met2,STRIPE,via,178945,70480,180545,70960,1600,via_1600x480
VSS,met3-met4,STRIPE,via,151805,70480,153405,70960,1600,via3_1600x480
VSS,met2-met3,STRIPE,via,151805,70480,153405,70960,1600,via2_1600x480
VSS,met1-met2,STRIPE,via,151805,70480,153405,70960,1600,via_1600x480
VSS,met3-met4,STRIPE,via,124665,70480,126265,70960,1600,via3_1600x480
VSS,met2-met3,STRIPE,via,124665,70480,126265,70960,1600,via2_1600x480
VSS,met1-met2,STRIPE,via,124665,70480,126265,70960,1600,via_1600x480
VSS,met3-met4,STRIPE,via,97525,70480,99125,70960,1600,via3_1600x480
VSS,met2-met3,STRIPE,via,97525,70480,99125,70960,1600,via2_1600x480
VSS,met1-met2,STRIPE,via,97525,70480,99125,70960,1600,via_1600x480
VSS,met3-met4,STRIPE,via,70385,70480,71985,70960,1600,via3_1600x480
VSS,met2-met3,STRIPE,via,70385,70480,71985,70960,1600,via2_1600x480
VSS,met1-met2,STRIPE,via,70385,70480,71985,70960,1600,via_1600x480
VSS,met3-met4,STRIPE,via,43245,70480,44845,70960,1600,via3_1600x480
VSS,met2-met3,STRIPE,via,43245,70480,44845,70960,1600,via2_1600x480
VSS,met1-met2,STRIPE,via,43245,70480,44845,70960,1600,via_1600x480
VSS,met3-met4,STRIPE,via,260365,65040,261965,65520,1600,via3_1600x480
VSS,met2-met3,STRIPE,via,260365,65040,261965,65520,1600,via2_1600x480
VSS,met1-met2,STRIPE,via,260365,65040,261965,65520,1600,via_1600x480
VSS,met3-met4,STRIPE,via,233225,65040,234825,65520,1600,via3_1600x480
VSS,met2-met3,STRIPE,via,233225,65040,234825,65520,1600,via2_1600x480
VSS,met1-met2,STRIPE,via,233225,65040,234825,65520,1600,via_1600x480
VSS,met3-met4,STRIPE,via,206085,65040,207685,65520,1600,via3_1600x480
VSS,met2-met3,STRIPE,via,206085,65040,207685,65520,1600,via2_1600x480
VSS,met1-met2,STRIPE,via,206085,65040,207685,65520,1600,via_1600x480
VSS,met3-met4,STRIPE,via,178945,65040,180545,65520,1600,via3_1600x480
VSS,met2-met3,STRIPE,via,178945,65040,180545,65520,1600,via2_1600x480
VSS,met1-met2,STRIPE,via,178945,65040,180545,65520,1600,via_1600x480
VSS,met3-met4,STRIPE,via,151805,65040,153405,65520,1600,via3_1600x480
VSS,met2-met3,STRIPE,via,151805,65040,153405,65520,1600,via2_1600x480
VSS,met1-met2,STRIPE,via,151805,65040,153405,65520,1600,via_1600x480
VSS,met3-met4,STRIPE,via,124665,65040,126265,65520,1600,via3_1600x480
VSS,met2-met3,STRIPE,via,124665,65040,126265,65520,1600,via2_1600x480
VSS,met1-met2,STRIPE,via,124665,65040,126265,65520,1600,via_1600x480
VSS,met3-met4,STRIPE,via,97525,65040,99125,65520,1600,via3_1600x480
VSS,met2-met3,STRIPE,via,97525,65040,99125,65520,1600,via2_1600x480
VSS,met1-met2,STRIPE,via,97525,65040,99125,65520,1600,via_1600x480
VSS,met3-met4,STRIPE,via,70385,65040,71985,65520,1600,via3_1600x480
VSS,met2-met3,STRIPE,via,70385,65040,71985,65520,1600,via2_1600x480
VSS,met1-met2,STRIPE,via,70385,65040,71985,65520,1600,via_1600x480
VSS,met3-met4,STRIPE,via,43245,65040,44845,65520,1600,via3_1600x480
VSS,met2-met3,STRIPE,via,43245,65040,44845,65520,1600,via2_1600x480
VSS,met1-met2,STRIPE,via,43245,65040,44845,65520,1600,via_1600x480
VSS,met3-met4,STRIPE,via,260365,59600,261965,60080,1600,via3_1600x480
VSS,met2-met3,STRIPE,via,260365,59600,261965,60080,1600,via2_1600x480
VSS,met1-met2,STRIPE,via,260365,59600,261965,60080,1600,via_1600x480
VSS,met3-met4,STRIPE,via,233225,59600,234825,60080,1600,via3_1600x480
VSS,met2-met3,STRIPE,via,233225,59600,234825,60080,1600,via2_1600x480
VSS,met1-met2,STRIPE,via,233225,59600,234825,60080,1600,via_1600x480
VSS,met3-met4,STRIPE,via,206085,59600,207685,60080,1600,via3_1600x480
VSS,met2-met3,STRIPE,via,206085,59600,207685,60080,1600,via2_1600x480
VSS,met1-met2,STRIPE,via,206085,59600,207685,60080,1600,via_1600x480
VSS,met3-met4,STRIPE,via,178945,59600,180545,60080,1600,via3_1600x480
VSS,met2-met3,STRIPE,via,178945,59600,180545,60080,1600,via2_1600x480
VSS,met1-met2,STRIPE,via,178945,59600,180545,60080,1600,via_1600x480
VSS,met3-met4,STRIPE,via,151805,59600,153405,60080,1600,via3_1600x480
VSS,met2-met3,STRIPE,via,151805,59600,153405,60080,1600,via2_1600x480
VSS,met1-met2,STRIPE,via,151805,59600,153405,60080,1600,via_1600x480
VSS,met3-met4,STRIPE,via,124665,59600,126265,60080,1600,via3_1600x480
VSS,met2-met3,STRIPE,via,124665,59600,126265,60080,1600,via2_1600x480
VSS,met1-met2,STRIPE,via,124665,59600,126265,60080,1600,via_1600x480
VSS,met3-met4,STRIPE,via,97525,59600,99125,60080,1600,via3_1600x480
VSS,met2-met3,STRIPE,via,97525,59600,99125,60080,1600,via2_1600x480
VSS,met1-met2,STRIPE,via,97525,59600,99125,60080,1600,via_1600x480
VSS,met3-met4,STRIPE,via,70385,59600,71985,60080,1600,via3_1600x480
VSS,met2-met3,STRIPE,via,70385,59600,71985,60080,1600,via2_1600x480
VSS,met1-met2,STRIPE,via,70385,59600,71985,60080,1600,via_1600x480
VSS,met3-met4,STRIPE,via,43245,59600,44845,60080,1600,via3_1600x480
VSS,met2-met3,STRIPE,via,43245,59600,44845,60080,1600,via2_1600x480
VSS,met1-met2,STRIPE,via,43245,59600,44845,60080,1600,via_1600x480
VSS,met3-met4,STRIPE,via,260365,54160,261965,54640,1600,via3_1600x480
VSS,met2-met3,STRIPE,via,260365,54160,261965,54640,1600,via2_1600x480
VSS,met1-met2,STRIPE,via,260365,54160,261965,54640,1600,via_1600x480
VSS,met3-met4,STRIPE,via,233225,54160,234825,54640,1600,via3_1600x480
VSS,met2-met3,STRIPE,via,233225,54160,234825,54640,1600,via2_1600x480
VSS,met1-met2,STRIPE,via,233225,54160,234825,54640,1600,via_1600x480
VSS,met3-met4,STRIPE,via,206085,54160,207685,54640,1600,via3_1600x480
VSS,met2-met3,STRIPE,via,206085,54160,207685,54640,1600,via2_1600x480
VSS,met1-met2,STRIPE,via,206085,54160,207685,54640,1600,via_1600x480
VSS,met3-met4,STRIPE,via,178945,54160,180545,54640,1600,via3_1600x480
VSS,met2-met3,STRIPE,via,178945,54160,180545,54640,1600,via2_1600x480
VSS,met1-met2,STRIPE,via,178945,54160,180545,54640,1600,via_1600x480
VSS,met3-met4,STRIPE,via,151805,54160,153405,54640,1600,via3_1600x480
VSS,met2-met3,STRIPE,via,151805,54160,153405,54640,1600,via2_1600x480
VSS,met1-met2,STRIPE,via,151805,54160,153405,54640,1600,via_1600x480
VSS,met3-met4,STRIPE,via,124665,54160,126265,54640,1600,via3_1600x480
VSS,met2-met3,STRIPE,via,124665,54160,126265,54640,1600,via2_1600x480
VSS,met1-met2,STRIPE,via,124665,54160,126265,54640,1600,via_1600x480
VSS,met3-met4,STRIPE,via,97525,54160,99125,54640,1600,via3_1600x480
VSS,met2-met3,STRIPE,via,97525,54160,99125,54640,1600,via2_1600x480
VSS,met1-met2,STRIPE,via,97525,54160,99125,54640,1600,via_1600x480
VSS,met3-met4,STRIPE,via,70385,54160,71985,54640,1600,via3_1600x480
VSS,met2-met3,STRIPE,via,70385,54160,71985,54640,1600,via2_1600x480
VSS,met1-met2,STRIPE,via,70385,54160,71985,54640,1600,via_1600x480
VSS,met3-met4,STRIPE,via,43245,54160,44845,54640,1600,via3_1600x480
VSS,met2-met3,STRIPE,via,43245,54160,44845,54640,1600,via2_1600x480
VSS,met1-met2,STRIPE,via,43245,54160,44845,54640,1600,via_1600x480
VSS,met3-met4,STRIPE,via,260365,48720,261965,49200,1600,via3_1600x480
VSS,met2-met3,STRIPE,via,260365,48720,261965,49200,1600,via2_1600x480
VSS,met1-met2,STRIPE,via,260365,48720,261965,49200,1600,via_1600x480
VSS,met3-met4,STRIPE,via,233225,48720,234825,49200,1600,via3_1600x480
VSS,met2-met3,STRIPE,via,233225,48720,234825,49200,1600,via2_1600x480
VSS,met1-met2,STRIPE,via,233225,48720,234825,49200,1600,via_1600x480
VSS,met3-met4,STRIPE,via,206085,48720,207685,49200,1600,via3_1600x480
VSS,met2-met3,STRIPE,via,206085,48720,207685,49200,1600,via2_1600x480
VSS,met1-met2,STRIPE,via,206085,48720,207685,49200,1600,via_1600x480
VSS,met3-met4,STRIPE,via,178945,48720,180545,49200,1600,via3_1600x480
VSS,met2-met3,STRIPE,via,178945,48720,180545,49200,1600,via2_1600x480
VSS,met1-met2,STRIPE,via,178945,48720,180545,49200,1600,via_1600x480
VSS,met3-met4,STRIPE,via,151805,48720,153405,49200,1600,via3_1600x480
VSS,met2-met3,STRIPE,via,151805,48720,153405,49200,1600,via2_1600x480
VSS,met1-met2,STRIPE,via,151805,48720,153405,49200,1600,via_1600x480
VSS,met3-met4,STRIPE,via,124665,48720,126265,49200,1600,via3_1600x480
VSS,met2-met3,STRIPE,via,124665,48720,126265,49200,1600,via2_1600x480
VSS,met1-met2,STRIPE,via,124665,48720,126265,49200,1600,via_1600x480
VSS,met3-met4,STRIPE,via,97525,48720,99125,49200,1600,via3_1600x480
VSS,met2-met3,STRIPE,via,97525,48720,99125,49200,1600,via2_1600x480
VSS,met1-met2,STRIPE,via,97525,48720,99125,49200,1600,via_1600x480
VSS,met3-met4,STRIPE,via,70385,48720,71985,49200,1600,via3_1600x480
VSS,met2-met3,STRIPE,via,70385,48720,71985,49200,1600,via2_1600x480
VSS,met1-met2,STRIPE,via,70385,48720,71985,49200,1600,via_1600x480
VSS,met3-met4,STRIPE,via,43245,48720,44845,49200,1600,via3_1600x480
VSS,met2-met3,STRIPE,via,43245,48720,44845,49200,1600,via2_1600x480
VSS,met1-met2,STRIPE,via,43245,48720,44845,49200,1600,via_1600x480
VSS,met3-met4,STRIPE,via,260365,43280,261965,43760,1600,via3_1600x480
VSS,met2-met3,STRIPE,via,260365,43280,261965,43760,1600,via2_1600x480
VSS,met1-met2,STRIPE,via,260365,43280,261965,43760,1600,via_1600x480
VSS,met3-met4,STRIPE,via,233225,43280,234825,43760,1600,via3_1600x480
VSS,met2-met3,STRIPE,via,233225,43280,234825,43760,1600,via2_1600x480
VSS,met1-met2,STRIPE,via,233225,43280,234825,43760,1600,via_1600x480
VSS,met3-met4,STRIPE,via,206085,43280,207685,43760,1600,via3_1600x480
VSS,met2-met3,STRIPE,via,206085,43280,207685,43760,1600,via2_1600x480
VSS,met1-met2,STRIPE,via,206085,43280,207685,43760,1600,via_1600x480
VSS,met3-met4,STRIPE,via,178945,43280,180545,43760,1600,via3_1600x480
VSS,met2-met3,STRIPE,via,178945,43280,180545,43760,1600,via2_1600x480
VSS,met1-met2,STRIPE,via,178945,43280,180545,43760,1600,via_1600x480
VSS,met3-met4,STRIPE,via,151805,43280,153405,43760,1600,via3_1600x480
VSS,met2-met3,STRIPE,via,151805,43280,153405,43760,1600,via2_1600x480
VSS,met1-met2,STRIPE,via,151805,43280,153405,43760,1600,via_1600x480
VSS,met3-met4,STRIPE,via,124665,43280,126265,43760,1600,via3_1600x480
VSS,met2-met3,STRIPE,via,124665,43280,126265,43760,1600,via2_1600x480
VSS,met1-met2,STRIPE,via,124665,43280,126265,43760,1600,via_1600x480
VSS,met3-met4,STRIPE,via,97525,43280,99125,43760,1600,via3_1600x480
VSS,met2-met3,STRIPE,via,97525,43280,99125,43760,1600,via2_1600x480
VSS,met1-met2,STRIPE,via,97525,43280,99125,43760,1600,via_1600x480
VSS,met3-met4,STRIPE,via,70385,43280,71985,43760,1600,via3_1600x480
VSS,met2-met3,STRIPE,via,70385,43280,71985,43760,1600,via2_1600x480
VSS,met1-met2,STRIPE,via,70385,43280,71985,43760,1600,via_1600x480
VSS,met3-met4,STRIPE,via,43245,43280,44845,43760,1600,via3_1600x480
VSS,met2-met3,STRIPE,via,43245,43280,44845,43760,1600,via2_1600x480
VSS,met1-met2,STRIPE,via,43245,43280,44845,43760,1600,via_1600x480
VSS,met3-met4,STRIPE,via,260365,37840,261965,38320,1600,via3_1600x480
VSS,met2-met3,STRIPE,via,260365,37840,261965,38320,1600,via2_1600x480
VSS,met1-met2,STRIPE,via,260365,37840,261965,38320,1600,via_1600x480
VSS,met3-met4,STRIPE,via,233225,37840,234825,38320,1600,via3_1600x480
VSS,met2-met3,STRIPE,via,233225,37840,234825,38320,1600,via2_1600x480
VSS,met1-met2,STRIPE,via,233225,37840,234825,38320,1600,via_1600x480
VSS,met3-met4,STRIPE,via,206085,37840,207685,38320,1600,via3_1600x480
VSS,met2-met3,STRIPE,via,206085,37840,207685,38320,1600,via2_1600x480
VSS,met1-met2,STRIPE,via,206085,37840,207685,38320,1600,via_1600x480
VSS,met3-met4,STRIPE,via,178945,37840,180545,38320,1600,via3_1600x480
VSS,met2-met3,STRIPE,via,178945,37840,180545,38320,1600,via2_1600x480
VSS,met1-met2,STRIPE,via,178945,37840,180545,38320,1600,via_1600x480
VSS,met3-met4,STRIPE,via,151805,37840,153405,38320,1600,via3_1600x480
VSS,met2-met3,STRIPE,via,151805,37840,153405,38320,1600,via2_1600x480
VSS,met1-met2,STRIPE,via,151805,37840,153405,38320,1600,via_1600x480
VSS,met3-met4,STRIPE,via,124665,37840,126265,38320,1600,via3_1600x480
VSS,met2-met3,STRIPE,via,124665,37840,126265,38320,1600,via2_1600x480
VSS,met1-met2,STRIPE,via,124665,37840,126265,38320,1600,via_1600x480
VSS,met3-met4,STRIPE,via,97525,37840,99125,38320,1600,via3_1600x480
VSS,met2-met3,STRIPE,via,97525,37840,99125,38320,1600,via2_1600x480
VSS,met1-met2,STRIPE,via,97525,37840,99125,38320,1600,via_1600x480
VSS,met3-met4,STRIPE,via,70385,37840,71985,38320,1600,via3_1600x480
VSS,met2-met3,STRIPE,via,70385,37840,71985,38320,1600,via2_1600x480
VSS,met1-met2,STRIPE,via,70385,37840,71985,38320,1600,via_1600x480
VSS,met3-met4,STRIPE,via,43245,37840,44845,38320,1600,via3_1600x480
VSS,met2-met3,STRIPE,via,43245,37840,44845,38320,1600,via2_1600x480
VSS,met1-met2,STRIPE,via,43245,37840,44845,38320,1600,via_1600x480
VSS,met3-met4,STRIPE,via,260365,32400,261965,32880,1600,via3_1600x480
VSS,met2-met3,STRIPE,via,260365,32400,261965,32880,1600,via2_1600x480
VSS,met1-met2,STRIPE,via,260365,32400,261965,32880,1600,via_1600x480
VSS,met3-met4,STRIPE,via,233225,32400,234825,32880,1600,via3_1600x480
VSS,met2-met3,STRIPE,via,233225,32400,234825,32880,1600,via2_1600x480
VSS,met1-met2,STRIPE,via,233225,32400,234825,32880,1600,via_1600x480
VSS,met3-met4,STRIPE,via,206085,32400,207685,32880,1600,via3_1600x480
VSS,met2-met3,STRIPE,via,206085,32400,207685,32880,1600,via2_1600x480
VSS,met1-met2,STRIPE,via,206085,32400,207685,32880,1600,via_1600x480
VSS,met3-met4,STRIPE,via,178945,32400,180545,32880,1600,via3_1600x480
VSS,met2-met3,STRIPE,via,178945,32400,180545,32880,1600,via2_1600x480
VSS,met1-met2,STRIPE,via,178945,32400,180545,32880,1600,via_1600x480
VSS,met3-met4,STRIPE,via,151805,32400,153405,32880,1600,via3_1600x480
VSS,met2-met3,STRIPE,via,151805,32400,153405,32880,1600,via2_1600x480
VSS,met1-met2,STRIPE,via,151805,32400,153405,32880,1600,via_1600x480
VSS,met3-met4,STRIPE,via,124665,32400,126265,32880,1600,via3_1600x480
VSS,met2-met3,STRIPE,via,124665,32400,126265,32880,1600,via2_1600x480
VSS,met1-met2,STRIPE,via,124665,32400,126265,32880,1600,via_1600x480
VSS,met3-met4,STRIPE,via,97525,32400,99125,32880,1600,via3_1600x480
VSS,met2-met3,STRIPE,via,97525,32400,99125,32880,1600,via2_1600x480
VSS,met1-met2,STRIPE,via,97525,32400,99125,32880,1600,via_1600x480
VSS,met3-met4,STRIPE,via,70385,32400,71985,32880,1600,via3_1600x480
VSS,met2-met3,STRIPE,via,70385,32400,71985,32880,1600,via2_1600x480
VSS,met1-met2,STRIPE,via,70385,32400,71985,32880,1600,via_1600x480
VSS,met3-met4,STRIPE,via,43245,32400,44845,32880,1600,via3_1600x480
VSS,met2-met3,STRIPE,via,43245,32400,44845,32880,1600,via2_1600x480
VSS,met1-met2,STRIPE,via,43245,32400,44845,32880,1600,via_1600x480
VSS,met3-met4,STRIPE,via,260365,26960,261965,27440,1600,via3_1600x480
VSS,met2-met3,STRIPE,via,260365,26960,261965,27440,1600,via2_1600x480
VSS,met1-met2,STRIPE,via,260365,26960,261965,27440,1600,via_1600x480
VSS,met3-met4,STRIPE,via,233225,26960,234825,27440,1600,via3_1600x480
VSS,met2-met3,STRIPE,via,233225,26960,234825,27440,1600,via2_1600x480
VSS,met1-met2,STRIPE,via,233225,26960,234825,27440,1600,via_1600x480
VSS,met3-met4,STRIPE,via,206085,26960,207685,27440,1600,via3_1600x480
VSS,met2-met3,STRIPE,via,206085,26960,207685,27440,1600,via2_1600x480
VSS,met1-met2,STRIPE,via,206085,26960,207685,27440,1600,via_1600x480
VSS,met3-met4,STRIPE,via,178945,26960,180545,27440,1600,via3_1600x480
VSS,met2-met3,STRIPE,via,178945,26960,180545,27440,1600,via2_1600x480
VSS,met1-met2,STRIPE,via,178945,26960,180545,27440,1600,via_1600x480
VSS,met3-met4,STRIPE,via,151805,26960,153405,27440,1600,via3_1600x480
VSS,met2-met3,STRIPE,via,151805,26960,153405,27440,1600,via2_1600x480
VSS,met1-met2,STRIPE,via,151805,26960,153405,27440,1600,via_1600x480
VSS,met3-met4,STRIPE,via,124665,26960,126265,27440,1600,via3_1600x480
VSS,met2-met3,STRIPE,via,124665,26960,126265,27440,1600,via2_1600x480
VSS,met1-met2,STRIPE,via,124665,26960,126265,27440,1600,via_1600x480
VSS,met3-met4,STRIPE,via,97525,26960,99125,27440,1600,via3_1600x480
VSS,met2-met3,STRIPE,via,97525,26960,99125,27440,1600,via2_1600x480
VSS,met1-met2,STRIPE,via,97525,26960,99125,27440,1600,via_1600x480
VSS,met3-met4,STRIPE,via,70385,26960,71985,27440,1600,via3_1600x480
VSS,met2-met3,STRIPE,via,70385,26960,71985,27440,1600,via2_1600x480
VSS,met1-met2,STRIPE,via,70385,26960,71985,27440,1600,via_1600x480
VSS,met3-met4,STRIPE,via,43245,26960,44845,27440,1600,via3_1600x480
VSS,met2-met3,STRIPE,via,43245,26960,44845,27440,1600,via2_1600x480
VSS,met1-met2,STRIPE,via,43245,26960,44845,27440,1600,via_1600x480
VSS,met3-met4,STRIPE,via,260365,21520,261965,22000,1600,via3_1600x480
VSS,met2-met3,STRIPE,via,260365,21520,261965,22000,1600,via2_1600x480
VSS,met1-met2,STRIPE,via,260365,21520,261965,22000,1600,via_1600x480
VSS,met3-met4,STRIPE,via,233225,21520,234825,22000,1600,via3_1600x480
VSS,met2-met3,STRIPE,via,233225,21520,234825,22000,1600,via2_1600x480
VSS,met1-met2,STRIPE,via,233225,21520,234825,22000,1600,via_1600x480
VSS,met3-met4,STRIPE,via,206085,21520,207685,22000,1600,via3_1600x480
VSS,met2-met3,STRIPE,via,206085,21520,207685,22000,1600,via2_1600x480
VSS,met1-met2,STRIPE,via,206085,21520,207685,22000,1600,via_1600x480
VSS,met3-met4,STRIPE,via,178945,21520,180545,22000,1600,via3_1600x480
VSS,met2-met3,STRIPE,via,178945,21520,180545,22000,1600,via2_1600x480
VSS,met1-met2,STRIPE,via,178945,21520,180545,22000,1600,via_1600x480
VSS,met3-met4,STRIPE,via,151805,21520,153405,22000,1600,via3_1600x480
VSS,met2-met3,STRIPE,via,151805,21520,153405,22000,1600,via2_1600x480
VSS,met1-met2,STRIPE,via,151805,21520,153405,22000,1600,via_1600x480
VSS,met3-met4,STRIPE,via,124665,21520,126265,22000,1600,via3_1600x480
VSS,met2-met3,STRIPE,via,124665,21520,126265,22000,1600,via2_1600x480
VSS,met1-met2,STRIPE,via,124665,21520,126265,22000,1600,via_1600x480
VSS,met3-met4,STRIPE,via,97525,21520,99125,22000,1600,via3_1600x480
VSS,met2-met3,STRIPE,via,97525,21520,99125,22000,1600,via2_1600x480
VSS,met1-met2,STRIPE,via,97525,21520,99125,22000,1600,via_1600x480
VSS,met3-met4,STRIPE,via,70385,21520,71985,22000,1600,via3_1600x480
VSS,met2-met3,STRIPE,via,70385,21520,71985,22000,1600,via2_1600x480
VSS,met1-met2,STRIPE,via,70385,21520,71985,22000,1600,via_1600x480
VSS,met3-met4,STRIPE,via,43245,21520,44845,22000,1600,via3_1600x480
VSS,met2-met3,STRIPE,via,43245,21520,44845,22000,1600,via2_1600x480
VSS,met1-met2,STRIPE,via,43245,21520,44845,22000,1600,via_1600x480
VSS,met3-met4,STRIPE,via,260365,16080,261965,16560,1600,via3_1600x480
VSS,met2-met3,STRIPE,via,260365,16080,261965,16560,1600,via2_1600x480
VSS,met1-met2,STRIPE,via,260365,16080,261965,16560,1600,via_1600x480
VSS,met3-met4,STRIPE,via,233225,16080,234825,16560,1600,via3_1600x480
VSS,met2-met3,STRIPE,via,233225,16080,234825,16560,1600,via2_1600x480
VSS,met1-met2,STRIPE,via,233225,16080,234825,16560,1600,via_1600x480
VSS,met3-met4,STRIPE,via,206085,16080,207685,16560,1600,via3_1600x480
VSS,met2-met3,STRIPE,via,206085,16080,207685,16560,1600,via2_1600x480
VSS,met1-met2,STRIPE,via,206085,16080,207685,16560,1600,via_1600x480
VSS,met3-met4,STRIPE,via,178945,16080,180545,16560,1600,via3_1600x480
VSS,met2-met3,STRIPE,via,178945,16080,180545,16560,1600,via2_1600x480
VSS,met1-met2,STRIPE,via,178945,16080,180545,16560,1600,via_1600x480
VSS,met3-met4,STRIPE,via,151805,16080,153405,16560,1600,via3_1600x480
VSS,met2-met3,STRIPE,via,151805,16080,153405,16560,1600,via2_1600x480
VSS,met1-met2,STRIPE,via,151805,16080,153405,16560,1600,via_1600x480
VSS,met3-met4,STRIPE,via,124665,16080,126265,16560,1600,via3_1600x480
VSS,met2-met3,STRIPE,via,124665,16080,126265,16560,1600,via2_1600x480
VSS,met1-met2,STRIPE,via,124665,16080,126265,16560,1600,via_1600x480
VSS,met3-met4,STRIPE,via,97525,16080,99125,16560,1600,via3_1600x480
VSS,met2-met3,STRIPE,via,97525,16080,99125,16560,1600,via2_1600x480
VSS,met1-met2,STRIPE,via,97525,16080,99125,16560,1600,via_1600x480
VSS,met3-met4,STRIPE,via,70385,16080,71985,16560,1600,via3_1600x480
VSS,met2-met3,STRIPE,via,70385,16080,71985,16560,1600,via2_1600x480
VSS,met1-met2,STRIPE,via,70385,16080,71985,16560,1600,via_1600x480
VSS,met3-met4,STRIPE,via,43245,16080,44845,16560,1600,via3_1600x480
VSS,met2-met3,STRIPE,via,43245,16080,44845,16560,1600,via2_1600x480
VSS,met1-met2,STRIPE,via,43245,16080,44845,16560,1600,via_1600x480
VSS,met3-met4,STRIPE,via,260365,10640,261965,11120,1600,via3_1600x480
VSS,met2-met3,STRIPE,via,260365,10640,261965,11120,1600,via2_1600x480
VSS,met1-met2,STRIPE,via,260365,10640,261965,11120,1600,via_1600x480
VSS,met3-met4,STRIPE,via,233225,10640,234825,11120,1600,via3_1600x480
VSS,met2-met3,STRIPE,via,233225,10640,234825,11120,1600,via2_1600x480
VSS,met1-met2,STRIPE,via,233225,10640,234825,11120,1600,via_1600x480
VSS,met3-met4,STRIPE,via,206085,10640,207685,11120,1600,via3_1600x480
VSS,met2-met3,STRIPE,via,206085,10640,207685,11120,1600,via2_1600x480
VSS,met1-met2,STRIPE,via,206085,10640,207685,11120,1600,via_1600x480
VSS,met3-met4,STRIPE,via,178945,10640,180545,11120,1600,via3_1600x480
VSS,met2-met3,STRIPE,via,178945,10640,180545,11120,1600,via2_1600x480
VSS,met1-met2,STRIPE,via,178945,10640,180545,11120,1600,via_1600x480
VSS,met3-met4,STRIPE,via,151805,10640,153405,11120,1600,via3_1600x480
VSS,met2-met3,STRIPE,via,151805,10640,153405,11120,1600,via2_1600x480
VSS,met1-met2,STRIPE,via,151805,10640,153405,11120,1600,via_1600x480
VSS,met3-met4,STRIPE,via,124665,10640,126265,11120,1600,via3_1600x480
VSS,met2-met3,STRIPE,via,124665,10640,126265,11120,1600,via2_1600x480
VSS,met1-met2,STRIPE,via,124665,10640,126265,11120,1600,via_1600x480
VSS,met3-met4,STRIPE,via,97525,10640,99125,11120,1600,via3_1600x480
VSS,met2-met3,STRIPE,via,97525,10640,99125,11120,1600,via2_1600x480
VSS,met1-met2,STRIPE,via,97525,10640,99125,11120,1600,via_1600x480
VSS,met3-met4,STRIPE,via,70385,10640,71985,11120,1600,via3_1600x480
VSS,met2-met3,STRIPE,via,70385,10640,71985,11120,1600,via2_1600x480
VSS,met1-met2,STRIPE,via,70385,10640,71985,11120,1600,via_1600x480
VSS,met3-met4,STRIPE,via,43245,10640,44845,11120,1600,via3_1600x480
VSS,met2-met3,STRIPE,via,43245,10640,44845,11120,1600,via2_1600x480
VSS,met1-met2,STRIPE,via,43245,10640,44845,11120,1600,via_1600x480
VDD,met4-met5,STRIPE,via,267150,247840,268750,249440,1600,via4_1600x1600
VDD,met4-met5,STRIPE,via,246795,241040,248395,242640,1600,via4_1600x1600
VDD,met4-met5,STRIPE,via,240010,247840,241610,249440,1600,via4_1600x1600
VDD,met4-met5,STRIPE,via,219655,241040,221255,242640,1600,via4_1600x1600
VDD,met4-met5,STRIPE,via,212870,247840,214470,249440,1600,via4_1600x1600
VDD,met4-met5,STRIPE,via,192515,241040,194115,242640,1600,via4_1600x1600
VDD,met4-met5,STRIPE,via,185730,247840,187330,249440,1600,via4_1600x1600
VDD,met4-met5,STRIPE,via,165375,241040,166975,242640,1600,via4_1600x1600
VDD,met4-met5,STRIPE,via,158590,247840,160190,249440,1600,via4_1600x1600
VDD,met4-met5,STRIPE,via,138235,241040,139835,242640,1600,via4_1600x1600
VDD,met4-met5,STRIPE,via,131450,247840,133050,249440,1600,via4_1600x1600
VDD,met4-met5,STRIPE,via,111095,241040,112695,242640,1600,via4_1600x1600
VDD,met4-met5,STRIPE,via,104310,247840,105910,249440,1600,via4_1600x1600
VDD,met4-met5,STRIPE,via,83955,241040,85555,242640,1600,via4_1600x1600
VDD,met4-met5,STRIPE,via,77170,247840,78770,249440,1600,via4_1600x1600
VDD,met4-met5,STRIPE,via,56815,241040,58415,242640,1600,via4_1600x1600
VDD,met4-met5,STRIPE,via,50030,247840,51630,249440,1600,via4_1600x1600
VDD,met4-met5,STRIPE,via,29675,241040,31275,242640,1600,via4_1600x1600
VDD,met4-met5,STRIPE,via,22890,247840,24490,249440,1600,via4_1600x1600
VDD,met4-met5,STRIPE,via,267150,220640,268750,222240,1600,via4_1600x1600
VDD,met4-met5,STRIPE,via,246795,213840,248395,215440,1600,via4_1600x1600
VDD,met4-met5,STRIPE,via,240010,220640,241610,222240,1600,via4_1600x1600
VDD,met4-met5,STRIPE,via,219655,213840,221255,215440,1600,via4_1600x1600
VDD,met4-met5,STRIPE,via,212870,220640,214470,222240,1600,via4_1600x1600
VDD,met4-met5,STRIPE,via,192515,213840,194115,215440,1600,via4_1600x1600
VDD,met4-met5,STRIPE,via,185730,220640,187330,222240,1600,via4_1600x1600
VDD,met4-met5,STRIPE,via,165375,213840,166975,215440,1600,via4_1600x1600
VDD,met4-met5,STRIPE,via,158590,220640,160190,222240,1600,via4_1600x1600
VDD,met4-met5,STRIPE,via,138235,213840,139835,215440,1600,via4_1600x1600
VDD,met4-met5,STRIPE,via,131450,220640,133050,222240,1600,via4_1600x1600
VDD,met4-met5,STRIPE,via,111095,213840,112695,215440,1600,via4_1600x1600
VDD,met4-met5,STRIPE,via,104310,220640,105910,222240,1600,via4_1600x1600
VDD,met4-met5,STRIPE,via,83955,213840,85555,215440,1600,via4_1600x1600
VDD,met4-met5,STRIPE,via,77170,220640,78770,222240,1600,via4_1600x1600
VDD,met4-met5,STRIPE,via,56815,213840,58415,215440,1600,via4_1600x1600
VDD,met4-met5,STRIPE,via,50030,220640,51630,222240,1600,via4_1600x1600
VDD,met4-met5,STRIPE,via,29675,213840,31275,215440,1600,via4_1600x1600
VDD,met4-met5,STRIPE,via,22890,220640,24490,222240,1600,via4_1600x1600
VDD,met4-met5,STRIPE,via,267150,193440,268750,195040,1600,via4_1600x1600
VDD,met4-met5,STRIPE,via,246795,186640,248395,188240,1600,via4_1600x1600
VDD,met4-met5,STRIPE,via,240010,193440,241610,195040,1600,via4_1600x1600
VDD,met4-met5,STRIPE,via,219655,186640,221255,188240,1600,via4_1600x1600
VDD,met4-met5,STRIPE,via,212870,193440,214470,195040,1600,via4_1600x1600
VDD,met4-met5,STRIPE,via,192515,186640,194115,188240,1600,via4_1600x1600
VDD,met4-met5,STRIPE,via,185730,193440,187330,195040,1600,via4_1600x1600
VDD,met4-met5,STRIPE,via,165375,186640,166975,188240,1600,via4_1600x1600
VDD,met4-met5,STRIPE,via,158590,193440,160190,195040,1600,via4_1600x1600
VDD,met4-met5,STRIPE,via,138235,186640,139835,188240,1600,via4_1600x1600
VDD,met4-met5,STRIPE,via,131450,193440,133050,195040,1600,via4_1600x1600
VDD,met4-met5,STRIPE,via,111095,186640,112695,188240,1600,via4_1600x1600
VDD,met4-met5,STRIPE,via,104310,193440,105910,195040,1600,via4_1600x1600
VDD,met4-met5,STRIPE,via,83955,186640,85555,188240,1600,via4_1600x1600
VDD,met4-met5,STRIPE,via,77170,193440,78770,195040,1600,via4_1600x1600
VDD,met4-met5,STRIPE,via,56815,186640,58415,188240,1600,via4_1600x1600
VDD,met4-met5,STRIPE,via,50030,193440,51630,195040,1600,via4_1600x1600
VDD,met4-met5,STRIPE,via,29675,186640,31275,188240,1600,via4_1600x1600
VDD,met4-met5,STRIPE,via,22890,193440,24490,195040,1600,via4_1600x1600
VDD,met4-met5,STRIPE,via,267150,166240,268750,167840,1600,via4_1600x1600
VDD,met4-met5,STRIPE,via,246795,159440,248395,161040,1600,via4_1600x1600
VDD,met4-met5,STRIPE,via,240010,166240,241610,167840,1600,via4_1600x1600
VDD,met4-met5,STRIPE,via,219655,159440,221255,161040,1600,via4_1600x1600
VDD,met4-met5,STRIPE,via,212870,166240,214470,167840,1600,via4_1600x1600
VDD,met4-met5,STRIPE,via,192515,159440,194115,161040,1600,via4_1600x1600
VDD,met4-met5,STRIPE,via,185730,166240,187330,167840,1600,via4_1600x1600
VDD,met4-met5,STRIPE,via,165375,159440,166975,161040,1600,via4_1600x1600
VDD,met4-met5,STRIPE,via,158590,166240,160190,167840,1600,via4_1600x1600
VDD,met4-met5,STRIPE,via,138235,159440,139835,161040,1600,via4_1600x1600
VDD,met4-met5,STRIPE,via,131450,166240,133050,167840,1600,via4_1600x1600
VDD,met4-met5,STRIPE,via,111095,159440,112695,161040,1600,via4_1600x1600
VDD,met4-met5,STRIPE,via,104310,166240,105910,167840,1600,via4_1600x1600
VDD,met4-met5,STRIPE,via,83955,159440,85555,161040,1600,via4_1600x1600
VDD,met4-met5,STRIPE,via,77170,166240,78770,167840,1600,via4_1600x1600
VDD,met4-met5,STRIPE,via,56815,159440,58415,161040,1600,via4_1600x1600
VDD,met4-met5,STRIPE,via,50030,166240,51630,167840,1600,via4_1600x1600
VDD,met4-met5,STRIPE,via,29675,159440,31275,161040,1600,via4_1600x1600
VDD,met4-met5,STRIPE,via,22890,166240,24490,167840,1600,via4_1600x1600
VDD,met4-met5,STRIPE,via,267150,139040,268750,140640,1600,via4_1600x1600
VDD,met4-met5,STRIPE,via,246795,132240,248395,133840,1600,via4_1600x1600
VDD,met4-met5,STRIPE,via,240010,139040,241610,140640,1600,via4_1600x1600
VDD,met4-met5,STRIPE,via,219655,132240,221255,133840,1600,via4_1600x1600
VDD,met4-met5,STRIPE,via,212870,139040,214470,140640,1600,via4_1600x1600
VDD,met4-met5,STRIPE,via,192515,132240,194115,133840,1600,via4_1600x1600
VDD,met4-met5,STRIPE,via,185730,139040,187330,140640,1600,via4_1600x1600
VDD,met4-met5,STRIPE,via,165375,132240,166975,133840,1600,via4_1600x1600
VDD,met4-met5,STRIPE,via,158590,139040,160190,140640,1600,via4_1600x1600
VDD,met4-met5,STRIPE,via,138235,132240,139835,133840,1600,via4_1600x1600
VDD,met4-met5,STRIPE,via,131450,139040,133050,140640,1600,via4_1600x1600
VDD,met4-met5,STRIPE,via,111095,132240,112695,133840,1600,via4_1600x1600
VDD,met4-met5,STRIPE,via,104310,139040,105910,140640,1600,via4_1600x1600
VDD,met4-met5,STRIPE,via,83955,132240,85555,133840,1600,via4_1600x1600
VDD,met4-met5,STRIPE,via,77170,139040,78770,140640,1600,via4_1600x1600
VDD,met4-met5,STRIPE,via,56815,132240,58415,133840,1600,via4_1600x1600
VDD,met4-met5,STRIPE,via,50030,139040,51630,140640,1600,via4_1600x1600
VDD,met4-met5,STRIPE,via,29675,132240,31275,133840,1600,via4_1600x1600
VDD,met4-met5,STRIPE,via,22890,139040,24490,140640,1600,via4_1600x1600
VDD,met4-met5,STRIPE,via,267150,111840,268750,113440,1600,via4_1600x1600
VDD,met4-met5,STRIPE,via,246795,105040,248395,106640,1600,via4_1600x1600
VDD,met4-met5,STRIPE,via,240010,111840,241610,113440,1600,via4_1600x1600
VDD,met4-met5,STRIPE,via,219655,105040,221255,106640,1600,via4_1600x1600
VDD,met4-met5,STRIPE,via,212870,111840,214470,113440,1600,via4_1600x1600
VDD,met4-met5,STRIPE,via,192515,105040,194115,106640,1600,via4_1600x1600
VDD,met4-met5,STRIPE,via,185730,111840,187330,113440,1600,via4_1600x1600
VDD,met4-met5,STRIPE,via,165375,105040,166975,106640,1600,via4_1600x1600
VDD,met4-met5,STRIPE,via,158590,111840,160190,113440,1600,via4_1600x1600
VDD,met4-met5,STRIPE,via,138235,105040,139835,106640,1600,via4_1600x1600
VDD,met4-met5,STRIPE,via,131450,111840,133050,113440,1600,via4_1600x1600
VDD,met4-met5,STRIPE,via,111095,105040,112695,106640,1600,via4_1600x1600
VDD,met4-met5,STRIPE,via,104310,111840,105910,113440,1600,via4_1600x1600
VDD,met4-met5,STRIPE,via,83955,105040,85555,106640,1600,via4_1600x1600
VDD,met4-met5,STRIPE,via,77170,111840,78770,113440,1600,via4_1600x1600
VDD,met4-met5,STRIPE,via,56815,105040,58415,106640,1600,via4_1600x1600
VDD,met4-met5,STRIPE,via,50030,111840,51630,113440,1600,via4_1600x1600
VDD,met4-met5,STRIPE,via,29675,105040,31275,106640,1600,via4_1600x1600
VDD,met4-met5,STRIPE,via,22890,111840,24490,113440,1600,via4_1600x1600
VDD,met4-met5,STRIPE,via,267150,84640,268750,86240,1600,via4_1600x1600
VDD,met4-met5,STRIPE,via,246795,77840,248395,79440,1600,via4_1600x1600
VDD,met4-met5,STRIPE,via,240010,84640,241610,86240,1600,via4_1600x1600
VDD,met4-met5,STRIPE,via,219655,77840,221255,79440,1600,via4_1600x1600
VDD,met4-met5,STRIPE,via,212870,84640,214470,86240,1600,via4_1600x1600
VDD,met4-met5,STRIPE,via,192515,77840,194115,79440,1600,via4_1600x1600
VDD,met4-met5,STRIPE,via,185730,84640,187330,86240,1600,via4_1600x1600
VDD,met4-met5,STRIPE,via,165375,77840,166975,79440,1600,via4_1600x1600
VDD,met4-met5,STRIPE,via,158590,84640,160190,86240,1600,via4_1600x1600
VDD,met4-met5,STRIPE,via,138235,77840,139835,79440,1600,via4_1600x1600
VDD,met4-met5,STRIPE,via,131450,84640,133050,86240,1600,via4_1600x1600
VDD,met4-met5,STRIPE,via,111095,77840,112695,79440,1600,via4_1600x1600
VDD,met4-met5,STRIPE,via,104310,84640,105910,86240,1600,via4_1600x1600
VDD,met4-met5,STRIPE,via,83955,77840,85555,79440,1600,via4_1600x1600
VDD,met4-met5,STRIPE,via,77170,84640,78770,86240,1600,via4_1600x1600
VDD,met4-met5,STRIPE,via,56815,77840,58415,79440,1600,via4_1600x1600
VDD,met4-met5,STRIPE,via,50030,84640,51630,86240,1600,via4_1600x1600
VDD,met4-met5,STRIPE,via,29675,77840,31275,79440,1600,via4_1600x1600
VDD,met4-met5,STRIPE,via,22890,84640,24490,86240,1600,via4_1600x1600
VDD,met4-met5,STRIPE,via,267150,57440,268750,59040,1600,via4_1600x1600
VDD,met4-met5,STRIPE,via,246795,50640,248395,52240,1600,via4_1600x1600
VDD,met4-met5,STRIPE,via,240010,57440,241610,59040,1600,via4_1600x1600
VDD,met4-met5,STRIPE,via,219655,50640,221255,52240,1600,via4_1600x1600
VDD,met4-met5,STRIPE,via,212870,57440,214470,59040,1600,via4_1600x1600
VDD,met4-met5,STRIPE,via,192515,50640,194115,52240,1600,via4_1600x1600
VDD,met4-met5,STRIPE,via,185730,57440,187330,59040,1600,via4_1600x1600
VDD,met4-met5,STRIPE,via,165375,50640,166975,52240,1600,via4_1600x1600
VDD,met4-met5,STRIPE,via,158590,57440,160190,59040,1600,via4_1600x1600
VDD,met4-met5,STRIPE,via,138235,50640,139835,52240,1600,via4_1600x1600
VDD,met4-met5,STRIPE,via,131450,57440,133050,59040,1600,via4_1600x1600
VDD,met4-met5,STRIPE,via,111095,50640,112695,52240,1600,via4_1600x1600
VDD,met4-met5,STRIPE,via,104310,57440,105910,59040,1600,via4_1600x1600
VDD,met4-met5,STRIPE,via,83955,50640,85555,52240,1600,via4_1600x1600
VDD,met4-met5,STRIPE,via,77170,57440,78770,59040,1600,via4_1600x1600
VDD,met4-met5,STRIPE,via,56815,50640,58415,52240,1600,via4_1600x1600
VDD,met4-met5,STRIPE,via,50030,57440,51630,59040,1600,via4_1600x1600
VDD,met4-met5,STRIPE,via,29675,50640,31275,52240,1600,via4_1600x1600
VDD,met4-met5,STRIPE,via,22890,57440,24490,59040,1600,via4_1600x1600
VDD,met4-met5,STRIPE,via,267150,30240,268750,31840,1600,via4_1600x1600
VDD,met4-met5,STRIPE,via,246795,23440,248395,25040,1600,via4_1600x1600
VDD,met4-met5,STRIPE,via,240010,30240,241610,31840,1600,via4_1600x1600
VDD,met4-met5,STRIPE,via,219655,23440,221255,25040,1600,via4_1600x1600
VDD,met4-met5,STRIPE,via,212870,30240,214470,31840,1600,via4_1600x1600
VDD,met4-met5,STRIPE,via,192515,23440,194115,25040,1600,via4_1600x1600
VDD,met4-met5,STRIPE,via,185730,30240,187330,31840,1600,via4_1600x1600
VDD,met4-met5,STRIPE,via,165375,23440,166975,25040,1600,via4_1600x1600
VDD,met4-met5,STRIPE,via,158590,30240,160190,31840,1600,via4_1600x1600
VDD,met4-met5,STRIPE,via,138235,23440,139835,25040,1600,via4_1600x1600
VDD,met4-met5,STRIPE,via,131450,30240,133050,31840,1600,via4_1600x1600
VDD,met4-met5,STRIPE,via,111095,23440,112695,25040,1600,via4_1600x1600
VDD,met4-met5,STRIPE,via,104310,30240,105910,31840,1600,via4_1600x1600
VDD,met4-met5,STRIPE,via,83955,23440,85555,25040,1600,via4_1600x1600
VDD,met4-met5,STRIPE,via,77170,30240,78770,31840,1600,via4_1600x1600
VDD,met4-met5,STRIPE,via,56815,23440,58415,25040,1600,via4_1600x1600
VDD,met4-met5,STRIPE,via,50030,30240,51630,31840,1600,via4_1600x1600
VDD,met4-met5,STRIPE,via,29675,23440,31275,25040,1600,via4_1600x1600
VDD,met4-met5,STRIPE,via,22890,30240,24490,31840,1600,via4_1600x1600
VDD,met3-met4,STRIPE,via,246795,269040,248395,269520,1600,via3_1600x480
VDD,met2-met3,STRIPE,via,246795,269040,248395,269520,1600,via2_1600x480
VDD,met1-met2,STRIPE,via,246795,269040,248395,269520,1600,via_1600x480
VDD,met3-met4,STRIPE,via,219655,269040,221255,269520,1600,via3_1600x480
VDD,met2-met3,STRIPE,via,219655,269040,221255,269520,1600,via2_1600x480
VDD,met1-met2,STRIPE,via,219655,269040,221255,269520,1600,via_1600x480
VDD,met3-met4,STRIPE,via,192515,269040,194115,269520,1600,via3_1600x480
VDD,met2-met3,STRIPE,via,192515,269040,194115,269520,1600,via2_1600x480
VDD,met1-met2,STRIPE,via,192515,269040,194115,269520,1600,via_1600x480
VDD,met3-met4,STRIPE,via,165375,269040,166975,269520,1600,via3_1600x480
VDD,met2-met3,STRIPE,via,165375,269040,166975,269520,1600,via2_1600x480
VDD,met1-met2,STRIPE,via,165375,269040,166975,269520,1600,via_1600x480
VDD,met3-met4,STRIPE,via,138235,269040,139835,269520,1600,via3_1600x480
VDD,met2-met3,STRIPE,via,138235,269040,139835,269520,1600,via2_1600x480
VDD,met1-met2,STRIPE,via,138235,269040,139835,269520,1600,via_1600x480
VDD,met3-met4,STRIPE,via,111095,269040,112695,269520,1600,via3_1600x480
VDD,met2-met3,STRIPE,via,111095,269040,112695,269520,1600,via2_1600x480
VDD,met1-met2,STRIPE,via,111095,269040,112695,269520,1600,via_1600x480
VDD,met3-met4,STRIPE,via,83955,269040,85555,269520,1600,via3_1600x480
VDD,met2-met3,STRIPE,via,83955,269040,85555,269520,1600,via2_1600x480
VDD,met1-met2,STRIPE,via,83955,269040,85555,269520,1600,via_1600x480
VDD,met3-met4,STRIPE,via,56815,269040,58415,269520,1600,via3_1600x480
VDD,met2-met3,STRIPE,via,56815,269040,58415,269520,1600,via2_1600x480
VDD,met1-met2,STRIPE,via,56815,269040,58415,269520,1600,via_1600x480
VDD,met3-met4,STRIPE,via,29675,269040,31275,269520,1600,via3_1600x480
VDD,met2-met3,STRIPE,via,29675,269040,31275,269520,1600,via2_1600x480
VDD,met1-met2,STRIPE,via,29675,269040,31275,269520,1600,via_1600x480
VDD,met3-met4,STRIPE,via,246795,263600,248395,264080,1600,via3_1600x480
VDD,met2-met3,STRIPE,via,246795,263600,248395,264080,1600,via2_1600x480
VDD,met1-met2,STRIPE,via,246795,263600,248395,264080,1600,via_1600x480
VDD,met3-met4,STRIPE,via,219655,263600,221255,264080,1600,via3_1600x480
VDD,met2-met3,STRIPE,via,219655,263600,221255,264080,1600,via2_1600x480
VDD,met1-met2,STRIPE,via,219655,263600,221255,264080,1600,via_1600x480
VDD,met3-met4,STRIPE,via,192515,263600,194115,264080,1600,via3_1600x480
VDD,met2-met3,STRIPE,via,192515,263600,194115,264080,1600,via2_1600x480
VDD,met1-met2,STRIPE,via,192515,263600,194115,264080,1600,via_1600x480
VDD,met3-met4,STRIPE,via,165375,263600,166975,264080,1600,via3_1600x480
VDD,met2-met3,STRIPE,via,165375,263600,166975,264080,1600,via2_1600x480
VDD,met1-met2,STRIPE,via,165375,263600,166975,264080,1600,via_1600x480
VDD,met3-met4,STRIPE,via,138235,263600,139835,264080,1600,via3_1600x480
VDD,met2-met3,STRIPE,via,138235,263600,139835,264080,1600,via2_1600x480
VDD,met1-met2,STRIPE,via,138235,263600,139835,264080,1600,via_1600x480
VDD,met3-met4,STRIPE,via,111095,263600,112695,264080,1600,via3_1600x480
VDD,met2-met3,STRIPE,via,111095,263600,112695,264080,1600,via2_1600x480
VDD,met1-met2,STRIPE,via,111095,263600,112695,264080,1600,via_1600x480
VDD,met3-met4,STRIPE,via,83955,263600,85555,264080,1600,via3_1600x480
VDD,met2-met3,STRIPE,via,83955,263600,85555,264080,1600,via2_1600x480
VDD,met1-met2,STRIPE,via,83955,263600,85555,264080,1600,via_1600x480
VDD,met3-met4,STRIPE,via,56815,263600,58415,264080,1600,via3_1600x480
VDD,met2-met3,STRIPE,via,56815,263600,58415,264080,1600,via2_1600x480
VDD,met1-met2,STRIPE,via,56815,263600,58415,264080,1600,via_1600x480
VDD,met3-met4,STRIPE,via,29675,263600,31275,264080,1600,via3_1600x480
VDD,met2-met3,STRIPE,via,29675,263600,31275,264080,1600,via2_1600x480
VDD,met1-met2,STRIPE,via,29675,263600,31275,264080,1600,via_1600x480
VDD,met3-met4,STRIPE,via,246795,258160,248395,258640,1600,via3_1600x480
VDD,met2-met3,STRIPE,via,246795,258160,248395,258640,1600,via2_1600x480
VDD,met1-met2,STRIPE,via,246795,258160,248395,258640,1600,via_1600x480
VDD,met3-met4,STRIPE,via,219655,258160,221255,258640,1600,via3_1600x480
VDD,met2-met3,STRIPE,via,219655,258160,221255,258640,1600,via2_1600x480
VDD,met1-met2,STRIPE,via,219655,258160,221255,258640,1600,via_1600x480
VDD,met3-met4,STRIPE,via,192515,258160,194115,258640,1600,via3_1600x480
VDD,met2-met3,STRIPE,via,192515,258160,194115,258640,1600,via2_1600x480
VDD,met1-met2,STRIPE,via,192515,258160,194115,258640,1600,via_1600x480
VDD,met3-met4,STRIPE,via,165375,258160,166975,258640,1600,via3_1600x480
VDD,met2-met3,STRIPE,via,165375,258160,166975,258640,1600,via2_1600x480
VDD,met1-met2,STRIPE,via,165375,258160,166975,258640,1600,via_1600x480
VDD,met3-met4,STRIPE,via,138235,258160,139835,258640,1600,via3_1600x480
VDD,met2-met3,STRIPE,via,138235,258160,139835,258640,1600,via2_1600x480
VDD,met1-met2,STRIPE,via,138235,258160,139835,258640,1600,via_1600x480
VDD,met3-met4,STRIPE,via,111095,258160,112695,258640,1600,via3_1600x480
VDD,met2-met3,STRIPE,via,111095,258160,112695,258640,1600,via2_1600x480
VDD,met1-met2,STRIPE,via,111095,258160,112695,258640,1600,via_1600x480
VDD,met3-met4,STRIPE,via,83955,258160,85555,258640,1600,via3_1600x480
VDD,met2-met3,STRIPE,via,83955,258160,85555,258640,1600,via2_1600x480
VDD,met1-met2,STRIPE,via,83955,258160,85555,258640,1600,via_1600x480
VDD,met3-met4,STRIPE,via,56815,258160,58415,258640,1600,via3_1600x480
VDD,met2-met3,STRIPE,via,56815,258160,58415,258640,1600,via2_1600x480
VDD,met1-met2,STRIPE,via,56815,258160,58415,258640,1600,via_1600x480
VDD,met3-met4,STRIPE,via,29675,258160,31275,258640,1600,via3_1600x480
VDD,met2-met3,STRIPE,via,29675,258160,31275,258640,1600,via2_1600x480
VDD,met1-met2,STRIPE,via,29675,258160,31275,258640,1600,via_1600x480
VDD,met3-met4,STRIPE,via,246795,252720,248395,253200,1600,via3_1600x480
VDD,met2-met3,STRIPE,via,246795,252720,248395,253200,1600,via2_1600x480
VDD,met1-met2,STRIPE,via,246795,252720,248395,253200,1600,via_1600x480
VDD,met3-met4,STRIPE,via,219655,252720,221255,253200,1600,via3_1600x480
VDD,met2-met3,STRIPE,via,219655,252720,221255,253200,1600,via2_1600x480
VDD,met1-met2,STRIPE,via,219655,252720,221255,253200,1600,via_1600x480
VDD,met3-met4,STRIPE,via,192515,252720,194115,253200,1600,via3_1600x480
VDD,met2-met3,STRIPE,via,192515,252720,194115,253200,1600,via2_1600x480
VDD,met1-met2,STRIPE,via,192515,252720,194115,253200,1600,via_1600x480
VDD,met3-met4,STRIPE,via,165375,252720,166975,253200,1600,via3_1600x480
VDD,met2-met3,STRIPE,via,165375,252720,166975,253200,1600,via2_1600x480
VDD,met1-met2,STRIPE,via,165375,252720,166975,253200,1600,via_1600x480
VDD,met3-met4,STRIPE,via,138235,252720,139835,253200,1600,via3_1600x480
VDD,met2-met3,STRIPE,via,138235,252720,139835,253200,1600,via2_1600x480
VDD,met1-met2,STRIPE,via,138235,252720,139835,253200,1600,via_1600x480
VDD,met3-met4,STRIPE,via,111095,252720,112695,253200,1600,via3_1600x480
VDD,met2-met3,STRIPE,via,111095,252720,112695,253200,1600,via2_1600x480
VDD,met1-met2,STRIPE,via,111095,252720,112695,253200,1600,via_1600x480
VDD,met3-met4,STRIPE,via,83955,252720,85555,253200,1600,via3_1600x480
VDD,met2-met3,STRIPE,via,83955,252720,85555,253200,1600,via2_1600x480
VDD,met1-met2,STRIPE,via,83955,252720,85555,253200,1600,via_1600x480
VDD,met3-met4,STRIPE,via,56815,252720,58415,253200,1600,via3_1600x480
VDD,met2-met3,STRIPE,via,56815,252720,58415,253200,1600,via2_1600x480
VDD,met1-met2,STRIPE,via,56815,252720,58415,253200,1600,via_1600x480
VDD,met3-met4,STRIPE,via,29675,252720,31275,253200,1600,via3_1600x480
VDD,met2-met3,STRIPE,via,29675,252720,31275,253200,1600,via2_1600x480
VDD,met1-met2,STRIPE,via,29675,252720,31275,253200,1600,via_1600x480
VDD,met3-met4,STRIPE,via,246795,247280,248395,247760,1600,via3_1600x480
VDD,met2-met3,STRIPE,via,246795,247280,248395,247760,1600,via2_1600x480
VDD,met1-met2,STRIPE,via,246795,247280,248395,247760,1600,via_1600x480
VDD,met3-met4,STRIPE,via,219655,247280,221255,247760,1600,via3_1600x480
VDD,met2-met3,STRIPE,via,219655,247280,221255,247760,1600,via2_1600x480
VDD,met1-met2,STRIPE,via,219655,247280,221255,247760,1600,via_1600x480
VDD,met3-met4,STRIPE,via,192515,247280,194115,247760,1600,via3_1600x480
VDD,met2-met3,STRIPE,via,192515,247280,194115,247760,1600,via2_1600x480
VDD,met1-met2,STRIPE,via,192515,247280,194115,247760,1600,via_1600x480
VDD,met3-met4,STRIPE,via,165375,247280,166975,247760,1600,via3_1600x480
VDD,met2-met3,STRIPE,via,165375,247280,166975,247760,1600,via2_1600x480
VDD,met1-met2,STRIPE,via,165375,247280,166975,247760,1600,via_1600x480
VDD,met3-met4,STRIPE,via,138235,247280,139835,247760,1600,via3_1600x480
VDD,met2-met3,STRIPE,via,138235,247280,139835,247760,1600,via2_1600x480
VDD,met1-met2,STRIPE,via,138235,247280,139835,247760,1600,via_1600x480
VDD,met3-met4,STRIPE,via,111095,247280,112695,247760,1600,via3_1600x480
VDD,met2-met3,STRIPE,via,111095,247280,112695,247760,1600,via2_1600x480
VDD,met1-met2,STRIPE,via,111095,247280,112695,247760,1600,via_1600x480
VDD,met3-met4,STRIPE,via,83955,247280,85555,247760,1600,via3_1600x480
VDD,met2-met3,STRIPE,via,83955,247280,85555,247760,1600,via2_1600x480
VDD,met1-met2,STRIPE,via,83955,247280,85555,247760,1600,via_1600x480
VDD,met3-met4,STRIPE,via,56815,247280,58415,247760,1600,via3_1600x480
VDD,met2-met3,STRIPE,via,56815,247280,58415,247760,1600,via2_1600x480
VDD,met1-met2,STRIPE,via,56815,247280,58415,247760,1600,via_1600x480
VDD,met3-met4,STRIPE,via,29675,247280,31275,247760,1600,via3_1600x480
VDD,met2-met3,STRIPE,via,29675,247280,31275,247760,1600,via2_1600x480
VDD,met1-met2,STRIPE,via,29675,247280,31275,247760,1600,via_1600x480
VDD,met3-met4,STRIPE,via,246795,241840,248395,242320,1600,via3_1600x480
VDD,met2-met3,STRIPE,via,246795,241840,248395,242320,1600,via2_1600x480
VDD,met1-met2,STRIPE,via,246795,241840,248395,242320,1600,via_1600x480
VDD,met3-met4,STRIPE,via,219655,241840,221255,242320,1600,via3_1600x480
VDD,met2-met3,STRIPE,via,219655,241840,221255,242320,1600,via2_1600x480
VDD,met1-met2,STRIPE,via,219655,241840,221255,242320,1600,via_1600x480
VDD,met3-met4,STRIPE,via,192515,241840,194115,242320,1600,via3_1600x480
VDD,met2-met3,STRIPE,via,192515,241840,194115,242320,1600,via2_1600x480
VDD,met1-met2,STRIPE,via,192515,241840,194115,242320,1600,via_1600x480
VDD,met3-met4,STRIPE,via,165375,241840,166975,242320,1600,via3_1600x480
VDD,met2-met3,STRIPE,via,165375,241840,166975,242320,1600,via2_1600x480
VDD,met1-met2,STRIPE,via,165375,241840,166975,242320,1600,via_1600x480
VDD,met3-met4,STRIPE,via,138235,241840,139835,242320,1600,via3_1600x480
VDD,met2-met3,STRIPE,via,138235,241840,139835,242320,1600,via2_1600x480
VDD,met1-met2,STRIPE,via,138235,241840,139835,242320,1600,via_1600x480
VDD,met3-met4,STRIPE,via,111095,241840,112695,242320,1600,via3_1600x480
VDD,met2-met3,STRIPE,via,111095,241840,112695,242320,1600,via2_1600x480
VDD,met1-met2,STRIPE,via,111095,241840,112695,242320,1600,via_1600x480
VDD,met3-met4,STRIPE,via,83955,241840,85555,242320,1600,via3_1600x480
VDD,met2-met3,STRIPE,via,83955,241840,85555,242320,1600,via2_1600x480
VDD,met1-met2,STRIPE,via,83955,241840,85555,242320,1600,via_1600x480
VDD,met3-met4,STRIPE,via,56815,241840,58415,242320,1600,via3_1600x480
VDD,met2-met3,STRIPE,via,56815,241840,58415,242320,1600,via2_1600x480
VDD,met1-met2,STRIPE,via,56815,241840,58415,242320,1600,via_1600x480
VDD,met3-met4,STRIPE,via,29675,241840,31275,242320,1600,via3_1600x480
VDD,met2-met3,STRIPE,via,29675,241840,31275,242320,1600,via2_1600x480
VDD,met1-met2,STRIPE,via,29675,241840,31275,242320,1600,via_1600x480
VDD,met3-met4,STRIPE,via,246795,236400,248395,236880,1600,via3_1600x480
VDD,met2-met3,STRIPE,via,246795,236400,248395,236880,1600,via2_1600x480
VDD,met1-met2,STRIPE,via,246795,236400,248395,236880,1600,via_1600x480
VDD,met3-met4,STRIPE,via,219655,236400,221255,236880,1600,via3_1600x480
VDD,met2-met3,STRIPE,via,219655,236400,221255,236880,1600,via2_1600x480
VDD,met1-met2,STRIPE,via,219655,236400,221255,236880,1600,via_1600x480
VDD,met3-met4,STRIPE,via,192515,236400,194115,236880,1600,via3_1600x480
VDD,met2-met3,STRIPE,via,192515,236400,194115,236880,1600,via2_1600x480
VDD,met1-met2,STRIPE,via,192515,236400,194115,236880,1600,via_1600x480
VDD,met3-met4,STRIPE,via,165375,236400,166975,236880,1600,via3_1600x480
VDD,met2-met3,STRIPE,via,165375,236400,166975,236880,1600,via2_1600x480
VDD,met1-met2,STRIPE,via,165375,236400,166975,236880,1600,via_1600x480
VDD,met3-met4,STRIPE,via,138235,236400,139835,236880,1600,via3_1600x480
VDD,met2-met3,STRIPE,via,138235,236400,139835,236880,1600,via2_1600x480
VDD,met1-met2,STRIPE,via,138235,236400,139835,236880,1600,via_1600x480
VDD,met3-met4,STRIPE,via,111095,236400,112695,236880,1600,via3_1600x480
VDD,met2-met3,STRIPE,via,111095,236400,112695,236880,1600,via2_1600x480
VDD,met1-met2,STRIPE,via,111095,236400,112695,236880,1600,via_1600x480
VDD,met3-met4,STRIPE,via,83955,236400,85555,236880,1600,via3_1600x480
VDD,met2-met3,STRIPE,via,83955,236400,85555,236880,1600,via2_1600x480
VDD,met1-met2,STRIPE,via,83955,236400,85555,236880,1600,via_1600x480
VDD,met3-met4,STRIPE,via,56815,236400,58415,236880,1600,via3_1600x480
VDD,met2-met3,STRIPE,via,56815,236400,58415,236880,1600,via2_1600x480
VDD,met1-met2,STRIPE,via,56815,236400,58415,236880,1600,via_1600x480
VDD,met3-met4,STRIPE,via,29675,236400,31275,236880,1600,via3_1600x480
VDD,met2-met3,STRIPE,via,29675,236400,31275,236880,1600,via2_1600x480
VDD,met1-met2,STRIPE,via,29675,236400,31275,236880,1600,via_1600x480
VDD,met3-met4,STRIPE,via,246795,230960,248395,231440,1600,via3_1600x480
VDD,met2-met3,STRIPE,via,246795,230960,248395,231440,1600,via2_1600x480
VDD,met1-met2,STRIPE,via,246795,230960,248395,231440,1600,via_1600x480
VDD,met3-met4,STRIPE,via,219655,230960,221255,231440,1600,via3_1600x480
VDD,met2-met3,STRIPE,via,219655,230960,221255,231440,1600,via2_1600x480
VDD,met1-met2,STRIPE,via,219655,230960,221255,231440,1600,via_1600x480
VDD,met3-met4,STRIPE,via,192515,230960,194115,231440,1600,via3_1600x480
VDD,met2-met3,STRIPE,via,192515,230960,194115,231440,1600,via2_1600x480
VDD,met1-met2,STRIPE,via,192515,230960,194115,231440,1600,via_1600x480
VDD,met3-met4,STRIPE,via,165375,230960,166975,231440,1600,via3_1600x480
VDD,met2-met3,STRIPE,via,165375,230960,166975,231440,1600,via2_1600x480
VDD,met1-met2,STRIPE,via,165375,230960,166975,231440,1600,via_1600x480
VDD,met3-met4,STRIPE,via,138235,230960,139835,231440,1600,via3_1600x480
VDD,met2-met3,STRIPE,via,138235,230960,139835,231440,1600,via2_1600x480
VDD,met1-met2,STRIPE,via,138235,230960,139835,231440,1600,via_1600x480
VDD,met3-met4,STRIPE,via,111095,230960,112695,231440,1600,via3_1600x480
VDD,met2-met3,STRIPE,via,111095,230960,112695,231440,1600,via2_1600x480
VDD,met1-met2,STRIPE,via,111095,230960,112695,231440,1600,via_1600x480
VDD,met3-met4,STRIPE,via,83955,230960,85555,231440,1600,via3_1600x480
VDD,met2-met3,STRIPE,via,83955,230960,85555,231440,1600,via2_1600x480
VDD,met1-met2,STRIPE,via,83955,230960,85555,231440,1600,via_1600x480
VDD,met3-met4,STRIPE,via,56815,230960,58415,231440,1600,via3_1600x480
VDD,met2-met3,STRIPE,via,56815,230960,58415,231440,1600,via2_1600x480
VDD,met1-met2,STRIPE,via,56815,230960,58415,231440,1600,via_1600x480
VDD,met3-met4,STRIPE,via,29675,230960,31275,231440,1600,via3_1600x480
VDD,met2-met3,STRIPE,via,29675,230960,31275,231440,1600,via2_1600x480
VDD,met1-met2,STRIPE,via,29675,230960,31275,231440,1600,via_1600x480
VDD,met3-met4,STRIPE,via,246795,225520,248395,226000,1600,via3_1600x480
VDD,met2-met3,STRIPE,via,246795,225520,248395,226000,1600,via2_1600x480
VDD,met1-met2,STRIPE,via,246795,225520,248395,226000,1600,via_1600x480
VDD,met3-met4,STRIPE,via,219655,225520,221255,226000,1600,via3_1600x480
VDD,met2-met3,STRIPE,via,219655,225520,221255,226000,1600,via2_1600x480
VDD,met1-met2,STRIPE,via,219655,225520,221255,226000,1600,via_1600x480
VDD,met3-met4,STRIPE,via,192515,225520,194115,226000,1600,via3_1600x480
VDD,met2-met3,STRIPE,via,192515,225520,194115,226000,1600,via2_1600x480
VDD,met1-met2,STRIPE,via,192515,225520,194115,226000,1600,via_1600x480
VDD,met3-met4,STRIPE,via,165375,225520,166975,226000,1600,via3_1600x480
VDD,met2-met3,STRIPE,via,165375,225520,166975,226000,1600,via2_1600x480
VDD,met1-met2,STRIPE,via,165375,225520,166975,226000,1600,via_1600x480
VDD,met3-met4,STRIPE,via,138235,225520,139835,226000,1600,via3_1600x480
VDD,met2-met3,STRIPE,via,138235,225520,139835,226000,1600,via2_1600x480
VDD,met1-met2,STRIPE,via,138235,225520,139835,226000,1600,via_1600x480
VDD,met3-met4,STRIPE,via,111095,225520,112695,226000,1600,via3_1600x480
VDD,met2-met3,STRIPE,via,111095,225520,112695,226000,1600,via2_1600x480
VDD,met1-met2,STRIPE,via,111095,225520,112695,226000,1600,via_1600x480
VDD,met3-met4,STRIPE,via,83955,225520,85555,226000,1600,via3_1600x480
VDD,met2-met3,STRIPE,via,83955,225520,85555,226000,1600,via2_1600x480
VDD,met1-met2,STRIPE,via,83955,225520,85555,226000,1600,via_1600x480
VDD,met3-met4,STRIPE,via,56815,225520,58415,226000,1600,via3_1600x480
VDD,met2-met3,STRIPE,via,56815,225520,58415,226000,1600,via2_1600x480
VDD,met1-met2,STRIPE,via,56815,225520,58415,226000,1600,via_1600x480
VDD,met3-met4,STRIPE,via,29675,225520,31275,226000,1600,via3_1600x480
VDD,met2-met3,STRIPE,via,29675,225520,31275,226000,1600,via2_1600x480
VDD,met1-met2,STRIPE,via,29675,225520,31275,226000,1600,via_1600x480
VDD,met3-met4,STRIPE,via,246795,220080,248395,220560,1600,via3_1600x480
VDD,met2-met3,STRIPE,via,246795,220080,248395,220560,1600,via2_1600x480
VDD,met1-met2,STRIPE,via,246795,220080,248395,220560,1600,via_1600x480
VDD,met3-met4,STRIPE,via,219655,220080,221255,220560,1600,via3_1600x480
VDD,met2-met3,STRIPE,via,219655,220080,221255,220560,1600,via2_1600x480
VDD,met1-met2,STRIPE,via,219655,220080,221255,220560,1600,via_1600x480
VDD,met3-met4,STRIPE,via,192515,220080,194115,220560,1600,via3_1600x480
VDD,met2-met3,STRIPE,via,192515,220080,194115,220560,1600,via2_1600x480
VDD,met1-met2,STRIPE,via,192515,220080,194115,220560,1600,via_1600x480
VDD,met3-met4,STRIPE,via,165375,220080,166975,220560,1600,via3_1600x480
VDD,met2-met3,STRIPE,via,165375,220080,166975,220560,1600,via2_1600x480
VDD,met1-met2,STRIPE,via,165375,220080,166975,220560,1600,via_1600x480
VDD,met3-met4,STRIPE,via,138235,220080,139835,220560,1600,via3_1600x480
VDD,met2-met3,STRIPE,via,138235,220080,139835,220560,1600,via2_1600x480
VDD,met1-met2,STRIPE,via,138235,220080,139835,220560,1600,via_1600x480
VDD,met3-met4,STRIPE,via,111095,220080,112695,220560,1600,via3_1600x480
VDD,met2-met3,STRIPE,via,111095,220080,112695,220560,1600,via2_1600x480
VDD,met1-met2,STRIPE,via,111095,220080,112695,220560,1600,via_1600x480
VDD,met3-met4,STRIPE,via,83955,220080,85555,220560,1600,via3_1600x480
VDD,met2-met3,STRIPE,via,83955,220080,85555,220560,1600,via2_1600x480
VDD,met1-met2,STRIPE,via,83955,220080,85555,220560,1600,via_1600x480
VDD,met3-met4,STRIPE,via,56815,220080,58415,220560,1600,via3_1600x480
VDD,met2-met3,STRIPE,via,56815,220080,58415,220560,1600,via2_1600x480
VDD,met1-met2,STRIPE,via,56815,220080,58415,220560,1600,via_1600x480
VDD,met3-met4,STRIPE,via,29675,220080,31275,220560,1600,via3_1600x480
VDD,met2-met3,STRIPE,via,29675,220080,31275,220560,1600,via2_1600x480
VDD,met1-met2,STRIPE,via,29675,220080,31275,220560,1600,via_1600x480
VDD,met3-met4,STRIPE,via,246795,214640,248395,215120,1600,via3_1600x480
VDD,met2-met3,STRIPE,via,246795,214640,248395,215120,1600,via2_1600x480
VDD,met1-met2,STRIPE,via,246795,214640,248395,215120,1600,via_1600x480
VDD,met3-met4,STRIPE,via,219655,214640,221255,215120,1600,via3_1600x480
VDD,met2-met3,STRIPE,via,219655,214640,221255,215120,1600,via2_1600x480
VDD,met1-met2,STRIPE,via,219655,214640,221255,215120,1600,via_1600x480
VDD,met3-met4,STRIPE,via,192515,214640,194115,215120,1600,via3_1600x480
VDD,met2-met3,STRIPE,via,192515,214640,194115,215120,1600,via2_1600x480
VDD,met1-met2,STRIPE,via,192515,214640,194115,215120,1600,via_1600x480
VDD,met3-met4,STRIPE,via,165375,214640,166975,215120,1600,via3_1600x480
VDD,met2-met3,STRIPE,via,165375,214640,166975,215120,1600,via2_1600x480
VDD,met1-met2,STRIPE,via,165375,214640,166975,215120,1600,via_1600x480
VDD,met3-met4,STRIPE,via,138235,214640,139835,215120,1600,via3_1600x480
VDD,met2-met3,STRIPE,via,138235,214640,139835,215120,1600,via2_1600x480
VDD,met1-met2,STRIPE,via,138235,214640,139835,215120,1600,via_1600x480
VDD,met3-met4,STRIPE,via,111095,214640,112695,215120,1600,via3_1600x480
VDD,met2-met3,STRIPE,via,111095,214640,112695,215120,1600,via2_1600x480
VDD,met1-met2,STRIPE,via,111095,214640,112695,215120,1600,via_1600x480
VDD,met3-met4,STRIPE,via,83955,214640,85555,215120,1600,via3_1600x480
VDD,met2-met3,STRIPE,via,83955,214640,85555,215120,1600,via2_1600x480
VDD,met1-met2,STRIPE,via,83955,214640,85555,215120,1600,via_1600x480
VDD,met3-met4,STRIPE,via,56815,214640,58415,215120,1600,via3_1600x480
VDD,met2-met3,STRIPE,via,56815,214640,58415,215120,1600,via2_1600x480
VDD,met1-met2,STRIPE,via,56815,214640,58415,215120,1600,via_1600x480
VDD,met3-met4,STRIPE,via,29675,214640,31275,215120,1600,via3_1600x480
VDD,met2-met3,STRIPE,via,29675,214640,31275,215120,1600,via2_1600x480
VDD,met1-met2,STRIPE,via,29675,214640,31275,215120,1600,via_1600x480
VDD,met3-met4,STRIPE,via,246795,209200,248395,209680,1600,via3_1600x480
VDD,met2-met3,STRIPE,via,246795,209200,248395,209680,1600,via2_1600x480
VDD,met1-met2,STRIPE,via,246795,209200,248395,209680,1600,via_1600x480
VDD,met3-met4,STRIPE,via,219655,209200,221255,209680,1600,via3_1600x480
VDD,met2-met3,STRIPE,via,219655,209200,221255,209680,1600,via2_1600x480
VDD,met1-met2,STRIPE,via,219655,209200,221255,209680,1600,via_1600x480
VDD,met3-met4,STRIPE,via,192515,209200,194115,209680,1600,via3_1600x480
VDD,met2-met3,STRIPE,via,192515,209200,194115,209680,1600,via2_1600x480
VDD,met1-met2,STRIPE,via,192515,209200,194115,209680,1600,via_1600x480
VDD,met3-met4,STRIPE,via,165375,209200,166975,209680,1600,via3_1600x480
VDD,met2-met3,STRIPE,via,165375,209200,166975,209680,1600,via2_1600x480
VDD,met1-met2,STRIPE,via,165375,209200,166975,209680,1600,via_1600x480
VDD,met3-met4,STRIPE,via,138235,209200,139835,209680,1600,via3_1600x480
VDD,met2-met3,STRIPE,via,138235,209200,139835,209680,1600,via2_1600x480
VDD,met1-met2,STRIPE,via,138235,209200,139835,209680,1600,via_1600x480
VDD,met3-met4,STRIPE,via,111095,209200,112695,209680,1600,via3_1600x480
VDD,met2-met3,STRIPE,via,111095,209200,112695,209680,1600,via2_1600x480
VDD,met1-met2,STRIPE,via,111095,209200,112695,209680,1600,via_1600x480
VDD,met3-met4,STRIPE,via,83955,209200,85555,209680,1600,via3_1600x480
VDD,met2-met3,STRIPE,via,83955,209200,85555,209680,1600,via2_1600x480
VDD,met1-met2,STRIPE,via,83955,209200,85555,209680,1600,via_1600x480
VDD,met3-met4,STRIPE,via,56815,209200,58415,209680,1600,via3_1600x480
VDD,met2-met3,STRIPE,via,56815,209200,58415,209680,1600,via2_1600x480
VDD,met1-met2,STRIPE,via,56815,209200,58415,209680,1600,via_1600x480
VDD,met3-met4,STRIPE,via,29675,209200,31275,209680,1600,via3_1600x480
VDD,met2-met3,STRIPE,via,29675,209200,31275,209680,1600,via2_1600x480
VDD,met1-met2,STRIPE,via,29675,209200,31275,209680,1600,via_1600x480
VDD,met3-met4,STRIPE,via,246795,203760,248395,204240,1600,via3_1600x480
VDD,met2-met3,STRIPE,via,246795,203760,248395,204240,1600,via2_1600x480
VDD,met1-met2,STRIPE,via,246795,203760,248395,204240,1600,via_1600x480
VDD,met3-met4,STRIPE,via,219655,203760,221255,204240,1600,via3_1600x480
VDD,met2-met3,STRIPE,via,219655,203760,221255,204240,1600,via2_1600x480
VDD,met1-met2,STRIPE,via,219655,203760,221255,204240,1600,via_1600x480
VDD,met3-met4,STRIPE,via,192515,203760,194115,204240,1600,via3_1600x480
VDD,met2-met3,STRIPE,via,192515,203760,194115,204240,1600,via2_1600x480
VDD,met1-met2,STRIPE,via,192515,203760,194115,204240,1600,via_1600x480
VDD,met3-met4,STRIPE,via,165375,203760,166975,204240,1600,via3_1600x480
VDD,met2-met3,STRIPE,via,165375,203760,166975,204240,1600,via2_1600x480
VDD,met1-met2,STRIPE,via,165375,203760,166975,204240,1600,via_1600x480
VDD,met3-met4,STRIPE,via,138235,203760,139835,204240,1600,via3_1600x480
VDD,met2-met3,STRIPE,via,138235,203760,139835,204240,1600,via2_1600x480
VDD,met1-met2,STRIPE,via,138235,203760,139835,204240,1600,via_1600x480
VDD,met3-met4,STRIPE,via,111095,203760,112695,204240,1600,via3_1600x480
VDD,met2-met3,STRIPE,via,111095,203760,112695,204240,1600,via2_1600x480
VDD,met1-met2,STRIPE,via,111095,203760,112695,204240,1600,via_1600x480
VDD,met3-met4,STRIPE,via,83955,203760,85555,204240,1600,via3_1600x480
VDD,met2-met3,STRIPE,via,83955,203760,85555,204240,1600,via2_1600x480
VDD,met1-met2,STRIPE,via,83955,203760,85555,204240,1600,via_1600x480
VDD,met3-met4,STRIPE,via,56815,203760,58415,204240,1600,via3_1600x480
VDD,met2-met3,STRIPE,via,56815,203760,58415,204240,1600,via2_1600x480
VDD,met1-met2,STRIPE,via,56815,203760,58415,204240,1600,via_1600x480
VDD,met3-met4,STRIPE,via,29675,203760,31275,204240,1600,via3_1600x480
VDD,met2-met3,STRIPE,via,29675,203760,31275,204240,1600,via2_1600x480
VDD,met1-met2,STRIPE,via,29675,203760,31275,204240,1600,via_1600x480
VDD,met3-met4,STRIPE,via,246795,198320,248395,198800,1600,via3_1600x480
VDD,met2-met3,STRIPE,via,246795,198320,248395,198800,1600,via2_1600x480
VDD,met1-met2,STRIPE,via,246795,198320,248395,198800,1600,via_1600x480
VDD,met3-met4,STRIPE,via,219655,198320,221255,198800,1600,via3_1600x480
VDD,met2-met3,STRIPE,via,219655,198320,221255,198800,1600,via2_1600x480
VDD,met1-met2,STRIPE,via,219655,198320,221255,198800,1600,via_1600x480
VDD,met3-met4,STRIPE,via,192515,198320,194115,198800,1600,via3_1600x480
VDD,met2-met3,STRIPE,via,192515,198320,194115,198800,1600,via2_1600x480
VDD,met1-met2,STRIPE,via,192515,198320,194115,198800,1600,via_1600x480
VDD,met3-met4,STRIPE,via,165375,198320,166975,198800,1600,via3_1600x480
VDD,met2-met3,STRIPE,via,165375,198320,166975,198800,1600,via2_1600x480
VDD,met1-met2,STRIPE,via,165375,198320,166975,198800,1600,via_1600x480
VDD,met3-met4,STRIPE,via,138235,198320,139835,198800,1600,via3_1600x480
VDD,met2-met3,STRIPE,via,138235,198320,139835,198800,1600,via2_1600x480
VDD,met1-met2,STRIPE,via,138235,198320,139835,198800,1600,via_1600x480
VDD,met3-met4,STRIPE,via,111095,198320,112695,198800,1600,via3_1600x480
VDD,met2-met3,STRIPE,via,111095,198320,112695,198800,1600,via2_1600x480
VDD,met1-met2,STRIPE,via,111095,198320,112695,198800,1600,via_1600x480
VDD,met3-met4,STRIPE,via,83955,198320,85555,198800,1600,via3_1600x480
VDD,met2-met3,STRIPE,via,83955,198320,85555,198800,1600,via2_1600x480
VDD,met1-met2,STRIPE,via,83955,198320,85555,198800,1600,via_1600x480
VDD,met3-met4,STRIPE,via,56815,198320,58415,198800,1600,via3_1600x480
VDD,met2-met3,STRIPE,via,56815,198320,58415,198800,1600,via2_1600x480
VDD,met1-met2,STRIPE,via,56815,198320,58415,198800,1600,via_1600x480
VDD,met3-met4,STRIPE,via,29675,198320,31275,198800,1600,via3_1600x480
VDD,met2-met3,STRIPE,via,29675,198320,31275,198800,1600,via2_1600x480
VDD,met1-met2,STRIPE,via,29675,198320,31275,198800,1600,via_1600x480
VDD,met3-met4,STRIPE,via,246795,192880,248395,193360,1600,via3_1600x480
VDD,met2-met3,STRIPE,via,246795,192880,248395,193360,1600,via2_1600x480
VDD,met1-met2,STRIPE,via,246795,192880,248395,193360,1600,via_1600x480
VDD,met3-met4,STRIPE,via,219655,192880,221255,193360,1600,via3_1600x480
VDD,met2-met3,STRIPE,via,219655,192880,221255,193360,1600,via2_1600x480
VDD,met1-met2,STRIPE,via,219655,192880,221255,193360,1600,via_1600x480
VDD,met3-met4,STRIPE,via,192515,192880,194115,193360,1600,via3_1600x480
VDD,met2-met3,STRIPE,via,192515,192880,194115,193360,1600,via2_1600x480
VDD,met1-met2,STRIPE,via,192515,192880,194115,193360,1600,via_1600x480
VDD,met3-met4,STRIPE,via,165375,192880,166975,193360,1600,via3_1600x480
VDD,met2-met3,STRIPE,via,165375,192880,166975,193360,1600,via2_1600x480
VDD,met1-met2,STRIPE,via,165375,192880,166975,193360,1600,via_1600x480
VDD,met3-met4,STRIPE,via,138235,192880,139835,193360,1600,via3_1600x480
VDD,met2-met3,STRIPE,via,138235,192880,139835,193360,1600,via2_1600x480
VDD,met1-met2,STRIPE,via,138235,192880,139835,193360,1600,via_1600x480
VDD,met3-met4,STRIPE,via,111095,192880,112695,193360,1600,via3_1600x480
VDD,met2-met3,STRIPE,via,111095,192880,112695,193360,1600,via2_1600x480
VDD,met1-met2,STRIPE,via,111095,192880,112695,193360,1600,via_1600x480
VDD,met3-met4,STRIPE,via,83955,192880,85555,193360,1600,via3_1600x480
VDD,met2-met3,STRIPE,via,83955,192880,85555,193360,1600,via2_1600x480
VDD,met1-met2,STRIPE,via,83955,192880,85555,193360,1600,via_1600x480
VDD,met3-met4,STRIPE,via,56815,192880,58415,193360,1600,via3_1600x480
VDD,met2-met3,STRIPE,via,56815,192880,58415,193360,1600,via2_1600x480
VDD,met1-met2,STRIPE,via,56815,192880,58415,193360,1600,via_1600x480
VDD,met3-met4,STRIPE,via,29675,192880,31275,193360,1600,via3_1600x480
VDD,met2-met3,STRIPE,via,29675,192880,31275,193360,1600,via2_1600x480
VDD,met1-met2,STRIPE,via,29675,192880,31275,193360,1600,via_1600x480
VDD,met3-met4,STRIPE,via,246795,187440,248395,187920,1600,via3_1600x480
VDD,met2-met3,STRIPE,via,246795,187440,248395,187920,1600,via2_1600x480
VDD,met1-met2,STRIPE,via,246795,187440,248395,187920,1600,via_1600x480
VDD,met3-met4,STRIPE,via,219655,187440,221255,187920,1600,via3_1600x480
VDD,met2-met3,STRIPE,via,219655,187440,221255,187920,1600,via2_1600x480
VDD,met1-met2,STRIPE,via,219655,187440,221255,187920,1600,via_1600x480
VDD,met3-met4,STRIPE,via,192515,187440,194115,187920,1600,via3_1600x480
VDD,met2-met3,STRIPE,via,192515,187440,194115,187920,1600,via2_1600x480
VDD,met1-met2,STRIPE,via,192515,187440,194115,187920,1600,via_1600x480
VDD,met3-met4,STRIPE,via,165375,187440,166975,187920,1600,via3_1600x480
VDD,met2-met3,STRIPE,via,165375,187440,166975,187920,1600,via2_1600x480
VDD,met1-met2,STRIPE,via,165375,187440,166975,187920,1600,via_1600x480
VDD,met3-met4,STRIPE,via,138235,187440,139835,187920,1600,via3_1600x480
VDD,met2-met3,STRIPE,via,138235,187440,139835,187920,1600,via2_1600x480
VDD,met1-met2,STRIPE,via,138235,187440,139835,187920,1600,via_1600x480
VDD,met3-met4,STRIPE,via,111095,187440,112695,187920,1600,via3_1600x480
VDD,met2-met3,STRIPE,via,111095,187440,112695,187920,1600,via2_1600x480
VDD,met1-met2,STRIPE,via,111095,187440,112695,187920,1600,via_1600x480
VDD,met3-met4,STRIPE,via,83955,187440,85555,187920,1600,via3_1600x480
VDD,met2-met3,STRIPE,via,83955,187440,85555,187920,1600,via2_1600x480
VDD,met1-met2,STRIPE,via,83955,187440,85555,187920,1600,via_1600x480
VDD,met3-met4,STRIPE,via,56815,187440,58415,187920,1600,via3_1600x480
VDD,met2-met3,STRIPE,via,56815,187440,58415,187920,1600,via2_1600x480
VDD,met1-met2,STRIPE,via,56815,187440,58415,187920,1600,via_1600x480
VDD,met3-met4,STRIPE,via,29675,187440,31275,187920,1600,via3_1600x480
VDD,met2-met3,STRIPE,via,29675,187440,31275,187920,1600,via2_1600x480
VDD,met1-met2,STRIPE,via,29675,187440,31275,187920,1600,via_1600x480
VDD,met3-met4,STRIPE,via,246795,182000,248395,182480,1600,via3_1600x480
VDD,met2-met3,STRIPE,via,246795,182000,248395,182480,1600,via2_1600x480
VDD,met1-met2,STRIPE,via,246795,182000,248395,182480,1600,via_1600x480
VDD,met3-met4,STRIPE,via,219655,182000,221255,182480,1600,via3_1600x480
VDD,met2-met3,STRIPE,via,219655,182000,221255,182480,1600,via2_1600x480
VDD,met1-met2,STRIPE,via,219655,182000,221255,182480,1600,via_1600x480
VDD,met3-met4,STRIPE,via,192515,182000,194115,182480,1600,via3_1600x480
VDD,met2-met3,STRIPE,via,192515,182000,194115,182480,1600,via2_1600x480
VDD,met1-met2,STRIPE,via,192515,182000,194115,182480,1600,via_1600x480
VDD,met3-met4,STRIPE,via,165375,182000,166975,182480,1600,via3_1600x480
VDD,met2-met3,STRIPE,via,165375,182000,166975,182480,1600,via2_1600x480
VDD,met1-met2,STRIPE,via,165375,182000,166975,182480,1600,via_1600x480
VDD,met3-met4,STRIPE,via,138235,182000,139835,182480,1600,via3_1600x480
VDD,met2-met3,STRIPE,via,138235,182000,139835,182480,1600,via2_1600x480
VDD,met1-met2,STRIPE,via,138235,182000,139835,182480,1600,via_1600x480
VDD,met3-met4,STRIPE,via,111095,182000,112695,182480,1600,via3_1600x480
VDD,met2-met3,STRIPE,via,111095,182000,112695,182480,1600,via2_1600x480
VDD,met1-met2,STRIPE,via,111095,182000,112695,182480,1600,via_1600x480
VDD,met3-met4,STRIPE,via,83955,182000,85555,182480,1600,via3_1600x480
VDD,met2-met3,STRIPE,via,83955,182000,85555,182480,1600,via2_1600x480
VDD,met1-met2,STRIPE,via,83955,182000,85555,182480,1600,via_1600x480
VDD,met3-met4,STRIPE,via,56815,182000,58415,182480,1600,via3_1600x480
VDD,met2-met3,STRIPE,via,56815,182000,58415,182480,1600,via2_1600x480
VDD,met1-met2,STRIPE,via,56815,182000,58415,182480,1600,via_1600x480
VDD,met3-met4,STRIPE,via,29675,182000,31275,182480,1600,via3_1600x480
VDD,met2-met3,STRIPE,via,29675,182000,31275,182480,1600,via2_1600x480
VDD,met1-met2,STRIPE,via,29675,182000,31275,182480,1600,via_1600x480
VDD,met3-met4,STRIPE,via,246795,176560,248395,177040,1600,via3_1600x480
VDD,met2-met3,STRIPE,via,246795,176560,248395,177040,1600,via2_1600x480
VDD,met1-met2,STRIPE,via,246795,176560,248395,177040,1600,via_1600x480
VDD,met3-met4,STRIPE,via,219655,176560,221255,177040,1600,via3_1600x480
VDD,met2-met3,STRIPE,via,219655,176560,221255,177040,1600,via2_1600x480
VDD,met1-met2,STRIPE,via,219655,176560,221255,177040,1600,via_1600x480
VDD,met3-met4,STRIPE,via,192515,176560,194115,177040,1600,via3_1600x480
VDD,met2-met3,STRIPE,via,192515,176560,194115,177040,1600,via2_1600x480
VDD,met1-met2,STRIPE,via,192515,176560,194115,177040,1600,via_1600x480
VDD,met3-met4,STRIPE,via,165375,176560,166975,177040,1600,via3_1600x480
VDD,met2-met3,STRIPE,via,165375,176560,166975,177040,1600,via2_1600x480
VDD,met1-met2,STRIPE,via,165375,176560,166975,177040,1600,via_1600x480
VDD,met3-met4,STRIPE,via,138235,176560,139835,177040,1600,via3_1600x480
VDD,met2-met3,STRIPE,via,138235,176560,139835,177040,1600,via2_1600x480
VDD,met1-met2,STRIPE,via,138235,176560,139835,177040,1600,via_1600x480
VDD,met3-met4,STRIPE,via,111095,176560,112695,177040,1600,via3_1600x480
VDD,met2-met3,STRIPE,via,111095,176560,112695,177040,1600,via2_1600x480
VDD,met1-met2,STRIPE,via,111095,176560,112695,177040,1600,via_1600x480
VDD,met3-met4,STRIPE,via,83955,176560,85555,177040,1600,via3_1600x480
VDD,met2-met3,STRIPE,via,83955,176560,85555,177040,1600,via2_1600x480
VDD,met1-met2,STRIPE,via,83955,176560,85555,177040,1600,via_1600x480
VDD,met3-met4,STRIPE,via,56815,176560,58415,177040,1600,via3_1600x480
VDD,met2-met3,STRIPE,via,56815,176560,58415,177040,1600,via2_1600x480
VDD,met1-met2,STRIPE,via,56815,176560,58415,177040,1600,via_1600x480
VDD,met3-met4,STRIPE,via,29675,176560,31275,177040,1600,via3_1600x480
VDD,met2-met3,STRIPE,via,29675,176560,31275,177040,1600,via2_1600x480
VDD,met1-met2,STRIPE,via,29675,176560,31275,177040,1600,via_1600x480
VDD,met3-met4,STRIPE,via,246795,171120,248395,171600,1600,via3_1600x480
VDD,met2-met3,STRIPE,via,246795,171120,248395,171600,1600,via2_1600x480
VDD,met1-met2,STRIPE,via,246795,171120,248395,171600,1600,via_1600x480
VDD,met3-met4,STRIPE,via,219655,171120,221255,171600,1600,via3_1600x480
VDD,met2-met3,STRIPE,via,219655,171120,221255,171600,1600,via2_1600x480
VDD,met1-met2,STRIPE,via,219655,171120,221255,171600,1600,via_1600x480
VDD,met3-met4,STRIPE,via,192515,171120,194115,171600,1600,via3_1600x480
VDD,met2-met3,STRIPE,via,192515,171120,194115,171600,1600,via2_1600x480
VDD,met1-met2,STRIPE,via,192515,171120,194115,171600,1600,via_1600x480
VDD,met3-met4,STRIPE,via,165375,171120,166975,171600,1600,via3_1600x480
VDD,met2-met3,STRIPE,via,165375,171120,166975,171600,1600,via2_1600x480
VDD,met1-met2,STRIPE,via,165375,171120,166975,171600,1600,via_1600x480
VDD,met3-met4,STRIPE,via,138235,171120,139835,171600,1600,via3_1600x480
VDD,met2-met3,STRIPE,via,138235,171120,139835,171600,1600,via2_1600x480
VDD,met1-met2,STRIPE,via,138235,171120,139835,171600,1600,via_1600x480
VDD,met3-met4,STRIPE,via,111095,171120,112695,171600,1600,via3_1600x480
VDD,met2-met3,STRIPE,via,111095,171120,112695,171600,1600,via2_1600x480
VDD,met1-met2,STRIPE,via,111095,171120,112695,171600,1600,via_1600x480
VDD,met3-met4,STRIPE,via,83955,171120,85555,171600,1600,via3_1600x480
VDD,met2-met3,STRIPE,via,83955,171120,85555,171600,1600,via2_1600x480
VDD,met1-met2,STRIPE,via,83955,171120,85555,171600,1600,via_1600x480
VDD,met3-met4,STRIPE,via,56815,171120,58415,171600,1600,via3_1600x480
VDD,met2-met3,STRIPE,via,56815,171120,58415,171600,1600,via2_1600x480
VDD,met1-met2,STRIPE,via,56815,171120,58415,171600,1600,via_1600x480
VDD,met3-met4,STRIPE,via,29675,171120,31275,171600,1600,via3_1600x480
VDD,met2-met3,STRIPE,via,29675,171120,31275,171600,1600,via2_1600x480
VDD,met1-met2,STRIPE,via,29675,171120,31275,171600,1600,via_1600x480
VDD,met3-met4,STRIPE,via,246795,165680,248395,166160,1600,via3_1600x480
VDD,met2-met3,STRIPE,via,246795,165680,248395,166160,1600,via2_1600x480
VDD,met1-met2,STRIPE,via,246795,165680,248395,166160,1600,via_1600x480
VDD,met3-met4,STRIPE,via,219655,165680,221255,166160,1600,via3_1600x480
VDD,met2-met3,STRIPE,via,219655,165680,221255,166160,1600,via2_1600x480
VDD,met1-met2,STRIPE,via,219655,165680,221255,166160,1600,via_1600x480
VDD,met3-met4,STRIPE,via,192515,165680,194115,166160,1600,via3_1600x480
VDD,met2-met3,STRIPE,via,192515,165680,194115,166160,1600,via2_1600x480
VDD,met1-met2,STRIPE,via,192515,165680,194115,166160,1600,via_1600x480
VDD,met3-met4,STRIPE,via,165375,165680,166975,166160,1600,via3_1600x480
VDD,met2-met3,STRIPE,via,165375,165680,166975,166160,1600,via2_1600x480
VDD,met1-met2,STRIPE,via,165375,165680,166975,166160,1600,via_1600x480
VDD,met3-met4,STRIPE,via,138235,165680,139835,166160,1600,via3_1600x480
VDD,met2-met3,STRIPE,via,138235,165680,139835,166160,1600,via2_1600x480
VDD,met1-met2,STRIPE,via,138235,165680,139835,166160,1600,via_1600x480
VDD,met3-met4,STRIPE,via,111095,165680,112695,166160,1600,via3_1600x480
VDD,met2-met3,STRIPE,via,111095,165680,112695,166160,1600,via2_1600x480
VDD,met1-met2,STRIPE,via,111095,165680,112695,166160,1600,via_1600x480
VDD,met3-met4,STRIPE,via,83955,165680,85555,166160,1600,via3_1600x480
VDD,met2-met3,STRIPE,via,83955,165680,85555,166160,1600,via2_1600x480
VDD,met1-met2,STRIPE,via,83955,165680,85555,166160,1600,via_1600x480
VDD,met3-met4,STRIPE,via,56815,165680,58415,166160,1600,via3_1600x480
VDD,met2-met3,STRIPE,via,56815,165680,58415,166160,1600,via2_1600x480
VDD,met1-met2,STRIPE,via,56815,165680,58415,166160,1600,via_1600x480
VDD,met3-met4,STRIPE,via,29675,165680,31275,166160,1600,via3_1600x480
VDD,met2-met3,STRIPE,via,29675,165680,31275,166160,1600,via2_1600x480
VDD,met1-met2,STRIPE,via,29675,165680,31275,166160,1600,via_1600x480
VDD,met3-met4,STRIPE,via,246795,160240,248395,160720,1600,via3_1600x480
VDD,met2-met3,STRIPE,via,246795,160240,248395,160720,1600,via2_1600x480
VDD,met1-met2,STRIPE,via,246795,160240,248395,160720,1600,via_1600x480
VDD,met3-met4,STRIPE,via,219655,160240,221255,160720,1600,via3_1600x480
VDD,met2-met3,STRIPE,via,219655,160240,221255,160720,1600,via2_1600x480
VDD,met1-met2,STRIPE,via,219655,160240,221255,160720,1600,via_1600x480
VDD,met3-met4,STRIPE,via,192515,160240,194115,160720,1600,via3_1600x480
VDD,met2-met3,STRIPE,via,192515,160240,194115,160720,1600,via2_1600x480
VDD,met1-met2,STRIPE,via,192515,160240,194115,160720,1600,via_1600x480
VDD,met3-met4,STRIPE,via,165375,160240,166975,160720,1600,via3_1600x480
VDD,met2-met3,STRIPE,via,165375,160240,166975,160720,1600,via2_1600x480
VDD,met1-met2,STRIPE,via,165375,160240,166975,160720,1600,via_1600x480
VDD,met3-met4,STRIPE,via,138235,160240,139835,160720,1600,via3_1600x480
VDD,met2-met3,STRIPE,via,138235,160240,139835,160720,1600,via2_1600x480
VDD,met1-met2,STRIPE,via,138235,160240,139835,160720,1600,via_1600x480
VDD,met3-met4,STRIPE,via,111095,160240,112695,160720,1600,via3_1600x480
VDD,met2-met3,STRIPE,via,111095,160240,112695,160720,1600,via2_1600x480
VDD,met1-met2,STRIPE,via,111095,160240,112695,160720,1600,via_1600x480
VDD,met3-met4,STRIPE,via,83955,160240,85555,160720,1600,via3_1600x480
VDD,met2-met3,STRIPE,via,83955,160240,85555,160720,1600,via2_1600x480
VDD,met1-met2,STRIPE,via,83955,160240,85555,160720,1600,via_1600x480
VDD,met3-met4,STRIPE,via,56815,160240,58415,160720,1600,via3_1600x480
VDD,met2-met3,STRIPE,via,56815,160240,58415,160720,1600,via2_1600x480
VDD,met1-met2,STRIPE,via,56815,160240,58415,160720,1600,via_1600x480
VDD,met3-met4,STRIPE,via,29675,160240,31275,160720,1600,via3_1600x480
VDD,met2-met3,STRIPE,via,29675,160240,31275,160720,1600,via2_1600x480
VDD,met1-met2,STRIPE,via,29675,160240,31275,160720,1600,via_1600x480
VDD,met3-met4,STRIPE,via,246795,154800,248395,155280,1600,via3_1600x480
VDD,met2-met3,STRIPE,via,246795,154800,248395,155280,1600,via2_1600x480
VDD,met1-met2,STRIPE,via,246795,154800,248395,155280,1600,via_1600x480
VDD,met3-met4,STRIPE,via,219655,154800,221255,155280,1600,via3_1600x480
VDD,met2-met3,STRIPE,via,219655,154800,221255,155280,1600,via2_1600x480
VDD,met1-met2,STRIPE,via,219655,154800,221255,155280,1600,via_1600x480
VDD,met3-met4,STRIPE,via,192515,154800,194115,155280,1600,via3_1600x480
VDD,met2-met3,STRIPE,via,192515,154800,194115,155280,1600,via2_1600x480
VDD,met1-met2,STRIPE,via,192515,154800,194115,155280,1600,via_1600x480
VDD,met3-met4,STRIPE,via,165375,154800,166975,155280,1600,via3_1600x480
VDD,met2-met3,STRIPE,via,165375,154800,166975,155280,1600,via2_1600x480
VDD,met1-met2,STRIPE,via,165375,154800,166975,155280,1600,via_1600x480
VDD,met3-met4,STRIPE,via,138235,154800,139835,155280,1600,via3_1600x480
VDD,met2-met3,STRIPE,via,138235,154800,139835,155280,1600,via2_1600x480
VDD,met1-met2,STRIPE,via,138235,154800,139835,155280,1600,via_1600x480
VDD,met3-met4,STRIPE,via,111095,154800,112695,155280,1600,via3_1600x480
VDD,met2-met3,STRIPE,via,111095,154800,112695,155280,1600,via2_1600x480
VDD,met1-met2,STRIPE,via,111095,154800,112695,155280,1600,via_1600x480
VDD,met3-met4,STRIPE,via,83955,154800,85555,155280,1600,via3_1600x480
VDD,met2-met3,STRIPE,via,83955,154800,85555,155280,1600,via2_1600x480
VDD,met1-met2,STRIPE,via,83955,154800,85555,155280,1600,via_1600x480
VDD,met3-met4,STRIPE,via,56815,154800,58415,155280,1600,via3_1600x480
VDD,met2-met3,STRIPE,via,56815,154800,58415,155280,1600,via2_1600x480
VDD,met1-met2,STRIPE,via,56815,154800,58415,155280,1600,via_1600x480
VDD,met3-met4,STRIPE,via,29675,154800,31275,155280,1600,via3_1600x480
VDD,met2-met3,STRIPE,via,29675,154800,31275,155280,1600,via2_1600x480
VDD,met1-met2,STRIPE,via,29675,154800,31275,155280,1600,via_1600x480
VDD,met3-met4,STRIPE,via,246795,149360,248395,149840,1600,via3_1600x480
VDD,met2-met3,STRIPE,via,246795,149360,248395,149840,1600,via2_1600x480
VDD,met1-met2,STRIPE,via,246795,149360,248395,149840,1600,via_1600x480
VDD,met3-met4,STRIPE,via,219655,149360,221255,149840,1600,via3_1600x480
VDD,met2-met3,STRIPE,via,219655,149360,221255,149840,1600,via2_1600x480
VDD,met1-met2,STRIPE,via,219655,149360,221255,149840,1600,via_1600x480
VDD,met3-met4,STRIPE,via,192515,149360,194115,149840,1600,via3_1600x480
VDD,met2-met3,STRIPE,via,192515,149360,194115,149840,1600,via2_1600x480
VDD,met1-met2,STRIPE,via,192515,149360,194115,149840,1600,via_1600x480
VDD,met3-met4,STRIPE,via,165375,149360,166975,149840,1600,via3_1600x480
VDD,met2-met3,STRIPE,via,165375,149360,166975,149840,1600,via2_1600x480
VDD,met1-met2,STRIPE,via,165375,149360,166975,149840,1600,via_1600x480
VDD,met3-met4,STRIPE,via,138235,149360,139835,149840,1600,via3_1600x480
VDD,met2-met3,STRIPE,via,138235,149360,139835,149840,1600,via2_1600x480
VDD,met1-met2,STRIPE,via,138235,149360,139835,149840,1600,via_1600x480
VDD,met3-met4,STRIPE,via,111095,149360,112695,149840,1600,via3_1600x480
VDD,met2-met3,STRIPE,via,111095,149360,112695,149840,1600,via2_1600x480
VDD,met1-met2,STRIPE,via,111095,149360,112695,149840,1600,via_1600x480
VDD,met3-met4,STRIPE,via,83955,149360,85555,149840,1600,via3_1600x480
VDD,met2-met3,STRIPE,via,83955,149360,85555,149840,1600,via2_1600x480
VDD,met1-met2,STRIPE,via,83955,149360,85555,149840,1600,via_1600x480
VDD,met3-met4,STRIPE,via,56815,149360,58415,149840,1600,via3_1600x480
VDD,met2-met3,STRIPE,via,56815,149360,58415,149840,1600,via2_1600x480
VDD,met1-met2,STRIPE,via,56815,149360,58415,149840,1600,via_1600x480
VDD,met3-met4,STRIPE,via,29675,149360,31275,149840,1600,via3_1600x480
VDD,met2-met3,STRIPE,via,29675,149360,31275,149840,1600,via2_1600x480
VDD,met1-met2,STRIPE,via,29675,149360,31275,149840,1600,via_1600x480
VDD,met3-met4,STRIPE,via,246795,143920,248395,144400,1600,via3_1600x480
VDD,met2-met3,STRIPE,via,246795,143920,248395,144400,1600,via2_1600x480
VDD,met1-met2,STRIPE,via,246795,143920,248395,144400,1600,via_1600x480
VDD,met3-met4,STRIPE,via,219655,143920,221255,144400,1600,via3_1600x480
VDD,met2-met3,STRIPE,via,219655,143920,221255,144400,1600,via2_1600x480
VDD,met1-met2,STRIPE,via,219655,143920,221255,144400,1600,via_1600x480
VDD,met3-met4,STRIPE,via,192515,143920,194115,144400,1600,via3_1600x480
VDD,met2-met3,STRIPE,via,192515,143920,194115,144400,1600,via2_1600x480
VDD,met1-met2,STRIPE,via,192515,143920,194115,144400,1600,via_1600x480
VDD,met3-met4,STRIPE,via,165375,143920,166975,144400,1600,via3_1600x480
VDD,met2-met3,STRIPE,via,165375,143920,166975,144400,1600,via2_1600x480
VDD,met1-met2,STRIPE,via,165375,143920,166975,144400,1600,via_1600x480
VDD,met3-met4,STRIPE,via,138235,143920,139835,144400,1600,via3_1600x480
VDD,met2-met3,STRIPE,via,138235,143920,139835,144400,1600,via2_1600x480
VDD,met1-met2,STRIPE,via,138235,143920,139835,144400,1600,via_1600x480
VDD,met3-met4,STRIPE,via,111095,143920,112695,144400,1600,via3_1600x480
VDD,met2-met3,STRIPE,via,111095,143920,112695,144400,1600,via2_1600x480
VDD,met1-met2,STRIPE,via,111095,143920,112695,144400,1600,via_1600x480
VDD,met3-met4,STRIPE,via,83955,143920,85555,144400,1600,via3_1600x480
VDD,met2-met3,STRIPE,via,83955,143920,85555,144400,1600,via2_1600x480
VDD,met1-met2,STRIPE,via,83955,143920,85555,144400,1600,via_1600x480
VDD,met3-met4,STRIPE,via,56815,143920,58415,144400,1600,via3_1600x480
VDD,met2-met3,STRIPE,via,56815,143920,58415,144400,1600,via2_1600x480
VDD,met1-met2,STRIPE,via,56815,143920,58415,144400,1600,via_1600x480
VDD,met3-met4,STRIPE,via,29675,143920,31275,144400,1600,via3_1600x480
VDD,met2-met3,STRIPE,via,29675,143920,31275,144400,1600,via2_1600x480
VDD,met1-met2,STRIPE,via,29675,143920,31275,144400,1600,via_1600x480
VDD,met3-met4,STRIPE,via,246795,138480,248395,138960,1600,via3_1600x480
VDD,met2-met3,STRIPE,via,246795,138480,248395,138960,1600,via2_1600x480
VDD,met1-met2,STRIPE,via,246795,138480,248395,138960,1600,via_1600x480
VDD,met3-met4,STRIPE,via,219655,138480,221255,138960,1600,via3_1600x480
VDD,met2-met3,STRIPE,via,219655,138480,221255,138960,1600,via2_1600x480
VDD,met1-met2,STRIPE,via,219655,138480,221255,138960,1600,via_1600x480
VDD,met3-met4,STRIPE,via,192515,138480,194115,138960,1600,via3_1600x480
VDD,met2-met3,STRIPE,via,192515,138480,194115,138960,1600,via2_1600x480
VDD,met1-met2,STRIPE,via,192515,138480,194115,138960,1600,via_1600x480
VDD,met3-met4,STRIPE,via,165375,138480,166975,138960,1600,via3_1600x480
VDD,met2-met3,STRIPE,via,165375,138480,166975,138960,1600,via2_1600x480
VDD,met1-met2,STRIPE,via,165375,138480,166975,138960,1600,via_1600x480
VDD,met3-met4,STRIPE,via,138235,138480,139835,138960,1600,via3_1600x480
VDD,met2-met3,STRIPE,via,138235,138480,139835,138960,1600,via2_1600x480
VDD,met1-met2,STRIPE,via,138235,138480,139835,138960,1600,via_1600x480
VDD,met3-met4,STRIPE,via,111095,138480,112695,138960,1600,via3_1600x480
VDD,met2-met3,STRIPE,via,111095,138480,112695,138960,1600,via2_1600x480
VDD,met1-met2,STRIPE,via,111095,138480,112695,138960,1600,via_1600x480
VDD,met3-met4,STRIPE,via,83955,138480,85555,138960,1600,via3_1600x480
VDD,met2-met3,STRIPE,via,83955,138480,85555,138960,1600,via2_1600x480
VDD,met1-met2,STRIPE,via,83955,138480,85555,138960,1600,via_1600x480
VDD,met3-met4,STRIPE,via,56815,138480,58415,138960,1600,via3_1600x480
VDD,met2-met3,STRIPE,via,56815,138480,58415,138960,1600,via2_1600x480
VDD,met1-met2,STRIPE,via,56815,138480,58415,138960,1600,via_1600x480
VDD,met3-met4,STRIPE,via,29675,138480,31275,138960,1600,via3_1600x480
VDD,met2-met3,STRIPE,via,29675,138480,31275,138960,1600,via2_1600x480
VDD,met1-met2,STRIPE,via,29675,138480,31275,138960,1600,via_1600x480
VDD,met3-met4,STRIPE,via,246795,133040,248395,133520,1600,via3_1600x480
VDD,met2-met3,STRIPE,via,246795,133040,248395,133520,1600,via2_1600x480
VDD,met1-met2,STRIPE,via,246795,133040,248395,133520,1600,via_1600x480
VDD,met3-met4,STRIPE,via,219655,133040,221255,133520,1600,via3_1600x480
VDD,met2-met3,STRIPE,via,219655,133040,221255,133520,1600,via2_1600x480
VDD,met1-met2,STRIPE,via,219655,133040,221255,133520,1600,via_1600x480
VDD,met3-met4,STRIPE,via,192515,133040,194115,133520,1600,via3_1600x480
VDD,met2-met3,STRIPE,via,192515,133040,194115,133520,1600,via2_1600x480
VDD,met1-met2,STRIPE,via,192515,133040,194115,133520,1600,via_1600x480
VDD,met3-met4,STRIPE,via,165375,133040,166975,133520,1600,via3_1600x480
VDD,met2-met3,STRIPE,via,165375,133040,166975,133520,1600,via2_1600x480
VDD,met1-met2,STRIPE,via,165375,133040,166975,133520,1600,via_1600x480
VDD,met3-met4,STRIPE,via,138235,133040,139835,133520,1600,via3_1600x480
VDD,met2-met3,STRIPE,via,138235,133040,139835,133520,1600,via2_1600x480
VDD,met1-met2,STRIPE,via,138235,133040,139835,133520,1600,via_1600x480
VDD,met3-met4,STRIPE,via,111095,133040,112695,133520,1600,via3_1600x480
VDD,met2-met3,STRIPE,via,111095,133040,112695,133520,1600,via2_1600x480
VDD,met1-met2,STRIPE,via,111095,133040,112695,133520,1600,via_1600x480
VDD,met3-met4,STRIPE,via,83955,133040,85555,133520,1600,via3_1600x480
VDD,met2-met3,STRIPE,via,83955,133040,85555,133520,1600,via2_1600x480
VDD,met1-met2,STRIPE,via,83955,133040,85555,133520,1600,via_1600x480
VDD,met3-met4,STRIPE,via,56815,133040,58415,133520,1600,via3_1600x480
VDD,met2-met3,STRIPE,via,56815,133040,58415,133520,1600,via2_1600x480
VDD,met1-met2,STRIPE,via,56815,133040,58415,133520,1600,via_1600x480
VDD,met3-met4,STRIPE,via,29675,133040,31275,133520,1600,via3_1600x480
VDD,met2-met3,STRIPE,via,29675,133040,31275,133520,1600,via2_1600x480
VDD,met1-met2,STRIPE,via,29675,133040,31275,133520,1600,via_1600x480
VDD,met3-met4,STRIPE,via,246795,127600,248395,128080,1600,via3_1600x480
VDD,met2-met3,STRIPE,via,246795,127600,248395,128080,1600,via2_1600x480
VDD,met1-met2,STRIPE,via,246795,127600,248395,128080,1600,via_1600x480
VDD,met3-met4,STRIPE,via,219655,127600,221255,128080,1600,via3_1600x480
VDD,met2-met3,STRIPE,via,219655,127600,221255,128080,1600,via2_1600x480
VDD,met1-met2,STRIPE,via,219655,127600,221255,128080,1600,via_1600x480
VDD,met3-met4,STRIPE,via,192515,127600,194115,128080,1600,via3_1600x480
VDD,met2-met3,STRIPE,via,192515,127600,194115,128080,1600,via2_1600x480
VDD,met1-met2,STRIPE,via,192515,127600,194115,128080,1600,via_1600x480
VDD,met3-met4,STRIPE,via,165375,127600,166975,128080,1600,via3_1600x480
VDD,met2-met3,STRIPE,via,165375,127600,166975,128080,1600,via2_1600x480
VDD,met1-met2,STRIPE,via,165375,127600,166975,128080,1600,via_1600x480
VDD,met3-met4,STRIPE,via,138235,127600,139835,128080,1600,via3_1600x480
VDD,met2-met3,STRIPE,via,138235,127600,139835,128080,1600,via2_1600x480
VDD,met1-met2,STRIPE,via,138235,127600,139835,128080,1600,via_1600x480
VDD,met3-met4,STRIPE,via,111095,127600,112695,128080,1600,via3_1600x480
VDD,met2-met3,STRIPE,via,111095,127600,112695,128080,1600,via2_1600x480
VDD,met1-met2,STRIPE,via,111095,127600,112695,128080,1600,via_1600x480
VDD,met3-met4,STRIPE,via,83955,127600,85555,128080,1600,via3_1600x480
VDD,met2-met3,STRIPE,via,83955,127600,85555,128080,1600,via2_1600x480
VDD,met1-met2,STRIPE,via,83955,127600,85555,128080,1600,via_1600x480
VDD,met3-met4,STRIPE,via,56815,127600,58415,128080,1600,via3_1600x480
VDD,met2-met3,STRIPE,via,56815,127600,58415,128080,1600,via2_1600x480
VDD,met1-met2,STRIPE,via,56815,127600,58415,128080,1600,via_1600x480
VDD,met3-met4,STRIPE,via,29675,127600,31275,128080,1600,via3_1600x480
VDD,met2-met3,STRIPE,via,29675,127600,31275,128080,1600,via2_1600x480
VDD,met1-met2,STRIPE,via,29675,127600,31275,128080,1600,via_1600x480
VDD,met3-met4,STRIPE,via,246795,122160,248395,122640,1600,via3_1600x480
VDD,met2-met3,STRIPE,via,246795,122160,248395,122640,1600,via2_1600x480
VDD,met1-met2,STRIPE,via,246795,122160,248395,122640,1600,via_1600x480
VDD,met3-met4,STRIPE,via,219655,122160,221255,122640,1600,via3_1600x480
VDD,met2-met3,STRIPE,via,219655,122160,221255,122640,1600,via2_1600x480
VDD,met1-met2,STRIPE,via,219655,122160,221255,122640,1600,via_1600x480
VDD,met3-met4,STRIPE,via,192515,122160,194115,122640,1600,via3_1600x480
VDD,met2-met3,STRIPE,via,192515,122160,194115,122640,1600,via2_1600x480
VDD,met1-met2,STRIPE,via,192515,122160,194115,122640,1600,via_1600x480
VDD,met3-met4,STRIPE,via,165375,122160,166975,122640,1600,via3_1600x480
VDD,met2-met3,STRIPE,via,165375,122160,166975,122640,1600,via2_1600x480
VDD,met1-met2,STRIPE,via,165375,122160,166975,122640,1600,via_1600x480
VDD,met3-met4,STRIPE,via,138235,122160,139835,122640,1600,via3_1600x480
VDD,met2-met3,STRIPE,via,138235,122160,139835,122640,1600,via2_1600x480
VDD,met1-met2,STRIPE,via,138235,122160,139835,122640,1600,via_1600x480
VDD,met3-met4,STRIPE,via,111095,122160,112695,122640,1600,via3_1600x480
VDD,met2-met3,STRIPE,via,111095,122160,112695,122640,1600,via2_1600x480
VDD,met1-met2,STRIPE,via,111095,122160,112695,122640,1600,via_1600x480
VDD,met3-met4,STRIPE,via,83955,122160,85555,122640,1600,via3_1600x480
VDD,met2-met3,STRIPE,via,83955,122160,85555,122640,1600,via2_1600x480
VDD,met1-met2,STRIPE,via,83955,122160,85555,122640,1600,via_1600x480
VDD,met3-met4,STRIPE,via,56815,122160,58415,122640,1600,via3_1600x480
VDD,met2-met3,STRIPE,via,56815,122160,58415,122640,1600,via2_1600x480
VDD,met1-met2,STRIPE,via,56815,122160,58415,122640,1600,via_1600x480
VDD,met3-met4,STRIPE,via,29675,122160,31275,122640,1600,via3_1600x480
VDD,met2-met3,STRIPE,via,29675,122160,31275,122640,1600,via2_1600x480
VDD,met1-met2,STRIPE,via,29675,122160,31275,122640,1600,via_1600x480
VDD,met3-met4,STRIPE,via,246795,116720,248395,117200,1600,via3_1600x480
VDD,met2-met3,STRIPE,via,246795,116720,248395,117200,1600,via2_1600x480
VDD,met1-met2,STRIPE,via,246795,116720,248395,117200,1600,via_1600x480
VDD,met3-met4,STRIPE,via,219655,116720,221255,117200,1600,via3_1600x480
VDD,met2-met3,STRIPE,via,219655,116720,221255,117200,1600,via2_1600x480
VDD,met1-met2,STRIPE,via,219655,116720,221255,117200,1600,via_1600x480
VDD,met3-met4,STRIPE,via,192515,116720,194115,117200,1600,via3_1600x480
VDD,met2-met3,STRIPE,via,192515,116720,194115,117200,1600,via2_1600x480
VDD,met1-met2,STRIPE,via,192515,116720,194115,117200,1600,via_1600x480
VDD,met3-met4,STRIPE,via,165375,116720,166975,117200,1600,via3_1600x480
VDD,met2-met3,STRIPE,via,165375,116720,166975,117200,1600,via2_1600x480
VDD,met1-met2,STRIPE,via,165375,116720,166975,117200,1600,via_1600x480
VDD,met3-met4,STRIPE,via,138235,116720,139835,117200,1600,via3_1600x480
VDD,met2-met3,STRIPE,via,138235,116720,139835,117200,1600,via2_1600x480
VDD,met1-met2,STRIPE,via,138235,116720,139835,117200,1600,via_1600x480
VDD,met3-met4,STRIPE,via,111095,116720,112695,117200,1600,via3_1600x480
VDD,met2-met3,STRIPE,via,111095,116720,112695,117200,1600,via2_1600x480
VDD,met1-met2,STRIPE,via,111095,116720,112695,117200,1600,via_1600x480
VDD,met3-met4,STRIPE,via,83955,116720,85555,117200,1600,via3_1600x480
VDD,met2-met3,STRIPE,via,83955,116720,85555,117200,1600,via2_1600x480
VDD,met1-met2,STRIPE,via,83955,116720,85555,117200,1600,via_1600x480
VDD,met3-met4,STRIPE,via,56815,116720,58415,117200,1600,via3_1600x480
VDD,met2-met3,STRIPE,via,56815,116720,58415,117200,1600,via2_1600x480
VDD,met1-met2,STRIPE,via,56815,116720,58415,117200,1600,via_1600x480
VDD,met3-met4,STRIPE,via,29675,116720,31275,117200,1600,via3_1600x480
VDD,met2-met3,STRIPE,via,29675,116720,31275,117200,1600,via2_1600x480
VDD,met1-met2,STRIPE,via,29675,116720,31275,117200,1600,via_1600x480
VDD,met3-met4,STRIPE,via,246795,111280,248395,111760,1600,via3_1600x480
VDD,met2-met3,STRIPE,via,246795,111280,248395,111760,1600,via2_1600x480
VDD,met1-met2,STRIPE,via,246795,111280,248395,111760,1600,via_1600x480
VDD,met3-met4,STRIPE,via,219655,111280,221255,111760,1600,via3_1600x480
VDD,met2-met3,STRIPE,via,219655,111280,221255,111760,1600,via2_1600x480
VDD,met1-met2,STRIPE,via,219655,111280,221255,111760,1600,via_1600x480
VDD,met3-met4,STRIPE,via,192515,111280,194115,111760,1600,via3_1600x480
VDD,met2-met3,STRIPE,via,192515,111280,194115,111760,1600,via2_1600x480
VDD,met1-met2,STRIPE,via,192515,111280,194115,111760,1600,via_1600x480
VDD,met3-met4,STRIPE,via,165375,111280,166975,111760,1600,via3_1600x480
VDD,met2-met3,STRIPE,via,165375,111280,166975,111760,1600,via2_1600x480
VDD,met1-met2,STRIPE,via,165375,111280,166975,111760,1600,via_1600x480
VDD,met3-met4,STRIPE,via,138235,111280,139835,111760,1600,via3_1600x480
VDD,met2-met3,STRIPE,via,138235,111280,139835,111760,1600,via2_1600x480
VDD,met1-met2,STRIPE,via,138235,111280,139835,111760,1600,via_1600x480
VDD,met3-met4,STRIPE,via,111095,111280,112695,111760,1600,via3_1600x480
VDD,met2-met3,STRIPE,via,111095,111280,112695,111760,1600,via2_1600x480
VDD,met1-met2,STRIPE,via,111095,111280,112695,111760,1600,via_1600x480
VDD,met3-met4,STRIPE,via,83955,111280,85555,111760,1600,via3_1600x480
VDD,met2-met3,STRIPE,via,83955,111280,85555,111760,1600,via2_1600x480
VDD,met1-met2,STRIPE,via,83955,111280,85555,111760,1600,via_1600x480
VDD,met3-met4,STRIPE,via,56815,111280,58415,111760,1600,via3_1600x480
VDD,met2-met3,STRIPE,via,56815,111280,58415,111760,1600,via2_1600x480
VDD,met1-met2,STRIPE,via,56815,111280,58415,111760,1600,via_1600x480
VDD,met3-met4,STRIPE,via,29675,111280,31275,111760,1600,via3_1600x480
VDD,met2-met3,STRIPE,via,29675,111280,31275,111760,1600,via2_1600x480
VDD,met1-met2,STRIPE,via,29675,111280,31275,111760,1600,via_1600x480
VDD,met3-met4,STRIPE,via,246795,105840,248395,106320,1600,via3_1600x480
VDD,met2-met3,STRIPE,via,246795,105840,248395,106320,1600,via2_1600x480
VDD,met1-met2,STRIPE,via,246795,105840,248395,106320,1600,via_1600x480
VDD,met3-met4,STRIPE,via,219655,105840,221255,106320,1600,via3_1600x480
VDD,met2-met3,STRIPE,via,219655,105840,221255,106320,1600,via2_1600x480
VDD,met1-met2,STRIPE,via,219655,105840,221255,106320,1600,via_1600x480
VDD,met3-met4,STRIPE,via,192515,105840,194115,106320,1600,via3_1600x480
VDD,met2-met3,STRIPE,via,192515,105840,194115,106320,1600,via2_1600x480
VDD,met1-met2,STRIPE,via,192515,105840,194115,106320,1600,via_1600x480
VDD,met3-met4,STRIPE,via,165375,105840,166975,106320,1600,via3_1600x480
VDD,met2-met3,STRIPE,via,165375,105840,166975,106320,1600,via2_1600x480
VDD,met1-met2,STRIPE,via,165375,105840,166975,106320,1600,via_1600x480
VDD,met3-met4,STRIPE,via,138235,105840,139835,106320,1600,via3_1600x480
VDD,met2-met3,STRIPE,via,138235,105840,139835,106320,1600,via2_1600x480
VDD,met1-met2,STRIPE,via,138235,105840,139835,106320,1600,via_1600x480
VDD,met3-met4,STRIPE,via,111095,105840,112695,106320,1600,via3_1600x480
VDD,met2-met3,STRIPE,via,111095,105840,112695,106320,1600,via2_1600x480
VDD,met1-met2,STRIPE,via,111095,105840,112695,106320,1600,via_1600x480
VDD,met3-met4,STRIPE,via,83955,105840,85555,106320,1600,via3_1600x480
VDD,met2-met3,STRIPE,via,83955,105840,85555,106320,1600,via2_1600x480
VDD,met1-met2,STRIPE,via,83955,105840,85555,106320,1600,via_1600x480
VDD,met3-met4,STRIPE,via,56815,105840,58415,106320,1600,via3_1600x480
VDD,met2-met3,STRIPE,via,56815,105840,58415,106320,1600,via2_1600x480
VDD,met1-met2,STRIPE,via,56815,105840,58415,106320,1600,via_1600x480
VDD,met3-met4,STRIPE,via,29675,105840,31275,106320,1600,via3_1600x480
VDD,met2-met3,STRIPE,via,29675,105840,31275,106320,1600,via2_1600x480
VDD,met1-met2,STRIPE,via,29675,105840,31275,106320,1600,via_1600x480
VDD,met3-met4,STRIPE,via,246795,100400,248395,100880,1600,via3_1600x480
VDD,met2-met3,STRIPE,via,246795,100400,248395,100880,1600,via2_1600x480
VDD,met1-met2,STRIPE,via,246795,100400,248395,100880,1600,via_1600x480
VDD,met3-met4,STRIPE,via,219655,100400,221255,100880,1600,via3_1600x480
VDD,met2-met3,STRIPE,via,219655,100400,221255,100880,1600,via2_1600x480
VDD,met1-met2,STRIPE,via,219655,100400,221255,100880,1600,via_1600x480
VDD,met3-met4,STRIPE,via,192515,100400,194115,100880,1600,via3_1600x480
VDD,met2-met3,STRIPE,via,192515,100400,194115,100880,1600,via2_1600x480
VDD,met1-met2,STRIPE,via,192515,100400,194115,100880,1600,via_1600x480
VDD,met3-met4,STRIPE,via,165375,100400,166975,100880,1600,via3_1600x480
VDD,met2-met3,STRIPE,via,165375,100400,166975,100880,1600,via2_1600x480
VDD,met1-met2,STRIPE,via,165375,100400,166975,100880,1600,via_1600x480
VDD,met3-met4,STRIPE,via,138235,100400,139835,100880,1600,via3_1600x480
VDD,met2-met3,STRIPE,via,138235,100400,139835,100880,1600,via2_1600x480
VDD,met1-met2,STRIPE,via,138235,100400,139835,100880,1600,via_1600x480
VDD,met3-met4,STRIPE,via,111095,100400,112695,100880,1600,via3_1600x480
VDD,met2-met3,STRIPE,via,111095,100400,112695,100880,1600,via2_1600x480
VDD,met1-met2,STRIPE,via,111095,100400,112695,100880,1600,via_1600x480
VDD,met3-met4,STRIPE,via,83955,100400,85555,100880,1600,via3_1600x480
VDD,met2-met3,STRIPE,via,83955,100400,85555,100880,1600,via2_1600x480
VDD,met1-met2,STRIPE,via,83955,100400,85555,100880,1600,via_1600x480
VDD,met3-met4,STRIPE,via,56815,100400,58415,100880,1600,via3_1600x480
VDD,met2-met3,STRIPE,via,56815,100400,58415,100880,1600,via2_1600x480
VDD,met1-met2,STRIPE,via,56815,100400,58415,100880,1600,via_1600x480
VDD,met3-met4,STRIPE,via,29675,100400,31275,100880,1600,via3_1600x480
VDD,met2-met3,STRIPE,via,29675,100400,31275,100880,1600,via2_1600x480
VDD,met1-met2,STRIPE,via,29675,100400,31275,100880,1600,via_1600x480
VDD,met3-met4,STRIPE,via,246795,94960,248395,95440,1600,via3_1600x480
VDD,met2-met3,STRIPE,via,246795,94960,248395,95440,1600,via2_1600x480
VDD,met1-met2,STRIPE,via,246795,94960,248395,95440,1600,via_1600x480
VDD,met3-met4,STRIPE,via,219655,94960,221255,95440,1600,via3_1600x480
VDD,met2-met3,STRIPE,via,219655,94960,221255,95440,1600,via2_1600x480
VDD,met1-met2,STRIPE,via,219655,94960,221255,95440,1600,via_1600x480
VDD,met3-met4,STRIPE,via,192515,94960,194115,95440,1600,via3_1600x480
VDD,met2-met3,STRIPE,via,192515,94960,194115,95440,1600,via2_1600x480
VDD,met1-met2,STRIPE,via,192515,94960,194115,95440,1600,via_1600x480
VDD,met3-met4,STRIPE,via,165375,94960,166975,95440,1600,via3_1600x480
VDD,met2-met3,STRIPE,via,165375,94960,166975,95440,1600,via2_1600x480
VDD,met1-met2,STRIPE,via,165375,94960,166975,95440,1600,via_1600x480
VDD,met3-met4,STRIPE,via,138235,94960,139835,95440,1600,via3_1600x480
VDD,met2-met3,STRIPE,via,138235,94960,139835,95440,1600,via2_1600x480
VDD,met1-met2,STRIPE,via,138235,94960,139835,95440,1600,via_1600x480
VDD,met3-met4,STRIPE,via,111095,94960,112695,95440,1600,via3_1600x480
VDD,met2-met3,STRIPE,via,111095,94960,112695,95440,1600,via2_1600x480
VDD,met1-met2,STRIPE,via,111095,94960,112695,95440,1600,via_1600x480
VDD,met3-met4,STRIPE,via,83955,94960,85555,95440,1600,via3_1600x480
VDD,met2-met3,STRIPE,via,83955,94960,85555,95440,1600,via2_1600x480
VDD,met1-met2,STRIPE,via,83955,94960,85555,95440,1600,via_1600x480
VDD,met3-met4,STRIPE,via,56815,94960,58415,95440,1600,via3_1600x480
VDD,met2-met3,STRIPE,via,56815,94960,58415,95440,1600,via2_1600x480
VDD,met1-met2,STRIPE,via,56815,94960,58415,95440,1600,via_1600x480
VDD,met3-met4,STRIPE,via,29675,94960,31275,95440,1600,via3_1600x480
VDD,met2-met3,STRIPE,via,29675,94960,31275,95440,1600,via2_1600x480
VDD,met1-met2,STRIPE,via,29675,94960,31275,95440,1600,via_1600x480
VDD,met3-met4,STRIPE,via,246795,89520,248395,90000,1600,via3_1600x480
VDD,met2-met3,STRIPE,via,246795,89520,248395,90000,1600,via2_1600x480
VDD,met1-met2,STRIPE,via,246795,89520,248395,90000,1600,via_1600x480
VDD,met3-met4,STRIPE,via,219655,89520,221255,90000,1600,via3_1600x480
VDD,met2-met3,STRIPE,via,219655,89520,221255,90000,1600,via2_1600x480
VDD,met1-met2,STRIPE,via,219655,89520,221255,90000,1600,via_1600x480
VDD,met3-met4,STRIPE,via,192515,89520,194115,90000,1600,via3_1600x480
VDD,met2-met3,STRIPE,via,192515,89520,194115,90000,1600,via2_1600x480
VDD,met1-met2,STRIPE,via,192515,89520,194115,90000,1600,via_1600x480
VDD,met3-met4,STRIPE,via,165375,89520,166975,90000,1600,via3_1600x480
VDD,met2-met3,STRIPE,via,165375,89520,166975,90000,1600,via2_1600x480
VDD,met1-met2,STRIPE,via,165375,89520,166975,90000,1600,via_1600x480
VDD,met3-met4,STRIPE,via,138235,89520,139835,90000,1600,via3_1600x480
VDD,met2-met3,STRIPE,via,138235,89520,139835,90000,1600,via2_1600x480
VDD,met1-met2,STRIPE,via,138235,89520,139835,90000,1600,via_1600x480
VDD,met3-met4,STRIPE,via,111095,89520,112695,90000,1600,via3_1600x480
VDD,met2-met3,STRIPE,via,111095,89520,112695,90000,1600,via2_1600x480
VDD,met1-met2,STRIPE,via,111095,89520,112695,90000,1600,via_1600x480
VDD,met3-met4,STRIPE,via,83955,89520,85555,90000,1600,via3_1600x480
VDD,met2-met3,STRIPE,via,83955,89520,85555,90000,1600,via2_1600x480
VDD,met1-met2,STRIPE,via,83955,89520,85555,90000,1600,via_1600x480
VDD,met3-met4,STRIPE,via,56815,89520,58415,90000,1600,via3_1600x480
VDD,met2-met3,STRIPE,via,56815,89520,58415,90000,1600,via2_1600x480
VDD,met1-met2,STRIPE,via,56815,89520,58415,90000,1600,via_1600x480
VDD,met3-met4,STRIPE,via,29675,89520,31275,90000,1600,via3_1600x480
VDD,met2-met3,STRIPE,via,29675,89520,31275,90000,1600,via2_1600x480
VDD,met1-met2,STRIPE,via,29675,89520,31275,90000,1600,via_1600x480
VDD,met3-met4,STRIPE,via,246795,84080,248395,84560,1600,via3_1600x480
VDD,met2-met3,STRIPE,via,246795,84080,248395,84560,1600,via2_1600x480
VDD,met1-met2,STRIPE,via,246795,84080,248395,84560,1600,via_1600x480
VDD,met3-met4,STRIPE,via,219655,84080,221255,84560,1600,via3_1600x480
VDD,met2-met3,STRIPE,via,219655,84080,221255,84560,1600,via2_1600x480
VDD,met1-met2,STRIPE,via,219655,84080,221255,84560,1600,via_1600x480
VDD,met3-met4,STRIPE,via,192515,84080,194115,84560,1600,via3_1600x480
VDD,met2-met3,STRIPE,via,192515,84080,194115,84560,1600,via2_1600x480
VDD,met1-met2,STRIPE,via,192515,84080,194115,84560,1600,via_1600x480
VDD,met3-met4,STRIPE,via,165375,84080,166975,84560,1600,via3_1600x480
VDD,met2-met3,STRIPE,via,165375,84080,166975,84560,1600,via2_1600x480
VDD,met1-met2,STRIPE,via,165375,84080,166975,84560,1600,via_1600x480
VDD,met3-met4,STRIPE,via,138235,84080,139835,84560,1600,via3_1600x480
VDD,met2-met3,STRIPE,via,138235,84080,139835,84560,1600,via2_1600x480
VDD,met1-met2,STRIPE,via,138235,84080,139835,84560,1600,via_1600x480
VDD,met3-met4,STRIPE,via,111095,84080,112695,84560,1600,via3_1600x480
VDD,met2-met3,STRIPE,via,111095,84080,112695,84560,1600,via2_1600x480
VDD,met1-met2,STRIPE,via,111095,84080,112695,84560,1600,via_1600x480
VDD,met3-met4,STRIPE,via,83955,84080,85555,84560,1600,via3_1600x480
VDD,met2-met3,STRIPE,via,83955,84080,85555,84560,1600,via2_1600x480
VDD,met1-met2,STRIPE,via,83955,84080,85555,84560,1600,via_1600x480
VDD,met3-met4,STRIPE,via,56815,84080,58415,84560,1600,via3_1600x480
VDD,met2-met3,STRIPE,via,56815,84080,58415,84560,1600,via2_1600x480
VDD,met1-met2,STRIPE,via,56815,84080,58415,84560,1600,via_1600x480
VDD,met3-met4,STRIPE,via,29675,84080,31275,84560,1600,via3_1600x480
VDD,met2-met3,STRIPE,via,29675,84080,31275,84560,1600,via2_1600x480
VDD,met1-met2,STRIPE,via,29675,84080,31275,84560,1600,via_1600x480
VDD,met3-met4,STRIPE,via,246795,78640,248395,79120,1600,via3_1600x480
VDD,met2-met3,STRIPE,via,246795,78640,248395,79120,1600,via2_1600x480
VDD,met1-met2,STRIPE,via,246795,78640,248395,79120,1600,via_1600x480
VDD,met3-met4,STRIPE,via,219655,78640,221255,79120,1600,via3_1600x480
VDD,met2-met3,STRIPE,via,219655,78640,221255,79120,1600,via2_1600x480
VDD,met1-met2,STRIPE,via,219655,78640,221255,79120,1600,via_1600x480
VDD,met3-met4,STRIPE,via,192515,78640,194115,79120,1600,via3_1600x480
VDD,met2-met3,STRIPE,via,192515,78640,194115,79120,1600,via2_1600x480
VDD,met1-met2,STRIPE,via,192515,78640,194115,79120,1600,via_1600x480
VDD,met3-met4,STRIPE,via,165375,78640,166975,79120,1600,via3_1600x480
VDD,met2-met3,STRIPE,via,165375,78640,166975,79120,1600,via2_1600x480
VDD,met1-met2,STRIPE,via,165375,78640,166975,79120,1600,via_1600x480
VDD,met3-met4,STRIPE,via,138235,78640,139835,79120,1600,via3_1600x480
VDD,met2-met3,STRIPE,via,138235,78640,139835,79120,1600,via2_1600x480
VDD,met1-met2,STRIPE,via,138235,78640,139835,79120,1600,via_1600x480
VDD,met3-met4,STRIPE,via,111095,78640,112695,79120,1600,via3_1600x480
VDD,met2-met3,STRIPE,via,111095,78640,112695,79120,1600,via2_1600x480
VDD,met1-met2,STRIPE,via,111095,78640,112695,79120,1600,via_1600x480
VDD,met3-met4,STRIPE,via,83955,78640,85555,79120,1600,via3_1600x480
VDD,met2-met3,STRIPE,via,83955,78640,85555,79120,1600,via2_1600x480
VDD,met1-met2,STRIPE,via,83955,78640,85555,79120,1600,via_1600x480
VDD,met3-met4,STRIPE,via,56815,78640,58415,79120,1600,via3_1600x480
VDD,met2-met3,STRIPE,via,56815,78640,58415,79120,1600,via2_1600x480
VDD,met1-met2,STRIPE,via,56815,78640,58415,79120,1600,via_1600x480
VDD,met3-met4,STRIPE,via,29675,78640,31275,79120,1600,via3_1600x480
VDD,met2-met3,STRIPE,via,29675,78640,31275,79120,1600,via2_1600x480
VDD,met1-met2,STRIPE,via,29675,78640,31275,79120,1600,via_1600x480
VDD,met3-met4,STRIPE,via,246795,73200,248395,73680,1600,via3_1600x480
VDD,met2-met3,STRIPE,via,246795,73200,248395,73680,1600,via2_1600x480
VDD,met1-met2,STRIPE,via,246795,73200,248395,73680,1600,via_1600x480
VDD,met3-met4,STRIPE,via,219655,73200,221255,73680,1600,via3_1600x480
VDD,met2-met3,STRIPE,via,219655,73200,221255,73680,1600,via2_1600x480
VDD,met1-met2,STRIPE,via,219655,73200,221255,73680,1600,via_1600x480
VDD,met3-met4,STRIPE,via,192515,73200,194115,73680,1600,via3_1600x480
VDD,met2-met3,STRIPE,via,192515,73200,194115,73680,1600,via2_1600x480
VDD,met1-met2,STRIPE,via,192515,73200,194115,73680,1600,via_1600x480
VDD,met3-met4,STRIPE,via,165375,73200,166975,73680,1600,via3_1600x480
VDD,met2-met3,STRIPE,via,165375,73200,166975,73680,1600,via2_1600x480
VDD,met1-met2,STRIPE,via,165375,73200,166975,73680,1600,via_1600x480
VDD,met3-met4,STRIPE,via,138235,73200,139835,73680,1600,via3_1600x480
VDD,met2-met3,STRIPE,via,138235,73200,139835,73680,1600,via2_1600x480
VDD,met1-met2,STRIPE,via,138235,73200,139835,73680,1600,via_1600x480
VDD,met3-met4,STRIPE,via,111095,73200,112695,73680,1600,via3_1600x480
VDD,met2-met3,STRIPE,via,111095,73200,112695,73680,1600,via2_1600x480
VDD,met1-met2,STRIPE,via,111095,73200,112695,73680,1600,via_1600x480
VDD,met3-met4,STRIPE,via,83955,73200,85555,73680,1600,via3_1600x480
VDD,met2-met3,STRIPE,via,83955,73200,85555,73680,1600,via2_1600x480
VDD,met1-met2,STRIPE,via,83955,73200,85555,73680,1600,via_1600x480
VDD,met3-met4,STRIPE,via,56815,73200,58415,73680,1600,via3_1600x480
VDD,met2-met3,STRIPE,via,56815,73200,58415,73680,1600,via2_1600x480
VDD,met1-met2,STRIPE,via,56815,73200,58415,73680,1600,via_1600x480
VDD,met3-met4,STRIPE,via,29675,73200,31275,73680,1600,via3_1600x480
VDD,met2-met3,STRIPE,via,29675,73200,31275,73680,1600,via2_1600x480
VDD,met1-met2,STRIPE,via,29675,73200,31275,73680,1600,via_1600x480
VDD,met3-met4,STRIPE,via,246795,67760,248395,68240,1600,via3_1600x480
VDD,met2-met3,STRIPE,via,246795,67760,248395,68240,1600,via2_1600x480
VDD,met1-met2,STRIPE,via,246795,67760,248395,68240,1600,via_1600x480
VDD,met3-met4,STRIPE,via,219655,67760,221255,68240,1600,via3_1600x480
VDD,met2-met3,STRIPE,via,219655,67760,221255,68240,1600,via2_1600x480
VDD,met1-met2,STRIPE,via,219655,67760,221255,68240,1600,via_1600x480
VDD,met3-met4,STRIPE,via,192515,67760,194115,68240,1600,via3_1600x480
VDD,met2-met3,STRIPE,via,192515,67760,194115,68240,1600,via2_1600x480
VDD,met1-met2,STRIPE,via,192515,67760,194115,68240,1600,via_1600x480
VDD,met3-met4,STRIPE,via,165375,67760,166975,68240,1600,via3_1600x480
VDD,met2-met3,STRIPE,via,165375,67760,166975,68240,1600,via2_1600x480
VDD,met1-met2,STRIPE,via,165375,67760,166975,68240,1600,via_1600x480
VDD,met3-met4,STRIPE,via,138235,67760,139835,68240,1600,via3_1600x480
VDD,met2-met3,STRIPE,via,138235,67760,139835,68240,1600,via2_1600x480
VDD,met1-met2,STRIPE,via,138235,67760,139835,68240,1600,via_1600x480
VDD,met3-met4,STRIPE,via,111095,67760,112695,68240,1600,via3_1600x480
VDD,met2-met3,STRIPE,via,111095,67760,112695,68240,1600,via2_1600x480
VDD,met1-met2,STRIPE,via,111095,67760,112695,68240,1600,via_1600x480
VDD,met3-met4,STRIPE,via,83955,67760,85555,68240,1600,via3_1600x480
VDD,met2-met3,STRIPE,via,83955,67760,85555,68240,1600,via2_1600x480
VDD,met1-met2,STRIPE,via,83955,67760,85555,68240,1600,via_1600x480
VDD,met3-met4,STRIPE,via,56815,67760,58415,68240,1600,via3_1600x480
VDD,met2-met3,STRIPE,via,56815,67760,58415,68240,1600,via2_1600x480
VDD,met1-met2,STRIPE,via,56815,67760,58415,68240,1600,via_1600x480
VDD,met3-met4,STRIPE,via,29675,67760,31275,68240,1600,via3_1600x480
VDD,met2-met3,STRIPE,via,29675,67760,31275,68240,1600,via2_1600x480
VDD,met1-met2,STRIPE,via,29675,67760,31275,68240,1600,via_1600x480
VDD,met3-met4,STRIPE,via,246795,62320,248395,62800,1600,via3_1600x480
VDD,met2-met3,STRIPE,via,246795,62320,248395,62800,1600,via2_1600x480
VDD,met1-met2,STRIPE,via,246795,62320,248395,62800,1600,via_1600x480
VDD,met3-met4,STRIPE,via,219655,62320,221255,62800,1600,via3_1600x480
VDD,met2-met3,STRIPE,via,219655,62320,221255,62800,1600,via2_1600x480
VDD,met1-met2,STRIPE,via,219655,62320,221255,62800,1600,via_1600x480
VDD,met3-met4,STRIPE,via,192515,62320,194115,62800,1600,via3_1600x480
VDD,met2-met3,STRIPE,via,192515,62320,194115,62800,1600,via2_1600x480
VDD,met1-met2,STRIPE,via,192515,62320,194115,62800,1600,via_1600x480
VDD,met3-met4,STRIPE,via,165375,62320,166975,62800,1600,via3_1600x480
VDD,met2-met3,STRIPE,via,165375,62320,166975,62800,1600,via2_1600x480
VDD,met1-met2,STRIPE,via,165375,62320,166975,62800,1600,via_1600x480
VDD,met3-met4,STRIPE,via,138235,62320,139835,62800,1600,via3_1600x480
VDD,met2-met3,STRIPE,via,138235,62320,139835,62800,1600,via2_1600x480
VDD,met1-met2,STRIPE,via,138235,62320,139835,62800,1600,via_1600x480
VDD,met3-met4,STRIPE,via,111095,62320,112695,62800,1600,via3_1600x480
VDD,met2-met3,STRIPE,via,111095,62320,112695,62800,1600,via2_1600x480
VDD,met1-met2,STRIPE,via,111095,62320,112695,62800,1600,via_1600x480
VDD,met3-met4,STRIPE,via,83955,62320,85555,62800,1600,via3_1600x480
VDD,met2-met3,STRIPE,via,83955,62320,85555,62800,1600,via2_1600x480
VDD,met1-met2,STRIPE,via,83955,62320,85555,62800,1600,via_1600x480
VDD,met3-met4,STRIPE,via,56815,62320,58415,62800,1600,via3_1600x480
VDD,met2-met3,STRIPE,via,56815,62320,58415,62800,1600,via2_1600x480
VDD,met1-met2,STRIPE,via,56815,62320,58415,62800,1600,via_1600x480
VDD,met3-met4,STRIPE,via,29675,62320,31275,62800,1600,via3_1600x480
VDD,met2-met3,STRIPE,via,29675,62320,31275,62800,1600,via2_1600x480
VDD,met1-met2,STRIPE,via,29675,62320,31275,62800,1600,via_1600x480
VDD,met3-met4,STRIPE,via,246795,56880,248395,57360,1600,via3_1600x480
VDD,met2-met3,STRIPE,via,246795,56880,248395,57360,1600,via2_1600x480
VDD,met1-met2,STRIPE,via,246795,56880,248395,57360,1600,via_1600x480
VDD,met3-met4,STRIPE,via,219655,56880,221255,57360,1600,via3_1600x480
VDD,met2-met3,STRIPE,via,219655,56880,221255,57360,1600,via2_1600x480
VDD,met1-met2,STRIPE,via,219655,56880,221255,57360,1600,via_1600x480
VDD,met3-met4,STRIPE,via,192515,56880,194115,57360,1600,via3_1600x480
VDD,met2-met3,STRIPE,via,192515,56880,194115,57360,1600,via2_1600x480
VDD,met1-met2,STRIPE,via,192515,56880,194115,57360,1600,via_1600x480
VDD,met3-met4,STRIPE,via,165375,56880,166975,57360,1600,via3_1600x480
VDD,met2-met3,STRIPE,via,165375,56880,166975,57360,1600,via2_1600x480
VDD,met1-met2,STRIPE,via,165375,56880,166975,57360,1600,via_1600x480
VDD,met3-met4,STRIPE,via,138235,56880,139835,57360,1600,via3_1600x480
VDD,met2-met3,STRIPE,via,138235,56880,139835,57360,1600,via2_1600x480
VDD,met1-met2,STRIPE,via,138235,56880,139835,57360,1600,via_1600x480
VDD,met3-met4,STRIPE,via,111095,56880,112695,57360,1600,via3_1600x480
VDD,met2-met3,STRIPE,via,111095,56880,112695,57360,1600,via2_1600x480
VDD,met1-met2,STRIPE,via,111095,56880,112695,57360,1600,via_1600x480
VDD,met3-met4,STRIPE,via,83955,56880,85555,57360,1600,via3_1600x480
VDD,met2-met3,STRIPE,via,83955,56880,85555,57360,1600,via2_1600x480
VDD,met1-met2,STRIPE,via,83955,56880,85555,57360,1600,via_1600x480
VDD,met3-met4,STRIPE,via,56815,56880,58415,57360,1600,via3_1600x480
VDD,met2-met3,STRIPE,via,56815,56880,58415,57360,1600,via2_1600x480
VDD,met1-met2,STRIPE,via,56815,56880,58415,57360,1600,via_1600x480
VDD,met3-met4,STRIPE,via,29675,56880,31275,57360,1600,via3_1600x480
VDD,met2-met3,STRIPE,via,29675,56880,31275,57360,1600,via2_1600x480
VDD,met1-met2,STRIPE,via,29675,56880,31275,57360,1600,via_1600x480
VDD,met3-met4,STRIPE,via,246795,51440,248395,51920,1600,via3_1600x480
VDD,met2-met3,STRIPE,via,246795,51440,248395,51920,1600,via2_1600x480
VDD,met1-met2,STRIPE,via,246795,51440,248395,51920,1600,via_1600x480
VDD,met3-met4,STRIPE,via,219655,51440,221255,51920,1600,via3_1600x480
VDD,met2-met3,STRIPE,via,219655,51440,221255,51920,1600,via2_1600x480
VDD,met1-met2,STRIPE,via,219655,51440,221255,51920,1600,via_1600x480
VDD,met3-met4,STRIPE,via,192515,51440,194115,51920,1600,via3_1600x480
VDD,met2-met3,STRIPE,via,192515,51440,194115,51920,1600,via2_1600x480
VDD,met1-met2,STRIPE,via,192515,51440,194115,51920,1600,via_1600x480
VDD,met3-met4,STRIPE,via,165375,51440,166975,51920,1600,via3_1600x480
VDD,met2-met3,STRIPE,via,165375,51440,166975,51920,1600,via2_1600x480
VDD,met1-met2,STRIPE,via,165375,51440,166975,51920,1600,via_1600x480
VDD,met3-met4,STRIPE,via,138235,51440,139835,51920,1600,via3_1600x480
VDD,met2-met3,STRIPE,via,138235,51440,139835,51920,1600,via2_1600x480
VDD,met1-met2,STRIPE,via,138235,51440,139835,51920,1600,via_1600x480
VDD,met3-met4,STRIPE,via,111095,51440,112695,51920,1600,via3_1600x480
VDD,met2-met3,STRIPE,via,111095,51440,112695,51920,1600,via2_1600x480
VDD,met1-met2,STRIPE,via,111095,51440,112695,51920,1600,via_1600x480
VDD,met3-met4,STRIPE,via,83955,51440,85555,51920,1600,via3_1600x480
VDD,met2-met3,STRIPE,via,83955,51440,85555,51920,1600,via2_1600x480
VDD,met1-met2,STRIPE,via,83955,51440,85555,51920,1600,via_1600x480
VDD,met3-met4,STRIPE,via,56815,51440,58415,51920,1600,via3_1600x480
VDD,met2-met3,STRIPE,via,56815,51440,58415,51920,1600,via2_1600x480
VDD,met1-met2,STRIPE,via,56815,51440,58415,51920,1600,via_1600x480
VDD,met3-met4,STRIPE,via,29675,51440,31275,51920,1600,via3_1600x480
VDD,met2-met3,STRIPE,via,29675,51440,31275,51920,1600,via2_1600x480
VDD,met1-met2,STRIPE,via,29675,51440,31275,51920,1600,via_1600x480
VDD,met3-met4,STRIPE,via,246795,46000,248395,46480,1600,via3_1600x480
VDD,met2-met3,STRIPE,via,246795,46000,248395,46480,1600,via2_1600x480
VDD,met1-met2,STRIPE,via,246795,46000,248395,46480,1600,via_1600x480
VDD,met3-met4,STRIPE,via,219655,46000,221255,46480,1600,via3_1600x480
VDD,met2-met3,STRIPE,via,219655,46000,221255,46480,1600,via2_1600x480
VDD,met1-met2,STRIPE,via,219655,46000,221255,46480,1600,via_1600x480
VDD,met3-met4,STRIPE,via,192515,46000,194115,46480,1600,via3_1600x480
VDD,met2-met3,STRIPE,via,192515,46000,194115,46480,1600,via2_1600x480
VDD,met1-met2,STRIPE,via,192515,46000,194115,46480,1600,via_1600x480
VDD,met3-met4,STRIPE,via,165375,46000,166975,46480,1600,via3_1600x480
VDD,met2-met3,STRIPE,via,165375,46000,166975,46480,1600,via2_1600x480
VDD,met1-met2,STRIPE,via,165375,46000,166975,46480,1600,via_1600x480
VDD,met3-met4,STRIPE,via,138235,46000,139835,46480,1600,via3_1600x480
VDD,met2-met3,STRIPE,via,138235,46000,139835,46480,1600,via2_1600x480
VDD,met1-met2,STRIPE,via,138235,46000,139835,46480,1600,via_1600x480
VDD,met3-met4,STRIPE,via,111095,46000,112695,46480,1600,via3_1600x480
VDD,met2-met3,STRIPE,via,111095,46000,112695,46480,1600,via2_1600x480
VDD,met1-met2,STRIPE,via,111095,46000,112695,46480,1600,via_1600x480
VDD,met3-met4,STRIPE,via,83955,46000,85555,46480,1600,via3_1600x480
VDD,met2-met3,STRIPE,via,83955,46000,85555,46480,1600,via2_1600x480
VDD,met1-met2,STRIPE,via,83955,46000,85555,46480,1600,via_1600x480
VDD,met3-met4,STRIPE,via,56815,46000,58415,46480,1600,via3_1600x480
VDD,met2-met3,STRIPE,via,56815,46000,58415,46480,1600,via2_1600x480
VDD,met1-met2,STRIPE,via,56815,46000,58415,46480,1600,via_1600x480
VDD,met3-met4,STRIPE,via,29675,46000,31275,46480,1600,via3_1600x480
VDD,met2-met3,STRIPE,via,29675,46000,31275,46480,1600,via2_1600x480
VDD,met1-met2,STRIPE,via,29675,46000,31275,46480,1600,via_1600x480
VDD,met3-met4,STRIPE,via,246795,40560,248395,41040,1600,via3_1600x480
VDD,met2-met3,STRIPE,via,246795,40560,248395,41040,1600,via2_1600x480
VDD,met1-met2,STRIPE,via,246795,40560,248395,41040,1600,via_1600x480
VDD,met3-met4,STRIPE,via,219655,40560,221255,41040,1600,via3_1600x480
VDD,met2-met3,STRIPE,via,219655,40560,221255,41040,1600,via2_1600x480
VDD,met1-met2,STRIPE,via,219655,40560,221255,41040,1600,via_1600x480
VDD,met3-met4,STRIPE,via,192515,40560,194115,41040,1600,via3_1600x480
VDD,met2-met3,STRIPE,via,192515,40560,194115,41040,1600,via2_1600x480
VDD,met1-met2,STRIPE,via,192515,40560,194115,41040,1600,via_1600x480
VDD,met3-met4,STRIPE,via,165375,40560,166975,41040,1600,via3_1600x480
VDD,met2-met3,STRIPE,via,165375,40560,166975,41040,1600,via2_1600x480
VDD,met1-met2,STRIPE,via,165375,40560,166975,41040,1600,via_1600x480
VDD,met3-met4,STRIPE,via,138235,40560,139835,41040,1600,via3_1600x480
VDD,met2-met3,STRIPE,via,138235,40560,139835,41040,1600,via2_1600x480
VDD,met1-met2,STRIPE,via,138235,40560,139835,41040,1600,via_1600x480
VDD,met3-met4,STRIPE,via,111095,40560,112695,41040,1600,via3_1600x480
VDD,met2-met3,STRIPE,via,111095,40560,112695,41040,1600,via2_1600x480
VDD,met1-met2,STRIPE,via,111095,40560,112695,41040,1600,via_1600x480
VDD,met3-met4,STRIPE,via,83955,40560,85555,41040,1600,via3_1600x480
VDD,met2-met3,STRIPE,via,83955,40560,85555,41040,1600,via2_1600x480
VDD,met1-met2,STRIPE,via,83955,40560,85555,41040,1600,via_1600x480
VDD,met3-met4,STRIPE,via,56815,40560,58415,41040,1600,via3_1600x480
VDD,met2-met3,STRIPE,via,56815,40560,58415,41040,1600,via2_1600x480
VDD,met1-met2,STRIPE,via,56815,40560,58415,41040,1600,via_1600x480
VDD,met3-met4,STRIPE,via,29675,40560,31275,41040,1600,via3_1600x480
VDD,met2-met3,STRIPE,via,29675,40560,31275,41040,1600,via2_1600x480
VDD,met1-met2,STRIPE,via,29675,40560,31275,41040,1600,via_1600x480
VDD,met3-met4,STRIPE,via,246795,35120,248395,35600,1600,via3_1600x480
VDD,met2-met3,STRIPE,via,246795,35120,248395,35600,1600,via2_1600x480
VDD,met1-met2,STRIPE,via,246795,35120,248395,35600,1600,via_1600x480
VDD,met3-met4,STRIPE,via,219655,35120,221255,35600,1600,via3_1600x480
VDD,met2-met3,STRIPE,via,219655,35120,221255,35600,1600,via2_1600x480
VDD,met1-met2,STRIPE,via,219655,35120,221255,35600,1600,via_1600x480
VDD,met3-met4,STRIPE,via,192515,35120,194115,35600,1600,via3_1600x480
VDD,met2-met3,STRIPE,via,192515,35120,194115,35600,1600,via2_1600x480
VDD,met1-met2,STRIPE,via,192515,35120,194115,35600,1600,via_1600x480
VDD,met3-met4,STRIPE,via,165375,35120,166975,35600,1600,via3_1600x480
VDD,met2-met3,STRIPE,via,165375,35120,166975,35600,1600,via2_1600x480
VDD,met1-met2,STRIPE,via,165375,35120,166975,35600,1600,via_1600x480
VDD,met3-met4,STRIPE,via,138235,35120,139835,35600,1600,via3_1600x480
VDD,met2-met3,STRIPE,via,138235,35120,139835,35600,1600,via2_1600x480
VDD,met1-met2,STRIPE,via,138235,35120,139835,35600,1600,via_1600x480
VDD,met3-met4,STRIPE,via,111095,35120,112695,35600,1600,via3_1600x480
VDD,met2-met3,STRIPE,via,111095,35120,112695,35600,1600,via2_1600x480
VDD,met1-met2,STRIPE,via,111095,35120,112695,35600,1600,via_1600x480
VDD,met3-met4,STRIPE,via,83955,35120,85555,35600,1600,via3_1600x480
VDD,met2-met3,STRIPE,via,83955,35120,85555,35600,1600,via2_1600x480
VDD,met1-met2,STRIPE,via,83955,35120,85555,35600,1600,via_1600x480
VDD,met3-met4,STRIPE,via,56815,35120,58415,35600,1600,via3_1600x480
VDD,met2-met3,STRIPE,via,56815,35120,58415,35600,1600,via2_1600x480
VDD,met1-met2,STRIPE,via,56815,35120,58415,35600,1600,via_1600x480
VDD,met3-met4,STRIPE,via,29675,35120,31275,35600,1600,via3_1600x480
VDD,met2-met3,STRIPE,via,29675,35120,31275,35600,1600,via2_1600x480
VDD,met1-met2,STRIPE,via,29675,35120,31275,35600,1600,via_1600x480
VDD,met3-met4,STRIPE,via,246795,29680,248395,30160,1600,via3_1600x480
VDD,met2-met3,STRIPE,via,246795,29680,248395,30160,1600,via2_1600x480
VDD,met1-met2,STRIPE,via,246795,29680,248395,30160,1600,via_1600x480
VDD,met3-met4,STRIPE,via,219655,29680,221255,30160,1600,via3_1600x480
VDD,met2-met3,STRIPE,via,219655,29680,221255,30160,1600,via2_1600x480
VDD,met1-met2,STRIPE,via,219655,29680,221255,30160,1600,via_1600x480
VDD,met3-met4,STRIPE,via,192515,29680,194115,30160,1600,via3_1600x480
VDD,met2-met3,STRIPE,via,192515,29680,194115,30160,1600,via2_1600x480
VDD,met1-met2,STRIPE,via,192515,29680,194115,30160,1600,via_1600x480
VDD,met3-met4,STRIPE,via,165375,29680,166975,30160,1600,via3_1600x480
VDD,met2-met3,STRIPE,via,165375,29680,166975,30160,1600,via2_1600x480
VDD,met1-met2,STRIPE,via,165375,29680,166975,30160,1600,via_1600x480
VDD,met3-met4,STRIPE,via,138235,29680,139835,30160,1600,via3_1600x480
VDD,met2-met3,STRIPE,via,138235,29680,139835,30160,1600,via2_1600x480
VDD,met1-met2,STRIPE,via,138235,29680,139835,30160,1600,via_1600x480
VDD,met3-met4,STRIPE,via,111095,29680,112695,30160,1600,via3_1600x480
VDD,met2-met3,STRIPE,via,111095,29680,112695,30160,1600,via2_1600x480
VDD,met1-met2,STRIPE,via,111095,29680,112695,30160,1600,via_1600x480
VDD,met3-met4,STRIPE,via,83955,29680,85555,30160,1600,via3_1600x480
VDD,met2-met3,STRIPE,via,83955,29680,85555,30160,1600,via2_1600x480
VDD,met1-met2,STRIPE,via,83955,29680,85555,30160,1600,via_1600x480
VDD,met3-met4,STRIPE,via,56815,29680,58415,30160,1600,via3_1600x480
VDD,met2-met3,STRIPE,via,56815,29680,58415,30160,1600,via2_1600x480
VDD,met1-met2,STRIPE,via,56815,29680,58415,30160,1600,via_1600x480
VDD,met3-met4,STRIPE,via,29675,29680,31275,30160,1600,via3_1600x480
VDD,met2-met3,STRIPE,via,29675,29680,31275,30160,1600,via2_1600x480
VDD,met1-met2,STRIPE,via,29675,29680,31275,30160,1600,via_1600x480
VDD,met3-met4,STRIPE,via,246795,24240,248395,24720,1600,via3_1600x480
VDD,met2-met3,STRIPE,via,246795,24240,248395,24720,1600,via2_1600x480
VDD,met1-met2,STRIPE,via,246795,24240,248395,24720,1600,via_1600x480
VDD,met3-met4,STRIPE,via,219655,24240,221255,24720,1600,via3_1600x480
VDD,met2-met3,STRIPE,via,219655,24240,221255,24720,1600,via2_1600x480
VDD,met1-met2,STRIPE,via,219655,24240,221255,24720,1600,via_1600x480
VDD,met3-met4,STRIPE,via,192515,24240,194115,24720,1600,via3_1600x480
VDD,met2-met3,STRIPE,via,192515,24240,194115,24720,1600,via2_1600x480
VDD,met1-met2,STRIPE,via,192515,24240,194115,24720,1600,via_1600x480
VDD,met3-met4,STRIPE,via,165375,24240,166975,24720,1600,via3_1600x480
VDD,met2-met3,STRIPE,via,165375,24240,166975,24720,1600,via2_1600x480
VDD,met1-met2,STRIPE,via,165375,24240,166975,24720,1600,via_1600x480
VDD,met3-met4,STRIPE,via,138235,24240,139835,24720,1600,via3_1600x480
VDD,met2-met3,STRIPE,via,138235,24240,139835,24720,1600,via2_1600x480
VDD,met1-met2,STRIPE,via,138235,24240,139835,24720,1600,via_1600x480
VDD,met3-met4,STRIPE,via,111095,24240,112695,24720,1600,via3_1600x480
VDD,met2-met3,STRIPE,via,111095,24240,112695,24720,1600,via2_1600x480
VDD,met1-met2,STRIPE,via,111095,24240,112695,24720,1600,via_1600x480
VDD,met3-met4,STRIPE,via,83955,24240,85555,24720,1600,via3_1600x480
VDD,met2-met3,STRIPE,via,83955,24240,85555,24720,1600,via2_1600x480
VDD,met1-met2,STRIPE,via,83955,24240,85555,24720,1600,via_1600x480
VDD,met3-met4,STRIPE,via,56815,24240,58415,24720,1600,via3_1600x480
VDD,met2-met3,STRIPE,via,56815,24240,58415,24720,1600,via2_1600x480
VDD,met1-met2,STRIPE,via,56815,24240,58415,24720,1600,via_1600x480
VDD,met3-met4,STRIPE,via,29675,24240,31275,24720,1600,via3_1600x480
VDD,met2-met3,STRIPE,via,29675,24240,31275,24720,1600,via2_1600x480
VDD,met1-met2,STRIPE,via,29675,24240,31275,24720,1600,via_1600x480
VDD,met3-met4,STRIPE,via,246795,18800,248395,19280,1600,via3_1600x480
VDD,met2-met3,STRIPE,via,246795,18800,248395,19280,1600,via2_1600x480
VDD,met1-met2,STRIPE,via,246795,18800,248395,19280,1600,via_1600x480
VDD,met3-met4,STRIPE,via,219655,18800,221255,19280,1600,via3_1600x480
VDD,met2-met3,STRIPE,via,219655,18800,221255,19280,1600,via2_1600x480
VDD,met1-met2,STRIPE,via,219655,18800,221255,19280,1600,via_1600x480
VDD,met3-met4,STRIPE,via,192515,18800,194115,19280,1600,via3_1600x480
VDD,met2-met3,STRIPE,via,192515,18800,194115,19280,1600,via2_1600x480
VDD,met1-met2,STRIPE,via,192515,18800,194115,19280,1600,via_1600x480
VDD,met3-met4,STRIPE,via,165375,18800,166975,19280,1600,via3_1600x480
VDD,met2-met3,STRIPE,via,165375,18800,166975,19280,1600,via2_1600x480
VDD,met1-met2,STRIPE,via,165375,18800,166975,19280,1600,via_1600x480
VDD,met3-met4,STRIPE,via,138235,18800,139835,19280,1600,via3_1600x480
VDD,met2-met3,STRIPE,via,138235,18800,139835,19280,1600,via2_1600x480
VDD,met1-met2,STRIPE,via,138235,18800,139835,19280,1600,via_1600x480
VDD,met3-met4,STRIPE,via,111095,18800,112695,19280,1600,via3_1600x480
VDD,met2-met3,STRIPE,via,111095,18800,112695,19280,1600,via2_1600x480
VDD,met1-met2,STRIPE,via,111095,18800,112695,19280,1600,via_1600x480
VDD,met3-met4,STRIPE,via,83955,18800,85555,19280,1600,via3_1600x480
VDD,met2-met3,STRIPE,via,83955,18800,85555,19280,1600,via2_1600x480
VDD,met1-met2,STRIPE,via,83955,18800,85555,19280,1600,via_1600x480
VDD,met3-met4,STRIPE,via,56815,18800,58415,19280,1600,via3_1600x480
VDD,met2-met3,STRIPE,via,56815,18800,58415,19280,1600,via2_1600x480
VDD,met1-met2,STRIPE,via,56815,18800,58415,19280,1600,via_1600x480
VDD,met3-met4,STRIPE,via,29675,18800,31275,19280,1600,via3_1600x480
VDD,met2-met3,STRIPE,via,29675,18800,31275,19280,1600,via2_1600x480
VDD,met1-met2,STRIPE,via,29675,18800,31275,19280,1600,via_1600x480
VDD,met3-met4,STRIPE,via,246795,13360,248395,13840,1600,via3_1600x480
VDD,met2-met3,STRIPE,via,246795,13360,248395,13840,1600,via2_1600x480
VDD,met1-met2,STRIPE,via,246795,13360,248395,13840,1600,via_1600x480
VDD,met3-met4,STRIPE,via,219655,13360,221255,13840,1600,via3_1600x480
VDD,met2-met3,STRIPE,via,219655,13360,221255,13840,1600,via2_1600x480
VDD,met1-met2,STRIPE,via,219655,13360,221255,13840,1600,via_1600x480
VDD,met3-met4,STRIPE,via,192515,13360,194115,13840,1600,via3_1600x480
VDD,met2-met3,STRIPE,via,192515,13360,194115,13840,1600,via2_1600x480
VDD,met1-met2,STRIPE,via,192515,13360,194115,13840,1600,via_1600x480
VDD,met3-met4,STRIPE,via,165375,13360,166975,13840,1600,via3_1600x480
VDD,met2-met3,STRIPE,via,165375,13360,166975,13840,1600,via2_1600x480
VDD,met1-met2,STRIPE,via,165375,13360,166975,13840,1600,via_1600x480
VDD,met3-met4,STRIPE,via,138235,13360,139835,13840,1600,via3_1600x480
VDD,met2-met3,STRIPE,via,138235,13360,139835,13840,1600,via2_1600x480
VDD,met1-met2,STRIPE,via,138235,13360,139835,13840,1600,via_1600x480
VDD,met3-met4,STRIPE,via,111095,13360,112695,13840,1600,via3_1600x480
VDD,met2-met3,STRIPE,via,111095,13360,112695,13840,1600,via2_1600x480
VDD,met1-met2,STRIPE,via,111095,13360,112695,13840,1600,via_1600x480
VDD,met3-met4,STRIPE,via,83955,13360,85555,13840,1600,via3_1600x480
VDD,met2-met3,STRIPE,via,83955,13360,85555,13840,1600,via2_1600x480
VDD,met1-met2,STRIPE,via,83955,13360,85555,13840,1600,via_1600x480
VDD,met3-met4,STRIPE,via,56815,13360,58415,13840,1600,via3_1600x480
VDD,met2-met3,STRIPE,via,56815,13360,58415,13840,1600,via2_1600x480
VDD,met1-met2,STRIPE,via,56815,13360,58415,13840,1600,via_1600x480
VDD,met3-met4,STRIPE,via,29675,13360,31275,13840,1600,via3_1600x480
VDD,met2-met3,STRIPE,via,29675,13360,31275,13840,1600,via2_1600x480
VDD,met1-met2,STRIPE,via,29675,13360,31275,13840,1600,via_1600x480
VSS,met4-met5,STRIPE,via,260365,261440,261965,263040,1600,via4_1600x1600
VSS,met4-met5,STRIPE,via,260365,234240,261965,235840,1600,via4_1600x1600
VSS,met4-met5,STRIPE,via,260365,207040,261965,208640,1600,via4_1600x1600
VSS,met4-met5,STRIPE,via,260365,179840,261965,181440,1600,via4_1600x1600
VSS,met4-met5,STRIPE,via,260365,152640,261965,154240,1600,via4_1600x1600
VSS,met4-met5,STRIPE,via,260365,125440,261965,127040,1600,via4_1600x1600
VSS,met4-met5,STRIPE,via,260365,98240,261965,99840,1600,via4_1600x1600
VSS,met4-met5,STRIPE,via,260365,71040,261965,72640,1600,via4_1600x1600
VSS,met4-met5,STRIPE,via,260365,43840,261965,45440,1600,via4_1600x1600
VSS,met4-met5,STRIPE,via,233225,261440,234825,263040,1600,via4_1600x1600
VSS,met4-met5,STRIPE,via,233225,234240,234825,235840,1600,via4_1600x1600
VSS,met4-met5,STRIPE,via,233225,207040,234825,208640,1600,via4_1600x1600
VSS,met4-met5,STRIPE,via,233225,179840,234825,181440,1600,via4_1600x1600
VSS,met4-met5,STRIPE,via,233225,152640,234825,154240,1600,via4_1600x1600
VSS,met4-met5,STRIPE,via,233225,125440,234825,127040,1600,via4_1600x1600
VSS,met4-met5,STRIPE,via,233225,98240,234825,99840,1600,via4_1600x1600
VSS,met4-met5,STRIPE,via,233225,71040,234825,72640,1600,via4_1600x1600
VSS,met4-met5,STRIPE,via,233225,43840,234825,45440,1600,via4_1600x1600
VSS,met4-met5,STRIPE,via,206085,261440,207685,263040,1600,via4_1600x1600
VSS,met4-met5,STRIPE,via,206085,234240,207685,235840,1600,via4_1600x1600
VSS,met4-met5,STRIPE,via,206085,207040,207685,208640,1600,via4_1600x1600
VSS,met4-met5,STRIPE,via,206085,179840,207685,181440,1600,via4_1600x1600
VSS,met4-met5,STRIPE,via,206085,152640,207685,154240,1600,via4_1600x1600
VSS,met4-met5,STRIPE,via,206085,125440,207685,127040,1600,via4_1600x1600
VSS,met4-met5,STRIPE,via,206085,98240,207685,99840,1600,via4_1600x1600
VSS,met4-met5,STRIPE,via,206085,71040,207685,72640,1600,via4_1600x1600
VSS,met4-met5,STRIPE,via,206085,43840,207685,45440,1600,via4_1600x1600
VSS,met4-met5,STRIPE,via,178945,261440,180545,263040,1600,via4_1600x1600
VSS,met4-met5,STRIPE,via,178945,234240,180545,235840,1600,via4_1600x1600
VSS,met4-met5,STRIPE,via,178945,207040,180545,208640,1600,via4_1600x1600
VSS,met4-met5,STRIPE,via,178945,179840,180545,181440,1600,via4_1600x1600
VSS,met4-met5,STRIPE,via,178945,152640,180545,154240,1600,via4_1600x1600
VSS,met4-met5,STRIPE,via,178945,125440,180545,127040,1600,via4_1600x1600
VSS,met4-met5,STRIPE,via,178945,98240,180545,99840,1600,via4_1600x1600
VSS,met4-met5,STRIPE,via,178945,71040,180545,72640,1600,via4_1600x1600
VSS,met4-met5,STRIPE,via,178945,43840,180545,45440,1600,via4_1600x1600
VSS,met4-met5,STRIPE,via,151805,261440,153405,263040,1600,via4_1600x1600
VSS,met4-met5,STRIPE,via,151805,234240,153405,235840,1600,via4_1600x1600
VSS,met4-met5,STRIPE,via,151805,207040,153405,208640,1600,via4_1600x1600
VSS,met4-met5,STRIPE,via,151805,179840,153405,181440,1600,via4_1600x1600
VSS,met4-met5,STRIPE,via,151805,152640,153405,154240,1600,via4_1600x1600
VSS,met4-met5,STRIPE,via,151805,125440,153405,127040,1600,via4_1600x1600
VSS,met4-met5,STRIPE,via,151805,98240,153405,99840,1600,via4_1600x1600
VSS,met4-met5,STRIPE,via,151805,71040,153405,72640,1600,via4_1600x1600
VSS,met4-met5,STRIPE,via,151805,43840,153405,45440,1600,via4_1600x1600
VSS,met4-met5,STRIPE,via,124665,261440,126265,263040,1600,via4_1600x1600
VSS,met4-met5,STRIPE,via,124665,234240,126265,235840,1600,via4_1600x1600
VSS,met4-met5,STRIPE,via,124665,207040,126265,208640,1600,via4_1600x1600
VSS,met4-met5,STRIPE,via,124665,179840,126265,181440,1600,via4_1600x1600
VSS,met4-met5,STRIPE,via,124665,152640,126265,154240,1600,via4_1600x1600
VSS,met4-met5,STRIPE,via,124665,125440,126265,127040,1600,via4_1600x1600
VSS,met4-met5,STRIPE,via,124665,98240,126265,99840,1600,via4_1600x1600
VSS,met4-met5,STRIPE,via,124665,71040,126265,72640,1600,via4_1600x1600
VSS,met4-met5,STRIPE,via,124665,43840,126265,45440,1600,via4_1600x1600
VSS,met4-met5,STRIPE,via,97525,261440,99125,263040,1600,via4_1600x1600
VSS,met4-met5,STRIPE,via,97525,234240,99125,235840,1600,via4_1600x1600
VSS,met4-met5,STRIPE,via,97525,207040,99125,208640,1600,via4_1600x1600
VSS,met4-met5,STRIPE,via,97525,179840,99125,181440,1600,via4_1600x1600
VSS,met4-met5,STRIPE,via,97525,152640,99125,154240,1600,via4_1600x1600
VSS,met4-met5,STRIPE,via,97525,125440,99125,127040,1600,via4_1600x1600
VSS,met4-met5,STRIPE,via,97525,98240,99125,99840,1600,via4_1600x1600
VSS,met4-met5,STRIPE,via,97525,71040,99125,72640,1600,via4_1600x1600
VSS,met4-met5,STRIPE,via,97525,43840,99125,45440,1600,via4_1600x1600
VSS,met4-met5,STRIPE,via,70385,261440,71985,263040,1600,via4_1600x1600
VSS,met4-met5,STRIPE,via,70385,234240,71985,235840,1600,via4_1600x1600
VSS,met4-met5,STRIPE,via,70385,207040,71985,208640,1600,via4_1600x1600
VSS,met4-met5,STRIPE,via,70385,179840,71985,181440,1600,via4_1600x1600
VSS,met4-met5,STRIPE,via,70385,152640,71985,154240,1600,via4_1600x1600
VSS,met4-met5,STRIPE,via,70385,125440,71985,127040,1600,via4_1600x1600
VSS,met4-met5,STRIPE,via,70385,98240,71985,99840,1600,via4_1600x1600
VSS,met4-met5,STRIPE,via,70385,71040,71985,72640,1600,via4_1600x1600
VSS,met4-met5,STRIPE,via,70385,43840,71985,45440,1600,via4_1600x1600
VSS,met4-met5,STRIPE,via,43245,261440,44845,263040,1600,via4_1600x1600
VSS,met4-met5,STRIPE,via,43245,234240,44845,235840,1600,via4_1600x1600
VSS,met4-met5,STRIPE,via,43245,207040,44845,208640,1600,via4_1600x1600
VSS,met4-met5,STRIPE,via,43245,179840,44845,181440,1600,via4_1600x1600
VSS,met4-met5,STRIPE,via,43245,152640,44845,154240,1600,via4_1600x1600
VSS,met4-met5,STRIPE,via,43245,125440,44845,127040,1600,via4_1600x1600
VSS,met4-met5,STRIPE,via,43245,98240,44845,99840,1600,via4_1600x1600
VSS,met4-met5,STRIPE,via,43245,71040,44845,72640,1600,via4_1600x1600
VSS,met4-met5,STRIPE,via,43245,43840,44845,45440,1600,via4_1600x1600
VDD,met4-met5,STRIPE,via,246795,247840,248395,249440,1600,via4_1600x1600
VDD,met4-met5,STRIPE,via,246795,220640,248395,222240,1600,via4_1600x1600
VDD,met4-met5,STRIPE,via,246795,193440,248395,195040,1600,via4_1600x1600
VDD,met4-met5,STRIPE,via,246795,166240,248395,167840,1600,via4_1600x1600
VDD,met4-met5,STRIPE,via,246795,139040,248395,140640,1600,via4_1600x1600
VDD,met4-met5,STRIPE,via,246795,111840,248395,113440,1600,via4_1600x1600
VDD,met4-met5,STRIPE,via,246795,84640,248395,86240,1600,via4_1600x1600
VDD,met4-met5,STRIPE,via,246795,57440,248395,59040,1600,via4_1600x1600
VDD,met4-met5,STRIPE,via,246795,30240,248395,31840,1600,via4_1600x1600
VDD,met4-met5,STRIPE,via,219655,247840,221255,249440,1600,via4_1600x1600
VDD,met4-met5,STRIPE,via,219655,220640,221255,222240,1600,via4_1600x1600
VDD,met4-met5,STRIPE,via,219655,193440,221255,195040,1600,via4_1600x1600
VDD,met4-met5,STRIPE,via,219655,166240,221255,167840,1600,via4_1600x1600
VDD,met4-met5,STRIPE,via,219655,139040,221255,140640,1600,via4_1600x1600
VDD,met4-met5,STRIPE,via,219655,111840,221255,113440,1600,via4_1600x1600
VDD,met4-met5,STRIPE,via,219655,84640,221255,86240,1600,via4_1600x1600
VDD,met4-met5,STRIPE,via,219655,57440,221255,59040,1600,via4_1600x1600
VDD,met4-met5,STRIPE,via,219655,30240,221255,31840,1600,via4_1600x1600
VDD,met4-met5,STRIPE,via,192515,247840,194115,249440,1600,via4_1600x1600
VDD,met4-met5,STRIPE,via,192515,220640,194115,222240,1600,via4_1600x1600
VDD,met4-met5,STRIPE,via,192515,193440,194115,195040,1600,via4_1600x1600
VDD,met4-met5,STRIPE,via,192515,166240,194115,167840,1600,via4_1600x1600
VDD,met4-met5,STRIPE,via,192515,139040,194115,140640,1600,via4_1600x1600
VDD,met4-met5,STRIPE,via,192515,111840,194115,113440,1600,via4_1600x1600
VDD,met4-met5,STRIPE,via,192515,84640,194115,86240,1600,via4_1600x1600
VDD,met4-met5,STRIPE,via,192515,57440,194115,59040,1600,via4_1600x1600
VDD,met4-met5,STRIPE,via,192515,30240,194115,31840,1600,via4_1600x1600
VDD,met4-met5,STRIPE,via,165375,247840,166975,249440,1600,via4_1600x1600
VDD,met4-met5,STRIPE,via,165375,220640,166975,222240,1600,via4_1600x1600
VDD,met4-met5,STRIPE,via,165375,193440,166975,195040,1600,via4_1600x1600
VDD,met4-met5,STRIPE,via,165375,166240,166975,167840,1600,via4_1600x1600
VDD,met4-met5,STRIPE,via,165375,139040,166975,140640,1600,via4_1600x1600
VDD,met4-met5,STRIPE,via,165375,111840,166975,113440,1600,via4_1600x1600
VDD,met4-met5,STRIPE,via,165375,84640,166975,86240,1600,via4_1600x1600
VDD,met4-met5,STRIPE,via,165375,57440,166975,59040,1600,via4_1600x1600
VDD,met4-met5,STRIPE,via,165375,30240,166975,31840,1600,via4_1600x1600
VDD,met4-met5,STRIPE,via,138235,247840,139835,249440,1600,via4_1600x1600
VDD,met4-met5,STRIPE,via,138235,220640,139835,222240,1600,via4_1600x1600
VDD,met4-met5,STRIPE,via,138235,193440,139835,195040,1600,via4_1600x1600
VDD,met4-met5,STRIPE,via,138235,166240,139835,167840,1600,via4_1600x1600
VDD,met4-met5,STRIPE,via,138235,139040,139835,140640,1600,via4_1600x1600
VDD,met4-met5,STRIPE,via,138235,111840,139835,113440,1600,via4_1600x1600
VDD,met4-met5,STRIPE,via,138235,84640,139835,86240,1600,via4_1600x1600
VDD,met4-met5,STRIPE,via,138235,57440,139835,59040,1600,via4_1600x1600
VDD,met4-met5,STRIPE,via,138235,30240,139835,31840,1600,via4_1600x1600
VDD,met4-met5,STRIPE,via,111095,247840,112695,249440,1600,via4_1600x1600
VDD,met4-met5,STRIPE,via,111095,220640,112695,222240,1600,via4_1600x1600
VDD,met4-met5,STRIPE,via,111095,193440,112695,195040,1600,via4_1600x1600
VDD,met4-met5,STRIPE,via,111095,166240,112695,167840,1600,via4_1600x1600
VDD,met4-met5,STRIPE,via,111095,139040,112695,140640,1600,via4_1600x1600
VDD,met4-met5,STRIPE,via,111095,111840,112695,113440,1600,via4_1600x1600
VDD,met4-met5,STRIPE,via,111095,84640,112695,86240,1600,via4_1600x1600
VDD,met4-met5,STRIPE,via,111095,57440,112695,59040,1600,via4_1600x1600
VDD,met4-met5,STRIPE,via,111095,30240,112695,31840,1600,via4_1600x1600
VDD,met4-met5,STRIPE,via,83955,247840,85555,249440,1600,via4_1600x1600
VDD,met4-met5,STRIPE,via,83955,220640,85555,222240,1600,via4_1600x1600
VDD,met4-met5,STRIPE,via,83955,193440,85555,195040,1600,via4_1600x1600
VDD,met4-met5,STRIPE,via,83955,166240,85555,167840,1600,via4_1600x1600
VDD,met4-met5,STRIPE,via,83955,139040,85555,140640,1600,via4_1600x1600
VDD,met4-met5,STRIPE,via,83955,111840,85555,113440,1600,via4_1600x1600
VDD,met4-met5,STRIPE,via,83955,84640,85555,86240,1600,via4_1600x1600
VDD,met4-met5,STRIPE,via,83955,57440,85555,59040,1600,via4_1600x1600
VDD,met4-met5,STRIPE,via,83955,30240,85555,31840,1600,via4_1600x1600
VDD,met4-met5,STRIPE,via,56815,247840,58415,249440,1600,via4_1600x1600
VDD,met4-met5,STRIPE,via,56815,220640,58415,222240,1600,via4_1600x1600
VDD,met4-met5,STRIPE,via,56815,193440,58415,195040,1600,via4_1600x1600
VDD,met4-met5,STRIPE,via,56815,166240,58415,167840,1600,via4_1600x1600
VDD,met4-met5,STRIPE,via,56815,139040,58415,140640,1600,via4_1600x1600
VDD,met4-met5,STRIPE,via,56815,111840,58415,113440,1600,via4_1600x1600
VDD,met4-met5,STRIPE,via,56815,84640,58415,86240,1600,via4_1600x1600
VDD,met4-met5,STRIPE,via,56815,57440,58415,59040,1600,via4_1600x1600
VDD,met4-met5,STRIPE,via,56815,30240,58415,31840,1600,via4_1600x1600
VDD,met4-met5,STRIPE,via,29675,247840,31275,249440,1600,via4_1600x1600
VDD,met4-met5,STRIPE,via,29675,220640,31275,222240,1600,via4_1600x1600
VDD,met4-met5,STRIPE,via,29675,193440,31275,195040,1600,via4_1600x1600
VDD,met4-met5,STRIPE,via,29675,166240,31275,167840,1600,via4_1600x1600
VDD,met4-met5,STRIPE,via,29675,139040,31275,140640,1600,via4_1600x1600
VDD,met4-met5,STRIPE,via,29675,111840,31275,113440,1600,via4_1600x1600
VDD,met4-met5,STRIPE,via,29675,84640,31275,86240,1600,via4_1600x1600
VDD,met4-met5,STRIPE,via,29675,57440,31275,59040,1600,via4_1600x1600
VDD,met4-met5,STRIPE,via,29675,30240,31275,31840,1600,via4_1600x1600
